topic-id,topic-name
14,Imaginary Numbers
28,The Change of Base Formula for Logarithms
29,Adding and Subtracting Matrices
30,Combining the Laws of Logarithms
31,Adding and Subtracting Complex Numbers
32,The Cyclic Property of the Imaginary Unit
33,Multiplying Complex Numbers
34,The Magnitude of a Complex Number
35,The Power Rule for Differentiation
36,Differentiating Taylor Series
37,The Power and Root Rules for Limits
38,Solving One-Step Linear Inequalities
40,Solving One-Step Multiplication and Division Equations
42,Matrices With Easy-to-Find Inverses
43,The Constant Multiple Rule for Indefinite Integrals
45,Sets
46,The Constructive Definition of a Set
47,Special Sets
48,Cardinality of Finite Sets
49,The Cartesian Product
50,Subsets
51,Power Sets
55,Indexed Sets
57,Implicit Differentiation
58,Statements and Predicates
60,"The ""And"" and ""Or"" Connectives"
63,Introduction to Algebraic Expressions
64,Evaluating Linear Expressions
65,Solving One-Step Addition and Subtraction Equations
66,Solving Two-Step Equations
67,Solving Linear Equations With Fractional Coefficients
68,Simplifying Rational Expressions
71,The Product Rule for Exponents With Algebraic Expressions
73,Fibonacci Sequences
75,Rules of Absolute Value
79,"Monomials, Binomials and Trinomials"
81,Adding and Subtracting Polynomials
84,Graphs of General Quadratic Functions
85,The Greatest Common Factor of Two Linear Expressions
86,Rationalizing Denominators With Two Terms
87,Factoring Linear Expressions
88,Multiplicities of the Roots of Polynomials
89,Factoring Trinomials
90,Comparing Numbers in Scientific Notation
92,The Cartesian Coordinate System
94,Two-Variable Linear Equations and Their Solutions
95,Graphing Linear Equations
96,Absolute Value Expressions
97,Horizontal and Vertical Lines
100,Determining Unknown Parameters in Quadratic Equations With Real Solutions
101,Solving Systems of Nonlinear Equations Using Graphs
104,Factoring Quartic Polynomials Using the Factor Theorem
107,Calculating Limits Using Trigonometric Identities
109,Subtracting Decimals
110,Multiplying Decimals by Powers of Ten Using Place Value
111,Multiplying Two-Digit Decimals
112,Properties of the Unit Circle in the First Quadrant
114,Modeling With Quadratic Equations
115,The Domain and Range of a Rational Function
116,Solving Radical Equations
117,Vertical Reflections of Quadratic Functions
118,Solving Quadratic Inequalities Using the Sign Table Method
121,Evaluating Expressions With Positive Integer Exponents
122,Products and Factors
125,Exponents With Rational Bases
126,Estimating Means and Variances For Grouped Data
130,Experimental Probability
131,Compound Events in Probability From Experimental Data
132,Computing Probabilities Using Combinatorics
133,Roots of Rational Functions
134,Collecting Like Terms in Linear Expressions
135,Applying the Distributive Law With Linear Expressions
136,Approximating Solutions to Systems of Linear Equations
137,Distributing the Negative Sign in a Linear Expression
138,Simplifying Linear Expressions Using the Distributive Law
140,The Arithmetic of Functions
141,Finding Points on Transformed Curves
142,Creating Exponential Decay Expressions
146,Scalar Multiplication of Matrices
147,Multiplying Square Matrices
148,Systems of Equations as Augmented Matrices
149,Elementary Row Operations
151,Solving 2x2 Systems of Equations Using Gaussian Elimination
152,The Determinant of a 2x2 Matrix
153,The Determinant of a 3x3 Matrix
154,Calculating the Inverse of a 3x3 Matrix Using the Cofactor Method
155,Representing 3x3 Systems of Equations Using a Matrix Product
157,The Complex Plane
159,Solving Equations by Equating Real and Imaginary Parts
160,Conditional Probabilities From Tables
161,The Rules of Sum and Product
165,Piecewise Functions
166,Extending the Trigonometric Ratios to Negative Angles
167,Negative Angles in the Coordinate Plane
168,The Law of Sines
169,The Law of Cosines
175,Addition and Scalar Multiplication of Cartesian Vectors in 3D
176,Calculating the Magnitude of Cartesian Vectors in 2D
177,Calculating the Dot Product Using Components
178,Inequalities
183,Independent Events
203,Simplifying Expressions Using Basic Trigonometric Identities
204,Extending the Trigonometric Ratios Using the Unit Circle
205,Alternate Forms of the Pythagorean Identity
206,Vertical Translations of Trigonometric Functions
207,Simplifying Expressions Using the Pythagorean Identity
209,Evaluating Expressions Containing Inverse Trigonometric Functions
226,Solving Logarithmic Equations
227,Dividing Complex Numbers
230,De Morgan's Laws for Logic
232,The Transpose of a Matrix
233,The Minors of a 3x3 Matrix
235,Subtracting Mixed Numbers With Like Denominators
236,Units of Length
237,Continuously Compounded Interest
239,Interval Notation
240,Partitions of Sets
241,Calculating the Direction of Cartesian Vectors in 2D
242,Calculating the Components of Cartesian Vectors in 2D
243,Calculating the Dot Product Using Angle and Magnitude
244,Addition and Scalar Multiplication of Cartesian Vectors in 2D
245,Calculating the Cross Product Using Determinants
246,The Cross Product of Two Vectors
247,Logical Equivalence with Conditional Statements
248,Biconditional Statements
249,Tautologies and Contradictions
250,Conditional Statements
251,Translating Between Logical and Set Operations
252,"Converse, Inverse, and Contrapositive"
253,Proving Properties of Modular Congruence
254,Proving Distributive Properties of the Cartesian Product
258,Two-Digit by Two-Digit Multiplication
259,Graphing Reflections of Trigonometric Functions
260,Confidence Intervals for One Mean: Known Population Variance
261,Coterminal Angles
262,30-60-90 Triangles
263,Isosceles Right Triangles
264,Simplifying Trigonometric Expressions Using Cofunction Identities
265,The Standard Normal Distribution
266,Solving Rational Equations Using the Flip Method
267,The Product Rule for Exponents
268,Finding Trigonometric Ratios of Special Angles Using the Unit Circle
269,Finding Trigonometric Ratios of Quadrantal Angles
270,The Sum and Difference Formulas for Sine
271,The Double-Angle Formula for Sine
273,The Sum and Difference Formulas for Tangent
274,The Sum and Difference Formulas for Cosine
275,Combining Graph Transformations of Sine and Cosine
278,The Sum and Constant Multiple Rules for Differentiation
280,Differentiating Trigonometric Functions
281,Second and Higher-Order Derivatives
282,Integration Using Basic Trigonometric Identities
283,The Fundamental Theorem of Calculus
284,Calculating Velocity for Straight-Line Motion Using Differentiation
285,Integrating Trigonometric Functions
287,Calculating Related Rates With Circles and Spheres
288,The Mean Value Theorem
290,The Floor and Ceiling Functions
291,Differentiating an Inverse Function at a Point
292,Special Limits Involving Cosine
294,Logarithmic Differentiation
296,Interpreting the Meaning of the Derivative in Context
297,Subtracting a Negative Number
298,Multiplying Positive Numbers With Negative Numbers
299,Multiplying and Dividing With Zero
303,Differentiating Inverse Trigonometric Functions
304,Integrating Hyperbolic Functions
305,The Chain Rule With Trigonometric Functions
308,The Antiderivative
311,Finding Areas Between Curves that Intersect at More Than Two Points
312,Integrating Exponential Functions
313,Global vs. Local Extrema and Critical Points
314,Defining Continuity at a Point
315,Integration by Substitution With Inverse Trigonometric Functions
316,Further Integration of Algebraic Functions Using Substitution
317,Introduction to Integration by Parts
322,The Zeroth Power
323,Fractions of Fractions
324,Conditional Probabilities From Venn Diagrams
326,Adding Decimals
327,Subtracting a Positive Number From a Smaller Positive Number
328,Adding a Negative Number
329,Adding a Positive Number to a Negative Number
330,Dividing With Negative Numbers
331,Integrating Linear Rational Functions Using Substitution
332,Calculating the Slope of a Tangent Line Using Differentiation
333,The Integral as an Accumulation Function
334,Integrating Algebraic Functions Using Substitution
335,Calculating the Position Function of a Particle Using Integration
336,The Average Rate of Change of a Function
337,The Instantaneous Rate of Change of a Function at a Point
338,Integrating Functions Using Polynomial Division
339,The Second Derivative Test
340,Maclaurin Series
341,Removing Point Discontinuities
342,Integration Using Inverse Trigonometric Functions
343,Solving Linear Equations With Variables on Both Sides
344,Further Logarithmic Differentiation
345,Calculating Related Rates Using the Pythagorean Theorem
346,Calculating Related Rates With Cones
347,Intersections of Intervals
349,The Distributive Law for Polynomials
350,Compound AND Inequalities
352,Factoring Perfect Square Trinomials
353,Factoring Polynomials Using GCFs
354,Solving Many-Variable Equations
355,Splitting Rational Expressions Into Separate Terms
356,Solving Two-Variable Equations
359,The Central Limit Theorem
360,Squaring Binomials
361,Multiplying Polynomials
362,The Power Rule for Exponents With Algebraic Expressions
363,Intervals of Concavity
364,The Candidates Test
365,Calculating Related Rates With Rectangular Solids
367,Calculating Related Rates Using Similar Triangles
368,Calculating Related Rates With Squares
369,Calculating Related Rates Using Trigonometry
370,Factoring Differences of Squares
371,Multiplying Binomials
372,Factoring Trinomials With Leading Coefficients
374,The Quotient Rule for Exponents With Algebraic Expressions
375,Solving Quadratic Equations by Factoring
376,The Square Root of a Perfect Square With Algebraic Expressions
378,Evaluating Logarithms
379,Converting From Exponential to Logarithmic Form
380,Writing Radical Expressions Using Fractional Exponents
381,The Cube Root of a Perfect Cube With Algebraic Expressions
382,Factoring Perfect Square Trinomials With Leading Coefficients
383,Three-Digit by Three-Digit Multiplication
384,Absolute Value Equations
385,Equations Connecting Absolute Value and Linear Functions
387,Verifying Solutions of Linear Inequalities
388,Solving Compound Inequalities
389,Simplifying Square Root Expressions Using the Product Rule
390,Simplifying Square Root Expressions Using the Quotient Rule
391,Solving Exponential Equations
393,Solving Quadratic Equations with No Constant Term
394,Solving Quadratic Equations Using a Difference of Squares
395,The Area Between Curves Expressed as Functions of X
396,Calculating Slopes of Straight Lines
398,Properties of Lines Given in Slope-Intercept Form
402,The Area Between Curves Expressed as Functions of Y
408,Calculating the Intersection of Two Lines
410,Solving Systems of Nonlinear Equations
411,Finding Intersections of Lines and Radical Functions
413,Volumes of Revolution Using the Disc Method: Rotation About the Coordinate Axes
414,Volumes of Revolution Using the Washer Method: Rotation About the Coordinate Axes
415,The Shell Method: Rotating a Region About the X-Axis
416,Applying the Integration By Parts Twice
418,Equations of Lines in Point-Slope Form
419,Solving Quadratic Equations by Completing the Square
421,Corresponding Angles
422,The Quadratic Formula
423,Simplifying Rational Expressions by Factoring
424,Integration by Parts in Cyclic Cases
425,The Discriminant of a Quadratic Equation
426,Modeling With Linear Equations
427,Dividing Polynomials Using Long Division
428,Factoring Cubic Expressions by Grouping
430,Solving Equations Using the Square Root Method
431,Second Derivatives of Parametric Equations
433,The Pythagorean Theorem
434,Finding Intersections of Lines and Reciprocal Functions
435,Multiplying Rational Expressions
436,Dividing Rational Expressions
437,Adding and Subtracting Rational Expressions
440,Rational Equations With Three Terms
441,Factoring Sums and Differences of Cubes
443,Integration Using Substitution
444,Integrating Functions by Completing the Square
445,Integrating Rational Functions Using Partial Fractions
446,Integrating Rational Functions with Repeated Factors
447,Integrating Rational Functions with Irreducible Quadratic Factors
448,Simplifying Square Root Expressions Using Polynomial Factorization
450,Completing the Square
451,Absolute Value Inequalities
452,Vertical Reflections of Absolute Value Graphs
453,Graphing Elementary Quadratic Functions
454,Graphing the Cube Root Function
455,Combining Graph Transformations of Reciprocal Functions
456,Vertical Translations of Exponential Decay Functions
457,Converting From Logarithmic to Exponential Form
458,Unions of Intervals
459,The Distance Formula
460,The Circumference of a Circle
461,The Finite Limit of a Function
462,Determining Continuity from Graphs
463,L'Hopital's Rule
464,Quadratic Equations with Purely Imaginary Solutions
466,Solving First-Order ODEs Using Separation of Variables
468,Solving Quadratic Inequalities From Graphs
469,Determining the Roots of Polynomials
470,Introduction to Functions
472,The Left and Right-Sided Limits of a Function
473,The Squeeze Theorem
474,Left and Right Continuity
475,Defining Vector-Valued Functions
477,Approximating Areas With the Left Riemann Sum
478,Integrating Trigonometric Functions Using Substitution
479,Circles Inscribed in Squares
480,Solving Polynomial Equations Using the GCF
481,Solving Biquadratic Equations
483,Combining Geometric Transformations
484,Adding and Subtracting Radicals
485,Midpoints in the Coordinate Plane
487,Solving Systems of Equations by Substitution
488,Multiplying Whole Numbers Ending in Zeros
490,Similarity and Similar Polygons
491,Similarity Transformations
493,Systems of Equations With No Solutions and Infinitely Many Solutions
494,Problem Solving With Circles
496,Interior Angles of Triangles
497,Inscribed Angles
502,Properties of Congruence
503,The Triangle Proportionality Theorem
504,Surface Areas and Volumes of Similar Solids
505,Angles in Inscribed Right Triangles
506,Inscribed Quadrilaterals
508,Proving Triangle Theorems
510,Trigonometric Functions of Complementary Angles
512,The Distance Formula in Three Dimensions
513,Trigonometric Ratios in Similar Right Triangles
514,Tangent-Tangent Lines to Circles
516,Trigonometric Ratios With Radians
517,Thales' Theorem
521,Segment Bisectors and the Perpendicular Bisector Theorem
524,Additive Inverses of Numbers
525,Subtracting Mixed Numbers With Unlike Denominators Using Improper Fractions
526,The Shortest Distance Between a Point and a Line
527,Partitioning Line Segments
528,Dividing Unit Fractions by Whole Numbers Using Models
529,Dividing Whole Numbers by Unit Fractions Using Models
530,Dividing Unit Fractions by Whole Numbers
531,The SSS Congruence Criterion
532,The ASA Congruence Criterion
533,Dividing Whole Numbers by Unit Fractions
534,Introduction to Ratios
535,Two-Digit by One-Digit Division
536,Three-Digit by One-Digit Division
537,Dividing by Two-Digit Numbers With Remainders by Connecting Multiplication and Division
538,Comparing Fractions
539,Adding Fractions and Whole Numbers
540,Four-Digit by One-Digit Division
541,Multi-Digit by Two-Digit Division Using Partial Quotients
542,Proofs Involving Isosceles Triangles
543,Adding Fractions and Whole Numbers Using Models
544,Subtracting Fractions and Whole Numbers Using Models
545,Subtracting Fractions and Whole Numbers
547,Division of Whole Numbers With Decimal Quotients and Rounding
548,Estimating Decimal Division
549,Dividing Decimals Using the Standard Algorithm
550,Central Angles and Arcs
551,Dividing Decimals Using Place Value Strategies
552,Writing Ratios Using Fractions
553,Equivalent Ratios
554,Ratio Tables
555,Approximating Ratios
556,Tape Diagrams
557,Unit Rates
558,Solving Problems Using Unit Rates
559,Comparing Ratios
560,Analyzing Two-Variable Equations Using Graphs
561,Graphing Ratios
562,Understanding Percentages Using Models
563,Reasoning With Equivalent Ratios
564,Multiplying Unit Fractions by Whole Numbers Using Models
565,Multiplying Fractions by Unit Fractions Using Models
566,Multiplying Fractions by Whole Numbers: Word Problems
567,Multiplying Fractions: Word Problems
568,Interpreting Fraction Division Using Area Models
569,Connecting Fraction Multiplication and Area
570,Classifying Quadrilaterals
571,Fraction Multiplication Number Sense
572,Finding Areas Using Fraction Multiplication
573,Distances Between Points in the Coordinate Plane
575,Areas of Right Triangles
576,Finding Areas of Polygons Using Decomposition
577,Dilations of Figures in the Coordinate Plane
578,Tangent Lines to Circles
579,Secant-Secant Angles to Circles
580,Secant-Tangent Angles to Circles
582,The AAS Congruence Criterion
589,Evaluating Numerical Expressions Containing Radicals
596,Calculating Areas of Circular Sectors
597,Calculating Arc Lengths of Circular Sectors
599,Rationalizing Denominators of Algebraic Expressions
602,Euler's Method: Calculating One Step
604,Calculating Limits of Radical Functions Using Conjugate Multiplication
605,Limits of Absolute Value Functions
606,Special Limits Involving Sine
607,Evaluating Limits at Infinity by Comparing Relative Magnitudes of Functions
609,The Trigonometric Ratios
610,Calculating Angles in Right Triangles Using Trigonometry
611,The Reciprocal Trigonometric Ratios
612,Continuity Over an Interval
613,The Second Fundamental Theorem of Calculus
614,Second-Order Homogeneous ODEs: Characteristic Equations With Distinct Real Roots
616,Evaluating Limits at Infinity of Radical Functions
620,Rates of Change in Applied Contexts
621,Approximating Functions Using Local Linearity and Linearization
622,Approximating the Roots of a Number Using Local Linearity
623,Approximating Trigonometric Functions Using Local Linearity
624,Interpreting the Graph of a Function's Derivative
625,Finding the Existence of a Limit Using One-Sided Limits
626,Definite Integrals of Piecewise Functions
627,Calculating the Inverse of a Function
629,Calculating Side Lengths of Right Triangles Using Trigonometry
631,Visual Representations of Functions
632,Properties of Definite Integrals Involving the Limits of Integration
633,Calculating Trigonometric Ratios Using the Pythagorean Theorem
634,Combining Graph Transformations: Three or More Operations
636,Calculating the Total Distance Traveled by a Particle
637,Recognizing Derivatives in Limits
638,Removing Jump Discontinuities
640,Estimating Derivatives Using a Central Difference Quotient
641,Modeling With Trigonometry
642,Mathematical Induction
643,Identifying Terms in Linear Expressions
644,Identifying Like Terms in Linear Expressions
645,Identifying Coefficients and Constants
646,Proving Divisibility Using Induction
647,Solving Multiple Right Triangles Using Trigonometry
648,Finding Displacement Vectors in Two Dimensions Using Integration
649,Inhibited Decay Models With First-Order ODEs
650,Differential Operators
651,Solving Linear Equations by Clearing a Rational Expression
652,Powers of Negative One
653,Modeling With Linear Equations in Two Variables
654,Graph Transformations of Tangent and Cotangent
655,Introduction to Polynomials
657,The Degree of a Polynomial
660,Factoring Higher-Order Polynomials as a Difference of Squares
661,Roots of Quadratic Functions
665,Graphing Strict Two-Variable Linear Inequalities
666,Determining Circle Properties by Completing the Square
667,Arithmetic Sequences
668,The Nth Term of an Arithmetic Sequence
669,Finding the Common Difference of an Arithmetic Sequence
670,Solving for Variables in Arithmetic Sequences
672,Determining Indexes of Terms in Arithmetic Sequences
673,Sigma Notation
674,Surface Areas of Rectangular Solids
675,Finding the Sum of an Arithmetic Series
676,Calculating the Number of Terms in an Arithmetic Series
677,Finding the First Term of an Arithmetic Series
678,Modeling With Arithmetic Series
679,Introduction to Geometric Sequences
680,The Nth Term of a Geometric Sequence
681,Surface Areas of Cubes
684,Convergence of Geometric Series
685,Determining Indexes of Terms in Geometric Sequences
686,Writing an Infinite Geometric Series in Sigma Notation
688,Modeling Downwards Vertical Motion
689,Repeating Decimals as Infinite Geometric Series
690,Sums of Finite Geometric Series Given in Sigma Notation
691,Finding the Sum of an Infinite Geometric Series
692,The Sum of the First N Terms of a Geometric Series
695,Working With the Generalized Binomial Theorem
696,Extending Polynomial Identities to the Complex Numbers
698,Solving Rational Equations Using Cross-Multiplication
701,"Revenue, Cost, and Profit Functions"
703,Permutations
704,The Axis of Symmetry of a Parabola
705,Combinations
708,Advanced Rational Equations
709,Single Events in Probability
710,Geometric Probability
711,The Z-Score
712,Strong Induction and Recurrence Relations
714,Computing Probabilities for Three Events Using Venn Diagrams
715,The Multiplication Law for Conditional Probability
724,The Fundamental Theorem of Algebra for Quadratic Equations
725,Even and Odd Functions
726,The Common Logarithm
727,Solving Cubic Equations by Grouping
728,Dividing Polynomials Using Synthetic Division
729,Vieta's Formulas
730,Expected Values of Discrete Random Variables
733,Equations of Hyperbolas Centered at a General Point
734,Linear Correlation
735,Complex Numbers
736,Selecting a Regression Model
738,Identifying a Rational Function From a Graph
739,Tree Diagrams for Dependent Events
740,The Addition Law of Probability
742,Introduction to the Elimination Method
743,The Nth Term Test for Divergence
744,The Integral Test
745,The Comparison Test
746,The Ratio Test
747,The Alternating Series Test
748,Absolute and Conditional Convergence
749,The Root Test
750,The Limit Comparison Test
752,Using Differentiation to Calculate Critical Points
753,Introduction to Inverse Functions
754,The Range of a Function
755,Finding Lowest Common Multiples Using Prime Factorization
756,Graphs of Inverse Functions
757,The Rational Roots Theorem
758,Improper Integrals
759,Improper Integrals of the Second Kind
760,The Arc Length of a Planar Curve
762,Calculating Velocity Using Integration
763,Calculating Velocity for Plane Motion Using Differentiation
764,Introduction to Radians
765,Special Trigonometric Ratios
766,The Triangle Inequality
773,The Law of Total Probability
774,Factorials
775,Ordering Objects
776,Combining Graph Transformations of Secant and Cosecant
778,Properties of Transformed Secant and Cosecant Functions
779,Expressing an Arithmetic Series in Sigma Notation
781,Proving Matrix Identities Using Induction
784,Horizontal Stretches of Trigonometric Functions
786,Finite Linear Series
787,Finite Quadratic Series
788,Modeling With the Normal Distribution
789,Finite Cubic Series
790,Absolute Value Graphs
791,The Continuous Uniform Distribution
793,Venn Diagrams in Probability
794,Computing Probabilities for Compound Events Using Venn Diagrams
798,Differentiating Parametric Curves
799,Calculating Tangent and Normal Lines with Parametric Equations
802,The Domain of a Function
803,Graphing Curves Defined Parametrically
804,Finding Intercepts of Curves Defined Parametrically
806,Parametric Equations of Circles
807,Vertical Asymptotes of Rational Functions
808,Horizontal Asymptotes of Rational Functions
811,Finding Greatest Common Factors Using Prime Factorization
812,Defining the Derivative Using Derivative Notation
813,Introduction to Quadratic Equations
814,The Vertex Form of a Parabola
817,Vertical Translations of Exponential Growth Functions
818,The Natural Logarithm
824,Calculating Acceleration for Straight-Line Motion Using Differentiation
825,Calculating Acceleration for Plane Motion Using Differentiation
826,Finding Velocity Vectors in Two Dimensions Using Integration
829,Prime Factors
830,Verifying Trigonometric Identities Using the Double-Angle Formula for Sine
831,The Double-Angle Formula for Cosine
832,Verifying Trigonometric Identities Using the Double-Angle Formulas for Cosine
837,Parallel Lines in the Coordinate Plane
839,Equations of Lines in Standard Form
840,Prime and Composite Numbers
842,Equations of Circles Centered at the Origin
843,Equations of Circles
844,Calculating Circle Intercepts
845,Intersections of Circles with Lines
846,The Factor Theorem
847,The Remainder Theorem
848,Equations of Ellipses Centered at the Origin
849,Equations of Ellipses Centered at a General Point
850,Finding Intercepts of Ellipses
851,Finding Intersections of Ellipses and Lines
852,Finding the Center and Axes of Ellipses by Completing the Square
853,Introduction to Ellipses
854,Simplifying Expressions Using the Double-Angle Formula for Tangent
858,Using the Double-Angle Formula for Sine With the Pythagorean Theorem
860,Harmonic Series and p-Series
861,Introduction to Matrices
862,"Zero, Square, Diagonal and Identity Matrices"
863,Introduction to the Inverse of a Matrix
864,Inverses of 2x2 Matrices
865,Introduction to Linear Transformations
866,Linear Transformations of Objects in the Plane
867,Dilations and Reflections as Linear Transformations
870,Solving Equations Containing the Exponential Function
871,Equations of Hyperbolas Centered at the Origin
872,Asymptotes of Hyperbolas Centered at the Origin
873,Parametric Equations of Horizontal Hyperbolas
874,Finding Intercepts and Intersections of Hyperbolas
875,Parametric Equations of Parabolas
876,Exponential Growth and Decay Models With First-Order ODEs
877,Solving First-Order Linear ODEs Using Integrating Factors
878,Homogeneous First-Order ODEs
879,Second-Order Homogeneous ODEs: Characteristic Equations With Repeated Roots
880,Second-Order Homogeneous ODEs: Characteristic Equations With Complex Roots
881,Second-Order Inhomogeneous ODEs With Polynomial Forcing
882,Second-Order Inhomogeneous ODEs With Exponential Forcing
883,Second-Order Inhomogeneous ODEs With Sinusoidal Forcing
884,Recognizing Standard Maclaurin Series
885,Representing Functions as Power Series
886,Approximating Integrals Using Taylor Series
888,Verifying Trigonometric Identities Using the Double-Angle Formula for Tangent
890,Modeling Using Systems of Linear Equations
892,The Complex Conjugate
893,The Argument of a Complex Number
894,The Polar Form of a Complex Number
895,Solving Quadratic Equations With Complex Roots
896,The Fundamental Theorem of Algebra with Cubic Equations
897,The Fundamental Theorem of Algebra with Quartic Equations
898,Euler's Formula
905,Special Properties of the Complex Conjugate
906,Introduction to First-Order Linear ODEs
907,Linear Maps Between Two Different Vector Spaces
908,Consecutive Integer Problems
909,"Speed, Distance, Time Problems"
912,Newton's Method
913,Elementary Trigonometric Equations Containing Sine
914,Elementary Trigonometric Equations Containing Cosine
915,Elementary Trigonometric Equations Containing Tangent
918,The Bivariate Normal Distribution
919,Trigonometric Equations Containing Transformed Sine Functions
921,Trigonometric Equations Containing Transformed Cosine Functions
923,Trigonometric Equations Containing Transformed Tangent Functions
925,De Moivre's Theorem
926,Finding Powers of Complex Numbers Using De Moivre's Theorem
927,Proving Inequalities Using Induction
928,The Power-Reducing Formulas for Sine and Cosine
931,Right-Angle Rotations as Linear Transformations
932,Rotations as Linear Transformations
933,Combining Linear Transformations Using 2x2 Matrices
934,Solving 2x2 Systems of Equations Using Inverse Matrices
935,Introduction to Polar Coordinates
936,Converting from Polar Coordinates to Cartesian Coordinates
937,Polar Equations of Circles Centered at the Origin
942,Closure Properties of Polynomials
944,Approximating Areas With the Midpoint Riemann Sum
945,Approximating Areas With the Trapezoidal Rule
947,Solving Trigonometric Equations Using the Sin-Cos-Tan Identity
948,Indicator Functions
949,Quadratic Trigonometric Equations Containing Sine or Cosine
950,Introduction to Graphs
951,"Walks, Trails, Paths, and Distances"
953,Quadratic Trigonometric Equations Containing Tangent or Cotangent
954,The Degree of a Vertex
962,Modeling Work Problems
963,Modeling Coin Problems Using Systems of Linear Equations
965,Comparing Rational Numbers
966,Combining Congruence Criteria for Triangles
967,The Hyperbolic Functions
969,The Inverse Hyperbolic Functions
971,Extending the Law of Total Probability
972,Solving Equations Containing Hyperbolic Functions
973,The Area of an Ellipse
981,Infinite Series and Partial Sums
982,Convergent and Divergent Infinite Series
983,Properties of Infinite Series
984,Radius of Convergence of Power Series Centered at the Origin
986,Calculating the Equation of a Tangent Line Using Differentiation
987,Calculating the Equation of a Normal Line Using Differentiation
988,Inverting Linear Transformations
989,Area Scale Factors of Linear Transformations
990,Calculating the Eigenvalues of a 2x2 Matrix
991,Calculating the Eigenvectors of a 2x2 Matrix
992,Estimating Derivatives Using a Forward Difference Quotient
993,Estimating Derivatives Using a Backward Difference Quotient
997,The Arc Length of a Parametric Curve
998,Differentiating Curves Given in Polar Form
999,The Arc Length of a Polar Curve
1000,Finding the Area of a Polar Region
1001,The Area Bounded by Two Polar Curves
1004,Solving Inequalities Involving Geometric Sequences
1007,The Chain Rule With Exponential Functions
1016,The Sum of a Finite Geometric Series
1017,Writing Geometric Series in Sigma Notation
1018,Solving Geometric Series Problems Using Exponential Equations and Inequalities
1019,Modeling With Geometric Series
1020,Sums of Infinite Geometric Series Given in Sigma Notation
1021,Modeling Mixture Problems
1023,Solving Systems of Equations Using Inverse Matrices
1024,Solving Problems Using the Four Operations on Rational Numbers
1026,Foci of Ellipses
1027,Vertices and Eccentricity of Ellipses
1028,Directrices of Ellipses
1029,Asymptotes of Hyperbolas Centered at a General Point
1030,Foci of Hyperbolas
1031,Eccentricity and Vertices of Hyperbolas
1032,Transverse Axes of Hyperbolas
1033,Directrices of Hyperbolas
1035,Volumes of Pyramids
1036,The Chain Rule With Logarithmic Functions
1037,Integration Using the Pythagorean Identities
1038,Integration Using the Double-Angle Formulas
1040,The Area Bounded by a Curve and the X-Axis
1041,The Area Bounded by a Curve and the Y-Axis
1042,Left and Right Riemann Sums in Sigma Notation
1043,Calculating Areas Bounded by Parametric Functions
1044,Introduction to Related Rates
1045,Systems of Linear Equations With Fractional Coefficients
1046,Points of Inflection
1047,Solving Systems of Equations Using Back Substitution
1048,Solving 3x3 Systems of Equations Using Gaussian Elimination
1049,Reduced Row Echelon Form
1056,The Linear Correlation Coefficient
1057,Linear Regression
1058,Quadratic Regression
1059,Semi-Log Scatter Plots
1060,Expressing Rational Functions as Sums of Partial Fractions
1061,Solving First-Order ODEs Using Direct Integration
1062,Expressing Rational Functions with Repeated Factors as Sums of Partial Fractions
1063,Expressing Rational Functions with Irreducible Quadratic Factors as Sums of Partial Fractions
1068,Surface Areas of Pyramids
1076,Writing Sums of Trigonometric Functions in Amplitude-Phase Form
1079,"Average Position, Velocity, and Acceleration"
1080,The Lagrange Error Bound
1081,Systems of Linear Equations With Decimal Coefficients
1082,Volumes of Revolution Using the Washer Method: Rotation About Other Axes
1083,Volumes of Solids with Square Cross Sections
1084,The Shell Method: Rotation About the Y-Axis
1085,Integrating Vector-Valued Functions
1086,Defining Definite Integrals Using Left and Right Riemann Sums
1087,Limits of Sequences
1088,Convergence of Geometric Sequences
1089,Limits of Sequences With Factorials
1096,Monotonic Sequences
1100,The Triangle Law for the Addition of Two Vectors
1101,The Magnitude of a Vector
1102,Problem Solving Using Vector Diagrams
1103,Parallel Vectors
1104,Unit Vectors
1105,Linear Combinations of Vectors and Their Properties
1106,Describing the Position Vector of a Point Using Known Vectors
1107,Introduction to Vectors
1108,The Chain Rule for Differentiation
1109,The Product Rule for Differentiation
1110,The Quotient Rule for Differentiation
1112,Integrating Exponential Functions Using Linear Substitution
1114,Differentiating Exponential Functions
1115,Selecting Procedures for Calculating Derivatives
1116,Differentiating Logarithmic Functions
1117,Calculating Derivatives From Graphs
1120,The Complement of an Event
1121,Sample Spaces and Events in Probability
1124,Left and Right Opening Parabolas
1125,Upward and Downward Opening Parabolas
1128,The Vertex of a Parabola
1129,Calculating the Focus of a Parabola
1130,Calculating the Directrix of a Parabola
1131,Solving Problems Using Addition and Subtraction of Rational Numbers
1132,Calculating Intercepts of Parabolas
1134,Intersections of Parabolas With Lines
1135,Writing Numbers in Scientific Notation
1136,Converting Scientific Notation to Standard Notation
1137,Multiplying Numbers in Scientific Notation
1138,Dividing Numbers in Scientific Notation
1140,Using Integration by Parts to Calculate Integrals With Logarithms
1141,The Tabular Method of Integration by Parts
1144,Volumes of Cylinders
1145,Volumes of Right Cones
1146,Volumes of Spheres
1148,Volumes of Revolution
1149,Absolute Value Graph Transformations
1150,Vertical Reflections of Functions
1153,Exponential Functions
1154,Mutually Exclusive Events
1155,The Focus-Directrix Property of a Parabola
1156,Expanding a Binomial Using Binomial Coefficients
1157,Expanding Binomials Using Pascal's Triangle
1158,Approximating Values Using the Binomial Theorem
1159,Calculating Definite Integrals Using Substitution
1161,Integrating Logarithmic Functions Using Substitution
1163,Logistic Growth Models With First-Order ODEs
1164,Reducing ODEs to First-Order Linear by Substitution
1165,Two-Dimensional Vectors Expressed in Component Form
1166,Three-Dimensional Vectors in Component Form
1167,Index Notation for Matrices
1168,Properties of Matrix Addition
1169,The Geometric Interpretation of the 2x2 Determinant
1170,Finding Volumes of Tetrahedrons and Pyramids Using Vector Products
1171,Multiplying a Matrix by the Identity Matrix
1172,Selecting Procedures for Analyzing Infinite Series
1173,The Remainder Estimate for the Integral Test
1174,The Alternating Series Error Bound
1176,Telescoping Series
1177,Second-Degree Taylor Polynomials
1179,Solving First-Order IVPs Using Separation of Variables
1181,Verifying Solutions of Differential Equations
1183,Circles in the Coordinate Plane
1184,Perpendicular Bisectors of Diameters in the Coordinate Plane
1185,Perpendicular Bisectors of Chords
1187,Thales' Theorem in the Coordinate Plane
1188,Equations of Tangent Lines to Circles
1189,The Generalized Binomial Theorem
1191,Determining Ranges of Validity for Generalized Binomial Expansions
1192,Approximating Values Using the Generalized Binomial Theorem
1195,Multiplying a Matrix by a Column Vector
1196,Multiplying Matrices
1197,Areas of Similar Polygons
1198,Conformability for Matrix Multiplication
1200,Calculating the Definite Integral of a Function Given Its Graph
1201,Calculating the Definite Integral of a Function's Derivative Given its Graph
1203,The Average Value of a Function
1204,Sketching the Derivative of a Function From the Function's Graph
1206,Sketching a Function From the Graph of its Derivative
1207,Sketching a Function Given Some Derivative Properties
1208,The Average Rate of Change of a Function over a Varying Interval
1210,L'Hopital's Rule Applied to Tables
1211,Solving Optimization Problems Using Derivatives
1212,Optimization Problems Involving Sectors of Circles
1213,Optimization Problems Involving Boxes and Trays
1214,Optimization Problems Involving Cylinders
1216,Optimizing Distances
1217,Optimization Problems With Inscribed Shapes
1218,Optimization Problems in Economics
1219,Modeling Using the Law of Sines
1222,Third-Degree Taylor Polynomials
1223,The Quotient Rule for Exponents
1224,The Power Rule for Exponents
1225,Removing Discontinuities From Rational Functions
1226,Recursive Sequences
1230,Maximizing a Function Using the Graph of Its Derivative
1231,Products of Complex Numbers Expressed in Polar Form
1232,Quotients of Complex Numbers Expressed in Polar Form
1234,Square Roots of Complex Numbers
1236,The CIS Notation
1240,Equations of Lines in Slope-Intercept Form
1244,Stretches of Absolute Value Graphs
1245,Determining Limits of Sequences Using Relative Magnitudes
1246,The Product and Quotient Rules for Limits
1248,Volumes of Solids with Rectangular Cross Sections
1249,Calculating Derivatives From Data and Tables
1250,Minimizing a Function Using the Graph of its Derivative
1251,Vertical Translations of Functions
1252,Vertical Stretches of Functions
1254,Combining Graph Transformations: Two Operations
1255,Cartesian Equations of Parametric Curves
1257,Finding Intersections of Parametric Curves and Lines
1258,General Solutions of Elementary Trigonometric Equations
1259,General Solutions of Trigonometric Equations With Transformed Functions
1260,Subgraphs and Graph Complements
1262,Limits of Piecewise Functions
1263,Limits at Infinity of Polynomials
1264,Surface Integrals Over Cartesian Surfaces
1270,Polar Equations of Circles Centered on the Coordinate Axes
1274,Finding Intersections of Polar Curves
1275,The Area of a General Triangle
1276,Volumes of Solids with Triangular Cross Sections
1277,Calculating the Magnitude of Cartesian Vectors in 3D
1278,The Angle Between Two Vectors
1280,Volumes of Solids with Circular Cross Sections
1281,Approximating Areas With the Right Riemann Sum
1282,Calculating Derivatives From Data Using the Chain Rule
1284,Trees and Forests
1285,Calculating a Scalar Projection
1286,The Scalar Triple Product
1287,Volumes of Parallelepipeds
1289,The Power of Quotient Rule for Exponents
1290,Probability Mass Functions of Discrete Random Variables
1295,Calculating a Vector Projection
1296,Directed Acyclic Graphs
1297,Equivalent Expressions With Fractions
1299,Finding Areas Using the Cross Product
1317,Polygons
1318,Rationalizing Denominators
1319,Interior Angles of Polygons
1320,Modeling With Two-Variable Linear Inequalities
1321,Exterior Angles of Polygons
1322,Regular Polygons
1331,The Power of Product Rule With Algebraic Expressions
1335,The Rule of the Lazy Statistician
1341,Permutations With Repetition
1342,K Permutations of N With Repetition
1343,Combinations With Repetition
1344,The Inclusion-Exclusion Principle
1345,Finding the Limits of Integration For a Given Polar Region
1346,Finding the Nth Term of an Arithmetic Sequence Given Two Terms
1347,Probability Density Functions of Continuous Random Variables
1351,Singular Linear Transformations in the Plane
1352,Areas of Rectangles and Squares
1353,Areas of Trapezoids
1354,Properties of Parallelograms
1357,Proving Congruence Statements
1358,Shear and Stretch as Linear Transformations
1359,Determining Intervals on Which a Function Is Increasing or Decreasing
1360,Using the First Derivative Test to Classify Local Extrema
1361,Integrating the Reciprocal Function
1362,Differentiating Hyperbolic Functions
1363,Combining Stretches of Geometric Figures
1365,The AA Similarity Criterion
1366,The SAS Similarity Criterion
1367,Side Lengths and Angle Measures of Similar Polygons
1373,Solving 2x2 Singular Systems of Equations Using Gaussian Elimination
1374,Solving 3x3 Singular Systems of Equations Using Gaussian Elimination
1375,The Eigenvalues and Eigenvectors of a 2x2 Matrix
1376,The Vector Equation of a Line
1377,Limits of Logarithmic Functions
1378,"Points, Lines, Rays, and Segments"
1379,Measures of Segments
1382,Improper Integrals Over the Real Line
1384,Connecting Infinite Limits and Vertical Asymptotes of Rational Functions
1386,The Perimeter of a Polygon
1387,The Midpoint Theorem
1388,Variance of Discrete Random Variables
1392,Distance Matrices
1393,Kruskal's Algorithm
1395,Modeling With the Binomial Distribution
1396,Sampling
1397,Areas of Triangles
1398,Proving Properties of Parallelograms
1399,Areas of Parallelograms
1401,Outward-Pointing Unit Normal Vectors in 2D
1402,Prim's Algorithm
1403,The Isosceles Triangle Theorem
1404,Circles
1406,The Tangent-Chord Theorem
1407,The Multinomial Theorem
1409,Counting Terms in Multinomial Expansions
1412,Solving Linear Equations by Trial and Error
1413,Solving Linear Equations Using Cross-Multiplication
1414,Linear Equations With Infinitely Many Solutions
1415,Solving Rational Equations Containing One Fractional Term
1416,Applying Prim's Algorithm to a Distance Matrix
1417,Combining the Rules of Exponents With Algebraic Expressions
1422,Solving Quadratic Equations with Leading Coefficients by Factoring
1423,Solving Perfect Square Quadratic Equations
1424,The Zero Product Rule for Solving Quadratic Equations
1425,Perfect Square Quadratic Equations with One or No Solutions
1427,Perpendicular Lines in the Coordinate Plane
1428,The Power of Quotient Rule With Algebraic Expressions
1429,The Discriminant of a Quadratic Function
1432,Finding the Area Between a Curve and the X-Axis When They Intersect
1435,The Area Between Two Shapes
1437,Solving Problems With Angles
1451,The Average of the Roots Formula
1453,Using the Pythagorean Identity in the First Quadrant
1454,Simplifying Expressions Using the Secant-Tangent Identity
1455,Simplifying Trigonometric Expressions Using the Cotangent-Cosecant Identity
1456,Calculating Reference Angles
1457,Combining the Rules of Exponents
1458,Exterior Angles of Triangles
1459,Classifying Quadrilaterals
1460,Properties of Trapezoids
1461,Properties of Rectangles and Squares
1462,Congruent Segments
1463,Midpoints
1466,Face Diagonals of Cubes
1467,Volumes of Cubes
1468,Areas and Perimeters of Composite Shapes
1470,Mean and Variance of the Normal Distribution
1471,Solving Trigonometric Equations Using the Zero-Product Property
1472,Inverses of Exponential and Logarithmic Functions
1473,The Product Rule for Logarithms
1474,The Quotient Rule for Logarithms
1475,The Power Rule for Logarithms
1478,Calculating Areas of Rectangles in the Plane
1479,Calculating Perimeters in the Plane
1481,Modeling With Compound Interest
1482,Solving Exponential Equations Using Logarithms
1483,Graphing the Inverse Sine Function
1486,Graphing the Inverse Cosine Function
1487,Graphing the Inverse Tangent Function
1491,Graphing Sine and Cosine
1493,Graphing Tangent and Cotangent
1494,Solving Polynomial Inequalities Using Special Factoring Techniques and the Graphical Method
1495,Solving Elementary Quadratic Inequalities
1497,Proving Circle Similarity
1498,Joint Frequency Tables
1499,Creating Exponential Growth Expressions
1500,Collinear Points
1503,Circle Similarity
1505,Sums of Angles
1507,Vertical Angles
1508,Angle Bisectors
1509,"Right, Straight, Full, and Null Angles"
1510,"Acute, Obtuse, and Reflex Angles"
1511,Supplementary Angles
1512,Angle Criteria for Parallel Lines
1515,Congruent Polygons
1516,Translations of Geometric Figures
1517,Rotations of Geometric Figures
1518,Reflections of Geometric Figures in the Cartesian Plane
1520,The SAS Congruence Criterion
1521,The HL Congruence Criterion
1524,Medians and Centroids of Triangles
1530,Graphing Exponential Growth Functions
1531,Graphing Exponential Decay Functions
1532,Graphing Logarithmic Functions
1534,Modeling Upwards Vertical Motion
1535,Systems of Linear Inequalities
1540,Graph Transformations of Square Root Functions
1551,Solving Logarithmic Equations Containing the Natural Logarithm
1565,Elementary Trigonometric Equations Containing Secant
1566,Elementary Trigonometric Equations Containing Cosecant
1567,Elementary Trigonometric Equations Containing Cotangent
1573,Graphing Secant and Cosecant
1576,Compound OR Inequalities
1580,Finding Exact Values of Trigonometric Expressions Using the Double-Angle Formulas for Cosine
1583,Solving Exponential Equations With Different Bases
1584,Horizontal Translations of Functions
1585,Horizontal Reflections of Functions
1586,Horizontal Stretches of Functions
1587,Solving Equations With Even Exponents Using the Nth Root Method
1588,Analyzing and Interpreting Graphs of Linear Equations
1589,Distance-Time Graphs
1590,Calculating Distance From a Speed-Time Graph
1594,Solving Logarithmic Equations Using the Laws of Logarithms
1597,Angles and Sides in Right Triangles
1599,Simplifying Logarithmic Expressions
1600,The Domain of a Transformed Radical Function
1601,Classifying Triangles
1602,Introduction to Modeling With Inequalities
1603,Modeling With Two-Step Inequalities
1605,Calculating Arc Length Using Radians
1606,Calculating Areas of Sectors Using Radians
1608,Calculating Areas of Right Triangles Using Trigonometry
1609,Properties of Transformed Exponential Functions
1610,Properties of Transformed Logarithmic Functions
1628,Increasing and Decreasing Functions
1629,Interpreting Exponential Decay
1632,Variance and Standard Deviation
1633,Normal Approximations of Binomial Distributions
1634,The Mean of a Data Set
1639,Complementary Angles
1643,Solving Logarithmic Equations With Logarithms on Both Sides
1644,Heights of Triangles
1647,The Complex Conjugate and the Roots of a Quadratic Equation
1653,Graphing Elementary Cubic Functions
1654,Graphing Cubic Curves Containing Three Distinct Real Roots
1656,Graphing Cubic Curves Containing a Double Root
1659,Horizontal Translations of Trigonometric Functions
1661,Vertical Stretches of Trigonometric Functions
1673,Incidence Matrices
1676,Simplifying Rational Expressions Using Polynomial Factorization
1677,Volumes of Revolution Using the Disc Method: Rotation About Other Axes
1682,Vertical Reflections of Exponential Functions
1684,The Handshaking Lemma
1685,The Sum and Constant Multiple Rules for Definite Integrals
1686,Differentiating Reciprocal Trigonometric Functions
1691,Continuity and Differentiability of Functions
1695,Cut Vertices and Cut Edges
1702,Cycles in Graphs
1707,Combining Graph Transformations of Logarithmic Functions
1712,Falling Body Problems With Linear Drag
1713,Modeling Mixture Problems With First-Order Separable ODEs
1714,Counting Trees
1716,"Limits of Power Functions, and the Constant Rule for Limits"
1717,Limits of Exponential Functions
1719,Limits of Trigonometric Functions
1720,End Behavior of Rational Functions
1721,Differentiating Inverse Reciprocal Trigonometric Functions
1724,Properties of Matrix Multiplication
1725,Powers of Matrices
1726,Elementary 2x2 Matrices
1727,Row Operations on 2x2 Matrices as Products of Elementary Matrices
1728,Finding the Inverse of a 2x2 Matrix Using Row Operations
1729,Representing 2x2 Systems of Equations Using a Matrix Product
1730,The Invertible Matrix Theorem in Terms of 2x2 Systems of Equations
1731,Elementary 3x3 Matrices
1732,Finding the Inverse of a 3x3 Matrix Using Row Operations
1733,Gaussian Elimination For NxM Systems of Equations
1734,Finding the Inverse of an NxN Square Matrix Using Row Operations
1735,Partitioned and Block Matrices
1737,The Domain of a Vector-Valued Function
1738,Differentiation Rules for Vector-Valued Functions
1739,Continuity and Differentiability of Vector-Valued Functions
1741,Limits of Vector-Valued Functions
1744,Integration Rules for Vector-Valued Functions
1745,Areas of Circles
1752,Diagonals of Rectangular Solids
1753,Volumes of Rectangular Solids
1762,Surface Areas of Cylinders
1763,Surface Areas of Right Cones
1764,Conical Frustums
1765,Surface Areas of Spheres
1769,The Determinant of an NxN Matrix
1770,Finding Determinants Using Laplace Expansions
1771,Basic Properties of Determinants
1772,Row and Column Operations on Determinants
1773,Finding Determinants Using Row and Column Operations
1774,Further Properties of Determinants
1775,Cramer's Rule for 2x2 Systems of Linear Equations
1776,Cramer’s Rule for 3x3 Systems
1777,Triangular Matrices
1778,Slant Heights of Right Cones
1779,LU Factorization of 2x2 Matrices
1780,LU Factorization of 3x3 Matrices
1781,LU Factorization of NxN Matrices
1782,Solving Systems of Equations Using LU Factorization
1783,Simplifying Polynomials
1784,Calculating dy/dx Using dx/dy
1785,Differentiating Inverse Functions
1788,Modeling RL Circuits With First-Order ODEs
1789,Parametric Surfaces
1790,Areas of Parametric Surfaces
1792,Tangent Vectors and Tangent Lines to Curves
1794,Unit Tangent Vectors
1795,Principal Normal Vectors
1796,The Osculating Plane
1799,The Cartesian Equation of a Line
1805,The Vector Equation of a Plane
1806,The Parametric Equations of a Plane
1807,The Cartesian Equation of a Plane
1808,The Intersection Between a Line and a Plane
1810,The Shortest Distance Between a Plane and a Point
1813,Calculating Limits of Rational Functions by Factoring
1814,Infinite Limits from Graphs
1815,Vertical Asymptotes of Rational Functions
1817,Locating Holes in Rational Functions
1818,The Recursive Formula for a Geometric Sequence
1819,The Cube Root of a Perfect Cube
1822,The Square Root of a Perfect Square
1824,Orthogonal Trajectories
1826,The Five Platonic Solids
1827,Products of Even and Odd Functions
1831,Graphs of the Hyperbolic Functions
1832,Evaluating Expressions Using a Graphing Calculator
1833,Introduction to Curvature
1834,Radius of Curvature
1836,Finding Curvature Using the Cross Product
1837,The Arc Length of a Vector-Valued Function
1838,Parameterization by Arc Length
1839,The Curvature of a Plane Curve
1843,The Normal Distribution
1844,Further Extensions of the Special Trigonometric Ratios
1845,Modeling Capacitor Charge in RCL Circuits With Second-Order ODEs
1848,Angles in the Coordinate Plane
1849,Vectors in N-Dimensional Euclidean Space
1850,The Column Space of a Matrix
1851,Linear Combinations of Vectors in N-Dimensional Euclidean Space
1852,Linear Span of Vectors in N-Dimensional Euclidean Space
1853,Subspaces of N-Dimensional Space
1854,The Null Space of a Matrix
1855,Finding a Basis of a Span
1856,Finding a Basis of the Null Space of a Matrix
1859,Linear vs. Exponential Growth and Decay
1861,Linear Dependence and Independence
1863,Addition and Subtraction in Scientific Notation
1864,Expressing the Coordinates of a Vector in a Given Basis
1865,Writing Vectors in Different Bases
1866,The Dimension of a Span
1867,The Rank of a Matrix
1868,The Dimension of the Null Space of a Matrix
1869,"The Invertible Matrix Theorem in Terms of Dimension, Rank and Nullity"
1873,Limits at Infinity from Graphs
1875,Properties of Transformed Square Root Functions
1880,Regular Singular Points
1882,Domain and Range of Quadratic Functions
1884,Domain and Range of Absolute Value Functions
1886,One-To-One Functions
1887,The Vertical Line Test
1888,Global Extrema of Functions
1889,Invertible Functions
1892,Hyperboloids
1893,Paraboloids
1894,Elliptic Cones
1895,Cylinders
1896,Ellipsoids
1898,Identifying Quadric Surfaces
1899,The Domain of a Multivariable Function
1900,Level Curves
1903,Limits at Infinity and Horizontal Asymptotes of Rational Functions
1904,Identifying the Pivot Columns of a Matrix
1905,Limits of Reciprocal Functions
1906,Introduction to Abstract Vector Spaces
1907,Subspaces of Abstract Vector Spaces
1908,Linear Independence in Abstract Vector Spaces
1909,Bases in Abstract Vector Spaces
1910,Changing a Basis Using the Change-of-Coordinates Matrix
1911,Markov Chains
1913,Steady-State Vectors
1914,The Sum Rule for Limits
1915,First-Order Recurrence Relations
1916,Second-Order Homogeneous Recurrence Relations: Characteristic Equations with Repeated Roots
1919,The SSS Similarity Criterion
1920,The Parametric Equations of a Line
1924,Inhibited Growth Models With First-Order ODEs
1925,Reduction of Order
1927,The Product Rule for Radicals
1928,The Change-of-Coordinates Matrix
1929,Introduction to Partial Derivatives
1930,Interior and Boundary Points
1931,Limits and Continuity of Multivariable Functions
1932,Partial Differentiability of Multivariable Functions
1933,Higher-Order Partial Derivatives
1934,The Gradient Vector
1936,The Multivariable Chain Rule in Vector Form
1937,Linearization of Multivariable Functions
1938,Directional Derivatives
1939,The Gradient as a Normal Vector
1940,Tangent Lines to Level Curves
1941,The Multivariable Mean-Value Theorem
1942,The Multivariable Chain Rule With Polar Coordinates
1944,The Second Partial Derivatives Test
1945,Global vs. Local Extrema and Critical Points of Multivariable Functions
1947,Calculating Global Extrema of Multivariable Functions
1948,Lagrange Multipliers With One Constraint
1950,Differentials
1951,Calculating Potential Functions
1955,Geometric Interpretations of Partial Derivatives
1957,Equality of Mixed Partial Derivatives
1958,Limits of Reciprocal Trigonometric Functions
1959,The Standard Matrix of a Linear Transformation
1960,The Kernel of a Linear Transformation
1961,The Matrix of a Linear Transformation Relative to a Basis
1962,The Invertible Matrix Theorem in Terms of Linear Transformations
1963,The Image and Rank of a Linear Transformation
1964,The Characteristic Equation of a Matrix
1965,Calculating the Eigenvectors of a 3x3 Matrix in the General Case
1966,The Invertible Matrix Theorem in Terms of Eigenvalues
1967,The Matrix of a Linear Map Relative to Two Bases
1968,Diagonalizing a 2x2 Matrix
1969,Properties of Diagonalization
1970,Diagonalizing a 3x3 Matrix With Distinct Eigenvalues
1971,Diagonalizing a 3x3 Matrix in the General Case
1972,The Cayley-Hamilton Theorem
1976,Equivalent Sets
1977,Calculating the Eigenvectors of a 3x3 Matrix With Distinct Eigenvalues
1978,Level Surfaces
1979,Type I and II Regions in Two-Dimensional Space
1980,Tangent Planes to Surfaces
1981,Cylindrical Polar Coordinates
1982,Spherical Polar Coordinates
1983,Double Summations
1984,Tangent Planes to Level Surfaces
1985,Function Composition
1986,Limits of Radical Functions
1987,Evaluating Expressions With Integer Exponents
1989,Introduction to Recurrence Relations
1990,Defining Double Integrals Using Lower and Upper Riemann Sums
1992,Double Integrals Over Rectangular Domains
1994,Surface Areas of Revolution: Rotation About the X-Axis
1995,Surface Areas of Revolution for Parametric Curves
1996,Double Integrals Over Partitioned Regions
1997,Changing the Order of Integration in Double Integrals
1998,Computing Areas Using a Change of Variables
1999,The Jacobian
2000,Properties of Double Integrals
2001,Interpreting Graphs of Exponential Functions
2002,Point Discontinuities
2003,Jump Discontinuities
2004,Discontinuities Due to Vertical Asymptotes
2006,Continuity of Functions
2007,Second-Order Homogeneous Recurrence Relations: Characteristic Equations with Distinct Real Roots
2008,Second-Order Homogeneous Recurrence Relations: Characteristic Equations with Complex Roots
2009,Second-Order Recurrence Relations with Exponential Forcing
2011,Second-Order Recurrence Relations with Polynomial Forcing
2012,The Power of Product Rule for Exponents
2013,Dividing Polynomials by Linear Binomials Using Long Division
2014,Connections Between Matrix Representations of a Linear Transformation
2015,Matrices Over the Complex Numbers
2016,Finding Complex Eigenvalues of Real 2x2 Matrices
2017,Rotation-Scaling Matrices
2018,Reducing Real 2x2 Matrices to Rotation-Scaling Form
2019,Block Diagonalization of NxN Matrices
2021,Extending the Pythagorean Identity to All Quadrants
2022,The Roots of a Function
2023,Modeling With First-Order ODEs
2024,Cumulative Distribution Functions for Discrete Random Variables
2025,"Density, Mass, and Charge of Plane Laminas"
2026,Moments and Center of Mass
2027,Moments of Inertia of Laminas About the Coordinate Axes
2028,The Parallel Axis Theorem
2030,Double Integrals in Plane Polar Coordinates
2033,Graphing Reciprocal Functions
2034,Sums and Products of Rational and Irrational Numbers
2035,Geometry in the Complex Plane
2036,Velocity and Acceleration for Plane Motion
2038,Graphing the Square Root Function
2039,Closure Properties of Rational Expressions
2044,Further Solving of Rational Inequalities
2046,Unbounded Behavior of Functions Near a Point
2047,Converting Between Exponents
2048,End Behavior of Functions
2049,Graphing General Polynomials
2050,End Behavior of Polynomials
2051,Describing Relationships Using Polynomial Identities
2052,Triple Integrals Over Rectangular Domains
2053,Calculating Volumes of Solids Using Triple Integrals
2056,Changing the Order of Integration in Triple Integrals: Changing Projection
2058,The Jacobian of a Three-Dimensional Transformation
2059,Triple Integrals in Cylindrical Polar Coordinates
2060,Triple Integrals in Spherical Polar Coordinates
2062,Properties of Transformed Sine and Cosine Functions
2064,Properties of Transformed Tangent and Cotangent Functions
2076,Solving Two-Variable Nonlinear Inequalities
2082,Domain and Range of Transformed Reciprocal Functions
2083,Row Echelon Form
2084,Graphing Cubic Curves Containing One Distinct Real Root
2086,Introduction to Systems of Linear ODEs
2087,Solving Homogeneous Systems of ODEs With Distinct Eigenvalues
2088,Solving Homogeneous Systems of ODEs With Distinct Eigenvalues and Initial Conditions
2089,Row Operations on 3x3 Matrices as Products of Elementary Matrices
2094,The Dot Product in N-Dimensional Euclidean Space
2095,The Norm of a Vector in N-Dimensional Euclidean Space
2096,Inner Product Spaces
2097,The Inner Product in Vector Spaces Over the Complex Numbers
2098,The Norm of a Vector in Inner Product Spaces
2099,Orthogonal Vectors in Euclidean Spaces
2100,Orthogonal Vectors in Inner Product Spaces
2101,The Cauchy-Schwarz Inequality and the Angle Between Two Vectors
2102,Orthogonal Complements
2103,Orthogonal Sets in Euclidean Spaces
2104,Orthogonal Sets in Inner Product Spaces
2105,Orthogonal Matrices
2107,Line Integrals of Scalar Functions
2108,Line Integrals of Vector-Valued Functions Over Parametric Curves
2109,Line Integrals With Respect to X and Y
2110,The Fundamental Theorem for Line Integrals
2116,Introduction to Green's Theorem
2117,Extending Green's Theorem
2118,Solving Advanced Radical Equations
2119,Factoring Cubic Polynomials Using the Factor Theorem
2122,Projecting Vectors Onto One-Dimensional Subspaces
2123,Projecting Vectors Onto Subspaces in Euclidean Spaces (Orthogonal Bases)
2124,Projecting Vectors Onto Subspaces in Euclidean Spaces (Arbitrary Bases)
2125,"Projection Matrices, Linear Transformations and Their Properties"
2126,Projecting Vectors Onto Subspaces in Inner Product Spaces
2127,The Gram-Schmidt Process for Two Vectors
2128,The Gram-Schmidt Process in the General Case
2129,QR Factorization
2130,"Type I, II, and III Regions in Three-Dimensional Space"
2131,The Divergence of a Vector Field
2132,The Curl of a Vector Field
2135,The Divergence Theorem
2138,Stokes' Theorem
2141,Triple Integrals Over Type II Regions
2142,Triple Integrals Over Type III Regions
2147,Solving Polynomial Inequalities Using a Graphical Method
2148,Periodic Functions
2149,Mean and Variance of the Binomial Distribution
2150,The Intermediate Value Theorem
2151,Double Integrals Over Type I Regions
2152,Double Integrals Over Type II Regions
2153,The Pythagorean Theorem and the Triangle Inequality
2155,Tree Diagrams for Independent Events
2162,Solving Polynomial Inequalities Using the Sign Table Method
2163,Cumulative Distribution Functions for Continuous Random Variables
2166,The Least-Squares Solution of a Linear System (Without Collinearity)
2167,The Least-Squares Solution of a Linear System (With Collinearity)
2168,Finding a Least-Squares Solution Using QR Factorization
2169,Linear Regression With Matrices
2170,Polynomial Regression With Matrices
2171,Multiple Linear Regression With Matrices
2172,Angles and Measures of Angles
2173,Polar Equations of Radial Lines
2174,Squaring Rational Numbers
2181,The Greatest Common Factor of Two Monomials
2183,Evaluating Rational Expressions
2184,Evaluating Algebraic Radical Expressions
2189,Infinite Limits of Rational Functions
2195,Cubing Rational Numbers
2198,Using Green's Theorem to Calculate Area
2200,The Four Fundamental Subspaces of a Matrix
2201,Conditions When a Determinant Equals Zero
2202,Reciprocals of Rational Numbers
2204,Surds
2205,The Real Number System
2206,The Multiples of a Number
2211,The Standard Matrix of a Linear Transformation in Terms of the Standard Basis
2213,Interpreting Linear Expressions
2214,Translating Between Explicit and Recursive Formulas for Arithmetic Sequences
2215,Translating Between Explicit and Recursive Formulas for Geometric Sequences
2216,Dilations of Geometric Figures
2217,Stretches of Geometric Figures
2218,Rigid Motions and Congruence
2220,Modeling With Linear Functions
2223,Modeling With Arithmetic Sequences
2224,Approximating Solutions to Systems of Nonlinear Equations
2225,Introduction to Systems of Linear Equations
2226,Reflective Symmetry
2227,Rotational Symmetry
2229,Converting Units of Area to Smaller Units
2230,Determining Units in Formulas
2231,Selecting Units for Rates of Change
2233,Converting Between Mixed Units
2234,Degrees of Accuracy
2240,The Quotient Rule for Radicals
2242,Arithmetic in the Complex Plane
2244,Simplifying Linear Expressions Containing Fractions
2270,Solving Linear Equations With Decimal Coefficients
2271,Introduction to Sequences
2273,Inverse Variation
2274,Modeling with Direct Variation
2275,The Difference of Squares Formula
2278,The Segment Addition Postulate
2281,Absolute Value
2282,The Place Value System With Decimals
2283,Comparing Place Values With Decimals
2284,Converting Decimals From Expanded to Standard Form
2285,Converting Decimals From Standard to Expanded Form
2286,Comparing Decimals
2287,Estimating Multi-Digit Multiplication
2288,Multi-Digit by Two-Digit Multiplication
2289,Dividing Decimals by Powers of Ten Using Decimal Point Placement
2290,Estimating Decimal Multiplication
2291,Three- and Four-Digit by One-Digit Multiplication
2310,Compound Inequalities
2311,Converting From Expanded Form to Standard Form
2312,Place Value With Numbers Up to Four Digits
2313,Comparing Place Values
2314,Introduction to Exponents
2315,Powers of Ten
2316,Multiplying Numbers by Powers of Ten With Exponents
2317,Multiplying Decimals by Powers of Ten With Exponents
2318,Multiplying Decimals by Powers of Ten Using Decimal Point Placement
2320,Converting From Standard Form to Expanded Form
2321,Evaluating Exponents
2322,Multiplying Numbers by Powers of Ten Using Place Value
2323,Dividing Decimals by Powers of Ten Using Place Value
2324,Comparing Whole Numbers
2325,Rounding Down Decimals
2326,Estimating Decimal Addition and Subtraction
2327,Speed-Time Graphs
2328,Dividing Three-Digit Decimals by Two-Digit Decimals
2329,Three-Digit by Two-Digit Division
2330,Estimating Multi-Digit Division
2331,Four-Digit by Two-Digit Division
2333,Estimating Multi-Digit Division With Decimals
2335,Division of Whole Numbers With Decimal Quotients
2336,Factoring Biquadratic Expressions
2337,Further Factoring of Polynomials Using GCFs
2338,"Multiplying by 10, 100, and 1,000 Using the Pattern of Zeros"
2339,Addition With Unequal Numbers of Decimals
2340,Subtraction With Unequal Numbers of Decimals
2341,Decimal Fractions
2342,Converting Decimals to Fractions
2343,Reading and Writing Decimals Written in Words
2344,Equivalent Decimals
2346,Multiplying a Decimal by a One-Digit Whole Number
2347,Multiplying a Decimal by a Multi-Digit Whole Number
2348,Multiplying Two-Digit Decimals by Three-Digit Decimals
2349,Converting Mixed Numbers to Decimals
2350,Converting Decimals to Mixed Numbers
2351,Adding Fractions With Like Denominators
2352,Adding Mixed Numbers With Like Denominators
2353,Adding Fractions With Unlike Denominators
2354,Adding Mixed Numbers With Unlike Denominators
2355,Multiplying Three-Digit Decimals
2356,Subtracting Mixed Numbers With Unlike Denominators
2357,Subtracting Fractions With Unlike Denominators
2359,Converting Improper Fractions to Mixed Numbers
2360,Multiplying Fractions by Whole Numbers
2362,Subtracting Mixed Numbers With Like Denominators Using Improper Fractions
2363,Equivalent Fractions
2364,Writing Fractions in Lowest Terms
2365,Least Common Denominators
2366,Fraction Models
2367,Improper Fractions
2368,Finding Equivalent Fractions Using Area Models
2369,Dividing Fractions by Whole Numbers
2370,Adding Fractions With Like Denominators Using Models
2372,Subtracting Fractions With Unlike Denominators Using Models
2373,Estimating Sums and Differences of Fractions
2374,Adding Fractions With Unlike Denominators Using Models
2375,Adding and Subtracting Fractions With Unlike Denominators: Word Problems
2376,Comparing Fraction Models Using Common Denominators
2377,Dividing Whole Numbers by Fractions
2378,Multiplying Fractions
2379,Multiplying Mixed Numbers by Whole Numbers
2380,Multiplying Mixed Numbers by Fractions
2381,Multiplying Mixed Numbers
2382,Dividing Fractions
2383,Dividing Mixed Numbers by Whole Numbers
2384,Dividing Whole Numbers by Mixed Numbers
2385,Dividing Fractions by Mixed Numbers
2386,Dividing Mixed Numbers by Fractions
2387,Dividing Mixed Numbers
2388,Reciprocals
2389,Estimating Decimal Addition With Benchmarks
2390,"Dividends, Divisors, Quotients, and Remainders"
2391,Interpreting Remainders in Context
2392,Two-Digit by One-Digit Multiplication
2393,Multi-Digit by One-Digit Multiplication Using Area Models
2394,Two-Digit by Two-Digit Multiplication Using Place Value
2395,Adding and Subtracting Mixed Numbers With Unlike Denominators: Word Problems
2396,Creating and Interpreting Whole Number Expressions
2397,Evaluating Whole Number Expressions
2398,Evaluating Whole Number Expressions With Parentheses
2399,Multiplicative Comparisons of Whole Number Expressions
2400,Creating and Interpreting Line Plots
2401,Operations on Fractions With Line Plots
2402,Converting Units of Volume to Smaller Units
2403,Understanding Volume Using Unit Cubes
2404,Volumes of Right Rectangular Prisms
2406,Dividing by Two-Digit Numbers by Connecting Multiplication and Division
2407,Quadrilaterals
2408,Creating and Interpreting Line Plots With Fractions
2409,Interpreting Fractions as Division
2410,Describing the Coordinate Plane
2411,Volumes of Right Rectangular Prisms: Word Problems
2412,Using Fractions to Represent Division of Whole Numbers
2413,Solving Real World Problems Using Coordinates
2414,Coordinate Planes as Maps
2415,Two-Digit by One-Digit Multiplication Using Area Models
2416,Two-Digit by One-Digit Multiplication Using Place Value
2417,Multi-Digit by One-Digit Multiplication Using Place Value
2418,Two-Digit by Two-Digit Multiplication Using Area Models
2422,Dividing by One-Digit Numbers by Connecting Multiplication and Division
2423,Two-Digit by One-Digit Division Using Area Models
2424,Two-Digit by One-Digit Division Using Partial Quotients
2425,Multi-Digit by One-Digit Division Using Partial Quotients
2426,Multi-Digit by One-Digit Division Using Area Models
2427,Converting Metric Units of Length to Smaller Units
2428,Converting Units of Mass to Smaller Units
2429,Converting Units of Time to Smaller Units
2430,Generating Patterns
2431,Identifying Patterns
2432,Comparing Patterns
2433,Graphing Patterns
2434,Dividing Numbers by One-Digit Numbers: Interpreting the Remainder
2435,Dividing Four-Digit and Five-Digit Decimals
2436,Dividing Fractions by Whole Numbers Using Models
2437,Dividing Whole Numbers by Fractions Using Models: Whole Number Results
2438,Dividing Fractions Using Models
2439,Greatest Common Factors
2440,Least Common Multiples
2441,Factoring Numerical Expressions
2442,Negative Numbers
2443,Interpreting Negative Numbers
2444,Comparing Negative Numbers
2445,Introduction to Two-Variable Equations
2447,Volumes of Rectangular Prisms With Fractional Edge Lengths
2448,Polygons in the Coordinate Plane
2449,Finding Areas and Perimeters in the Coordinate Plane
2450,Solving Problems in the Coordinate Plane
2451,Converting Between Percentages and Fractions
2452,Converting Between Percentages and Decimals
2453,Finding Part of a Number Given a Whole and a Percentage
2454,Finding Part of a Number Given a Whole and a Percentage: Word Problems
2455,Finding a Percentage Given Two Numbers
2456,Finding a Total Given a Part and a Percentage
2457,"Comparing Fractions, Percents, and Decimals"
2458,Strategies to Simplify Whole Number and Fraction Multiplication
2459,Multiplying Fractions by Swapping Denominators
2461,Reflections of Points in the Coordinate Plane
2462,Representing Inequalities on Number Lines
2463,Two-Variable Equations: Solving for the Independent Variable
2464,Solving Exponential Growth Problems
2465,Interpreting Exponential Growth
2466,Solving Exponential Decay Problems
2467,Identifying Three-Dimensional Shapes
2468,Nets of Polyhedrons
2469,Finding Surface Areas Using Nets
2470,Polygons
2471,Modeling Exponential Growth With Functions
2472,Modeling Exponential Decay With Functions
2473,Areas and Perimeters of Parallelograms
2474,Comparing Exponents
2475,Evaluating Whole Number Expressions Containing Exponents
2476,Evaluating Exponents With Fractional Bases
2477,Evaluating Exponents With Decimal Bases
2478,Introduction to Statistics
2479,The Mean of a Data Set
2480,"Range, Quartiles, and IQR"
2481,Mean Absolute Deviation
2482,Box Plots
2483,Finding Areas Between Shapes
2484,"Faces, Vertices, and Edges of Polyhedrons"
2485,Creating Whole Number Expressions From Terminology
2497,Dividing Fractions and Whole Numbers: Word Problems
2498,Comparing Data Sets Using Range and Quartiles
2499,Dot Plots
2500,Measuring Centrality From Dot Plots
2501,Measuring Range and MAD From Dot Plots
2502,"Symmetry, Skew, and Outliers"
2505,Identifying Solutions to Linear Inequalities
2509,Frequency Tables
2510,Histograms
2512,Integrating Rates of Change
2513,Integrating Density Functions
2516,Comparing Measures of Center
2517,Outliers
2518,Analyzing Two-Variable Equations Using Tables
2520,Dividing Mixed Numbers: Word Problems
2521,Exact Differential Equations
2522,Bernoulli Differential Equations
2523,The Method of Frobenius
2524,Simple Harmonic Oscillators
2525,Damped Oscillators
2526,Forced Oscillators
2527,Variation of Parameters for Second-Order ODEs
2528,Cauchy-Euler Equations: Characteristic Equations With Distinct Real Roots
2529,Introduction to Laplace Transforms
2530,Inverse Laplace Transforms
2531,Solving First-Order ODEs Using Laplace Transforms
2532,Phase Lines of First-Order ODEs
2533,Classifying Equilibrium Solutions of First-Order ODEs
2534,Finding the Common Ratio of a Geometric Sequence Given Two Terms
2535,Solving Exponential Equations with Fractional Solutions
2536,Homogeneous Functions
2537,Linearity of Laplace Transforms
2538,Laplace Transforms of Derivatives
2539,The Intersection of Two Planes
2540,Solving Second-Order ODEs Using Laplace Transforms
2542,Taylor Series Solutions of Differential Equations
2543,Power Series Solutions of Differential Equations
2544,Cauchy-Euler Equations: Characteristic Equations With Repeated Roots
2545,Cauchy-Euler Equations: Characteristic Equations With Complex Roots
2546,Cauchy-Euler Equations With Forcing
2547,Linear Independence of Solutions to Homogeneous ODEs
2548,Introduction to Second-Order Linear ODEs
2549,The Superposition Principle
2550,Unit Rates Associated With Ratios of Fractions
2551,Solving Unit Rate Problems Using Ratios of Fractions
2552,Understanding Proportional Relationships Using Graphs
2553,Understanding Proportional Relationships Using Tables
2554,Understanding Proportional Relationships From Descriptions
2556,Percentages in Commerce and Finance
2558,"Natural Numbers, Integers, and Rational Numbers"
2560,Applying Percentage Increases
2561,Evaluating Rational Number Expressions Without Exponents
2563,Further Percentages in Commerce and Finance
2564,Writing Repeating Decimals as Fractions
2566,Interpreting Trigonometric Models
2585,Scatter Plots
2607,Radicals as Fractional Exponents
2609,Trend Lines
2610,Limits Involving the Exponential Function
2611,Midpoint and Trapezoidal Rules in Sigma Notation
2613,Approximating Volumes Using Lower Riemann Sums
2614,Approximating Volumes Using Upper Riemann Sums
2615,Lower Riemann Sums Over General Rectangular Partitions
2616,Double Integrals Over Non-Rectangular Domains
2622,Equivalence Relations
2623,Finding a Basis of the Column Space of a Matrix
2625,The Least Common Multiple of Two Monomials
2626,The Least Common Multiple of Two Polynomials
2627,Surjections
2635,Line Integrals of Scalar Functions Over Paths Expressed as Functions of X
2638,Line Integrals of Scalar Functions Over Polar Curves
2641,Modular Congruence
2642,Equivalence Classes
2654,Euler's Totient Function
2655,Residue Classes
2673,The Addition Property of Modular Arithmetic
2674,The Multiplication Properties of Modular Arithmetic
2675,The Division Properties of Modular Arithmetic
2676,The Euclidean Algorithm
2677,The Extended Euclidean Algorithm
2678,Injections
2679,Bijections
2689,The Division Algorithm
2703,Vectors Over the Complex Numbers
2706,Linear Transformations of Points and Lines in the Plane
2707,Local Extrema of Functions
2722,Newton's Second Law
2726,Fermat's Little Theorem
2727,Euler's Theorem
2734,Finding Multiplicities of the Roots of Quartic Polynomials by Factoring
2735,Additive Inverses Modulo N
2736,Introduction to Cryptography
2737,Solving Advanced Linear Congruences
2738,Generalized Eigenvectors
2740,General Solutions of Linear ODEs
2741,Second-Order Homogeneous Initial Value Problems
2742,Introduction to Boundary Value Problems
2745,The Linear Cipher
2746,Parametric Equations of Ellipses
2754,Planar Graphs
2756,Connected Graphs
2757,Adjacency Matrices
2759,Dimension in Abstract Vector Spaces
2760,The Unit Step Function
2761,The Pigeonhole Principle
2786,Modular Residues
2787,Universal and Existential Quantifiers
2788,De Morgan's Laws for Sets
2789,Disjoint Sets
2790,"The ""Not"" Connective"
2791,Negating Quantified Statements
2792,Nested Quantifiers
2793,Necessary and Sufficient Conditions
2795,Proving Divisibility
2798,Formal and Informal Language
2799,Proving Congruence by Contrapositive
2801,Direct Proof
2805,"Divisibility of Integers by 2, 5, 10, 4, and 8"
2806,Proving Elementary Properties of Set Operations
2807,Proof by Contrapositive
2808,Proving Divisibility by Contrapositive
2809,The Chinese Remainder Theorem
2815,Trivial and Vacuous Proofs
2817,Relations on Finite Sets
2818,Solving Homogeneous Systems of ODEs With Repeated Eigenvalues
2819,Solving Homogeneous Systems of ODEs With Complex Eigenvalues
2821,Logical Equivalence
2822,The Distributive Laws
2823,The Absorption Laws
2824,The Second Derivative of a Multivariable Function
2825,The Components of a Vector with Respect to an Orthogonal or Orthonormal Basis
2826,The Union of Sets
2827,The Intersection of Sets
2828,The Difference of Sets
2829,Set Complements
2830,Logical Associative and Commutative Laws
2832,Nonlinear Transformations of Plane Regions
2833,The Total Area Bounded by a Single Polar Curve
2835,Double Integrals Between Polar Curves
2836,Properties of Expectation for Discrete Random Variables
2837,"Parametric Equations of Parabolas Centered at (h,k)"
2838,Modeling With the Poisson Distribution
2839,Modeling With the Geometric Distribution
2840,The Poisson Approximation of the Binomial Distribution
2841,Combining Reflections With Other Graph Transformations
2849,Euler's Formula for Polyhedra
2852,Counting Integer Solutions of a Constrained Equation
2854,Big-O Notation
2855,Inequalities Involving Powers of Binomials
2856,Solving Radical Inequalities
2857,Solving Inequalities Involving Exponential Functions
2858,Solving Inequalities Involving Logarithmic Functions
2859,Solving Inequalities Involving Exponential Functions and Polynomials
2869,The RSA Cryptosystem
2877,The Diffie-Hellman Protocol
2883,Dividing Polynomials by Manipulating Rational Expressions
2884,The Area of a 30-60-90 Triangle
2885,The Area of an Isosceles Right Triangle
2886,The Area of an Equilateral Triangle
2887,Diagonals of Squares
2888,Fractions in Arbitrary Bases
2889,Integers in Arbitrary Bases
2891,Converting Between Binary and Hexadecimal Integers
2893,Breadth-First Search
2895,Shortest Paths in Unweighted Graphs
2899,Dijkstra's Algorithm
2915,"Euclidean, Manhattan, and Minkowski Distance"
2926,Newton's Method for Optimizing Single-Variable Functions
2927,Matrix Functions
2941,Working With Areas of Similar Polygons
2973,Variation of Parameters for First-Order Linear ODEs
2975,Evaluating Definite Integrals Using Symmetry
2976,Qualitative Analysis of First-Order ODEs
2977,Calculating Areas of Triangles and Quadrilaterals in the Plane
2978,Plotting X as a Function of Y
2979,Solving Exponential Equations Using the Zero-Product Property
2980,The Sample Mean
2981,Parametric Equations of Vertical Hyperbolas
2982,Solving Inequalities Involving Positive and Negative Factors
2984,Hexadecimal Integers
2986,Partitions
2987,Moments of Continuous Random Variables
2988,Variance of Continuous Random Variables
2989,The Trinomial Distribution
2990,Modeling With Continuous Uniform Distributions
2991,Mean and Variance of the Poisson Distribution
2992,Mean and Variance of the Geometric Distribution
2993,The Normal Approximation of the Poisson Distribution
2994,Approximating Discrete Random Variables as Continuous
2995,Introduction to Hypothesis Testing
3001,Joint Distributions for Discrete Random Variables
3002,Marginal Distributions for Discrete Random Variables
3003,Conditional Distributions for Discrete Random Variables
3004,The Joint CDF of Two Discrete Random Variables
3009,Combining Two Normally Distributed Random Variables
3010,The Discrete Uniform Distribution
3012,Type I and Type II Errors
3013,Variance of Sample Means
3014,Introduction to Chi-Square Goodness-of-Fit
3015,Testing Binomial Models Using Chi-Square Goodness-of-Fit
3016,Testing Poisson Models Using Chi-Square Goodness-of-Fit
3017,Testing Continuous Uniform Models Using Chi-Square Goodness-of-Fit
3018,Testing Normal Models Using Chi-Square Goodness-of-Fit
3020,Spearman's Rank Correlation Coefficient
3022,Conditional Distributions for Continuous Random Variables
3023,The Chi-Square Distribution
3024,"Median, Quartiles and Percentiles of Continuous Random Variables"
3025,Finding the Mode of a Continuous Random Variable
3027,Into Functions
3028,Properties of Variance for Discrete Random Variables
3029,Creating Rows or Columns Containing Zeros Using Gaussian Elimination
3032,Regular Graphs
3036,Supremum and Infimum
3043,Comparing Data Sets Using Measures of Centrality
3048,Independence of Discrete Random Variables
3049,The Covariance of Two Random Variables
3050,The Correlation Coefficient for Two Random Variables
3052,Joint Distributions for Continuous Random Variables
3053,Conditional Expectation for Discrete Random Variables
3055,The Distribution Function Method
3056,The Change-of-Variables Method for Continuous Random Variables
3057,Conditional Expectation for Continuous Random Variables
3060,The F-Distribution
3061,The Rule of the Lazy Statistician for Two Random Variables
3062,Variance of Sums of Independent Random Variables
3067,Sample Means From Normal Populations
3069,The Student's T-Distribution
3070,Properties of Moment-Generating Functions
3071,The Bernoulli Distribution
3072,The Negative Binomial Distribution
3073,The Hypergeometric Distribution
3074,The Exponential Distribution
3075,The Gamma Distribution
3077,Maximum Likelihood Estimation
3079,Multiplying Fractions Using Models
3080,Integer Divisibility
3081,Product Notation
3082,Linear Diophantine Equations
3083,Generating Functions
3114,Jordan Blocks and Jordan Matrices
3115,Jordan Canonical Form of a 3x3 Matrix
3116,Finding Roots of Functions Using a Graphing Calculator
3118,Symmetric Matrices
3119,Diagonalization of 3x3 Symmetric Matrices
3120,The Spectral Theorem
3121,Bilinear Forms
3122,Change of Variables in Quadratic Forms
3123,Quadratic Forms
3124,Finding the Canonical Form of a Quadratic Form Using Lagrange's Method
3126,Finding the Canonical Form of a Quadratic Form Using Orthogonal Transformations
3127,Positive-Definite and Negative-Definite Quadratic Forms
3128,Finding Extrema of Functions Using a Graphing Calculator
3129,Reducing a Quadratic Curve to Its Principal Axes
3131,The Singular Values of a Matrix
3132,Singular Value Decomposition of 2x2 Matrices
3133,Singular Value Decomposition of Larger Matrices
3134,Singular Value Decomposition and the Pseudoinverse Matrix
3135,Weighted Least-Squares
3136,Binary Fractions
3137,Sampling Proportions From Finite Populations
3138,The Sample Covariance Matrix
3140,Generating Functions of Homogeneous Recurrence Relations
3145,Properties of Line Integrals of Scalar Functions
3147,The Average Value of a Multivariable Function
3149,Conservative Vector Fields in the Cartesian Plane
3171,Constrained Optimization of Quadratic Forms
3172,Finding Derivatives Using a Graphing Calculator
3173,The Multivariable Chain Rule
3176,Binormal Vectors
3177,The Components of Acceleration
3178,Flux in Three-Dimensional Vector Fields
3179,Solving First-Order ODEs by Substitution
3184,Equilibrium Solutions of First-Order ODEs
3186,Expressing Homogeneous ODEs as First-Order Systems
3187,Solving Systems of ODEs Using Variation of Parameters
3188,Phase Planes and Phase Portraits
3189,Solving Inhomogeneous Systems of ODEs
3190,Solving Inhomogeneous Systems of ODEs Using Laplace Transforms
3191,The Lotka-Volterra Predator-Prey Model
3195,Introduction to Fourier Series
3196,Fourier Sine Series
3197,Fourier Cosine Series
3198,Convergence of Fourier Series
3209,Variation of Parameters With Higher-Order ODEs
3211,Eigenvalues and Eigenfunctions of Homogeneous BVPs
3212,The Coordinates of a Vector Relative to a Basis in Abstract Vector Spaces
3213,Exploring Functions Using Technology
3214,Percentage Points of the Standard Normal Distribution
3215,Introduction to Differential Equations
3216,"Calculating Slopes of Circles, Ellipses, and Parabolas"
3218,Indicator Functions for Predicates
3219,Analyzing Slope Fields for Directly Integrable Differential Equations
3220,Analyzing Slope Fields for Autonomous Differential Equations
3224,Integrating Products of Trigonometric Functions
3231,The Lotka-Volterra Model With Carrying Capacity
3232,Solving Homogeneous Systems of ODEs Using Laplace Transforms
3235,Velocity and Acceleration as Functions of Displacement
3237,General Solutions of First-Order Linear Systems of ODEs
3238,Solving Decoupled Homogeneous Systems of ODEs
3239,Phase Portraits for Linear Systems With Real Distinct Eigenvalues
3240,Phase Portraits for Linear Systems With Repeated Eigenvalues
3241,Phase Portraits for Linear Systems With Complex Eigenvalues
3242,Phase Portraits for Decoupled Linear Systems
3245,Euler's Method for Systems of ODEs
3246,Error in Numerical Methods
3247,The Modified Euler Method
3248,The RK4 Method
3251,Differentiating Reciprocal Hyperbolic Functions
3252,Differentiating Inverse Hyperbolic Functions
3253,Integration Using Inverse Hyperbolic Functions
3255,Differentiating Inverse Reciprocal Hyperbolic Functions
3256,Integration Using Inverse Reciprocal Hyperbolic Functions
3257,Integrating Hyperbolic Functions Using Substitution
3258,Integration by Substitution With Inverse Hyperbolic Functions
3259,Integration by Substitution With Inverse Reciprocal Hyperbolic Functions
3260,Integration Using Basic Hyperbolic Identities
3261,Integration Using the Hyperbolic Pythagorean Identities
3262,Integration Using the Hyperbolic Double-Angle Formulas
3263,Integration Using Hyperbolic Functions and Completing the Square
3264,Integration Using Inverse Reciprocal Hyperbolic Functions and Completing the Square
3265,The Reciprocal Hyperbolic Functions
3267,Graphs of the Reciprocal Hyperbolic Functions
3269,Modeling With Discrete Uniform Distributions
3270,The CDF of the Binomial Distribution
3272,Bayes' Theorem
3273,Mean and Variance of the Negative Binomial Distribution
3274,The CDF of the Poisson Distribution
3275,Mean and Variance of the Exponential Distribution
3276,Slope Fields for Directly Integrable Differential Equations
3277,Mean and Variance of the Continuous Uniform Distribution
3278,Singular Value Decomposition of 2x2 Matrices With Zero or Repeated Eigenvalues
3280,Mean and Variance of the Bernoulli Distribution
3281,The Binomial Distribution
3282,The Poisson Distribution
3284,The Geometric Distribution
3285,Modeling With the Negative Binomial Distribution
3286,Extending Bayes' Theorem
3287,Calculating Moments Using Moment-Generating Functions
3288,Constructing Moment-Generating Functions for Discrete Probability Distributions
3289,The Gamma Function
3292,Expected Values of Sums and Products of Random Variables
3293,The Uniqueness Property of MGFs
3295,Linear Combinations of Binomial Random Variables
3296,Linear Combinations of Poisson Random Variables
3298,Confidence Intervals for Two Means: Known and Unequal Population Variances
3299,Confidence Intervals for One Variance
3300,Confidence Intervals for One Proportion
3303,Hypothesis Tests for One Mean: Known Population Variance
3310,Hypothesis Tests for Two Means: Known Population Variances
3311,Hypothesis Tests for One Mean: Unknown Population Variance
3312,Hypothesis Tests for Two Means: Paired-Sample Z-Test
3313,Hypothesis Tests for Two Means: Equal But Unknown Population Variances
3314,Hypothesis Tests for One Variance
3315,One-Factor Within Groups and Between Groups Variation
3317,Chi-Square Tests of Independence and Homogeneity
3318,Hypothesis Tests for Two Variances
3319,Estimating Sample Sizes for Means
3320,Estimating Sample Sizes for Proportions
3321,Estimating Sample Sizes for Proportions: Finite Population Correction
3322,Confidence Intervals for Linear Regression Slope Parameters
3324,Hypothesis Tests for Two Proportions
3326,Introduction to Order Statistics
3334,Sets and Functions
3335,Diagonalization of 2x2 Symmetric Matrices
3336,Classifying Quadratic Curves
3338,Circular Motion About the Origin
3340,Applying Newton's Second Law in the Plane
3343,Vector Fields
3344,Visualizing Vector Fields
3350,Analyzing Slope Fields for Nonautonomous Differential Equations
3351,Slope Fields for Autonomous Differential Equations
3352,Slope Fields for Nonautonomous Differential Equations
3353,Modeling With the Exponential Distribution
3354,Further Properties of Line Integrals of Scalar Functions
3355,Solving Rational Inequalities
3356,"Simple, Closed, and Oriented Curves"
3357,Connected and Simply-Connected Regions
3360,Path Independence of Line Integrals
3361,Green's Theorem in Flux Form
3362,Adding and Subtracting Binary Integers
3363,Binary Integers
3371,Parametrizations of Ellipsoids and Cones
3372,Surfaces of Revolution
3373,Tangent Planes to Parametric Surfaces
3380,Lagrange Multipliers With Multiple Constraints
3386,Surface Integrals Over Parametric Surfaces
3387,Affine Transformations
3400,The Roots of Unity
3401,Moment-Generating Functions
3402,Mean and Variance of the Discrete Uniform Distribution
3404,Pascal's Triangle and the Binomial Coefficients
3411,Parity
3412,Disproving Universal Statements
3414,Proof by Contradiction
3421,Proving Injectivity
3422,Proving Surjectivity
3424,Discrete Infinite Sets With Equal Cardinality
3425,Cantor's Diagonal Argument
3426,The Cantor-Bernstein-Schröder Theorem
3428,Cantor's Theorem
3526,Proving Divisibility by Contradiction
3530,Roots of Transformed Radical Functions
3533,Further Calculating Areas of Sectors
3534,Calculating the Vertex of a Parabola by Completing the Square
3535,Reflections of Figures Across Arbitrary Lines
3536,Further Rules of Absolute Value
3537,Evaluating Larger Exponents
3538,Further Evaluating Expressions Containing Inverse Trigonometric Functions
3539,Further Determining Limits of Sequences Using Relative Magnitudes
3540,Describing Properties of the Sine Function
3543,"Divisibility of Integers by 3, 9, 6, and 7"
3546,Writing the Equation of a Parabola in Vertex Form
3547,Problem-Solving With Inscribed Angles
3548,Interpreting the Graph of a Function's Derivative: Concavity and Points of Inflection
3550,Improper Integrals of the Second Kind: Discontinuities at Interior Points
3551,Qualitative Analysis of the Logistic Growth Equation
3552,Squaring a Square Root
3553,Graphing Reflections of Trigonometric Functions: Three or More Transformations
3554,Congruent Angles
3555,Solving Rational Equations Containing Binomials Using Cross-Multiplication
3556,Finding Equations of Parallel Lines
3557,Describing Properties of the Cosine Function
3558,Describing Properties of the Tangent Function
3559,Combining Transformations of Absolute Value Graphs
3560,Radius of Convergence of Power Series
3561,Negative Exponents
3562,Finding Equations of Perpendicular Lines
3563,Describing Properties of the Secant Function
3565,"Arcs, Segments, and Sectors of Circles"
3566,Describing Properties of the Cotangent Function
3567,Describing Properties of the Cosecant Function
3568,Trigonometric Ratios of Quadrantal Angles Outside the Standard Range
3569,Surfaces in Cylindrical Polar Coordinates
3570,Surfaces in Spherical Polar Coordinates
3571,The Extreme Value Theorem
3573,Recognizing Standard Maclaurin Series for Trigonometric Functions
3574,Finding Complex Eigenvectors of Real 2x2 Matrices
3575,Applying the Fundamental Theorem of Calculus to Exponential and Trigonometric Functions
3576,Calculating the Displacement of a Particle Using Integration
3577,Factoring Trinomials Using Common Factors
3579,The Mode of a Data Set
3581,Determining Characteristics of Moving Objects Using Differentiation
3582,Determining Characteristics of Moving Objects Using Integration
3584,Horizontal and Vertical Tangents to Polar Curves
3585,Rounding Up Decimals
3587,"Multiplying by 10, 100, and 1,000 Using Place Value"
3589,Correlation vs. Causation
3590,Interpreting Trend Line Coefficients
3591,Covariance
3593,Speed as a Unit Rate
3594,The Empirical Rule for the Normal Distribution
3595,Residuals and Residual Plots
3596,Parametrizations of Cylinders
3597,Parametrizations of Paraboloids and Hyperboloids
3601,Constructing Moment-Generating Functions for Continuous Probability Distributions
3602,Areas of Surfaces
3603,Likelihood Functions for Discrete Probability Distributions
3622,Diagonals of Cubes
3627,Green's Theorem in Polar Coordinates
3628,Further Solving First-Order ODEs by Substitution
3629,Jordan Canonical Form of a 2x2 Matrix
3631,One-to-One Transformations of Discrete Random Variables
3632,Surface Areas of Revolution: Rotation About the Y-Axis
3633,Ranks of Generalized Eigenvectors
3634,Finding Generalized Eigenvectors of Specific Ranks
3635,Expressing Inhomogeneous ODEs as First-Order Systems
3636,Marginal Distributions for Continuous Random Variables
3637,The Distribution Function Method With Many-to-One Transformations
3638,Combining Multiple Normally Distributed Random Variables
3639,Jordan Canonical Decomposition of a 3x3 Matrix
3640,The Joint CDF of Two Continuous Random Variables
3641,The Shell Method: Rotating a Region Between Two Curves About the X-Axis
3642,Moments of Discrete Random Variables
3645,The Image of a Linear Transformation in the Cartesian Plane
3647,Many-to-One Transformations of Discrete Random Variables
3648,Calculating Variance and Standard Deviation Using Moment-Generating Functions
3652,Jordan Canonical Decomposition of a 2x2 Matrix
3653,Solving Cubic Equations With Complex Roots
3657,Solving Quartic Equations With Complex Roots
3658,Tree Diagrams for Dependent Events: Applications
3663,Further Angles in Inscribed Right Triangles
3664,Modeling With Inverse Variation
3665,Maximizing Profit and Break-Even Points
3667,"Constructing Revenue, Cost, and Profit Functions"
3668,Euler's Method: Calculating Multiple Steps
3670,Further Advanced Rational Equations
3671,Further Limits Involving the Exponential Function
3672,Exponential Growth and Decay Models With First-Order ODEs: Calculating Unknown Times and Initial Values
3673,Exponential Growth and Decay Models With First-Order ODEs: Half-Life Problems
3674,Solving the Logistic Growth Equation
3675,Solving Logarithmic Equations Using the Zero-Product Property
3676,Linear vs. Exponential Growth and Decay Models
3678,Evaluating Special Limits Involving Sine Using a Substitution
3679,Subtracting a Positive Fraction From a Smaller Fraction
3680,Subtracting a Positive Decimal From a Smaller Decimal
3681,Modeling Financial Problems Using Geometric Series
3683,The Domain and Range of Transformed Functions
3684,Further Solving of Two-Variable Nonlinear Inequalities
3685,Identifying a Rational Function From a Graph Containing Holes
3686,Identifying the Graph of a Rational Function
3687,The Work-Energy Principle
3688,Line Integrals of Scalar Functions Over Circles
3689,Line Integrals of Scalar Functions Over Paths Expressed as Functions of Y
3690,Line Integrals of Scalar Functions Over Ellipses
3692,Gradient Vector Fields
3693,Determining Properties of Objects Described as Functions of Displacement
3694,Interpreting Line Integrals of Vector-Valued Functions
3695,Recursive Formulas for Arithmetic Sequences
3696,Upper Riemann Sums Over General Rectangular Partitions
3697,Partitions of Intervals
3698,Calculating Double Summations Over Partitions
3699,Line Integrals of Scalar Functions Over Line Segments
3700,Properties of the Curl Operator
3701,Properties of the Divergence Operator
3703,Sums of Line Integrals With Respect to X and Y
3704,Properties of Line Integrals of Vector-Valued Functions
3705,Sums of Line Integrals With Respect to X and Y Over Parametric Curves
3706,The Image of an Affine Transformation
3707,The Inverse of an Affine Transformation
3708,Properties of Line Integrals With Respect to X and Y
3709,Simplifying Expressions With Surds
3710,Factorials in Variable Expressions
3711,Line Integrals of Vector-Valued Functions Over General Curves
3713,Circulation
3715,Flux in Two-Dimensional Vector Fields
3716,Calculating Flux in Two-Dimensional Vector Fields
3717,Stream Functions
3718,Multiplying Negative Numbers
3719,Dividing With Negative Decimals and Fractions
3720,Subtracting a Positive Number From a Negative Number
3721,Constructing Algebraic Expressions
3722,Determining the General Term of a Sequence Given Its Generating Function
3723,Generating Functions for Inhomogeneous Recurrence Relations
3724,Solving Linear Inequalities With Unknown Parameters
3725,Properties of Lines Given in Standard Form
3726,Solving Homogeneous Recurrence Relations Using Generating Functions
3728,The Range of a Function: Advanced Cases
3729,The Square Root of a Perfect Square With Domain Restrictions
3731,Problem Solving With Angles of Triangles
3732,Vertical Motion
3734,Domain and Range of Inverse Functions
3735,Graph Transformations of Reciprocal Functions
3736,Modeling Using the Law of Cosines
3737,Solving Exponential Equations With Different Bases Using Logarithms
3738,Determining Polynomial Coefficients Using the Factor Theorem
3739,Adding Rational Expressions With No Common Factors in the Denominator
3741,The Range of a Transformed Radical Function
3746,Further Reasoning With Equivalent Ratios
3747,Solving Linear Equations With Unknown Coefficients
3748,Solving Equations With Odd Exponents Using the Nth Root Method
3749,The Median of a Data Set
3750,Additive Comparisons of Whole Number Expressions
3751,"Rectangles, Rhombuses, and Squares"
3752,Solving Linear Equations With Unknown Coefficients by Factoring
3753,Making Predictions Using Trend Lines
3754,Finding a Percentage Given Two Numbers: Word Problems
3755,Removing Outliers
3756,Adding and Subtracting Radical Expressions
3757,Measuring Quartiles and IQR From Dot Plots
3758,Comparing Measures of Spread
3759,Exponential Regression
3760,Multiplying and Dividing Binary Integers
3761,"Further Speed, Distance, Time Problems"
3762,Multiplying Mixed Numbers: Word Problems
3763,Modeling With One-Step Inequalities
3764,The Special Case of the Binomial Theorem
3765,Further Modeling With Linear Equations in Two Variables
3766,Evaluating Trigonometric Expressions
3767,Calculating Displacement for Plane Motion
3768,Conjugate Axes of Hyperbolas
3769,The Sum Rule for Indefinite Integrals
3770,Integrating Exponential Functions Using Substitution
3771,Higher-Degree Taylor Polynomials
3774,Higher Roots of Complex Numbers
3775,Introduction to Principal Component Analysis
3776,Nilpotent and Idempotent Matrices
3778,Boolean Functions
3779,Boolean Functions And Logical Operations
3780,Disjunctive Normal Forms
3781,Conjunctive Normal Forms
3782,Boolean Polynomials
3783,Truth-Preserving Boolean Functions
3785,Self-Dual Boolean Functions
3786,Monotonic Boolean Functions
3787,Affine Boolean Functions
3788,Functionally Complete Sets
3789,Introduction to Logic Circuits
3790,Simplifying Logic Circuits
3791,Logic Gates and Combinational Circuits
3793,Simplifying Logical Expressions Using Karnaugh Maps
3795,Mealy Machines
3796,Moore Machines
3797,Deterministic Finite Automata
3798,Nondeterministic Finite Automata
3799,The Language of Automata
3800,Regular Expressions
3802,Introduction to Turing Machines
3803,Big-O Notation
3805,Big-Omega Notation
3807,Big-Theta Notation
3811,Limits of Inverse Trigonometric Functions
3812,Plotting Parametric and Polar Curves Using Technology
3813,Estimating Multi-Digit Division
3814,Nondeterministic Turing Machines
3817,Describing Function Composition
3818,Projecting Vectors Onto Subspaces in Euclidean Spaces (Arbitrary Bases): Applications
3819,Computing the Singular Values of a Matrix
3820,The Sample Variance
3821,Graphs of Functions
3822,Further Graphing of Two-Variable Linear Inequalities
3823,Rotating Objects in the Coordinate Plane Using Functions
3824,Completing the Square With Leading Coefficients
3825,Analyzing Second-Degree Taylor Polynomials
3826,Taylor Series
3827,Graphing Non-Strict Two-Variable Linear Inequalities
3828,Infinite Limits of Rational Functions: Advanced Cases
3829,Extending the Trigonometric Ratios to Large Angles
3830,Inverses of Quadratic Functions
3831,Further Continuity of Piecewise Functions
3832,Solving Logarithmic Equations by Combining the Laws of Logarithms
3833,Solving Quadratic Inequalities Using the Graphical Method
3834,Tangent and Normal Lines to Polar Curves
3835,Defining Abstract Vector Spaces
3836,The Rank-Nullity Theorem
3837,Calculating Trigonometric Ratios Using the Sum Formula for Sine
3838,Further Convergence of Geometric Sequences
3839,Calculating Trigonometric Ratios Using the Sum Formula for Cosine
3840,Calculating Trigonometric Ratios Using the Sum Formula for Tangent
3842,Completing the Square With Odd Linear Terms
3843,Addition in Scientific Notation With Different Powers of Ten
3844,Identifying Monotonic Sequences Using Differentiation
3845,Constructing Functions Using Transformations
3846,Relating Concavity to the Second Derivative
3847,The Distributive Law With Three Terms
3848,Combining Radical Expressions Using the Product Rule
3849,Solving Quadratic Equations With Leading Coefficients by Completing the Square
3850,Combining Graph Transformations of Tangent and Cotangent
3851,Roots of Absolute Value Functions
3852,The Rank-Nullity Theorem in Terms of Linear Transformations
3854,Further Differentiation of Curves Given in Polar Form
3855,Confidence Intervals for One Mean: Unknown Population Variance
3856,Computing Expected Values From Joint Distributions
3857,Alternate Forms of the Secant-Tangent Identity
3858,Determining Convergence Parameters for Infinite Series
3859,I.I.D Normal Random Variables
3860,Further Modeling With First-Order ODEs
3861,Identifying Monotonic Sequences Using Ratios
3862,Applications of the Central Limit Theorem
3863,Independence of Continuous Random Variables
3864,Sampling Distributions
3866,Properties of the Joint CDF of Two Continuous Random Variables
3867,Simulating Random Observations
3868,Unit Conversions Using Base Units of Mass
3869,Unit Conversions Using Base Units of Length
3870,Unit Conversions Using Units of Time
3871,Two-Step Unit Conversions
3872,Units of Area and Volume
3873,Simplifying Linear Expressions When a Group of Terms Is Subtracted
3874,Interpreting Multiplication Equations as a Comparison
3875,Adding Two-Digit Whole Numbers
3876,Subtracting Two-Digit Numbers
3877,The Relationship Between Multiplication and Division
3878,Multiplying Numbers Using Repeated Addition
3879,Estimating Multi-Digit Addition
3880,Estimating Multi-Digit Subtraction
3881,Adding Three Multi-Digit Numbers
3882,"Dividing by 10, 100, and 1,000 Using the Pattern of Zeros"
3883,Rounding Down Whole Numbers
3884,Rounding Up Whole Numbers
3885,Writing Whole Numbers in Words
3886,Dividing Numbers Using Place-Value Strategies
3888,Understanding Remainders Using Models
3889,Decomposing Fractions Into Sums Using Models
3890,Place Value With Numbers Up to Seven Digits
3893,Models for Mixed Numbers
3895,Horizontal and Vertical Tangents to Polar Curves in Non-Differentiable Cases
3896,Further Optimizing Functions Using Graphs of Derivatives
3898,Interpreting Division Problems as Mixed Numbers
3899,Reading Whole Numbers Written in Words
3900,Rounding Up the Digit 9
3901,Converting Mixed Numbers to Improper Fractions
3902,Representing Comparison Statements as Equations
3903,Word Problems Involving Additive and Multiplicative Comparison
3904,Solving Multistep Word Problems Using Number Operations
3906,Subtracting Two-Digit Numbers From Three-Digit Numbers
3907,Subtracting Three-Digit Numbers
3908,Subtracting Numbers Up to Five Digits
3909,Subtracting Numbers Up to Seven Digits
3910,Adding Three-Digit and Two-Digit Numbers
3911,Adding Three-Digit Numbers
3912,Adding Numbers Up to Five Digits
3913,Adding Numbers Up to Seven Digits
3914,Converting Fractions to Decimals
3915,Plotting Decimals on Number Lines
3916,Adding Decimal Fractions
3919,Comparing Whole Numbers Using Place Value
3920,More Multi-Digit by One-Digit Division Using Area Models
3921,Equivalent Place Value Representations
3923,Evaluating Expressions Containing Multiplication and Division
3924,Rewriting Numbers Ending in Zeros
3925,Two-Digit by One-Digit Division With Remainders Using Partial Quotients
3926,Conditional Variance for Discrete Random Variables
3929,Conditional Variance for Continuous Random Variables
3930,Finite Population Corrections for Sample Means
3931,Confidence Intervals for One Proportion: Finite Population Corrections
3932,Point Estimates of Population Proportions
3933,Multiplying Numbers Using Repeated Subtraction
3934,Subtracting Fractions With Like Denominators
3935,Connecting Factors and Multiples
3936,Comparing Fractions Using One-Half Benchmarks
3937,Comparing Fractions Using Unit Benchmarks
3939,The Covariance Matrix
3940,Variance of Sums of Random Variables
3941,More on Equivalent Place Value Representations
3942,The Factors of a Number
3943,Inverses of Radical Functions
3944,Inverses of Reciprocal Functions
3945,Computing Principal Components
3946,The Connection Between PCA and SVD
3947,Adding Fractions With Like Denominators: Word Problems
3948,Adding Mixed Numbers With Like Denominators: Word Problems
3949,Finding Remainders
3950,Approximating Areas Under Graphs of Composite Functions
3951,Writing Unit Fractions in Words
3952,Division With Remainders
3953,Evaluating Expressions Involving Addition and Multiplication
3954,Equivalent Place Value Representations and Borrowing
3955,Decomposing Fractions Into Sums
3956,Finding Intersections of Functions Using a Graphing Calculator
3958,Properties of Finite Series
3959,Writing Fractions in Words
3960,Modeling With Rectangles
3965,Solving Angle Problems
3968,Multiplying Fractions by Whole Numbers Using Models
3970,Confidence Intervals for Paired Samples: Known Variances
3971,Connecting Patterns
3972,Converting Metric Units of Length to Larger Units
3974,Converting Units of Volume to Larger Units
3975,Converting Units of Mass to Larger Units
3976,Converting Units of Time to Larger Units
3977,Confidence Intervals for Paired Samples: Unknown Variances
3978,Further Solving Multistep Word Problems Using the Four Operations
3979,Parallel and Perpendicular Lines
3980,Measuring Angles Using a Protractor
3981,Connecting Angles and Circles
3989,Subtraction in Scientific Notation With Different Powers of Ten
3990,Converting Units of Area to Larger Units
3992,Absolute Value Equations With Extraneous Solutions
3994,Converting Customary Units of Length to Smaller Units
3996,Comparing Decimals Up to Hundredths
4002,Further Addition in Scientific Notation With Different Powers of Ten
4004,Improper Integrals Involving Exponential Functions
4005,Improper Integrals Involving Arctangent
4012,Expected Values of Continuous Random Variables
4019,Alternate Angles
4021,Solving Two-Step Inequalities
4025,Dividing Numbers by One-Digit Numbers With Rounding
4026,Solving Systems of Linear Equations Using Elimination: One Transformation
4028,Unbounded Intervals
4029,Further Absolute Value Equations
4031,Representing Solutions to Inequalities on Number Lines
4033,Significant Figures
4034,Further Solving Linear Inequalities
4037,Extending the Trigonometric Ratios Using Angles in Radians
4043,Calculating Probabilities With Continuous Random Variables
4050,Properties of Roots of Unity
4052,Further Properties of Infinite Series
4057,Calculating Derivatives From Graphs Using the Chain Rule
4059,Related Rates With Implicit Functions
4063,Interiors and Boundaries of Sets
4065,Combining Similarity Criteria for Triangles
4073,Converting Customary Units of Length to Larger Units
4077,Subspaces of N-Dimensional Space: Geometric Interpretation
4080,Finding Definite Integrals Using a Graphing Calculator
4084,Finding Improper Integrals Using a Graphing Calculator
4096,Computing Partial Derivatives Using the Rules of Differentiation
4097,Open and Closed Sets
4100,Continuous Random Variables Over Infinite Domains
4104,Consecutive Angles
4116,Confidence Intervals for Linear Regression Intercept Parameters
4117,Pooled Variance
4118,Confidence Intervals for Two Means: Unequal and Unknown Population Variance
4119,Hypothesis Tests for Two Means: Unequal and Unknown Population Variances
4120,Two-Tailed Hypothesis Tests
4123,Likelihood Functions for Continuous Probability Distributions
4124,Log-Likelihood Functions for Discrete Probability Distributions
4125,Log-Likelihood Functions for Continuous Probability Distributions
4126,Hypothesis Tests for the Rate of a Poisson Distribution
4131,Critical Regions for Left-Tailed Hypothesis Tests
4132,Computing Double Integrals Using a Change of Variables
4134,Transformations of Regions Between Curves
4135,Polar Coordinate Transformations
4136,Equivalent Fractions With Negative Numbers
4139,Differentiating Vector-Valued Functions
4141,Repeated Integrals in Three Dimensions
4143,Calculating Flux Through Cartesian Surfaces
4144,Calculating Flux Through Closed Surfaces
4145,Calculating Flux Through Parametric Surfaces
4146,Triple Integrals Over Type I Regions
4149,The Inverse Function Theorem
4151,Computing Triple Integrals Using a Change of Variables
4158,Changing the Order of Integration in Triple Integrals: Changing Region
4160,Source-Free Vector Fields
4162,Flux Through Closed Surfaces
4164,Optimizing Multivariable Functions Using Lagrange Multipliers
4166,Moments and Centers of Mass of Plane Laminas
4167,Moments and Centers of Mass of Thin Rods
4169,The Derivative of a Multivariable Function
4171,Second-Degree Taylor Polynomials of Multivariable Functions
4173,Moments of Inertia of Laminas About Other Axes
4174,Calculating the Radius of Gyration of a Plane Lamina
4196,Units of Mass
4197,Units of Time
4198,Units of Volume
4204,Comparing Fractions Using Common Denominators
4208,Intersections of Lines and Planes With Surfaces
4218,Optimizing Distances to Curves
4219,Subtracting Mixed Numbers With Like Denominators: Word Problems
4231,Subtracting Fractions With Like Denominators: Word Problems
4236,Solving Systems of Linear Equations Using Elimination: Two Transformations
4238,Constrained Optimization of Quadratic Forms: Determining Where Extrema are Attained
4250,The Fundamental Theorem of Arithmetic
4252,Truth Tables
4254,Truth Sets of Predicates
4255,"The ""And"" and ""Or"" Connectives With Predicates"
4256,"The ""Not"" Connective With Predicates"
4257,Conditional Statements With Predicates
4258,Negating Statements With Nested Quantifiers
4302,Simplifying Predicate Expressions Using De Morgan's Laws
4303,Implication Elimination and Denying the Consequent
4305,Disjunctive Syllogism and Transitivity of Implication
4306,Additional Rules of Logical Inference
4314,Significant Figures With Decimals
4315,Applying the Addition Law With Event Complements
4319,Orthogonal Linear Transformations
4327,Elementary Properties of Set Operations
4342,The Limit of a Null Sequence
4343,Proving the Finite Limit of a Sequence
4344,Infinite Limits of Sequences
4361,Computing Probabilities of Events Containing Complements Using Venn Diagrams
4376,Proving the Limit of a Null Sequence
4386,Infinite Sets
4387,Visualizing Cartesian Products
4392,Describing Planar Regions Using Set-Builder Notation
4393,Describing Sets Using Set-Builder Notation
4394,"Cardinality of the Natural Numbers, Integers, and Rationals"
4396,The Maximum and Minimum of a Set
4399,Proving a Sequence Has an Infinite Limit
4420,Symmetry Properties of the Standard Normal Distribution
4422,Grammatical Constructions for Conditional Statements
4423,Prenex Normal Form
4424,The Cardinality of the Power Set of Natural Numbers
4425,The Conditional Definition of a Set
4426,Proving Distributive Properties of Union and Intersection
4427,Proving De Morgan's Laws for Sets
4429,Proving Parity
4430,Distributive Properties of Set Operations
4432,Proof by Cases
4433,Properties of Integer Divisibility
4435,Proving Divisibility Using Congruence
4437,Proving Parity by Contrapositive
4536,Estimating Decimal Subtraction With Benchmarks
4638,Consistency and Dependency in Linear Systems
4698,Dividing Whole Numbers by Fractions Using Models: Fractional Results
4788,Five- and Six-Digit by One-Digit Multiplication
4818,Multiplicative Inverses Modulo N
4819,The Domain and Range of a Relation
4820,Reflexive and Irreflexive Relations
4821,Symmetric and Antisymmetric Relations
4822,Transitive Relations
4823,The Integers Modulo N
4824,N-ary Relations
4825,Functional Relations
4826,Relations on Infinite Sets
4832,Operations on Relations
4837,Graphical Representations of Relations
4839,Solving Linear Congruences
4858,Properties of the Cross Product
4860,Continuous Infinite Sets With Equal Cardinality
4922,Proving Irrationality by Contradiction
4923,Proving Properties of Irrationals by Contradiction
4924,Proving Subset Relations
4925,Proving Biconditional Statements
4927,Disproving Implications
4928,Properties of Prime Divisibility
4934,Modeling With Trigonometric Functions
4941,Proving Properties of Linear Congruences
4942,Proving a Relation Is an Equivalence Relation
4943,Confidence Intervals for Two Proportions
4944,Hypothesis Tests for Two Means: Paired-Sample T-Test
4945,The Method of Moments
4946,Confidence Intervals for Two Means: Equal and Unknown Population Variance
4948,Critical Regions for Right-Tailed Hypothesis Tests
4951,Further Factoring Trinomials With Leading Coefficients
5020,Finite Population Corrections for Sample Proportions
5088,Finding Zeros and Extrema of Transformed Sine and Cosine Functions
5100,Identifying Angle Postulates
5135,Proving Perpendicular Line Theorems
5137,Proving Consecutive Angle Theorems
5157,The Exterior Angle Theorem
5158,Proofs Involving Medians and Centroids
5159,Proving the Midpoint Theorem
5169,Proving Criteria for Parallelograms and Rectangles
5188,Proving Similarity Statements
5204,Sums of Squares
5271,Further Proving Alternate Angle Theorems
5272,Further Proving Consecutive Angle Theorems
5273,Further Proving Perpendicular Line Theorems
5275,Confidence Intervals for One Means: Finite Population Correction
5289,Feature Extraction Using PCA
5360,One-Factor Analysis of Variance
5363,The Method of Moments: Two-Parameter Distributions
5365,"The Relationship Between SSW, SSB, SST"
5374,First-Order Recurrence Relations With Polynomial Forcing
5375,First-Order Recurrence Relations With Exponential Forcing
5377,Newton's Method for Optimizing Multivariable Functions
5379,Newton's Method for Multivariable Functions
5394,The Multinomial Distribution
5396,Principal Disjunctive Normal Forms
5397,Principal Conjunctive Normal Forms
5398,Post's Functional Completeness Theorem
5412,The PMF of the Hypergeometric Distribution
5414,Processing Strings Using Deterministic Finite Automata
5415,Adjacency Matrices of Directed Graphs
5420,Processing Strings Using Turing Machines
5431,"Walks, Paths, and Distances in Directed Graphs"
5432,Topological Ordering
5434,Identifying Angle Theorems
5488,Proving Alternate Angle Theorems
5527,Gradients With Respect to a Variable Subset
5536,Vector Gradients
5551,Kahn's Algorithm
5572,Linear Equations With No Solutions
5639,Complete and Bipartite Graphs
5719,Combining Means
5845,Total and Tensor Derivatives
5868,The Chain Rule for Total Derivatives
5869,Matrix Gradients
5916,The Hadamard Product
5970,Exponential Expressions
5971,Solving Multivariable Equations
5972,Interpreting Exponential Models
5973,Evaluating Expressions
5974,Interpreting Coefficients of Lines in Slope-Intercept Form
5975,Evaluating Linear Functions
5976,Constructing Models With One-Variable Linear Inequalities
5977,Solving Simple Systems of Linear Equations
5978,Areas of Rectangles and Squares
5979,The Canonical Equation of a Circle
5980,Corresponding Angles
5981,Trigonometric Ratios in Right Triangles
5982,Sampling Bias and Validity
5983,Estimation From Proportions and Samples
5984,The Mean of a Dataset
5985,Finding Parts of Numbers From Percentages
5986,Simple Probabilities in Real-World Contexts
5987,Unit Conversions to Smaller Units of Length
5988,Identifying Best-Fit Lines
5990,Adding Polynomials
5991,Simplifying Rational Expressions by Factoring
5997,The Law of Total Expectation for Discrete Random Variables
6007,Further Vector Gradients
6010,Solving Constant-Quadratic Systems of Equations
6011,Perfect Square Quadratic Equations
6012,Absolute Value Equations
6013,Counting Solutions to Quadratic Equations
6014,Interpreting Graphs of Quadratic Functions in Modeling Contexts
6015,Identifying Intercepts of Functions From Graphs
6016,Quadratic Functions
6020,Higher-Degree Polynomials
6021,Relations Between Trigonometric Ratios in Similar Right Triangles
6022,Cofunction Relationships and Identities
6023,The Pythagorean Theorem
6024,Problem-Solving With Isosceles Right Triangles
6025,Modeling Situations Using the Pythagorean Theorem
6026,Calculating Lengths and Areas Using Trigonometry
6027,Volumes of Right Rectangular Prisms
6028,Volumes of Cylinders
6029,Areas and Circumferences of Circles
6031,Calculating Areas in the Coordinate Plane
6032,Radians
6033,Arc Lengths of Sectors
6034,Tangent Lines to Circles
6035,Determining the Number of Solutions to a Linear Equation
6036,Numerical Word Problems
6039,Interior Angles of Triangles
6040,Finding Corresponding Angles in Similar Shapes
6041,Solving Problems With Embedded Right Triangles
6043,Solutions of Two-Variable Linear Inequalities
6044,Systems of Two-Variable Inequalities
6045,Compound Inequalities
6046,Margin of Error
6048,Expressing Percentage Change Using Decimals
6049,Applying Percentages in Succession
6052,Calculating Probabilities From Frequency Tables
6053,Simple Probabilities From Two-Way Frequency Tables
6055,Rate Problems
6056,Ratios
6058,Algebraic Expressions With Rates and Ratios
6059,Calculating Density
6061,Bar Graphs
6062,Tabular Datasets
6063,Comparing Data Sets
6064,Effects of Additional Data on Centrality Measures
6065,Interpreting Data Plots
6066,Quadratic vs. Exponential Models
6069,Solving Systems of Equations Using Addition or Subtraction
6070,Modeling Word Problems With Systems of Linear Equations
6071,The Intersection of Two Lines
6072,Linear Systems With Infinitely Many Solutions
6073,Interpreting Survey Data
6077,Interpreting Coefficients of Linear Functions in Context
6079,Identifying Tables Corresponding to Linear Functions
6081,Parallel Lines
6083,Interpreting Two-Variable Linear Equations
6084,Constructing Models With Two-Variable Linear Equations
6085,Finding Equations of Translated Functions
6086,Modeling Totals Using Two-Variable Linear Equations
6087,Interpreting Coefficients of Two-Variable Equations
6088,Modeling and Solving Systems of Linear Inequalities Using Technology
6091,Factoring Expressions Containing Binomials
6092,Equating Polynomial Coefficients
6103,The Zero Product Rule for Solving Polynomial Equations
6106,Applying the Distributive Law to Exponential Expressions
6142,Manipulating Expressions and Equations
6147,Combining Exponential Expressions
6148,Fractions of Fractions With Algebraic Expressions
6149,Factoring Differences of Squares Using Surds
6150,Adding Rational Expressions Using Polynomial Factorization
6153,Solving Many-Variable Rational Equations
6155,Solving Systems of Nonlinear Equations by Identifying Structure
6156,Solving Systems of Linear Equations by Identifying Structure
6172,Factoring Expressions Containing Hidden Factors
6173,Determining Unknown Parameters in Systems of Linear Equations
6174,Applying the Distributive Law to Radical Expressions
6175,Calculating Trigonometric Ratios From Descriptions
6176,Calculating Means From Frequency Tables
6177,Calculating Medians From Frequency Tables
6178,Areas of Inscribed Triangles
6179,Trigonometric Ratios of Large Angles in Degrees
6184,Trigonometric Ratios of Large Angles in Radians
6185,Further Rationalizing Denominators of Algebraic Expressions
6186,Calculating Modes From Frequency Tables
6187,Cumulative Frequency
6188,Comparing Data Set Visualizations Using Standard Deviation and MAD
6190,Calculating Modes and Medians From Histograms
6191,Comparing Means
6192,Comparing Medians
6193,Comparing Modes
6198,Converting Between Mixed Units Containing Squares
6202,Squares Inscribed in Circles
6206,Rewriting Radical Expressions Using the Laws of Exponents
6207,Non-Adjacent Complementary Angles
6212,Equilateral Triangles Inscribed in Circles
6213,Circles Inscribed in Equilateral Triangles
6214,Estimation From Samples
6215,Interpreting Survey Results
6216,Sampling
6217,Sampling and Margin of Error
6218,Biased and Unbiased Samples
6219,Constructing Linear Functions
6220,Time-Shifting Exponential Models
6221,Effects of Data Change on the Mean
6222,Finding Conditional Probabilities From Frequency Tables
6224,Modeling With Compound Inequalities
6225,Solving Linear Equations Containing Binomials
6226,Solving One-Step Addition Equations
6228,Manipulating Linear Equations Containing Binomials
6229,Solving Linear Equations Containing Binomials
6231,Solving Multistep Linear Equations
6232,Solving One-Step Multiplication Equations
6233,Solving Linear Equations With Binomials on Both Sides
6234,Density
6235,Solving Equations With Fractional Coefficients
6236,Solving Equations by Combining Terms
6237,Solving Linear Equations Containing Binomials by Factoring
6238,Solving Linear Equations Containing Binomials by Factoring
6239,Finding Equivalent Equations
6240,Linear Equations With Infinitely Many Solutions
6241,Constructing Models With One-Variable Linear Equations
6242,Multistep Numerical Word Problems
6243,Linear Models Presented in Unsimplified Form
6245,Modeling and Solving Problems Using Linear Equations
6246,Solving Two-Variable Linear Models
6247,Modeling Geometry Problems Using Linear Equations
6248,Interpreting Coefficients of Two-Variable Linear Equations
6250,Working With Function Composition
6251,Finding a Function Input for a Given Output
6252,Linear Functions Containing Unknown Parameters
6253,Constructing Linear Functions Using Slope-Intercept Form
6254,Further Constructing Models Using Linear Functions
6256,Modeling Using Slope-Intercept Form
6257,Modeling Totals Using Two-Variable Linear Equations
6258,Modeling With Linear Functions
6259,Constructing Models Using Linear Functions
6260,Identifying Linear Functions Corresponding to Tables
6262,Function Tables Containing Unknown Parameters
6263,Analyzing Functions in Tabular Form
6265,Linear Functions as Tables in Applications
6266,Determining Unknown Parameters in Quadratic Equations With One Real Solution
6267,Reasoning About Coefficients in Quadratic Equations Using the Factor Theorem
6268,Working With Equivalent Forms of Exponential Functions
6270,Constructing Functions Representing Properties of 2D Shapes
6272,Solving Quadratic Equations Containing Unknown Parameters
6276,Bounding Statistics for Grouped Data
6279,Linear Functions in Tabular Form
6280,Determining Unknown Parameters in Exponential Functions
6282,Larger Systems of Equations
6285,Reasoning About Coefficients of Quadratics Using Symmetry
6286,Reasoning About Coefficients of Quadratics Using Standard and Factored Forms
6287,"Optimizing Sums, Differences, Products, and Quotients"
6289,Determining Unknown Parameters in Quadratic Equations With No Real Solutions
6291,Determining Unknown Parameters in Quadratic Systems With One Intersection Point
6292,Determining Unknown Parameters in Quadratic Systems With Zero or Two Intersection Points
6294,Solving Many-Variable Nonlinear Equations
6295,Parametrizing Systems With Infinitely Many Solutions
6296,Fitting Quadratic Functions to Data Using Vertex Form
6297,Constructing Functions Representing Properties of Rectangular Solids
6298,Comparing Data Points to Lines of Best Fit
6299,Isosceles Triangles in Circles
6300,Solving Problems Describing Congruent Triangles
6302,Linear Functions in Tabular Form Containing Unknown Parameters
6303,Analyzing Linear Functions in Tabular Form
6304,Transformations of Linear Functions in Tabular Form
6305,Surface Areas of Combined Prisms
6307,Determining Unknown Parameters in Quadratic Equations: Advanced Cases
6308,Working With Descriptions of Similar Solids
6309,Working With Descriptions of Similar Shapes
6310,Reasoning About Congruent Triangles
6312,Composite Solids
6313,Calculating Means From Histograms
6314,Solving Parallel Line Problems From Descriptions
6315,Transforming Polynomial Functions
6316,Transforming Circles
6317,Reasoning About Similar Triangles
6319,Perpendicular Bisectors of Chords in the Coordinate Plane
6320,Determining Unknown Observations Given Statistical Metrics
6322,Border Problems
6324,Recognizing 30-60-90 Triangles
6325,Manipulating Ratios in Various Contexts
6328,Extrema of Exponential Functions
6329,Comparing Radicals
6330,Solving Geometry Problems by Manipulating Radicals
6331,Solving Angle Problems From Descriptions of Similar Triangles
6332,Modeling Using Systems of Non-Linear Equations
6333,"Constructing Functions Representing Volumes of Cylinders, Cones, and Pyramids"
6336,Identifying Valid Outputs of Factored Polynomials
6337,Solving Multipart Commerce and Finance Percentage Problems
6339,Interpreting Descriptions of Physical Phenomena
6341,Finding Intersections of Lines and Quadratic Functions
6342,Interpreting Rates of Change of Physical Phenomena
6343,Statistical Effects of Data Transformations
6344,Comparing Effects of Data Change on Measures of Centrality
6350,Working With Lines in Slope-Intercept Form
6351,Combining Graph Transformations of Exponential Functions
6353,Solving Exact ODEs Using Integrating Factors
6354,Riccati Differential Equations
6355,Clairaut Differential Equations
6360,Modeling With Systems of Linear Inequalities
6363,Comparing Data Sets Using Standard Deviation and MAD
6364,Newton's Law of Universal Gravitation
6367,Abel's Identity
6368,Classifying Figures Based on Angles
6369,The First Shifting Theorem of Laplace Transforms
6370,The Second Shifting Theorem of Laplace Transforms
6372,Laplace Transforms of Integrals
6373,The Trapezoidal Method
6374,Linear Independence for Homogeneous Systems of ODEs
6375,Matrix Exponentials
6376,Fundamental Matrices
6377,Equilibrium Points and Stability for Systems of ODEs
6378,Linear Approximations Near Equilibria
6379,Phase Portraits for Linear Systems With Zero Eigenvalues
6380,Shifted Systems of ODEs
6382,Fourier Series of Arbitrary Period
6383,Differentiating and Integrating Fourier Series
6386,Solving ODEs Using Fourier Series
6396,The Implicit Euler Method
6397,The ABM2 Method
6399,Order of Numerical Methods
6400,Euler's Method for Second-Order ODEs
6402,The Smoothness Property of Laplace Transforms
6408,Finding Equations of Lines Using Slopes and Points
6409,Graphs of Linear Equations in Slope-Intercept Form
6410,Finding Intercepts of Lines in Slope-Intercept Form
6411,Constructing and Analyzing Slope-Intercept Equations
6412,Properties of Lines Given in Standard or General Form
6413,Analyzing Linear Equations in General Form
6414,Analyzing Linear Equations of Shifted Lines
6415,Slopes of Perpendicular Lines
6416,Perpendicular Lines
6417,Modeling and Solving With One-Variable Linear Inequalities
6418,Modeling and Solving Percentage Problems With One-Variable Linear Inequalities
6419,Modeling and Solving With One-Variable Linear Inequalities: Advanced Cases
6421,Constructing Models With Compound Inequalities
6422,Modeling With Two-Variable Linear Inequalities
6423,Modeling and Solving Two-Variable Linear Inequalities
6425,Modeling With Systems of Inequalities
6426,Modeling and Solving Systems of Linear Inequalities
6427,Identifying Structure in Systems of Linear Equations
6428,Solving Systems of Equations Using Elimination
6429,Solving Problems With Systems of Linear Equations
6430,Solving Problems With Systems of Linear Equations in Standard Form
6432,Linear Equations With No Solutions
6433,Linear Systems With No Solution
6434,Determining the Number of Solutions to a Linear System
6435,Interpreting Graphs of Linear Functions
6436,The Relationship Between Systems of Linear Equations and Graphs
6437,Parametrizing Systems of Linear Equations
6438,"Perimeters of Squares, Rectangles, and Triangles"
6439,Areas of Right Triangles
6440,Solving Right Triangle Problems by Manipulating Radicals
6441,Surface Areas of Right Rectangular Prisms
6442,Volumes and Surface Areas of Cubes
6445,Volumes of Cylinders: Word Problems
6446,Volumes of Spheres
6447,Volumes of Cones
6450,Canonical Equations of Transformed Circles
6451,General Equations of Circles in the Coordinate Plane
6452,Solving Problems Involving the Canonical Equation of a Circle
6456,Isosceles Triangles Formed Within Circles
6457,Consecutive Angles
6458,Vertical Angles
6459,Problem-Solving With Corresponding Angles
6460,Interior Angles of Special Triangles
6461,Exterior Angles of Triangles
6462,Solving Problems With Multiple Triangles
6463,Interior and Exterior Angles in Connected Triangles
6464,Solving Problems With Similar Triangles
6468,Finding Corresponding Lengths in Similar Shapes
6471,Relating Length and Area in Similar Shapes
6472,"Length, Surface Area, and Volume in Similar Solids"
6473,Surface Areas of Combined Rectangular Prisms
6474,Congruent Triangles
6475,Identifying Information Needed to Determine Similarity
6477,Further Problem-Solving With Embedded Right Triangles
6478,Bisectors of Chords
6479,Volumes of Composite Solids
6480,Solving Border Problems With Quadratic Equations
6481,Constructing Functions Representing Area and Perimeter
6482,Constructing Functions Representing Surface Area and Volume
6484,Problem-Solving With Special Triangles
6487,Solving Problems Involving Inscribed Squares
6488,Solving Problems Involving Circles Inscribed in Equilateral Triangles
6489,Solving Problems Involving Equilateral Triangles Inscribed in Circles
6490,Further Problem-Solving With Special Triangles
6491,Solving Problems Involving Inscribed Circles
6492,Calculating Trigonometric Ratios Using the Pythagorean Theorem
6494,Trigonometric Ratios of Large Special Angles
6495,Problem-Solving Using Trigonometric Ratios in Similar Right Triangles
6497,Solving Quadratic Equations Using the Zero-Product Rule
6498,Solving Quadratic Equations Using the Quadratic Formula
6499,Solving Quadratic Equations With Unknown Parameters
6500,Applying Vieta's Formulas
6501,Solving Quadratic Equations by Factoring
6503,Using Standard and Factored Forms to Reason About Quadratic Functions
6505,Quadratic Equations With One Real Solution
6509,Quadratic Equations With Two Real Solutions
6510,Quadratic Equations With No Real Solutions
6512,Rational Equations
6513,Radical Equations
6514,Equations Containing Multiple Radicals
6516,Further Multivariable Equations
6517,Solving Multivariable Rational Equations
6519,Solving Multivariable Nonlinear Equations
6520,Solving Linear-Quadratic Systems of Equations
6521,Other Systems of Nonlinear Equations
6524,Linear-Quadratic Systems With One Solution
6525,Elementary Cubic Functions
6526,Absolute Value Functions
6527,Rational Functions
6528,Exponential Functions
6531,Exponential Functions Expressed in Equivalent Forms
6532,Converting Units of Time in Exponential Models
6533,Maxima and Minima of Exponential Functions
6534,Exponential Functions Containing Unknown Parameters
6535,Determining Inputs of Quadratic Functions for Given Outputs
6536,Finding Extreme Values of Quadratic Functions in Factored Form
6537,Finding Extreme Values of Quadratic Functions in Standard Form
6539,Polynomial Transformations
6541,Using Symmetry to Reason About Quadratic Functions
6542,Using the Factor Theorem to Reason About Polynomials
6543,Interpreting Quadratic Functions in Modeling Contexts
6544,Modeling Planar Motion Using Quadratic Functions
6545,Finding Extreme Values of Quadratic Functions in Vertex Form
6546,Modeling Number Problems With Quadratic Equations
6547,Modeling Geometry Problems With Quadratic Equations
6548,Descriptions of Physical Phenomena
6550,Linear-Quadratic Systems With Zero or Two Solutions
6551,Solving Quadratic Equations With Leading Coefficients by Factoring
6552,Exploiting Structure to Solve Nonlinear Systems of Equations
6553,Solving Challenging Linear-Quadratic Systems of Equations
6556,Constructing Exponential Functions From Descriptions
6557,Calculating Unknown Times in Exponential Models
6558,Transforming Exponential Functions
6559,Constructing Exponential Growth Models
6560,Determining Unknown Parameters in Exponential Models
6561,Constructing Exponential Decay Models
6562,Graphs of Higher-Degree Polynomials
6563,Identifying Graph Properties in Modeling Contexts
6564,Interpreting Graph Properties in Modeling Contexts
6565,Graphs of Quadratic Functions
6568,Further Polynomial Transformations
6569,Identifying Exponential Functions From Tabular Data
6570,Identifying Quadratic Functions From Tabular Data
6573,Adding Polynomials Using the Distributive Law
6574,Multiplying Binomials
6575,Factoring Polynomials Using the GCF
6576,Factoring Binomials Using Differences of Squares
6577,Factoring Trinomials
6578,Factoring Higher-Order Polynomials
6579,Simplifying Rational Expressions Using Polynomial Factorization
6580,Further Adding Rational Expressions
6581,Adding Rational Expressions
6582,Fractions of Fractions
6584,Simplifying Exponential Expressions
6585,Simplifying Exponential Expressions Using the Distributive Law
6587,Interpreting Margin of Error
6588,The Median of a Dataset
6589,The Relationship Between Means and Sums
6590,Comparing Measures of Center
6592,Frequency Tables
6593,Measuring Centrality From Frequency Tables
6595,Box Plots
6596,Comparing Data Sets Presented Visually
6597,Bounding Statistical Metrics
6598,Comparing Centrality Measures With Symmetric Datasets
6599,Finding Unknown Observations From Centrality Measures
6600,Comparing Centrality Measures From Frequency Tables
6602,Comparing Statistical Effects of Data Change
6603,Transformations of Best-Fit Lines
6604,Calculating Probabilities From Datasets
6606,Conditional Probabilities From Two-Way Frequency Tables
6607,Calculating Conditional Probabilities
6608,Making Predictions Using Best-Fit Lines
6609,The Slope of a Best-Fit Line
6610,Best-Fit Lines With Compressed Axes
6611,Analyzing Residuals of Best-Fit Lines
6613,Interpreting Time-Series Graphs
6614,Average Rate of Change From Data Plots
6615,Linear vs. Exponential Models
6617,Expressing Ratios of Numbers as Percentages
6618,Finding Totals From Percentages
6619,Applying Percentage Change
6620,Finding Original Values From Percentage Change
6621,Calculating Percentage Change
6623,Further Successive Percentage Changes
6624,Finding Percentages Represented by Variables
6628,Multistep Percentage Problems
6629,Applying Successive Percentage Changes
6631,Unit Conversions to Larger Units of Length
6632,Unit Conversions Between Units of Mass and Volume
6633,Two-Step Unit Conversions
6634,Unit Conversions Between Mixed Units
6635,Converting Between Mixed Units Containing Squares
6636,Multistep Rate Problems
6637,Speed Problems
6638,Applying Ratios
6640,Solving Equations Describing Proportional Relationships
6641,Working With Ratios in Various Settings
6642,Applying Percentages in Succession
6643,Applying Percentage Decreases
6646,Finding Original Values From Percentage Increases
6663,Finding Original Values From Percentage Decreases
6666,Calculating Percentage Change
6669,Piecewise Continuity
6678,General Solutions of First-Order Linear ODEs
6679,Solving First-Order Linear ODEs With Exponential Forcing
6680,Solving First-Order Linear ODEs With Sinusoidal Forcing
6682,Differentiating Under the Integral Sign
6685,Stability of Numerical Methods
6686,Using the Implicit Euler Method With Newton's Method
6689,Using the Trapezoidal Method With Newton's Method
6690,Solving Homogeneous Systems of ODEs Using Matrix Methods
6691,Solving Inhomogeneous Systems of ODEs Using Matrix Methods
6692,d'Alembert Differential Equations
6693,Falling Body Problems With Quadratic Drag
6699,Modeling Escape Velocity With First-Order ODEs
6700,Modeling Mixture Problems With First-Order Linear ODEs
6701,Modeling RC Circuits With First-Order ODEs
6704,Solving Second-Order ODEs Using Variation of Parameters
6707,Linear Differential Operators
6709,Properties of Fourier Series
6710,Second-Order Inhomogeneous Boundary Value Problems
6711,Second-Order Homogeneous Boundary Value Problems
6717,Laplace Transforms of Piecewise Continuous Functions
6718,Solving First-Order ODEs With Time-Delayed Forcing Using Laplace Transforms
6719,Finding General Solutions Using the Method of Frobenius
6720,Resonance in Vibrating Systems
6721,Solving IVPs Using Fourier Series
6722,Solving BVPs Using Fourier Series
6726,Modeling Current in RCL Circuits With Second-Order ODEs
6727,Finding Recurrence Relations for the Coefficients of a Frobenius Solution
6728,Solving Second-Order ODEs With Time-Delayed Forcing Using Laplace Transforms
6729,Lines of Symmetry
6739,Dividing Fractions: Word Problems
6740,Finding Side Lengths Using Fraction Division
6741,Identifying Rational Numbers on a Number Line
6742,Rational Numbers in the Coordinate Plane
6744,Ordering Rational Numbers
6749,Interpreting Absolute Value
6750,Evaluating Linear Expressions
6751,Simplifying Linear Expressions
6752,Applying the Distributive Law to Linear Expressions
6753,Factoring Linear Expressions
6754,Identifying Equivalent Expressions
6755,Identifying Solutions to Linear Equations
6756,One-Step Addition Equations
6757,One-Step Multiplication Equations
6758,One-Step Multiplication Equations Containing Fractions
6759,Modeling Real-World Problems Using One-Step Equations
6760,Modeling Real-World Problems Using Inequalities
6761,Solving Real-World Problems Using One-Step Equations
6762,Evaluating Algebraic Expressions
6766,Areas of Rectangles
6769,Areas of Triangles
6802,One-Step Division Equations
6803,One-Step Subtraction Equations
6805,Volumes of Rectangular Prisms With Fractional Edge Lengths: Word Problems
6819,Argmax and Argmin Notation
6824,Finding Argmax and Argmin From Tables and Graphs
7003,Modeling Fractions Using Number Lines
7008,Modeling Mixed Numbers Using Number Lines
7206,Converting Units to of Length to Larger Units Using Long Division
7208,Finding Surface Areas Using Nets
7743,Perimeters of Shapes
