topic-id,topic-code,topic-number,topic-name,unit,module,lesson-path,source-path,layer,nearest-integer-layer,course-map-index
461,CBC.1.1.1,1.1.1,The Finite Limit of a Function,1. Limits,1.1. Estimating Limits from Graphs,1. Limits/1.1. Estimating Limits from Graphs/Lessons/1.1.1. The Finite Limit of a Function.md,1. Limits/1.1. Estimating Limits from Graphs/Source/1.1.1. The Finite Limit of a Function,43,43,1
472,CBC.1.1.2,1.1.2,The Left and Right-Sided Limits of a Function,1. Limits,1.1. Estimating Limits from Graphs,1. Limits/1.1. Estimating Limits from Graphs/Lessons/1.1.2. The Left and Right-Sided Limits of a Function.md,1. Limits/1.1. Estimating Limits from Graphs/Source/1.1.2. The Left and Right-Sided Limits of a Function,44,44,2
625,CBC.1.1.3,1.1.3,Finding the Existence of a Limit Using One-Sided Limits,1. Limits,1.1. Estimating Limits from Graphs,1. Limits/1.1. Estimating Limits from Graphs/Lessons/1.1.3. Finding the Existence of a Limit Using One-Sided Limits.md,1. Limits/1.1. Estimating Limits from Graphs/Source/1.1.3. Finding the Existence of a Limit Using One-Sided Limits,45,45,3
1873,CBC.1.1.4,1.1.4,Limits at Infinity from Graphs,1. Limits,1.1. Estimating Limits from Graphs,1. Limits/1.1. Estimating Limits from Graphs/Lessons/1.1.4. Limits at Infinity from Graphs.md,1. Limits/1.1. Estimating Limits from Graphs/Source/1.1.4. Limits at Infinity from Graphs,45,45,4
1814,CBC.1.1.5,1.1.5,Infinite Limits from Graphs,1. Limits,1.1. Estimating Limits from Graphs,1. Limits/1.1. Estimating Limits from Graphs/Lessons/1.1.5. Infinite Limits from Graphs.md,1. Limits/1.1. Estimating Limits from Graphs/Source/1.1.5. Infinite Limits from Graphs,46,46,5
1716,CBC.1.2.1,1.2.1,"Limits of Power Functions, and the Constant Rule for Limits",1. Limits,1.2. The Algebra of Limits,"1. Limits/1.2. The Algebra of Limits/Lessons/1.2.1. Limits of Power Functions, and the Constant Rule for Limits.md","1. Limits/1.2. The Algebra of Limits/Source/1.2.1. Limits of Power Functions, and the Constant Rule for Limits",46,46,6
1914,CBC.1.2.2,1.2.2,The Sum Rule for Limits,1. Limits,1.2. The Algebra of Limits,1. Limits/1.2. The Algebra of Limits/Lessons/1.2.2. The Sum Rule for Limits.md,1. Limits/1.2. The Algebra of Limits/Source/1.2.2. The Sum Rule for Limits,47,47,7
1246,CBC.1.2.3,1.2.3,The Product and Quotient Rules for Limits,1. Limits,1.2. The Algebra of Limits,1. Limits/1.2. The Algebra of Limits/Lessons/1.2.3. The Product and Quotient Rules for Limits.md,1. Limits/1.2. The Algebra of Limits/Source/1.2.3. The Product and Quotient Rules for Limits,48,48,8
37,CBC.1.2.4,1.2.4,The Power and Root Rules for Limits,1. Limits,1.2. The Algebra of Limits,1. Limits/1.2. The Algebra of Limits/Lessons/1.2.4. The Power and Root Rules for Limits.md,1. Limits/1.2. The Algebra of Limits/Source/1.2.4. The Power and Root Rules for Limits,49,49,9
1263,CBC.1.3.1,1.3.1,Limits at Infinity of Polynomials,1. Limits,1.3. Limits of Functions,1. Limits/1.3. Limits of Functions/Lessons/1.3.1. Limits at Infinity of Polynomials.md,1. Limits/1.3. Limits of Functions/Source/1.3.1. Limits at Infinity of Polynomials,53,53,10
1905,CBC.1.3.2,1.3.2,Limits of Reciprocal Functions,1. Limits,1.3. Limits of Functions,1. Limits/1.3. Limits of Functions/Lessons/1.3.2. Limits of Reciprocal Functions.md,1. Limits/1.3. Limits of Functions/Source/1.3.2. Limits of Reciprocal Functions,54,54,11
1717,CBC.1.3.3,1.3.3,Limits of Exponential Functions,1. Limits,1.3. Limits of Functions,1. Limits/1.3. Limits of Functions/Lessons/1.3.3. Limits of Exponential Functions.md,1. Limits/1.3. Limits of Functions/Source/1.3.3. Limits of Exponential Functions,51,51,12
1377,CBC.1.3.4,1.3.4,Limits of Logarithmic Functions,1. Limits,1.3. Limits of Functions,1. Limits/1.3. Limits of Functions/Lessons/1.3.4. Limits of Logarithmic Functions.md,1. Limits/1.3. Limits of Functions/Source/1.3.4. Limits of Logarithmic Functions,50,50,13
1986,CBC.1.3.5,1.3.5,Limits of Radical Functions,1. Limits,1.3. Limits of Functions,1. Limits/1.3. Limits of Functions/Lessons/1.3.5. Limits of Radical Functions.md,1. Limits/1.3. Limits of Functions/Source/1.3.5. Limits of Radical Functions,50,50,14
1719,CBC.1.3.6,1.3.6,Limits of Trigonometric Functions,1. Limits,1.3. Limits of Functions,1. Limits/1.3. Limits of Functions/Lessons/1.3.6. Limits of Trigonometric Functions.md,1. Limits/1.3. Limits of Functions/Source/1.3.6. Limits of Trigonometric Functions,58,58,15
1958,CBC.1.3.7,1.3.7,Limits of Reciprocal Trigonometric Functions,1. Limits,1.3. Limits of Functions,1. Limits/1.3. Limits of Functions/Lessons/1.3.7. Limits of Reciprocal Trigonometric Functions.md,1. Limits/1.3. Limits of Functions/Source/1.3.7. Limits of Reciprocal Trigonometric Functions,59,59,16
3811,CBC.1.3.8,1.3.8,Limits of Inverse Trigonometric Functions,1. Limits,1.3. Limits of Functions,1. Limits/1.3. Limits of Functions/Lessons/1.3.8. Limits of Inverse Trigonometric Functions.md,1. Limits/1.3. Limits of Functions/Source/1.3.8. Limits of Inverse Trigonometric Functions,58,58,17
1262,CBC.1.3.9,1.3.9,Limits of Piecewise Functions,1. Limits,1.3. Limits of Functions,1. Limits/1.3. Limits of Functions/Lessons/1.3.9. Limits of Piecewise Functions.md,1. Limits/1.3. Limits of Functions/Source/1.3.9. Limits of Piecewise Functions,60,60,18
1813,CBC.1.4.1,1.4.1,Calculating Limits of Rational Functions by Factoring,1. Limits,1.4. Determining Limits Using Algebraic Manipulation,1. Limits/1.4. Determining Limits Using Algebraic Manipulation/Lessons/1.4.1. Calculating Limits of Rational Functions by Factoring.md,1. Limits/1.4. Determining Limits Using Algebraic Manipulation/Source/1.4.1. Calculating Limits of Rational Functions by Factoring,49,49,19
605,CBC.1.4.2,1.4.2,Limits of Absolute Value Functions,1. Limits,1.4. Determining Limits Using Algebraic Manipulation,1. Limits/1.4. Determining Limits Using Algebraic Manipulation/Lessons/1.4.2. Limits of Absolute Value Functions.md,1. Limits/1.4. Determining Limits Using Algebraic Manipulation/Source/1.4.2. Limits of Absolute Value Functions,61,61,20
604,CBC.1.4.3,1.4.3,Calculating Limits of Radical Functions Using Conjugate Multiplication,1. Limits,1.4. Determining Limits Using Algebraic Manipulation,1. Limits/1.4. Determining Limits Using Algebraic Manipulation/Lessons/1.4.3. Calculating Limits of Radical Functions Using Conjugate Multiplication.md,1. Limits/1.4. Determining Limits Using Algebraic Manipulation/Source/1.4.3. Calculating Limits of Radical Functions Using Conjugate Multiplication,50,50,21
107,CBC.1.4.4,1.4.4,Calculating Limits Using Trigonometric Identities,1. Limits,1.4. Determining Limits Using Algebraic Manipulation,1. Limits/1.4. Determining Limits Using Algebraic Manipulation/Lessons/1.4.4. Calculating Limits Using Trigonometric Identities.md,1. Limits/1.4. Determining Limits Using Algebraic Manipulation/Source/1.4.4. Calculating Limits Using Trigonometric Identities,60,60,22
1903,CBC.1.4.5,1.4.5,Limits at Infinity and Horizontal Asymptotes of Rational Functions,1. Limits,1.4. Determining Limits Using Algebraic Manipulation,1. Limits/1.4. Determining Limits Using Algebraic Manipulation/Lessons/1.4.5. Limits at Infinity and Horizontal Asymptotes of Rational Functions.md,1. Limits/1.4. Determining Limits Using Algebraic Manipulation/Source/1.4.5. Limits at Infinity and Horizontal Asymptotes of Rational Functions,55,55,23
607,CBC.1.4.6,1.4.6,Evaluating Limits at Infinity by Comparing Relative Magnitudes of Functions,1. Limits,1.4. Determining Limits Using Algebraic Manipulation,1. Limits/1.4. Determining Limits Using Algebraic Manipulation/Lessons/1.4.6. Evaluating Limits at Infinity by Comparing Relative Magnitudes of Functions.md,1. Limits/1.4. Determining Limits Using Algebraic Manipulation/Source/1.4.6. Evaluating Limits at Infinity by Comparing Relative Magnitudes of Functions,59,59,24
616,CBC.1.4.7,1.4.7,Evaluating Limits at Infinity of Radical Functions,1. Limits,1.4. Determining Limits Using Algebraic Manipulation,1. Limits/1.4. Determining Limits Using Algebraic Manipulation/Lessons/1.4.7. Evaluating Limits at Infinity of Radical Functions.md,1. Limits/1.4. Determining Limits Using Algebraic Manipulation/Source/1.4.7. Evaluating Limits at Infinity of Radical Functions,56,56,25
1815,CBC.1.4.8,1.4.8,Vertical Asymptotes of Rational Functions,1. Limits,1.4. Determining Limits Using Algebraic Manipulation,1. Limits/1.4. Determining Limits Using Algebraic Manipulation/Lessons/1.4.8. Vertical Asymptotes of Rational Functions.md,1. Limits/1.4. Determining Limits Using Algebraic Manipulation/Source/1.4.8. Vertical Asymptotes of Rational Functions,49,49,26
1384,CBC.1.4.9,1.4.9,Connecting Infinite Limits and Vertical Asymptotes of Rational Functions,1. Limits,1.4. Determining Limits Using Algebraic Manipulation,1. Limits/1.4. Determining Limits Using Algebraic Manipulation/Lessons/1.4.9. Connecting Infinite Limits and Vertical Asymptotes of Rational Functions.md,1. Limits/1.4. Determining Limits Using Algebraic Manipulation/Source/1.4.9. Connecting Infinite Limits and Vertical Asymptotes of Rational Functions,55,55,27
473,CBC.1.5.1,1.5.1,The Squeeze Theorem,1. Limits,1.5. Special Limits,1. Limits/1.5. Special Limits/Lessons/1.5.1. The Squeeze Theorem.md,1. Limits/1.5. Special Limits/Source/1.5.1. The Squeeze Theorem,62,62,28
606,CBC.1.5.2,1.5.2,Special Limits Involving Sine,1. Limits,1.5. Special Limits,1. Limits/1.5. Special Limits/Lessons/1.5.2. Special Limits Involving Sine.md,1. Limits/1.5. Special Limits/Source/1.5.2. Special Limits Involving Sine,60,60,29
3678,CBC.1.5.3,1.5.3,Evaluating Special Limits Involving Sine Using a Substitution,1. Limits,1.5. Special Limits,1. Limits/1.5. Special Limits/Lessons/1.5.3. Evaluating Special Limits Involving Sine Using a Substitution.md,1. Limits/1.5. Special Limits/Source/1.5.3. Evaluating Special Limits Involving Sine Using a Substitution,61,61,30
292,CBC.1.5.4,1.5.4,Special Limits Involving Cosine,1. Limits,1.5. Special Limits,1. Limits/1.5. Special Limits/Lessons/1.5.4. Special Limits Involving Cosine.md,1. Limits/1.5. Special Limits/Source/1.5.4. Special Limits Involving Cosine,62,62,31
2610,CBC.1.5.5,1.5.5,Limits Involving the Exponential Function,1. Limits,1.5. Special Limits,1. Limits/1.5. Special Limits/Lessons/1.5.5. Limits Involving the Exponential Function.md,1. Limits/1.5. Special Limits/Source/1.5.5. Limits Involving the Exponential Function,52,52,32
462,CBC.2.1.1,2.1.1,Determining Continuity from Graphs,2. Continuity,2.1. Continuity,2. Continuity/2.1. Continuity/Lessons/2.1.1. Determining Continuity from Graphs.md,2. Continuity/2.1. Continuity/Source/2.1.1. Determining Continuity from Graphs,47,47,33
314,CBC.2.1.2,2.1.2,Defining Continuity at a Point,2. Continuity,2.1. Continuity,2. Continuity/2.1. Continuity/Lessons/2.1.2. Defining Continuity at a Point.md,2. Continuity/2.1. Continuity/Source/2.1.2. Defining Continuity at a Point,61,61,34
474,CBC.2.1.3,2.1.3,Left and Right Continuity,2. Continuity,2.1. Continuity,2. Continuity/2.1. Continuity/Lessons/2.1.3. Left and Right Continuity.md,2. Continuity/2.1. Continuity/Source/2.1.3. Left and Right Continuity,62,62,35
3831,CBC.2.1.4,2.1.4,Further Continuity of Piecewise Functions,2. Continuity,2.1. Continuity,2. Continuity/2.1. Continuity/Lessons/2.1.4. Further Continuity of Piecewise Functions.md,2. Continuity/2.1. Continuity/Source/2.1.4. Further Continuity of Piecewise Functions,63,63,36
2002,CBC.2.1.5,2.1.5,Point Discontinuities,2. Continuity,2.1. Continuity,2. Continuity/2.1. Continuity/Lessons/2.1.5. Point Discontinuities.md,2. Continuity/2.1. Continuity/Source/2.1.5. Point Discontinuities,62,62,37
2003,CBC.2.1.6,2.1.6,Jump Discontinuities,2. Continuity,2.1. Continuity,2. Continuity/2.1. Continuity/Lessons/2.1.6. Jump Discontinuities.md,2. Continuity/2.1. Continuity/Source/2.1.6. Jump Discontinuities,62,62,38
2004,CBC.2.1.7,2.1.7,Discontinuities Due to Vertical Asymptotes,2. Continuity,2.1. Continuity,2. Continuity/2.1. Continuity/Lessons/2.1.7. Discontinuities Due to Vertical Asymptotes.md,2. Continuity/2.1. Continuity/Source/2.1.7. Discontinuities Due to Vertical Asymptotes,62,62,39
612,CBC.2.1.8,2.1.8,Continuity Over an Interval,2. Continuity,2.1. Continuity,2. Continuity/2.1. Continuity/Lessons/2.1.8. Continuity Over an Interval.md,2. Continuity/2.1. Continuity/Source/2.1.8. Continuity Over an Interval,63,63,40
2006,CBC.2.1.9,2.1.9,Continuity of Functions,2. Continuity,2.1. Continuity,2. Continuity/2.1. Continuity/Lessons/2.1.9. Continuity of Functions.md,2. Continuity/2.1. Continuity/Source/2.1.9. Continuity of Functions,64,64,41
2150,CBC.2.1.10,2.1.10,The Intermediate Value Theorem,2. Continuity,2.1. Continuity,2. Continuity/2.1. Continuity/Lessons/2.1.10. The Intermediate Value Theorem.md,2. Continuity/2.1. Continuity/Source/2.1.10. The Intermediate Value Theorem,65,65,42
341,CBC.2.2.1,2.2.1,Removing Point Discontinuities,2. Continuity,2.2. Removing Discontinuities,2. Continuity/2.2. Removing Discontinuities/Lessons/2.2.1. Removing Point Discontinuities.md,2. Continuity/2.2. Removing Discontinuities/Source/2.2.1. Removing Point Discontinuities,63,63,43
638,CBC.2.2.2,2.2.2,Removing Jump Discontinuities,2. Continuity,2.2. Removing Discontinuities,2. Continuity/2.2. Removing Discontinuities/Lessons/2.2.2. Removing Jump Discontinuities.md,2. Continuity/2.2. Removing Discontinuities/Source/2.2.2. Removing Jump Discontinuities,64,64,44
1225,CBC.2.2.3,2.2.3,Removing Discontinuities From Rational Functions,2. Continuity,2.2. Removing Discontinuities,2. Continuity/2.2. Removing Discontinuities/Lessons/2.2.3. Removing Discontinuities From Rational Functions.md,2. Continuity/2.2. Removing Discontinuities/Source/2.2.3. Removing Discontinuities From Rational Functions,65,65,45
1208,CBC.3.1.1,3.1.1,The Average Rate of Change of a Function over a Varying Interval,3. Introduction to Differentiation,3.1. Introduction to Differentiation,3. Introduction to Differentiation/3.1. Introduction to Differentiation/Lessons/3.1.1. The Average Rate of Change of a Function over a Varying Interval.md,3. Introduction to Differentiation/3.1. Introduction to Differentiation/Source/3.1.1. The Average Rate of Change of a Function over a Varying Interval,45,45,46
337,CBC.3.1.2,3.1.2,The Instantaneous Rate of Change of a Function at a Point,3. Introduction to Differentiation,3.1. Introduction to Differentiation,3. Introduction to Differentiation/3.1. Introduction to Differentiation/Lessons/3.1.2. The Instantaneous Rate of Change of a Function at a Point.md,3. Introduction to Differentiation/3.1. Introduction to Differentiation/Source/3.1.2. The Instantaneous Rate of Change of a Function at a Point,50,50,47
812,CBC.3.1.3,3.1.3,Defining the Derivative Using Derivative Notation,3. Introduction to Differentiation,3.1. Introduction to Differentiation,3. Introduction to Differentiation/3.1. Introduction to Differentiation/Lessons/3.1.3. Defining the Derivative Using Derivative Notation.md,3. Introduction to Differentiation/3.1. Introduction to Differentiation/Source/3.1.3. Defining the Derivative Using Derivative Notation,51,51,48
1691,CBC.3.1.4,3.1.4,Continuity and Differentiability of Functions,3. Introduction to Differentiation,3.1. Introduction to Differentiation,3. Introduction to Differentiation/3.1. Introduction to Differentiation/Lessons/3.1.4. Continuity and Differentiability of Functions.md,3. Introduction to Differentiation/3.1. Introduction to Differentiation/Source/3.1.4. Continuity and Differentiability of Functions,65,65,49
35,CBC.3.1.5,3.1.5,The Power Rule for Differentiation,3. Introduction to Differentiation,3.1. Introduction to Differentiation,3. Introduction to Differentiation/3.1. Introduction to Differentiation/Lessons/3.1.5. The Power Rule for Differentiation.md,3. Introduction to Differentiation/3.1. Introduction to Differentiation/Source/3.1.5. The Power Rule for Differentiation,52,52,50
278,CBC.3.1.6,3.1.6,The Sum and Constant Multiple Rules for Differentiation,3. Introduction to Differentiation,3.1. Introduction to Differentiation,3. Introduction to Differentiation/3.1. Introduction to Differentiation/Lessons/3.1.6. The Sum and Constant Multiple Rules for Differentiation.md,3. Introduction to Differentiation/3.1. Introduction to Differentiation/Source/3.1.6. The Sum and Constant Multiple Rules for Differentiation,53,53,51
332,CBC.3.1.7,3.1.7,Calculating the Slope of a Tangent Line Using Differentiation,3. Introduction to Differentiation,3.1. Introduction to Differentiation,3. Introduction to Differentiation/3.1. Introduction to Differentiation/Lessons/3.1.7. Calculating the Slope of a Tangent Line Using Differentiation.md,3. Introduction to Differentiation/3.1. Introduction to Differentiation/Source/3.1.7. Calculating the Slope of a Tangent Line Using Differentiation,54,54,52
986,CBC.3.1.8,3.1.8,Calculating the Equation of a Tangent Line Using Differentiation,3. Introduction to Differentiation,3.1. Introduction to Differentiation,3. Introduction to Differentiation/3.1. Introduction to Differentiation/Lessons/3.1.8. Calculating the Equation of a Tangent Line Using Differentiation.md,3. Introduction to Differentiation/3.1. Introduction to Differentiation/Source/3.1.8. Calculating the Equation of a Tangent Line Using Differentiation,55,55,53
987,CBC.3.1.9,3.1.9,Calculating the Equation of a Normal Line Using Differentiation,3. Introduction to Differentiation,3.1. Introduction to Differentiation,3. Introduction to Differentiation/3.1. Introduction to Differentiation/Lessons/3.1.9. Calculating the Equation of a Normal Line Using Differentiation.md,3. Introduction to Differentiation/3.1. Introduction to Differentiation/Source/3.1.9. Calculating the Equation of a Normal Line Using Differentiation,56,56,54
1114,CBC.3.2.1,3.2.1,Differentiating Exponential Functions,3. Introduction to Differentiation,3.2. Derivatives of Functions and the Rules of Differentiation,3. Introduction to Differentiation/3.2. Derivatives of Functions and the Rules of Differentiation/Lessons/3.2.1. Differentiating Exponential Functions.md,3. Introduction to Differentiation/3.2. Derivatives of Functions and the Rules of Differentiation/Source/3.2.1. Differentiating Exponential Functions,55,55,55
1116,CBC.3.2.2,3.2.2,Differentiating Logarithmic Functions,3. Introduction to Differentiation,3.2. Derivatives of Functions and the Rules of Differentiation,3. Introduction to Differentiation/3.2. Derivatives of Functions and the Rules of Differentiation/Lessons/3.2.2. Differentiating Logarithmic Functions.md,3. Introduction to Differentiation/3.2. Derivatives of Functions and the Rules of Differentiation/Source/3.2.2. Differentiating Logarithmic Functions,56,56,56
280,CBC.3.2.3,3.2.3,Differentiating Trigonometric Functions,3. Introduction to Differentiation,3.2. Derivatives of Functions and the Rules of Differentiation,3. Introduction to Differentiation/3.2. Derivatives of Functions and the Rules of Differentiation/Lessons/3.2.3. Differentiating Trigonometric Functions.md,3. Introduction to Differentiation/3.2. Derivatives of Functions and the Rules of Differentiation/Source/3.2.3. Differentiating Trigonometric Functions,56,56,57
281,CBC.3.2.4,3.2.4,Second and Higher-Order Derivatives,3. Introduction to Differentiation,3.2. Derivatives of Functions and the Rules of Differentiation,3. Introduction to Differentiation/3.2. Derivatives of Functions and the Rules of Differentiation/Lessons/3.2.4. Second and Higher-Order Derivatives.md,3. Introduction to Differentiation/3.2. Derivatives of Functions and the Rules of Differentiation/Source/3.2.4. Second and Higher-Order Derivatives,57,57,58
1109,CBC.3.2.5,3.2.5,The Product Rule for Differentiation,3. Introduction to Differentiation,3.2. Derivatives of Functions and the Rules of Differentiation,3. Introduction to Differentiation/3.2. Derivatives of Functions and the Rules of Differentiation/Lessons/3.2.5. The Product Rule for Differentiation.md,3. Introduction to Differentiation/3.2. Derivatives of Functions and the Rules of Differentiation/Source/3.2.5. The Product Rule for Differentiation,57,57,59
1110,CBC.3.2.6,3.2.6,The Quotient Rule for Differentiation,3. Introduction to Differentiation,3.2. Derivatives of Functions and the Rules of Differentiation,3. Introduction to Differentiation/3.2. Derivatives of Functions and the Rules of Differentiation/Lessons/3.2.6. The Quotient Rule for Differentiation.md,3. Introduction to Differentiation/3.2. Derivatives of Functions and the Rules of Differentiation/Source/3.2.6. The Quotient Rule for Differentiation,58,58,60
1686,CBC.3.2.7,3.2.7,Differentiating Reciprocal Trigonometric Functions,3. Introduction to Differentiation,3.2. Derivatives of Functions and the Rules of Differentiation,3. Introduction to Differentiation/3.2. Derivatives of Functions and the Rules of Differentiation/Lessons/3.2.7. Differentiating Reciprocal Trigonometric Functions.md,3. Introduction to Differentiation/3.2. Derivatives of Functions and the Rules of Differentiation/Source/3.2.7. Differentiating Reciprocal Trigonometric Functions,59,59,61
1249,CBC.3.2.8,3.2.8,Calculating Derivatives From Data and Tables,3. Introduction to Differentiation,3.2. Derivatives of Functions and the Rules of Differentiation,3. Introduction to Differentiation/3.2. Derivatives of Functions and the Rules of Differentiation/Lessons/3.2.8. Calculating Derivatives From Data and Tables.md,3. Introduction to Differentiation/3.2. Derivatives of Functions and the Rules of Differentiation/Source/3.2.8. Calculating Derivatives From Data and Tables,59,59,62
1117,CBC.3.2.9,3.2.9,Calculating Derivatives From Graphs,3. Introduction to Differentiation,3.2. Derivatives of Functions and the Rules of Differentiation,3. Introduction to Differentiation/3.2. Derivatives of Functions and the Rules of Differentiation/Lessons/3.2.9. Calculating Derivatives From Graphs.md,3. Introduction to Differentiation/3.2. Derivatives of Functions and the Rules of Differentiation/Source/3.2.9. Calculating Derivatives From Graphs,60,60,63
637,CBC.3.2.10,3.2.10,Recognizing Derivatives in Limits,3. Introduction to Differentiation,3.2. Derivatives of Functions and the Rules of Differentiation,3. Introduction to Differentiation/3.2. Derivatives of Functions and the Rules of Differentiation/Lessons/3.2.10. Recognizing Derivatives in Limits.md,3. Introduction to Differentiation/3.2. Derivatives of Functions and the Rules of Differentiation/Source/3.2.10. Recognizing Derivatives in Limits,61,61,64
1108,CBC.4.1.1,4.1.1,The Chain Rule for Differentiation,4. Advanced Differentiation,4.1. Differentiating Composite Functions,4. Advanced Differentiation/4.1. Differentiating Composite Functions/Lessons/4.1.1. The Chain Rule for Differentiation.md,4. Advanced Differentiation/4.1. Differentiating Composite Functions/Source/4.1.1. The Chain Rule for Differentiation,56,56,65
1007,CBC.4.1.2,4.1.2,The Chain Rule With Exponential Functions,4. Advanced Differentiation,4.1. Differentiating Composite Functions,4. Advanced Differentiation/4.1. Differentiating Composite Functions/Lessons/4.1.2. The Chain Rule With Exponential Functions.md,4. Advanced Differentiation/4.1. Differentiating Composite Functions/Source/4.1.2. The Chain Rule With Exponential Functions,57,57,66
1036,CBC.4.1.3,4.1.3,The Chain Rule With Logarithmic Functions,4. Advanced Differentiation,4.1. Differentiating Composite Functions,4. Advanced Differentiation/4.1. Differentiating Composite Functions/Lessons/4.1.3. The Chain Rule With Logarithmic Functions.md,4. Advanced Differentiation/4.1. Differentiating Composite Functions/Source/4.1.3. The Chain Rule With Logarithmic Functions,57,57,67
305,CBC.4.1.4,4.1.4,The Chain Rule With Trigonometric Functions,4. Advanced Differentiation,4.1. Differentiating Composite Functions,4. Advanced Differentiation/4.1. Differentiating Composite Functions/Lessons/4.1.4. The Chain Rule With Trigonometric Functions.md,4. Advanced Differentiation/4.1. Differentiating Composite Functions/Source/4.1.4. The Chain Rule With Trigonometric Functions,60,60,68
1282,CBC.4.1.5,4.1.5,Calculating Derivatives From Data Using the Chain Rule,4. Advanced Differentiation,4.1. Differentiating Composite Functions,4. Advanced Differentiation/4.1. Differentiating Composite Functions/Lessons/4.1.5. Calculating Derivatives From Data Using the Chain Rule.md,4. Advanced Differentiation/4.1. Differentiating Composite Functions/Source/4.1.5. Calculating Derivatives From Data Using the Chain Rule,61,61,69
4057,CBC.4.1.6,4.1.6,Calculating Derivatives From Graphs Using the Chain Rule,4. Advanced Differentiation,4.1. Differentiating Composite Functions,4. Advanced Differentiation/4.1. Differentiating Composite Functions/Lessons/4.1.6. Calculating Derivatives From Graphs Using the Chain Rule.md,4. Advanced Differentiation/4.1. Differentiating Composite Functions/Source/4.1.6. Calculating Derivatives From Graphs Using the Chain Rule,62,62,70
1115,CBC.4.1.7,4.1.7,Selecting Procedures for Calculating Derivatives,4. Advanced Differentiation,4.1. Differentiating Composite Functions,4. Advanced Differentiation/4.1. Differentiating Composite Functions/Lessons/4.1.7. Selecting Procedures for Calculating Derivatives.md,4. Advanced Differentiation/4.1. Differentiating Composite Functions/Source/4.1.7. Selecting Procedures for Calculating Derivatives,61,61,71
57,CBC.4.2.1,4.2.1,Implicit Differentiation,4. Advanced Differentiation,4.2. Differentiating Implicit and Inverse Functions,4. Advanced Differentiation/4.2. Differentiating Implicit and Inverse Functions/Lessons/4.2.1. Implicit Differentiation.md,4. Advanced Differentiation/4.2. Differentiating Implicit and Inverse Functions/Source/4.2.1. Implicit Differentiation,62,62,72
3216,CBC.4.2.2,4.2.2,"Calculating Slopes of Circles, Ellipses, and Parabolas",4. Advanced Differentiation,4.2. Differentiating Implicit and Inverse Functions,"4. Advanced Differentiation/4.2. Differentiating Implicit and Inverse Functions/Lessons/4.2.2. Calculating Slopes of Circles, Ellipses, and Parabolas.md","4. Advanced Differentiation/4.2. Differentiating Implicit and Inverse Functions/Source/4.2.2. Calculating Slopes of Circles, Ellipses, and Parabolas",63,63,73
1784,CBC.4.2.3,4.2.3,Calculating dy/dx Using dx/dy,4. Advanced Differentiation,4.2. Differentiating Implicit and Inverse Functions,4. Advanced Differentiation/4.2. Differentiating Implicit and Inverse Functions/Lessons/4.2.3. Calculating dy-dx Using dx-dy.md,4. Advanced Differentiation/4.2. Differentiating Implicit and Inverse Functions/Source/4.2.3. Calculating dy-dx Using dx-dy,56,56,74
1785,CBC.4.2.4,4.2.4,Differentiating Inverse Functions,4. Advanced Differentiation,4.2. Differentiating Implicit and Inverse Functions,4. Advanced Differentiation/4.2. Differentiating Implicit and Inverse Functions/Lessons/4.2.4. Differentiating Inverse Functions.md,4. Advanced Differentiation/4.2. Differentiating Implicit and Inverse Functions/Source/4.2.4. Differentiating Inverse Functions,61,61,75
291,CBC.4.2.5,4.2.5,Differentiating an Inverse Function at a Point,4. Advanced Differentiation,4.2. Differentiating Implicit and Inverse Functions,4. Advanced Differentiation/4.2. Differentiating Implicit and Inverse Functions/Lessons/4.2.5. Differentiating an Inverse Function at a Point.md,4. Advanced Differentiation/4.2. Differentiating Implicit and Inverse Functions/Source/4.2.5. Differentiating an Inverse Function at a Point,62,62,76
303,CBC.4.2.6,4.2.6,Differentiating Inverse Trigonometric Functions,4. Advanced Differentiation,4.2. Differentiating Implicit and Inverse Functions,4. Advanced Differentiation/4.2. Differentiating Implicit and Inverse Functions/Lessons/4.2.6. Differentiating Inverse Trigonometric Functions.md,4. Advanced Differentiation/4.2. Differentiating Implicit and Inverse Functions/Source/4.2.6. Differentiating Inverse Trigonometric Functions,63,63,77
1721,CBC.4.2.7,4.2.7,Differentiating Inverse Reciprocal Trigonometric Functions,4. Advanced Differentiation,4.2. Differentiating Implicit and Inverse Functions,4. Advanced Differentiation/4.2. Differentiating Implicit and Inverse Functions/Lessons/4.2.7. Differentiating Inverse Reciprocal Trigonometric Functions.md,4. Advanced Differentiation/4.2. Differentiating Implicit and Inverse Functions/Source/4.2.7. Differentiating Inverse Reciprocal Trigonometric Functions,64,64,78
296,CBC.5.1.1,5.1.1,Interpreting the Meaning of the Derivative in Context,5. Contextual Applications of Differentiation,5.1. Contextual Applications of Differentiation,5. Contextual Applications of Differentiation/5.1. Contextual Applications of Differentiation/Lessons/5.1.1. Interpreting the Meaning of the Derivative in Context.md,5. Contextual Applications of Differentiation/5.1. Contextual Applications of Differentiation/Source/5.1.1. Interpreting the Meaning of the Derivative in Context,52,52,79
620,CBC.5.1.2,5.1.2,Rates of Change in Applied Contexts,5. Contextual Applications of Differentiation,5.1. Contextual Applications of Differentiation,5. Contextual Applications of Differentiation/5.1. Contextual Applications of Differentiation/Lessons/5.1.2. Rates of Change in Applied Contexts.md,5. Contextual Applications of Differentiation/5.1. Contextual Applications of Differentiation/Source/5.1.2. Rates of Change in Applied Contexts,62,62,80
992,CBC.5.2.1,5.2.1,Estimating Derivatives Using a Forward Difference Quotient,5. Contextual Applications of Differentiation,5.2. Estimating Derivatives,5. Contextual Applications of Differentiation/5.2. Estimating Derivatives/Lessons/5.2.1. Estimating Derivatives Using a Forward Difference Quotient.md,5. Contextual Applications of Differentiation/5.2. Estimating Derivatives/Source/5.2.1. Estimating Derivatives Using a Forward Difference Quotient,53,53,81
993,CBC.5.2.2,5.2.2,Estimating Derivatives Using a Backward Difference Quotient,5. Contextual Applications of Differentiation,5.2. Estimating Derivatives,5. Contextual Applications of Differentiation/5.2. Estimating Derivatives/Lessons/5.2.2. Estimating Derivatives Using a Backward Difference Quotient.md,5. Contextual Applications of Differentiation/5.2. Estimating Derivatives/Source/5.2.2. Estimating Derivatives Using a Backward Difference Quotient,53,53,82
640,CBC.5.2.3,5.2.3,Estimating Derivatives Using a Central Difference Quotient,5. Contextual Applications of Differentiation,5.2. Estimating Derivatives,5. Contextual Applications of Differentiation/5.2. Estimating Derivatives/Lessons/5.2.3. Estimating Derivatives Using a Central Difference Quotient.md,5. Contextual Applications of Differentiation/5.2. Estimating Derivatives/Source/5.2.3. Estimating Derivatives Using a Central Difference Quotient,54,54,83
1044,CBC.5.3.1,5.3.1,Introduction to Related Rates,5. Contextual Applications of Differentiation,5.3. Related Rates of Change,5. Contextual Applications of Differentiation/5.3. Related Rates of Change/Lessons/5.3.1. Introduction to Related Rates.md,5. Contextual Applications of Differentiation/5.3. Related Rates of Change/Source/5.3.1. Introduction to Related Rates,63,63,84
4059,CBC.5.3.2,5.3.2,Related Rates With Implicit Functions,5. Contextual Applications of Differentiation,5.3. Related Rates of Change,5. Contextual Applications of Differentiation/5.3. Related Rates of Change/Lessons/5.3.2. Related Rates With Implicit Functions.md,5. Contextual Applications of Differentiation/5.3. Related Rates of Change/Source/5.3.2. Related Rates With Implicit Functions,64,64,85
287,CBC.5.3.3,5.3.3,Calculating Related Rates With Circles and Spheres,5. Contextual Applications of Differentiation,5.3. Related Rates of Change,5. Contextual Applications of Differentiation/5.3. Related Rates of Change/Lessons/5.3.3. Calculating Related Rates With Circles and Spheres.md,5. Contextual Applications of Differentiation/5.3. Related Rates of Change/Source/5.3.3. Calculating Related Rates With Circles and Spheres,65,65,86
368,CBC.5.3.4,5.3.4,Calculating Related Rates With Squares,5. Contextual Applications of Differentiation,5.3. Related Rates of Change,5. Contextual Applications of Differentiation/5.3. Related Rates of Change/Lessons/5.3.4. Calculating Related Rates With Squares.md,5. Contextual Applications of Differentiation/5.3. Related Rates of Change/Source/5.3.4. Calculating Related Rates With Squares,65,65,87
365,CBC.5.3.5,5.3.5,Calculating Related Rates With Rectangular Solids,5. Contextual Applications of Differentiation,5.3. Related Rates of Change,5. Contextual Applications of Differentiation/5.3. Related Rates of Change/Lessons/5.3.5. Calculating Related Rates With Rectangular Solids.md,5. Contextual Applications of Differentiation/5.3. Related Rates of Change/Source/5.3.5. Calculating Related Rates With Rectangular Solids,66,66,88
345,CBC.5.3.6,5.3.6,Calculating Related Rates Using the Pythagorean Theorem,5. Contextual Applications of Differentiation,5.3. Related Rates of Change,5. Contextual Applications of Differentiation/5.3. Related Rates of Change/Lessons/5.3.6. Calculating Related Rates Using the Pythagorean Theorem.md,5. Contextual Applications of Differentiation/5.3. Related Rates of Change/Source/5.3.6. Calculating Related Rates Using the Pythagorean Theorem,65,65,89
367,CBC.5.3.7,5.3.7,Calculating Related Rates Using Similar Triangles,5. Contextual Applications of Differentiation,5.3. Related Rates of Change,5. Contextual Applications of Differentiation/5.3. Related Rates of Change/Lessons/5.3.7. Calculating Related Rates Using Similar Triangles.md,5. Contextual Applications of Differentiation/5.3. Related Rates of Change/Source/5.3.7. Calculating Related Rates Using Similar Triangles,65,65,90
369,CBC.5.3.8,5.3.8,Calculating Related Rates Using Trigonometry,5. Contextual Applications of Differentiation,5.3. Related Rates of Change,5. Contextual Applications of Differentiation/5.3. Related Rates of Change/Lessons/5.3.8. Calculating Related Rates Using Trigonometry.md,5. Contextual Applications of Differentiation/5.3. Related Rates of Change/Source/5.3.8. Calculating Related Rates Using Trigonometry,65,65,91
346,CBC.5.3.9,5.3.9,Calculating Related Rates With Cones,5. Contextual Applications of Differentiation,5.3. Related Rates of Change,5. Contextual Applications of Differentiation/5.3. Related Rates of Change/Lessons/5.3.9. Calculating Related Rates With Cones.md,5. Contextual Applications of Differentiation/5.3. Related Rates of Change/Source/5.3.9. Calculating Related Rates With Cones,67,67,92
463,CBC.5.4.1,5.4.1,L'Hopital's Rule,5. Contextual Applications of Differentiation,5.4. L'Hopital's Rule,5. Contextual Applications of Differentiation/5.4. L'Hopital's Rule/Lessons/5.4.1. L'Hopital's Rule.md,5. Contextual Applications of Differentiation/5.4. L'Hopital's Rule/Source/5.4.1. L'Hopital's Rule,62,62,93
1210,CBC.5.4.2,5.4.2,L'Hopital's Rule Applied to Tables,5. Contextual Applications of Differentiation,5.4. L'Hopital's Rule,5. Contextual Applications of Differentiation/5.4. L'Hopital's Rule/Lessons/5.4.2. L'Hopital's Rule Applied to Tables.md,5. Contextual Applications of Differentiation/5.4. L'Hopital's Rule/Source/5.4.2. L'Hopital's Rule Applied to Tables,63,63,94
288,CBC.6.1.1,6.1.1,The Mean Value Theorem,6. Analytical Applications of Differentiation,6.1. Analytical Applications of Differentiation,6. Analytical Applications of Differentiation/6.1. Analytical Applications of Differentiation/Lessons/6.1.1. The Mean Value Theorem.md,6. Analytical Applications of Differentiation/6.1. Analytical Applications of Differentiation/Source/6.1.1. The Mean Value Theorem,66,66,95
313,CBC.6.1.2,6.1.2,Global vs. Local Extrema and Critical Points,6. Analytical Applications of Differentiation,6.1. Analytical Applications of Differentiation,6. Analytical Applications of Differentiation/6.1. Analytical Applications of Differentiation/Lessons/6.1.2. Global vs. Local Extrema and Critical Points.md,6. Analytical Applications of Differentiation/6.1. Analytical Applications of Differentiation/Source/6.1.2. Global vs. Local Extrema and Critical Points,66,66,96
3571,CBC.6.1.3,6.1.3,The Extreme Value Theorem,6. Analytical Applications of Differentiation,6.1. Analytical Applications of Differentiation,6. Analytical Applications of Differentiation/6.1. Analytical Applications of Differentiation/Lessons/6.1.3. The Extreme Value Theorem.md,6. Analytical Applications of Differentiation/6.1. Analytical Applications of Differentiation/Source/6.1.3. The Extreme Value Theorem,65,65,97
752,CBC.6.1.4,6.1.4,Using Differentiation to Calculate Critical Points,6. Analytical Applications of Differentiation,6.1. Analytical Applications of Differentiation,6. Analytical Applications of Differentiation/6.1. Analytical Applications of Differentiation/Lessons/6.1.4. Using Differentiation to Calculate Critical Points.md,6. Analytical Applications of Differentiation/6.1. Analytical Applications of Differentiation/Source/6.1.4. Using Differentiation to Calculate Critical Points,67,67,98
1359,CBC.6.1.5,6.1.5,Determining Intervals on Which a Function Is Increasing or Decreasing,6. Analytical Applications of Differentiation,6.1. Analytical Applications of Differentiation,6. Analytical Applications of Differentiation/6.1. Analytical Applications of Differentiation/Lessons/6.1.5. Determining Intervals on Which a Function Is Increasing or Decreasing.md,6. Analytical Applications of Differentiation/6.1. Analytical Applications of Differentiation/Source/6.1.5. Determining Intervals on Which a Function Is Increasing or Decreasing,68,68,99
1360,CBC.6.1.6,6.1.6,Using the First Derivative Test to Classify Local Extrema,6. Analytical Applications of Differentiation,6.1. Analytical Applications of Differentiation,6. Analytical Applications of Differentiation/6.1. Analytical Applications of Differentiation/Lessons/6.1.6. Using the First Derivative Test to Classify Local Extrema.md,6. Analytical Applications of Differentiation/6.1. Analytical Applications of Differentiation/Source/6.1.6. Using the First Derivative Test to Classify Local Extrema,69,69,100
364,CBC.6.1.7,6.1.7,The Candidates Test,6. Analytical Applications of Differentiation,6.1. Analytical Applications of Differentiation,6. Analytical Applications of Differentiation/6.1. Analytical Applications of Differentiation/Lessons/6.1.7. The Candidates Test.md,6. Analytical Applications of Differentiation/6.1. Analytical Applications of Differentiation/Source/6.1.7. The Candidates Test,70,70,101
363,CBC.6.1.8,6.1.8,Intervals of Concavity,6. Analytical Applications of Differentiation,6.1. Analytical Applications of Differentiation,6. Analytical Applications of Differentiation/6.1. Analytical Applications of Differentiation/Lessons/6.1.8. Intervals of Concavity.md,6. Analytical Applications of Differentiation/6.1. Analytical Applications of Differentiation/Source/6.1.8. Intervals of Concavity,69,69,102
3846,CBC.6.1.9,6.1.9,Relating Concavity to the Second Derivative,6. Analytical Applications of Differentiation,6.1. Analytical Applications of Differentiation,6. Analytical Applications of Differentiation/6.1. Analytical Applications of Differentiation/Lessons/6.1.9. Relating Concavity to the Second Derivative.md,6. Analytical Applications of Differentiation/6.1. Analytical Applications of Differentiation/Source/6.1.9. Relating Concavity to the Second Derivative,70,70,103
1046,CBC.6.1.10,6.1.10,Points of Inflection,6. Analytical Applications of Differentiation,6.1. Analytical Applications of Differentiation,6. Analytical Applications of Differentiation/6.1. Analytical Applications of Differentiation/Lessons/6.1.10. Points of Inflection.md,6. Analytical Applications of Differentiation/6.1. Analytical Applications of Differentiation/Source/6.1.10. Points of Inflection,71,71,104
339,CBC.6.1.11,6.1.11,The Second Derivative Test,6. Analytical Applications of Differentiation,6.1. Analytical Applications of Differentiation,6. Analytical Applications of Differentiation/6.1. Analytical Applications of Differentiation/Lessons/6.1.11. The Second Derivative Test.md,6. Analytical Applications of Differentiation/6.1. Analytical Applications of Differentiation/Source/6.1.11. The Second Derivative Test,71,71,105
1204,CBC.6.2.1,6.2.1,Sketching the Derivative of a Function From the Function's Graph,6. Analytical Applications of Differentiation,6.2. Analysis of Curves,6. Analytical Applications of Differentiation/6.2. Analysis of Curves/Lessons/6.2.1. Sketching the Derivative of a Function From the Function's Graph.md,6. Analytical Applications of Differentiation/6.2. Analysis of Curves/Source/6.2.1. Sketching the Derivative of a Function From the Function's Graph,72,72,106
624,CBC.6.2.2,6.2.2,Interpreting the Graph of a Function's Derivative,6. Analytical Applications of Differentiation,6.2. Analysis of Curves,6. Analytical Applications of Differentiation/6.2. Analysis of Curves/Lessons/6.2.2. Interpreting the Graph of a Function's Derivative.md,6. Analytical Applications of Differentiation/6.2. Analysis of Curves/Source/6.2.2. Interpreting the Graph of a Function's Derivative,73,73,107
3548,CBC.6.2.3,6.2.3,Interpreting the Graph of a Function's Derivative: Concavity and Points of Inflection,6. Analytical Applications of Differentiation,6.2. Analysis of Curves,6. Analytical Applications of Differentiation/6.2. Analysis of Curves/Lessons/6.2.3. Interpreting the Graph of a Function's Derivative- Concavity and Points of Inflection.md,6. Analytical Applications of Differentiation/6.2. Analysis of Curves/Source/6.2.3. Interpreting the Graph of a Function's Derivative- Concavity and Points of Inflection,74,74,108
1206,CBC.6.2.4,6.2.4,Sketching a Function From the Graph of its Derivative,6. Analytical Applications of Differentiation,6.2. Analysis of Curves,6. Analytical Applications of Differentiation/6.2. Analysis of Curves/Lessons/6.2.4. Sketching a Function From the Graph of its Derivative.md,6. Analytical Applications of Differentiation/6.2. Analysis of Curves/Source/6.2.4. Sketching a Function From the Graph of its Derivative,75,75,109
1207,CBC.6.2.5,6.2.5,Sketching a Function Given Some Derivative Properties,6. Analytical Applications of Differentiation,6.2. Analysis of Curves,6. Analytical Applications of Differentiation/6.2. Analysis of Curves/Lessons/6.2.5. Sketching a Function Given Some Derivative Properties.md,6. Analytical Applications of Differentiation/6.2. Analysis of Curves/Source/6.2.5. Sketching a Function Given Some Derivative Properties,71,71,110
621,CBC.6.3.1,6.3.1,Approximating Functions Using Local Linearity and Linearization,6. Analytical Applications of Differentiation,6.3. Approximating Values of a Function,6. Analytical Applications of Differentiation/6.3. Approximating Values of a Function/Lessons/6.3.1. Approximating Functions Using Local Linearity and Linearization.md,6. Analytical Applications of Differentiation/6.3. Approximating Values of a Function/Source/6.3.1. Approximating Functions Using Local Linearity and Linearization,70,70,111
622,CBC.6.3.2,6.3.2,Approximating the Roots of a Number Using Local Linearity,6. Analytical Applications of Differentiation,6.3. Approximating Values of a Function,6. Analytical Applications of Differentiation/6.3. Approximating Values of a Function/Lessons/6.3.2. Approximating the Roots of a Number Using Local Linearity.md,6. Analytical Applications of Differentiation/6.3. Approximating Values of a Function/Source/6.3.2. Approximating the Roots of a Number Using Local Linearity,71,71,112
623,CBC.6.3.3,6.3.3,Approximating Trigonometric Functions Using Local Linearity,6. Analytical Applications of Differentiation,6.3. Approximating Values of a Function,6. Analytical Applications of Differentiation/6.3. Approximating Values of a Function/Lessons/6.3.3. Approximating Trigonometric Functions Using Local Linearity.md,6. Analytical Applications of Differentiation/6.3. Approximating Values of a Function/Source/6.3.3. Approximating Trigonometric Functions Using Local Linearity,71,71,113
1211,CBC.6.4.1,6.4.1,Solving Optimization Problems Using Derivatives,6. Analytical Applications of Differentiation,6.4. Optimization,6. Analytical Applications of Differentiation/6.4. Optimization/Lessons/6.4.1. Solving Optimization Problems Using Derivatives.md,6. Analytical Applications of Differentiation/6.4. Optimization/Source/6.4.1. Solving Optimization Problems Using Derivatives,72,72,114
1212,CBC.6.4.2,6.4.2,Optimization Problems Involving Sectors of Circles,6. Analytical Applications of Differentiation,6.4. Optimization,6. Analytical Applications of Differentiation/6.4. Optimization/Lessons/6.4.2. Optimization Problems Involving Sectors of Circles.md,6. Analytical Applications of Differentiation/6.4. Optimization/Source/6.4.2. Optimization Problems Involving Sectors of Circles,73,73,115
1213,CBC.6.4.3,6.4.3,Optimization Problems Involving Boxes and Trays,6. Analytical Applications of Differentiation,6.4. Optimization,6. Analytical Applications of Differentiation/6.4. Optimization/Lessons/6.4.3. Optimization Problems Involving Boxes and Trays.md,6. Analytical Applications of Differentiation/6.4. Optimization/Source/6.4.3. Optimization Problems Involving Boxes and Trays,73,73,116
1214,CBC.6.4.4,6.4.4,Optimization Problems Involving Cylinders,6. Analytical Applications of Differentiation,6.4. Optimization,6. Analytical Applications of Differentiation/6.4. Optimization/Lessons/6.4.4. Optimization Problems Involving Cylinders.md,6. Analytical Applications of Differentiation/6.4. Optimization/Source/6.4.4. Optimization Problems Involving Cylinders,73,73,117
1216,CBC.6.4.5,6.4.5,Optimizing Distances,6. Analytical Applications of Differentiation,6.4. Optimization,6. Analytical Applications of Differentiation/6.4. Optimization/Lessons/6.4.5. Optimizing Distances.md,6. Analytical Applications of Differentiation/6.4. Optimization/Source/6.4.5. Optimizing Distances,73,73,118
4218,CBC.6.4.6,6.4.6,Optimizing Distances to Curves,6. Analytical Applications of Differentiation,6.4. Optimization,6. Analytical Applications of Differentiation/6.4. Optimization/Lessons/6.4.6. Optimizing Distances to Curves.md,6. Analytical Applications of Differentiation/6.4. Optimization/Source/6.4.6. Optimizing Distances to Curves,74,74,119
1217,CBC.6.4.7,6.4.7,Optimization Problems With Inscribed Shapes,6. Analytical Applications of Differentiation,6.4. Optimization,6. Analytical Applications of Differentiation/6.4. Optimization/Lessons/6.4.7. Optimization Problems With Inscribed Shapes.md,6. Analytical Applications of Differentiation/6.4. Optimization/Source/6.4.7. Optimization Problems With Inscribed Shapes,72,72,120
1218,CBC.6.4.8,6.4.8,Optimization Problems in Economics,6. Analytical Applications of Differentiation,6.4. Optimization,6. Analytical Applications of Differentiation/6.4. Optimization/Lessons/6.4.8. Optimization Problems in Economics.md,6. Analytical Applications of Differentiation/6.4. Optimization/Source/6.4.8. Optimization Problems in Economics,72,72,121
308,CBC.7.1.1,7.1.1,The Antiderivative,7. Integration,7.1. Indefinite Integrals,7. Integration/7.1. Indefinite Integrals/Lessons/7.1.1. The Antiderivative.md,7. Integration/7.1. Indefinite Integrals/Source/7.1.1. The Antiderivative,53,53,122
43,CBC.7.1.2,7.1.2,The Constant Multiple Rule for Indefinite Integrals,7. Integration,7.1. Indefinite Integrals,7. Integration/7.1. Indefinite Integrals/Lessons/7.1.2. The Constant Multiple Rule for Indefinite Integrals.md,7. Integration/7.1. Indefinite Integrals/Source/7.1.2. The Constant Multiple Rule for Indefinite Integrals,54,54,123
3769,CBC.7.1.3,7.1.3,The Sum Rule for Indefinite Integrals,7. Integration,7.1. Indefinite Integrals,7. Integration/7.1. Indefinite Integrals/Lessons/7.1.3. The Sum Rule for Indefinite Integrals.md,7. Integration/7.1. Indefinite Integrals/Source/7.1.3. The Sum Rule for Indefinite Integrals,55,55,124
1361,CBC.7.1.4,7.1.4,Integrating the Reciprocal Function,7. Integration,7.1. Indefinite Integrals,7. Integration/7.1. Indefinite Integrals/Lessons/7.1.4. Integrating the Reciprocal Function.md,7. Integration/7.1. Indefinite Integrals/Source/7.1.4. Integrating the Reciprocal Function,57,57,125
312,CBC.7.1.5,7.1.5,Integrating Exponential Functions,7. Integration,7.1. Indefinite Integrals,7. Integration/7.1. Indefinite Integrals/Lessons/7.1.5. Integrating Exponential Functions.md,7. Integration/7.1. Indefinite Integrals/Source/7.1.5. Integrating Exponential Functions,58,58,126
285,CBC.7.1.6,7.1.6,Integrating Trigonometric Functions,7. Integration,7.1. Indefinite Integrals,7. Integration/7.1. Indefinite Integrals/Lessons/7.1.6. Integrating Trigonometric Functions.md,7. Integration/7.1. Indefinite Integrals/Source/7.1.6. Integrating Trigonometric Functions,60,60,127
342,CBC.7.1.7,7.1.7,Integration Using Inverse Trigonometric Functions,7. Integration,7.1. Indefinite Integrals,7. Integration/7.1. Indefinite Integrals/Lessons/7.1.7. Integration Using Inverse Trigonometric Functions.md,7. Integration/7.1. Indefinite Integrals/Source/7.1.7. Integration Using Inverse Trigonometric Functions,65,65,128
477,CBC.7.2.1,7.2.1,Approximating Areas With the Left Riemann Sum,7. Integration,7.2. Approximating Areas with Riemann Sums,7. Integration/7.2. Approximating Areas with Riemann Sums/Lessons/7.2.1. Approximating Areas With the Left Riemann Sum.md,7. Integration/7.2. Approximating Areas with Riemann Sums/Source/7.2.1. Approximating Areas With the Left Riemann Sum,46,46,129
1281,CBC.7.2.2,7.2.2,Approximating Areas With the Right Riemann Sum,7. Integration,7.2. Approximating Areas with Riemann Sums,7. Integration/7.2. Approximating Areas with Riemann Sums/Lessons/7.2.2. Approximating Areas With the Right Riemann Sum.md,7. Integration/7.2. Approximating Areas with Riemann Sums/Source/7.2.2. Approximating Areas With the Right Riemann Sum,46,46,130
944,CBC.7.2.3,7.2.3,Approximating Areas With the Midpoint Riemann Sum,7. Integration,7.2. Approximating Areas with Riemann Sums,7. Integration/7.2. Approximating Areas with Riemann Sums/Lessons/7.2.3. Approximating Areas With the Midpoint Riemann Sum.md,7. Integration/7.2. Approximating Areas with Riemann Sums/Source/7.2.3. Approximating Areas With the Midpoint Riemann Sum,70,70,131
945,CBC.7.2.4,7.2.4,Approximating Areas With the Trapezoidal Rule,7. Integration,7.2. Approximating Areas with Riemann Sums,7. Integration/7.2. Approximating Areas with Riemann Sums/Lessons/7.2.4. Approximating Areas With the Trapezoidal Rule.md,7. Integration/7.2. Approximating Areas with Riemann Sums/Source/7.2.4. Approximating Areas With the Trapezoidal Rule,70,70,132
1042,CBC.7.2.5,7.2.5,Left and Right Riemann Sums in Sigma Notation,7. Integration,7.2. Approximating Areas with Riemann Sums,7. Integration/7.2. Approximating Areas with Riemann Sums/Lessons/7.2.5. Left and Right Riemann Sums in Sigma Notation.md,7. Integration/7.2. Approximating Areas with Riemann Sums/Source/7.2.5. Left and Right Riemann Sums in Sigma Notation,47,47,133
2611,CBC.7.2.6,7.2.6,Midpoint and Trapezoidal Rules in Sigma Notation,7. Integration,7.2. Approximating Areas with Riemann Sums,7. Integration/7.2. Approximating Areas with Riemann Sums/Lessons/7.2.6. Midpoint and Trapezoidal Rules in Sigma Notation.md,7. Integration/7.2. Approximating Areas with Riemann Sums/Source/7.2.6. Midpoint and Trapezoidal Rules in Sigma Notation,71,71,134
3950,CBC.7.2.7,7.2.7,Approximating Areas Under Graphs of Composite Functions,7. Integration,7.2. Approximating Areas with Riemann Sums,7. Integration/7.2. Approximating Areas with Riemann Sums/Lessons/7.2.7. Approximating Areas Under Graphs of Composite Functions.md,7. Integration/7.2. Approximating Areas with Riemann Sums/Source/7.2.7. Approximating Areas Under Graphs of Composite Functions,69,69,135
1086,CBC.7.3.1,7.3.1,Defining Definite Integrals Using Left and Right Riemann Sums,7. Integration,7.3. Definite Integrals,7. Integration/7.3. Definite Integrals/Lessons/7.3.1. Defining Definite Integrals Using Left and Right Riemann Sums.md,7. Integration/7.3. Definite Integrals/Source/7.3.1. Defining Definite Integrals Using Left and Right Riemann Sums,48,48,136
283,CBC.7.3.2,7.3.2,The Fundamental Theorem of Calculus,7. Integration,7.3. Definite Integrals,7. Integration/7.3. Definite Integrals/Lessons/7.3.2. The Fundamental Theorem of Calculus.md,7. Integration/7.3. Definite Integrals/Source/7.3.2. The Fundamental Theorem of Calculus,65,65,137
3575,CBC.7.3.3,7.3.3,Applying the Fundamental Theorem of Calculus to Exponential and Trigonometric Functions,7. Integration,7.3. Definite Integrals,7. Integration/7.3. Definite Integrals/Lessons/7.3.3. Applying the Fundamental Theorem of Calculus to Exponential and Trigonometric Functions.md,7. Integration/7.3. Definite Integrals/Source/7.3.3. Applying the Fundamental Theorem of Calculus to Exponential and Trigonometric Functions,66,66,138
1685,CBC.7.3.4,7.3.4,The Sum and Constant Multiple Rules for Definite Integrals,7. Integration,7.3. Definite Integrals,7. Integration/7.3. Definite Integrals/Lessons/7.3.4. The Sum and Constant Multiple Rules for Definite Integrals.md,7. Integration/7.3. Definite Integrals/Source/7.3.4. The Sum and Constant Multiple Rules for Definite Integrals,67,67,139
632,CBC.7.3.5,7.3.5,Properties of Definite Integrals Involving the Limits of Integration,7. Integration,7.3. Definite Integrals,7. Integration/7.3. Definite Integrals/Lessons/7.3.5. Properties of Definite Integrals Involving the Limits of Integration.md,7. Integration/7.3. Definite Integrals/Source/7.3.5. Properties of Definite Integrals Involving the Limits of Integration,68,68,140
1040,CBC.7.4.1,7.4.1,The Area Bounded by a Curve and the X-Axis,7. Integration,7.4. The Area Under a Curve,7. Integration/7.4. The Area Under a Curve/Lessons/7.4.1. The Area Bounded by a Curve and the X-Axis.md,7. Integration/7.4. The Area Under a Curve/Source/7.4.1. The Area Bounded by a Curve and the X-Axis,68,68,141
2975,CBC.7.4.2,7.4.2,Evaluating Definite Integrals Using Symmetry,7. Integration,7.4. The Area Under a Curve,7. Integration/7.4. The Area Under a Curve/Lessons/7.4.2. Evaluating Definite Integrals Using Symmetry.md,7. Integration/7.4. The Area Under a Curve/Source/7.4.2. Evaluating Definite Integrals Using Symmetry,69,69,142
1432,CBC.7.4.3,7.4.3,Finding the Area Between a Curve and the X-Axis When They Intersect,7. Integration,7.4. The Area Under a Curve,7. Integration/7.4. The Area Under a Curve/Lessons/7.4.3. Finding the Area Between a Curve and the X-Axis When They Intersect.md,7. Integration/7.4. The Area Under a Curve/Source/7.4.3. Finding the Area Between a Curve and the X-Axis When They Intersect,69,69,143
1041,CBC.7.4.4,7.4.4,The Area Bounded by a Curve and the Y-Axis,7. Integration,7.4. The Area Under a Curve,7. Integration/7.4. The Area Under a Curve/Lessons/7.4.4. The Area Bounded by a Curve and the Y-Axis.md,7. Integration/7.4. The Area Under a Curve/Source/7.4.4. The Area Bounded by a Curve and the Y-Axis,70,70,144
1200,CBC.7.4.5,7.4.5,Calculating the Definite Integral of a Function Given Its Graph,7. Integration,7.4. The Area Under a Curve,7. Integration/7.4. The Area Under a Curve/Lessons/7.4.5. Calculating the Definite Integral of a Function Given Its Graph.md,7. Integration/7.4. The Area Under a Curve/Source/7.4.5. Calculating the Definite Integral of a Function Given Its Graph,69,69,145
1201,CBC.7.4.6,7.4.6,Calculating the Definite Integral of a Function's Derivative Given its Graph,7. Integration,7.4. The Area Under a Curve,7. Integration/7.4. The Area Under a Curve/Lessons/7.4.6. Calculating the Definite Integral of a Function's Derivative Given its Graph.md,7. Integration/7.4. The Area Under a Curve/Source/7.4.6. Calculating the Definite Integral of a Function's Derivative Given its Graph,70,70,146
626,CBC.7.4.7,7.4.7,Definite Integrals of Piecewise Functions,7. Integration,7.4. The Area Under a Curve,7. Integration/7.4. The Area Under a Curve/Lessons/7.4.7. Definite Integrals of Piecewise Functions.md,7. Integration/7.4. The Area Under a Curve/Source/7.4.7. Definite Integrals of Piecewise Functions,70,70,147
333,CBC.7.5.1,7.5.1,The Integral as an Accumulation Function,7. Integration,7.5. Accumulation Functions,7. Integration/7.5. Accumulation Functions/Lessons/7.5.1. The Integral as an Accumulation Function.md,7. Integration/7.5. Accumulation Functions/Source/7.5.1. The Integral as an Accumulation Function,70,70,148
613,CBC.7.5.2,7.5.2,The Second Fundamental Theorem of Calculus,7. Integration,7.5. Accumulation Functions,7. Integration/7.5. Accumulation Functions/Lessons/7.5.2. The Second Fundamental Theorem of Calculus.md,7. Integration/7.5. Accumulation Functions/Source/7.5.2. The Second Fundamental Theorem of Calculus,71,71,149
1230,CBC.7.5.3,7.5.3,Maximizing a Function Using the Graph of Its Derivative,7. Integration,7.5. Accumulation Functions,7. Integration/7.5. Accumulation Functions/Lessons/7.5.3. Maximizing a Function Using the Graph of Its Derivative.md,7. Integration/7.5. Accumulation Functions/Source/7.5.3. Maximizing a Function Using the Graph of Its Derivative,74,74,150
1250,CBC.7.5.4,7.5.4,Minimizing a Function Using the Graph of its Derivative,7. Integration,7.5. Accumulation Functions,7. Integration/7.5. Accumulation Functions/Lessons/7.5.4. Minimizing a Function Using the Graph of its Derivative.md,7. Integration/7.5. Accumulation Functions/Source/7.5.4. Minimizing a Function Using the Graph of its Derivative,74,74,151
3896,CBC.7.5.5,7.5.5,Further Optimizing Functions Using Graphs of Derivatives,7. Integration,7.5. Accumulation Functions,7. Integration/7.5. Accumulation Functions/Lessons/7.5.5. Further Optimizing Functions Using Graphs of Derivatives.md,7. Integration/7.5. Accumulation Functions/Source/7.5.5. Further Optimizing Functions Using Graphs of Derivatives,75,75,152
2512,CBC.7.5.6,7.5.6,Integrating Rates of Change,7. Integration,7.5. Accumulation Functions,7. Integration/7.5. Accumulation Functions/Lessons/7.5.6. Integrating Rates of Change.md,7. Integration/7.5. Accumulation Functions/Source/7.5.6. Integrating Rates of Change,72,72,153
2513,CBC.7.5.7,7.5.7,Integrating Density Functions,7. Integration,7.5. Accumulation Functions,7. Integration/7.5. Accumulation Functions/Lessons/7.5.7. Integrating Density Functions.md,7. Integration/7.5. Accumulation Functions/Source/7.5.7. Integrating Density Functions,72,72,154
334,CBC.8.1.1,8.1.1,Integrating Algebraic Functions Using Substitution,8. Techniques of Integration,8.1. Integration Using Substitution,8. Techniques of Integration/8.1. Integration Using Substitution/Lessons/8.1.1. Integrating Algebraic Functions Using Substitution.md,8. Techniques of Integration/8.1. Integration Using Substitution/Source/8.1.1. Integrating Algebraic Functions Using Substitution,57,57,155
331,CBC.8.1.2,8.1.2,Integrating Linear Rational Functions Using Substitution,8. Techniques of Integration,8.1. Integration Using Substitution,8. Techniques of Integration/8.1. Integration Using Substitution/Lessons/8.1.2. Integrating Linear Rational Functions Using Substitution.md,8. Techniques of Integration/8.1. Integration Using Substitution/Source/8.1.2. Integrating Linear Rational Functions Using Substitution,58,58,156
443,CBC.8.1.3,8.1.3,Integration Using Substitution,8. Techniques of Integration,8.1. Integration Using Substitution,8. Techniques of Integration/8.1. Integration Using Substitution/Lessons/8.1.3. Integration Using Substitution.md,8. Techniques of Integration/8.1. Integration Using Substitution/Source/8.1.3. Integration Using Substitution,59,59,157
1159,CBC.8.1.4,8.1.4,Calculating Definite Integrals Using Substitution,8. Techniques of Integration,8.1. Integration Using Substitution,8. Techniques of Integration/8.1. Integration Using Substitution/Lessons/8.1.4. Calculating Definite Integrals Using Substitution.md,8. Techniques of Integration/8.1. Integration Using Substitution/Source/8.1.4. Calculating Definite Integrals Using Substitution,68,68,158
316,CBC.8.1.5,8.1.5,Further Integration of Algebraic Functions Using Substitution,8. Techniques of Integration,8.1. Integration Using Substitution,8. Techniques of Integration/8.1. Integration Using Substitution/Lessons/8.1.5. Further Integration of Algebraic Functions Using Substitution.md,8. Techniques of Integration/8.1. Integration Using Substitution/Source/8.1.5. Further Integration of Algebraic Functions Using Substitution,69,69,159
1112,CBC.8.1.6,8.1.6,Integrating Exponential Functions Using Linear Substitution,8. Techniques of Integration,8.1. Integration Using Substitution,8. Techniques of Integration/8.1. Integration Using Substitution/Lessons/8.1.6. Integrating Exponential Functions Using Linear Substitution.md,8. Techniques of Integration/8.1. Integration Using Substitution/Source/8.1.6. Integrating Exponential Functions Using Linear Substitution,69,69,160
3770,CBC.8.1.7,8.1.7,Integrating Exponential Functions Using Substitution,8. Techniques of Integration,8.1. Integration Using Substitution,8. Techniques of Integration/8.1. Integration Using Substitution/Lessons/8.1.7. Integrating Exponential Functions Using Substitution.md,8. Techniques of Integration/8.1. Integration Using Substitution/Source/8.1.7. Integrating Exponential Functions Using Substitution,70,70,161
478,CBC.8.1.8,8.1.8,Integrating Trigonometric Functions Using Substitution,8. Techniques of Integration,8.1. Integration Using Substitution,8. Techniques of Integration/8.1. Integration Using Substitution/Lessons/8.1.8. Integrating Trigonometric Functions Using Substitution.md,8. Techniques of Integration/8.1. Integration Using Substitution/Source/8.1.8. Integrating Trigonometric Functions Using Substitution,69,69,162
1161,CBC.8.1.9,8.1.9,Integrating Logarithmic Functions Using Substitution,8. Techniques of Integration,8.1. Integration Using Substitution,8. Techniques of Integration/8.1. Integration Using Substitution/Lessons/8.1.9. Integrating Logarithmic Functions Using Substitution.md,8. Techniques of Integration/8.1. Integration Using Substitution/Source/8.1.9. Integrating Logarithmic Functions Using Substitution,69,69,163
315,CBC.8.1.10,8.1.10,Integration by Substitution With Inverse Trigonometric Functions,8. Techniques of Integration,8.1. Integration Using Substitution,8. Techniques of Integration/8.1. Integration Using Substitution/Lessons/8.1.10. Integration by Substitution With Inverse Trigonometric Functions.md,8. Techniques of Integration/8.1. Integration Using Substitution/Source/8.1.10. Integration by Substitution With Inverse Trigonometric Functions,69,69,164
282,CBC.8.2.1,8.2.1,Integration Using Basic Trigonometric Identities,8. Techniques of Integration,8.2. Integration Using Trigonometric Identities,8. Techniques of Integration/8.2. Integration Using Trigonometric Identities/Lessons/8.2.1. Integration Using Basic Trigonometric Identities.md,8. Techniques of Integration/8.2. Integration Using Trigonometric Identities/Source/8.2.1. Integration Using Basic Trigonometric Identities,70,70,165
1037,CBC.8.2.2,8.2.2,Integration Using the Pythagorean Identities,8. Techniques of Integration,8.2. Integration Using Trigonometric Identities,8. Techniques of Integration/8.2. Integration Using Trigonometric Identities/Lessons/8.2.2. Integration Using the Pythagorean Identities.md,8. Techniques of Integration/8.2. Integration Using Trigonometric Identities/Source/8.2.2. Integration Using the Pythagorean Identities,71,71,166
1038,CBC.8.2.3,8.2.3,Integration Using the Double-Angle Formulas,8. Techniques of Integration,8.2. Integration Using Trigonometric Identities,8. Techniques of Integration/8.2. Integration Using Trigonometric Identities/Lessons/8.2.3. Integration Using the Double-Angle Formulas.md,8. Techniques of Integration/8.2. Integration Using Trigonometric Identities/Source/8.2.3. Integration Using the Double-Angle Formulas,72,72,167
338,CBC.8.3.1,8.3.1,Integrating Functions Using Polynomial Division,8. Techniques of Integration,8.3. Special Techniques for Integration,8. Techniques of Integration/8.3. Special Techniques for Integration/Lessons/8.3.1. Integrating Functions Using Polynomial Division.md,8. Techniques of Integration/8.3. Special Techniques for Integration/Source/8.3.1. Integrating Functions Using Polynomial Division,69,69,168
444,CBC.8.3.2,8.3.2,Integrating Functions by Completing the Square,8. Techniques of Integration,8.3. Special Techniques for Integration,8. Techniques of Integration/8.3. Special Techniques for Integration/Lessons/8.3.2. Integrating Functions by Completing the Square.md,8. Techniques of Integration/8.3. Special Techniques for Integration/Source/8.3.2. Integrating Functions by Completing the Square,70,70,169
317,CBC.8.4.1,8.4.1,Introduction to Integration by Parts,8. Techniques of Integration,8.4. Integration by Parts,8. Techniques of Integration/8.4. Integration by Parts/Lessons/8.4.1. Introduction to Integration by Parts.md,8. Techniques of Integration/8.4. Integration by Parts/Source/8.4.1. Introduction to Integration by Parts,71,71,170
1140,CBC.8.4.2,8.4.2,Using Integration by Parts to Calculate Integrals With Logarithms,8. Techniques of Integration,8.4. Integration by Parts,8. Techniques of Integration/8.4. Integration by Parts/Lessons/8.4.2. Using Integration by Parts to Calculate Integrals With Logarithms.md,8. Techniques of Integration/8.4. Integration by Parts/Source/8.4.2. Using Integration by Parts to Calculate Integrals With Logarithms,72,72,171
416,CBC.8.4.3,8.4.3,Applying the Integration By Parts Twice,8. Techniques of Integration,8.4. Integration by Parts,8. Techniques of Integration/8.4. Integration by Parts/Lessons/8.4.3. Applying the Integration By Parts Twice.md,8. Techniques of Integration/8.4. Integration by Parts/Source/8.4.3. Applying the Integration By Parts Twice,73,73,172
1141,CBC.8.4.4,8.4.4,The Tabular Method of Integration by Parts,8. Techniques of Integration,8.4. Integration by Parts,8. Techniques of Integration/8.4. Integration by Parts/Lessons/8.4.4. The Tabular Method of Integration by Parts.md,8. Techniques of Integration/8.4. Integration by Parts/Source/8.4.4. The Tabular Method of Integration by Parts,74,74,173
424,CBC.8.4.5,8.4.5,Integration by Parts in Cyclic Cases,8. Techniques of Integration,8.4. Integration by Parts,8. Techniques of Integration/8.4. Integration by Parts/Lessons/8.4.5. Integration by Parts in Cyclic Cases.md,8. Techniques of Integration/8.4. Integration by Parts/Source/8.4.5. Integration by Parts in Cyclic Cases,74,74,174
1060,CBC.8.5.1,8.5.1,Expressing Rational Functions as Sums of Partial Fractions,8. Techniques of Integration,8.5. Integration Using Partial Fractions,8. Techniques of Integration/8.5. Integration Using Partial Fractions/Lessons/8.5.1. Expressing Rational Functions as Sums of Partial Fractions.md,8. Techniques of Integration/8.5. Integration Using Partial Fractions/Source/8.5.1. Expressing Rational Functions as Sums of Partial Fractions,48,48,175
1062,CBC.8.5.2,8.5.2,Expressing Rational Functions with Repeated Factors as Sums of Partial Fractions,8. Techniques of Integration,8.5. Integration Using Partial Fractions,8. Techniques of Integration/8.5. Integration Using Partial Fractions/Lessons/8.5.2. Expressing Rational Functions with Repeated Factors as Sums of Partial Fractions.md,8. Techniques of Integration/8.5. Integration Using Partial Fractions/Source/8.5.2. Expressing Rational Functions with Repeated Factors as Sums of Partial Fractions,49,49,176
1063,CBC.8.5.3,8.5.3,Expressing Rational Functions with Irreducible Quadratic Factors as Sums of Partial Fractions,8. Techniques of Integration,8.5. Integration Using Partial Fractions,8. Techniques of Integration/8.5. Integration Using Partial Fractions/Lessons/8.5.3. Expressing Rational Functions with Irreducible Quadratic Factors as Sums of Partial Fractions.md,8. Techniques of Integration/8.5. Integration Using Partial Fractions/Source/8.5.3. Expressing Rational Functions with Irreducible Quadratic Factors as Sums of Partial Fractions,49,49,177
445,CBC.8.5.4,8.5.4,Integrating Rational Functions Using Partial Fractions,8. Techniques of Integration,8.5. Integration Using Partial Fractions,8. Techniques of Integration/8.5. Integration Using Partial Fractions/Lessons/8.5.4. Integrating Rational Functions Using Partial Fractions.md,8. Techniques of Integration/8.5. Integration Using Partial Fractions/Source/8.5.4. Integrating Rational Functions Using Partial Fractions,69,69,178
446,CBC.8.5.5,8.5.5,Integrating Rational Functions with Repeated Factors,8. Techniques of Integration,8.5. Integration Using Partial Fractions,8. Techniques of Integration/8.5. Integration Using Partial Fractions/Lessons/8.5.5. Integrating Rational Functions with Repeated Factors.md,8. Techniques of Integration/8.5. Integration Using Partial Fractions/Source/8.5.5. Integrating Rational Functions with Repeated Factors,70,70,179
447,CBC.8.5.6,8.5.6,Integrating Rational Functions with Irreducible Quadratic Factors,8. Techniques of Integration,8.5. Integration Using Partial Fractions,8. Techniques of Integration/8.5. Integration Using Partial Fractions/Lessons/8.5.6. Integrating Rational Functions with Irreducible Quadratic Factors.md,8. Techniques of Integration/8.5. Integration Using Partial Fractions/Source/8.5.6. Integrating Rational Functions with Irreducible Quadratic Factors,70,70,180
758,CBC.8.6.1,8.6.1,Improper Integrals,8. Techniques of Integration,8.6. Improper Integrals,8. Techniques of Integration/8.6. Improper Integrals/Lessons/8.6.1. Improper Integrals.md,8. Techniques of Integration/8.6. Improper Integrals/Source/8.6.1. Improper Integrals,69,69,181
4004,CBC.8.6.2,8.6.2,Improper Integrals Involving Exponential Functions,8. Techniques of Integration,8.6. Improper Integrals,8. Techniques of Integration/8.6. Improper Integrals/Lessons/8.6.2. Improper Integrals Involving Exponential Functions.md,8. Techniques of Integration/8.6. Improper Integrals/Source/8.6.2. Improper Integrals Involving Exponential Functions,71,71,182
4005,CBC.8.6.3,8.6.3,Improper Integrals Involving Arctangent,8. Techniques of Integration,8.6. Improper Integrals,8. Techniques of Integration/8.6. Improper Integrals/Lessons/8.6.3. Improper Integrals Involving Arctangent.md,8. Techniques of Integration/8.6. Improper Integrals/Source/8.6.3. Improper Integrals Involving Arctangent,70,70,183
1382,CBC.8.6.4,8.6.4,Improper Integrals Over the Real Line,8. Techniques of Integration,8.6. Improper Integrals,8. Techniques of Integration/8.6. Improper Integrals/Lessons/8.6.4. Improper Integrals Over the Real Line.md,8. Techniques of Integration/8.6. Improper Integrals/Source/8.6.4. Improper Integrals Over the Real Line,72,72,184
759,CBC.8.6.5,8.6.5,Improper Integrals of the Second Kind,8. Techniques of Integration,8.6. Improper Integrals,8. Techniques of Integration/8.6. Improper Integrals/Lessons/8.6.5. Improper Integrals of the Second Kind.md,8. Techniques of Integration/8.6. Improper Integrals/Source/8.6.5. Improper Integrals of the Second Kind,71,71,185
3550,CBC.8.6.6,8.6.6,Improper Integrals of the Second Kind: Discontinuities at Interior Points,8. Techniques of Integration,8.6. Improper Integrals,8. Techniques of Integration/8.6. Improper Integrals/Lessons/8.6.6. Improper Integrals of the Second Kind- Discontinuities at Interior Points.md,8. Techniques of Integration/8.6. Improper Integrals/Source/8.6.6. Improper Integrals of the Second Kind- Discontinuities at Interior Points,72,72,186
3215,CBC.9.1.1,9.1.1,Introduction to Differential Equations,9. Differential Equations,9.1. Introduction to Differential Equations,9. Differential Equations/9.1. Introduction to Differential Equations/Lessons/9.1.1. Introduction to Differential Equations.md,9. Differential Equations/9.1. Introduction to Differential Equations/Source/9.1.1. Introduction to Differential Equations,58,58,187
1181,CBC.9.1.2,9.1.2,Verifying Solutions of Differential Equations,9. Differential Equations,9.1. Introduction to Differential Equations,9. Differential Equations/9.1. Introduction to Differential Equations/Lessons/9.1.2. Verifying Solutions of Differential Equations.md,9. Differential Equations/9.1. Introduction to Differential Equations/Source/9.1.2. Verifying Solutions of Differential Equations,61,61,188
1061,CBC.9.1.3,9.1.3,Solving First-Order ODEs Using Direct Integration,9. Differential Equations,9.1. Introduction to Differential Equations,9. Differential Equations/9.1. Introduction to Differential Equations/Lessons/9.1.3. Solving First-Order ODEs Using Direct Integration.md,9. Differential Equations/9.1. Introduction to Differential Equations/Source/9.1.3. Solving First-Order ODEs Using Direct Integration,71,71,189
466,CBC.9.1.4,9.1.4,Solving First-Order ODEs Using Separation of Variables,9. Differential Equations,9.1. Introduction to Differential Equations,9. Differential Equations/9.1. Introduction to Differential Equations/Lessons/9.1.4. Solving First-Order ODEs Using Separation of Variables.md,9. Differential Equations/9.1. Introduction to Differential Equations/Source/9.1.4. Solving First-Order ODEs Using Separation of Variables,72,72,190
1179,CBC.9.1.5,9.1.5,Solving First-Order IVPs Using Separation of Variables,9. Differential Equations,9.1. Introduction to Differential Equations,9. Differential Equations/9.1. Introduction to Differential Equations/Lessons/9.1.5. Solving First-Order IVPs Using Separation of Variables.md,9. Differential Equations/9.1. Introduction to Differential Equations/Source/9.1.5. Solving First-Order IVPs Using Separation of Variables,73,73,191
2023,CBC.9.1.6,9.1.6,Modeling With First-Order ODEs,9. Differential Equations,9.1. Introduction to Differential Equations,9. Differential Equations/9.1. Introduction to Differential Equations/Lessons/9.1.6. Modeling With First-Order ODEs.md,9. Differential Equations/9.1. Introduction to Differential Equations/Source/9.1.6. Modeling With First-Order ODEs,63,63,192
3860,CBC.9.1.7,9.1.7,Further Modeling With First-Order ODEs,9. Differential Equations,9.1. Introduction to Differential Equations,9. Differential Equations/9.1. Introduction to Differential Equations/Lessons/9.1.7. Further Modeling With First-Order ODEs.md,9. Differential Equations/9.1. Introduction to Differential Equations/Source/9.1.7. Further Modeling With First-Order ODEs,67,67,193
2976,CBC.9.2.1,9.2.1,Qualitative Analysis of First-Order ODEs,9. Differential Equations,9.2. Qualitative Techniques for Differential Equations,9. Differential Equations/9.2. Qualitative Techniques for Differential Equations/Lessons/9.2.1. Qualitative Analysis of First-Order ODEs.md,9. Differential Equations/9.2. Qualitative Techniques for Differential Equations/Source/9.2.1. Qualitative Analysis of First-Order ODEs,72,72,194
3184,CBC.9.2.2,9.2.2,Equilibrium Solutions of First-Order ODEs,9. Differential Equations,9.2. Qualitative Techniques for Differential Equations,9. Differential Equations/9.2. Qualitative Techniques for Differential Equations/Lessons/9.2.2. Equilibrium Solutions of First-Order ODEs.md,9. Differential Equations/9.2. Qualitative Techniques for Differential Equations/Source/9.2.2. Equilibrium Solutions of First-Order ODEs,73,73,195
876,CBC.9.3.1,9.3.1,Exponential Growth and Decay Models With First-Order ODEs,9. Differential Equations,9.3. Modeling Exponential Growth and Decay With Differential Equations,9. Differential Equations/9.3. Modeling Exponential Growth and Decay With Differential Equations/Lessons/9.3.1. Exponential Growth and Decay Models With First-Order ODEs.md,9. Differential Equations/9.3. Modeling Exponential Growth and Decay With Differential Equations/Source/9.3.1. Exponential Growth and Decay Models With First-Order ODEs,74,74,196
3672,CBC.9.3.2,9.3.2,Exponential Growth and Decay Models With First-Order ODEs: Calculating Unknown Times and Initial Values,9. Differential Equations,9.3. Modeling Exponential Growth and Decay With Differential Equations,9. Differential Equations/9.3. Modeling Exponential Growth and Decay With Differential Equations/Lessons/9.3.2. Exponential Growth and Decay Models With First-Order ODEs- Calculating Unknown Times and Initial Values.md,9. Differential Equations/9.3. Modeling Exponential Growth and Decay With Differential Equations/Source/9.3.2. Exponential Growth and Decay Models With First-Order ODEs- Calculating Unknown Times and Initial Values,75,75,197
3673,CBC.9.3.3,9.3.3,Exponential Growth and Decay Models With First-Order ODEs: Half-Life Problems,9. Differential Equations,9.3. Modeling Exponential Growth and Decay With Differential Equations,9. Differential Equations/9.3. Modeling Exponential Growth and Decay With Differential Equations/Lessons/9.3.3. Exponential Growth and Decay Models With First-Order ODEs- Half-Life Problems.md,9. Differential Equations/9.3. Modeling Exponential Growth and Decay With Differential Equations/Source/9.3.3. Exponential Growth and Decay Models With First-Order ODEs- Half-Life Problems,76,76,198
1163,CBC.9.4.1,9.4.1,Logistic Growth Models With First-Order ODEs,9. Differential Equations,9.4. Modeling Logistic Growth With Differential Equations,9. Differential Equations/9.4. Modeling Logistic Growth With Differential Equations/Lessons/9.4.1. Logistic Growth Models With First-Order ODEs.md,9. Differential Equations/9.4. Modeling Logistic Growth With Differential Equations/Source/9.4.1. Logistic Growth Models With First-Order ODEs,75,75,199
3551,CBC.9.4.2,9.4.2,Qualitative Analysis of the Logistic Growth Equation,9. Differential Equations,9.4. Modeling Logistic Growth With Differential Equations,9. Differential Equations/9.4. Modeling Logistic Growth With Differential Equations/Lessons/9.4.2. Qualitative Analysis of the Logistic Growth Equation.md,9. Differential Equations/9.4. Modeling Logistic Growth With Differential Equations/Source/9.4.2. Qualitative Analysis of the Logistic Growth Equation,76,76,200
3674,CBC.9.4.3,9.4.3,Solving the Logistic Growth Equation,9. Differential Equations,9.4. Modeling Logistic Growth With Differential Equations,9. Differential Equations/9.4. Modeling Logistic Growth With Differential Equations/Lessons/9.4.3. Solving the Logistic Growth Equation.md,9. Differential Equations/9.4. Modeling Logistic Growth With Differential Equations/Source/9.4.3. Solving the Logistic Growth Equation,76,76,201
3276,CBC.9.5.1,9.5.1,Slope Fields for Directly Integrable Differential Equations,9. Differential Equations,9.5. Slope Fields,9. Differential Equations/9.5. Slope Fields/Lessons/9.5.1. Slope Fields for Directly Integrable Differential Equations.md,9. Differential Equations/9.5. Slope Fields/Source/9.5.1. Slope Fields for Directly Integrable Differential Equations,73,73,202
3351,CBC.9.5.2,9.5.2,Slope Fields for Autonomous Differential Equations,9. Differential Equations,9.5. Slope Fields,9. Differential Equations/9.5. Slope Fields/Lessons/9.5.2. Slope Fields for Autonomous Differential Equations.md,9. Differential Equations/9.5. Slope Fields/Source/9.5.2. Slope Fields for Autonomous Differential Equations,74,74,203
3352,CBC.9.5.3,9.5.3,Slope Fields for Nonautonomous Differential Equations,9. Differential Equations,9.5. Slope Fields,9. Differential Equations/9.5. Slope Fields/Lessons/9.5.3. Slope Fields for Nonautonomous Differential Equations.md,9. Differential Equations/9.5. Slope Fields/Source/9.5.3. Slope Fields for Nonautonomous Differential Equations,75,75,204
3219,CBC.9.5.4,9.5.4,Analyzing Slope Fields for Directly Integrable Differential Equations,9. Differential Equations,9.5. Slope Fields,9. Differential Equations/9.5. Slope Fields/Lessons/9.5.4. Analyzing Slope Fields for Directly Integrable Differential Equations.md,9. Differential Equations/9.5. Slope Fields/Source/9.5.4. Analyzing Slope Fields for Directly Integrable Differential Equations,74,74,205
3220,CBC.9.5.5,9.5.5,Analyzing Slope Fields for Autonomous Differential Equations,9. Differential Equations,9.5. Slope Fields,9. Differential Equations/9.5. Slope Fields/Lessons/9.5.5. Analyzing Slope Fields for Autonomous Differential Equations.md,9. Differential Equations/9.5. Slope Fields/Source/9.5.5. Analyzing Slope Fields for Autonomous Differential Equations,75,75,206
3350,CBC.9.5.6,9.5.6,Analyzing Slope Fields for Nonautonomous Differential Equations,9. Differential Equations,9.5. Slope Fields,9. Differential Equations/9.5. Slope Fields/Lessons/9.5.6. Analyzing Slope Fields for Nonautonomous Differential Equations.md,9. Differential Equations/9.5. Slope Fields/Source/9.5.6. Analyzing Slope Fields for Nonautonomous Differential Equations,76,76,207
602,CBC.9.6.1,9.6.1,Euler's Method: Calculating One Step,9. Differential Equations,9.6. Numerical Solutions of Differential Equations,9. Differential Equations/9.6. Numerical Solutions of Differential Equations/Lessons/9.6.1. Euler's Method- Calculating One Step.md,9. Differential Equations/9.6. Numerical Solutions of Differential Equations/Source/9.6.1. Euler's Method- Calculating One Step,73,73,208
3668,CBC.9.6.2,9.6.2,Euler's Method: Calculating Multiple Steps,9. Differential Equations,9.6. Numerical Solutions of Differential Equations,9. Differential Equations/9.6. Numerical Solutions of Differential Equations/Lessons/9.6.2. Euler's Method- Calculating Multiple Steps.md,9. Differential Equations/9.6. Numerical Solutions of Differential Equations/Source/9.6.2. Euler's Method- Calculating Multiple Steps,74,74,209
1203,CBC.10.1.1,10.1.1,The Average Value of a Function,10. Applications of Integration,10.1. Applications of Integration,10. Applications of Integration/10.1. Applications of Integration/Lessons/10.1.1. The Average Value of a Function.md,10. Applications of Integration/10.1. Applications of Integration/Source/10.1.1. The Average Value of a Function,70,70,210
395,CBC.10.1.2,10.1.2,The Area Between Curves Expressed as Functions of X,10. Applications of Integration,10.1. Applications of Integration,10. Applications of Integration/10.1. Applications of Integration/Lessons/10.1.2. The Area Between Curves Expressed as Functions of X.md,10. Applications of Integration/10.1. Applications of Integration/Source/10.1.2. The Area Between Curves Expressed as Functions of X,70,70,211
402,CBC.10.1.3,10.1.3,The Area Between Curves Expressed as Functions of Y,10. Applications of Integration,10.1. Applications of Integration,10. Applications of Integration/10.1. Applications of Integration/Lessons/10.1.3. The Area Between Curves Expressed as Functions of Y.md,10. Applications of Integration/10.1. Applications of Integration/Source/10.1.3. The Area Between Curves Expressed as Functions of Y,71,71,212
311,CBC.10.1.4,10.1.4,Finding Areas Between Curves that Intersect at More Than Two Points,10. Applications of Integration,10.1. Applications of Integration,10. Applications of Integration/10.1. Applications of Integration/Lessons/10.1.4. Finding Areas Between Curves that Intersect at More Than Two Points.md,10. Applications of Integration/10.1. Applications of Integration/Source/10.1.4. Finding Areas Between Curves that Intersect at More Than Two Points,72,72,213
760,CBC.10.1.5,10.1.5,The Arc Length of a Planar Curve,10. Applications of Integration,10.1. Applications of Integration,10. Applications of Integration/10.1. Applications of Integration/Lessons/10.1.5. The Arc Length of a Planar Curve.md,10. Applications of Integration/10.1. Applications of Integration/Source/10.1.5. The Arc Length of a Planar Curve,71,71,214
1083,CBC.10.2.1,10.2.1,Volumes of Solids with Square Cross Sections,10. Applications of Integration,10.2. Volumes of Solids With Known Cross Sections,10. Applications of Integration/10.2. Volumes of Solids With Known Cross Sections/Lessons/10.2.1. Volumes of Solids with Square Cross Sections.md,10. Applications of Integration/10.2. Volumes of Solids With Known Cross Sections/Source/10.2.1. Volumes of Solids with Square Cross Sections,72,72,215
1248,CBC.10.2.2,10.2.2,Volumes of Solids with Rectangular Cross Sections,10. Applications of Integration,10.2. Volumes of Solids With Known Cross Sections,10. Applications of Integration/10.2. Volumes of Solids With Known Cross Sections/Lessons/10.2.2. Volumes of Solids with Rectangular Cross Sections.md,10. Applications of Integration/10.2. Volumes of Solids With Known Cross Sections/Source/10.2.2. Volumes of Solids with Rectangular Cross Sections,73,73,216
1276,CBC.10.2.3,10.2.3,Volumes of Solids with Triangular Cross Sections,10. Applications of Integration,10.2. Volumes of Solids With Known Cross Sections,10. Applications of Integration/10.2. Volumes of Solids With Known Cross Sections/Lessons/10.2.3. Volumes of Solids with Triangular Cross Sections.md,10. Applications of Integration/10.2. Volumes of Solids With Known Cross Sections/Source/10.2.3. Volumes of Solids with Triangular Cross Sections,73,73,217
1280,CBC.10.2.4,10.2.4,Volumes of Solids with Circular Cross Sections,10. Applications of Integration,10.2. Volumes of Solids With Known Cross Sections,10. Applications of Integration/10.2. Volumes of Solids With Known Cross Sections/Lessons/10.2.4. Volumes of Solids with Circular Cross Sections.md,10. Applications of Integration/10.2. Volumes of Solids With Known Cross Sections/Source/10.2.4. Volumes of Solids with Circular Cross Sections,73,73,218
413,CBC.10.3.1,10.3.1,Volumes of Revolution Using the Disc Method: Rotation About the Coordinate Axes,10. Applications of Integration,10.3. Volumes of Revolution,10. Applications of Integration/10.3. Volumes of Revolution/Lessons/10.3.1. Volumes of Revolution Using the Disc Method- Rotation About the Coordinate Axes.md,10. Applications of Integration/10.3. Volumes of Revolution/Source/10.3.1. Volumes of Revolution Using the Disc Method- Rotation About the Coordinate Axes,71,71,219
1677,CBC.10.3.2,10.3.2,Volumes of Revolution Using the Disc Method: Rotation About Other Axes,10. Applications of Integration,10.3. Volumes of Revolution,10. Applications of Integration/10.3. Volumes of Revolution/Lessons/10.3.2. Volumes of Revolution Using the Disc Method- Rotation About Other Axes.md,10. Applications of Integration/10.3. Volumes of Revolution/Source/10.3.2. Volumes of Revolution Using the Disc Method- Rotation About Other Axes,72,72,220
414,CBC.10.3.3,10.3.3,Volumes of Revolution Using the Washer Method: Rotation About the Coordinate Axes,10. Applications of Integration,10.3. Volumes of Revolution,10. Applications of Integration/10.3. Volumes of Revolution/Lessons/10.3.3. Volumes of Revolution Using the Washer Method- Rotation About the Coordinate Axes.md,10. Applications of Integration/10.3. Volumes of Revolution/Source/10.3.3. Volumes of Revolution Using the Washer Method- Rotation About the Coordinate Axes,72,72,221
1082,CBC.10.3.4,10.3.4,Volumes of Revolution Using the Washer Method: Rotation About Other Axes,10. Applications of Integration,10.3. Volumes of Revolution,10. Applications of Integration/10.3. Volumes of Revolution/Lessons/10.3.4. Volumes of Revolution Using the Washer Method- Rotation About Other Axes.md,10. Applications of Integration/10.3. Volumes of Revolution/Source/10.3.4. Volumes of Revolution Using the Washer Method- Rotation About Other Axes,73,73,222
798,CBC.11.1.1,11.1.1,Differentiating Parametric Curves,11. Parametric Equations,11.1. Parametric Equations,11. Parametric Equations/11.1. Parametric Equations/Lessons/11.1.1. Differentiating Parametric Curves.md,11. Parametric Equations/11.1. Parametric Equations/Source/11.1.1. Differentiating Parametric Curves,62,62,223
799,CBC.11.1.2,11.1.2,Calculating Tangent and Normal Lines with Parametric Equations,11. Parametric Equations,11.1. Parametric Equations,11. Parametric Equations/11.1. Parametric Equations/Lessons/11.1.2. Calculating Tangent and Normal Lines with Parametric Equations.md,11. Parametric Equations/11.1. Parametric Equations/Source/11.1.2. Calculating Tangent and Normal Lines with Parametric Equations,63,63,224
431,CBC.11.1.3,11.1.3,Second Derivatives of Parametric Equations,11. Parametric Equations,11.1. Parametric Equations,11. Parametric Equations/11.1. Parametric Equations/Lessons/11.1.3. Second Derivatives of Parametric Equations.md,11. Parametric Equations/11.1. Parametric Equations/Source/11.1.3. Second Derivatives of Parametric Equations,63,63,225
997,CBC.11.1.4,11.1.4,The Arc Length of a Parametric Curve,11. Parametric Equations,11.1. Parametric Equations,11. Parametric Equations/11.1. Parametric Equations/Lessons/11.1.4. The Arc Length of a Parametric Curve.md,11. Parametric Equations/11.1. Parametric Equations/Source/11.1.4. The Arc Length of a Parametric Curve,73,73,226
475,CBC.11.2.1,11.2.1,Defining Vector-Valued Functions,11. Parametric Equations,11.2. Vector-Valued Functions,11. Parametric Equations/11.2. Vector-Valued Functions/Lessons/11.2.1. Defining Vector-Valued Functions.md,11. Parametric Equations/11.2. Vector-Valued Functions/Source/11.2.1. Defining Vector-Valued Functions,61,61,227
4139,CBC.11.2.2,11.2.2,Differentiating Vector-Valued Functions,11. Parametric Equations,11.2. Vector-Valued Functions,11. Parametric Equations/11.2. Vector-Valued Functions/Lessons/11.2.2. Differentiating Vector-Valued Functions.md,11. Parametric Equations/11.2. Vector-Valued Functions/Source/11.2.2. Differentiating Vector-Valued Functions,65,65,228
1085,CBC.11.2.3,11.2.3,Integrating Vector-Valued Functions,11. Parametric Equations,11.2. Vector-Valued Functions,11. Parametric Equations/11.2. Vector-Valued Functions/Lessons/11.2.3. Integrating Vector-Valued Functions.md,11. Parametric Equations/11.2. Vector-Valued Functions/Source/11.2.3. Integrating Vector-Valued Functions,71,71,229
998,CBC.12.1.1,12.1.1,Differentiating Curves Given in Polar Form,12. Polar Equations,12.1. Polar Coordinates,12. Polar Equations/12.1. Polar Coordinates/Lessons/12.1.1. Differentiating Curves Given in Polar Form.md,12. Polar Equations/12.1. Polar Coordinates/Source/12.1.1. Differentiating Curves Given in Polar Form,64,64,230
3854,CBC.12.1.2,12.1.2,Further Differentiation of Curves Given in Polar Form,12. Polar Equations,12.1. Polar Coordinates,12. Polar Equations/12.1. Polar Coordinates/Lessons/12.1.2. Further Differentiation of Curves Given in Polar Form.md,12. Polar Equations/12.1. Polar Coordinates/Source/12.1.2. Further Differentiation of Curves Given in Polar Form,65,65,231
3584,CBC.12.1.3,12.1.3,Horizontal and Vertical Tangents to Polar Curves,12. Polar Equations,12.1. Polar Coordinates,12. Polar Equations/12.1. Polar Coordinates/Lessons/12.1.3. Horizontal and Vertical Tangents to Polar Curves.md,12. Polar Equations/12.1. Polar Coordinates/Source/12.1.3. Horizontal and Vertical Tangents to Polar Curves,68,68,232
3895,CBC.12.1.4,12.1.4,Horizontal and Vertical Tangents to Polar Curves in Non-Differentiable Cases,12. Polar Equations,12.1. Polar Coordinates,12. Polar Equations/12.1. Polar Coordinates/Lessons/12.1.4. Horizontal and Vertical Tangents to Polar Curves in Non-Differentiable Cases.md,12. Polar Equations/12.1. Polar Coordinates/Source/12.1.4. Horizontal and Vertical Tangents to Polar Curves in Non-Differentiable Cases,69,69,233
3834,CBC.12.1.5,12.1.5,Tangent and Normal Lines to Polar Curves,12. Polar Equations,12.1. Polar Coordinates,12. Polar Equations/12.1. Polar Coordinates/Lessons/12.1.5. Tangent and Normal Lines to Polar Curves.md,12. Polar Equations/12.1. Polar Coordinates/Source/12.1.5. Tangent and Normal Lines to Polar Curves,65,65,234
1000,CBC.12.1.6,12.1.6,Finding the Area of a Polar Region,12. Polar Equations,12.1. Polar Coordinates,12. Polar Equations/12.1. Polar Coordinates/Lessons/12.1.6. Finding the Area of a Polar Region.md,12. Polar Equations/12.1. Polar Coordinates/Source/12.1.6. Finding the Area of a Polar Region,73,73,235
1345,CBC.12.1.7,12.1.7,Finding the Limits of Integration For a Given Polar Region,12. Polar Equations,12.1. Polar Coordinates,12. Polar Equations/12.1. Polar Coordinates/Lessons/12.1.7. Finding the Limits of Integration For a Given Polar Region.md,12. Polar Equations/12.1. Polar Coordinates/Source/12.1.7. Finding the Limits of Integration For a Given Polar Region,74,74,236
2833,CBC.12.1.8,12.1.8,The Total Area Bounded by a Single Polar Curve,12. Polar Equations,12.1. Polar Coordinates,12. Polar Equations/12.1. Polar Coordinates/Lessons/12.1.8. The Total Area Bounded by a Single Polar Curve.md,12. Polar Equations/12.1. Polar Coordinates/Source/12.1.8. The Total Area Bounded by a Single Polar Curve,75,75,237
1001,CBC.12.1.9,12.1.9,The Area Bounded by Two Polar Curves,12. Polar Equations,12.1. Polar Coordinates,12. Polar Equations/12.1. Polar Coordinates/Lessons/12.1.9. The Area Bounded by Two Polar Curves.md,12. Polar Equations/12.1. Polar Coordinates/Source/12.1.9. The Area Bounded by Two Polar Curves,76,76,238
999,CBC.12.1.10,12.1.10,The Arc Length of a Polar Curve,12. Polar Equations,12.1. Polar Coordinates,12. Polar Equations/12.1. Polar Coordinates/Lessons/12.1.10. The Arc Length of a Polar Curve.md,12. Polar Equations/12.1. Polar Coordinates/Source/12.1.10. The Arc Length of a Polar Curve,72,72,239
284,CBC.13.1.1,13.1.1,Calculating Velocity for Straight-Line Motion Using Differentiation,13. Particle Dynamics,"13.1. Displacement, Velocity, and Acceleration","13. Particle Dynamics/13.1. Displacement, Velocity, and Acceleration/Lessons/13.1.1. Calculating Velocity for Straight-Line Motion Using Differentiation.md","13. Particle Dynamics/13.1. Displacement, Velocity, and Acceleration/Source/13.1.1. Calculating Velocity for Straight-Line Motion Using Differentiation",62,62,240
824,CBC.13.1.2,13.1.2,Calculating Acceleration for Straight-Line Motion Using Differentiation,13. Particle Dynamics,"13.1. Displacement, Velocity, and Acceleration","13. Particle Dynamics/13.1. Displacement, Velocity, and Acceleration/Lessons/13.1.2. Calculating Acceleration for Straight-Line Motion Using Differentiation.md","13. Particle Dynamics/13.1. Displacement, Velocity, and Acceleration/Source/13.1.2. Calculating Acceleration for Straight-Line Motion Using Differentiation",63,63,241
3581,CBC.13.1.3,13.1.3,Determining Characteristics of Moving Objects Using Differentiation,13. Particle Dynamics,"13.1. Displacement, Velocity, and Acceleration","13. Particle Dynamics/13.1. Displacement, Velocity, and Acceleration/Lessons/13.1.3. Determining Characteristics of Moving Objects Using Differentiation.md","13. Particle Dynamics/13.1. Displacement, Velocity, and Acceleration/Source/13.1.3. Determining Characteristics of Moving Objects Using Differentiation",64,64,242
762,CBC.13.2.1,13.2.1,Calculating Velocity Using Integration,13. Particle Dynamics,"13.2. Connecting Position, Velocity and Acceleration Using Integrals","13. Particle Dynamics/13.2. Connecting Position, Velocity and Acceleration Using Integrals/Lessons/13.2.1. Calculating Velocity Using Integration.md","13. Particle Dynamics/13.2. Connecting Position, Velocity and Acceleration Using Integrals/Source/13.2.1. Calculating Velocity Using Integration",71,71,243
3582,CBC.13.2.2,13.2.2,Determining Characteristics of Moving Objects Using Integration,13. Particle Dynamics,"13.2. Connecting Position, Velocity and Acceleration Using Integrals","13. Particle Dynamics/13.2. Connecting Position, Velocity and Acceleration Using Integrals/Lessons/13.2.2. Determining Characteristics of Moving Objects Using Integration.md","13. Particle Dynamics/13.2. Connecting Position, Velocity and Acceleration Using Integrals/Source/13.2.2. Determining Characteristics of Moving Objects Using Integration",72,72,244
335,CBC.13.2.3,13.2.3,Calculating the Position Function of a Particle Using Integration,13. Particle Dynamics,"13.2. Connecting Position, Velocity and Acceleration Using Integrals","13. Particle Dynamics/13.2. Connecting Position, Velocity and Acceleration Using Integrals/Lessons/13.2.3. Calculating the Position Function of a Particle Using Integration.md","13. Particle Dynamics/13.2. Connecting Position, Velocity and Acceleration Using Integrals/Source/13.2.3. Calculating the Position Function of a Particle Using Integration",72,72,245
3576,CBC.13.2.4,13.2.4,Calculating the Displacement of a Particle Using Integration,13. Particle Dynamics,"13.2. Connecting Position, Velocity and Acceleration Using Integrals","13. Particle Dynamics/13.2. Connecting Position, Velocity and Acceleration Using Integrals/Lessons/13.2.4. Calculating the Displacement of a Particle Using Integration.md","13. Particle Dynamics/13.2. Connecting Position, Velocity and Acceleration Using Integrals/Source/13.2.4. Calculating the Displacement of a Particle Using Integration",73,73,246
636,CBC.13.2.5,13.2.5,Calculating the Total Distance Traveled by a Particle,13. Particle Dynamics,"13.2. Connecting Position, Velocity and Acceleration Using Integrals","13. Particle Dynamics/13.2. Connecting Position, Velocity and Acceleration Using Integrals/Lessons/13.2.5. Calculating the Total Distance Traveled by a Particle.md","13. Particle Dynamics/13.2. Connecting Position, Velocity and Acceleration Using Integrals/Source/13.2.5. Calculating the Total Distance Traveled by a Particle",74,74,247
1079,CBC.13.2.6,13.2.6,"Average Position, Velocity, and Acceleration",13. Particle Dynamics,"13.2. Connecting Position, Velocity and Acceleration Using Integrals","13. Particle Dynamics/13.2. Connecting Position, Velocity and Acceleration Using Integrals/Lessons/13.2.6. Average Position, Velocity, and Acceleration.md","13. Particle Dynamics/13.2. Connecting Position, Velocity and Acceleration Using Integrals/Source/13.2.6. Average Position, Velocity, and Acceleration",71,71,248
763,CBC.13.3.1,13.3.1,Calculating Velocity for Plane Motion Using Differentiation,13. Particle Dynamics,13.3. The Planar Motion of a Particle,13. Particle Dynamics/13.3. The Planar Motion of a Particle/Lessons/13.3.1. Calculating Velocity for Plane Motion Using Differentiation.md,13. Particle Dynamics/13.3. The Planar Motion of a Particle/Source/13.3.1. Calculating Velocity for Plane Motion Using Differentiation,66,66,249
825,CBC.13.3.2,13.3.2,Calculating Acceleration for Plane Motion Using Differentiation,13. Particle Dynamics,13.3. The Planar Motion of a Particle,13. Particle Dynamics/13.3. The Planar Motion of a Particle/Lessons/13.3.2. Calculating Acceleration for Plane Motion Using Differentiation.md,13. Particle Dynamics/13.3. The Planar Motion of a Particle/Source/13.3.2. Calculating Acceleration for Plane Motion Using Differentiation,67,67,250
826,CBC.13.3.3,13.3.3,Finding Velocity Vectors in Two Dimensions Using Integration,13. Particle Dynamics,13.3. The Planar Motion of a Particle,13. Particle Dynamics/13.3. The Planar Motion of a Particle/Lessons/13.3.3. Finding Velocity Vectors in Two Dimensions Using Integration.md,13. Particle Dynamics/13.3. The Planar Motion of a Particle/Source/13.3.3. Finding Velocity Vectors in Two Dimensions Using Integration,73,73,251
648,CBC.13.3.4,13.3.4,Finding Displacement Vectors in Two Dimensions Using Integration,13. Particle Dynamics,13.3. The Planar Motion of a Particle,13. Particle Dynamics/13.3. The Planar Motion of a Particle/Lessons/13.3.4. Finding Displacement Vectors in Two Dimensions Using Integration.md,13. Particle Dynamics/13.3. The Planar Motion of a Particle/Source/13.3.4. Finding Displacement Vectors in Two Dimensions Using Integration,74,74,252
1087,CBC.14.1.1,14.1.1,Limits of Sequences,14. Sequences & Series,14.1. Sequences,14. Sequences & Series/14.1. Sequences/Lessons/14.1.1. Limits of Sequences.md,14. Sequences & Series/14.1. Sequences/Source/14.1.1. Limits of Sequences,56,56,253
1088,CBC.14.1.2,14.1.2,Convergence of Geometric Sequences,14. Sequences & Series,14.1. Sequences,14. Sequences & Series/14.1. Sequences/Lessons/14.1.2. Convergence of Geometric Sequences.md,14. Sequences & Series/14.1. Sequences/Source/14.1.2. Convergence of Geometric Sequences,46,46,254
3838,CBC.14.1.3,14.1.3,Further Convergence of Geometric Sequences,14. Sequences & Series,14.1. Sequences,14. Sequences & Series/14.1. Sequences/Lessons/14.1.3. Further Convergence of Geometric Sequences.md,14. Sequences & Series/14.1. Sequences/Source/14.1.3. Further Convergence of Geometric Sequences,61,61,255
1089,CBC.14.1.4,14.1.4,Limits of Sequences With Factorials,14. Sequences & Series,14.1. Sequences,14. Sequences & Series/14.1. Sequences/Lessons/14.1.4. Limits of Sequences With Factorials.md,14. Sequences & Series/14.1. Sequences/Source/14.1.4. Limits of Sequences With Factorials,57,57,256
1245,CBC.14.1.5,14.1.5,Determining Limits of Sequences Using Relative Magnitudes,14. Sequences & Series,14.1. Sequences,14. Sequences & Series/14.1. Sequences/Lessons/14.1.5. Determining Limits of Sequences Using Relative Magnitudes.md,14. Sequences & Series/14.1. Sequences/Source/14.1.5. Determining Limits of Sequences Using Relative Magnitudes,60,60,257
3539,CBC.14.1.6,14.1.6,Further Determining Limits of Sequences Using Relative Magnitudes,14. Sequences & Series,14.1. Sequences,14. Sequences & Series/14.1. Sequences/Lessons/14.1.6. Further Determining Limits of Sequences Using Relative Magnitudes.md,14. Sequences & Series/14.1. Sequences/Source/14.1.6. Further Determining Limits of Sequences Using Relative Magnitudes,61,61,258
1096,CBC.14.2.1,14.2.1,Monotonic Sequences,14. Sequences & Series,14.2. Monotonic Sequences,14. Sequences & Series/14.2. Monotonic Sequences/Lessons/14.2.1. Monotonic Sequences.md,14. Sequences & Series/14.2. Monotonic Sequences/Source/14.2.1. Monotonic Sequences,43,43,259
3844,CBC.14.2.2,14.2.2,Identifying Monotonic Sequences Using Differentiation,14. Sequences & Series,14.2. Monotonic Sequences,14. Sequences & Series/14.2. Monotonic Sequences/Lessons/14.2.2. Identifying Monotonic Sequences Using Differentiation.md,14. Sequences & Series/14.2. Monotonic Sequences/Source/14.2.2. Identifying Monotonic Sequences Using Differentiation,69,69,260
3861,CBC.14.2.3,14.2.3,Identifying Monotonic Sequences Using Ratios,14. Sequences & Series,14.2. Monotonic Sequences,14. Sequences & Series/14.2. Monotonic Sequences/Lessons/14.2.3. Identifying Monotonic Sequences Using Ratios.md,14. Sequences & Series/14.2. Monotonic Sequences/Source/14.2.3. Identifying Monotonic Sequences Using Ratios,44,44,261
981,CBC.14.3.1,14.3.1,Infinite Series and Partial Sums,14. Sequences & Series,14.3. Infinite Series,14. Sequences & Series/14.3. Infinite Series/Lessons/14.3.1. Infinite Series and Partial Sums.md,14. Sequences & Series/14.3. Infinite Series/Source/14.3.1. Infinite Series and Partial Sums,50,50,262
982,CBC.14.3.2,14.3.2,Convergent and Divergent Infinite Series,14. Sequences & Series,14.3. Infinite Series,14. Sequences & Series/14.3. Infinite Series/Lessons/14.3.2. Convergent and Divergent Infinite Series.md,14. Sequences & Series/14.3. Infinite Series/Source/14.3.2. Convergent and Divergent Infinite Series,51,51,263
983,CBC.14.3.3,14.3.3,Properties of Infinite Series,14. Sequences & Series,14.3. Infinite Series,14. Sequences & Series/14.3. Infinite Series/Lessons/14.3.3. Properties of Infinite Series.md,14. Sequences & Series/14.3. Infinite Series/Source/14.3.3. Properties of Infinite Series,52,52,264
4052,CBC.14.3.4,14.3.4,Further Properties of Infinite Series,14. Sequences & Series,14.3. Infinite Series,14. Sequences & Series/14.3. Infinite Series/Lessons/14.3.4. Further Properties of Infinite Series.md,14. Sequences & Series/14.3. Infinite Series/Source/14.3.4. Further Properties of Infinite Series,53,53,265
1176,CBC.14.3.5,14.3.5,Telescoping Series,14. Sequences & Series,14.3. Infinite Series,14. Sequences & Series/14.3. Infinite Series/Lessons/14.3.5. Telescoping Series.md,14. Sequences & Series/14.3. Infinite Series/Source/14.3.5. Telescoping Series,52,52,266
691,CBC.14.4.1,14.4.1,Finding the Sum of an Infinite Geometric Series,14. Sequences & Series,14.4. Geometric Series,14. Sequences & Series/14.4. Geometric Series/Lessons/14.4.1. Finding the Sum of an Infinite Geometric Series.md,14. Sequences & Series/14.4. Geometric Series/Source/14.4.1. Finding the Sum of an Infinite Geometric Series,51,51,267
686,CBC.14.4.2,14.4.2,Writing an Infinite Geometric Series in Sigma Notation,14. Sequences & Series,14.4. Geometric Series,14. Sequences & Series/14.4. Geometric Series/Lessons/14.4.2. Writing an Infinite Geometric Series in Sigma Notation.md,14. Sequences & Series/14.4. Geometric Series/Source/14.4.2. Writing an Infinite Geometric Series in Sigma Notation,51,51,268
1020,CBC.14.4.3,14.4.3,Sums of Infinite Geometric Series Given in Sigma Notation,14. Sequences & Series,14.4. Geometric Series,14. Sequences & Series/14.4. Geometric Series/Lessons/14.4.3. Sums of Infinite Geometric Series Given in Sigma Notation.md,14. Sequences & Series/14.4. Geometric Series/Source/14.4.3. Sums of Infinite Geometric Series Given in Sigma Notation,52,52,269
684,CBC.14.4.4,14.4.4,Convergence of Geometric Series,14. Sequences & Series,14.4. Geometric Series,14. Sequences & Series/14.4. Geometric Series/Lessons/14.4.4. Convergence of Geometric Series.md,14. Sequences & Series/14.4. Geometric Series/Source/14.4.4. Convergence of Geometric Series,62,62,270
689,CBC.14.4.5,14.4.5,Repeating Decimals as Infinite Geometric Series,14. Sequences & Series,14.4. Geometric Series,14. Sequences & Series/14.4. Geometric Series/Lessons/14.4.5. Repeating Decimals as Infinite Geometric Series.md,14. Sequences & Series/14.4. Geometric Series/Source/14.4.5. Repeating Decimals as Infinite Geometric Series,52,52,271
743,CBC.14.5.1,14.5.1,The Nth Term Test for Divergence,14. Sequences & Series,14.5. Infinite Series Convergence Tests,14. Sequences & Series/14.5. Infinite Series Convergence Tests/Lessons/14.5.1. The Nth Term Test for Divergence.md,14. Sequences & Series/14.5. Infinite Series Convergence Tests/Source/14.5.1. The Nth Term Test for Divergence,62,62,272
744,CBC.14.5.2,14.5.2,The Integral Test,14. Sequences & Series,14.5. Infinite Series Convergence Tests,14. Sequences & Series/14.5. Infinite Series Convergence Tests/Lessons/14.5.2. The Integral Test.md,14. Sequences & Series/14.5. Infinite Series Convergence Tests/Source/14.5.2. The Integral Test,70,70,273
860,CBC.14.5.3,14.5.3,Harmonic Series and p-Series,14. Sequences & Series,14.5. Infinite Series Convergence Tests,14. Sequences & Series/14.5. Infinite Series Convergence Tests/Lessons/14.5.3. Harmonic Series and p-Series.md,14. Sequences & Series/14.5. Infinite Series Convergence Tests/Source/14.5.3. Harmonic Series and p-Series,54,54,274
745,CBC.14.5.4,14.5.4,The Comparison Test,14. Sequences & Series,14.5. Infinite Series Convergence Tests,14. Sequences & Series/14.5. Infinite Series Convergence Tests/Lessons/14.5.4. The Comparison Test.md,14. Sequences & Series/14.5. Infinite Series Convergence Tests/Source/14.5.4. The Comparison Test,63,63,275
750,CBC.14.5.5,14.5.5,The Limit Comparison Test,14. Sequences & Series,14.5. Infinite Series Convergence Tests,14. Sequences & Series/14.5. Infinite Series Convergence Tests/Lessons/14.5.5. The Limit Comparison Test.md,14. Sequences & Series/14.5. Infinite Series Convergence Tests/Source/14.5.5. The Limit Comparison Test,64,64,276
747,CBC.14.5.6,14.5.6,The Alternating Series Test,14. Sequences & Series,14.5. Infinite Series Convergence Tests,14. Sequences & Series/14.5. Infinite Series Convergence Tests/Lessons/14.5.6. The Alternating Series Test.md,14. Sequences & Series/14.5. Infinite Series Convergence Tests/Source/14.5.6. The Alternating Series Test,70,70,277
746,CBC.14.5.7,14.5.7,The Ratio Test,14. Sequences & Series,14.5. Infinite Series Convergence Tests,14. Sequences & Series/14.5. Infinite Series Convergence Tests/Lessons/14.5.7. The Ratio Test.md,14. Sequences & Series/14.5. Infinite Series Convergence Tests/Source/14.5.7. The Ratio Test,61,61,278
748,CBC.14.5.8,14.5.8,Absolute and Conditional Convergence,14. Sequences & Series,14.5. Infinite Series Convergence Tests,14. Sequences & Series/14.5. Infinite Series Convergence Tests/Lessons/14.5.8. Absolute and Conditional Convergence.md,14. Sequences & Series/14.5. Infinite Series Convergence Tests/Source/14.5.8. Absolute and Conditional Convergence,71,71,279
1174,CBC.14.5.9,14.5.9,The Alternating Series Error Bound,14. Sequences & Series,14.5. Infinite Series Convergence Tests,14. Sequences & Series/14.5. Infinite Series Convergence Tests/Lessons/14.5.9. The Alternating Series Error Bound.md,14. Sequences & Series/14.5. Infinite Series Convergence Tests/Source/14.5.9. The Alternating Series Error Bound,71,71,280
3858,CBC.14.5.10,14.5.10,Determining Convergence Parameters for Infinite Series,14. Sequences & Series,14.5. Infinite Series Convergence Tests,14. Sequences & Series/14.5. Infinite Series Convergence Tests/Lessons/14.5.10. Determining Convergence Parameters for Infinite Series.md,14. Sequences & Series/14.5. Infinite Series Convergence Tests/Source/14.5.10. Determining Convergence Parameters for Infinite Series,71,71,281
1172,CBC.14.5.11,14.5.11,Selecting Procedures for Analyzing Infinite Series,14. Sequences & Series,14.5. Infinite Series Convergence Tests,14. Sequences & Series/14.5. Infinite Series Convergence Tests/Lessons/14.5.11. Selecting Procedures for Analyzing Infinite Series.md,14. Sequences & Series/14.5. Infinite Series Convergence Tests/Source/14.5.11. Selecting Procedures for Analyzing Infinite Series,71,71,282
1177,CBC.15.1.1,15.1.1,Second-Degree Taylor Polynomials,15. Power Series,15.1. Taylor Polynomials,15. Power Series/15.1. Taylor Polynomials/Lessons/15.1.1. Second-Degree Taylor Polynomials.md,15. Power Series/15.1. Taylor Polynomials/Source/15.1.1. Second-Degree Taylor Polynomials,71,71,283
3825,CBC.15.1.2,15.1.2,Analyzing Second-Degree Taylor Polynomials,15. Power Series,15.1. Taylor Polynomials,15. Power Series/15.1. Taylor Polynomials/Lessons/15.1.2. Analyzing Second-Degree Taylor Polynomials.md,15. Power Series/15.1. Taylor Polynomials/Source/15.1.2. Analyzing Second-Degree Taylor Polynomials,72,72,284
1222,CBC.15.1.3,15.1.3,Third-Degree Taylor Polynomials,15. Power Series,15.1. Taylor Polynomials,15. Power Series/15.1. Taylor Polynomials/Lessons/15.1.3. Third-Degree Taylor Polynomials.md,15. Power Series/15.1. Taylor Polynomials/Source/15.1.3. Third-Degree Taylor Polynomials,73,73,285
3771,CBC.15.1.4,15.1.4,Higher-Degree Taylor Polynomials,15. Power Series,15.1. Taylor Polynomials,15. Power Series/15.1. Taylor Polynomials/Lessons/15.1.4. Higher-Degree Taylor Polynomials.md,15. Power Series/15.1. Taylor Polynomials/Source/15.1.4. Higher-Degree Taylor Polynomials,74,74,286
1080,CBC.15.1.5,15.1.5,The Lagrange Error Bound,15. Power Series,15.1. Taylor Polynomials,15. Power Series/15.1. Taylor Polynomials/Lessons/15.1.5. The Lagrange Error Bound.md,15. Power Series/15.1. Taylor Polynomials/Source/15.1.5. The Lagrange Error Bound,75,75,287
984,CBC.15.2.1,15.2.1,Radius of Convergence of Power Series Centered at the Origin,15. Power Series,15.2. Taylor Series,15. Power Series/15.2. Taylor Series/Lessons/15.2.1. Radius of Convergence of Power Series Centered at the Origin.md,15. Power Series/15.2. Taylor Series/Source/15.2.1. Radius of Convergence of Power Series Centered at the Origin,72,72,288
3560,CBC.15.2.2,15.2.2,Radius of Convergence of Power Series,15. Power Series,15.2. Taylor Series,15. Power Series/15.2. Taylor Series/Lessons/15.2.2. Radius of Convergence of Power Series.md,15. Power Series/15.2. Taylor Series/Source/15.2.2. Radius of Convergence of Power Series,73,73,289
340,CBC.15.2.3,15.2.3,Maclaurin Series,15. Power Series,15.2. Taylor Series,15. Power Series/15.2. Taylor Series/Lessons/15.2.3. Maclaurin Series.md,15. Power Series/15.2. Taylor Series/Source/15.2.3. Maclaurin Series,75,75,290
3826,CBC.15.2.4,15.2.4,Taylor Series,15. Power Series,15.2. Taylor Series,15. Power Series/15.2. Taylor Series/Lessons/15.2.4. Taylor Series.md,15. Power Series/15.2. Taylor Series/Source/15.2.4. Taylor Series,76,76,291
885,CBC.15.2.5,15.2.5,Representing Functions as Power Series,15. Power Series,15.2. Taylor Series,15. Power Series/15.2. Taylor Series/Lessons/15.2.5. Representing Functions as Power Series.md,15. Power Series/15.2. Taylor Series/Source/15.2.5. Representing Functions as Power Series,77,77,292
884,CBC.15.2.6,15.2.6,Recognizing Standard Maclaurin Series,15. Power Series,15.2. Taylor Series,15. Power Series/15.2. Taylor Series/Lessons/15.2.6. Recognizing Standard Maclaurin Series.md,15. Power Series/15.2. Taylor Series/Source/15.2.6. Recognizing Standard Maclaurin Series,78,78,293
3573,CBC.15.2.7,15.2.7,Recognizing Standard Maclaurin Series for Trigonometric Functions,15. Power Series,15.2. Taylor Series,15. Power Series/15.2. Taylor Series/Lessons/15.2.7. Recognizing Standard Maclaurin Series for Trigonometric Functions.md,15. Power Series/15.2. Taylor Series/Source/15.2.7. Recognizing Standard Maclaurin Series for Trigonometric Functions,79,79,294
36,CBC.15.2.8,15.2.8,Differentiating Taylor Series,15. Power Series,15.2. Taylor Series,15. Power Series/15.2. Taylor Series/Lessons/15.2.8. Differentiating Taylor Series.md,15. Power Series/15.2. Taylor Series/Source/15.2.8. Differentiating Taylor Series,77,77,295
886,CBC.15.2.9,15.2.9,Approximating Integrals Using Taylor Series,15. Power Series,15.2. Taylor Series,15. Power Series/15.2. Taylor Series/Lessons/15.2.9. Approximating Integrals Using Taylor Series.md,15. Power Series/15.2. Taylor Series/Source/15.2.9. Approximating Integrals Using Taylor Series,78,78,296
1832,CBC.16.1.1,16.1.1,Evaluating Expressions Using a Graphing Calculator,16. Applications of Technology,16.1. Using Graphing Calculators,16. Applications of Technology/16.1. Using Graphing Calculators/Lessons/16.1.1. Evaluating Expressions Using a Graphing Calculator.md,16. Applications of Technology/16.1. Using Graphing Calculators/Source/16.1.1. Evaluating Expressions Using a Graphing Calculator,48,48,297
3116,CBC.16.1.2,16.1.2,Finding Roots of Functions Using a Graphing Calculator,16. Applications of Technology,16.1. Using Graphing Calculators,16. Applications of Technology/16.1. Using Graphing Calculators/Lessons/16.1.2. Finding Roots of Functions Using a Graphing Calculator.md,16. Applications of Technology/16.1. Using Graphing Calculators/Source/16.1.2. Finding Roots of Functions Using a Graphing Calculator,49,49,298
3956,CBC.16.1.3,16.1.3,Finding Intersections of Functions Using a Graphing Calculator,16. Applications of Technology,16.1. Using Graphing Calculators,16. Applications of Technology/16.1. Using Graphing Calculators/Lessons/16.1.3. Finding Intersections of Functions Using a Graphing Calculator.md,16. Applications of Technology/16.1. Using Graphing Calculators/Source/16.1.3. Finding Intersections of Functions Using a Graphing Calculator,50,50,299
3128,CBC.16.1.4,16.1.4,Finding Extrema of Functions Using a Graphing Calculator,16. Applications of Technology,16.1. Using Graphing Calculators,16. Applications of Technology/16.1. Using Graphing Calculators/Lessons/16.1.4. Finding Extrema of Functions Using a Graphing Calculator.md,16. Applications of Technology/16.1. Using Graphing Calculators/Source/16.1.4. Finding Extrema of Functions Using a Graphing Calculator,67,67,300
3172,CBC.16.1.5,16.1.5,Finding Derivatives Using a Graphing Calculator,16. Applications of Technology,16.1. Using Graphing Calculators,16. Applications of Technology/16.1. Using Graphing Calculators/Lessons/16.1.5. Finding Derivatives Using a Graphing Calculator.md,16. Applications of Technology/16.1. Using Graphing Calculators/Source/16.1.5. Finding Derivatives Using a Graphing Calculator,57,57,301
4080,CBC.16.1.6,16.1.6,Finding Definite Integrals Using a Graphing Calculator,16. Applications of Technology,16.1. Using Graphing Calculators,16. Applications of Technology/16.1. Using Graphing Calculators/Lessons/16.1.6. Finding Definite Integrals Using a Graphing Calculator.md,16. Applications of Technology/16.1. Using Graphing Calculators/Source/16.1.6. Finding Definite Integrals Using a Graphing Calculator,69,69,302
4084,CBC.16.1.7,16.1.7,Finding Improper Integrals Using a Graphing Calculator,16. Applications of Technology,16.1. Using Graphing Calculators,16. Applications of Technology/16.1. Using Graphing Calculators/Lessons/16.1.7. Finding Improper Integrals Using a Graphing Calculator.md,16. Applications of Technology/16.1. Using Graphing Calculators/Source/16.1.7. Finding Improper Integrals Using a Graphing Calculator,73,73,303
3213,CBC.16.1.8,16.1.8,Exploring Functions Using Technology,16. Applications of Technology,16.1. Using Graphing Calculators,16. Applications of Technology/16.1. Using Graphing Calculators/Lessons/16.1.8. Exploring Functions Using Technology.md,16. Applications of Technology/16.1. Using Graphing Calculators/Source/16.1.8. Exploring Functions Using Technology,70,70,304
3812,CBC.16.1.9,16.1.9,Plotting Parametric and Polar Curves Using Technology,16. Applications of Technology,16.1. Using Graphing Calculators,16. Applications of Technology/16.1. Using Graphing Calculators/Lessons/16.1.9. Plotting Parametric and Polar Curves Using Technology.md,16. Applications of Technology/16.1. Using Graphing Calculators/Source/16.1.9. Plotting Parametric and Polar Curves Using Technology,61,61,305
