topic-id,step-id,question-id,question-type,answer-cardinality,quiz-block-format,quiz-block-type,quiz-answer-labels,quiz-updated-courses,quiz-status,quiz-answer-source,quiz-answer-rule
42,33344,105392,multiple-choice,single,obsidian-quiz-blocks,radio,b,LAL;MML;PS1,converted-and-verified,manual,label
42,33344,135354,multiple-choice,single,obsidian-quiz-blocks,radio,b,LAL;MML;PS1,converted-and-verified,manual,label
42,33345,135371,multiple-choice,single,obsidian-quiz-blocks,radio,c,LAL;MML;PS1,converted-and-verified,manual,label
42,33345,105393,multiple-choice,single,obsidian-quiz-blocks,radio,e,LAL;MML;PS1,converted-and-verified,manual,label
42,33346,135387,multiple-choice,single,obsidian-quiz-blocks,radio,a,LAL;MML;PS1,converted-and-verified,manual,label
42,33346,105398,multiple-choice,single,obsidian-quiz-blocks,radio,d,LAL;MML;PS1,converted-and-verified,manual,label
46,65303,180743,multiple-choice,single,obsidian-quiz-blocks,radio,b,LAL;MOP;MML;PS1,converted-and-verified,manual,label
46,65303,180739,multiple-choice,single,obsidian-quiz-blocks,radio,a,LAL;MOP;MML;PS1,converted-and-verified,manual,label
46,65303,180740,multiple-choice,single,obsidian-quiz-blocks,radio,d,LAL;MOP;MML;PS1,converted-and-verified,manual,label
46,65309,180745,multiple-choice,single,obsidian-quiz-blocks,radio,d,LAL;MOP;MML;PS1,converted-and-verified,manual,label
46,65309,183519,multiple-choice,single,obsidian-quiz-blocks,radio,d,LAL;MOP;MML;PS1,converted-and-verified,manual,label
46,65309,181701,multiple-choice,single,obsidian-quiz-blocks,radio,a,LAL;MOP;MML;PS1,converted-and-verified,manual,label
46,65313,181703,multiple-choice,single,obsidian-quiz-blocks,radio,e,LAL;MOP;MML;PS1,converted-and-verified,manual,label
46,65313,181567,multiple-choice,single,obsidian-quiz-blocks,radio,b,LAL;MOP;MML;PS1,converted-and-verified,manual,label
47,63831,80299,multiple-choice,single,obsidian-quiz-blocks,radio,e,LAL;MOP;MML;PS1,converted-and-verified,manual,label
47,63831,80234,multiple-choice,single,obsidian-quiz-blocks,radio,a,LAL;MOP;MML;PS1,converted-and-verified,manual,label
47,63831,181441,multiple-choice,single,obsidian-quiz-blocks,radio,a,LAL;MOP;MML;PS1,converted-and-verified,manual,label
47,63836,181542,multiple-choice,single,obsidian-quiz-blocks,radio,d,LAL;MOP;MML;PS1,converted-and-verified,manual,label
47,63836,37384,multiple-choice,single,obsidian-quiz-blocks,radio,b,LAL;MOP;MML;PS1,converted-and-verified,manual,label
47,63836,80336,multiple-choice,single,obsidian-quiz-blocks,radio,a,LAL;MOP;MML;PS1,converted-and-verified,manual,label
47,63840,36229,multiple-choice,single,obsidian-quiz-blocks,radio,c,LAL;MOP;MML;PS1,converted-and-verified,manual,label
47,63840,36228,multiple-choice,single,obsidian-quiz-blocks,radio,a,LAL;MOP;MML;PS1,converted-and-verified,manual,label
47,63840,36218,multiple-choice,single,obsidian-quiz-blocks,radio,b,LAL;MOP;MML;PS1,converted-and-verified,manual,label
48,65852,36925,multiple-choice,single,obsidian-quiz-blocks,radio,d,LAL;MOP;MML;PS1,converted-and-verified,manual,label
48,65852,181473,free-response,single,,,,,,,
48,65852,181471,free-response,single,,,,,,,
48,65856,181469,free-response,single,,,,,,,
48,65856,181587,free-response,single,,,,,,,
48,65856,181589,free-response,single,,,,,,,
48,65860,181457,free-response,single,,,,,,,
48,65860,181563,free-response,single,,,,,,,
48,65863,181579,free-response,single,,,,,,,
48,65863,181454,free-response,single,,,,,,,
49,152909,181287,multiple-choice,single,obsidian-quiz-blocks,radio,c,LAL;MML;MOP;PS1,converted-and-verified,image-id,answer-image-id-1
49,152909,181293,multiple-choice,single,obsidian-quiz-blocks,radio,a,LAL;MML;MOP;PS1,converted-and-verified,manual,label
49,152912,1257,multiple-choice,single,obsidian-quiz-blocks,radio,c,LAL;MML;MOP;PS1,converted-and-verified,manual,label
49,152912,1262,multiple-choice,single,obsidian-quiz-blocks,radio,d,LAL;MML;MOP;PS1,converted-and-verified,manual,label
49,152916,1268,multiple-choice,single,obsidian-quiz-blocks,radio,a,LAL;MML;MOP;PS1,converted-and-verified,manual,label
49,152916,1264,multiple-choice,single,obsidian-quiz-blocks,radio,b,LAL;MML;MOP;PS1,converted-and-verified,manual,label
49,152921,181295,multiple-choice,single,obsidian-quiz-blocks,radio,e,LAL;MML;MOP;PS1,converted-and-verified,manual,label
49,152921,181294,multiple-choice,single,obsidian-quiz-blocks,radio,d,LAL;MML;MOP;PS1,converted-and-verified,manual,label
50,152759,228,multiple-choice,single,obsidian-quiz-blocks,radio,e,LAL;MOP;MML;PS1,converted-and-verified,manual,label
50,152759,37263,multiple-choice,single,obsidian-quiz-blocks,radio,e,LAL;MOP;MML;PS1,converted-and-verified,manual,label
50,152759,37255,multiple-choice,single,obsidian-quiz-blocks,radio,c,LAL;MOP;MML;PS1,converted-and-verified,manual,label
50,152764,1190,multiple-choice,single,obsidian-quiz-blocks,radio,e,LAL;MOP;MML;PS1,converted-and-verified,manual,label
50,152764,1192,multiple-choice,single,obsidian-quiz-blocks,radio,d,LAL;MOP;MML;PS1,converted-and-verified,manual,label
50,152768,229,multiple-choice,single,obsidian-quiz-blocks,radio,c,LAL;MOP;MML;PS1,converted-and-verified,manual,label
50,152768,498,multiple-choice,single,obsidian-quiz-blocks,radio,c,LAL;MOP;MML;PS1,converted-and-verified,manual,label
50,152772,1210,multiple-choice,single,obsidian-quiz-blocks,radio,a,LAL;MOP;MML;PS1,converted-and-verified,manual,label
50,152772,1211,multiple-choice,single,obsidian-quiz-blocks,radio,d,LAL;MOP;MML;PS1,converted-and-verified,manual,label
55,70626,172662,multiple-choice,single,obsidian-quiz-blocks,radio,a,LAL;MOP;MML;PS1,converted-and-verified,manual,label
55,70626,172665,multiple-choice,single,obsidian-quiz-blocks,radio,e,LAL;MOP;MML;PS1,converted-and-verified,manual,label
55,70626,172667,multiple-choice,single,obsidian-quiz-blocks,radio,c,LAL;MOP;MML;PS1,converted-and-verified,manual,label
55,70632,172671,multiple-choice,single,obsidian-quiz-blocks,radio,e,LAL;MOP;MML;PS1,converted-and-verified,manual,label
55,70632,172672,multiple-choice,single,obsidian-quiz-blocks,radio,b,LAL;MOP;MML;PS1,converted-and-verified,manual,label
55,70632,184613,multiple-choice,single,obsidian-quiz-blocks,radio,c,LAL;MOP;MML;PS1,converted-and-verified,manual,label
55,70636,172673,multiple-choice,single,obsidian-quiz-blocks,radio,c,LAL;MOP;MML;PS1,converted-and-verified,manual,label
55,70636,172674,multiple-choice,single,obsidian-quiz-blocks,radio,c,LAL;MOP;MML;PS1,converted-and-verified,manual,label
55,70636,184659,multiple-choice,single,obsidian-quiz-blocks,radio,b,LAL;MOP;MML;PS1,converted-and-verified,manual,label
58,64629,80909,multiple-choice,single,obsidian-quiz-blocks,radio,d,LAL;MOP;MML;PS1,converted-and-verified,manual,label
58,64629,80997,multiple-choice,single,obsidian-quiz-blocks,radio,d,LAL;MOP;MML;PS1,converted-and-verified,manual,label
58,64632,80906,multiple-choice,single,obsidian-quiz-blocks,radio,c,LAL;MOP;MML;PS1,converted-and-verified,manual,label
58,64632,80907,multiple-choice,single,obsidian-quiz-blocks,radio,b,LAL;MOP;MML;PS1,converted-and-verified,manual,label
58,64632,170847,multiple-choice,single,obsidian-quiz-blocks,radio,c,LAL;MOP;MML;PS1,converted-and-verified,manual,label
58,64636,170844,multiple-choice,single,obsidian-quiz-blocks,radio,a,LAL;MOP;MML;PS1,converted-and-verified,manual,label
58,64636,170843,multiple-choice,single,obsidian-quiz-blocks,radio,e,LAL;MOP;MML;PS1,converted-and-verified,manual,label
58,64640,171482,multiple-choice,single,obsidian-quiz-blocks,radio,d,LAL;MOP;MML;PS1,converted-and-verified,manual,label
58,64640,171486,multiple-choice,single,obsidian-quiz-blocks,radio,a,LAL;MOP;MML;PS1,converted-and-verified,manual,label
148,17170,71713,multiple-choice,single,obsidian-quiz-blocks,radio,b,DSM;LAL;MML;PS1,converted-and-verified,manual,label
148,17170,1069,multiple-choice,single,obsidian-quiz-blocks,radio,e,DSM;LAL;MML;PS1,converted-and-verified,manual,label
148,17171,20361,multiple-choice,single,obsidian-quiz-blocks,radio,b,DSM;LAL;MML;PS1,converted-and-verified,manual,label
148,17171,1051,multiple-choice,single,obsidian-quiz-blocks,radio,b,DSM;LAL;MML;PS1,converted-and-verified,manual,label
148,17173,71724,multiple-choice,single,obsidian-quiz-blocks,radio,e,DSM;LAL;MML;PS1,converted-and-verified,manual,label
148,17173,20223,multiple-choice,single,obsidian-quiz-blocks,radio,b,DSM;LAL;MML;PS1,converted-and-verified,manual,label
148,17174,71730,multiple-choice,single,obsidian-quiz-blocks,radio,c,DSM;LAL;MML;PS1,converted-and-verified,manual,label
148,17174,1074,multiple-choice,single,obsidian-quiz-blocks,radio,d,DSM;LAL;MML;PS1,converted-and-verified,manual,label
149,17184,10248,multiple-choice,single,obsidian-quiz-blocks,radio,d,LAL;MML;PS1,converted-and-verified,manual,label
149,17184,10250,multiple-choice,single,obsidian-quiz-blocks,radio,a,LAL;MML;PS1,converted-and-verified,manual,label
149,17185,10217,multiple-choice,single,obsidian-quiz-blocks,radio,b,LAL;MML;PS1,converted-and-verified,manual,label
149,17185,10252,multiple-choice,single,obsidian-quiz-blocks,radio,d,LAL;MML;PS1,converted-and-verified,manual,label
149,17186,20389,multiple-choice,single,obsidian-quiz-blocks,radio,b,LAL;MML;PS1,converted-and-verified,manual,label
149,17186,20240,multiple-choice,single,obsidian-quiz-blocks,radio,c,LAL;MML;PS1,converted-and-verified,manual,label
149,17187,20392,multiple-choice,single,obsidian-quiz-blocks,radio,e,LAL;MML;PS1,converted-and-verified,manual,label
149,17187,20388,multiple-choice,single,obsidian-quiz-blocks,radio,e,LAL;MML;PS1,converted-and-verified,manual,label
151,17189,10321,multiple-choice,single,obsidian-quiz-blocks,radio,,LAL;MML;PS1,needs-answer,,
151,17189,1076,multiple-choice,single,obsidian-quiz-blocks,radio,,LAL;MML;PS1,needs-answer,,
151,17191,20496,multiple-choice,single,obsidian-quiz-blocks,radio,,LAL;MML;PS1,needs-answer,,
151,17191,10522,multiple-choice,single,obsidian-quiz-blocks,radio,,LAL;MML;PS1,needs-answer,,
265,68166,93922,multiple-choice,single,obsidian-quiz-blocks,radio,,MF3;PAS;PS1,needs-answer,,
265,68166,94088,multiple-choice,single,obsidian-quiz-blocks,radio,,MF3;PAS;PS1,needs-answer,,
265,68169,94141,multiple-choice,single,obsidian-quiz-blocks,radio,,MF3;PAS;PS1,needs-answer,,
265,68169,93902,multiple-choice,single,obsidian-quiz-blocks,radio,,MF3;PAS;PS1,needs-answer,,
265,68172,94195,multiple-choice,single,obsidian-quiz-blocks,radio,,MF3;PAS;PS1,needs-answer,,
265,68172,93903,multiple-choice,single,obsidian-quiz-blocks,radio,,MF3;PAS;PS1,needs-answer,,
290,156960,181720,free-response,single,,,,,,,
290,156960,181980,free-response,single,,,,,,,
290,156963,41856,multiple-choice,single,obsidian-quiz-blocks,radio,d,DEQ;MOP;PS2,converted-and-verified,manual,label
290,156963,182107,multiple-choice,single,obsidian-quiz-blocks,radio,d,DEQ;MOP;PS2,converted-and-verified,manual,label
290,156967,181940,free-response,single,,,,,,,
290,156967,181981,free-response,single,,,,,,,
290,156970,41796,multiple-choice,single,obsidian-quiz-blocks,radio,c,DEQ;MOP;PS2,converted-and-verified,manual,label
290,156970,41793,multiple-choice,single,obsidian-quiz-blocks,radio,e,DEQ;MOP;PS2,converted-and-verified,manual,label
359,34303,110430,multiple-choice,single,obsidian-quiz-blocks,radio,,MML;PAS;PS2,needs-answer,,
359,34303,143493,multiple-choice,single,obsidian-quiz-blocks,radio,,MML;PAS;PS2,needs-answer,,
359,38053,110431,multiple-choice,single,obsidian-quiz-blocks,radio,,MML;PAS;PS2,needs-answer,,
359,38053,143510,multiple-choice,single,obsidian-quiz-blocks,radio,,MML;PAS;PS2,needs-answer,,
359,38055,110432,multiple-choice,single,obsidian-quiz-blocks,radio,,MML;PAS;PS2,needs-answer,,
359,38055,143503,multiple-choice,single,obsidian-quiz-blocks,radio,,MML;PAS;PS2,needs-answer,,
466,41053,14257,multiple-choice,single,obsidian-quiz-blocks,radio,e,CAB;CBC;MF3;CA2;DEQ;PS1,converted-and-verified,manual,label
466,41053,14244,multiple-choice,single,obsidian-quiz-blocks,radio,c,CAB;CBC;MF3;CA2;DEQ;PS1,converted-and-verified,manual,label
466,41056,8303,multiple-choice,single,obsidian-quiz-blocks,radio,c,CAB;CBC;MF3;CA2;DEQ;PS1,converted-and-verified,manual,label
466,41056,8305,multiple-choice,single,obsidian-quiz-blocks,radio,a,CAB;CBC;MF3;CA2;DEQ;PS1,converted-and-verified,manual,label
466,41115,154678,multiple-choice,single,obsidian-quiz-blocks,radio,d,CAB;CBC;MF3;CA2;DEQ;PS1,converted-and-verified,manual,label
466,41115,157692,multiple-choice,single,obsidian-quiz-blocks,radio,d,CAB;CBC;MF3;CA2;DEQ;PS1,converted-and-verified,manual,label
466,41758,154359,multiple-choice,single,obsidian-quiz-blocks,radio,b,CAB;CBC;MF3;CA2;DEQ;PS1,converted-and-verified,manual,label
466,41758,154367,multiple-choice,single,obsidian-quiz-blocks,radio,e,CAB;CBC;MF3;CA2;DEQ;PS1,converted-and-verified,manual,label
602,1889,50119,multiple-choice,single,obsidian-quiz-blocks,radio,b,CBC;MF3;CA2;DEQ;PS2,converted-and-verified,manual,label
602,1889,53846,multiple-choice,single,obsidian-quiz-blocks,radio,d,CBC;MF3;CA2;DEQ;PS2,converted-and-verified,manual,label
602,28637,86967,multiple-choice,single,obsidian-quiz-blocks,radio,a,CBC;MF3;CA2;DEQ;PS2,converted-and-verified,manual,label
602,28637,86900,multiple-choice,single,obsidian-quiz-blocks,radio,e,CBC;MF3;CA2;DEQ;PS2,converted-and-verified,manual,label
602,34949,116746,multiple-choice,single,obsidian-quiz-blocks,radio,b,CBC;MF3;CA2;DEQ;PS2,converted-and-verified,manual,label
602,34949,86975,multiple-choice,single,obsidian-quiz-blocks,radio,a,CBC;MF3;CA2;DEQ;PS2,converted-and-verified,manual,label
614,24220,64704,multiple-choice,single,obsidian-quiz-blocks,radio,d,DEQ;PS1,converted-and-verified,manual,label
614,24220,64658,multiple-choice,single,obsidian-quiz-blocks,radio,c,DEQ;PS1,converted-and-verified,manual,label
614,24221,7781,multiple-choice,single,obsidian-quiz-blocks,radio,b,DEQ;PS1,converted-and-verified,manual,label
614,24221,7784,multiple-choice,single,obsidian-quiz-blocks,radio,c,DEQ;PS1,converted-and-verified,manual,label
614,24222,64707,multiple-choice,single,obsidian-quiz-blocks,radio,d,DEQ;PS1,converted-and-verified,manual,label
614,24222,64659,multiple-choice,single,obsidian-quiz-blocks,radio,b,DEQ;PS1,converted-and-verified,manual,label
649,584875,105898,multiple-choice,single,obsidian-quiz-blocks,radio,a,DEQ;PS1,converted-and-verified,manual,label
649,584875,105893,multiple-choice,single,obsidian-quiz-blocks,radio,e,DEQ;PS1,converted-and-verified,manual,label
649,584875,105890,multiple-choice,single,obsidian-quiz-blocks,radio,a,DEQ;PS1,converted-and-verified,manual,label
649,584881,105917,multiple-choice,single,obsidian-quiz-blocks,radio,e,DEQ;PS1,converted-and-verified,manual,label
649,584881,37365,multiple-choice,single,obsidian-quiz-blocks,radio,e,DEQ;PS1,converted-and-verified,manual,label
649,584884,15595,multiple-choice,single,obsidian-quiz-blocks,radio,b,DEQ;PS1,converted-and-verified,manual,label
649,584884,15384,multiple-choice,single,obsidian-quiz-blocks,radio,d,DEQ;PS1,converted-and-verified,manual,label
650,593343,64898,multiple-choice,single,obsidian-quiz-blocks,radio,c,DEQ;PS1,converted-and-verified,manual,label
650,593343,91042,multiple-choice,single,obsidian-quiz-blocks,radio,d,DEQ;PS1,converted-and-verified,manual,label
650,593347,65037,multiple-choice,single,obsidian-quiz-blocks,radio,b,DEQ;PS1,converted-and-verified,manual,label
650,593347,64965,multiple-choice,single,obsidian-quiz-blocks,radio,b,DEQ;PS1,converted-and-verified,manual,label
650,593350,337559,multiple-choice,single,obsidian-quiz-blocks,radio,b,DEQ;PS1,converted-and-verified,manual,label
650,593350,337986,multiple-choice,single,obsidian-quiz-blocks,radio,b,DEQ;PS1,converted-and-verified,manual,label
650,593350,338253,multiple-choice,single,obsidian-quiz-blocks,radio,b,DEQ;PS1,converted-and-verified,manual,label
711,20614,94452,multiple-choice,single,obsidian-quiz-blocks,radio,,MF2;PAS;PS1,needs-answer,,
711,20614,94450,multiple-choice,single,obsidian-quiz-blocks,radio,,MF2;PAS;PS1,needs-answer,,
711,20616,9849,multiple-choice,single,obsidian-quiz-blocks,radio,,MF2;PAS;PS1,needs-answer,,
711,20616,94470,multiple-choice,single,obsidian-quiz-blocks,radio,,MF2;PAS;PS1,needs-answer,,
711,30811,9786,multiple-choice,single,obsidian-quiz-blocks,radio,,MF2;PAS;PS1,needs-answer,,
711,30811,9784,multiple-choice,single,obsidian-quiz-blocks,radio,,MF2;PAS;PS1,needs-answer,,
711,30812,94396,multiple-choice,single,obsidian-quiz-blocks,radio,,MF2;PAS;PS1,needs-answer,,
711,30812,17236,multiple-choice,single,obsidian-quiz-blocks,radio,,MF2;PAS;PS1,needs-answer,,
730,22376,5774,multiple-choice,single,obsidian-quiz-blocks,radio,d,MF3;PAS;DSM;MML;PS1,converted-and-verified,manual,label
730,22376,83624,multiple-choice,single,obsidian-quiz-blocks,radio,b,MF3;PAS;DSM;MML;PS1,converted-and-verified,manual,label
730,22377,5778,multiple-choice,single,obsidian-quiz-blocks,radio,c,MF3;PAS;DSM;MML;PS1,converted-and-verified,manual,label
730,22377,5497,multiple-choice,single,obsidian-quiz-blocks,radio,c,MF3;PAS;DSM;MML;PS1,converted-and-verified,manual,label
730,27376,42728,multiple-choice,single,obsidian-quiz-blocks,radio,c,MF3;PAS;DSM;MML;PS1,converted-and-verified,manual,label
730,27376,42729,multiple-choice,single,obsidian-quiz-blocks,radio,e,MF3;PAS;DSM;MML;PS1,converted-and-verified,manual,label
730,27386,83642,multiple-choice,single,obsidian-quiz-blocks,radio,c,MF3;PAS;DSM;MML;PS1,converted-and-verified,manual,label
730,27386,42731,multiple-choice,single,obsidian-quiz-blocks,radio,e,MF3;PAS;DSM;MML;PS1,converted-and-verified,manual,label
773,29251,88578,multiple-choice,single,obsidian-quiz-blocks,radio,,DSM;MF3;PAS;PS1,needs-answer,,
773,29251,88980,multiple-choice,single,obsidian-quiz-blocks,radio,,DSM;MF3;PAS;PS1,needs-answer,,
773,29254,88579,multiple-choice,single,obsidian-quiz-blocks,radio,,DSM;MF3;PAS;PS1,needs-answer,,
773,29254,88831,multiple-choice,single,obsidian-quiz-blocks,radio,,DSM;MF3;PAS;PS1,needs-answer,,
773,29257,88581,multiple-choice,single,obsidian-quiz-blocks,radio,,DSM;MF3;PAS;PS1,needs-answer,,
773,29257,89054,multiple-choice,single,obsidian-quiz-blocks,radio,,DSM;MF3;PAS;PS1,needs-answer,,
788,30928,94695,multiple-choice,single,obsidian-quiz-blocks,radio,,MF3;PAS;PS1,needs-answer,,
788,30928,94971,multiple-choice,single,obsidian-quiz-blocks,radio,,MF3;PAS;PS1,needs-answer,,
788,30929,95154,multiple-choice,single,obsidian-quiz-blocks,radio,,MF3;PAS;PS1,needs-answer,,
788,30929,94697,multiple-choice,single,obsidian-quiz-blocks,radio,,MF3;PAS;PS1,needs-answer,,
788,30930,95139,multiple-choice,single,obsidian-quiz-blocks,radio,,MF3;PAS;PS1,needs-answer,,
788,30930,94702,multiple-choice,single,obsidian-quiz-blocks,radio,,MF3;PAS;PS1,needs-answer,,
788,37200,139110,multiple-choice,single,obsidian-quiz-blocks,radio,d,PAS;PS1;MF3,converted-and-verified,image-id,answer-image-id-1
788,37200,139241,multiple-choice,single,obsidian-quiz-blocks,radio,d,PAS;PS1;MF3,converted-and-verified,image-id,answer-image-id-1
876,613703,83143,multiple-choice,single,obsidian-quiz-blocks,radio,e,CAB;CBC;CA2;DEQ;PS1,converted-and-verified,manual,label
876,613703,8363,multiple-choice,single,obsidian-quiz-blocks,radio,a,CAB;CBC;CA2;DEQ;PS1,converted-and-verified,manual,label
876,613707,15208,multiple-choice,single,obsidian-quiz-blocks,radio,d,CAB;CBC;CA2;DEQ;PS1,converted-and-verified,manual,label
876,613707,83140,multiple-choice,single,obsidian-quiz-blocks,radio,d,CAB;CBC;CA2;DEQ;PS1,converted-and-verified,manual,label
876,613710,83151,multiple-choice,single,obsidian-quiz-blocks,radio,c,CAB;CBC;CA2;DEQ;PS1,converted-and-verified,manual,label
876,613710,15219,multiple-choice,single,obsidian-quiz-blocks,radio,a,CAB;CBC;CA2;DEQ;PS1,converted-and-verified,manual,label
877,597600,17540,multiple-choice,single,obsidian-quiz-blocks,radio,e,DEQ;PS1,converted-and-verified,manual,label
877,597600,8546,multiple-choice,single,obsidian-quiz-blocks,radio,c,DEQ;PS1,converted-and-verified,manual,label
877,597603,335392,select-list,multi,,,,,,,
877,597603,334915,select-list,multi,,,,,,,
877,597603,335069,select-list,multi,,,,,,,
877,597607,334916,select-list,multi,,,,,,,
877,597607,335810,select-list,multi,,,,,,,
877,597607,335808,select-list,multi,,,,,,,
879,24228,64794,multiple-choice,single,obsidian-quiz-blocks,radio,d,DEQ;PS1,converted-and-verified,manual,label
879,24228,64660,multiple-choice,single,obsidian-quiz-blocks,radio,c,DEQ;PS1,converted-and-verified,manual,label
879,24229,7795,multiple-choice,single,obsidian-quiz-blocks,radio,d,DEQ;PS1,converted-and-verified,manual,label
879,24229,7791,multiple-choice,single,obsidian-quiz-blocks,radio,c,DEQ;PS1,converted-and-verified,manual,label
879,24230,64798,multiple-choice,single,obsidian-quiz-blocks,radio,a,DEQ;PS1,converted-and-verified,manual,label
879,24230,64662,multiple-choice,single,obsidian-quiz-blocks,radio,b,DEQ;PS1,converted-and-verified,manual,label
880,24234,7816,multiple-choice,single,obsidian-quiz-blocks,radio,e,DEQ;PS1,converted-and-verified,manual,label
880,24234,79610,multiple-choice,single,obsidian-quiz-blocks,radio,a,DEQ;PS1,converted-and-verified,manual,label
880,24235,64697,multiple-choice,single,obsidian-quiz-blocks,radio,e,DEQ;PS1,converted-and-verified,manual,label
880,24235,64699,multiple-choice,single,obsidian-quiz-blocks,radio,b,DEQ;PS1,converted-and-verified,manual,label
880,24237,64694,multiple-choice,single,obsidian-quiz-blocks,radio,d,DEQ;PS1,converted-and-verified,manual,label
880,24237,64663,multiple-choice,single,obsidian-quiz-blocks,radio,d,DEQ;PS1,converted-and-verified,manual,label
880,24238,7817,multiple-choice,single,obsidian-quiz-blocks,radio,c,DEQ;PS1,converted-and-verified,manual,label
880,24238,7818,multiple-choice,single,obsidian-quiz-blocks,radio,a,DEQ;PS1,converted-and-verified,manual,label
881,594359,64284,multiple-choice,single,obsidian-quiz-blocks,radio,b,DEQ;PS1,converted-and-verified,manual,label
881,594359,93671,multiple-choice,single,obsidian-quiz-blocks,radio,b,DEQ;PS1,converted-and-verified,manual,label
881,594362,64286,multiple-choice,single,obsidian-quiz-blocks,radio,c,DEQ;PS1,converted-and-verified,manual,label
881,594362,7902,multiple-choice,single,obsidian-quiz-blocks,radio,e,DEQ;PS1,converted-and-verified,manual,label
881,594365,64206,multiple-choice,single,obsidian-quiz-blocks,radio,d,DEQ;PS1,converted-and-verified,manual,label
881,594365,7903,multiple-choice,single,obsidian-quiz-blocks,radio,b,DEQ;PS1,converted-and-verified,manual,label
881,594368,8034,multiple-choice,single,obsidian-quiz-blocks,radio,c,DEQ;PS1,converted-and-verified,manual,label
881,594368,7901,multiple-choice,single,obsidian-quiz-blocks,radio,e,DEQ;PS1,converted-and-verified,manual,label
882,593874,64290,multiple-choice,single,obsidian-quiz-blocks,radio,d,DEQ;PS1,converted-and-verified,manual,label
882,593874,8106,multiple-choice,single,obsidian-quiz-blocks,radio,e,DEQ;PS1,converted-and-verified,manual,label
882,593878,64291,multiple-choice,single,obsidian-quiz-blocks,radio,e,DEQ;PS1,converted-and-verified,manual,label
882,593878,93683,multiple-choice,single,obsidian-quiz-blocks,radio,d,DEQ;PS1,converted-and-verified,manual,label
882,593882,64236,multiple-choice,single,obsidian-quiz-blocks,radio,d,DEQ;PS1,converted-and-verified,manual,label
882,593882,8105,multiple-choice,single,obsidian-quiz-blocks,radio,c,DEQ;PS1,converted-and-verified,manual,label
882,593885,8104,multiple-choice,single,obsidian-quiz-blocks,radio,d,DEQ;PS1,converted-and-verified,manual,label
882,593885,8100,multiple-choice,single,obsidian-quiz-blocks,radio,e,DEQ;PS1,converted-and-verified,manual,label
883,24265,8112,multiple-choice,single,obsidian-quiz-blocks,radio,c,DEQ;PS1,converted-and-verified,manual,label
883,24265,64227,multiple-choice,single,obsidian-quiz-blocks,radio,d,DEQ;PS1,converted-and-verified,manual,label
883,24267,8120,multiple-choice,single,obsidian-quiz-blocks,radio,a,DEQ;PS1,converted-and-verified,manual,label
883,24267,64275,multiple-choice,single,obsidian-quiz-blocks,radio,e,DEQ;PS1,converted-and-verified,manual,label
883,25098,64228,multiple-choice,single,obsidian-quiz-blocks,radio,d,DEQ;PS1,converted-and-verified,manual,label
883,25098,8114,multiple-choice,single,obsidian-quiz-blocks,radio,,DEQ;PS1,needs-answer,,
906,593009,8359,multiple-choice,single,obsidian-quiz-blocks,radio,a,DEQ;PS1,converted-and-verified,manual,label
906,593009,16400,multiple-choice,single,obsidian-quiz-blocks,radio,a,DEQ;PS1,converted-and-verified,manual,label
906,593012,8349,multiple-choice,single,obsidian-quiz-blocks,radio,a,DEQ;PS1,converted-and-verified,manual,label
906,593012,103560,multiple-choice,single,obsidian-quiz-blocks,radio,a,DEQ;PS1,converted-and-verified,manual,label
906,593012,8352,multiple-choice,single,obsidian-quiz-blocks,radio,c,DEQ;PS1,converted-and-verified,manual,label
906,593017,331601,multiple-choice,single,obsidian-quiz-blocks,radio,e,DEQ;PS1,converted-and-verified,manual,label
906,593017,331744,multiple-choice,single,obsidian-quiz-blocks,radio,a,DEQ;PS1,converted-and-verified,manual,label
907,20150,38271,multiple-choice,single,obsidian-quiz-blocks,radio,,LAL;PS1,needs-answer,,
907,20150,38272,multiple-choice,single,obsidian-quiz-blocks,radio,,LAL;PS1,needs-answer,,
907,20151,38270,multiple-choice,single,obsidian-quiz-blocks,radio,,LAL;PS1,needs-answer,,
907,20151,38262,multiple-choice,single,obsidian-quiz-blocks,radio,,LAL;PS1,needs-answer,,
907,21641,8052,multiple-choice,single,obsidian-quiz-blocks,radio,,LAL;PS1,needs-answer,,
907,21641,8030,multiple-choice,single,obsidian-quiz-blocks,radio,,LAL;PS1,needs-answer,,
912,593953,255853,free-response,single,,,,,,,
912,593953,256518,free-response,single,,,,,,,
912,593953,256514,free-response,single,,,,,,,
912,593957,255771,free-response,single,,,,,,,
912,593957,255772,free-response,multi,,,,,,,
912,593960,255829,free-response,single,,,,,,,
912,593960,256616,free-response,single,,,,,,,
918,42252,159689,multiple-choice,single,obsidian-quiz-blocks,radio,,MML;PAS;PS2,needs-answer,,
918,42252,159685,multiple-choice,single,obsidian-quiz-blocks,radio,,MML;PAS;PS2,needs-answer,,
918,42253,143542,multiple-choice,single,obsidian-quiz-blocks,radio,,MML;PAS;PS2,needs-answer,,
918,42253,159694,multiple-choice,single,obsidian-quiz-blocks,radio,,MML;PAS;PS2,needs-answer,,
918,42254,159682,multiple-choice,single,obsidian-quiz-blocks,radio,,MML;PAS;PS2,needs-answer,,
918,42254,159695,multiple-choice,single,obsidian-quiz-blocks,radio,,MML;PAS;PS2,needs-answer,,
971,38127,143528,multiple-choice,single,obsidian-quiz-blocks,radio,,DSM;MML;PAS;PS1,needs-answer,,
971,38127,143743,multiple-choice,single,obsidian-quiz-blocks,radio,,DSM;MML;PAS;PS1,needs-answer,,
971,38130,143529,multiple-choice,single,obsidian-quiz-blocks,radio,,DSM;MML;PAS;PS1,needs-answer,,
971,38130,143583,multiple-choice,single,obsidian-quiz-blocks,radio,,DSM;MML;PAS;PS1,needs-answer,,
971,38132,143530,multiple-choice,single,obsidian-quiz-blocks,radio,,DSM;MML;PAS;PS1,needs-answer,,
971,38132,144038,multiple-choice,single,obsidian-quiz-blocks,radio,,DSM;MML;PAS;PS1,needs-answer,,
990,20082,36768,multiple-choice,single,obsidian-quiz-blocks,radio,,LAL;MML;PS1,needs-answer,,
990,20082,36758,multiple-choice,single,obsidian-quiz-blocks,radio,,LAL;MML;PS1,needs-answer,,
990,20083,36776,multiple-choice,single,obsidian-quiz-blocks,radio,,LAL;MML;PS1,needs-answer,,
990,20083,9346,multiple-choice,single,obsidian-quiz-blocks,radio,,LAL;MML;PS1,needs-answer,,
990,20085,9341,multiple-choice,single,obsidian-quiz-blocks,radio,,LAL;MML;PS1,needs-answer,,
990,20085,12299,multiple-choice,single,obsidian-quiz-blocks,radio,,LAL;MML;PS1,needs-answer,,
990,20087,11983,multiple-choice,single,obsidian-quiz-blocks,radio,,LAL;MML;PS1,needs-answer,,
990,20087,36755,multiple-choice,single,obsidian-quiz-blocks,radio,,LAL;MML;PS1,needs-answer,,
991,20089,18082,multiple-choice,single,obsidian-quiz-blocks,radio,,LAL;MML;PS1,needs-answer,,
991,20089,18080,multiple-choice,single,obsidian-quiz-blocks,radio,,LAL;MML;PS1,needs-answer,,
991,20090,9380,multiple-choice,single,obsidian-quiz-blocks,radio,,LAL;MML;PS1,needs-answer,,
991,20090,36749,multiple-choice,single,obsidian-quiz-blocks,radio,,LAL;MML;PS1,needs-answer,,
991,20092,9384,multiple-choice,single,obsidian-quiz-blocks,radio,,LAL;MML;PS1,needs-answer,,
991,20092,9382,multiple-choice,single,obsidian-quiz-blocks,radio,,LAL;MML;PS1,needs-answer,,
1047,17180,20451,multiple-choice,single,obsidian-quiz-blocks,radio,,DSM;LAL;MML;PS1,needs-answer,,
1047,17180,20418,multiple-choice,single,obsidian-quiz-blocks,radio,,DSM;LAL;MML;PS1,needs-answer,,
1047,17181,10205,multiple-choice,single,obsidian-quiz-blocks,radio,,DSM;LAL;MML;PS1,needs-answer,,
1047,17181,20422,multiple-choice,single,obsidian-quiz-blocks,radio,,DSM;LAL;MML;PS1,needs-answer,,
1047,17182,10204,multiple-choice,single,obsidian-quiz-blocks,radio,,DSM;LAL;MML;PS1,needs-answer,,
1047,17182,10202,multiple-choice,single,obsidian-quiz-blocks,radio,,DSM;LAL;MML;PS1,needs-answer,,
1048,17198,10676,multiple-choice,single,obsidian-quiz-blocks,radio,,LAL;MML;PS1,needs-answer,,
1048,17198,20505,multiple-choice,single,obsidian-quiz-blocks,radio,,LAL;MML;PS1,needs-answer,,
1048,17199,73396,multiple-choice,single,obsidian-quiz-blocks,radio,,LAL;MML;PS1,needs-answer,,
1048,17199,73397,multiple-choice,single,obsidian-quiz-blocks,radio,,LAL;MML;PS1,needs-answer,,
1049,17211,20594,multiple-choice,single,obsidian-quiz-blocks,radio,,LAL;MML;PS1,needs-answer,,
1049,17211,20589,multiple-choice,single,obsidian-quiz-blocks,radio,,LAL;MML;PS1,needs-answer,,
1049,17212,20266,multiple-choice,single,obsidian-quiz-blocks,radio,,LAL;MML;PS1,needs-answer,,
1049,17212,20267,multiple-choice,single,obsidian-quiz-blocks,radio,,LAL;MML;PS1,needs-answer,,
1049,23346,74532,multiple-choice,single,obsidian-quiz-blocks,radio,,LAL;MML;PS1,needs-answer,,
1049,23346,74525,multiple-choice,single,obsidian-quiz-blocks,radio,,LAL;MML;PS1,needs-answer,,
1049,23347,74534,multiple-choice,single,obsidian-quiz-blocks,radio,,LAL;MML;PS1,needs-answer,,
1049,23347,74536,multiple-choice,single,obsidian-quiz-blocks,radio,,LAL;MML;PS1,needs-answer,,
1163,27104,15399,multiple-choice,single,obsidian-quiz-blocks,radio,b,CA2;CBC;DEQ;PS1,converted-and-verified,manual,label
1163,27104,83865,multiple-choice,single,obsidian-quiz-blocks,radio,a,CA2;CBC;DEQ;PS1,converted-and-verified,manual,label
1163,27468,83754,multiple-choice,single,obsidian-quiz-blocks,radio,b,CA2;CBC;DEQ;PS1,converted-and-verified,manual,label
1163,27468,83756,multiple-choice,single,obsidian-quiz-blocks,radio,a,CA2;CBC;DEQ;PS1,converted-and-verified,manual,label
1164,24252,17557,multiple-choice,single,obsidian-quiz-blocks,radio,e,DEQ;PS1,converted-and-verified,manual,label
1164,24252,17559,multiple-choice,single,obsidian-quiz-blocks,radio,c,DEQ;PS1,converted-and-verified,manual,label
1164,24253,17546,multiple-choice,single,obsidian-quiz-blocks,radio,a,DEQ;PS1,converted-and-verified,manual,label
1164,24253,17544,multiple-choice,single,obsidian-quiz-blocks,radio,b,DEQ;PS1,converted-and-verified,manual,label
1164,25429,17545,multiple-choice,single,obsidian-quiz-blocks,radio,e,DEQ;PS1,converted-and-verified,manual,label
1164,25429,17550,multiple-choice,single,obsidian-quiz-blocks,radio,e,DEQ;PS1,converted-and-verified,manual,label
1179,1908,8310,multiple-choice,single,obsidian-quiz-blocks,radio,a,CAB;CBC;MF3;CA2;DEQ;PS1,converted-and-verified,manual,label
1179,1908,4019,multiple-choice,single,obsidian-quiz-blocks,radio,e,CAB;CBC;MF3;CA2;DEQ;PS1,converted-and-verified,manual,label
1179,1912,79372,multiple-choice,single,obsidian-quiz-blocks,radio,a,CAB;CBC;MF3;CA2;DEQ;PS1,converted-and-verified,manual,label
1179,1912,20071,multiple-choice,single,obsidian-quiz-blocks,radio,d,CAB;CBC;MF3;CA2;DEQ;PS1,converted-and-verified,manual,label
1264,44419,160836,multiple-choice,single,obsidian-quiz-blocks,radio,,MVC;PS2,needs-answer,,
1264,44419,161355,multiple-choice,single,obsidian-quiz-blocks,radio,,MVC;PS2,needs-answer,,
1264,44421,161146,multiple-choice,single,obsidian-quiz-blocks,radio,,MVC;PS2,needs-answer,,
1264,44421,161302,multiple-choice,single,obsidian-quiz-blocks,radio,,MVC;PS2,needs-answer,,
1264,44429,161106,multiple-choice,single,obsidian-quiz-blocks,radio,,MVC;PS2,needs-answer,,
1264,44429,161323,multiple-choice,single,obsidian-quiz-blocks,radio,,MVC;PS2,needs-answer,,
1335,453124,111891,multiple-choice,single,obsidian-quiz-blocks,radio,,MML;PAS;PS1,needs-answer,,
1335,453124,111890,multiple-choice,single,obsidian-quiz-blocks,radio,,MML;PAS;PS1,needs-answer,,
1335,453128,111892,multiple-choice,single,obsidian-quiz-blocks,radio,,MML;PAS;PS1,needs-answer,,
1335,453128,111893,multiple-choice,single,obsidian-quiz-blocks,radio,,MML;PAS;PS1,needs-answer,,
1335,453131,275500,free-response,multi,,,,,,,
1335,453131,275751,free-response,multi,,,,,,,
1347,41070,86911,multiple-choice,single,obsidian-quiz-blocks,radio,,MML;MVC;PAS;PS1,needs-answer,,
1347,41070,87154,multiple-choice,single,obsidian-quiz-blocks,radio,,MML;MVC;PAS;PS1,needs-answer,,
1347,41075,158315,multiple-choice,single,obsidian-quiz-blocks,radio,,MML;MVC;PAS;PS1,needs-answer,,
1347,41075,154690,multiple-choice,single,obsidian-quiz-blocks,radio,,MML;MVC;PAS;PS1,needs-answer,,
1347,41931,98912,multiple-choice,single,obsidian-quiz-blocks,radio,,MML;MVC;PAS;PS1,needs-answer,,
1347,41931,158437,multiple-choice,single,obsidian-quiz-blocks,radio,,MML;MVC;PAS;PS1,needs-answer,,
1373,17193,42155,multiple-choice,single,obsidian-quiz-blocks,radio,,LAL;MML;PS1,needs-answer,,
1373,17193,42156,multiple-choice,single,obsidian-quiz-blocks,radio,,LAL;MML;PS1,needs-answer,,
1373,17194,42167,multiple-choice,single,obsidian-quiz-blocks,radio,,LAL;MML;PS1,needs-answer,,
1373,17194,42157,multiple-choice,single,obsidian-quiz-blocks,radio,,LAL;MML;PS1,needs-answer,,
1374,17207,35589,multiple-choice,single,obsidian-quiz-blocks,radio,,LAL;MML;PS1,needs-answer,,
1374,17207,20969,multiple-choice,single,obsidian-quiz-blocks,radio,,LAL;MML;PS1,needs-answer,,
1374,17208,20966,multiple-choice,single,obsidian-quiz-blocks,radio,,LAL;MML;PS1,needs-answer,,
1374,17208,73398,multiple-choice,single,obsidian-quiz-blocks,radio,,LAL;MML;PS1,needs-answer,,
1374,23204,10293,multiple-choice,single,obsidian-quiz-blocks,radio,,LAL;MML;PS1,needs-answer,,
1374,23204,10680,multiple-choice,single,obsidian-quiz-blocks,radio,,LAL;MML;PS1,needs-answer,,
1375,20077,18237,multiple-choice,single,obsidian-quiz-blocks,radio,c,LAL;MML;PS1,converted-and-verified,manual,label
1375,20077,36791,multiple-choice,single,obsidian-quiz-blocks,radio,a,LAL;MML;PS1,converted-and-verified,manual,label
1375,20078,37087,multiple-choice,single,obsidian-quiz-blocks,radio,e,LAL;MML;PS1,converted-and-verified,manual,label
1375,20078,36792,multiple-choice,single,obsidian-quiz-blocks,radio,b,LAL;MML;PS1,converted-and-verified,manual,label
1375,20081,18238,multiple-choice,single,obsidian-quiz-blocks,radio,e,LAL;MML;PS1,converted-and-verified,manual,label
1375,20081,18235,multiple-choice,single,obsidian-quiz-blocks,radio,e,LAL;MML;PS1,converted-and-verified,manual,label
1375,21410,36679,multiple-choice,single,obsidian-quiz-blocks,radio,b,LAL;MML;PS1,converted-and-verified,image-id,answer-image-id-1
1375,21410,37091,multiple-choice,single,obsidian-quiz-blocks,radio,e,LAL;MML;PS1,converted-and-verified,image-id,answer-image-id-1
1376,44725,35960,multiple-choice,single,obsidian-quiz-blocks,radio,,LAL;MML;PS1,needs-answer,,
1376,44725,35966,multiple-choice,single,obsidian-quiz-blocks,radio,,LAL;MML;PS1,needs-answer,,
1376,44728,35973,multiple-choice,single,obsidian-quiz-blocks,radio,,LAL;MML;PS1,needs-answer,,
1376,44728,35982,multiple-choice,single,obsidian-quiz-blocks,radio,,LAL;MML;PS1,needs-answer,,
1376,44732,32819,multiple-choice,single,obsidian-quiz-blocks,radio,,LAL;MML;PS1,needs-answer,,
1376,44732,22291,multiple-choice,single,obsidian-quiz-blocks,radio,,LAL;MML;PS1,needs-answer,,
1376,44735,162143,multiple-choice,single,obsidian-quiz-blocks,radio,,LAL;MML;PS1,needs-answer,,
1376,44735,162144,multiple-choice,single,obsidian-quiz-blocks,radio,,LAL;MML;PS1,needs-answer,,
1388,27395,83711,multiple-choice,single,obsidian-quiz-blocks,radio,b,DSM;MML;PAS;PS1,converted-and-verified,manual,label
1388,27395,83666,multiple-choice,single,obsidian-quiz-blocks,radio,c,DSM;MML;PAS;PS1,converted-and-verified,manual,label
1388,27397,83713,multiple-choice,single,obsidian-quiz-blocks,radio,e,DSM;MML;PAS;PS1,converted-and-verified,manual,label
1388,27397,83714,multiple-choice,single,obsidian-quiz-blocks,radio,c,DSM;MML;PAS;PS1,converted-and-verified,manual,label
1388,27501,83821,multiple-choice,single,obsidian-quiz-blocks,radio,a,DSM;MML;PAS;PS1,converted-and-verified,manual,label
1388,27501,83820,multiple-choice,single,obsidian-quiz-blocks,radio,c,DSM;MML;PAS;PS1,converted-and-verified,manual,label
1388,27502,83858,multiple-choice,single,obsidian-quiz-blocks,radio,a,DSM;MML;PAS;PS1,converted-and-verified,manual,label
1388,27502,83859,multiple-choice,single,obsidian-quiz-blocks,radio,d,DSM;MML;PAS;PS1,converted-and-verified,manual,label
1401,35838,126823,multiple-choice,single,obsidian-quiz-blocks,radio,,MVC;PS2,needs-answer,,
1401,35838,126830,multiple-choice,single,obsidian-quiz-blocks,radio,,MVC;PS2,needs-answer,,
1401,35855,126826,multiple-choice,single,obsidian-quiz-blocks,radio,,MVC;PS2,needs-answer,,
1401,35855,126931,multiple-choice,single,obsidian-quiz-blocks,radio,,MVC;PS2,needs-answer,,
1470,118367,132149,multiple-choice,single,obsidian-quiz-blocks,radio,,MF3;PAS;PS1,needs-answer,,
1470,118367,132150,multiple-choice,single,obsidian-quiz-blocks,radio,,MF3;PAS;PS1,needs-answer,,
1470,118370,132160,multiple-choice,single,obsidian-quiz-blocks,radio,,MF3;PAS;PS1,needs-answer,,
1470,118370,132161,multiple-choice,single,obsidian-quiz-blocks,radio,,MF3;PAS;PS1,needs-answer,,
1470,118373,94522,multiple-choice,single,obsidian-quiz-blocks,radio,,MF3;PAS;PS1,needs-answer,,
1470,118373,94892,multiple-choice,single,obsidian-quiz-blocks,radio,,MF3;PAS;PS1,needs-answer,,
1470,118377,94895,multiple-choice,single,obsidian-quiz-blocks,radio,,MF3;PAS;PS1,needs-answer,,
1470,118377,94875,multiple-choice,single,obsidian-quiz-blocks,radio,,MF3;PAS;PS1,needs-answer,,
1712,593312,334536,multiple-choice,single,obsidian-quiz-blocks,radio,a,DEQ;PS1,converted-and-verified,manual,label
1712,593312,334770,free-response,single,,,,,,,
1712,593312,334539,free-response,single,,,,,,,
1712,593317,334032,multiple-choice,single,obsidian-quiz-blocks,radio,e,DEQ;PS1,converted-and-verified,manual,label
1712,593317,334034,multiple-choice,single,obsidian-quiz-blocks,radio,a,DEQ;PS1,converted-and-verified,manual,label
1712,593317,334056,select-list,multi,,,,,,,
1712,593321,334550,free-response,single,,,,,,,
1712,593321,335190,free-response,single,,,,,,,
1712,593321,334554,free-response,single,,,,,,,
1712,593326,334572,free-response,single,,,,,,,
1712,593326,334575,free-response,single,,,,,,,
1713,593291,336583,multiple-choice,single,obsidian-quiz-blocks,radio,a,DEQ;PS1,converted-and-verified,manual,label
1713,593291,335825,multiple-choice,single,obsidian-quiz-blocks,radio,c,DEQ;PS1,converted-and-verified,manual,label
1713,593295,335865,free-response,single,,,,,,,
1713,593295,336680,multiple-choice,single,obsidian-quiz-blocks,radio,b,DEQ;PS1,converted-and-verified,manual,label
1713,593295,336401,multiple-choice,single,obsidian-quiz-blocks,radio,b,DEQ;PS1,converted-and-verified,manual,label
1713,593300,336687,multiple-choice,single,obsidian-quiz-blocks,radio,d,DEQ;PS1,converted-and-verified,manual,label
1713,593300,336422,multiple-choice,single,obsidian-quiz-blocks,radio,a,DEQ;PS1,converted-and-verified,manual,label
1726,17221,42591,multiple-choice,single,obsidian-quiz-blocks,radio,,LAL;PS1,needs-answer,,
1726,17221,31963,multiple-choice,single,obsidian-quiz-blocks,radio,,LAL;PS1,needs-answer,,
1726,17224,42697,multiple-choice,single,obsidian-quiz-blocks,radio,,LAL;PS1,needs-answer,,
1726,17224,42601,multiple-choice,single,obsidian-quiz-blocks,radio,,LAL;PS1,needs-answer,,
1726,17225,42696,multiple-choice,single,obsidian-quiz-blocks,radio,,LAL;PS1,needs-answer,,
1726,17225,31932,multiple-choice,single,obsidian-quiz-blocks,radio,,LAL;PS1,needs-answer,,
1727,17227,32040,multiple-choice,single,obsidian-quiz-blocks,radio,,LAL;PS1,needs-answer,,
1727,17227,42812,multiple-choice,single,obsidian-quiz-blocks,radio,,LAL;PS1,needs-answer,,
1727,17228,42810,multiple-choice,single,obsidian-quiz-blocks,radio,,LAL;PS1,needs-answer,,
1727,17228,32039,multiple-choice,single,obsidian-quiz-blocks,radio,,LAL;PS1,needs-answer,,
1727,17229,42767,multiple-choice,single,obsidian-quiz-blocks,radio,,LAL;PS1,needs-answer,,
1727,17229,42768,multiple-choice,single,obsidian-quiz-blocks,radio,,LAL;PS1,needs-answer,,
1728,17231,43006,multiple-choice,single,obsidian-quiz-blocks,radio,,LAL;MML;PS1,needs-answer,,
1728,17231,31862,multiple-choice,single,obsidian-quiz-blocks,radio,,LAL;MML;PS1,needs-answer,,
1728,17232,42989,multiple-choice,single,obsidian-quiz-blocks,radio,,LAL;MML;PS1,needs-answer,,
1728,17232,42988,multiple-choice,single,obsidian-quiz-blocks,radio,,LAL;MML;PS1,needs-answer,,
1728,17233,42999,multiple-choice,single,obsidian-quiz-blocks,radio,,LAL;MML;PS1,needs-answer,,
1728,17233,43000,multiple-choice,single,obsidian-quiz-blocks,radio,,LAL;MML;PS1,needs-answer,,
1730,16472,36073,multiple-choice,single,obsidian-quiz-blocks,radio,,LAL;MML;PS1,needs-answer,,
1730,16472,32091,multiple-choice,single,obsidian-quiz-blocks,radio,,LAL;MML;PS1,needs-answer,,
1730,16473,47653,multiple-choice,single,obsidian-quiz-blocks,radio,,LAL;MML;PS1,needs-answer,,
1730,16473,32088,multiple-choice,single,obsidian-quiz-blocks,radio,,LAL;MML;PS1,needs-answer,,
1730,16474,31921,multiple-choice,single,obsidian-quiz-blocks,radio,,LAL;MML;PS1,needs-answer,,
1730,16474,32167,multiple-choice,single,obsidian-quiz-blocks,radio,,LAL;MML;PS1,needs-answer,,
1731,17235,43504,multiple-choice,single,obsidian-quiz-blocks,radio,,LAL;PS1,needs-answer,,
1731,17235,43509,multiple-choice,single,obsidian-quiz-blocks,radio,,LAL;PS1,needs-answer,,
1731,17236,43511,multiple-choice,single,obsidian-quiz-blocks,radio,,LAL;PS1,needs-answer,,
1731,17236,32127,multiple-choice,single,obsidian-quiz-blocks,radio,,LAL;PS1,needs-answer,,
1731,17238,32126,multiple-choice,single,obsidian-quiz-blocks,radio,,LAL;PS1,needs-answer,,
1731,17238,43507,multiple-choice,single,obsidian-quiz-blocks,radio,,LAL;PS1,needs-answer,,
1732,17240,43066,multiple-choice,single,obsidian-quiz-blocks,radio,,LAL;MML;PS1,needs-answer,,
1732,17240,78749,multiple-choice,single,obsidian-quiz-blocks,radio,,LAL;MML;PS1,needs-answer,,
1732,25045,43067,multiple-choice,single,obsidian-quiz-blocks,radio,,LAL;MML;PS1,needs-answer,,
1732,25045,78426,multiple-choice,single,obsidian-quiz-blocks,radio,,LAL;MML;PS1,needs-answer,,
1732,28630,78715,multiple-choice,single,obsidian-quiz-blocks,radio,,LAL;MML;PS1,needs-answer,,
1732,28630,78718,multiple-choice,single,obsidian-quiz-blocks,radio,,LAL;MML;PS1,needs-answer,,
1733,17214,32234,multiple-choice,single,obsidian-quiz-blocks,radio,,LAL;MML;PS1,needs-answer,,
1733,17214,42040,multiple-choice,single,obsidian-quiz-blocks,radio,,LAL;MML;PS1,needs-answer,,
1733,17216,32246,multiple-choice,single,obsidian-quiz-blocks,radio,,LAL;MML;PS1,needs-answer,,
1733,17216,42059,multiple-choice,single,obsidian-quiz-blocks,radio,,LAL;MML;PS1,needs-answer,,
1733,23072,32242,multiple-choice,single,obsidian-quiz-blocks,radio,,LAL;MML;PS1,needs-answer,,
1733,23072,42061,multiple-choice,single,obsidian-quiz-blocks,radio,,LAL;MML;PS1,needs-answer,,
1734,17248,36270,multiple-choice,single,obsidian-quiz-blocks,radio,,LAL;PS1,needs-answer,,
1734,17248,36274,multiple-choice,single,obsidian-quiz-blocks,radio,,LAL;PS1,needs-answer,,
1734,17249,32273,multiple-choice,single,obsidian-quiz-blocks,radio,,LAL;PS1,needs-answer,,
1734,17249,32269,multiple-choice,single,obsidian-quiz-blocks,radio,,LAL;PS1,needs-answer,,
1734,17250,32223,multiple-choice,single,obsidian-quiz-blocks,radio,,LAL;PS1,needs-answer,,
1734,17250,139318,multiple-choice,single,obsidian-quiz-blocks,radio,,LAL;PS1,needs-answer,,
1737,44257,161529,multiple-choice,single,obsidian-quiz-blocks,radio,,MML;MVC;PS1,needs-answer,,
1737,44257,160771,multiple-choice,single,obsidian-quiz-blocks,radio,,MML;MVC;PS1,needs-answer,,
1737,44297,162523,multiple-choice,single,obsidian-quiz-blocks,radio,,MML;MVC;PS1,needs-answer,,
1737,44297,160773,multiple-choice,single,obsidian-quiz-blocks,radio,,MML;MVC;PS1,needs-answer,,
1737,44297,160789,multiple-choice,single,obsidian-quiz-blocks,radio,,MML;MVC;PS1,needs-answer,,
1737,44801,160767,multiple-choice,single,obsidian-quiz-blocks,radio,,MML;MVC;PS1,needs-answer,,
1737,44801,162528,multiple-choice,single,obsidian-quiz-blocks,radio,,MML;MVC;PS1,needs-answer,,
1738,8381,33143,multiple-choice,single,obsidian-quiz-blocks,radio,,MVC;PS1,needs-answer,,
1738,8381,33122,multiple-choice,single,obsidian-quiz-blocks,radio,,MVC;PS1,needs-answer,,
1738,8382,32501,multiple-choice,single,obsidian-quiz-blocks,radio,,MVC;PS1,needs-answer,,
1738,8382,32286,multiple-choice,single,obsidian-quiz-blocks,radio,,MVC;PS1,needs-answer,,
1738,8383,32866,multiple-choice,single,obsidian-quiz-blocks,radio,,MVC;PS1,needs-answer,,
1738,8383,32498,multiple-choice,single,obsidian-quiz-blocks,radio,,MVC;PS1,needs-answer,,
1738,8384,32353,multiple-choice,single,obsidian-quiz-blocks,radio,,MVC;PS1,needs-answer,,
1738,8384,32298,multiple-choice,single,obsidian-quiz-blocks,radio,,MVC;PS1,needs-answer,,
1744,9881,32301,multiple-choice,single,obsidian-quiz-blocks,radio,,MVC;PS1,needs-answer,,
1744,9881,96942,multiple-choice,single,obsidian-quiz-blocks,radio,,MVC;PS1,needs-answer,,
1744,9884,32516,multiple-choice,single,obsidian-quiz-blocks,radio,,MVC;PS1,needs-answer,,
1744,9884,96943,multiple-choice,single,obsidian-quiz-blocks,radio,,MVC;PS1,needs-answer,,
1744,9894,32521,multiple-choice,single,obsidian-quiz-blocks,radio,,MVC;PS1,needs-answer,,
1744,9894,32510,multiple-choice,single,obsidian-quiz-blocks,radio,,MVC;PS1,needs-answer,,
1744,32283,98093,multiple-choice,single,obsidian-quiz-blocks,radio,,MVC;PS1,needs-answer,,
1744,32283,98096,multiple-choice,single,obsidian-quiz-blocks,radio,,MVC;PS1,needs-answer,,
1769,16255,71018,multiple-choice,single,obsidian-quiz-blocks,radio,,LAL;MML;PS1,needs-answer,,
1769,16255,71017,multiple-choice,single,obsidian-quiz-blocks,radio,,LAL;MML;PS1,needs-answer,,
1769,16256,69959,multiple-choice,single,obsidian-quiz-blocks,radio,,LAL;MML;PS1,needs-answer,,
1769,16256,36031,multiple-choice,single,obsidian-quiz-blocks,radio,,LAL;MML;PS1,needs-answer,,
1769,16257,36055,multiple-choice,single,obsidian-quiz-blocks,radio,,LAL;MML;PS1,needs-answer,,
1769,16257,32800,multiple-choice,single,obsidian-quiz-blocks,radio,,LAL;MML;PS1,needs-answer,,
1770,16207,42095,multiple-choice,single,obsidian-quiz-blocks,radio,,LAL;MML;PS1,needs-answer,,
1770,16207,42105,multiple-choice,single,obsidian-quiz-blocks,radio,,LAL;MML;PS1,needs-answer,,
1770,16209,36224,multiple-choice,single,obsidian-quiz-blocks,radio,,LAL;MML;PS1,needs-answer,,
1770,16209,42094,multiple-choice,single,obsidian-quiz-blocks,radio,,LAL;MML;PS1,needs-answer,,
1770,19018,36221,multiple-choice,single,obsidian-quiz-blocks,radio,,LAL;MML;PS1,needs-answer,,
1770,19018,36120,multiple-choice,single,obsidian-quiz-blocks,radio,,LAL;MML;PS1,needs-answer,,
1771,41736,42471,multiple-choice,single,obsidian-quiz-blocks,radio,,LAL;MML;PS1,needs-answer,,
1771,41736,42884,multiple-choice,single,obsidian-quiz-blocks,radio,,LAL;MML;PS1,needs-answer,,
1771,41739,42955,multiple-choice,single,obsidian-quiz-blocks,radio,,LAL;MML;PS1,needs-answer,,
1771,41739,42472,multiple-choice,single,obsidian-quiz-blocks,radio,,LAL;MML;PS1,needs-answer,,
1771,41742,42468,multiple-choice,single,obsidian-quiz-blocks,radio,,LAL;MML;PS1,needs-answer,,
1771,41742,42480,multiple-choice,single,obsidian-quiz-blocks,radio,,LAL;MML;PS1,needs-answer,,
1771,41760,157695,multiple-choice,single,obsidian-quiz-blocks,radio,,LAL;MML;PS1,needs-answer,,
1771,41760,157694,multiple-choice,single,obsidian-quiz-blocks,radio,,LAL;MML;PS1,needs-answer,,
1772,16214,43078,multiple-choice,single,obsidian-quiz-blocks,radio,c,LAL;MML;PS1,converted-and-verified,manual,label
1772,16214,43076,multiple-choice,single,obsidian-quiz-blocks,radio,b,LAL;MML;PS1,converted-and-verified,manual,label
1772,16215,43079,multiple-choice,single,obsidian-quiz-blocks,radio,d,LAL;MML;PS1,converted-and-verified,manual,label
1772,16215,43077,multiple-choice,single,obsidian-quiz-blocks,radio,c,LAL;MML;PS1,converted-and-verified,manual,label
1772,16216,42503,multiple-choice,single,obsidian-quiz-blocks,radio,b,LAL;MML;PS1,converted-and-verified,manual,label
1772,16216,42505,multiple-choice,single,obsidian-quiz-blocks,radio,d,LAL;MML;PS1,converted-and-verified,manual,label
1772,22905,43080,multiple-choice,single,obsidian-quiz-blocks,radio,b,LAL;MML;PS1,converted-and-verified,manual,label
1772,22905,42076,multiple-choice,single,obsidian-quiz-blocks,radio,e,LAL;MML;PS1,converted-and-verified,manual,label
1772,22923,72462,multiple-choice,single,obsidian-quiz-blocks,radio,d,LAL;MML;PS1,converted-and-verified,manual,label
1772,22923,72465,multiple-choice,single,obsidian-quiz-blocks,radio,b,LAL;MML;PS1,converted-and-verified,manual,label
1773,29895,42559,multiple-choice,single,obsidian-quiz-blocks,radio,,LAL;PS1,needs-answer,,
1773,29895,42075,multiple-choice,single,obsidian-quiz-blocks,radio,,LAL;PS1,needs-answer,,
1773,30071,91166,multiple-choice,single,obsidian-quiz-blocks,radio,,LAL;PS1,needs-answer,,
1773,30071,42574,multiple-choice,single,obsidian-quiz-blocks,radio,,LAL;PS1,needs-answer,,
1773,30087,91220,multiple-choice,single,obsidian-quiz-blocks,radio,,LAL;PS1,needs-answer,,
1773,30087,91092,multiple-choice,single,obsidian-quiz-blocks,radio,,LAL;PS1,needs-answer,,
1774,16228,42996,multiple-choice,single,obsidian-quiz-blocks,radio,,LAL;MML;PS1,needs-answer,,
1774,16228,43062,multiple-choice,single,obsidian-quiz-blocks,radio,,LAL;MML;PS1,needs-answer,,
1774,16230,42584,multiple-choice,single,obsidian-quiz-blocks,radio,,LAL;MML;PS1,needs-answer,,
1774,16230,43063,multiple-choice,single,obsidian-quiz-blocks,radio,,LAL;MML;PS1,needs-answer,,
1774,16232,43097,multiple-choice,single,obsidian-quiz-blocks,radio,,LAL;MML;PS1,needs-answer,,
1774,16232,42581,multiple-choice,single,obsidian-quiz-blocks,radio,,LAL;MML;PS1,needs-answer,,
1775,16704,42605,multiple-choice,single,obsidian-quiz-blocks,radio,,LAL;PS1,needs-answer,,
1775,16704,42606,multiple-choice,single,obsidian-quiz-blocks,radio,,LAL;PS1,needs-answer,,
1775,16710,42983,multiple-choice,single,obsidian-quiz-blocks,radio,,LAL;PS1,needs-answer,,
1775,16710,42612,multiple-choice,single,obsidian-quiz-blocks,radio,,LAL;PS1,needs-answer,,
1775,19262,42977,multiple-choice,single,obsidian-quiz-blocks,radio,,LAL;PS1,needs-answer,,
1775,19262,42973,multiple-choice,single,obsidian-quiz-blocks,radio,,LAL;PS1,needs-answer,,
1777,16112,13759,multiple-choice,single,obsidian-quiz-blocks,radio,,LAL;MML;PS1,needs-answer,,
1777,16112,13769,multiple-choice,single,obsidian-quiz-blocks,radio,,LAL;MML;PS1,needs-answer,,
1777,16113,68740,multiple-choice,single,obsidian-quiz-blocks,radio,,LAL;MML;PS1,needs-answer,,
1777,16113,42090,multiple-choice,single,obsidian-quiz-blocks,radio,,LAL;MML;PS1,needs-answer,,
1777,16445,42115,multiple-choice,single,obsidian-quiz-blocks,radio,,LAL;MML;PS1,needs-answer,,
1777,16445,42091,multiple-choice,single,obsidian-quiz-blocks,radio,,LAL;MML;PS1,needs-answer,,
1779,17356,32549,multiple-choice,single,obsidian-quiz-blocks,radio,,LAL;PS1,needs-answer,,
1779,17356,32529,multiple-choice,single,obsidian-quiz-blocks,radio,,LAL;PS1,needs-answer,,
1779,17359,32545,multiple-choice,single,obsidian-quiz-blocks,radio,,LAL;PS1,needs-answer,,
1779,17359,74799,multiple-choice,single,obsidian-quiz-blocks,radio,,LAL;PS1,needs-answer,,
1779,23125,32607,multiple-choice,single,obsidian-quiz-blocks,radio,,LAL;PS1,needs-answer,,
1779,23125,32551,multiple-choice,single,obsidian-quiz-blocks,radio,,LAL;PS1,needs-answer,,
1780,17361,32587,multiple-choice,single,obsidian-quiz-blocks,radio,,LAL;PS1,needs-answer,,
1780,17361,32569,multiple-choice,single,obsidian-quiz-blocks,radio,,LAL;PS1,needs-answer,,
1780,17362,32721,multiple-choice,single,obsidian-quiz-blocks,radio,,LAL;PS1,needs-answer,,
1780,17362,32684,multiple-choice,single,obsidian-quiz-blocks,radio,,LAL;PS1,needs-answer,,
1780,17364,32534,multiple-choice,single,obsidian-quiz-blocks,radio,,LAL;PS1,needs-answer,,
1780,17364,32532,multiple-choice,single,obsidian-quiz-blocks,radio,,LAL;PS1,needs-answer,,
1781,17366,104844,multiple-choice,single,obsidian-quiz-blocks,radio,,LAL;PS1,needs-answer,,
1781,17366,105914,multiple-choice,single,obsidian-quiz-blocks,radio,,LAL;PS1,needs-answer,,
1781,17367,32726,multiple-choice,single,obsidian-quiz-blocks,radio,,LAL;PS1,needs-answer,,
1781,17367,32805,multiple-choice,single,obsidian-quiz-blocks,radio,,LAL;PS1,needs-answer,,
1781,33312,32772,multiple-choice,single,obsidian-quiz-blocks,radio,,LAL;PS1,needs-answer,,
1781,33312,32806,multiple-choice,single,obsidian-quiz-blocks,radio,,LAL;PS1,needs-answer,,
1781,33317,32558,multiple-choice,single,obsidian-quiz-blocks,radio,,LAL;PS1,needs-answer,,
1781,33317,105891,multiple-choice,single,obsidian-quiz-blocks,radio,,LAL;PS1,needs-answer,,
1782,17371,32539,multiple-choice,single,obsidian-quiz-blocks,radio,,LAL;PS1,needs-answer,,
1782,17371,105949,multiple-choice,single,obsidian-quiz-blocks,radio,,LAL;PS1,needs-answer,,
1782,17373,32576,multiple-choice,single,obsidian-quiz-blocks,radio,,LAL;PS1,needs-answer,,
1782,17373,105804,multiple-choice,single,obsidian-quiz-blocks,radio,,LAL;PS1,needs-answer,,
1782,33319,32716,multiple-choice,single,obsidian-quiz-blocks,radio,,LAL;PS1,needs-answer,,
1782,33319,105751,multiple-choice,single,obsidian-quiz-blocks,radio,,LAL;PS1,needs-answer,,
1788,589207,336188,multiple-choice,single,obsidian-quiz-blocks,radio,b,DEQ;PS1,converted-and-verified,manual,label
1788,589207,336190,multiple-choice,single,obsidian-quiz-blocks,radio,,DEQ;PS1,needs-answer,,
1788,589211,336473,free-response,single,,,,,,,
1788,589211,336198,free-response,single,,,,,,,
1788,589211,336215,free-response,single,,,,,,,
1788,589216,336463,multiple-choice,single,obsidian-quiz-blocks,radio,,DEQ;PS1,needs-answer,,
1788,589216,336210,free-response,single,,,,,,,
1789,33144,103784,multiple-choice,single,obsidian-quiz-blocks,radio,,MVC;PS2,needs-answer,,
1789,33144,103785,multiple-choice,single,obsidian-quiz-blocks,radio,,MVC;PS2,needs-answer,,
1789,33145,104174,multiple-choice,single,obsidian-quiz-blocks,radio,,MVC;PS2,needs-answer,,
1789,33145,103787,multiple-choice,single,obsidian-quiz-blocks,radio,,MVC;PS2,needs-answer,,
1789,33146,103789,multiple-choice,single,obsidian-quiz-blocks,radio,,MVC;PS2,needs-answer,,
1789,33146,103793,multiple-choice,single,obsidian-quiz-blocks,radio,,MVC;PS2,needs-answer,,
1789,33147,103795,multiple-choice,single,obsidian-quiz-blocks,radio,,MVC;PS2,needs-answer,,
1789,33147,103796,multiple-choice,single,obsidian-quiz-blocks,radio,,MVC;PS2,needs-answer,,
1790,33384,105607,multiple-choice,single,obsidian-quiz-blocks,radio,,MVC;PS2,needs-answer,,
1790,33384,105606,multiple-choice,single,obsidian-quiz-blocks,radio,,MVC;PS2,needs-answer,,
1790,33401,105920,multiple-choice,single,obsidian-quiz-blocks,radio,,MVC;PS2,needs-answer,,
1790,33401,105922,multiple-choice,single,obsidian-quiz-blocks,radio,,MVC;PS2,needs-answer,,
1790,33437,109941,multiple-choice,single,obsidian-quiz-blocks,radio,,MVC;PS2,needs-answer,,
1790,33437,105613,multiple-choice,single,obsidian-quiz-blocks,radio,,MVC;PS2,needs-answer,,
1792,45345,32872,multiple-choice,single,obsidian-quiz-blocks,radio,,MML;MVC;PS1,needs-answer,,
1792,45345,32916,multiple-choice,single,obsidian-quiz-blocks,radio,,MML;MVC;PS1,needs-answer,,
1792,45348,126845,multiple-choice,single,obsidian-quiz-blocks,radio,,MML;MVC;PS1,needs-answer,,
1792,45348,32917,multiple-choice,single,obsidian-quiz-blocks,radio,,MML;MVC;PS1,needs-answer,,
1792,45351,126902,multiple-choice,single,obsidian-quiz-blocks,radio,,MML;MVC;PS1,needs-answer,,
1792,45351,32918,multiple-choice,single,obsidian-quiz-blocks,radio,,MML;MVC;PS1,needs-answer,,
1792,45392,75519,multiple-choice,single,obsidian-quiz-blocks,radio,,MML;MVC;PS1,needs-answer,,
1792,45392,33498,multiple-choice,single,obsidian-quiz-blocks,radio,,MML;MVC;PS1,needs-answer,,
1794,10220,33662,multiple-choice,single,obsidian-quiz-blocks,radio,,MVC;PS1,needs-answer,,
1794,10220,33069,multiple-choice,single,obsidian-quiz-blocks,radio,,MVC;PS1,needs-answer,,
1794,10223,33631,multiple-choice,single,obsidian-quiz-blocks,radio,,MVC;PS1,needs-answer,,
1794,10223,33075,multiple-choice,single,obsidian-quiz-blocks,radio,,MVC;PS1,needs-answer,,
1794,10226,64486,multiple-choice,single,obsidian-quiz-blocks,radio,,MVC;PS1,needs-answer,,
1794,10226,33096,multiple-choice,single,obsidian-quiz-blocks,radio,,MVC;PS1,needs-answer,,
1795,164580,33493,multiple-choice,single,obsidian-quiz-blocks,radio,,MVC;PS1,needs-answer,,
1795,164580,33233,multiple-choice,single,obsidian-quiz-blocks,radio,,MVC;PS1,needs-answer,,
1795,164583,222843,free-response,multi,,,,,,,
1795,164583,222851,free-response,multi,,,,,,,
1795,164587,74864,multiple-choice,single,obsidian-quiz-blocks,radio,,MVC;PS1,needs-answer,,
1795,164587,75492,multiple-choice,single,obsidian-quiz-blocks,radio,,MVC;PS1,needs-answer,,
1796,10275,34020,multiple-choice,single,obsidian-quiz-blocks,radio,,MVC;PS1,needs-answer,,
1796,10275,34082,multiple-choice,single,obsidian-quiz-blocks,radio,,MVC;PS1,needs-answer,,
1796,10279,33665,multiple-choice,single,obsidian-quiz-blocks,radio,,MVC;PS1,needs-answer,,
1796,10279,33782,multiple-choice,single,obsidian-quiz-blocks,radio,,MVC;PS1,needs-answer,,
1796,10282,33732,multiple-choice,single,obsidian-quiz-blocks,radio,,MVC;PS1,needs-answer,,
1796,10282,79226,multiple-choice,single,obsidian-quiz-blocks,radio,,MVC;PS1,needs-answer,,
1799,17886,33244,multiple-choice,single,obsidian-quiz-blocks,radio,,LAL;MML;PS1,needs-answer,,
1799,17886,33004,multiple-choice,single,obsidian-quiz-blocks,radio,,LAL;MML;PS1,needs-answer,,
1799,17887,33005,multiple-choice,single,obsidian-quiz-blocks,radio,,LAL;MML;PS1,needs-answer,,
1799,17887,33237,multiple-choice,single,obsidian-quiz-blocks,radio,,LAL;MML;PS1,needs-answer,,
1799,17888,33252,multiple-choice,single,obsidian-quiz-blocks,radio,,LAL;MML;PS1,needs-answer,,
1799,17888,33234,multiple-choice,single,obsidian-quiz-blocks,radio,,LAL;MML;PS1,needs-answer,,
1799,18458,70643,multiple-choice,single,obsidian-quiz-blocks,radio,,LAL;MML;PS1,needs-answer,,
1799,18458,70641,multiple-choice,single,obsidian-quiz-blocks,radio,,LAL;MML;PS1,needs-answer,,
1805,17918,33029,multiple-choice,single,obsidian-quiz-blocks,radio,,LAL;MML;PS1,needs-answer,,
1805,17918,32971,multiple-choice,single,obsidian-quiz-blocks,radio,,LAL;MML;PS1,needs-answer,,
1805,17919,70821,multiple-choice,single,obsidian-quiz-blocks,radio,,LAL;MML;PS1,needs-answer,,
1805,17919,33319,multiple-choice,single,obsidian-quiz-blocks,radio,,LAL;MML;PS1,needs-answer,,
1805,17921,33316,multiple-choice,single,obsidian-quiz-blocks,radio,,LAL;MML;PS1,needs-answer,,
1805,17921,33037,multiple-choice,single,obsidian-quiz-blocks,radio,,LAL;MML;PS1,needs-answer,,
1806,421993,33155,multiple-choice,single,obsidian-quiz-blocks,radio,,LAL;MML;PS1,needs-answer,,
1806,421993,33154,multiple-choice,single,obsidian-quiz-blocks,radio,,LAL;MML;PS1,needs-answer,,
1806,421996,33818,multiple-choice,single,obsidian-quiz-blocks,radio,,LAL;MML;PS1,needs-answer,,
1806,421996,33816,multiple-choice,single,obsidian-quiz-blocks,radio,,LAL;MML;PS1,needs-answer,,
1806,421999,33158,multiple-choice,single,obsidian-quiz-blocks,radio,,LAL;MML;PS1,needs-answer,,
1806,421999,33066,multiple-choice,single,obsidian-quiz-blocks,radio,,LAL;MML;PS1,needs-answer,,
1806,422003,32989,multiple-choice,single,obsidian-quiz-blocks,radio,,LAL;MML;PS1,needs-answer,,
1806,422003,32988,multiple-choice,single,obsidian-quiz-blocks,radio,,LAL;MML;PS1,needs-answer,,
1807,17923,33139,multiple-choice,single,obsidian-quiz-blocks,radio,,LAL;MML;PS1,needs-answer,,
1807,17923,33931,multiple-choice,single,obsidian-quiz-blocks,radio,,LAL;MML;PS1,needs-answer,,
1807,17924,33165,multiple-choice,single,obsidian-quiz-blocks,radio,,LAL;MML;PS1,needs-answer,,
1807,17924,33146,multiple-choice,single,obsidian-quiz-blocks,radio,,LAL;MML;PS1,needs-answer,,
1807,17925,33923,multiple-choice,single,obsidian-quiz-blocks,radio,,LAL;MML;PS1,needs-answer,,
1807,17925,33911,multiple-choice,single,obsidian-quiz-blocks,radio,,LAL;MML;PS1,needs-answer,,
1807,17926,33145,multiple-choice,single,obsidian-quiz-blocks,radio,,LAL;MML;PS1,needs-answer,,
1807,17926,33912,multiple-choice,single,obsidian-quiz-blocks,radio,,LAL;MML;PS1,needs-answer,,
1808,17932,33202,multiple-choice,single,obsidian-quiz-blocks,radio,,LAL;MML;PS1,needs-answer,,
1808,17932,33068,multiple-choice,single,obsidian-quiz-blocks,radio,,LAL;MML;PS1,needs-answer,,
1808,17933,33081,multiple-choice,single,obsidian-quiz-blocks,radio,,LAL;MML;PS1,needs-answer,,
1808,17933,33203,multiple-choice,single,obsidian-quiz-blocks,radio,,LAL;MML;PS1,needs-answer,,
1808,17934,33986,multiple-choice,single,obsidian-quiz-blocks,radio,,LAL;MML;PS1,needs-answer,,
1808,17934,33992,multiple-choice,single,obsidian-quiz-blocks,radio,,LAL;MML;PS1,needs-answer,,
1810,17941,34031,multiple-choice,single,obsidian-quiz-blocks,radio,,LAL;MML;PS1,needs-answer,,
1810,17941,33466,multiple-choice,single,obsidian-quiz-blocks,radio,,LAL;MML;PS1,needs-answer,,
1810,17942,34075,multiple-choice,single,obsidian-quiz-blocks,radio,,LAL;MML;PS1,needs-answer,,
1810,17942,34062,multiple-choice,single,obsidian-quiz-blocks,radio,,LAL;MML;PS1,needs-answer,,
1810,17943,34070,multiple-choice,single,obsidian-quiz-blocks,radio,,LAL;MML;PS1,needs-answer,,
1810,17943,33464,multiple-choice,single,obsidian-quiz-blocks,radio,,LAL;MML;PS1,needs-answer,,
1824,590623,336595,multiple-choice,single,obsidian-quiz-blocks,radio,b,DEQ;PS1,converted-and-verified,manual,label
1824,590623,336598,multiple-choice,single,obsidian-quiz-blocks,radio,b,DEQ;PS1,converted-and-verified,manual,label
1824,590626,336599,multiple-choice,single,obsidian-quiz-blocks,radio,b,DEQ;PS1,converted-and-verified,manual,label
1824,590626,336616,multiple-choice,single,obsidian-quiz-blocks,radio,b,DEQ;PS1,converted-and-verified,manual,label
1833,10651,34268,multiple-choice,single,obsidian-quiz-blocks,radio,,MVC;PS1,needs-answer,,
1833,10651,64584,multiple-choice,single,obsidian-quiz-blocks,radio,,MVC;PS1,needs-answer,,
1833,10657,34098,multiple-choice,single,obsidian-quiz-blocks,radio,,MVC;PS1,needs-answer,,
1833,10657,34209,multiple-choice,single,obsidian-quiz-blocks,radio,,MVC;PS1,needs-answer,,
1833,10658,34355,multiple-choice,single,obsidian-quiz-blocks,radio,,MVC;PS1,needs-answer,,
1833,10658,64700,multiple-choice,single,obsidian-quiz-blocks,radio,,MVC;PS1,needs-answer,,
1834,11118,34619,multiple-choice,single,obsidian-quiz-blocks,radio,,MVC;PS1,needs-answer,,
1834,11118,34319,multiple-choice,single,obsidian-quiz-blocks,radio,,MVC;PS1,needs-answer,,
1834,11121,34624,multiple-choice,single,obsidian-quiz-blocks,radio,,MVC;PS1,needs-answer,,
1834,11121,64839,multiple-choice,single,obsidian-quiz-blocks,radio,,MVC;PS1,needs-answer,,
1834,11123,98849,multiple-choice,single,obsidian-quiz-blocks,radio,,MVC;PS1,needs-answer,,
1834,11123,35234,multiple-choice,single,obsidian-quiz-blocks,radio,,MVC;PS1,needs-answer,,
1836,45443,34335,multiple-choice,single,obsidian-quiz-blocks,radio,,MVC;PS1,needs-answer,,
1836,45443,64764,multiple-choice,single,obsidian-quiz-blocks,radio,,MVC;PS1,needs-answer,,
1836,45447,34202,multiple-choice,single,obsidian-quiz-blocks,radio,,MVC;PS1,needs-answer,,
1836,45447,34156,multiple-choice,single,obsidian-quiz-blocks,radio,,MVC;PS1,needs-answer,,
1836,45507,165243,multiple-choice,single,obsidian-quiz-blocks,radio,,MVC;PS1,needs-answer,,
1836,45507,64770,multiple-choice,single,obsidian-quiz-blocks,radio,,MVC;PS1,needs-answer,,
1837,10287,33862,multiple-choice,single,obsidian-quiz-blocks,radio,,MVC;PS1,needs-answer,,
1837,10287,33728,multiple-choice,single,obsidian-quiz-blocks,radio,,MVC;PS1,needs-answer,,
1837,10290,77065,multiple-choice,single,obsidian-quiz-blocks,radio,,MVC;PS1,needs-answer,,
1837,10290,77066,multiple-choice,single,obsidian-quiz-blocks,radio,,MVC;PS1,needs-answer,,
1837,23668,33759,multiple-choice,single,obsidian-quiz-blocks,radio,,MVC;PS1,needs-answer,,
1837,23668,33779,multiple-choice,single,obsidian-quiz-blocks,radio,,MVC;PS1,needs-answer,,
1838,10295,33957,multiple-choice,single,obsidian-quiz-blocks,radio,,MVC;PS1,needs-answer,,
1838,10295,33860,multiple-choice,single,obsidian-quiz-blocks,radio,,MVC;PS1,needs-answer,,
1838,10298,33980,multiple-choice,single,obsidian-quiz-blocks,radio,,MVC;PS1,needs-answer,,
1838,10298,33974,multiple-choice,single,obsidian-quiz-blocks,radio,,MVC;PS1,needs-answer,,
1838,10301,34666,multiple-choice,single,obsidian-quiz-blocks,radio,,MVC;PS1,needs-answer,,
1838,10301,33861,multiple-choice,single,obsidian-quiz-blocks,radio,,MVC;PS1,needs-answer,,
1839,11440,34956,multiple-choice,single,obsidian-quiz-blocks,radio,,MVC;PS1,needs-answer,,
1839,11440,64901,multiple-choice,single,obsidian-quiz-blocks,radio,,MVC;PS1,needs-answer,,
1839,11445,34549,multiple-choice,single,obsidian-quiz-blocks,radio,,MVC;PS1,needs-answer,,
1839,11445,35190,multiple-choice,single,obsidian-quiz-blocks,radio,,MVC;PS1,needs-answer,,
1839,11449,34544,multiple-choice,single,obsidian-quiz-blocks,radio,,MVC;PS1,needs-answer,,
1839,11449,35199,multiple-choice,single,obsidian-quiz-blocks,radio,,MVC;PS1,needs-answer,,
1843,30683,93929,multiple-choice,single,obsidian-quiz-blocks,radio,,MF3;PAS;PS1,needs-answer,,
1843,30683,94236,multiple-choice,single,obsidian-quiz-blocks,radio,,MF3;PAS;PS1,needs-answer,,
1843,30684,94290,multiple-choice,single,obsidian-quiz-blocks,radio,,MF3;PAS;PS1,needs-answer,,
1843,30684,93938,multiple-choice,single,obsidian-quiz-blocks,radio,,MF3;PAS;PS1,needs-answer,,
1843,30685,93939,multiple-choice,single,obsidian-quiz-blocks,radio,,MF3;PAS;PS1,needs-answer,,
1843,30685,94319,multiple-choice,single,obsidian-quiz-blocks,radio,,MF3;PAS;PS1,needs-answer,,
1845,603820,343826,free-response,single,,,,,,,
1845,603820,343829,free-response,single,,,,,,,
1845,603825,343714,multiple-choice,single,obsidian-quiz-blocks,radio,e,DEQ;PS1,converted-and-verified,manual,label
1845,603825,343717,multiple-choice,single,obsidian-quiz-blocks,radio,,DEQ;PS1,needs-answer,,
1845,603828,345012,free-response,single,,,,,,,
1845,603828,345014,free-response,single,,,,,,,
1845,603828,345015,free-response,single,,,,,,,
1845,603832,343786,multiple-choice,single,obsidian-quiz-blocks,radio,,DEQ;PS1,needs-answer,,
1845,603832,343807,multiple-choice,single,obsidian-quiz-blocks,radio,,DEQ;PS1,needs-answer,,
1845,603832,343948,multiple-choice,single,obsidian-quiz-blocks,radio,,DEQ;PS1,needs-answer,,
1849,17447,35097,multiple-choice,single,obsidian-quiz-blocks,radio,,LAL;MML;PS1,needs-answer,,
1849,17447,35138,multiple-choice,single,obsidian-quiz-blocks,radio,,LAL;MML;PS1,needs-answer,,
1849,17448,35133,multiple-choice,single,obsidian-quiz-blocks,radio,,LAL;MML;PS1,needs-answer,,
1849,17448,34223,multiple-choice,single,obsidian-quiz-blocks,radio,,LAL;MML;PS1,needs-answer,,
1849,17450,35131,multiple-choice,single,obsidian-quiz-blocks,radio,,LAL;MML;PS1,needs-answer,,
1849,17450,34227,multiple-choice,single,obsidian-quiz-blocks,radio,,LAL;MML;PS1,needs-answer,,
1849,17451,35141,multiple-choice,single,obsidian-quiz-blocks,radio,,LAL;MML;PS1,needs-answer,,
1849,17451,35129,multiple-choice,single,obsidian-quiz-blocks,radio,,LAL;MML;PS1,needs-answer,,
1850,17491,34258,multiple-choice,single,obsidian-quiz-blocks,radio,,LAL;MML;PS1,needs-answer,,
1850,17491,34499,multiple-choice,single,obsidian-quiz-blocks,radio,,LAL;MML;PS1,needs-answer,,
1850,17494,74080,multiple-choice,single,obsidian-quiz-blocks,radio,,LAL;MML;PS1,needs-answer,,
1850,17494,34260,multiple-choice,single,obsidian-quiz-blocks,radio,,LAL;MML;PS1,needs-answer,,
1850,23239,35567,multiple-choice,single,obsidian-quiz-blocks,radio,,LAL;MML;PS1,needs-answer,,
1850,23239,35568,multiple-choice,single,obsidian-quiz-blocks,radio,,LAL;MML;PS1,needs-answer,,
1851,17458,34249,multiple-choice,single,obsidian-quiz-blocks,radio,,LAL;MML;PS1,needs-answer,,
1851,17458,34250,multiple-choice,single,obsidian-quiz-blocks,radio,,LAL;MML;PS1,needs-answer,,
1851,17460,34574,multiple-choice,single,obsidian-quiz-blocks,radio,,LAL;MML;PS1,needs-answer,,
1851,17460,34248,multiple-choice,single,obsidian-quiz-blocks,radio,,LAL;MML;PS1,needs-answer,,
1851,17464,34568,multiple-choice,single,obsidian-quiz-blocks,radio,,LAL;MML;PS1,needs-answer,,
1851,17464,34054,multiple-choice,single,obsidian-quiz-blocks,radio,,LAL;MML;PS1,needs-answer,,
1851,23175,34566,multiple-choice,single,obsidian-quiz-blocks,radio,,LAL;MML;PS1,needs-answer,,
1851,23175,34243,multiple-choice,single,obsidian-quiz-blocks,radio,,LAL;MML;PS1,needs-answer,,
1852,17471,34205,multiple-choice,single,obsidian-quiz-blocks,radio,,LAL;MML;PS1,needs-answer,,
1852,17471,34635,multiple-choice,single,obsidian-quiz-blocks,radio,,LAL;MML;PS1,needs-answer,,
1852,17478,34211,multiple-choice,single,obsidian-quiz-blocks,radio,,LAL;MML;PS1,needs-answer,,
1852,17478,34207,multiple-choice,single,obsidian-quiz-blocks,radio,,LAL;MML;PS1,needs-answer,,
1852,23264,34060,multiple-choice,single,obsidian-quiz-blocks,radio,,LAL;MML;PS1,needs-answer,,
1852,23264,74560,multiple-choice,single,obsidian-quiz-blocks,radio,,LAL;MML;PS1,needs-answer,,
1853,41646,155956,multiple-choice,single,obsidian-quiz-blocks,radio,,LAL;MML;PS1,needs-answer,,
1853,41646,156607,multiple-choice,single,obsidian-quiz-blocks,radio,,LAL;MML;PS1,needs-answer,,
1853,41660,156679,multiple-choice,single,obsidian-quiz-blocks,radio,,LAL;MML;PS1,needs-answer,,
1853,41660,155957,multiple-choice,single,obsidian-quiz-blocks,radio,,LAL;MML;PS1,needs-answer,,
1853,41667,156719,multiple-choice,single,obsidian-quiz-blocks,radio,,LAL;MML;PS1,needs-answer,,
1853,41667,156685,multiple-choice,single,obsidian-quiz-blocks,radio,,LAL;MML;PS1,needs-answer,,
1854,17498,34390,multiple-choice,single,obsidian-quiz-blocks,radio,,LAL;MML;PS1,needs-answer,,
1854,17498,34331,multiple-choice,single,obsidian-quiz-blocks,radio,,LAL;MML;PS1,needs-answer,,
1854,17500,34386,multiple-choice,single,obsidian-quiz-blocks,radio,,LAL;MML;PS1,needs-answer,,
1854,17500,34948,multiple-choice,single,obsidian-quiz-blocks,radio,,LAL;MML;PS1,needs-answer,,
1854,17502,34951,multiple-choice,single,obsidian-quiz-blocks,radio,,LAL;MML;PS1,needs-answer,,
1854,17502,34333,multiple-choice,single,obsidian-quiz-blocks,radio,,LAL;MML;PS1,needs-answer,,
1855,17505,74723,multiple-choice,single,obsidian-quiz-blocks,radio,,LAL;MML;PS1,needs-answer,,
1855,17505,74724,multiple-choice,single,obsidian-quiz-blocks,radio,,LAL;MML;PS1,needs-answer,,
1855,23379,35694,multiple-choice,single,obsidian-quiz-blocks,radio,,LAL;MML;PS1,needs-answer,,
1855,23379,34464,multiple-choice,single,obsidian-quiz-blocks,radio,,LAL;MML;PS1,needs-answer,,
1855,23547,75588,multiple-choice,single,obsidian-quiz-blocks,radio,,LAL;MML;PS1,needs-answer,,
1855,23547,75580,multiple-choice,single,obsidian-quiz-blocks,radio,,LAL;MML;PS1,needs-answer,,
1856,17509,34423,multiple-choice,single,obsidian-quiz-blocks,radio,,LAL;MML;PS1,needs-answer,,
1856,17509,34522,multiple-choice,single,obsidian-quiz-blocks,radio,,LAL;MML;PS1,needs-answer,,
1856,17510,35529,multiple-choice,single,obsidian-quiz-blocks,radio,,LAL;MML;PS1,needs-answer,,
1856,17510,35460,multiple-choice,single,obsidian-quiz-blocks,radio,,LAL;MML;PS1,needs-answer,,
1856,17511,35503,multiple-choice,single,obsidian-quiz-blocks,radio,,LAL;MML;PS1,needs-answer,,
1856,17511,35450,multiple-choice,single,obsidian-quiz-blocks,radio,,LAL;MML;PS1,needs-answer,,
1856,17512,35532,multiple-choice,single,obsidian-quiz-blocks,radio,,LAL;MML;PS1,needs-answer,,
1856,17512,35533,multiple-choice,single,obsidian-quiz-blocks,radio,,LAL;MML;PS1,needs-answer,,
1861,41354,34289,multiple-choice,single,obsidian-quiz-blocks,radio,,LAL;MML;PS1,needs-answer,,
1861,41354,34291,multiple-choice,single,obsidian-quiz-blocks,radio,,LAL;MML;PS1,needs-answer,,
1861,41359,155967,multiple-choice,single,obsidian-quiz-blocks,radio,,LAL;MML;PS1,needs-answer,,
1861,41359,156591,multiple-choice,single,obsidian-quiz-blocks,radio,,LAL;MML;PS1,needs-answer,,
1861,41359,155965,multiple-choice,single,obsidian-quiz-blocks,radio,,LAL;MML;PS1,needs-answer,,
1861,41362,34273,multiple-choice,single,obsidian-quiz-blocks,radio,,LAL;MML;PS1,needs-answer,,
1861,41362,34153,multiple-choice,single,obsidian-quiz-blocks,radio,,LAL;MML;PS1,needs-answer,,
1864,17514,35232,multiple-choice,single,obsidian-quiz-blocks,radio,,LAL;MML;PS1,needs-answer,,
1864,17514,35239,multiple-choice,single,obsidian-quiz-blocks,radio,,LAL;MML;PS1,needs-answer,,
1864,17515,35233,multiple-choice,single,obsidian-quiz-blocks,radio,,LAL;MML;PS1,needs-answer,,
1864,17515,34617,multiple-choice,single,obsidian-quiz-blocks,radio,,LAL;MML;PS1,needs-answer,,
1864,17516,34764,multiple-choice,single,obsidian-quiz-blocks,radio,,LAL;MML;PS1,needs-answer,,
1864,17516,34762,multiple-choice,single,obsidian-quiz-blocks,radio,,LAL;MML;PS1,needs-answer,,
1864,23612,75845,multiple-choice,single,obsidian-quiz-blocks,radio,,LAL;MML;PS1,needs-answer,,
1864,23612,75844,multiple-choice,single,obsidian-quiz-blocks,radio,,LAL;MML;PS1,needs-answer,,
1865,17519,35258,multiple-choice,single,obsidian-quiz-blocks,radio,,LAL;MML;PS1,needs-answer,,
1865,17519,34769,multiple-choice,single,obsidian-quiz-blocks,radio,,LAL;MML;PS1,needs-answer,,
1865,17520,34772,multiple-choice,single,obsidian-quiz-blocks,radio,,LAL;MML;PS1,needs-answer,,
1865,17520,34770,multiple-choice,single,obsidian-quiz-blocks,radio,,LAL;MML;PS1,needs-answer,,
1865,17521,80635,multiple-choice,single,obsidian-quiz-blocks,radio,,LAL;MML;PS1,needs-answer,,
1865,17521,34771,multiple-choice,single,obsidian-quiz-blocks,radio,,LAL;MML;PS1,needs-answer,,
1866,19971,79149,multiple-choice,single,obsidian-quiz-blocks,radio,,LAL;MML;PS1,needs-answer,,
1866,19971,79143,multiple-choice,single,obsidian-quiz-blocks,radio,,LAL;MML;PS1,needs-answer,,
1866,19972,34811,multiple-choice,single,obsidian-quiz-blocks,radio,,LAL;MML;PS1,needs-answer,,
1866,19972,34854,multiple-choice,single,obsidian-quiz-blocks,radio,,LAL;MML;PS1,needs-answer,,
1867,19978,34806,multiple-choice,single,obsidian-quiz-blocks,radio,,LAL;MML;PS1,needs-answer,,
1867,19978,34825,multiple-choice,single,obsidian-quiz-blocks,radio,,LAL;MML;PS1,needs-answer,,
1867,19980,34807,multiple-choice,single,obsidian-quiz-blocks,radio,,LAL;MML;PS1,needs-answer,,
1867,19980,35270,multiple-choice,single,obsidian-quiz-blocks,radio,,LAL;MML;PS1,needs-answer,,
1867,19981,35278,multiple-choice,single,obsidian-quiz-blocks,radio,,LAL;MML;PS1,needs-answer,,
1867,19981,35290,multiple-choice,single,obsidian-quiz-blocks,radio,,LAL;MML;PS1,needs-answer,,
1868,19983,34900,multiple-choice,single,obsidian-quiz-blocks,radio,,LAL;MML;PS1,needs-answer,,
1868,19983,79196,multiple-choice,single,obsidian-quiz-blocks,radio,,LAL;MML;PS1,needs-answer,,
1868,19985,35349,multiple-choice,single,obsidian-quiz-blocks,radio,,LAL;MML;PS1,needs-answer,,
1868,19985,34904,multiple-choice,single,obsidian-quiz-blocks,radio,,LAL;MML;PS1,needs-answer,,
1868,19987,34974,multiple-choice,single,obsidian-quiz-blocks,radio,,LAL;MML;PS1,needs-answer,,
1868,19987,35345,multiple-choice,single,obsidian-quiz-blocks,radio,,LAL;MML;PS1,needs-answer,,
1869,19991,34834,multiple-choice,single,obsidian-quiz-blocks,radio,,LAL;MML;PS1,needs-answer,,
1869,19991,34936,multiple-choice,single,obsidian-quiz-blocks,radio,,LAL;MML;PS1,needs-answer,,
1869,37508,47586,multiple-choice,single,obsidian-quiz-blocks,radio,,LAL;MML;PS1,needs-answer,,
1869,37508,47599,multiple-choice,single,obsidian-quiz-blocks,radio,,LAL;MML;PS1,needs-answer,,
1869,37509,140766,multiple-choice,single,obsidian-quiz-blocks,radio,,LAL;MML;PS1,needs-answer,,
1869,37509,141343,multiple-choice,single,obsidian-quiz-blocks,radio,,LAL;MML;PS1,needs-answer,,
1892,19458,164232,multiple-choice,single,obsidian-quiz-blocks,radio,,MML;MVC;PS1,needs-answer,,
1892,19458,36465,multiple-choice,single,obsidian-quiz-blocks,radio,,MML;MVC;PS1,needs-answer,,
1892,22380,35409,multiple-choice,single,obsidian-quiz-blocks,radio,,MML;MVC;PS1,needs-answer,,
1892,22380,35410,multiple-choice,single,obsidian-quiz-blocks,radio,,MML;MVC;PS1,needs-answer,,
1892,45274,164234,multiple-choice,single,obsidian-quiz-blocks,radio,,MML;MVC;PS1,needs-answer,,
1892,45274,164233,multiple-choice,single,obsidian-quiz-blocks,radio,,MML;MVC;PS1,needs-answer,,
1892,45274,35429,multiple-choice,single,obsidian-quiz-blocks,radio,,MML;MVC;PS1,needs-answer,,
1893,19461,35701,multiple-choice,single,obsidian-quiz-blocks,radio,,MML;MVC;PS1,needs-answer,,
1893,19461,35927,multiple-choice,single,obsidian-quiz-blocks,radio,,MML;MVC;PS1,needs-answer,,
1893,19461,73856,multiple-choice,single,obsidian-quiz-blocks,radio,,MML;MVC;PS1,needs-answer,,
1893,19466,35557,multiple-choice,single,obsidian-quiz-blocks,radio,,MML;MVC;PS1,needs-answer,,
1893,19466,35705,multiple-choice,single,obsidian-quiz-blocks,radio,,MML;MVC;PS1,needs-answer,,
1893,22414,35844,multiple-choice,single,obsidian-quiz-blocks,radio,,MML;MVC;PS1,needs-answer,,
1893,22414,35703,multiple-choice,single,obsidian-quiz-blocks,radio,,MML;MVC;PS1,needs-answer,,
1894,30716,94081,multiple-choice,single,obsidian-quiz-blocks,radio,,MML;MVC;PS1,needs-answer,,
1894,30716,94082,multiple-choice,single,obsidian-quiz-blocks,radio,,MML;MVC;PS1,needs-answer,,
1894,30717,35596,multiple-choice,single,obsidian-quiz-blocks,radio,,MML;MVC;PS1,needs-answer,,
1894,30717,35620,multiple-choice,single,obsidian-quiz-blocks,radio,,MML;MVC;PS1,needs-answer,,
1895,30778,164350,multiple-choice,single,obsidian-quiz-blocks,radio,,MML;MVC;PS1,needs-answer,,
1895,30778,35569,multiple-choice,single,obsidian-quiz-blocks,radio,,MML;MVC;PS1,needs-answer,,
1895,30781,35355,multiple-choice,single,obsidian-quiz-blocks,radio,,MML;MVC;PS1,needs-answer,,
1895,30781,35363,multiple-choice,single,obsidian-quiz-blocks,radio,,MML;MVC;PS1,needs-answer,,
1896,19455,35509,multiple-choice,single,obsidian-quiz-blocks,radio,e,MML;MVC;PS1,converted-and-verified,manual,label
1896,19455,73214,multiple-choice,single,obsidian-quiz-blocks,radio,d,MML;MVC;PS1,converted-and-verified,manual,label
1896,19631,70560,multiple-choice,single,obsidian-quiz-blocks,radio,a,MML;MVC;PS1,converted-and-verified,manual,label
1896,19631,70563,multiple-choice,single,obsidian-quiz-blocks,radio,d,MML;MVC;PS1,converted-and-verified,manual,label
1896,19632,70927,multiple-choice,single,obsidian-quiz-blocks,radio,a,MML;MVC;PS1,converted-and-verified,manual,label
1896,19632,35526,multiple-choice,single,obsidian-quiz-blocks,radio,a,MML;MVC;PS1,converted-and-verified,manual,label
1896,19632,70488,multiple-choice,single,obsidian-quiz-blocks,radio,d,MML;MVC;PS1,converted-and-verified,manual,label
1896,45268,164186,multiple-choice,single,obsidian-quiz-blocks,radio,d,MML;MVC;PS1,converted-and-verified,manual,label
1896,45268,35518,multiple-choice,single,obsidian-quiz-blocks,radio,d,MML;MVC;PS1,converted-and-verified,manual,label
1898,31030,36015,multiple-choice,single,obsidian-quiz-blocks,radio,,MML;MVC;PS1,needs-answer,,
1898,31030,164554,multiple-choice,single,obsidian-quiz-blocks,radio,,MML;MVC;PS1,needs-answer,,
1898,45294,164361,multiple-choice,single,obsidian-quiz-blocks,radio,,MML;MVC;PS1,needs-answer,,
1898,45294,164372,multiple-choice,single,obsidian-quiz-blocks,radio,,MML;MVC;PS1,needs-answer,,
1898,45300,164373,multiple-choice,single,obsidian-quiz-blocks,radio,,MML;MVC;PS1,needs-answer,,
1898,45300,164546,multiple-choice,single,obsidian-quiz-blocks,radio,,MML;MVC;PS1,needs-answer,,
1899,41879,158182,multiple-choice,single,obsidian-quiz-blocks,radio,d,MVC;MML;PS1,converted-and-verified,manual,label
1899,41879,158177,multiple-choice,single,obsidian-quiz-blocks,radio,b,MVC;MML;PS1,converted-and-verified,manual,label
1899,41882,158197,multiple-choice,single,obsidian-quiz-blocks,radio,e,MVC;MML;PS1,converted-and-verified,image-id,answer-image-id-1
1899,41882,158195,multiple-choice,single,obsidian-quiz-blocks,radio,c,MVC;MML;PS1,converted-and-verified,image-id,answer-image-id-1
1899,41882,158203,multiple-choice,single,obsidian-quiz-blocks,radio,e,MVC;MML;PS1,converted-and-verified,image-id,answer-image-id-1
1899,41892,158245,multiple-choice,single,obsidian-quiz-blocks,radio,c,MVC;MML;PS1,converted-and-verified,manual,label
1899,41892,158243,multiple-choice,single,obsidian-quiz-blocks,radio,a,MVC;MML;PS1,converted-and-verified,manual,label
1899,41906,158438,multiple-choice,single,obsidian-quiz-blocks,radio,c,MVC;MML;PS1,converted-and-verified,manual,label
1899,41906,158180,multiple-choice,single,obsidian-quiz-blocks,radio,c,MVC;MML;PS1,converted-and-verified,manual,label
1899,41906,158181,multiple-choice,single,obsidian-quiz-blocks,radio,c,MVC;MML;PS1,converted-and-verified,manual,label
1900,15419,36829,multiple-choice,single,obsidian-quiz-blocks,radio,,MML;MVC;PS1,needs-answer,,
1900,15419,35534,multiple-choice,single,obsidian-quiz-blocks,radio,,MML;MVC;PS1,needs-answer,,
1900,15420,35520,multiple-choice,single,obsidian-quiz-blocks,radio,a,MML;MVC;PS1,converted-and-verified,image-id,answer-image-id-1
1900,15420,64908,multiple-choice,single,obsidian-quiz-blocks,radio,d,MML;MVC;PS1,converted-and-verified,image-id,answer-image-id-1
1900,22187,36434,multiple-choice,single,obsidian-quiz-blocks,radio,,MML;MVC;PS1,needs-answer,,
1900,22187,36340,multiple-choice,single,obsidian-quiz-blocks,radio,,MML;MVC;PS1,needs-answer,,
1904,17201,35729,multiple-choice,single,obsidian-quiz-blocks,radio,,LAL;MML;PS1,needs-answer,,
1904,17201,35755,multiple-choice,single,obsidian-quiz-blocks,radio,,LAL;MML;PS1,needs-answer,,
1904,17202,35391,multiple-choice,single,obsidian-quiz-blocks,radio,,LAL;MML;PS1,needs-answer,,
1904,17202,35730,multiple-choice,single,obsidian-quiz-blocks,radio,,LAL;MML;PS1,needs-answer,,
1904,17204,35459,multiple-choice,single,obsidian-quiz-blocks,radio,,LAL;MML;PS1,needs-answer,,
1904,17204,35457,multiple-choice,single,obsidian-quiz-blocks,radio,,LAL;MML;PS1,needs-answer,,
1904,17205,35734,multiple-choice,single,obsidian-quiz-blocks,radio,,LAL;MML;PS1,needs-answer,,
1904,17205,35732,multiple-choice,single,obsidian-quiz-blocks,radio,,LAL;MML;PS1,needs-answer,,
1906,17454,74700,multiple-choice,single,obsidian-quiz-blocks,radio,,LAL;MML;PS1,needs-answer,,
1906,17454,106686,multiple-choice,single,obsidian-quiz-blocks,radio,,LAL;MML;PS1,needs-answer,,
1906,30785,94740,multiple-choice,single,obsidian-quiz-blocks,radio,,LAL;MML;PS1,needs-answer,,
1906,30785,106806,multiple-choice,single,obsidian-quiz-blocks,radio,,LAL;MML;PS1,needs-answer,,
1906,37506,94655,multiple-choice,single,obsidian-quiz-blocks,radio,,LAL;MML;PS1,needs-answer,,
1906,37506,94694,multiple-choice,single,obsidian-quiz-blocks,radio,,LAL;MML;PS1,needs-answer,,
1907,17501,43773,multiple-choice,single,obsidian-quiz-blocks,radio,,LAL;PS1,needs-answer,,
1907,17501,43774,multiple-choice,single,obsidian-quiz-blocks,radio,,LAL;PS1,needs-answer,,
1907,30802,43770,multiple-choice,single,obsidian-quiz-blocks,radio,,LAL;PS1,needs-answer,,
1907,30802,43772,multiple-choice,single,obsidian-quiz-blocks,radio,,LAL;PS1,needs-answer,,
1907,30803,43768,multiple-choice,single,obsidian-quiz-blocks,radio,,LAL;PS1,needs-answer,,
1907,30803,43769,multiple-choice,single,obsidian-quiz-blocks,radio,,LAL;PS1,needs-answer,,
1908,17480,35758,multiple-choice,single,obsidian-quiz-blocks,radio,,LAL;PS1,needs-answer,,
1908,17480,35706,multiple-choice,single,obsidian-quiz-blocks,radio,,LAL;PS1,needs-answer,,
1908,17481,35751,multiple-choice,single,obsidian-quiz-blocks,radio,,LAL;PS1,needs-answer,,
1908,17481,43829,multiple-choice,single,obsidian-quiz-blocks,radio,,LAL;PS1,needs-answer,,
1908,17484,35752,multiple-choice,single,obsidian-quiz-blocks,radio,,LAL;PS1,needs-answer,,
1908,17484,35707,multiple-choice,single,obsidian-quiz-blocks,radio,,LAL;PS1,needs-answer,,
1909,17523,94866,multiple-choice,single,obsidian-quiz-blocks,radio,,LAL;PS1,needs-answer,,
1909,17523,36571,multiple-choice,single,obsidian-quiz-blocks,radio,,LAL;PS1,needs-answer,,
1909,17527,36309,multiple-choice,single,obsidian-quiz-blocks,radio,,LAL;PS1,needs-answer,,
1909,17527,34638,multiple-choice,single,obsidian-quiz-blocks,radio,,LAL;PS1,needs-answer,,
1909,30897,94851,multiple-choice,single,obsidian-quiz-blocks,radio,,LAL;PS1,needs-answer,,
1909,30897,36308,multiple-choice,single,obsidian-quiz-blocks,radio,,LAL;PS1,needs-answer,,
1910,17538,36310,multiple-choice,single,obsidian-quiz-blocks,radio,,LAL;MML;PS1,needs-answer,,
1910,17538,36484,multiple-choice,single,obsidian-quiz-blocks,radio,,LAL;MML;PS1,needs-answer,,
1910,17541,36503,multiple-choice,single,obsidian-quiz-blocks,radio,,LAL;MML;PS1,needs-answer,,
1910,17541,37154,multiple-choice,single,obsidian-quiz-blocks,radio,,LAL;MML;PS1,needs-answer,,
1910,17542,36488,multiple-choice,single,obsidian-quiz-blocks,radio,,LAL;MML;PS1,needs-answer,,
1910,17542,37160,multiple-choice,single,obsidian-quiz-blocks,radio,,LAL;MML;PS1,needs-answer,,
1910,26946,36487,multiple-choice,single,obsidian-quiz-blocks,radio,,LAL;MML;PS1,needs-answer,,
1910,26946,37224,multiple-choice,single,obsidian-quiz-blocks,radio,,LAL;MML;PS1,needs-answer,,
1920,189150,36023,multiple-choice,single,obsidian-quiz-blocks,radio,,LAL;MML;PS1,needs-answer,,
1920,189150,32753,multiple-choice,single,obsidian-quiz-blocks,radio,,LAL;MML;PS1,needs-answer,,
1920,189153,32780,multiple-choice,single,obsidian-quiz-blocks,radio,,LAL;MML;PS1,needs-answer,,
1920,189153,127045,multiple-choice,single,obsidian-quiz-blocks,radio,,LAL;MML;PS1,needs-answer,,
1920,189156,22295,multiple-choice,single,obsidian-quiz-blocks,radio,,LAL;MML;PS1,needs-answer,,
1920,189156,36026,multiple-choice,single,obsidian-quiz-blocks,radio,,LAL;MML;PS1,needs-answer,,
1920,189159,236986,free-response,multi,,,,,,,
1920,189159,236389,free-response,multi,,,,,,,
1924,602733,106661,multiple-choice,single,obsidian-quiz-blocks,radio,c,DEQ;PS1,converted-and-verified,manual,label
1924,602733,106662,multiple-choice,single,obsidian-quiz-blocks,radio,b,DEQ;PS1,converted-and-verified,manual,label
1924,602733,106663,multiple-choice,single,obsidian-quiz-blocks,radio,a,DEQ;PS1,converted-and-verified,manual,label
1924,602738,106691,multiple-choice,single,obsidian-quiz-blocks,radio,b,DEQ;PS1,converted-and-verified,manual,label
1924,602738,37376,multiple-choice,single,obsidian-quiz-blocks,radio,b,DEQ;PS1,converted-and-verified,manual,label
1924,602741,37400,multiple-choice,single,obsidian-quiz-blocks,radio,e,DEQ;PS1,converted-and-verified,manual,label
1924,602741,15370,multiple-choice,single,obsidian-quiz-blocks,radio,e,DEQ;PS1,converted-and-verified,manual,label
1924,602741,37389,multiple-choice,single,obsidian-quiz-blocks,radio,e,DEQ;PS1,converted-and-verified,manual,label
1925,24205,64958,multiple-choice,single,obsidian-quiz-blocks,radio,d,DEQ;PS1,converted-and-verified,manual,label
1925,24205,64955,multiple-choice,single,obsidian-quiz-blocks,radio,b,DEQ;PS1,converted-and-verified,manual,label
1925,24206,64995,multiple-choice,single,obsidian-quiz-blocks,radio,a,DEQ;PS1,converted-and-verified,manual,label
1925,24206,64956,multiple-choice,single,obsidian-quiz-blocks,radio,b,DEQ;PS1,converted-and-verified,manual,label
1928,17528,81394,multiple-choice,single,obsidian-quiz-blocks,radio,,LAL;MML;PS1,needs-answer,,
1928,17528,35685,multiple-choice,single,obsidian-quiz-blocks,radio,,LAL;MML;PS1,needs-answer,,
1928,17530,36400,multiple-choice,single,obsidian-quiz-blocks,radio,,LAL;MML;PS1,needs-answer,,
1928,17530,36366,multiple-choice,single,obsidian-quiz-blocks,radio,,LAL;MML;PS1,needs-answer,,
1928,17533,35793,multiple-choice,single,obsidian-quiz-blocks,radio,,LAL;MML;PS1,needs-answer,,
1928,17533,35799,multiple-choice,single,obsidian-quiz-blocks,radio,,LAL;MML;PS1,needs-answer,,
1928,17535,35805,multiple-choice,single,obsidian-quiz-blocks,radio,,LAL;MML;PS1,needs-answer,,
1928,17535,36357,multiple-choice,single,obsidian-quiz-blocks,radio,,LAL;MML;PS1,needs-answer,,
1929,41896,35709,multiple-choice,single,obsidian-quiz-blocks,radio,,MML;MVC;PS1,needs-answer,,
1929,41896,132241,multiple-choice,single,obsidian-quiz-blocks,radio,,MML;MVC;PS1,needs-answer,,
1929,41966,158412,multiple-choice,single,obsidian-quiz-blocks,radio,,MML;MVC;PS1,needs-answer,,
1929,41966,158413,multiple-choice,single,obsidian-quiz-blocks,radio,,MML;MVC;PS1,needs-answer,,
1929,41990,132257,multiple-choice,single,obsidian-quiz-blocks,radio,,MML;MVC;PS1,needs-answer,,
1929,41990,159604,multiple-choice,single,obsidian-quiz-blocks,radio,,MML;MVC;PS1,needs-answer,,
1930,41387,71882,multiple-choice,single,obsidian-quiz-blocks,radio,,MML;MVC;PS1,needs-answer,,
1930,41387,36432,multiple-choice,single,obsidian-quiz-blocks,radio,,MML;MVC;PS1,needs-answer,,
1930,41433,156152,multiple-choice,single,obsidian-quiz-blocks,radio,,MML;MVC;PS1,needs-answer,,
1930,41433,159266,multiple-choice,single,obsidian-quiz-blocks,radio,,MML;MVC;PS1,needs-answer,,
1930,41912,36403,multiple-choice,single,obsidian-quiz-blocks,radio,,MML;MVC;PS1,needs-answer,,
1930,41912,105351,multiple-choice,single,obsidian-quiz-blocks,radio,,MML;MVC;PS1,needs-answer,,
1930,41916,36409,multiple-choice,single,obsidian-quiz-blocks,radio,,MML;MVC;PS1,needs-answer,,
1930,41916,71883,multiple-choice,single,obsidian-quiz-blocks,radio,,MML;MVC;PS1,needs-answer,,
1930,41916,158302,multiple-choice,single,obsidian-quiz-blocks,radio,,MML;MVC;PS1,needs-answer,,
1931,11090,36135,multiple-choice,single,obsidian-quiz-blocks,radio,,MML;MVC;PS1,needs-answer,,
1931,11090,35952,multiple-choice,single,obsidian-quiz-blocks,radio,,MML;MVC;PS1,needs-answer,,
1931,11092,74924,multiple-choice,single,obsidian-quiz-blocks,radio,,MML;MVC;PS1,needs-answer,,
1931,11092,74898,multiple-choice,single,obsidian-quiz-blocks,radio,,MML;MVC;PS1,needs-answer,,
1931,11197,74903,multiple-choice,single,obsidian-quiz-blocks,radio,,MML;MVC;PS1,needs-answer,,
1931,11197,35953,multiple-choice,single,obsidian-quiz-blocks,radio,,MML;MVC;PS1,needs-answer,,
1931,23425,74901,multiple-choice,single,obsidian-quiz-blocks,radio,,MML;MVC;PS1,needs-answer,,
1931,23425,74954,multiple-choice,single,obsidian-quiz-blocks,radio,,MML;MVC;PS1,needs-answer,,
1932,11426,36481,multiple-choice,single,obsidian-quiz-blocks,radio,,MML;MVC;PS1,needs-answer,,
1932,11426,36623,multiple-choice,single,obsidian-quiz-blocks,radio,,MML;MVC;PS1,needs-answer,,
1932,11429,36522,multiple-choice,single,obsidian-quiz-blocks,radio,,MML;MVC;PS1,needs-answer,,
1932,11429,36504,multiple-choice,single,obsidian-quiz-blocks,radio,,MML;MVC;PS1,needs-answer,,
1932,22675,36527,multiple-choice,single,obsidian-quiz-blocks,radio,,MML;MVC;PS1,needs-answer,,
1932,22675,65252,multiple-choice,single,obsidian-quiz-blocks,radio,,MML;MVC;PS1,needs-answer,,
1933,10559,65057,multiple-choice,single,obsidian-quiz-blocks,radio,,MML;MVC;PS1,needs-answer,,
1933,10559,35947,multiple-choice,single,obsidian-quiz-blocks,radio,,MML;MVC;PS1,needs-answer,,
1933,10563,36014,multiple-choice,single,obsidian-quiz-blocks,radio,,MML;MVC;PS1,needs-answer,,
1933,10563,35936,multiple-choice,single,obsidian-quiz-blocks,radio,,MML;MVC;PS1,needs-answer,,
1933,10567,36019,multiple-choice,single,obsidian-quiz-blocks,radio,,MML;MVC;PS1,needs-answer,,
1933,10567,35969,multiple-choice,single,obsidian-quiz-blocks,radio,,MML;MVC;PS1,needs-answer,,
1934,10571,35990,multiple-choice,single,obsidian-quiz-blocks,radio,,MML;MVC;PS1,needs-answer,,
1934,10571,35988,multiple-choice,single,obsidian-quiz-blocks,radio,,MML;MVC;PS1,needs-answer,,
1934,10575,36918,multiple-choice,single,obsidian-quiz-blocks,radio,,MML;MVC;PS1,needs-answer,,
1934,10575,36968,multiple-choice,single,obsidian-quiz-blocks,radio,,MML;MVC;PS1,needs-answer,,
1934,10578,36970,multiple-choice,single,obsidian-quiz-blocks,radio,,MML;MVC;PS1,needs-answer,,
1934,10578,35995,multiple-choice,single,obsidian-quiz-blocks,radio,,MML;MVC;PS1,needs-answer,,
1934,10701,37466,multiple-choice,single,obsidian-quiz-blocks,radio,,MML;MVC;PS1,needs-answer,,
1934,10701,36144,multiple-choice,single,obsidian-quiz-blocks,radio,,MML;MVC;PS1,needs-answer,,
1936,12678,95056,multiple-choice,single,obsidian-quiz-blocks,radio,,MML;MVC;PS1,needs-answer,,
1936,12678,36211,multiple-choice,single,obsidian-quiz-blocks,radio,,MML;MVC;PS1,needs-answer,,
1936,12682,95075,multiple-choice,single,obsidian-quiz-blocks,radio,,MML;MVC;PS1,needs-answer,,
1936,12682,36238,multiple-choice,single,obsidian-quiz-blocks,radio,,MML;MVC;PS1,needs-answer,,
1936,12684,36247,multiple-choice,single,obsidian-quiz-blocks,radio,,MML;MVC;PS1,needs-answer,,
1936,12684,36253,multiple-choice,single,obsidian-quiz-blocks,radio,,MML;MVC;PS1,needs-answer,,
1936,30936,94872,multiple-choice,single,obsidian-quiz-blocks,radio,,MML;MVC;PS1,needs-answer,,
1936,30936,36215,multiple-choice,single,obsidian-quiz-blocks,radio,,MML;MVC;PS1,needs-answer,,
1937,10796,36747,multiple-choice,single,obsidian-quiz-blocks,radio,,MML;MVC;PS1,needs-answer,,
1937,10796,36746,multiple-choice,single,obsidian-quiz-blocks,radio,,MML;MVC;PS1,needs-answer,,
1937,32184,97876,multiple-choice,single,obsidian-quiz-blocks,radio,,MML;MVC;PS1,needs-answer,,
1937,32184,97878,multiple-choice,single,obsidian-quiz-blocks,radio,,MML;MVC;PS1,needs-answer,,
1937,32300,97877,multiple-choice,single,obsidian-quiz-blocks,radio,,MML;MVC;PS1,needs-answer,,
1937,32300,97879,multiple-choice,single,obsidian-quiz-blocks,radio,,MML;MVC;PS1,needs-answer,,
1938,11246,37077,multiple-choice,single,obsidian-quiz-blocks,radio,,MML;MVC;PS1,needs-answer,,
1938,11246,36273,multiple-choice,single,obsidian-quiz-blocks,radio,,MML;MVC;PS1,needs-answer,,
1938,11257,36305,multiple-choice,single,obsidian-quiz-blocks,radio,,MML;MVC;PS1,needs-answer,,
1938,11257,36293,multiple-choice,single,obsidian-quiz-blocks,radio,,MML;MVC;PS1,needs-answer,,
1938,11260,37074,multiple-choice,single,obsidian-quiz-blocks,radio,,MML;MVC;PS1,needs-answer,,
1938,11260,36297,multiple-choice,single,obsidian-quiz-blocks,radio,,MML;MVC;PS1,needs-answer,,
1939,11376,36311,multiple-choice,single,obsidian-quiz-blocks,radio,,MML;MVC;PS1,needs-answer,,
1939,11376,36378,multiple-choice,single,obsidian-quiz-blocks,radio,,MML;MVC;PS1,needs-answer,,
1939,11379,36339,multiple-choice,single,obsidian-quiz-blocks,radio,,MML;MVC;PS1,needs-answer,,
1939,11379,65173,multiple-choice,single,obsidian-quiz-blocks,radio,,MML;MVC;PS1,needs-answer,,
1939,11384,37570,multiple-choice,single,obsidian-quiz-blocks,radio,,MML;MVC;PS1,needs-answer,,
1939,11384,65167,multiple-choice,single,obsidian-quiz-blocks,radio,,MML;MVC;PS1,needs-answer,,
1939,11387,37515,multiple-choice,single,obsidian-quiz-blocks,radio,,MML;MVC;PS1,needs-answer,,
1939,11387,36343,multiple-choice,single,obsidian-quiz-blocks,radio,,MML;MVC;PS1,needs-answer,,
1940,11185,37517,multiple-choice,single,obsidian-quiz-blocks,radio,,MVC;PS1,needs-answer,,
1940,11185,36383,multiple-choice,single,obsidian-quiz-blocks,radio,,MVC;PS1,needs-answer,,
1940,11189,65204,multiple-choice,single,obsidian-quiz-blocks,radio,,MVC;PS1,needs-answer,,
1940,11189,36391,multiple-choice,single,obsidian-quiz-blocks,radio,,MVC;PS1,needs-answer,,
1940,11192,65208,multiple-choice,single,obsidian-quiz-blocks,radio,,MVC;PS1,needs-answer,,
1940,11192,36332,multiple-choice,single,obsidian-quiz-blocks,radio,,MVC;PS1,needs-answer,,
1941,31981,36834,multiple-choice,single,obsidian-quiz-blocks,radio,,MVC;PS1,needs-answer,,
1941,31981,106084,multiple-choice,single,obsidian-quiz-blocks,radio,,MVC;PS1,needs-answer,,
1941,31982,98118,multiple-choice,single,obsidian-quiz-blocks,radio,,MVC;PS1,needs-answer,,
1941,31982,106583,multiple-choice,single,obsidian-quiz-blocks,radio,,MVC;PS1,needs-answer,,
1941,32303,98116,multiple-choice,single,obsidian-quiz-blocks,radio,,MVC;PS1,needs-answer,,
1941,32303,98117,multiple-choice,single,obsidian-quiz-blocks,radio,,MVC;PS1,needs-answer,,
1942,30976,37192,multiple-choice,single,obsidian-quiz-blocks,radio,,MVC;PS2,needs-answer,,
1942,30976,37196,multiple-choice,single,obsidian-quiz-blocks,radio,,MVC;PS2,needs-answer,,
1942,30977,37186,multiple-choice,single,obsidian-quiz-blocks,radio,,MVC;PS2,needs-answer,,
1942,30977,95001,multiple-choice,single,obsidian-quiz-blocks,radio,,MVC;PS2,needs-answer,,
1942,30979,94770,multiple-choice,single,obsidian-quiz-blocks,radio,,MVC;PS2,needs-answer,,
1942,30979,95047,multiple-choice,single,obsidian-quiz-blocks,radio,,MVC;PS2,needs-answer,,
1944,45415,36622,multiple-choice,single,obsidian-quiz-blocks,radio,,MML;MVC;PS2,needs-answer,,
1944,45415,36635,multiple-choice,single,obsidian-quiz-blocks,radio,,MML;MVC;PS2,needs-answer,,
1944,45420,37378,multiple-choice,single,obsidian-quiz-blocks,radio,,MML;MVC;PS2,needs-answer,,
1944,45420,37588,multiple-choice,single,obsidian-quiz-blocks,radio,,MML;MVC;PS2,needs-answer,,
1944,45423,37592,multiple-choice,single,obsidian-quiz-blocks,radio,,MML;MVC;PS2,needs-answer,,
1944,45423,37590,multiple-choice,single,obsidian-quiz-blocks,radio,,MML;MVC;PS2,needs-answer,,
1945,25918,163722,multiple-choice,single,obsidian-quiz-blocks,radio,,MML;MVC;PS2,needs-answer,,
1945,25918,163723,multiple-choice,single,obsidian-quiz-blocks,radio,,MML;MVC;PS2,needs-answer,,
1945,44845,162705,multiple-choice,single,obsidian-quiz-blocks,radio,,MML;MVC;PS2,needs-answer,,
1945,44845,162706,multiple-choice,single,obsidian-quiz-blocks,radio,,MML;MVC;PS2,needs-answer,,
1945,44846,162743,multiple-choice,single,obsidian-quiz-blocks,radio,,MML;MVC;PS2,needs-answer,,
1945,44846,162747,multiple-choice,single,obsidian-quiz-blocks,radio,,MML;MVC;PS2,needs-answer,,
1945,44871,163721,multiple-choice,single,obsidian-quiz-blocks,radio,,MML;MVC;PS2,needs-answer,,
1945,44871,163787,multiple-choice,single,obsidian-quiz-blocks,radio,,MML;MVC;PS2,needs-answer,,
1947,45427,37149,multiple-choice,single,obsidian-quiz-blocks,radio,,MML;MVC;PS2,needs-answer,,
1947,45427,37369,multiple-choice,single,obsidian-quiz-blocks,radio,,MML;MVC;PS2,needs-answer,,
1947,45430,37155,multiple-choice,single,obsidian-quiz-blocks,radio,,MML;MVC;PS2,needs-answer,,
1947,45430,37372,multiple-choice,single,obsidian-quiz-blocks,radio,,MML;MVC;PS2,needs-answer,,
1947,45434,37374,multiple-choice,single,obsidian-quiz-blocks,radio,,MML;MVC;PS2,needs-answer,,
1947,45434,37162,multiple-choice,single,obsidian-quiz-blocks,radio,,MML;MVC;PS2,needs-answer,,
1948,32291,37869,multiple-choice,single,obsidian-quiz-blocks,radio,,MML;MVC;PS2,needs-answer,,
1948,32291,162755,multiple-choice,single,obsidian-quiz-blocks,radio,,MML;MVC;PS2,needs-answer,,
1948,32291,162795,multiple-choice,single,obsidian-quiz-blocks,radio,,MML;MVC;PS2,needs-answer,,
1948,32494,99113,multiple-choice,single,obsidian-quiz-blocks,radio,,MML;MVC;PS2,needs-answer,,
1948,32494,162783,multiple-choice,single,obsidian-quiz-blocks,radio,,MML;MVC;PS2,needs-answer,,
1948,44830,99040,multiple-choice,single,obsidian-quiz-blocks,radio,,MML;MVC;PS2,needs-answer,,
1948,44830,162762,multiple-choice,single,obsidian-quiz-blocks,radio,,MML;MVC;PS2,needs-answer,,
1948,44830,162761,multiple-choice,single,obsidian-quiz-blocks,radio,,MML;MVC;PS2,needs-answer,,
1950,25383,37282,multiple-choice,single,obsidian-quiz-blocks,radio,,MVC;PS1,needs-answer,,
1950,25383,37307,multiple-choice,single,obsidian-quiz-blocks,radio,,MVC;PS1,needs-answer,,
1950,25385,37295,multiple-choice,single,obsidian-quiz-blocks,radio,,MVC;PS1,needs-answer,,
1950,25385,37308,multiple-choice,single,obsidian-quiz-blocks,radio,,MVC;PS1,needs-answer,,
1950,25516,79814,multiple-choice,single,obsidian-quiz-blocks,radio,,MVC;PS1,needs-answer,,
1950,25516,37306,multiple-choice,single,obsidian-quiz-blocks,radio,,MVC;PS1,needs-answer,,
1950,25517,79837,multiple-choice,single,obsidian-quiz-blocks,radio,,MVC;PS1,needs-answer,,
1950,25517,37281,multiple-choice,single,obsidian-quiz-blocks,radio,,MVC;PS1,needs-answer,,
1951,25882,35994,multiple-choice,single,obsidian-quiz-blocks,radio,,MVC;PS1,needs-answer,,
1951,25882,37346,multiple-choice,single,obsidian-quiz-blocks,radio,,MVC;PS1,needs-answer,,
1951,26444,81739,multiple-choice,single,obsidian-quiz-blocks,radio,,MVC;PS1,needs-answer,,
1951,26444,36977,multiple-choice,single,obsidian-quiz-blocks,radio,,MVC;PS1,needs-answer,,
1955,10305,36463,multiple-choice,single,obsidian-quiz-blocks,radio,,MML;MVC;PS1,needs-answer,,
1955,10305,36216,multiple-choice,single,obsidian-quiz-blocks,radio,,MML;MVC;PS1,needs-answer,,
1955,10312,36369,multiple-choice,single,obsidian-quiz-blocks,radio,,MML;MVC;PS1,needs-answer,,
1955,10312,36219,multiple-choice,single,obsidian-quiz-blocks,radio,,MML;MVC;PS1,needs-answer,,
1955,10315,36371,multiple-choice,single,obsidian-quiz-blocks,radio,,MML;MVC;PS1,needs-answer,,
1955,10315,64972,multiple-choice,single,obsidian-quiz-blocks,radio,,MML;MVC;PS1,needs-answer,,
1957,10709,65136,multiple-choice,single,obsidian-quiz-blocks,radio,,MML;MVC;PS1,needs-answer,,
1957,10709,36617,multiple-choice,single,obsidian-quiz-blocks,radio,,MML;MVC;PS1,needs-answer,,
1957,10710,36521,multiple-choice,single,obsidian-quiz-blocks,radio,,MML;MVC;PS1,needs-answer,,
1957,10710,36483,multiple-choice,single,obsidian-quiz-blocks,radio,,MML;MVC;PS1,needs-answer,,
1957,10713,36518,multiple-choice,single,obsidian-quiz-blocks,radio,,MML;MVC;PS1,needs-answer,,
1957,10713,65127,multiple-choice,single,obsidian-quiz-blocks,radio,,MML;MVC;PS1,needs-answer,,
1960,20012,38719,multiple-choice,single,obsidian-quiz-blocks,radio,,LAL;PS1,needs-answer,,
1960,20012,37826,multiple-choice,single,obsidian-quiz-blocks,radio,,LAL;PS1,needs-answer,,
1960,20013,38643,multiple-choice,single,obsidian-quiz-blocks,radio,,LAL;PS1,needs-answer,,
1960,20013,38676,multiple-choice,single,obsidian-quiz-blocks,radio,,LAL;PS1,needs-answer,,
1960,20014,37842,multiple-choice,single,obsidian-quiz-blocks,radio,,LAL;PS1,needs-answer,,
1960,20014,37825,multiple-choice,single,obsidian-quiz-blocks,radio,,LAL;PS1,needs-answer,,
1960,20406,38684,multiple-choice,single,obsidian-quiz-blocks,radio,,LAL;PS1,needs-answer,,
1960,20406,37824,multiple-choice,single,obsidian-quiz-blocks,radio,,LAL;PS1,needs-answer,,
1961,20140,38194,multiple-choice,single,obsidian-quiz-blocks,radio,,LAL;PS1,needs-answer,,
1961,20140,38188,multiple-choice,single,obsidian-quiz-blocks,radio,,LAL;PS1,needs-answer,,
1961,20141,82162,multiple-choice,single,obsidian-quiz-blocks,radio,,LAL;PS1,needs-answer,,
1961,20141,38087,multiple-choice,single,obsidian-quiz-blocks,radio,,LAL;PS1,needs-answer,,
1961,20143,38152,multiple-choice,single,obsidian-quiz-blocks,radio,,LAL;PS1,needs-answer,,
1961,20143,38919,multiple-choice,single,obsidian-quiz-blocks,radio,,LAL;PS1,needs-answer,,
1961,26810,82171,multiple-choice,single,obsidian-quiz-blocks,radio,,LAL;PS1,needs-answer,,
1961,26810,38185,multiple-choice,single,obsidian-quiz-blocks,radio,,LAL;PS1,needs-answer,,
1962,20020,38033,multiple-choice,single,obsidian-quiz-blocks,radio,,LAL;PS1,needs-answer,,
1962,20020,141484,multiple-choice,single,obsidian-quiz-blocks,radio,,LAL;PS1,needs-answer,,
1962,37610,47556,multiple-choice,single,obsidian-quiz-blocks,radio,,LAL;PS1,needs-answer,,
1962,37610,38977,multiple-choice,single,obsidian-quiz-blocks,radio,,LAL;PS1,needs-answer,,
1962,37611,141207,multiple-choice,single,obsidian-quiz-blocks,radio,,LAL;PS1,needs-answer,,
1962,37611,141449,multiple-choice,single,obsidian-quiz-blocks,radio,,LAL;PS1,needs-answer,,
1963,20016,38007,multiple-choice,single,obsidian-quiz-blocks,radio,,LAL;PS1,needs-answer,,
1963,20016,38001,multiple-choice,single,obsidian-quiz-blocks,radio,,LAL;PS1,needs-answer,,
1963,20017,40210,multiple-choice,single,obsidian-quiz-blocks,radio,,LAL;PS1,needs-answer,,
1963,20017,38005,multiple-choice,single,obsidian-quiz-blocks,radio,,LAL;PS1,needs-answer,,
1963,20424,38627,multiple-choice,single,obsidian-quiz-blocks,radio,,LAL;PS1,needs-answer,,
1963,20424,38615,multiple-choice,single,obsidian-quiz-blocks,radio,,LAL;PS1,needs-answer,,
1964,20094,36845,multiple-choice,single,obsidian-quiz-blocks,radio,,LAL;MML;PS1,needs-answer,,
1964,20094,36822,multiple-choice,single,obsidian-quiz-blocks,radio,,LAL;MML;PS1,needs-answer,,
1964,20096,36841,multiple-choice,single,obsidian-quiz-blocks,radio,,LAL;MML;PS1,needs-answer,,
1964,20096,36824,multiple-choice,single,obsidian-quiz-blocks,radio,,LAL;MML;PS1,needs-answer,,
1964,25951,37355,multiple-choice,single,obsidian-quiz-blocks,radio,,LAL;MML;PS1,needs-answer,,
1964,25951,36819,multiple-choice,single,obsidian-quiz-blocks,radio,,LAL;MML;PS1,needs-answer,,
1965,20104,37580,multiple-choice,single,obsidian-quiz-blocks,radio,,LAL;MML;PS1,needs-answer,,
1965,20104,37581,multiple-choice,single,obsidian-quiz-blocks,radio,,LAL;MML;PS1,needs-answer,,
1965,20105,36983,multiple-choice,single,obsidian-quiz-blocks,radio,,LAL;MML;PS1,needs-answer,,
1965,20105,37622,multiple-choice,single,obsidian-quiz-blocks,radio,,LAL;MML;PS1,needs-answer,,
1965,20107,36981,multiple-choice,single,obsidian-quiz-blocks,radio,,LAL;MML;PS1,needs-answer,,
1965,20107,37407,multiple-choice,single,obsidian-quiz-blocks,radio,,LAL;MML;PS1,needs-answer,,
1965,20108,36760,multiple-choice,single,obsidian-quiz-blocks,radio,,LAL;MML;PS1,needs-answer,,
1965,20108,96708,multiple-choice,single,obsidian-quiz-blocks,radio,,LAL;MML;PS1,needs-answer,,
1966,20111,37523,multiple-choice,single,obsidian-quiz-blocks,radio,,LAL;PS1,needs-answer,,
1966,20111,37423,multiple-choice,single,obsidian-quiz-blocks,radio,,LAL;PS1,needs-answer,,
1966,20113,97974,multiple-choice,single,obsidian-quiz-blocks,radio,,LAL;PS1,needs-answer,,
1966,20113,97051,multiple-choice,single,obsidian-quiz-blocks,radio,,LAL;PS1,needs-answer,,
1966,31946,47568,multiple-choice,single,obsidian-quiz-blocks,radio,,LAL;PS1,needs-answer,,
1966,31946,97961,multiple-choice,single,obsidian-quiz-blocks,radio,,LAL;PS1,needs-answer,,
1967,20154,38531,multiple-choice,single,obsidian-quiz-blocks,radio,,LAL;PS1,needs-answer,,
1967,20154,38492,multiple-choice,single,obsidian-quiz-blocks,radio,,LAL;PS1,needs-answer,,
1967,20155,38535,multiple-choice,single,obsidian-quiz-blocks,radio,,LAL;PS1,needs-answer,,
1967,20155,97587,multiple-choice,single,obsidian-quiz-blocks,radio,,LAL;PS1,needs-answer,,
1967,31941,38530,multiple-choice,single,obsidian-quiz-blocks,radio,,LAL;PS1,needs-answer,,
1967,31941,38529,multiple-choice,single,obsidian-quiz-blocks,radio,,LAL;PS1,needs-answer,,
1967,31942,38567,multiple-choice,single,obsidian-quiz-blocks,radio,,LAL;PS1,needs-answer,,
1967,31942,38846,multiple-choice,single,obsidian-quiz-blocks,radio,,LAL;PS1,needs-answer,,
1968,31838,37609,multiple-choice,single,obsidian-quiz-blocks,radio,,LAL;MML;PS1,needs-answer,,
1968,31838,37599,multiple-choice,single,obsidian-quiz-blocks,radio,,LAL;MML;PS1,needs-answer,,
1968,31842,36908,multiple-choice,single,obsidian-quiz-blocks,radio,,LAL;MML;PS1,needs-answer,,
1968,31842,37084,multiple-choice,single,obsidian-quiz-blocks,radio,,LAL;MML;PS1,needs-answer,,
1968,31845,37634,multiple-choice,single,obsidian-quiz-blocks,radio,,LAL;MML;PS1,needs-answer,,
1968,31845,37086,multiple-choice,single,obsidian-quiz-blocks,radio,,LAL;MML;PS1,needs-answer,,
1968,31848,37610,multiple-choice,single,obsidian-quiz-blocks,radio,,LAL;MML;PS1,needs-answer,,
1968,31848,37600,multiple-choice,single,obsidian-quiz-blocks,radio,,LAL;MML;PS1,needs-answer,,
1969,20122,37257,multiple-choice,single,obsidian-quiz-blocks,radio,,LAL;MML;PS1,needs-answer,,
1969,20122,37597,multiple-choice,single,obsidian-quiz-blocks,radio,,LAL;MML;PS1,needs-answer,,
1969,20124,37272,multiple-choice,single,obsidian-quiz-blocks,radio,,LAL;MML;PS1,needs-answer,,
1969,20124,37270,multiple-choice,single,obsidian-quiz-blocks,radio,,LAL;MML;PS1,needs-answer,,
1969,26234,37314,multiple-choice,single,obsidian-quiz-blocks,radio,,LAL;MML;PS1,needs-answer,,
1969,26234,37271,multiple-choice,single,obsidian-quiz-blocks,radio,,LAL;MML;PS1,needs-answer,,
1970,20126,37251,multiple-choice,single,obsidian-quiz-blocks,radio,,LAL;MML;PS1,needs-answer,,
1970,20126,37806,multiple-choice,single,obsidian-quiz-blocks,radio,,LAL;MML;PS1,needs-answer,,
1970,20127,37843,multiple-choice,single,obsidian-quiz-blocks,radio,,LAL;MML;PS1,needs-answer,,
1970,20127,37807,multiple-choice,single,obsidian-quiz-blocks,radio,,LAL;MML;PS1,needs-answer,,
1970,20128,37273,multiple-choice,single,obsidian-quiz-blocks,radio,,LAL;MML;PS1,needs-answer,,
1970,20128,37250,multiple-choice,single,obsidian-quiz-blocks,radio,,LAL;MML;PS1,needs-answer,,
1970,27129,37239,multiple-choice,single,obsidian-quiz-blocks,radio,,LAL;MML;PS1,needs-answer,,
1970,27129,37275,multiple-choice,single,obsidian-quiz-blocks,radio,,LAL;MML;PS1,needs-answer,,
1971,20130,37329,multiple-choice,single,obsidian-quiz-blocks,radio,,LAL;MML;PS1,needs-answer,,
1971,20130,37327,multiple-choice,single,obsidian-quiz-blocks,radio,,LAL;MML;PS1,needs-answer,,
1971,21531,37647,multiple-choice,single,obsidian-quiz-blocks,radio,,LAL;MML;PS1,needs-answer,,
1971,21531,37703,multiple-choice,single,obsidian-quiz-blocks,radio,,LAL;MML;PS1,needs-answer,,
1971,31599,37717,multiple-choice,single,obsidian-quiz-blocks,radio,,LAL;MML;PS1,needs-answer,,
1971,31599,37304,multiple-choice,single,obsidian-quiz-blocks,radio,,LAL;MML;PS1,needs-answer,,
1972,20135,37780,multiple-choice,single,obsidian-quiz-blocks,radio,,LAL;PS1,needs-answer,,
1972,20135,37779,multiple-choice,single,obsidian-quiz-blocks,radio,,LAL;PS1,needs-answer,,
1972,20136,38702,multiple-choice,single,obsidian-quiz-blocks,radio,,LAL;PS1,needs-answer,,
1972,20136,38723,multiple-choice,single,obsidian-quiz-blocks,radio,,LAL;PS1,needs-answer,,
1972,20138,37835,multiple-choice,single,obsidian-quiz-blocks,radio,,LAL;PS1,needs-answer,,
1972,20138,37775,multiple-choice,single,obsidian-quiz-blocks,radio,,LAL;PS1,needs-answer,,
1972,21546,38726,multiple-choice,single,obsidian-quiz-blocks,radio,,LAL;PS1,needs-answer,,
1972,21546,38720,multiple-choice,single,obsidian-quiz-blocks,radio,,LAL;PS1,needs-answer,,
1976,65157,180825,multiple-choice,single,obsidian-quiz-blocks,radio,e,LAL;MML;MOP;PS1,converted-and-verified,manual,label
1976,65157,180812,multiple-choice,single,obsidian-quiz-blocks,radio,c,LAL;MML;MOP;PS1,converted-and-verified,manual,label
1976,65160,180814,multiple-choice,single,obsidian-quiz-blocks,radio,c,LAL;MML;MOP;PS1,converted-and-verified,manual,label
1976,65160,180823,multiple-choice,single,obsidian-quiz-blocks,radio,a,LAL;MML;MOP;PS1,converted-and-verified,manual,label
1976,65160,183543,multiple-choice,single,obsidian-quiz-blocks,radio,b,LAL;MML;MOP;PS1,converted-and-verified,manual,label
1976,65165,183537,multiple-choice,single,obsidian-quiz-blocks,radio,d,LAL;MML;MOP;PS1,converted-and-verified,manual,label
1976,65165,183583,multiple-choice,single,obsidian-quiz-blocks,radio,c,LAL;MML;MOP;PS1,converted-and-verified,manual,label
1976,65165,183590,multiple-choice,single,obsidian-quiz-blocks,radio,b,LAL;MML;MOP;PS1,converted-and-verified,manual,label
1977,20100,36814,multiple-choice,single,obsidian-quiz-blocks,radio,,LAL;MML;PS1,needs-answer,,
1977,20100,36946,multiple-choice,single,obsidian-quiz-blocks,radio,,LAL;MML;PS1,needs-answer,,
1977,20101,37398,multiple-choice,single,obsidian-quiz-blocks,radio,,LAL;MML;PS1,needs-answer,,
1977,20101,37405,multiple-choice,single,obsidian-quiz-blocks,radio,,LAL;MML;PS1,needs-answer,,
1977,20102,37385,multiple-choice,single,obsidian-quiz-blocks,radio,,LAL;MML;PS1,needs-answer,,
1977,20102,36949,multiple-choice,single,obsidian-quiz-blocks,radio,,LAL;MML;PS1,needs-answer,,
1978,22163,64904,multiple-choice,single,obsidian-quiz-blocks,radio,,MML;MVC;PS1,needs-answer,,
1978,22163,36342,multiple-choice,single,obsidian-quiz-blocks,radio,,MML;MVC;PS1,needs-answer,,
1978,22164,36987,multiple-choice,single,obsidian-quiz-blocks,radio,,MML;MVC;PS1,needs-answer,,
1978,22164,36986,multiple-choice,single,obsidian-quiz-blocks,radio,,MML;MVC;PS1,needs-answer,,
1978,22180,36464,multiple-choice,single,obsidian-quiz-blocks,radio,,MML;MVC;PS1,needs-answer,,
1978,22180,36992,multiple-choice,single,obsidian-quiz-blocks,radio,,MML;MVC;PS1,needs-answer,,
1979,22590,71816,multiple-choice,single,obsidian-quiz-blocks,radio,,MML;MVC;PS1,needs-answer,,
1979,22590,71809,multiple-choice,single,obsidian-quiz-blocks,radio,a,MML;MVC;PS1,converted-and-verified,image-id,answer-image-id-1
1979,22592,71830,multiple-choice,single,obsidian-quiz-blocks,radio,,MML;MVC;PS1,needs-answer,,
1979,22592,71823,multiple-choice,single,obsidian-quiz-blocks,radio,a,MML;MVC;PS1,converted-and-verified,image-id,answer-image-id-1
1979,22594,71895,multiple-choice,single,obsidian-quiz-blocks,radio,,MML;MVC;PS1,needs-answer,,
1979,22594,71892,multiple-choice,single,obsidian-quiz-blocks,radio,,MML;MVC;PS1,needs-answer,,
1980,23118,37721,multiple-choice,single,obsidian-quiz-blocks,radio,,MML;MVC;PS1,needs-answer,,
1980,23118,37595,multiple-choice,single,obsidian-quiz-blocks,radio,,MML;MVC;PS1,needs-answer,,
1980,23123,37982,multiple-choice,single,obsidian-quiz-blocks,radio,,MML;MVC;PS1,needs-answer,,
1980,23123,37993,multiple-choice,single,obsidian-quiz-blocks,radio,,MML;MVC;PS1,needs-answer,,
1980,23135,37604,multiple-choice,single,obsidian-quiz-blocks,radio,,MML;MVC;PS1,needs-answer,,
1980,23135,73729,multiple-choice,single,obsidian-quiz-blocks,radio,,MML;MVC;PS1,needs-answer,,
1981,23284,74294,multiple-choice,single,obsidian-quiz-blocks,radio,,MVC;PS2,needs-answer,,
1981,23284,74430,multiple-choice,single,obsidian-quiz-blocks,radio,,MVC;PS2,needs-answer,,
1981,23285,74298,multiple-choice,single,obsidian-quiz-blocks,radio,,MVC;PS2,needs-answer,,
1981,23285,74297,multiple-choice,single,obsidian-quiz-blocks,radio,,MVC;PS2,needs-answer,,
1981,23286,74299,multiple-choice,single,obsidian-quiz-blocks,radio,,MVC;PS2,needs-answer,,
1981,23286,74300,multiple-choice,single,obsidian-quiz-blocks,radio,,MVC;PS2,needs-answer,,
1982,23311,74543,multiple-choice,single,obsidian-quiz-blocks,radio,,MVC;PS2,needs-answer,,
1982,23311,74320,multiple-choice,single,obsidian-quiz-blocks,radio,,MVC;PS2,needs-answer,,
1982,23312,74335,multiple-choice,single,obsidian-quiz-blocks,radio,,MVC;PS2,needs-answer,,
1982,23312,74340,multiple-choice,single,obsidian-quiz-blocks,radio,,MVC;PS2,needs-answer,,
1982,23313,74342,multiple-choice,single,obsidian-quiz-blocks,radio,,MVC;PS2,needs-answer,,
1982,23313,74341,multiple-choice,single,obsidian-quiz-blocks,radio,,MVC;PS2,needs-answer,,
1983,22705,72096,multiple-choice,single,obsidian-quiz-blocks,radio,,MML;MVC;PS1,needs-answer,,
1983,22705,72094,multiple-choice,single,obsidian-quiz-blocks,radio,,MML;MVC;PS1,needs-answer,,
1983,22710,149600,multiple-choice,single,obsidian-quiz-blocks,radio,,MML;MVC;PS1,needs-answer,,
1983,22710,149603,multiple-choice,single,obsidian-quiz-blocks,radio,,MML;MVC;PS1,needs-answer,,
1983,39727,149620,multiple-choice,single,obsidian-quiz-blocks,radio,,MML;MVC;PS1,needs-answer,,
1983,39727,149622,multiple-choice,single,obsidian-quiz-blocks,radio,,MML;MVC;PS1,needs-answer,,
1984,11204,36334,multiple-choice,single,obsidian-quiz-blocks,radio,,MVC;PS1,needs-answer,,
1984,11204,36390,multiple-choice,single,obsidian-quiz-blocks,radio,,MVC;PS1,needs-answer,,
1984,23124,36764,multiple-choice,single,obsidian-quiz-blocks,radio,,MVC;PS1,needs-answer,,
1984,23124,37602,multiple-choice,single,obsidian-quiz-blocks,radio,,MVC;PS1,needs-answer,,
1992,22582,37953,multiple-choice,single,obsidian-quiz-blocks,radio,,MML;MVC;PS1,needs-answer,,
1992,22582,37957,multiple-choice,single,obsidian-quiz-blocks,radio,,MML;MVC;PS1,needs-answer,,
1992,22583,37956,multiple-choice,single,obsidian-quiz-blocks,radio,,MML;MVC;PS1,needs-answer,,
1992,22583,72265,multiple-choice,single,obsidian-quiz-blocks,radio,,MML;MVC;PS1,needs-answer,,
1992,22584,71930,multiple-choice,single,obsidian-quiz-blocks,radio,,MML;MVC;PS1,needs-answer,,
1992,22584,71931,multiple-choice,single,obsidian-quiz-blocks,radio,,MML;MVC;PS1,needs-answer,,
1994,33265,104502,multiple-choice,single,obsidian-quiz-blocks,radio,,CA2;MVC;PS2,needs-answer,,
1994,33265,104492,multiple-choice,single,obsidian-quiz-blocks,radio,,CA2;MVC;PS2,needs-answer,,
1994,33278,108985,multiple-choice,single,obsidian-quiz-blocks,radio,,CA2;MVC;PS2,needs-answer,,
1994,33278,109325,multiple-choice,single,obsidian-quiz-blocks,radio,,CA2;MVC;PS2,needs-answer,,
1994,33991,104533,multiple-choice,single,obsidian-quiz-blocks,radio,,CA2;MVC;PS2,needs-answer,,
1994,33991,109179,multiple-choice,single,obsidian-quiz-blocks,radio,,CA2;MVC;PS2,needs-answer,,
1995,618751,139069,multiple-choice,single,obsidian-quiz-blocks,radio,,CA2;MVC;PS2,needs-answer,,
1995,618751,138944,multiple-choice,single,obsidian-quiz-blocks,radio,,CA2;MVC;PS2,needs-answer,,
1995,618755,138945,multiple-choice,single,obsidian-quiz-blocks,radio,,CA2;MVC;PS2,needs-answer,,
1995,618755,138981,multiple-choice,single,obsidian-quiz-blocks,radio,,CA2;MVC;PS2,needs-answer,,
1995,618758,138970,multiple-choice,single,obsidian-quiz-blocks,radio,,CA2;MVC;PS2,needs-answer,,
1995,618758,138946,multiple-choice,single,obsidian-quiz-blocks,radio,,CA2;MVC;PS2,needs-answer,,
1996,26556,37760,multiple-choice,single,obsidian-quiz-blocks,radio,,MVC;PS1,needs-answer,,
1996,26556,37948,multiple-choice,single,obsidian-quiz-blocks,radio,,MVC;PS1,needs-answer,,
1996,26557,37758,multiple-choice,single,obsidian-quiz-blocks,radio,,MVC;PS1,needs-answer,,
1996,26557,82063,multiple-choice,single,obsidian-quiz-blocks,radio,,MVC;PS1,needs-answer,,
1996,26558,37858,multiple-choice,single,obsidian-quiz-blocks,radio,,MVC;PS1,needs-answer,,
1996,26558,37757,multiple-choice,single,obsidian-quiz-blocks,radio,,MVC;PS1,needs-answer,,
1997,26537,38468,multiple-choice,single,obsidian-quiz-blocks,radio,,MVC;PS1,needs-answer,,
1997,26537,38466,multiple-choice,single,obsidian-quiz-blocks,radio,,MVC;PS1,needs-answer,,
1997,26538,38796,multiple-choice,single,obsidian-quiz-blocks,radio,,MVC;PS1,needs-answer,,
1997,26538,38601,multiple-choice,single,obsidian-quiz-blocks,radio,,MVC;PS1,needs-answer,,
1997,26540,38464,multiple-choice,single,obsidian-quiz-blocks,radio,,MVC;PS1,needs-answer,,
1997,26540,38602,multiple-choice,single,obsidian-quiz-blocks,radio,,MVC;PS1,needs-answer,,
1998,26975,38374,multiple-choice,single,obsidian-quiz-blocks,radio,,MVC;PS1,needs-answer,,
1998,26975,82874,multiple-choice,single,obsidian-quiz-blocks,radio,,MVC;PS1,needs-answer,,
1998,42406,160365,multiple-choice,single,obsidian-quiz-blocks,radio,,MVC;PS1,needs-answer,,
1998,42406,160379,multiple-choice,single,obsidian-quiz-blocks,radio,,MVC;PS1,needs-answer,,
1998,42417,160864,multiple-choice,single,obsidian-quiz-blocks,radio,,MVC;PS1,needs-answer,,
1998,42417,160373,multiple-choice,single,obsidian-quiz-blocks,radio,,MVC;PS1,needs-answer,,
1999,25204,38078,multiple-choice,single,obsidian-quiz-blocks,radio,,MML;MVC;PS1,needs-answer,,
1999,25204,38244,multiple-choice,single,obsidian-quiz-blocks,radio,,MML;MVC;PS1,needs-answer,,
1999,42421,160380,multiple-choice,single,obsidian-quiz-blocks,radio,,MML;MVC;PS1,needs-answer,,
1999,42421,160394,multiple-choice,single,obsidian-quiz-blocks,radio,,MML;MVC;PS1,needs-answer,,
1999,44604,161788,multiple-choice,single,obsidian-quiz-blocks,radio,,MML;MVC;PS1,needs-answer,,
1999,44604,161832,multiple-choice,single,obsidian-quiz-blocks,radio,,MML;MVC;PS1,needs-answer,,
1999,44605,160601,multiple-choice,single,obsidian-quiz-blocks,radio,d,MML;MVC;PS1,converted-and-verified,image-id,answer-image-id-1
1999,44605,160341,multiple-choice,single,obsidian-quiz-blocks,radio,b,MML;MVC;PS1,converted-and-verified,image-id,answer-image-id-1
2000,22623,71932,multiple-choice,single,obsidian-quiz-blocks,radio,,MML;MVC;PS1,needs-answer,,
2000,22623,71933,multiple-choice,single,obsidian-quiz-blocks,radio,,MML;MVC;PS1,needs-answer,,
2000,22625,71994,multiple-choice,single,obsidian-quiz-blocks,radio,,MML;MVC;PS1,needs-answer,,
2000,22625,71991,multiple-choice,single,obsidian-quiz-blocks,radio,,MML;MVC;PS1,needs-answer,,
2000,22627,71998,multiple-choice,single,obsidian-quiz-blocks,radio,,MML;MVC;PS1,needs-answer,,
2000,22627,80449,multiple-choice,single,obsidian-quiz-blocks,radio,,MML;MVC;PS1,needs-answer,,
2000,25887,80452,multiple-choice,single,obsidian-quiz-blocks,radio,,MML;MVC;PS1,needs-answer,,
2000,25887,80482,multiple-choice,single,obsidian-quiz-blocks,radio,,MML;MVC;PS1,needs-answer,,
2014,20145,38096,multiple-choice,single,obsidian-quiz-blocks,radio,,LAL;PS1,needs-answer,,
2014,20145,38356,multiple-choice,single,obsidian-quiz-blocks,radio,,LAL;PS1,needs-answer,,
2014,20147,38362,multiple-choice,single,obsidian-quiz-blocks,radio,,LAL;PS1,needs-answer,,
2014,20147,38363,multiple-choice,single,obsidian-quiz-blocks,radio,,LAL;PS1,needs-answer,,
2014,21621,38804,multiple-choice,single,obsidian-quiz-blocks,radio,,LAL;PS1,needs-answer,,
2014,21621,38761,multiple-choice,single,obsidian-quiz-blocks,radio,,LAL;PS1,needs-answer,,
2014,31802,38479,multiple-choice,single,obsidian-quiz-blocks,radio,,LAL;PS1,needs-answer,,
2014,31802,38360,multiple-choice,single,obsidian-quiz-blocks,radio,,LAL;PS1,needs-answer,,
2015,20160,38397,multiple-choice,single,obsidian-quiz-blocks,radio,,LAL;PS1,needs-answer,,
2015,20160,38390,multiple-choice,single,obsidian-quiz-blocks,radio,,LAL;PS1,needs-answer,,
2015,20161,39014,multiple-choice,single,obsidian-quiz-blocks,radio,,LAL;PS1,needs-answer,,
2015,20161,39006,multiple-choice,single,obsidian-quiz-blocks,radio,,LAL;PS1,needs-answer,,
2015,21666,38392,multiple-choice,single,obsidian-quiz-blocks,radio,,LAL;PS1,needs-answer,,
2015,21666,38391,multiple-choice,single,obsidian-quiz-blocks,radio,,LAL;PS1,needs-answer,,
2015,21667,38395,multiple-choice,single,obsidian-quiz-blocks,radio,,LAL;PS1,needs-answer,,
2015,21667,38946,multiple-choice,single,obsidian-quiz-blocks,radio,,LAL;PS1,needs-answer,,
2016,21687,38482,multiple-choice,single,obsidian-quiz-blocks,radio,,LAL;PS1,needs-answer,,
2016,21687,38474,multiple-choice,single,obsidian-quiz-blocks,radio,,LAL;PS1,needs-answer,,
2016,21688,39184,multiple-choice,single,obsidian-quiz-blocks,radio,,LAL;PS1,needs-answer,,
2016,21688,39183,multiple-choice,single,obsidian-quiz-blocks,radio,,LAL;PS1,needs-answer,,
2023,1846,51251,multiple-choice,single,obsidian-quiz-blocks,radio,e,CAB;CBC;MF3;CA2;DEQ;PS1,converted-and-verified,manual,label
2023,1846,79302,multiple-choice,single,obsidian-quiz-blocks,radio,c,CAB;CBC;MF3;CA2;DEQ;PS1,converted-and-verified,manual,label
2023,1849,38595,multiple-choice,single,obsidian-quiz-blocks,radio,d,CAB;CBC;MF3;CA2;DEQ;PS1,converted-and-verified,manual,label
2023,1849,38310,multiple-choice,single,obsidian-quiz-blocks,radio,c,CAB;CBC;MF3;CA2;DEQ;PS1,converted-and-verified,manual,label
2023,37996,51247,multiple-choice,single,obsidian-quiz-blocks,radio,b,CAB;CBC;MF3;CA2;DEQ;PS1,converted-and-verified,manual,label
2023,37996,38313,multiple-choice,single,obsidian-quiz-blocks,radio,b,CAB;CBC;MF3;CA2;DEQ;PS1,converted-and-verified,manual,label
2023,38003,143053,multiple-choice,single,obsidian-quiz-blocks,radio,e,CAB;CBC;MF3;CA2;DEQ;PS1,converted-and-verified,manual,label
2023,38003,143076,multiple-choice,single,obsidian-quiz-blocks,radio,a,CAB;CBC;MF3;CA2;DEQ;PS1,converted-and-verified,manual,label
2025,30646,38248,multiple-choice,single,obsidian-quiz-blocks,radio,,MVC;PS2,needs-answer,,
2025,30646,38273,multiple-choice,single,obsidian-quiz-blocks,radio,,MVC;PS2,needs-answer,,
2025,30647,93860,multiple-choice,single,obsidian-quiz-blocks,radio,,MVC;PS2,needs-answer,,
2025,30647,94532,multiple-choice,single,obsidian-quiz-blocks,radio,,MVC;PS2,needs-answer,,
2025,30649,94569,multiple-choice,single,obsidian-quiz-blocks,radio,,MVC;PS2,needs-answer,,
2025,30649,93881,multiple-choice,single,obsidian-quiz-blocks,radio,,MVC;PS2,needs-answer,,
2026,45156,163079,multiple-choice,single,obsidian-quiz-blocks,radio,,MVC;PS2,needs-answer,,
2026,45156,163080,multiple-choice,single,obsidian-quiz-blocks,radio,,MVC;PS2,needs-answer,,
2026,45160,163081,multiple-choice,single,obsidian-quiz-blocks,radio,,MVC;PS2,needs-answer,,
2026,45160,163082,multiple-choice,single,obsidian-quiz-blocks,radio,,MVC;PS2,needs-answer,,
2026,45164,163084,multiple-choice,single,obsidian-quiz-blocks,radio,,MVC;PS2,needs-answer,,
2026,45164,163085,multiple-choice,single,obsidian-quiz-blocks,radio,,MVC;PS2,needs-answer,,
2026,45167,163796,multiple-choice,single,obsidian-quiz-blocks,radio,,MVC;PS2,needs-answer,,
2026,45167,163797,multiple-choice,single,obsidian-quiz-blocks,radio,,MVC;PS2,needs-answer,,
2027,31762,162905,multiple-choice,single,obsidian-quiz-blocks,radio,,MVC;PS2,needs-answer,,
2027,31762,162906,multiple-choice,single,obsidian-quiz-blocks,radio,,MVC;PS2,needs-answer,,
2027,31765,162922,multiple-choice,single,obsidian-quiz-blocks,radio,,MVC;PS2,needs-answer,,
2027,31765,162924,multiple-choice,single,obsidian-quiz-blocks,radio,,MVC;PS2,needs-answer,,
2027,44944,162986,multiple-choice,single,obsidian-quiz-blocks,radio,,MVC;PS2,needs-answer,,
2027,44944,162987,multiple-choice,single,obsidian-quiz-blocks,radio,,MVC;PS2,needs-answer,,
2027,44945,162990,multiple-choice,single,obsidian-quiz-blocks,radio,,MVC;PS2,needs-answer,,
2027,44945,162988,multiple-choice,single,obsidian-quiz-blocks,radio,,MVC;PS2,needs-answer,,
2028,43341,163168,multiple-choice,single,obsidian-quiz-blocks,radio,,MVC;PS2,needs-answer,,
2028,43341,163169,multiple-choice,single,obsidian-quiz-blocks,radio,,MVC;PS2,needs-answer,,
2028,43342,163213,multiple-choice,single,obsidian-quiz-blocks,radio,,MVC;PS2,needs-answer,,
2028,43342,38698,multiple-choice,single,obsidian-quiz-blocks,radio,,MVC;PS2,needs-answer,,
2028,44997,38584,multiple-choice,single,obsidian-quiz-blocks,radio,,MVC;PS2,needs-answer,,
2028,44997,163220,multiple-choice,single,obsidian-quiz-blocks,radio,,MVC;PS2,needs-answer,,
2028,45003,163172,multiple-choice,single,obsidian-quiz-blocks,radio,,MVC;PS2,needs-answer,,
2028,45003,163173,multiple-choice,single,obsidian-quiz-blocks,radio,,MVC;PS2,needs-answer,,
2030,27267,38127,multiple-choice,single,obsidian-quiz-blocks,radio,,MVC;PS1,needs-answer,,
2030,27267,38031,multiple-choice,single,obsidian-quiz-blocks,radio,,MVC;PS1,needs-answer,,
2030,27268,161044,multiple-choice,single,obsidian-quiz-blocks,radio,,MVC;PS1,needs-answer,,
2030,27268,38076,multiple-choice,single,obsidian-quiz-blocks,radio,,MVC;PS1,needs-answer,,
2030,27269,38140,multiple-choice,single,obsidian-quiz-blocks,radio,,MVC;PS1,needs-answer,,
2030,27269,83968,multiple-choice,single,obsidian-quiz-blocks,radio,,MVC;PS1,needs-answer,,
2030,44390,161068,multiple-choice,single,obsidian-quiz-blocks,radio,,MVC;PS1,needs-answer,,
2030,44390,38077,multiple-choice,single,obsidian-quiz-blocks,radio,,MVC;PS1,needs-answer,,
2052,26886,39475,multiple-choice,single,obsidian-quiz-blocks,radio,,MVC;PS2,needs-answer,,
2052,26886,161363,multiple-choice,single,obsidian-quiz-blocks,radio,,MVC;PS2,needs-answer,,
2052,43056,38851,multiple-choice,single,obsidian-quiz-blocks,radio,,MVC;PS2,needs-answer,,
2052,43056,39153,multiple-choice,single,obsidian-quiz-blocks,radio,,MVC;PS2,needs-answer,,
2052,44469,160930,multiple-choice,single,obsidian-quiz-blocks,radio,,MVC;PS2,needs-answer,,
2052,44469,161374,multiple-choice,single,obsidian-quiz-blocks,radio,,MVC;PS2,needs-answer,,
2053,30638,40317,multiple-choice,single,obsidian-quiz-blocks,radio,,MVC;PS2,needs-answer,,
2053,30638,40327,multiple-choice,single,obsidian-quiz-blocks,radio,,MVC;PS2,needs-answer,,
2053,30639,40312,multiple-choice,single,obsidian-quiz-blocks,radio,,MVC;PS2,needs-answer,,
2053,30639,40353,multiple-choice,single,obsidian-quiz-blocks,radio,,MVC;PS2,needs-answer,,
2053,30640,38895,multiple-choice,single,obsidian-quiz-blocks,radio,,MVC;PS2,needs-answer,,
2053,30640,40396,multiple-choice,single,obsidian-quiz-blocks,radio,,MVC;PS2,needs-answer,,
2056,44531,162226,multiple-choice,single,obsidian-quiz-blocks,radio,,MVC;PS2,needs-answer,,
2056,44531,162527,multiple-choice,single,obsidian-quiz-blocks,radio,,MVC;PS2,needs-answer,,
2056,44542,161525,multiple-choice,single,obsidian-quiz-blocks,radio,,MVC;PS2,needs-answer,,
2056,44542,161524,multiple-choice,single,obsidian-quiz-blocks,radio,,MVC;PS2,needs-answer,,
2056,44544,162253,multiple-choice,single,obsidian-quiz-blocks,radio,,MVC;PS2,needs-answer,,
2056,44544,161557,multiple-choice,single,obsidian-quiz-blocks,radio,,MVC;PS2,needs-answer,,
2058,42965,39669,multiple-choice,single,obsidian-quiz-blocks,radio,,MML;MVC;PS1,needs-answer,,
2058,42965,39300,multiple-choice,single,obsidian-quiz-blocks,radio,,MML;MVC;PS1,needs-answer,,
2058,42966,39709,multiple-choice,single,obsidian-quiz-blocks,radio,,MML;MVC;PS1,needs-answer,,
2058,42966,161819,multiple-choice,single,obsidian-quiz-blocks,radio,,MML;MVC;PS1,needs-answer,,
2058,43048,39666,multiple-choice,single,obsidian-quiz-blocks,radio,,MML;MVC;PS1,needs-answer,,
2058,43048,39299,multiple-choice,single,obsidian-quiz-blocks,radio,,MML;MVC;PS1,needs-answer,,
2059,42894,39481,multiple-choice,single,obsidian-quiz-blocks,radio,,MVC;PS2,needs-answer,,
2059,42894,161520,multiple-choice,single,obsidian-quiz-blocks,radio,,MVC;PS2,needs-answer,,
2059,42895,161521,multiple-choice,single,obsidian-quiz-blocks,radio,,MVC;PS2,needs-answer,,
2059,42895,161523,multiple-choice,single,obsidian-quiz-blocks,radio,,MVC;PS2,needs-answer,,
2059,44539,161522,multiple-choice,single,obsidian-quiz-blocks,radio,,MVC;PS2,needs-answer,,
2059,44539,40785,multiple-choice,single,obsidian-quiz-blocks,radio,,MVC;PS2,needs-answer,,
2060,42752,40073,multiple-choice,single,obsidian-quiz-blocks,radio,,MVC;PS2,needs-answer,,
2060,42752,161754,multiple-choice,single,obsidian-quiz-blocks,radio,,MVC;PS2,needs-answer,,
2060,42753,40152,multiple-choice,single,obsidian-quiz-blocks,radio,,MVC;PS2,needs-answer,,
2060,42753,40089,multiple-choice,single,obsidian-quiz-blocks,radio,,MVC;PS2,needs-answer,,
2060,42755,40155,multiple-choice,single,obsidian-quiz-blocks,radio,,MVC;PS2,needs-answer,,
2060,42755,39665,multiple-choice,single,obsidian-quiz-blocks,radio,,MVC;PS2,needs-answer,,
2060,44584,40154,multiple-choice,single,obsidian-quiz-blocks,radio,,MVC;PS2,needs-answer,,
2060,44584,161766,multiple-choice,single,obsidian-quiz-blocks,radio,,MVC;PS2,needs-answer,,
2083,17176,42026,multiple-choice,single,obsidian-quiz-blocks,radio,c,DSM;LAL;MML;PS1,converted-and-verified,manual,label
2083,17176,42006,multiple-choice,single,obsidian-quiz-blocks,radio,d,DSM;LAL;MML;PS1,converted-and-verified,manual,label
2083,17177,42369,multiple-choice,single,obsidian-quiz-blocks,radio,e,DSM;LAL;MML;PS1,converted-and-verified,manual,label
2083,17177,42024,multiple-choice,single,obsidian-quiz-blocks,radio,b,DSM;LAL;MML;PS1,converted-and-verified,manual,label
2083,17178,42008,multiple-choice,single,obsidian-quiz-blocks,radio,d,DSM;LAL;MML;PS1,converted-and-verified,manual,label
2083,17178,42370,multiple-choice,single,obsidian-quiz-blocks,radio,e,DSM;LAL;MML;PS1,converted-and-verified,manual,label
2083,23025,42362,multiple-choice,single,obsidian-quiz-blocks,radio,d,DSM;LAL;MML;PS1,converted-and-verified,manual,label
2083,23025,42363,multiple-choice,single,obsidian-quiz-blocks,radio,b,DSM;LAL;MML;PS1,converted-and-verified,manual,label
2086,594142,339384,multiple-choice,single,obsidian-quiz-blocks,radio,e,DEQ;PS2,converted-and-verified,manual,label
2086,594142,339387,multiple-choice,single,obsidian-quiz-blocks,radio,c,DEQ;PS2,converted-and-verified,manual,label
2086,594146,339365,multiple-choice,single,obsidian-quiz-blocks,radio,a,DEQ;PS2,converted-and-verified,manual,label
2086,594146,339402,free-response,multi,,,,,,,
2086,594150,339466,multiple-choice,single,obsidian-quiz-blocks,radio,a,DEQ;PS2,converted-and-verified,manual,label
2086,594150,339465,multiple-choice,single,obsidian-quiz-blocks,radio,d,DEQ;PS2,converted-and-verified,manual,label
2086,594154,339353,multiple-choice,single,obsidian-quiz-blocks,radio,b,DEQ;PS2,converted-and-verified,manual,label
2086,594154,339404,multiple-choice,single,obsidian-quiz-blocks,radio,c,DEQ;PS2,converted-and-verified,manual,label
2087,540573,39702,multiple-choice,single,obsidian-quiz-blocks,radio,c,DEQ;PS2,converted-and-verified,manual,label
2087,540573,39700,multiple-choice,single,obsidian-quiz-blocks,radio,a,DEQ;PS2,converted-and-verified,manual,label
2087,540576,324452,multiple-choice,single,obsidian-quiz-blocks,radio,e,DEQ;PS2,converted-and-verified,manual,label
2087,540576,324453,multiple-choice,single,obsidian-quiz-blocks,radio,d,DEQ;PS2,converted-and-verified,manual,label
2087,540580,39052,multiple-choice,single,obsidian-quiz-blocks,radio,b,DEQ;PS2,converted-and-verified,manual,label
2087,540580,324455,multiple-choice,single,obsidian-quiz-blocks,radio,d,DEQ;PS2,converted-and-verified,manual,label
2088,587181,326002,free-response,multi,,,,,,,
2088,587181,321994,free-response,multi,,,,,,,
2088,587184,39240,multiple-choice,single,obsidian-quiz-blocks,radio,d,DEQ;PS2,converted-and-verified,manual,label
2088,587184,39241,multiple-choice,single,obsidian-quiz-blocks,radio,a,DEQ;PS2,converted-and-verified,manual,label
2088,587187,324462,multiple-choice,single,obsidian-quiz-blocks,radio,a,DEQ;PS2,converted-and-verified,manual,label
2088,587187,324500,multiple-choice,single,obsidian-quiz-blocks,radio,e,DEQ;PS2,converted-and-verified,manual,label
2089,17244,32145,multiple-choice,single,obsidian-quiz-blocks,radio,,LAL;PS1,needs-answer,,
2089,17244,32147,multiple-choice,single,obsidian-quiz-blocks,radio,,LAL;PS1,needs-answer,,
2089,17245,32128,multiple-choice,single,obsidian-quiz-blocks,radio,,LAL;PS1,needs-answer,,
2089,17245,42532,multiple-choice,single,obsidian-quiz-blocks,radio,,LAL;PS1,needs-answer,,
2089,17246,32134,multiple-choice,single,obsidian-quiz-blocks,radio,,LAL;PS1,needs-answer,,
2089,17246,42538,multiple-choice,single,obsidian-quiz-blocks,radio,,LAL;PS1,needs-answer,,
2094,20181,39202,multiple-choice,single,obsidian-quiz-blocks,radio,,LAL;MML;PS2,needs-answer,,
2094,20181,39206,multiple-choice,single,obsidian-quiz-blocks,radio,,LAL;MML;PS2,needs-answer,,
2094,20182,39204,multiple-choice,single,obsidian-quiz-blocks,radio,,LAL;MML;PS2,needs-answer,,
2094,20182,39197,multiple-choice,single,obsidian-quiz-blocks,radio,,LAL;MML;PS2,needs-answer,,
2094,21743,39205,multiple-choice,single,obsidian-quiz-blocks,radio,,LAL;MML;PS2,needs-answer,,
2094,21743,39195,multiple-choice,single,obsidian-quiz-blocks,radio,,LAL;MML;PS2,needs-answer,,
2095,20184,39238,multiple-choice,single,obsidian-quiz-blocks,radio,,LAL;MML;PS2,needs-answer,,
2095,20184,39212,multiple-choice,single,obsidian-quiz-blocks,radio,,LAL;MML;PS2,needs-answer,,
2095,20185,39759,multiple-choice,single,obsidian-quiz-blocks,radio,,LAL;MML;PS2,needs-answer,,
2095,20185,39213,multiple-choice,single,obsidian-quiz-blocks,radio,,LAL;MML;PS2,needs-answer,,
2095,20187,39244,multiple-choice,single,obsidian-quiz-blocks,radio,,LAL;MML;PS2,needs-answer,,
2095,20187,39237,multiple-choice,single,obsidian-quiz-blocks,radio,,LAL;MML;PS2,needs-answer,,
2095,23169,39767,multiple-choice,single,obsidian-quiz-blocks,radio,,LAL;MML;PS2,needs-answer,,
2095,23169,39773,multiple-choice,single,obsidian-quiz-blocks,radio,,LAL;MML;PS2,needs-answer,,
2096,20190,42248,multiple-choice,single,obsidian-quiz-blocks,radio,,LAL;MML;PS2,needs-answer,,
2096,20190,42246,multiple-choice,single,obsidian-quiz-blocks,radio,,LAL;MML;PS2,needs-answer,,
2096,20191,42241,multiple-choice,single,obsidian-quiz-blocks,radio,,LAL;MML;PS2,needs-answer,,
2096,20191,42250,multiple-choice,single,obsidian-quiz-blocks,radio,,LAL;MML;PS2,needs-answer,,
2096,20192,42256,multiple-choice,single,obsidian-quiz-blocks,radio,,LAL;MML;PS2,needs-answer,,
2096,20192,42254,multiple-choice,single,obsidian-quiz-blocks,radio,,LAL;MML;PS2,needs-answer,,
2097,20194,43803,multiple-choice,single,obsidian-quiz-blocks,radio,,LAL;PS2,needs-answer,,
2097,20194,43804,multiple-choice,single,obsidian-quiz-blocks,radio,,LAL;PS2,needs-answer,,
2097,20196,97305,multiple-choice,single,obsidian-quiz-blocks,radio,,LAL;PS2,needs-answer,,
2097,20196,96833,multiple-choice,single,obsidian-quiz-blocks,radio,,LAL;PS2,needs-answer,,
2097,31868,96814,multiple-choice,single,obsidian-quiz-blocks,radio,,LAL;PS2,needs-answer,,
2097,31868,96821,multiple-choice,single,obsidian-quiz-blocks,radio,,LAL;PS2,needs-answer,,
2098,20198,97420,multiple-choice,single,obsidian-quiz-blocks,radio,,LAL;PS2,needs-answer,,
2098,20198,42726,multiple-choice,single,obsidian-quiz-blocks,radio,,LAL;PS2,needs-answer,,
2098,20199,42734,multiple-choice,single,obsidian-quiz-blocks,radio,,LAL;PS2,needs-answer,,
2098,20199,42727,multiple-choice,single,obsidian-quiz-blocks,radio,,LAL;PS2,needs-answer,,
2098,20201,42741,multiple-choice,single,obsidian-quiz-blocks,radio,,LAL;PS2,needs-answer,,
2098,20201,97723,multiple-choice,single,obsidian-quiz-blocks,radio,,LAL;PS2,needs-answer,,
2098,21783,42714,multiple-choice,single,obsidian-quiz-blocks,radio,,LAL;PS2,needs-answer,,
2098,21783,43925,multiple-choice,single,obsidian-quiz-blocks,radio,,LAL;PS2,needs-answer,,
2099,20203,39894,multiple-choice,single,obsidian-quiz-blocks,radio,,LAL;MML;PS2,needs-answer,,
2099,20203,39335,multiple-choice,single,obsidian-quiz-blocks,radio,,LAL;MML;PS2,needs-answer,,
2099,20204,39322,multiple-choice,single,obsidian-quiz-blocks,radio,,LAL;MML;PS2,needs-answer,,
2099,20204,39333,multiple-choice,single,obsidian-quiz-blocks,radio,,LAL;MML;PS2,needs-answer,,
2099,20205,40024,multiple-choice,single,obsidian-quiz-blocks,radio,,LAL;MML;PS2,needs-answer,,
2099,20205,39337,multiple-choice,single,obsidian-quiz-blocks,radio,,LAL;MML;PS2,needs-answer,,
2099,21797,39991,multiple-choice,single,obsidian-quiz-blocks,radio,,LAL;MML;PS2,needs-answer,,
2099,21797,39989,multiple-choice,single,obsidian-quiz-blocks,radio,,LAL;MML;PS2,needs-answer,,
2100,31878,44062,multiple-choice,single,obsidian-quiz-blocks,radio,,LAL;PS2,needs-answer,,
2100,31878,97359,multiple-choice,single,obsidian-quiz-blocks,radio,,LAL;PS2,needs-answer,,
2100,31879,43979,multiple-choice,single,obsidian-quiz-blocks,radio,,LAL;PS2,needs-answer,,
2100,31879,97441,multiple-choice,single,obsidian-quiz-blocks,radio,,LAL;PS2,needs-answer,,
2100,31880,97353,multiple-choice,single,obsidian-quiz-blocks,radio,,LAL;PS2,needs-answer,,
2100,31880,44057,multiple-choice,single,obsidian-quiz-blocks,radio,,LAL;PS2,needs-answer,,
2100,31884,43981,multiple-choice,single,obsidian-quiz-blocks,radio,,LAL;PS2,needs-answer,,
2100,31884,97451,multiple-choice,single,obsidian-quiz-blocks,radio,,LAL;PS2,needs-answer,,
2101,20207,40196,multiple-choice,single,obsidian-quiz-blocks,radio,,LAL;MML;PS2,needs-answer,,
2101,20207,39432,multiple-choice,single,obsidian-quiz-blocks,radio,,LAL;MML;PS2,needs-answer,,
2101,20209,40559,multiple-choice,single,obsidian-quiz-blocks,radio,,LAL;MML;PS2,needs-answer,,
2101,20209,40558,multiple-choice,single,obsidian-quiz-blocks,radio,,LAL;MML;PS2,needs-answer,,
2101,21811,40886,multiple-choice,single,obsidian-quiz-blocks,radio,,LAL;MML;PS2,needs-answer,,
2101,21811,40902,multiple-choice,single,obsidian-quiz-blocks,radio,,LAL;MML;PS2,needs-answer,,
2102,20220,39630,multiple-choice,single,obsidian-quiz-blocks,radio,,LAL;MML;PS2,needs-answer,,
2102,20220,39623,multiple-choice,single,obsidian-quiz-blocks,radio,,LAL;MML;PS2,needs-answer,,
2102,20221,71102,multiple-choice,single,obsidian-quiz-blocks,radio,,LAL;MML;PS2,needs-answer,,
2102,20221,71101,multiple-choice,single,obsidian-quiz-blocks,radio,,LAL;MML;PS2,needs-answer,,
2102,20223,39953,multiple-choice,single,obsidian-quiz-blocks,radio,,LAL;MML;PS2,needs-answer,,
2102,20223,39915,multiple-choice,single,obsidian-quiz-blocks,radio,,LAL;MML;PS2,needs-answer,,
2102,21872,39631,multiple-choice,single,obsidian-quiz-blocks,radio,,LAL;MML;PS2,needs-answer,,
2102,21872,39624,multiple-choice,single,obsidian-quiz-blocks,radio,,LAL;MML;PS2,needs-answer,,
2103,20225,39398,multiple-choice,single,obsidian-quiz-blocks,radio,,LAL;MML;PS2,needs-answer,,
2103,20225,40365,multiple-choice,single,obsidian-quiz-blocks,radio,,LAL;MML;PS2,needs-answer,,
2103,20226,39480,multiple-choice,single,obsidian-quiz-blocks,radio,,LAL;MML;PS2,needs-answer,,
2103,20226,40297,multiple-choice,single,obsidian-quiz-blocks,radio,,LAL;MML;PS2,needs-answer,,
2103,26158,39483,multiple-choice,single,obsidian-quiz-blocks,radio,,LAL;MML;PS2,needs-answer,,
2103,26158,81011,multiple-choice,single,obsidian-quiz-blocks,radio,,LAL;MML;PS2,needs-answer,,
2103,26850,39490,multiple-choice,single,obsidian-quiz-blocks,radio,,LAL;MML;PS2,needs-answer,,
2103,26850,40400,multiple-choice,single,obsidian-quiz-blocks,radio,,LAL;MML;PS2,needs-answer,,
2104,32390,98522,multiple-choice,single,obsidian-quiz-blocks,radio,,LAL;PS2,needs-answer,,
2104,32390,100128,multiple-choice,single,obsidian-quiz-blocks,radio,,LAL;PS2,needs-answer,,
2104,32391,99636,multiple-choice,single,obsidian-quiz-blocks,radio,,LAL;PS2,needs-answer,,
2104,32391,98523,multiple-choice,single,obsidian-quiz-blocks,radio,,LAL;PS2,needs-answer,,
2104,32392,99808,multiple-choice,single,obsidian-quiz-blocks,radio,,LAL;PS2,needs-answer,,
2104,32392,98524,multiple-choice,single,obsidian-quiz-blocks,radio,,LAL;PS2,needs-answer,,
2105,52301,176873,multiple-choice,single,obsidian-quiz-blocks,radio,,LAL;MML;PS2,needs-answer,,
2105,52301,176874,multiple-choice,single,obsidian-quiz-blocks,radio,,LAL;MML;PS2,needs-answer,,
2105,52305,39873,multiple-choice,single,obsidian-quiz-blocks,radio,,LAL;MML;PS2,needs-answer,,
2105,52305,39872,multiple-choice,single,obsidian-quiz-blocks,radio,,LAL;MML;PS2,needs-answer,,
2105,52309,39865,multiple-choice,single,obsidian-quiz-blocks,radio,,LAL;MML;PS2,needs-answer,,
2105,52309,39867,multiple-choice,single,obsidian-quiz-blocks,radio,,LAL;MML;PS2,needs-answer,,
2105,52312,47458,multiple-choice,single,obsidian-quiz-blocks,radio,,LAL;MML;PS2,needs-answer,,
2105,52312,39618,multiple-choice,single,obsidian-quiz-blocks,radio,,LAL;MML;PS2,needs-answer,,
2107,23617,76186,multiple-choice,single,obsidian-quiz-blocks,radio,,MVC;PS2,needs-answer,,
2107,23617,76187,multiple-choice,single,obsidian-quiz-blocks,radio,,MVC;PS2,needs-answer,,
2107,23677,76368,multiple-choice,single,obsidian-quiz-blocks,radio,,MVC;PS2,needs-answer,,
2107,23677,40253,multiple-choice,single,obsidian-quiz-blocks,radio,,MVC;PS2,needs-answer,,
2107,23678,40258,multiple-choice,single,obsidian-quiz-blocks,radio,,MVC;PS2,needs-answer,,
2107,23678,41160,multiple-choice,single,obsidian-quiz-blocks,radio,,MVC;PS2,needs-answer,,
2108,23621,39340,multiple-choice,single,obsidian-quiz-blocks,radio,,MVC;PS2,needs-answer,,
2108,23621,124694,multiple-choice,single,obsidian-quiz-blocks,radio,,MVC;PS2,needs-answer,,
2108,23734,124638,multiple-choice,single,obsidian-quiz-blocks,radio,,MVC;PS2,needs-answer,,
2108,23734,124687,multiple-choice,single,obsidian-quiz-blocks,radio,,MVC;PS2,needs-answer,,
2108,35696,124639,multiple-choice,single,obsidian-quiz-blocks,radio,,MVC;PS2,needs-answer,,
2108,35696,124674,multiple-choice,single,obsidian-quiz-blocks,radio,,MVC;PS2,needs-answer,,
2109,35615,124230,multiple-choice,single,obsidian-quiz-blocks,radio,,MVC;PS2,needs-answer,,
2109,35615,124119,multiple-choice,single,obsidian-quiz-blocks,radio,,MVC;PS2,needs-answer,,
2109,35616,124283,multiple-choice,single,obsidian-quiz-blocks,radio,,MVC;PS2,needs-answer,,
2109,35616,124121,multiple-choice,single,obsidian-quiz-blocks,radio,,MVC;PS2,needs-answer,,
2109,35642,124120,multiple-choice,single,obsidian-quiz-blocks,radio,,MVC;PS2,needs-answer,,
2109,35642,124123,multiple-choice,single,obsidian-quiz-blocks,radio,,MVC;PS2,needs-answer,,
2110,32622,104616,multiple-choice,single,obsidian-quiz-blocks,radio,,MVC;PS2,needs-answer,,
2110,32622,99008,multiple-choice,single,obsidian-quiz-blocks,radio,,MVC;PS2,needs-answer,,
2110,32627,98995,multiple-choice,single,obsidian-quiz-blocks,radio,,MVC;PS2,needs-answer,,
2110,32627,39349,multiple-choice,single,obsidian-quiz-blocks,radio,,MVC;PS2,needs-answer,,
2110,35588,39749,multiple-choice,single,obsidian-quiz-blocks,radio,,MVC;PS2,needs-answer,,
2110,35588,123879,multiple-choice,single,obsidian-quiz-blocks,radio,,MVC;PS2,needs-answer,,
2116,33838,109161,multiple-choice,single,obsidian-quiz-blocks,radio,,MVC;PS2,needs-answer,,
2116,33838,108588,multiple-choice,single,obsidian-quiz-blocks,radio,,MVC;PS2,needs-answer,,
2116,33839,109147,multiple-choice,single,obsidian-quiz-blocks,radio,,MVC;PS2,needs-answer,,
2116,33839,41810,multiple-choice,single,obsidian-quiz-blocks,radio,,MVC;PS2,needs-answer,,
2116,33879,42085,multiple-choice,single,obsidian-quiz-blocks,radio,,MVC;PS2,needs-answer,,
2116,33879,108467,multiple-choice,single,obsidian-quiz-blocks,radio,,MVC;PS2,needs-answer,,
2117,33916,126515,multiple-choice,single,obsidian-quiz-blocks,radio,,MVC;PS2,needs-answer,,
2117,33916,126578,multiple-choice,single,obsidian-quiz-blocks,radio,,MVC;PS2,needs-answer,,
2117,35809,126558,multiple-choice,single,obsidian-quiz-blocks,radio,,MVC;PS2,needs-answer,,
2117,35809,126654,multiple-choice,single,obsidian-quiz-blocks,radio,,MVC;PS2,needs-answer,,
2117,35813,126566,multiple-choice,single,obsidian-quiz-blocks,radio,,MVC;PS2,needs-answer,,
2117,35813,126645,multiple-choice,single,obsidian-quiz-blocks,radio,,MVC;PS2,needs-answer,,
2122,20238,39730,multiple-choice,single,obsidian-quiz-blocks,radio,,LAL;MML;PS2,needs-answer,,
2122,20238,39708,multiple-choice,single,obsidian-quiz-blocks,radio,,LAL;MML;PS2,needs-answer,,
2122,20240,39712,multiple-choice,single,obsidian-quiz-blocks,radio,,LAL;MML;PS2,needs-answer,,
2122,20240,39711,multiple-choice,single,obsidian-quiz-blocks,radio,,LAL;MML;PS2,needs-answer,,
2122,20241,39718,multiple-choice,single,obsidian-quiz-blocks,radio,,LAL;MML;PS2,needs-answer,,
2122,20241,40425,multiple-choice,single,obsidian-quiz-blocks,radio,,LAL;MML;PS2,needs-answer,,
2123,20243,39990,multiple-choice,single,obsidian-quiz-blocks,radio,,LAL;MML;PS2,needs-answer,,
2123,20243,40194,multiple-choice,single,obsidian-quiz-blocks,radio,,LAL;MML;PS2,needs-answer,,
2123,20245,40215,multiple-choice,single,obsidian-quiz-blocks,radio,,LAL;MML;PS2,needs-answer,,
2123,20245,40187,multiple-choice,single,obsidian-quiz-blocks,radio,,LAL;MML;PS2,needs-answer,,
2123,26414,81511,multiple-choice,single,obsidian-quiz-blocks,radio,,LAL;MML;PS2,needs-answer,,
2123,26414,40666,multiple-choice,single,obsidian-quiz-blocks,radio,,LAL;MML;PS2,needs-answer,,
2123,27054,40604,multiple-choice,single,obsidian-quiz-blocks,radio,,LAL;MML;PS2,needs-answer,,
2123,27054,40223,multiple-choice,single,obsidian-quiz-blocks,radio,,LAL;MML;PS2,needs-answer,,
2124,20247,40570,multiple-choice,single,obsidian-quiz-blocks,radio,,LAL;MML;PS2,needs-answer,,
2124,20247,40627,multiple-choice,single,obsidian-quiz-blocks,radio,,LAL;MML;PS2,needs-answer,,
2124,20249,39857,multiple-choice,single,obsidian-quiz-blocks,radio,,LAL;MML;PS2,needs-answer,,
2124,20249,39869,multiple-choice,single,obsidian-quiz-blocks,radio,,LAL;MML;PS2,needs-answer,,
2125,20252,40128,multiple-choice,single,obsidian-quiz-blocks,radio,,LAL;PS2,needs-answer,,
2125,20252,95147,multiple-choice,single,obsidian-quiz-blocks,radio,,LAL;PS2,needs-answer,,
2125,20254,40662,multiple-choice,single,obsidian-quiz-blocks,radio,,LAL;PS2,needs-answer,,
2125,20254,40639,multiple-choice,single,obsidian-quiz-blocks,radio,,LAL;PS2,needs-answer,,
2125,20256,40164,multiple-choice,single,obsidian-quiz-blocks,radio,,LAL;PS2,needs-answer,,
2125,20256,40169,multiple-choice,single,obsidian-quiz-blocks,radio,,LAL;PS2,needs-answer,,
2125,31059,95202,multiple-choice,single,obsidian-quiz-blocks,radio,,LAL;PS2,needs-answer,,
2125,31059,40663,multiple-choice,single,obsidian-quiz-blocks,radio,,LAL;PS2,needs-answer,,
2126,32458,104944,multiple-choice,single,obsidian-quiz-blocks,radio,,LAL;PS2,needs-answer,,
2126,32458,98694,multiple-choice,single,obsidian-quiz-blocks,radio,,LAL;PS2,needs-answer,,
2126,32459,98689,multiple-choice,single,obsidian-quiz-blocks,radio,,LAL;PS2,needs-answer,,
2126,32459,105416,multiple-choice,single,obsidian-quiz-blocks,radio,,LAL;PS2,needs-answer,,
2126,32485,98751,multiple-choice,single,obsidian-quiz-blocks,radio,,LAL;PS2,needs-answer,,
2126,32485,98750,multiple-choice,single,obsidian-quiz-blocks,radio,,LAL;PS2,needs-answer,,
2127,20258,40738,multiple-choice,single,obsidian-quiz-blocks,radio,,LAL;MML;PS2,needs-answer,,
2127,20258,41030,multiple-choice,single,obsidian-quiz-blocks,radio,,LAL;MML;PS2,needs-answer,,
2127,20259,40741,multiple-choice,single,obsidian-quiz-blocks,radio,,LAL;MML;PS2,needs-answer,,
2127,20259,41035,multiple-choice,single,obsidian-quiz-blocks,radio,,LAL;MML;PS2,needs-answer,,
2127,20261,40739,multiple-choice,single,obsidian-quiz-blocks,radio,,LAL;MML;PS2,needs-answer,,
2127,20261,40740,multiple-choice,single,obsidian-quiz-blocks,radio,,LAL;MML;PS2,needs-answer,,
2128,20263,40774,multiple-choice,single,obsidian-quiz-blocks,radio,,LAL;PS2,needs-answer,,
2128,20263,41627,multiple-choice,single,obsidian-quiz-blocks,radio,,LAL;PS2,needs-answer,,
2128,20265,41631,multiple-choice,single,obsidian-quiz-blocks,radio,,LAL;PS2,needs-answer,,
2128,20265,40818,multiple-choice,single,obsidian-quiz-blocks,radio,,LAL;PS2,needs-answer,,
2128,31080,40817,multiple-choice,single,obsidian-quiz-blocks,radio,,LAL;PS2,needs-answer,,
2128,31080,40772,multiple-choice,single,obsidian-quiz-blocks,radio,,LAL;PS2,needs-answer,,
2129,20267,40845,multiple-choice,single,obsidian-quiz-blocks,radio,,LAL;PS2,needs-answer,,
2129,20267,40838,multiple-choice,single,obsidian-quiz-blocks,radio,,LAL;PS2,needs-answer,,
2129,22120,41417,multiple-choice,single,obsidian-quiz-blocks,radio,,LAL;PS2,needs-answer,,
2129,22120,41415,multiple-choice,single,obsidian-quiz-blocks,radio,,LAL;PS2,needs-answer,,
2129,31108,41418,multiple-choice,single,obsidian-quiz-blocks,radio,,LAL;PS2,needs-answer,,
2129,31108,40786,multiple-choice,single,obsidian-quiz-blocks,radio,,LAL;PS2,needs-answer,,
2129,31109,40812,multiple-choice,single,obsidian-quiz-blocks,radio,,LAL;PS2,needs-answer,,
2129,31109,41419,multiple-choice,single,obsidian-quiz-blocks,radio,,LAL;PS2,needs-answer,,
2129,31119,95915,multiple-choice,single,obsidian-quiz-blocks,radio,,LAL;PS2,needs-answer,,
2129,31119,95165,multiple-choice,single,obsidian-quiz-blocks,radio,,LAL;PS2,needs-answer,,
2130,220957,73574,multiple-choice,single,obsidian-quiz-blocks,radio,,MVC;PS2,needs-answer,,
2130,220957,73671,multiple-choice,single,obsidian-quiz-blocks,radio,,MVC;PS2,needs-answer,,
2130,220962,160963,multiple-choice,single,obsidian-quiz-blocks,radio,,MVC;PS2,needs-answer,,
2130,220962,160965,multiple-choice,single,obsidian-quiz-blocks,radio,,MVC;PS2,needs-answer,,
2130,220967,160960,multiple-choice,single,obsidian-quiz-blocks,radio,,MVC;PS2,needs-answer,,
2130,220967,160961,multiple-choice,single,obsidian-quiz-blocks,radio,,MVC;PS2,needs-answer,,
2131,32553,41817,multiple-choice,single,obsidian-quiz-blocks,radio,,MVC;PS1,needs-answer,,
2131,32553,105561,multiple-choice,single,obsidian-quiz-blocks,radio,,MVC;PS1,needs-answer,,
2131,33322,105571,multiple-choice,single,obsidian-quiz-blocks,radio,,MVC;PS1,needs-answer,,
2131,33322,105075,multiple-choice,single,obsidian-quiz-blocks,radio,,MVC;PS1,needs-answer,,
2131,35525,105555,multiple-choice,single,obsidian-quiz-blocks,radio,,MVC;PS1,needs-answer,,
2131,35525,41839,multiple-choice,single,obsidian-quiz-blocks,radio,,MVC;PS1,needs-answer,,
2132,32563,41883,multiple-choice,single,obsidian-quiz-blocks,radio,,MVC;PS1,needs-answer,,
2132,32563,41899,multiple-choice,single,obsidian-quiz-blocks,radio,,MVC;PS1,needs-answer,,
2132,33327,105103,multiple-choice,single,obsidian-quiz-blocks,radio,,MVC;PS1,needs-answer,,
2132,33327,105092,multiple-choice,single,obsidian-quiz-blocks,radio,,MVC;PS1,needs-answer,,
2132,35806,126427,multiple-choice,single,obsidian-quiz-blocks,radio,,MVC;PS1,needs-answer,,
2132,35806,126428,multiple-choice,single,obsidian-quiz-blocks,radio,,MVC;PS1,needs-answer,,
2135,44752,162407,multiple-choice,single,obsidian-quiz-blocks,radio,,MVC;PS2,needs-answer,,
2135,44752,162408,multiple-choice,single,obsidian-quiz-blocks,radio,,MVC;PS2,needs-answer,,
2135,44755,162411,multiple-choice,single,obsidian-quiz-blocks,radio,,MVC;PS2,needs-answer,,
2135,44755,162410,multiple-choice,single,obsidian-quiz-blocks,radio,,MVC;PS2,needs-answer,,
2135,44758,162412,multiple-choice,single,obsidian-quiz-blocks,radio,,MVC;PS2,needs-answer,,
2135,44758,162606,multiple-choice,single,obsidian-quiz-blocks,radio,,MVC;PS2,needs-answer,,
2138,44632,161925,multiple-choice,single,obsidian-quiz-blocks,radio,,MVC;PS2,needs-answer,,
2138,44632,162238,multiple-choice,single,obsidian-quiz-blocks,radio,,MVC;PS2,needs-answer,,
2138,44635,161927,multiple-choice,single,obsidian-quiz-blocks,radio,,MVC;PS2,needs-answer,,
2138,44635,161926,multiple-choice,single,obsidian-quiz-blocks,radio,,MVC;PS2,needs-answer,,
2138,44682,161928,multiple-choice,single,obsidian-quiz-blocks,radio,,MVC;PS2,needs-answer,,
2138,44682,162377,multiple-choice,single,obsidian-quiz-blocks,radio,,MVC;PS2,needs-answer,,
2141,42711,40206,multiple-choice,single,obsidian-quiz-blocks,radio,,MVC;PS2,needs-answer,,
2141,42711,40208,multiple-choice,single,obsidian-quiz-blocks,radio,,MVC;PS2,needs-answer,,
2141,42713,40395,multiple-choice,single,obsidian-quiz-blocks,radio,,MVC;PS2,needs-answer,,
2141,42713,161574,multiple-choice,single,obsidian-quiz-blocks,radio,,MVC;PS2,needs-answer,,
2141,44327,40219,multiple-choice,single,obsidian-quiz-blocks,radio,,MVC;PS2,needs-answer,,
2141,44327,40203,multiple-choice,single,obsidian-quiz-blocks,radio,,MVC;PS2,needs-answer,,
2141,44504,40204,multiple-choice,single,obsidian-quiz-blocks,radio,,MVC;PS2,needs-answer,,
2141,44504,40230,multiple-choice,single,obsidian-quiz-blocks,radio,,MVC;PS2,needs-answer,,
2142,42948,40403,multiple-choice,single,obsidian-quiz-blocks,radio,,MVC;PS2,needs-answer,,
2142,42948,40437,multiple-choice,single,obsidian-quiz-blocks,radio,,MVC;PS2,needs-answer,,
2142,42950,40463,multiple-choice,single,obsidian-quiz-blocks,radio,,MVC;PS2,needs-answer,,
2142,42950,40503,multiple-choice,single,obsidian-quiz-blocks,radio,,MVC;PS2,needs-answer,,
2142,44403,40446,multiple-choice,single,obsidian-quiz-blocks,radio,,MVC;PS2,needs-answer,,
2142,44403,161479,multiple-choice,single,obsidian-quiz-blocks,radio,,MVC;PS2,needs-answer,,
2142,44514,161480,multiple-choice,single,obsidian-quiz-blocks,radio,,MVC;PS2,needs-answer,,
2142,44514,40445,multiple-choice,single,obsidian-quiz-blocks,radio,,MVC;PS2,needs-answer,,
2151,25906,80492,multiple-choice,single,obsidian-quiz-blocks,radio,,MML;MVC;PS1,needs-answer,,
2151,25906,40727,multiple-choice,single,obsidian-quiz-blocks,radio,,MML;MVC;PS1,needs-answer,,
2151,25907,40705,multiple-choice,single,obsidian-quiz-blocks,radio,,MML;MVC;PS1,needs-answer,,
2151,25907,40821,multiple-choice,single,obsidian-quiz-blocks,radio,,MML;MVC;PS1,needs-answer,,
2151,25909,37864,multiple-choice,single,obsidian-quiz-blocks,radio,,MML;MVC;PS1,needs-answer,,
2151,25909,81346,multiple-choice,single,obsidian-quiz-blocks,radio,,MML;MVC;PS1,needs-answer,,
2151,25911,37929,multiple-choice,single,obsidian-quiz-blocks,radio,,MML;MVC;PS1,needs-answer,,
2151,25911,37863,multiple-choice,single,obsidian-quiz-blocks,radio,,MML;MVC;PS1,needs-answer,,
2152,26244,40575,multiple-choice,single,obsidian-quiz-blocks,radio,,MML;MVC;PS1,needs-answer,,
2152,26244,40603,multiple-choice,single,obsidian-quiz-blocks,radio,,MML;MVC;PS1,needs-answer,,
2152,26245,40678,multiple-choice,single,obsidian-quiz-blocks,radio,,MML;MVC;PS1,needs-answer,,
2152,26245,40596,multiple-choice,single,obsidian-quiz-blocks,radio,,MML;MVC;PS1,needs-answer,,
2152,26247,37995,multiple-choice,single,obsidian-quiz-blocks,radio,,MML;MVC;PS1,needs-answer,,
2152,26247,37851,multiple-choice,single,obsidian-quiz-blocks,radio,,MML;MVC;PS1,needs-answer,,
2152,26248,37686,multiple-choice,single,obsidian-quiz-blocks,radio,,MML;MVC;PS1,needs-answer,,
2152,26248,81197,multiple-choice,single,obsidian-quiz-blocks,radio,,MML;MVC;PS1,needs-answer,,
2153,20215,39412,multiple-choice,single,obsidian-quiz-blocks,radio,,LAL;PS2,needs-answer,,
2153,20215,39428,multiple-choice,single,obsidian-quiz-blocks,radio,,LAL;PS2,needs-answer,,
2153,20217,40197,multiple-choice,single,obsidian-quiz-blocks,radio,,LAL;PS2,needs-answer,,
2153,20217,40244,multiple-choice,single,obsidian-quiz-blocks,radio,,LAL;PS2,needs-answer,,
2153,20218,39610,multiple-choice,single,obsidian-quiz-blocks,radio,,LAL;PS2,needs-answer,,
2153,20218,39437,multiple-choice,single,obsidian-quiz-blocks,radio,,LAL;PS2,needs-answer,,
2163,132591,89137,multiple-choice,single,obsidian-quiz-blocks,radio,,MML;PAS;PS1,needs-answer,,
2163,132591,210758,free-response,single,,,,,,,
2163,132594,89726,multiple-choice,single,obsidian-quiz-blocks,radio,,MML;PAS;PS1,needs-answer,,
2163,132594,210766,free-response,single,,,,,,,
2163,132598,185532,free-response,single,,,,,,,
2163,132598,210782,free-response,single,,,,,,,
2163,132602,89139,multiple-choice,single,obsidian-quiz-blocks,radio,,MML;PAS;PS1,needs-answer,,
2163,132602,89612,multiple-choice,single,obsidian-quiz-blocks,radio,,MML;PAS;PS1,needs-answer,,
2166,20270,41777,multiple-choice,single,obsidian-quiz-blocks,radio,,LAL;MML;PAS;PS2,needs-answer,,
2166,20270,41775,multiple-choice,single,obsidian-quiz-blocks,radio,,LAL;MML;PAS;PS2,needs-answer,,
2166,20271,40892,multiple-choice,single,obsidian-quiz-blocks,radio,,LAL;MML;PAS;PS2,needs-answer,,
2166,20271,40891,multiple-choice,single,obsidian-quiz-blocks,radio,,LAL;MML;PAS;PS2,needs-answer,,
2166,27532,41783,multiple-choice,single,obsidian-quiz-blocks,radio,,LAL;MML;PAS;PS2,needs-answer,,
2166,27532,41782,multiple-choice,single,obsidian-quiz-blocks,radio,,LAL;MML;PAS;PS2,needs-answer,,
2167,20273,40941,multiple-choice,single,obsidian-quiz-blocks,radio,,LAL;MML;PAS;PS2,needs-answer,,
2167,20273,40943,multiple-choice,single,obsidian-quiz-blocks,radio,,LAL;MML;PAS;PS2,needs-answer,,
2167,20275,41919,multiple-choice,single,obsidian-quiz-blocks,radio,,LAL;MML;PAS;PS2,needs-answer,,
2167,20275,137131,multiple-choice,single,obsidian-quiz-blocks,radio,,LAL;MML;PAS;PS2,needs-answer,,
2167,22147,41912,multiple-choice,single,obsidian-quiz-blocks,radio,,LAL;MML;PAS;PS2,needs-answer,,
2167,22147,41909,multiple-choice,single,obsidian-quiz-blocks,radio,,LAL;MML;PAS;PS2,needs-answer,,
2168,20278,40982,multiple-choice,single,obsidian-quiz-blocks,radio,,LAL;PS2,needs-answer,,
2168,20278,40980,multiple-choice,single,obsidian-quiz-blocks,radio,,LAL;PS2,needs-answer,,
2168,37297,139690,multiple-choice,single,obsidian-quiz-blocks,radio,,LAL;PS2,needs-answer,,
2168,37297,139773,multiple-choice,single,obsidian-quiz-blocks,radio,,LAL;PS2,needs-answer,,
2198,35785,125852,multiple-choice,single,obsidian-quiz-blocks,radio,,MVC;PS2,needs-answer,,
2198,35785,125853,multiple-choice,single,obsidian-quiz-blocks,radio,,MVC;PS2,needs-answer,,
2198,35786,42221,multiple-choice,single,obsidian-quiz-blocks,radio,,MVC;PS2,needs-answer,,
2198,35786,42238,multiple-choice,single,obsidian-quiz-blocks,radio,,MVC;PS2,needs-answer,,
2198,35787,42215,multiple-choice,single,obsidian-quiz-blocks,radio,,MVC;PS2,needs-answer,,
2198,35787,42298,multiple-choice,single,obsidian-quiz-blocks,radio,,MVC;PS2,needs-answer,,
2200,33904,108907,multiple-choice,single,obsidian-quiz-blocks,radio,,LAL;PS2,needs-answer,,
2200,33904,109854,multiple-choice,single,obsidian-quiz-blocks,radio,,LAL;PS2,needs-answer,,
2200,33918,108790,multiple-choice,single,obsidian-quiz-blocks,radio,,LAL;PS2,needs-answer,,
2200,33918,109847,multiple-choice,single,obsidian-quiz-blocks,radio,,LAL;PS2,needs-answer,,
2200,33937,108921,multiple-choice,single,obsidian-quiz-blocks,radio,,LAL;PS2,needs-answer,,
2200,33937,108917,multiple-choice,single,obsidian-quiz-blocks,radio,,LAL;PS2,needs-answer,,
2201,41747,42461,multiple-choice,single,obsidian-quiz-blocks,radio,,LAL;MML;PS1,needs-answer,,
2201,41747,42959,multiple-choice,single,obsidian-quiz-blocks,radio,,LAL;MML;PS1,needs-answer,,
2201,41751,42459,multiple-choice,single,obsidian-quiz-blocks,radio,,LAL;MML;PS1,needs-answer,,
2201,41751,42882,multiple-choice,single,obsidian-quiz-blocks,radio,,LAL;MML;PS1,needs-answer,,
2201,41755,42458,multiple-choice,single,obsidian-quiz-blocks,radio,,LAL;MML;PS1,needs-answer,,
2201,41755,43306,multiple-choice,single,obsidian-quiz-blocks,radio,,LAL;MML;PS1,needs-answer,,
2211,20008,43890,multiple-choice,single,obsidian-quiz-blocks,radio,,LAL;PS1,needs-answer,,
2211,20008,43893,multiple-choice,single,obsidian-quiz-blocks,radio,,LAL;PS1,needs-answer,,
2211,20009,43894,multiple-choice,single,obsidian-quiz-blocks,radio,,LAL;PS1,needs-answer,,
2211,20009,43837,multiple-choice,single,obsidian-quiz-blocks,radio,,LAL;PS1,needs-answer,,
2211,20010,43889,multiple-choice,single,obsidian-quiz-blocks,radio,,LAL;PS1,needs-answer,,
2211,20010,43891,multiple-choice,single,obsidian-quiz-blocks,radio,,LAL;PS1,needs-answer,,
2524,24273,64248,multiple-choice,single,obsidian-quiz-blocks,radio,d,DEQ;PS1,converted-and-verified,manual,label
2524,24273,64217,multiple-choice,single,obsidian-quiz-blocks,radio,e,DEQ;PS1,converted-and-verified,manual,label
2524,24274,64249,multiple-choice,single,obsidian-quiz-blocks,radio,d,DEQ;PS1,converted-and-verified,manual,label
2524,24274,64221,multiple-choice,single,obsidian-quiz-blocks,radio,d,DEQ;PS1,converted-and-verified,manual,label
2524,24275,64231,multiple-choice,single,obsidian-quiz-blocks,radio,d,DEQ;PS1,converted-and-verified,manual,label
2524,24275,64251,multiple-choice,single,obsidian-quiz-blocks,radio,d,DEQ;PS1,converted-and-verified,manual,label
2524,24276,64254,multiple-choice,single,obsidian-quiz-blocks,radio,e,DEQ;PS1,converted-and-verified,manual,label
2524,24276,64218,multiple-choice,single,obsidian-quiz-blocks,radio,e,DEQ;PS1,converted-and-verified,manual,label
2524,24277,64223,multiple-choice,single,obsidian-quiz-blocks,radio,e,DEQ;PS1,converted-and-verified,manual,label
2524,24277,64229,multiple-choice,single,obsidian-quiz-blocks,radio,d,DEQ;PS1,converted-and-verified,manual,label
2525,24686,64589,multiple-choice,single,obsidian-quiz-blocks,radio,e,DEQ;PS1,converted-and-verified,manual,label
2525,24686,64538,multiple-choice,single,obsidian-quiz-blocks,radio,e,DEQ;PS1,converted-and-verified,manual,label
2525,24687,64576,multiple-choice,single,obsidian-quiz-blocks,radio,c,DEQ;PS1,converted-and-verified,manual,label
2525,24687,64617,multiple-choice,single,obsidian-quiz-blocks,radio,c,DEQ;PS1,converted-and-verified,manual,label
2525,24688,64593,multiple-choice,single,obsidian-quiz-blocks,radio,d,DEQ;PS1,converted-and-verified,manual,label
2525,24688,64544,multiple-choice,single,obsidian-quiz-blocks,radio,c,DEQ;PS1,converted-and-verified,manual,label
2525,24692,64547,multiple-choice,single,obsidian-quiz-blocks,radio,c,DEQ;PS1,converted-and-verified,manual,label
2525,24692,64624,multiple-choice,single,obsidian-quiz-blocks,radio,d,DEQ;PS1,converted-and-verified,manual,label
2526,24721,64553,multiple-choice,single,obsidian-quiz-blocks,radio,e,DEQ;PS1,converted-and-verified,manual,label
2526,24721,64594,multiple-choice,single,obsidian-quiz-blocks,radio,b,DEQ;PS1,converted-and-verified,manual,label
2526,24722,64556,multiple-choice,single,obsidian-quiz-blocks,radio,a,DEQ;PS1,converted-and-verified,manual,label
2526,24722,64555,multiple-choice,single,obsidian-quiz-blocks,radio,e,DEQ;PS1,converted-and-verified,manual,label
2526,24723,79461,multiple-choice,single,obsidian-quiz-blocks,radio,e,DEQ;PS1,converted-and-verified,manual,label
2526,24723,64554,multiple-choice,single,obsidian-quiz-blocks,radio,a,DEQ;PS1,converted-and-verified,manual,label
2526,24724,64646,multiple-choice,single,obsidian-quiz-blocks,radio,a,DEQ;PS1,converted-and-verified,manual,label
2526,24724,64572,multiple-choice,single,obsidian-quiz-blocks,radio,a,DEQ;PS1,converted-and-verified,manual,label
2527,592936,337331,select-list,multi,,,,,,,
2527,592936,337733,select-list,multi,,,,,,,
2527,592940,337218,select-list,multi,,,,,,,
2527,592940,337940,select-list,multi,,,,,,,
2527,592944,337332,multiple-choice,single,obsidian-quiz-blocks,radio,c,DEQ;PS1,converted-and-verified,manual,label
2527,592944,337211,multiple-choice,single,obsidian-quiz-blocks,radio,a,DEQ;PS1,converted-and-verified,manual,label
2529,599016,331417,select-list,single,,,,,,,
2529,599016,340717,select-list,single,,,,,,,
2529,599020,331422,select-list,single,,,,,,,
2529,599020,340730,select-list,single,,,,,,,
2529,599024,340634,select-list,multi,,,,,,,
2529,599024,340738,select-list,multi,,,,,,,
2530,603879,78055,multiple-choice,single,obsidian-quiz-blocks,radio,c,DEQ;PS2,converted-and-verified,manual,label
2530,603879,79449,multiple-choice,single,obsidian-quiz-blocks,radio,e,DEQ;PS2,converted-and-verified,manual,label
2530,603882,64358,multiple-choice,single,obsidian-quiz-blocks,radio,e,DEQ;PS2,converted-and-verified,manual,label
2530,603882,64332,multiple-choice,single,obsidian-quiz-blocks,radio,c,DEQ;PS2,converted-and-verified,manual,label
2530,603885,64331,multiple-choice,single,obsidian-quiz-blocks,radio,e,DEQ;PS2,converted-and-verified,manual,label
2530,603885,64350,multiple-choice,single,obsidian-quiz-blocks,radio,b,DEQ;PS2,converted-and-verified,manual,label
2530,603888,64334,multiple-choice,single,obsidian-quiz-blocks,radio,d,DEQ;PS2,converted-and-verified,manual,label
2530,603888,64381,multiple-choice,single,obsidian-quiz-blocks,radio,a,DEQ;PS2,converted-and-verified,manual,label
2531,612635,64375,multiple-choice,single,obsidian-quiz-blocks,radio,a,DEQ;PS2,converted-and-verified,manual,label
2531,612635,64483,multiple-choice,single,obsidian-quiz-blocks,radio,,DEQ;PS2,needs-answer,,
2531,612639,342285,select-list,single,,,,,,,
2531,612639,342287,select-list,single,,,,,,,
2531,612644,342714,select-list,single,,,,,,,
2531,612644,342288,select-list,single,,,,,,,
2532,593579,97931,multiple-choice,single,obsidian-quiz-blocks,radio,b,DEQ;PS1,converted-and-verified,image-id,answer-image-id-1
2532,593579,96516,multiple-choice,single,obsidian-quiz-blocks,radio,b,DEQ;PS1,converted-and-verified,image-id,answer-image-id-1
2532,593582,96512,multiple-choice,single,obsidian-quiz-blocks,radio,e,DEQ;PS1,converted-and-verified,image-id,answer-image-id-1
2532,593582,98532,multiple-choice,single,obsidian-quiz-blocks,radio,c,DEQ;PS1,converted-and-verified,image-id,answer-image-id-1
2532,593585,98630,multiple-choice,single,obsidian-quiz-blocks,radio,a,DEQ;PS1,converted-and-verified,manual,label
2532,593585,96513,multiple-choice,single,obsidian-quiz-blocks,radio,b,DEQ;PS1,converted-and-verified,manual,label
2532,593589,96514,multiple-choice,single,obsidian-quiz-blocks,radio,a,DEQ;PS1,converted-and-verified,image-id,answer-image-id-1
2532,593589,96515,multiple-choice,single,obsidian-quiz-blocks,radio,d,DEQ;PS1,converted-and-verified,image-id,answer-image-id-1
2533,594277,96558,multiple-choice,single,obsidian-quiz-blocks,radio,b,DEQ;PS1,converted-and-verified,manual,label
2533,594277,98710,multiple-choice,single,obsidian-quiz-blocks,radio,a,DEQ;PS1,converted-and-verified,image-id,answer-image-id-1
2533,594280,98753,multiple-choice,single,obsidian-quiz-blocks,radio,e,DEQ;PS1,converted-and-verified,manual,label
2533,594280,96560,multiple-choice,single,obsidian-quiz-blocks,radio,e,DEQ;PS1,converted-and-verified,manual,label
2533,594283,98759,multiple-choice,single,obsidian-quiz-blocks,radio,a,DEQ;PS1,converted-and-verified,manual,label
2533,594283,96555,multiple-choice,single,obsidian-quiz-blocks,radio,a,DEQ;PS1,converted-and-verified,manual,label
2533,594286,96557,multiple-choice,single,obsidian-quiz-blocks,radio,d,DEQ;PS1,converted-and-verified,image-id,answer-image-id-1
2533,594286,98811,multiple-choice,single,obsidian-quiz-blocks,radio,d,DEQ;PS1,converted-and-verified,image-id,answer-image-id-1
2537,599111,89589,multiple-choice,single,obsidian-quiz-blocks,radio,e,DEQ;PS2,converted-and-verified,manual,label
2537,599111,64242,multiple-choice,single,obsidian-quiz-blocks,radio,a,DEQ;PS2,converted-and-verified,manual,label
2537,599116,341117,select-list,multi,,,,,,,
2537,599116,340665,select-list,multi,,,,,,,
2537,599119,64299,multiple-choice,single,obsidian-quiz-blocks,radio,d,DEQ;PS2,converted-and-verified,manual,label
2537,599119,341182,multiple-choice,single,obsidian-quiz-blocks,radio,c,DEQ;PS2,converted-and-verified,manual,label
2538,599772,64323,multiple-choice,single,obsidian-quiz-blocks,radio,b,DEQ;PS2,converted-and-verified,manual,label
2538,599772,64246,multiple-choice,single,obsidian-quiz-blocks,radio,a,DEQ;PS2,converted-and-verified,manual,label
2538,599776,64288,multiple-choice,single,obsidian-quiz-blocks,radio,b,DEQ;PS2,converted-and-verified,manual,label
2538,599776,64405,multiple-choice,single,obsidian-quiz-blocks,radio,a,DEQ;PS2,converted-and-verified,manual,label
2539,21917,71187,multiple-choice,single,obsidian-quiz-blocks,radio,,LAL;MML;PS1,needs-answer,,
2539,21917,71186,multiple-choice,single,obsidian-quiz-blocks,radio,,LAL;MML;PS1,needs-answer,,
2539,21951,71103,multiple-choice,single,obsidian-quiz-blocks,radio,,LAL;MML;PS1,needs-answer,,
2539,21951,71105,multiple-choice,single,obsidian-quiz-blocks,radio,,LAL;MML;PS1,needs-answer,,
2539,21954,71110,multiple-choice,single,obsidian-quiz-blocks,radio,,LAL;MML;PS1,needs-answer,,
2539,21954,71112,multiple-choice,single,obsidian-quiz-blocks,radio,,LAL;MML;PS1,needs-answer,,
2540,604720,83347,multiple-choice,single,obsidian-quiz-blocks,radio,d,DEQ;PS2,converted-and-verified,manual,label
2540,604720,64442,multiple-choice,single,obsidian-quiz-blocks,radio,c,DEQ;PS2,converted-and-verified,manual,label
2540,604725,346064,select-list,multi,,,,,,,
2540,604725,345071,free-response,single,,,,,,,
2547,593389,333508,select-list,multi,,,,,,,
2547,593389,333512,select-list,multi,,,,,,,
2547,593393,64745,multiple-choice,single,obsidian-quiz-blocks,radio,b,DEQ;PS1,converted-and-verified,manual,label
2547,593393,64710,multiple-choice,single,obsidian-quiz-blocks,radio,d,DEQ;PS1,converted-and-verified,manual,label
2547,593397,333517,select-list,multi,,,,,,,
2547,593397,333518,select-list,multi,,,,,,,
2547,593401,333522,multiple-choice,single,obsidian-quiz-blocks,radio,b,DEQ;PS1,converted-and-verified,manual,label
2547,593401,333520,multiple-choice,single,obsidian-quiz-blocks,radio,e,DEQ;PS1,converted-and-verified,manual,label
2548,593372,65008,multiple-choice,single,obsidian-quiz-blocks,radio,a,DEQ;PS1,converted-and-verified,manual,label
2548,593372,64961,multiple-choice,single,obsidian-quiz-blocks,radio,e,DEQ;PS1,converted-and-verified,manual,label
2548,593376,337990,select-list,multi,,,,,,,
2548,593376,337919,select-list,multi,,,,,,,
2548,593380,65017,multiple-choice,single,obsidian-quiz-blocks,radio,c,DEQ;PS1,converted-and-verified,manual,label
2548,593380,64963,multiple-choice,single,obsidian-quiz-blocks,radio,c,DEQ;PS1,converted-and-verified,manual,label
2548,593384,93952,multiple-choice,single,obsidian-quiz-blocks,radio,c,DEQ;PS1,converted-and-verified,manual,label
2548,593384,65014,multiple-choice,single,obsidian-quiz-blocks,radio,c,DEQ;PS1,converted-and-verified,manual,label
2549,24210,65109,multiple-choice,single,obsidian-quiz-blocks,radio,b,DEQ;PS1,converted-and-verified,manual,label
2549,24210,65112,multiple-choice,single,obsidian-quiz-blocks,radio,c,DEQ;PS1,converted-and-verified,manual,label
2549,25425,79724,multiple-choice,single,obsidian-quiz-blocks,radio,b,DEQ;PS1,converted-and-verified,manual,label
2549,25425,65077,multiple-choice,single,obsidian-quiz-blocks,radio,a,DEQ;PS1,converted-and-verified,manual,label
2549,25426,79730,multiple-choice,single,obsidian-quiz-blocks,radio,d,DEQ;PS1,converted-and-verified,manual,label
2549,25426,79728,multiple-choice,single,obsidian-quiz-blocks,radio,c,DEQ;PS1,converted-and-verified,manual,label
2616,25788,80265,multiple-choice,single,obsidian-quiz-blocks,radio,,MML;MVC;PS1,needs-answer,,
2616,25788,80425,multiple-choice,single,obsidian-quiz-blocks,radio,,MML;MVC;PS1,needs-answer,,
2616,25790,80266,multiple-choice,single,obsidian-quiz-blocks,radio,,MML;MVC;PS1,needs-answer,,
2616,25790,80430,multiple-choice,single,obsidian-quiz-blocks,radio,,MML;MVC;PS1,needs-answer,,
2616,25792,80267,multiple-choice,single,obsidian-quiz-blocks,radio,,MML;MVC;PS1,needs-answer,,
2616,25792,80438,multiple-choice,single,obsidian-quiz-blocks,radio,,MML;MVC;PS1,needs-answer,,
2623,23537,34524,multiple-choice,single,obsidian-quiz-blocks,radio,,LAL;MML;PS1,needs-answer,,
2623,23537,35676,multiple-choice,single,obsidian-quiz-blocks,radio,,LAL;MML;PS1,needs-answer,,
2623,23539,34510,multiple-choice,single,obsidian-quiz-blocks,radio,,LAL;MML;PS1,needs-answer,,
2623,23539,34462,multiple-choice,single,obsidian-quiz-blocks,radio,,LAL;MML;PS1,needs-answer,,
2623,23569,75603,multiple-choice,single,obsidian-quiz-blocks,radio,,LAL;MML;PS1,needs-answer,,
2623,23569,34530,multiple-choice,single,obsidian-quiz-blocks,radio,,LAL;MML;PS1,needs-answer,,
2635,23676,76508,multiple-choice,single,obsidian-quiz-blocks,radio,,MVC;PS2,needs-answer,,
2635,23676,76483,multiple-choice,single,obsidian-quiz-blocks,radio,,MVC;PS2,needs-answer,,
2635,23689,76188,multiple-choice,single,obsidian-quiz-blocks,radio,,MVC;PS2,needs-answer,,
2635,23689,76189,multiple-choice,single,obsidian-quiz-blocks,radio,,MVC;PS2,needs-answer,,
2638,23720,76345,multiple-choice,single,obsidian-quiz-blocks,radio,,MVC;PS2,needs-answer,,
2638,23720,76355,multiple-choice,single,obsidian-quiz-blocks,radio,,MVC;PS2,needs-answer,,
2638,23721,76353,multiple-choice,single,obsidian-quiz-blocks,radio,,MVC;PS2,needs-answer,,
2638,23721,41188,multiple-choice,single,obsidian-quiz-blocks,radio,,MVC;PS2,needs-answer,,
2638,23722,76347,multiple-choice,single,obsidian-quiz-blocks,radio,,MVC;PS2,needs-answer,,
2638,23722,76339,multiple-choice,single,obsidian-quiz-blocks,radio,,MVC;PS2,needs-answer,,
2703,24121,38389,multiple-choice,single,obsidian-quiz-blocks,radio,,LAL;PS1,needs-answer,,
2703,24121,38387,multiple-choice,single,obsidian-quiz-blocks,radio,,LAL;PS1,needs-answer,,
2703,24122,38388,multiple-choice,single,obsidian-quiz-blocks,radio,,LAL;PS1,needs-answer,,
2703,24122,38396,multiple-choice,single,obsidian-quiz-blocks,radio,,LAL;PS1,needs-answer,,
2703,27256,81931,multiple-choice,single,obsidian-quiz-blocks,radio,,LAL;PS1,needs-answer,,
2703,27256,82041,multiple-choice,single,obsidian-quiz-blocks,radio,,LAL;PS1,needs-answer,,
2722,35389,138759,multiple-choice,single,obsidian-quiz-blocks,radio,,CA1;MVC;PS2,needs-answer,,
2722,35389,138758,multiple-choice,single,obsidian-quiz-blocks,radio,,CA1;MVC;PS2,needs-answer,,
2722,37095,138760,multiple-choice,single,obsidian-quiz-blocks,radio,,CA1;MVC;PS2,needs-answer,,
2722,37095,138767,multiple-choice,single,obsidian-quiz-blocks,radio,,CA1;MVC;PS2,needs-answer,,
2722,37098,138769,multiple-choice,single,obsidian-quiz-blocks,radio,,CA1;MVC;PS2,needs-answer,,
2722,37098,138770,multiple-choice,single,obsidian-quiz-blocks,radio,,CA1;MVC;PS2,needs-answer,,
2738,33795,109500,multiple-choice,single,obsidian-quiz-blocks,radio,,LAL;PS1,needs-answer,,
2738,33795,109113,multiple-choice,single,obsidian-quiz-blocks,radio,,LAL;PS1,needs-answer,,
2738,33799,109243,multiple-choice,single,obsidian-quiz-blocks,radio,,LAL;PS1,needs-answer,,
2738,33799,108979,multiple-choice,single,obsidian-quiz-blocks,radio,,LAL;PS1,needs-answer,,
2738,33800,109117,multiple-choice,single,obsidian-quiz-blocks,radio,,LAL;PS1,needs-answer,,
2738,33800,109587,multiple-choice,single,obsidian-quiz-blocks,radio,,LAL;PS1,needs-answer,,
2740,601712,65095,multiple-choice,single,obsidian-quiz-blocks,radio,a,DEQ;PS1,converted-and-verified,manual,label
2740,601712,65175,multiple-choice,single,obsidian-quiz-blocks,radio,e,DEQ;PS1,converted-and-verified,manual,label
2740,601715,65118,multiple-choice,single,obsidian-quiz-blocks,radio,b,DEQ;PS1,converted-and-verified,manual,label
2740,601715,65119,multiple-choice,single,obsidian-quiz-blocks,radio,d,DEQ;PS1,converted-and-verified,manual,label
2740,601718,65105,multiple-choice,single,obsidian-quiz-blocks,radio,b,DEQ;PS1,converted-and-verified,manual,label
2740,601718,65121,multiple-choice,single,obsidian-quiz-blocks,radio,b,DEQ;PS1,converted-and-verified,manual,label
2740,601722,339880,select-list,multi,,,,,,,
2740,601722,339917,select-list,multi,,,,,,,
2741,593801,7788,multiple-choice,single,obsidian-quiz-blocks,radio,d,DEQ;PS1,converted-and-verified,manual,label
2741,593801,130343,multiple-choice,single,obsidian-quiz-blocks,radio,d,DEQ;PS1,converted-and-verified,manual,label
2741,593804,7814,multiple-choice,single,obsidian-quiz-blocks,radio,a,DEQ;PS1,converted-and-verified,manual,label
2741,593804,130346,multiple-choice,single,obsidian-quiz-blocks,radio,c,DEQ;PS1,converted-and-verified,manual,label
2741,593807,65117,multiple-choice,single,obsidian-quiz-blocks,radio,d,DEQ;PS1,converted-and-verified,manual,label
2741,593807,130365,multiple-choice,single,obsidian-quiz-blocks,radio,a,DEQ;PS1,converted-and-verified,manual,label
2741,593810,7895,multiple-choice,single,obsidian-quiz-blocks,radio,c,DEQ;PS1,converted-and-verified,manual,label
2741,593810,130534,multiple-choice,single,obsidian-quiz-blocks,radio,b,DEQ;PS1,converted-and-verified,manual,label
2742,593471,131002,multiple-choice,single,obsidian-quiz-blocks,radio,e,DEQ;PS2,converted-and-verified,manual,label
2742,593471,64962,multiple-choice,single,obsidian-quiz-blocks,radio,b,DEQ;PS2,converted-and-verified,manual,label
2742,593475,338513,multiple-choice,single,obsidian-quiz-blocks,radio,e,DEQ;PS2,converted-and-verified,manual,label
2742,593475,338510,multiple-choice,single,obsidian-quiz-blocks,radio,b,DEQ;PS2,converted-and-verified,manual,label
2742,593479,338516,select-list,multi,,,,,,,
2742,593479,338646,select-list,multi,,,,,,,
2759,30959,95210,multiple-choice,single,obsidian-quiz-blocks,radio,,LAL;PS1,needs-answer,,
2759,30959,36471,multiple-choice,single,obsidian-quiz-blocks,radio,,LAL;PS1,needs-answer,,
2759,30960,36477,multiple-choice,single,obsidian-quiz-blocks,radio,,LAL;PS1,needs-answer,,
2759,30960,36480,multiple-choice,single,obsidian-quiz-blocks,radio,,LAL;PS1,needs-answer,,
2759,30967,95236,multiple-choice,single,obsidian-quiz-blocks,radio,,LAL;PS1,needs-answer,,
2759,30967,94765,multiple-choice,single,obsidian-quiz-blocks,radio,,LAL;PS1,needs-answer,,
2759,31051,95093,multiple-choice,single,obsidian-quiz-blocks,radio,,LAL;PS1,needs-answer,,
2759,31051,36473,multiple-choice,single,obsidian-quiz-blocks,radio,,LAL;PS1,needs-answer,,
2760,594597,331183,free-response,single,,,,,,,
2760,594597,331233,free-response,single,,,,,,,
2760,594601,331245,multiple-choice,single,obsidian-quiz-blocks,radio,,DEQ;PS2,needs-answer,,
2760,594601,331249,multiple-choice,single,obsidian-quiz-blocks,radio,,DEQ;PS2,needs-answer,,
2760,594606,331266,multiple-choice,single,obsidian-quiz-blocks,radio,,DEQ;PS2,needs-answer,,
2760,594606,331270,multiple-choice,single,obsidian-quiz-blocks,radio,,DEQ;PS2,needs-answer,,
2818,550836,80600,multiple-choice,single,obsidian-quiz-blocks,radio,b,DEQ;PS2,converted-and-verified,manual,label
2818,550836,80548,multiple-choice,single,obsidian-quiz-blocks,radio,d,DEQ;PS2,converted-and-verified,manual,label
2818,550839,325120,multiple-choice,single,obsidian-quiz-blocks,radio,b,DEQ;PS2,converted-and-verified,manual,label
2818,550839,325134,multiple-choice,single,obsidian-quiz-blocks,radio,a,DEQ;PS2,converted-and-verified,manual,label
2818,550842,325135,multiple-choice,single,obsidian-quiz-blocks,radio,c,DEQ;PS2,converted-and-verified,manual,label
2818,550842,325136,multiple-choice,single,obsidian-quiz-blocks,radio,c,DEQ;PS2,converted-and-verified,manual,label
2819,577658,329578,free-response,multi,,,,,,,
2819,577658,328592,multiple-choice,single,obsidian-quiz-blocks,radio,e,DEQ;PS2,converted-and-verified,manual,label
2819,577661,328593,multiple-choice,single,obsidian-quiz-blocks,radio,d,DEQ;PS2,converted-and-verified,manual,label
2819,577661,328594,multiple-choice,single,obsidian-quiz-blocks,radio,a,DEQ;PS2,converted-and-verified,manual,label
2819,577664,328595,multiple-choice,single,obsidian-quiz-blocks,radio,a,DEQ;PS2,converted-and-verified,manual,label
2819,577664,328596,multiple-choice,single,obsidian-quiz-blocks,radio,d,DEQ;PS2,converted-and-verified,manual,label
2819,577667,328597,multiple-choice,single,obsidian-quiz-blocks,radio,d,DEQ;PS2,converted-and-verified,manual,label
2819,577667,328599,multiple-choice,single,obsidian-quiz-blocks,radio,d,DEQ;PS2,converted-and-verified,manual,label
2824,45106,80940,multiple-choice,single,obsidian-quiz-blocks,radio,,MML;MVC;PS1,needs-answer,,
2824,45106,102477,multiple-choice,single,obsidian-quiz-blocks,radio,,MML;MVC;PS1,needs-answer,,
2824,45109,80944,multiple-choice,single,obsidian-quiz-blocks,radio,,MML;MVC;PS1,needs-answer,,
2824,45109,81029,multiple-choice,single,obsidian-quiz-blocks,radio,,MML;MVC;PS1,needs-answer,,
2824,45116,80939,multiple-choice,single,obsidian-quiz-blocks,radio,,MML;MVC;PS1,needs-answer,,
2824,45116,102699,multiple-choice,single,obsidian-quiz-blocks,radio,,MML;MVC;PS1,needs-answer,,
2825,26152,39400,multiple-choice,single,obsidian-quiz-blocks,radio,,LAL;MML;PS2,needs-answer,,
2825,26152,40291,multiple-choice,single,obsidian-quiz-blocks,radio,,LAL;MML;PS2,needs-answer,,
2825,26153,39493,multiple-choice,single,obsidian-quiz-blocks,radio,,LAL;MML;PS2,needs-answer,,
2825,26153,39401,multiple-choice,single,obsidian-quiz-blocks,radio,,LAL;MML;PS2,needs-answer,,
2828,26359,80871,multiple-choice,single,obsidian-quiz-blocks,radio,,LAL;MML;MOP;PS1,needs-answer,,
2828,26359,36189,multiple-choice,single,obsidian-quiz-blocks,radio,,LAL;MML;MOP;PS1,needs-answer,,
2828,26360,80875,multiple-choice,single,obsidian-quiz-blocks,radio,,LAL;MML;MOP;PS1,needs-answer,,
2828,26360,36195,multiple-choice,single,obsidian-quiz-blocks,radio,,LAL;MML;MOP;PS1,needs-answer,,
2828,26372,81446,multiple-choice,single,obsidian-quiz-blocks,radio,,LAL;MML;MOP;PS1,needs-answer,,
2828,26372,81445,multiple-choice,single,obsidian-quiz-blocks,radio,,LAL;MML;MOP;PS1,needs-answer,,
2829,26366,81447,multiple-choice,single,obsidian-quiz-blocks,radio,,LAL;MML;MOP;PS1,needs-answer,,
2829,26366,81449,multiple-choice,single,obsidian-quiz-blocks,radio,,LAL;MML;MOP;PS1,needs-answer,,
2829,26368,1232,multiple-choice,single,obsidian-quiz-blocks,radio,,LAL;MML;MOP;PS1,needs-answer,,
2829,26368,1236,multiple-choice,single,obsidian-quiz-blocks,radio,,LAL;MML;MOP;PS1,needs-answer,,
2829,26369,1233,multiple-choice,single,obsidian-quiz-blocks,radio,,LAL;MML;MOP;PS1,needs-answer,,
2829,26369,1228,multiple-choice,single,obsidian-quiz-blocks,radio,,LAL;MML;MOP;PS1,needs-answer,,
2832,179740,160605,multiple-choice,single,obsidian-quiz-blocks,radio,,MVC;PS1,needs-answer,,
2832,179740,160357,multiple-choice,single,obsidian-quiz-blocks,radio,,MVC;PS1,needs-answer,,
2832,179743,160478,multiple-choice,single,obsidian-quiz-blocks,radio,,MVC;PS1,needs-answer,,
2832,179743,160610,multiple-choice,single,obsidian-quiz-blocks,radio,,MVC;PS1,needs-answer,,
2832,179747,160611,multiple-choice,single,obsidian-quiz-blocks,radio,,MVC;PS1,needs-answer,,
2832,179747,225164,multiple-choice,single,obsidian-quiz-blocks,radio,,MVC;PS1,needs-answer,,
2832,179752,160353,multiple-choice,single,obsidian-quiz-blocks,radio,a,MVC;PS1,converted-and-verified,image-id,answer-image-id-1
2832,179752,160570,multiple-choice,single,obsidian-quiz-blocks,radio,e,MVC;PS1,converted-and-verified,image-id,answer-image-id-1
2835,27488,83789,multiple-choice,single,obsidian-quiz-blocks,radio,,MVC;PS1,needs-answer,,
2835,27488,83980,multiple-choice,single,obsidian-quiz-blocks,radio,,MVC;PS1,needs-answer,,
2835,27489,161102,multiple-choice,single,obsidian-quiz-blocks,radio,,MVC;PS1,needs-answer,,
2835,27489,83986,multiple-choice,single,obsidian-quiz-blocks,radio,,MVC;PS1,needs-answer,,
2835,27493,83948,multiple-choice,single,obsidian-quiz-blocks,radio,,MVC;PS1,needs-answer,,
2835,27493,85059,multiple-choice,single,obsidian-quiz-blocks,radio,,MVC;PS1,needs-answer,,
2836,27503,83866,multiple-choice,single,obsidian-quiz-blocks,radio,,DSM;MML;PAS;PS1,needs-answer,,
2836,27503,83867,multiple-choice,single,obsidian-quiz-blocks,radio,,DSM;MML;PAS;PS1,needs-answer,,
2836,27504,84102,multiple-choice,single,obsidian-quiz-blocks,radio,,DSM;MML;PAS;PS1,needs-answer,,
2836,27504,108922,multiple-choice,single,obsidian-quiz-blocks,radio,,DSM;MML;PAS;PS1,needs-answer,,
2836,34021,83869,multiple-choice,single,obsidian-quiz-blocks,radio,,DSM;MML;PAS;PS1,needs-answer,,
2836,34021,108537,multiple-choice,single,obsidian-quiz-blocks,radio,,DSM;MML;PAS;PS1,needs-answer,,
2854,589700,334055,select-list,multi,,,,,,,
2854,589700,334066,select-list,multi,,,,,,,
2854,589705,334082,multiple-choice,single,obsidian-quiz-blocks,radio,e,DEQ;PS2,converted-and-verified,manual,label
2854,589705,334693,multiple-choice,single,obsidian-quiz-blocks,radio,d,DEQ;PS2,converted-and-verified,manual,label
2854,589709,335368,select-list,multi,,,,,,,
2854,589709,334685,select-list,multi,,,,,,,
2973,593161,337251,multiple-choice,single,obsidian-quiz-blocks,radio,a,DEQ;PS1,converted-and-verified,manual,label
2973,593161,337171,multiple-choice,single,obsidian-quiz-blocks,radio,b,DEQ;PS1,converted-and-verified,manual,label
2973,593165,337174,select-list,multi,,,,,,,
2973,593165,337175,select-list,multi,,,,,,,
2973,593169,337177,select-list,multi,,,,,,,
2973,593169,337179,select-list,multi,,,,,,,
2980,29347,88854,multiple-choice,single,obsidian-quiz-blocks,radio,,MML;PAS;PS2,needs-answer,,
2980,29347,88858,multiple-choice,single,obsidian-quiz-blocks,radio,,MML;PAS;PS2,needs-answer,,
2980,38142,143187,multiple-choice,single,obsidian-quiz-blocks,radio,,MML;PAS;PS2,needs-answer,,
2980,38142,143190,multiple-choice,single,obsidian-quiz-blocks,radio,,MML;PAS;PS2,needs-answer,,
2987,39754,90279,multiple-choice,single,obsidian-quiz-blocks,radio,,MML;PAS;PS1,needs-answer,,
2987,39754,149708,multiple-choice,single,obsidian-quiz-blocks,radio,,MML;PAS;PS1,needs-answer,,
2987,39755,149701,multiple-choice,single,obsidian-quiz-blocks,radio,,MML;PAS;PS1,needs-answer,,
2987,39755,149702,multiple-choice,single,obsidian-quiz-blocks,radio,,MML;PAS;PS1,needs-answer,,
2987,39756,149704,multiple-choice,single,obsidian-quiz-blocks,radio,,MML;PAS;PS1,needs-answer,,
2987,39756,149703,multiple-choice,single,obsidian-quiz-blocks,radio,,MML;PAS;PS1,needs-answer,,
2988,29832,90308,multiple-choice,single,obsidian-quiz-blocks,radio,,MML;PAS;PS1,needs-answer,,
2988,29832,90533,multiple-choice,single,obsidian-quiz-blocks,radio,,MML;PAS;PS1,needs-answer,,
2988,29834,90309,multiple-choice,single,obsidian-quiz-blocks,radio,,MML;PAS;PS1,needs-answer,,
2988,29834,90538,multiple-choice,single,obsidian-quiz-blocks,radio,,MML;PAS;PS1,needs-answer,,
2994,31585,96131,multiple-choice,single,obsidian-quiz-blocks,radio,,MML;PAS;PS1,needs-answer,,
2994,31585,96568,multiple-choice,single,obsidian-quiz-blocks,radio,,MML;PAS;PS1,needs-answer,,
2994,31587,96132,multiple-choice,single,obsidian-quiz-blocks,radio,,MML;PAS;PS1,needs-answer,,
2994,31587,96134,multiple-choice,single,obsidian-quiz-blocks,radio,,MML;PAS;PS1,needs-answer,,
2994,31588,96137,multiple-choice,single,obsidian-quiz-blocks,radio,,MML;PAS;PS1,needs-answer,,
2994,31588,96138,multiple-choice,single,obsidian-quiz-blocks,radio,,MML;PAS;PS1,needs-answer,,
3001,34016,109683,multiple-choice,single,obsidian-quiz-blocks,radio,,MML;MVC;PAS;PS1,needs-answer,,
3001,34016,109334,multiple-choice,single,obsidian-quiz-blocks,radio,,MML;MVC;PAS;PS1,needs-answer,,
3001,34339,109686,multiple-choice,single,obsidian-quiz-blocks,radio,,MML;MVC;PAS;PS1,needs-answer,,
3001,34339,109335,multiple-choice,single,obsidian-quiz-blocks,radio,,MML;MVC;PAS;PS1,needs-answer,,
3001,34343,109336,multiple-choice,single,obsidian-quiz-blocks,radio,,MML;MVC;PAS;PS1,needs-answer,,
3001,34343,109337,multiple-choice,single,obsidian-quiz-blocks,radio,,MML;MVC;PAS;PS1,needs-answer,,
3002,34274,110394,multiple-choice,single,obsidian-quiz-blocks,radio,,MML;PAS;PS1,needs-answer,,
3002,34274,110398,multiple-choice,single,obsidian-quiz-blocks,radio,,MML;PAS;PS1,needs-answer,,
3002,34277,110400,multiple-choice,single,obsidian-quiz-blocks,radio,,MML;PAS;PS1,needs-answer,,
3002,34277,142578,multiple-choice,single,obsidian-quiz-blocks,radio,,MML;PAS;PS1,needs-answer,,
3002,37907,110395,multiple-choice,single,obsidian-quiz-blocks,radio,,MML;PAS;PS1,needs-answer,,
3002,37907,142494,multiple-choice,single,obsidian-quiz-blocks,radio,,MML;PAS;PS1,needs-answer,,
3003,34630,114422,multiple-choice,single,obsidian-quiz-blocks,radio,,MML;PAS;PS1,needs-answer,,
3003,34630,142547,multiple-choice,single,obsidian-quiz-blocks,radio,,MML;PAS;PS1,needs-answer,,
3003,34637,114432,multiple-choice,single,obsidian-quiz-blocks,radio,,MML;PAS;PS1,needs-answer,,
3003,34637,142906,multiple-choice,single,obsidian-quiz-blocks,radio,,MML;PAS;PS1,needs-answer,,
3003,37921,114425,multiple-choice,single,obsidian-quiz-blocks,radio,,MML;PAS;PS1,needs-answer,,
3003,37921,142554,multiple-choice,single,obsidian-quiz-blocks,radio,,MML;PAS;PS1,needs-answer,,
3003,37922,142549,multiple-choice,single,obsidian-quiz-blocks,radio,,MML;PAS;PS1,needs-answer,,
3003,37922,114424,multiple-choice,single,obsidian-quiz-blocks,radio,,MML;PAS;PS1,needs-answer,,
3004,38839,145559,multiple-choice,single,obsidian-quiz-blocks,radio,,MML;PAS;PS1,needs-answer,,
3004,38839,145616,multiple-choice,single,obsidian-quiz-blocks,radio,,MML;PAS;PS1,needs-answer,,
3004,38840,145626,multiple-choice,single,obsidian-quiz-blocks,radio,,MML;PAS;PS1,needs-answer,,
3004,38840,145619,multiple-choice,single,obsidian-quiz-blocks,radio,,MML;PAS;PS1,needs-answer,,
3004,38938,145892,multiple-choice,single,obsidian-quiz-blocks,radio,,MML;PAS;PS1,needs-answer,,
3004,38938,145888,multiple-choice,single,obsidian-quiz-blocks,radio,,MML;PAS;PS1,needs-answer,,
3004,38939,145894,multiple-choice,single,obsidian-quiz-blocks,radio,,MML;PAS;PS1,needs-answer,,
3004,38939,145909,multiple-choice,single,obsidian-quiz-blocks,radio,,MML;PAS;PS1,needs-answer,,
3009,33933,109526,multiple-choice,single,obsidian-quiz-blocks,radio,,MML;PAS;PS2,needs-answer,,
3009,33933,108968,multiple-choice,single,obsidian-quiz-blocks,radio,,MML;PAS;PS2,needs-answer,,
3009,33983,108908,multiple-choice,single,obsidian-quiz-blocks,radio,,MML;PAS;PS2,needs-answer,,
3009,33983,108970,multiple-choice,single,obsidian-quiz-blocks,radio,,MML;PAS;PS2,needs-answer,,
3009,33986,108975,multiple-choice,single,obsidian-quiz-blocks,radio,,MML;PAS;PS2,needs-answer,,
3009,33986,109672,multiple-choice,single,obsidian-quiz-blocks,radio,,MML;PAS;PS2,needs-answer,,
3009,33988,108976,multiple-choice,single,obsidian-quiz-blocks,radio,,MML;PAS;PS2,needs-answer,,
3009,33988,110340,multiple-choice,single,obsidian-quiz-blocks,radio,,MML;PAS;PS2,needs-answer,,
3013,38036,143189,multiple-choice,single,obsidian-quiz-blocks,radio,,MML;PAS;PS2,needs-answer,,
3013,38036,143192,multiple-choice,single,obsidian-quiz-blocks,radio,,MML;PAS;PS2,needs-answer,,
3013,38037,143197,multiple-choice,single,obsidian-quiz-blocks,radio,,MML;PAS;PS2,needs-answer,,
3013,38037,143202,multiple-choice,single,obsidian-quiz-blocks,radio,,MML;PAS;PS2,needs-answer,,
3013,38040,143205,multiple-choice,single,obsidian-quiz-blocks,radio,,MML;PAS;PS2,needs-answer,,
3013,38040,143498,multiple-choice,single,obsidian-quiz-blocks,radio,,MML;PAS;PS2,needs-answer,,
3022,38091,143468,multiple-choice,single,obsidian-quiz-blocks,radio,,MML;PAS;PS2,needs-answer,,
3022,38091,143458,multiple-choice,single,obsidian-quiz-blocks,radio,,MML;PAS;PS2,needs-answer,,
3022,38092,143460,multiple-choice,single,obsidian-quiz-blocks,radio,,MML;PAS;PS2,needs-answer,,
3022,38092,143461,multiple-choice,single,obsidian-quiz-blocks,radio,,MML;PAS;PS2,needs-answer,,
3022,38093,143634,multiple-choice,single,obsidian-quiz-blocks,radio,,MML;PAS;PS2,needs-answer,,
3022,38093,143459,multiple-choice,single,obsidian-quiz-blocks,radio,,MML;PAS;PS2,needs-answer,,
3024,30818,94432,multiple-choice,single,obsidian-quiz-blocks,radio,,PAS;PS1,needs-answer,,
3024,30818,94564,multiple-choice,single,obsidian-quiz-blocks,radio,,PAS;PS1,needs-answer,,
3024,30819,94433,multiple-choice,single,obsidian-quiz-blocks,radio,,PAS;PS1,needs-answer,,
3024,30819,125775,multiple-choice,single,obsidian-quiz-blocks,radio,,PAS;PS1,needs-answer,,
3024,30820,94434,multiple-choice,single,obsidian-quiz-blocks,radio,,PAS;PS1,needs-answer,,
3024,30820,94576,multiple-choice,single,obsidian-quiz-blocks,radio,,PAS;PS1,needs-answer,,
3024,30821,94701,multiple-choice,single,obsidian-quiz-blocks,radio,,PAS;PS1,needs-answer,,
3024,30821,94435,multiple-choice,single,obsidian-quiz-blocks,radio,,PAS;PS1,needs-answer,,
3025,30823,94955,multiple-choice,single,obsidian-quiz-blocks,radio,,PAS;PS1,needs-answer,,
3025,30823,95160,multiple-choice,single,obsidian-quiz-blocks,radio,,PAS;PS1,needs-answer,,
3025,30824,94956,multiple-choice,single,obsidian-quiz-blocks,radio,,PAS;PS1,needs-answer,,
3025,30824,95187,multiple-choice,single,obsidian-quiz-blocks,radio,,PAS;PS1,needs-answer,,
3025,30825,94958,multiple-choice,single,obsidian-quiz-blocks,radio,,PAS;PS1,needs-answer,,
3025,30825,97049,multiple-choice,single,obsidian-quiz-blocks,radio,,PAS;PS1,needs-answer,,
3025,30826,94957,multiple-choice,single,obsidian-quiz-blocks,radio,,PAS;PS1,needs-answer,,
3025,30826,95360,multiple-choice,single,obsidian-quiz-blocks,radio,,PAS;PS1,needs-answer,,
3028,33959,108934,multiple-choice,single,obsidian-quiz-blocks,radio,,DSM;MML;PAS;PS1,needs-answer,,
3028,33959,108935,multiple-choice,single,obsidian-quiz-blocks,radio,,DSM;MML;PAS;PS1,needs-answer,,
3028,33961,108936,multiple-choice,single,obsidian-quiz-blocks,radio,,DSM;MML;PAS;PS1,needs-answer,,
3028,33961,108945,multiple-choice,single,obsidian-quiz-blocks,radio,,DSM;MML;PAS;PS1,needs-answer,,
3028,33963,108940,multiple-choice,single,obsidian-quiz-blocks,radio,,DSM;MML;PAS;PS1,needs-answer,,
3028,33963,108946,multiple-choice,single,obsidian-quiz-blocks,radio,,DSM;MML;PAS;PS1,needs-answer,,
3029,30053,42561,multiple-choice,single,obsidian-quiz-blocks,radio,,LAL;MML;PS1,needs-answer,,
3029,30053,91171,multiple-choice,single,obsidian-quiz-blocks,radio,,LAL;MML;PS1,needs-answer,,
3029,30054,91208,multiple-choice,single,obsidian-quiz-blocks,radio,,LAL;MML;PS1,needs-answer,,
3029,30054,42563,multiple-choice,single,obsidian-quiz-blocks,radio,,LAL;MML;PS1,needs-answer,,
3029,30059,91163,multiple-choice,single,obsidian-quiz-blocks,radio,,LAL;MML;PS1,needs-answer,,
3029,30059,42531,multiple-choice,single,obsidian-quiz-blocks,radio,,LAL;MML;PS1,needs-answer,,
3029,30061,91189,multiple-choice,single,obsidian-quiz-blocks,radio,,LAL;MML;PS1,needs-answer,,
3029,30061,42917,multiple-choice,single,obsidian-quiz-blocks,radio,,LAL;MML;PS1,needs-answer,,
3048,44848,136853,multiple-choice,single,obsidian-quiz-blocks,radio,,MML;PAS;PS1,needs-answer,,
3048,44848,143438,multiple-choice,single,obsidian-quiz-blocks,radio,,MML;PAS;PS1,needs-answer,,
3048,44851,110385,multiple-choice,single,obsidian-quiz-blocks,radio,,MML;PAS;PS1,needs-answer,,
3048,44851,110386,multiple-choice,single,obsidian-quiz-blocks,radio,,MML;PAS;PS1,needs-answer,,
3048,44854,162744,multiple-choice,single,obsidian-quiz-blocks,radio,,MML;PAS;PS1,needs-answer,,
3048,44854,162745,multiple-choice,single,obsidian-quiz-blocks,radio,,MML;PAS;PS1,needs-answer,,
3049,38977,147416,multiple-choice,single,obsidian-quiz-blocks,radio,,MML;PAS;PS2,needs-answer,,
3049,38977,146170,multiple-choice,single,obsidian-quiz-blocks,radio,,MML;PAS;PS2,needs-answer,,
3049,39007,146266,multiple-choice,single,obsidian-quiz-blocks,radio,,MML;PAS;PS2,needs-answer,,
3049,39007,146387,multiple-choice,single,obsidian-quiz-blocks,radio,,MML;PAS;PS2,needs-answer,,
3049,39008,147920,multiple-choice,single,obsidian-quiz-blocks,radio,,MML;PAS;PS2,needs-answer,,
3049,39008,146384,multiple-choice,single,obsidian-quiz-blocks,radio,,MML;PAS;PS2,needs-answer,,
3049,39010,146149,multiple-choice,single,obsidian-quiz-blocks,radio,,MML;PAS;PS2,needs-answer,,
3049,39010,146150,multiple-choice,single,obsidian-quiz-blocks,radio,,MML;PAS;PS2,needs-answer,,
3050,39086,146468,multiple-choice,single,obsidian-quiz-blocks,radio,,MML;PAS;PS2,needs-answer,,
3050,39086,146469,multiple-choice,single,obsidian-quiz-blocks,radio,,MML;PAS;PS2,needs-answer,,
3050,39089,148368,multiple-choice,single,obsidian-quiz-blocks,radio,,MML;PAS;PS2,needs-answer,,
3050,39089,146471,multiple-choice,single,obsidian-quiz-blocks,radio,,MML;PAS;PS2,needs-answer,,
3050,39123,146522,multiple-choice,single,obsidian-quiz-blocks,radio,,MML;PAS;PS2,needs-answer,,
3050,39123,148425,multiple-choice,single,obsidian-quiz-blocks,radio,,MML;PAS;PS2,needs-answer,,
3052,34255,110366,multiple-choice,single,obsidian-quiz-blocks,radio,,MML;MVC;PAS;PS2,needs-answer,,
3052,34255,110368,multiple-choice,single,obsidian-quiz-blocks,radio,,MML;MVC;PAS;PS2,needs-answer,,
3052,34258,110369,multiple-choice,single,obsidian-quiz-blocks,radio,,MML;MVC;PAS;PS2,needs-answer,,
3052,34258,110370,multiple-choice,single,obsidian-quiz-blocks,radio,,MML;MVC;PAS;PS2,needs-answer,,
3052,34353,110861,multiple-choice,single,obsidian-quiz-blocks,radio,,MML;MVC;PAS;PS2,needs-answer,,
3052,34353,110367,multiple-choice,single,obsidian-quiz-blocks,radio,,MML;MVC;PAS;PS2,needs-answer,,
3053,38825,145411,multiple-choice,single,obsidian-quiz-blocks,radio,,MML;PAS;PS2,needs-answer,,
3053,38825,145557,multiple-choice,single,obsidian-quiz-blocks,radio,,MML;PAS;PS2,needs-answer,,
3053,38846,145410,multiple-choice,single,obsidian-quiz-blocks,radio,,MML;PAS;PS2,needs-answer,,
3053,38846,146248,multiple-choice,single,obsidian-quiz-blocks,radio,,MML;PAS;PS2,needs-answer,,
3053,38982,146151,multiple-choice,single,obsidian-quiz-blocks,radio,,MML;PAS;PS2,needs-answer,,
3053,38982,146288,multiple-choice,single,obsidian-quiz-blocks,radio,,MML;PAS;PS2,needs-answer,,
3061,38193,111896,multiple-choice,single,obsidian-quiz-blocks,radio,,MML;PAS;PS2,needs-answer,,
3061,38193,143861,multiple-choice,single,obsidian-quiz-blocks,radio,,MML;PAS;PS2,needs-answer,,
3061,38194,111897,multiple-choice,single,obsidian-quiz-blocks,radio,,MML;PAS;PS2,needs-answer,,
3061,38194,143880,multiple-choice,single,obsidian-quiz-blocks,radio,,MML;PAS;PS2,needs-answer,,
3061,38211,111898,multiple-choice,single,obsidian-quiz-blocks,radio,,MML;PAS;PS2,needs-answer,,
3061,38211,143870,multiple-choice,single,obsidian-quiz-blocks,radio,,MML;PAS;PS2,needs-answer,,
3062,33995,109096,multiple-choice,single,obsidian-quiz-blocks,radio,,MML;PAS;PS2,needs-answer,,
3062,33995,109966,multiple-choice,single,obsidian-quiz-blocks,radio,,MML;PAS;PS2,needs-answer,,
3062,34081,109097,multiple-choice,single,obsidian-quiz-blocks,radio,,MML;PAS;PS2,needs-answer,,
3062,34081,109099,multiple-choice,single,obsidian-quiz-blocks,radio,,MML;PAS;PS2,needs-answer,,
3062,34246,110248,multiple-choice,single,obsidian-quiz-blocks,radio,,MML;PAS;PS2,needs-answer,,
3062,34246,110249,multiple-choice,single,obsidian-quiz-blocks,radio,,MML;PAS;PS2,needs-answer,,
3067,38047,110424,multiple-choice,single,obsidian-quiz-blocks,radio,,MML;PAS;PS2,needs-answer,,
3067,38047,143275,multiple-choice,single,obsidian-quiz-blocks,radio,,MML;PAS;PS2,needs-answer,,
3067,38048,143186,multiple-choice,single,obsidian-quiz-blocks,radio,,MML;PAS;PS2,needs-answer,,
3067,38048,143304,multiple-choice,single,obsidian-quiz-blocks,radio,,MML;PAS;PS2,needs-answer,,
3067,38051,143208,multiple-choice,single,obsidian-quiz-blocks,radio,,MML;PAS;PS2,needs-answer,,
3067,38051,143411,multiple-choice,single,obsidian-quiz-blocks,radio,,MML;PAS;PS2,needs-answer,,
3074,224791,96342,multiple-choice,single,obsidian-quiz-blocks,radio,,MML;PAS;PS1,needs-answer,,
3074,224791,96344,multiple-choice,single,obsidian-quiz-blocks,radio,,MML;PAS;PS1,needs-answer,,
3074,224794,96341,multiple-choice,single,obsidian-quiz-blocks,radio,,MML;PAS;PS1,needs-answer,,
3074,224794,95153,multiple-choice,single,obsidian-quiz-blocks,radio,,MML;PAS;PS1,needs-answer,,
3074,224797,96348,multiple-choice,single,obsidian-quiz-blocks,radio,,MML;PAS;PS1,needs-answer,,
3074,224797,96346,multiple-choice,single,obsidian-quiz-blocks,radio,,MML;PAS;PS1,needs-answer,,
3074,224802,253887,multiple-choice,single,obsidian-quiz-blocks,radio,,MML;PAS;PS1,needs-answer,,
3074,224802,253889,multiple-choice,single,obsidian-quiz-blocks,radio,,MML;PAS;PS1,needs-answer,,
3118,30550,93583,multiple-choice,single,obsidian-quiz-blocks,radio,,DSM;LAL;MML;PS1,needs-answer,,
3118,30550,93994,multiple-choice,single,obsidian-quiz-blocks,radio,,DSM;LAL;MML;PS1,needs-answer,,
3118,31546,96046,multiple-choice,single,obsidian-quiz-blocks,radio,,DSM;LAL;MML;PS1,needs-answer,,
3118,31546,96595,multiple-choice,single,obsidian-quiz-blocks,radio,,DSM;LAL;MML;PS1,needs-answer,,
3119,30594,94260,multiple-choice,single,obsidian-quiz-blocks,radio,,LAL;MML;PS2,needs-answer,,
3119,30594,93727,multiple-choice,single,obsidian-quiz-blocks,radio,,LAL;MML;PS2,needs-answer,,
3119,30595,94332,multiple-choice,single,obsidian-quiz-blocks,radio,,LAL;MML;PS2,needs-answer,,
3119,30595,93728,multiple-choice,single,obsidian-quiz-blocks,radio,,LAL;MML;PS2,needs-answer,,
3119,30597,94254,multiple-choice,single,obsidian-quiz-blocks,radio,,LAL;MML;PS2,needs-answer,,
3119,30597,93726,multiple-choice,single,obsidian-quiz-blocks,radio,,LAL;MML;PS2,needs-answer,,
3120,30970,94766,multiple-choice,single,obsidian-quiz-blocks,radio,,LAL;PS2,needs-answer,,
3120,30970,95411,multiple-choice,single,obsidian-quiz-blocks,radio,,LAL;PS2,needs-answer,,
3120,30972,95714,multiple-choice,single,obsidian-quiz-blocks,radio,,LAL;PS2,needs-answer,,
3120,30972,94768,multiple-choice,single,obsidian-quiz-blocks,radio,,LAL;PS2,needs-answer,,
3120,30973,95730,multiple-choice,single,obsidian-quiz-blocks,radio,,LAL;PS2,needs-answer,,
3120,30973,94769,multiple-choice,single,obsidian-quiz-blocks,radio,,LAL;PS2,needs-answer,,
3121,30561,93610,multiple-choice,single,obsidian-quiz-blocks,radio,,LAL;MML;PS2,needs-answer,,
3121,30561,93899,multiple-choice,single,obsidian-quiz-blocks,radio,,LAL;MML;PS2,needs-answer,,
3121,30563,93679,multiple-choice,single,obsidian-quiz-blocks,radio,,LAL;MML;PS2,needs-answer,,
3121,30563,93681,multiple-choice,single,obsidian-quiz-blocks,radio,,LAL;MML;PS2,needs-answer,,
3121,30564,93684,multiple-choice,single,obsidian-quiz-blocks,radio,,LAL;MML;PS2,needs-answer,,
3121,30564,94004,multiple-choice,single,obsidian-quiz-blocks,radio,,LAL;MML;PS2,needs-answer,,
3121,30565,93685,multiple-choice,single,obsidian-quiz-blocks,radio,,LAL;MML;PS2,needs-answer,,
3121,30565,94040,multiple-choice,single,obsidian-quiz-blocks,radio,,LAL;MML;PS2,needs-answer,,
3122,30612,93733,multiple-choice,single,obsidian-quiz-blocks,radio,,LAL;MML;PS2,needs-answer,,
3122,30612,94092,multiple-choice,single,obsidian-quiz-blocks,radio,,LAL;MML;PS2,needs-answer,,
3122,30613,93735,multiple-choice,single,obsidian-quiz-blocks,radio,,LAL;MML;PS2,needs-answer,,
3122,30613,94180,multiple-choice,single,obsidian-quiz-blocks,radio,,LAL;MML;PS2,needs-answer,,
3122,30615,93738,multiple-choice,single,obsidian-quiz-blocks,radio,,LAL;MML;PS2,needs-answer,,
3122,30615,94190,multiple-choice,single,obsidian-quiz-blocks,radio,,LAL;MML;PS2,needs-answer,,
3123,30584,94065,multiple-choice,single,obsidian-quiz-blocks,radio,,LAL;MML;PS2,needs-answer,,
3123,30584,93700,multiple-choice,single,obsidian-quiz-blocks,radio,,LAL;MML;PS2,needs-answer,,
3123,30585,93703,multiple-choice,single,obsidian-quiz-blocks,radio,,LAL;MML;PS2,needs-answer,,
3123,30585,93704,multiple-choice,single,obsidian-quiz-blocks,radio,,LAL;MML;PS2,needs-answer,,
3123,30586,93705,multiple-choice,single,obsidian-quiz-blocks,radio,,LAL;MML;PS2,needs-answer,,
3123,30586,94107,multiple-choice,single,obsidian-quiz-blocks,radio,,LAL;MML;PS2,needs-answer,,
3123,30587,93712,multiple-choice,single,obsidian-quiz-blocks,radio,,LAL;MML;PS2,needs-answer,,
3123,30587,93711,multiple-choice,single,obsidian-quiz-blocks,radio,,LAL;MML;PS2,needs-answer,,
3127,30875,94462,multiple-choice,single,obsidian-quiz-blocks,radio,,LAL;MML;PS2,needs-answer,,
3127,30875,94463,multiple-choice,single,obsidian-quiz-blocks,radio,,LAL;MML;PS2,needs-answer,,
3127,30877,94464,multiple-choice,single,obsidian-quiz-blocks,radio,,LAL;MML;PS2,needs-answer,,
3127,30877,94465,multiple-choice,single,obsidian-quiz-blocks,radio,,LAL;MML;PS2,needs-answer,,
3127,30879,94466,multiple-choice,single,obsidian-quiz-blocks,radio,,LAL;MML;PS2,needs-answer,,
3127,30879,94467,multiple-choice,single,obsidian-quiz-blocks,radio,,LAL;MML;PS2,needs-answer,,
3131,37250,139415,multiple-choice,single,obsidian-quiz-blocks,radio,,LAL;MML;PS2,needs-answer,,
3131,37250,139491,multiple-choice,single,obsidian-quiz-blocks,radio,,LAL;MML;PS2,needs-answer,,
3131,37251,139420,multiple-choice,single,obsidian-quiz-blocks,radio,,LAL;MML;PS2,needs-answer,,
3131,37251,139421,multiple-choice,single,obsidian-quiz-blocks,radio,,LAL;MML;PS2,needs-answer,,
3131,37254,139418,multiple-choice,single,obsidian-quiz-blocks,radio,,LAL;MML;PS2,needs-answer,,
3131,37254,139507,multiple-choice,single,obsidian-quiz-blocks,radio,,LAL;MML;PS2,needs-answer,,
3132,31341,95713,multiple-choice,single,obsidian-quiz-blocks,radio,,LAL;MML;PS2,needs-answer,,
3132,31341,95711,multiple-choice,single,obsidian-quiz-blocks,radio,,LAL;MML;PS2,needs-answer,,
3132,31342,96317,multiple-choice,single,obsidian-quiz-blocks,radio,,LAL;MML;PS2,needs-answer,,
3132,31342,95734,multiple-choice,single,obsidian-quiz-blocks,radio,,LAL;MML;PS2,needs-answer,,
3132,31343,95717,multiple-choice,single,obsidian-quiz-blocks,radio,,LAL;MML;PS2,needs-answer,,
3132,31343,95727,multiple-choice,single,obsidian-quiz-blocks,radio,,LAL;MML;PS2,needs-answer,,
3132,31344,96352,multiple-choice,single,obsidian-quiz-blocks,radio,,LAL;MML;PS2,needs-answer,,
3132,31344,95735,multiple-choice,single,obsidian-quiz-blocks,radio,,LAL;MML;PS2,needs-answer,,
3133,32048,97366,multiple-choice,single,obsidian-quiz-blocks,radio,,LAL;MML;PS2,needs-answer,,
3133,32048,97364,multiple-choice,single,obsidian-quiz-blocks,radio,,LAL;MML;PS2,needs-answer,,
3133,32049,97367,multiple-choice,single,obsidian-quiz-blocks,radio,,LAL;MML;PS2,needs-answer,,
3133,32049,98855,multiple-choice,single,obsidian-quiz-blocks,radio,,LAL;MML;PS2,needs-answer,,
3133,32050,98797,multiple-choice,single,obsidian-quiz-blocks,radio,,LAL;MML;PS2,needs-answer,,
3133,32050,97365,multiple-choice,single,obsidian-quiz-blocks,radio,,LAL;MML;PS2,needs-answer,,
3133,32872,98840,multiple-choice,single,obsidian-quiz-blocks,radio,,LAL;MML;PS2,needs-answer,,
3133,32872,98854,multiple-choice,single,obsidian-quiz-blocks,radio,,LAL;MML;PS2,needs-answer,,
3134,36963,136973,multiple-choice,single,obsidian-quiz-blocks,radio,,LAL;MML;PS2,needs-answer,,
3134,36963,136972,multiple-choice,single,obsidian-quiz-blocks,radio,,LAL;MML;PS2,needs-answer,,
3134,36966,136990,multiple-choice,single,obsidian-quiz-blocks,radio,,LAL;MML;PS2,needs-answer,,
3134,36966,136991,multiple-choice,single,obsidian-quiz-blocks,radio,,LAL;MML;PS2,needs-answer,,
3134,36970,138622,multiple-choice,single,obsidian-quiz-blocks,radio,,LAL;MML;PS2,needs-answer,,
3134,36970,136992,multiple-choice,single,obsidian-quiz-blocks,radio,,LAL;MML;PS2,needs-answer,,
3135,36973,137101,multiple-choice,single,obsidian-quiz-blocks,radio,,LAL;PS2,needs-answer,,
3135,36973,137888,multiple-choice,single,obsidian-quiz-blocks,radio,,LAL;PS2,needs-answer,,
3135,36975,137102,multiple-choice,single,obsidian-quiz-blocks,radio,,LAL;PS2,needs-answer,,
3135,36975,137105,multiple-choice,single,obsidian-quiz-blocks,radio,,LAL;PS2,needs-answer,,
3145,35438,122768,multiple-choice,single,obsidian-quiz-blocks,radio,,MVC;PS2,needs-answer,,
3145,35438,122567,multiple-choice,single,obsidian-quiz-blocks,radio,,MVC;PS2,needs-answer,,
3145,35439,122481,multiple-choice,single,obsidian-quiz-blocks,radio,,MVC;PS2,needs-answer,,
3145,35439,122484,multiple-choice,single,obsidian-quiz-blocks,radio,,MVC;PS2,needs-answer,,
3145,35440,122478,multiple-choice,single,obsidian-quiz-blocks,radio,,MVC;PS2,needs-answer,,
3145,35440,122571,multiple-choice,single,obsidian-quiz-blocks,radio,,MVC;PS2,needs-answer,,
3147,44978,163059,multiple-choice,single,obsidian-quiz-blocks,radio,,MVC;PS2,needs-answer,,
3147,44978,163060,multiple-choice,single,obsidian-quiz-blocks,radio,,MVC;PS2,needs-answer,,
3147,44982,163063,multiple-choice,single,obsidian-quiz-blocks,radio,,MVC;PS2,needs-answer,,
3147,44982,163064,multiple-choice,single,obsidian-quiz-blocks,radio,,MVC;PS2,needs-answer,,
3147,44985,163067,multiple-choice,single,obsidian-quiz-blocks,radio,,MVC;PS2,needs-answer,,
3147,44985,163068,multiple-choice,single,obsidian-quiz-blocks,radio,,MVC;PS2,needs-answer,,
3149,32593,104399,multiple-choice,single,obsidian-quiz-blocks,radio,,MVC;PS1,needs-answer,,
3149,32593,98947,multiple-choice,single,obsidian-quiz-blocks,radio,,MVC;PS1,needs-answer,,
3149,35579,104570,multiple-choice,single,obsidian-quiz-blocks,radio,,MVC;PS1,needs-answer,,
3149,35579,81745,multiple-choice,single,obsidian-quiz-blocks,radio,,MVC;PS1,needs-answer,,
3149,35582,104412,multiple-choice,single,obsidian-quiz-blocks,radio,,MVC;PS1,needs-answer,,
3149,35582,123996,multiple-choice,single,obsidian-quiz-blocks,radio,,MVC;PS1,needs-answer,,
3171,45742,136823,multiple-choice,single,obsidian-quiz-blocks,radio,,LAL;MML;PS2,needs-answer,,
3171,45742,138024,multiple-choice,single,obsidian-quiz-blocks,radio,,LAL;MML;PS2,needs-answer,,
3171,45745,138019,multiple-choice,single,obsidian-quiz-blocks,radio,,LAL;MML;PS2,needs-answer,,
3171,45745,136824,multiple-choice,single,obsidian-quiz-blocks,radio,,LAL;MML;PS2,needs-answer,,
3171,45749,136825,multiple-choice,single,obsidian-quiz-blocks,radio,,LAL;MML;PS2,needs-answer,,
3171,45749,136826,multiple-choice,single,obsidian-quiz-blocks,radio,,LAL;MML;PS2,needs-answer,,
3173,30861,95078,multiple-choice,single,obsidian-quiz-blocks,radio,,MML;MVC;PS1,needs-answer,,
3173,30861,94587,multiple-choice,single,obsidian-quiz-blocks,radio,,MML;MVC;PS1,needs-answer,,
3173,30862,95121,multiple-choice,single,obsidian-quiz-blocks,radio,,MML;MVC;PS1,needs-answer,,
3173,30862,94588,multiple-choice,single,obsidian-quiz-blocks,radio,,MML;MVC;PS1,needs-answer,,
3173,30863,37205,multiple-choice,single,obsidian-quiz-blocks,radio,,MML;MVC;PS1,needs-answer,,
3173,30863,94448,multiple-choice,single,obsidian-quiz-blocks,radio,,MML;MVC;PS1,needs-answer,,
3173,30864,94589,multiple-choice,single,obsidian-quiz-blocks,radio,,MML;MVC;PS1,needs-answer,,
3173,30864,94814,multiple-choice,single,obsidian-quiz-blocks,radio,,MML;MVC;PS1,needs-answer,,
3176,31928,99258,multiple-choice,single,obsidian-quiz-blocks,radio,,MVC;PS1,needs-answer,,
3176,31928,96957,multiple-choice,single,obsidian-quiz-blocks,radio,,MVC;PS1,needs-answer,,
3176,31929,99414,multiple-choice,single,obsidian-quiz-blocks,radio,,MVC;PS1,needs-answer,,
3176,31929,96958,multiple-choice,single,obsidian-quiz-blocks,radio,,MVC;PS1,needs-answer,,
3176,31930,99504,multiple-choice,single,obsidian-quiz-blocks,radio,,MVC;PS1,needs-answer,,
3176,31930,96959,multiple-choice,single,obsidian-quiz-blocks,radio,,MVC;PS1,needs-answer,,
3177,31906,96928,multiple-choice,single,obsidian-quiz-blocks,radio,,MVC;PS2,needs-answer,,
3177,31906,96927,multiple-choice,single,obsidian-quiz-blocks,radio,,MVC;PS2,needs-answer,,
3177,31907,96926,multiple-choice,single,obsidian-quiz-blocks,radio,,MVC;PS2,needs-answer,,
3177,31907,96925,multiple-choice,single,obsidian-quiz-blocks,radio,,MVC;PS2,needs-answer,,
3177,31908,96930,multiple-choice,single,obsidian-quiz-blocks,radio,,MVC;PS2,needs-answer,,
3177,31908,96929,multiple-choice,single,obsidian-quiz-blocks,radio,,MVC;PS2,needs-answer,,
3178,44279,161149,multiple-choice,single,obsidian-quiz-blocks,radio,,MVC;PS2,needs-answer,,
3178,44279,160838,multiple-choice,single,obsidian-quiz-blocks,radio,,MVC;PS2,needs-answer,,
3178,44437,161152,multiple-choice,single,obsidian-quiz-blocks,radio,,MVC;PS2,needs-answer,,
3178,44437,162146,multiple-choice,single,obsidian-quiz-blocks,radio,,MVC;PS2,needs-answer,,
3178,44795,161158,multiple-choice,single,obsidian-quiz-blocks,radio,,MVC;PS2,needs-answer,,
3178,44795,161244,multiple-choice,single,obsidian-quiz-blocks,radio,,MVC;PS2,needs-answer,,
3179,33752,107786,multiple-choice,single,obsidian-quiz-blocks,radio,c,DEQ;PS1,converted-and-verified,manual,label
3179,33752,107797,multiple-choice,single,obsidian-quiz-blocks,radio,a,DEQ;PS1,converted-and-verified,manual,label
3179,33754,107791,multiple-choice,single,obsidian-quiz-blocks,radio,c,DEQ;PS1,converted-and-verified,manual,label
3179,33754,107814,multiple-choice,single,obsidian-quiz-blocks,radio,a,DEQ;PS1,converted-and-verified,manual,label
3186,526419,107950,multiple-choice,single,obsidian-quiz-blocks,radio,d,DEQ;PS2,converted-and-verified,manual,label
3186,526419,107926,multiple-choice,single,obsidian-quiz-blocks,radio,a,DEQ;PS2,converted-and-verified,manual,label
3186,526422,107906,multiple-choice,single,obsidian-quiz-blocks,radio,d,DEQ;PS2,converted-and-verified,manual,label
3186,526422,109645,multiple-choice,single,obsidian-quiz-blocks,radio,a,DEQ;PS2,converted-and-verified,manual,label
3186,526425,107937,multiple-choice,single,obsidian-quiz-blocks,radio,b,DEQ;PS2,converted-and-verified,manual,label
3186,526425,109699,multiple-choice,single,obsidian-quiz-blocks,radio,b,DEQ;PS2,converted-and-verified,manual,label
3187,592306,330877,select-list,multi,,,,,,,
3187,592306,336711,select-list,multi,,,,,,,
3187,592309,330893,free-response,multi,,,,,,,
3187,592309,330899,free-response,multi,,,,,,,
3187,592312,337154,free-response,single,,,,,,,
3187,592312,329817,free-response,single,,,,,,,
3188,587426,331275,multiple-choice,single,obsidian-quiz-blocks,radio,d,DEQ;PS2,converted-and-verified,manual,label
3188,587426,331276,multiple-choice,single,obsidian-quiz-blocks,radio,b,DEQ;PS2,converted-and-verified,manual,label
3188,587430,331282,select-list,multi,,,,,,,
3188,587430,332632,select-list,multi,,,,,,,
3188,587434,331177,multiple-choice,single,obsidian-quiz-blocks,radio,a,DEQ;PS2,converted-and-verified,image-id,answer-image-id-1
3188,587434,332920,multiple-choice,single,obsidian-quiz-blocks,radio,c,DEQ;PS2,converted-and-verified,image-id,answer-image-id-1
3189,587222,329266,free-response,multi,,,,,,,
3189,587222,329268,free-response,multi,,,,,,,
3189,587225,332745,multiple-choice,single,obsidian-quiz-blocks,radio,b,DEQ;PS2,converted-and-verified,manual,label
3189,587225,329262,multiple-choice,single,obsidian-quiz-blocks,radio,a,DEQ;PS2,converted-and-verified,manual,label
3189,587228,329230,free-response,multi,,,,,,,
3189,587228,329074,free-response,multi,,,,,,,
3189,587231,329265,free-response,multi,,,,,,,
3189,587231,333606,free-response,multi,,,,,,,
3190,590706,330947,select-list,multi,,,,,,,
3190,590706,332821,select-list,multi,,,,,,,
3190,590709,330955,free-response,single,,,,,,,
3190,590709,333064,free-response,single,,,,,,,
3190,590712,330958,free-response,multi,,,,,,,
3190,590712,333131,free-response,multi,,,,,,,
3191,589727,334771,multiple-choice,single,obsidian-quiz-blocks,radio,b,DEQ;PS2,converted-and-verified,manual,label
3191,589727,334774,select-list,multi,,,,,,,
3191,589730,334640,free-response,multi,,,,,,,
3191,589730,334992,free-response,multi,,,,,,,
3191,589734,334651,select-list,multi,,,,,,,
3191,589734,334657,select-list,multi,,,,,,,
3191,589738,335040,select-list,multi,,,,,,,
3191,589738,334754,select-list,multi,,,,,,,
3195,600574,338488,multiple-choice,single,obsidian-quiz-blocks,radio,a,DEQ;PS2,converted-and-verified,manual,label
3195,600574,338489,multiple-choice,single,obsidian-quiz-blocks,radio,a,DEQ;PS2,converted-and-verified,manual,label
3195,600579,340366,select-list,multi,,,,,,,
3195,600579,340367,select-list,multi,,,,,,,
3195,600584,341306,select-list,multi,,,,,,,
3195,600584,340418,select-list,multi,,,,,,,
3196,595577,338784,multiple-choice,single,obsidian-quiz-blocks,radio,e,DEQ;PS2,converted-and-verified,manual,label
3196,595577,338801,free-response,single,,,,,,,
3196,595580,340708,select-list,single,,,,,,,
3196,595580,340629,select-list,multi,,,,,,,
3197,595704,340794,multiple-choice,single,obsidian-quiz-blocks,radio,e,DEQ;PS2,converted-and-verified,manual,label
3197,595704,340802,free-response,single,,,,,,,
3197,595707,340814,free-response,single,,,,,,,
3197,595707,340815,free-response,single,,,,,,,
3197,595710,340810,select-list,single,,,,,,,
3197,595710,340812,select-list,multi,,,,,,,
3198,598801,342505,free-response,single,,,,,,,
3198,598801,342496,free-response,single,,,,,,,
3198,598805,342573,select-list,single,,,,,,,
3198,598805,342571,select-list,single,,,,,,,
3211,592745,338722,select-list,multi,,,,,,,
3211,592745,338729,select-list,multi,,,,,,,
3211,592748,338667,select-list,multi,,,,,,,
3211,592748,338712,select-list,multi,,,,,,,
3212,30911,36474,multiple-choice,single,obsidian-quiz-blocks,radio,,LAL;PS1,needs-answer,,
3212,30911,36476,multiple-choice,single,obsidian-quiz-blocks,radio,,LAL;PS1,needs-answer,,
3212,30915,36587,multiple-choice,single,obsidian-quiz-blocks,radio,,LAL;PS1,needs-answer,,
3212,30915,95022,multiple-choice,single,obsidian-quiz-blocks,radio,,LAL;PS1,needs-answer,,
3212,30917,36596,multiple-choice,single,obsidian-quiz-blocks,radio,,LAL;PS1,needs-answer,,
3212,30917,36585,multiple-choice,single,obsidian-quiz-blocks,radio,,LAL;PS1,needs-answer,,
3214,31695,96482,multiple-choice,single,obsidian-quiz-blocks,radio,,MF3;PAS;PS1,needs-answer,,
3214,31695,96869,multiple-choice,single,obsidian-quiz-blocks,radio,,MF3;PAS;PS1,needs-answer,,
3214,31697,96484,multiple-choice,single,obsidian-quiz-blocks,radio,,MF3;PAS;PS1,needs-answer,,
3214,31697,96932,multiple-choice,single,obsidian-quiz-blocks,radio,,MF3;PAS;PS1,needs-answer,,
3214,31898,96485,multiple-choice,single,obsidian-quiz-blocks,radio,,MF3;PAS;PS1,needs-answer,,
3214,31898,96486,multiple-choice,single,obsidian-quiz-blocks,radio,,MF3;PAS;PS1,needs-answer,,
3231,590161,335561,free-response,single,,,,,,,
3231,590161,334884,free-response,single,,,,,,,
3231,590164,335579,free-response,multi,,,,,,,
3231,590164,334808,free-response,multi,,,,,,,
3231,590168,334871,select-list,multi,,,,,,,
3231,590168,335654,select-list,multi,,,,,,,
3231,590173,334877,select-list,multi,,,,,,,
3231,590173,334875,select-list,multi,,,,,,,
3232,590677,322290,select-list,multi,,,,,,,
3232,590677,331879,select-list,multi,,,,,,,
3232,590680,322280,free-response,multi,,,,,,,
3232,590680,322291,free-response,single,,,,,,,
3232,590683,322288,free-response,multi,,,,,,,
3232,590683,322289,free-response,multi,,,,,,,
3235,33782,107998,multiple-choice,single,obsidian-quiz-blocks,radio,a,DEQ;MVC;PS1;PS2,converted-and-verified,manual,label
3235,33782,108010,multiple-choice,single,obsidian-quiz-blocks,radio,c,DEQ;MVC;PS1;PS2,converted-and-verified,manual,label
3235,33783,107999,multiple-choice,single,obsidian-quiz-blocks,radio,e,DEQ;MVC;PS1;PS2,converted-and-verified,manual,label
3235,33783,108002,multiple-choice,single,obsidian-quiz-blocks,radio,b,DEQ;MVC;PS1;PS2,converted-and-verified,manual,label
3235,35398,122170,multiple-choice,single,obsidian-quiz-blocks,radio,a,DEQ;MVC;PS1;PS2,converted-and-verified,manual,label
3235,35398,108004,multiple-choice,single,obsidian-quiz-blocks,radio,b,DEQ;MVC;PS1;PS2,converted-and-verified,manual,label
3237,586735,330348,multiple-choice,single,obsidian-quiz-blocks,radio,e,DEQ;PS2,converted-and-verified,manual,label
3237,586735,330326,multiple-choice,single,obsidian-quiz-blocks,radio,a,DEQ;PS2,converted-and-verified,manual,label
3237,586738,38969,multiple-choice,single,obsidian-quiz-blocks,radio,a,DEQ;PS2,converted-and-verified,manual,label
3237,586738,168100,multiple-choice,single,obsidian-quiz-blocks,radio,a,DEQ;PS2,converted-and-verified,manual,label
3237,586742,321731,multiple-choice,single,obsidian-quiz-blocks,radio,c,DEQ;PS2,converted-and-verified,manual,label
3237,586742,330290,multiple-choice,single,obsidian-quiz-blocks,radio,d,DEQ;PS2,converted-and-verified,manual,label
3238,577533,321897,multiple-choice,single,obsidian-quiz-blocks,radio,b,DEQ;PS2,converted-and-verified,manual,label
3238,577533,321901,multiple-choice,single,obsidian-quiz-blocks,radio,c,DEQ;PS2,converted-and-verified,manual,label
3238,577537,39025,multiple-choice,single,obsidian-quiz-blocks,radio,b,DEQ;PS2,converted-and-verified,manual,label
3238,577537,39026,multiple-choice,single,obsidian-quiz-blocks,radio,e,DEQ;PS2,converted-and-verified,manual,label
3238,577541,39239,multiple-choice,single,obsidian-quiz-blocks,radio,b,DEQ;PS2,converted-and-verified,manual,label
3238,577541,39268,multiple-choice,single,obsidian-quiz-blocks,radio,b,DEQ;PS2,converted-and-verified,manual,label
3239,588233,332486,select-list,multi,,,,,,,
3239,588233,332450,select-list,multi,,,,,,,
3239,588236,332479,select-list,multi,,,,,,,
3239,588236,332506,select-list,multi,,,,,,,
3239,588239,332534,select-list,multi,,,,,,,
3239,588239,333646,select-list,multi,,,,,,,
3240,588334,333267,multiple-choice,single,obsidian-quiz-blocks,radio,c,DEQ;PS2,converted-and-verified,image-id,answer-image-id-1
3240,588334,332570,multiple-choice,single,obsidian-quiz-blocks,radio,c,DEQ;PS2,converted-and-verified,image-id,answer-image-id-1
3240,588339,332755,select-list,multi,,,,,,,
3240,588339,332743,select-list,multi,,,,,,,
3240,588342,333672,select-list,multi,,,,,,,
3240,588342,332768,select-list,multi,,,,,,,
3241,594292,332878,select-list,multi,,,,,,,
3241,594292,332880,select-list,multi,,,,,,,
3241,594295,332947,select-list,multi,,,,,,,
3241,594295,334290,select-list,multi,,,,,,,
3241,594300,332952,select-list,multi,,,,,,,
3241,594300,334307,select-list,multi,,,,,,,
3242,588115,331400,multiple-choice,single,obsidian-quiz-blocks,radio,a,DEQ;PS2,converted-and-verified,image-id,answer-image-id-1
3242,588115,332579,multiple-choice,single,obsidian-quiz-blocks,radio,e,DEQ;PS2,converted-and-verified,image-id,answer-image-id-1
3242,588118,331370,multiple-choice,single,obsidian-quiz-blocks,radio,b,DEQ;PS2,converted-and-verified,manual,label
3242,588118,332717,multiple-choice,single,obsidian-quiz-blocks,radio,c,DEQ;PS2,converted-and-verified,manual,label
3242,588122,332271,multiple-choice,single,obsidian-quiz-blocks,radio,b,DEQ;PS2,converted-and-verified,image-id,answer-image-id-1
3242,588122,333187,multiple-choice,single,obsidian-quiz-blocks,radio,a,DEQ;PS2,converted-and-verified,image-id,answer-image-id-1
3242,588126,333216,select-list,multi,,,,,,,
3242,588126,331517,select-list,multi,,,,,,,
3245,587381,333813,free-response,multi,,,,,,,
3245,587381,332896,free-response,multi,,,,,,,
3245,587385,332892,free-response,multi,,,,,,,
3245,587385,332891,free-response,multi,,,,,,,
3245,587389,332965,free-response,multi,,,,,,,
3245,587389,335346,free-response,multi,,,,,,,
3246,594507,333163,free-response,multi,,,,,,,
3246,594507,332275,free-response,multi,,,,,,,
3246,594510,331518,free-response,single,,,,,,,
3246,594510,331541,free-response,single,,,,,,,
3246,594514,331513,multiple-choice,single,obsidian-quiz-blocks,radio,b,DEQ;PS2,converted-and-verified,manual,label
3246,594514,331510,multiple-choice,single,obsidian-quiz-blocks,radio,b,DEQ;PS2,converted-and-verified,manual,label
3246,594518,334475,free-response,multi,,,,,,,
3246,594518,331600,free-response,multi,,,,,,,
3247,594389,330778,free-response,multi,,,,,,,
3247,594389,329885,free-response,multi,,,,,,,
3247,594394,330869,free-response,single,,,,,,,
3247,594394,323980,free-response,single,,,,,,,
3247,594397,323979,free-response,multi,,,,,,,
3247,594397,324062,multiple-choice,single,obsidian-quiz-blocks,radio,e,DEQ;PS2,converted-and-verified,manual,label
3247,594401,331667,free-response,single,,,,,,,
3247,594401,331702,free-response,single,,,,,,,
3248,613992,331072,multiple-choice,single,obsidian-quiz-blocks,radio,e,DEQ;PS2,converted-and-verified,manual,label
3248,613992,329886,select-list,multi,,,,,,,
3248,613996,327875,free-response,multi,,,,,,,
3248,613996,330767,free-response,multi,,,,,,,
3248,613999,339631,select-list,multi,,,,,,,
3248,613999,339680,select-list,multi,,,,,,,
3248,614002,331205,multiple-choice,single,obsidian-quiz-blocks,radio,c,DEQ;PS2,converted-and-verified,manual,label
3248,614002,353417,multiple-choice,single,obsidian-quiz-blocks,radio,a,DEQ;PS2,converted-and-verified,manual,label
3272,22340,5477,multiple-choice,single,obsidian-quiz-blocks,radio,e,DSM;MML;PAS;PS1,converted-and-verified,manual,label
3272,22340,104863,multiple-choice,single,obsidian-quiz-blocks,radio,b,DSM;MML;PAS;PS1,converted-and-verified,manual,label
3272,22341,5476,multiple-choice,single,obsidian-quiz-blocks,radio,e,DSM;MML;PAS;PS1,converted-and-verified,manual,label
3272,22341,106368,multiple-choice,single,obsidian-quiz-blocks,radio,c,DSM;MML;PAS;PS1,converted-and-verified,manual,label
3272,33290,104792,multiple-choice,single,obsidian-quiz-blocks,radio,c,DSM;MML;PAS;PS1,converted-and-verified,manual,label
3272,33290,105978,multiple-choice,single,obsidian-quiz-blocks,radio,a,DSM;MML;PAS;PS1,converted-and-verified,manual,label
3272,33311,104793,multiple-choice,single,obsidian-quiz-blocks,radio,c,DSM;MML;PAS;PS1,converted-and-verified,manual,label
3272,33311,106160,multiple-choice,single,obsidian-quiz-blocks,radio,a,DSM;MML;PAS;PS1,converted-and-verified,manual,label
3275,34545,112754,multiple-choice,single,obsidian-quiz-blocks,radio,,PAS;PS1,needs-answer,,
3275,34545,112755,multiple-choice,single,obsidian-quiz-blocks,radio,,PAS;PS1,needs-answer,,
3275,34551,112759,multiple-choice,single,obsidian-quiz-blocks,radio,,PAS;PS1,needs-answer,,
3275,34551,112760,multiple-choice,single,obsidian-quiz-blocks,radio,,PAS;PS1,needs-answer,,
3275,37012,112757,multiple-choice,single,obsidian-quiz-blocks,radio,,PAS;PS1,needs-answer,,
3275,37012,112758,multiple-choice,single,obsidian-quiz-blocks,radio,,PAS;PS1,needs-answer,,
3278,31419,95913,multiple-choice,single,obsidian-quiz-blocks,radio,,LAL;MML;PS2,needs-answer,,
3278,31419,96434,multiple-choice,single,obsidian-quiz-blocks,radio,,LAL;MML;PS2,needs-answer,,
3278,31420,96278,multiple-choice,single,obsidian-quiz-blocks,radio,,LAL;MML;PS2,needs-answer,,
3278,31420,95731,multiple-choice,single,obsidian-quiz-blocks,radio,,LAL;MML;PS2,needs-answer,,
3278,31421,96351,multiple-choice,single,obsidian-quiz-blocks,radio,,LAL;MML;PS2,needs-answer,,
3278,31421,95921,multiple-choice,single,obsidian-quiz-blocks,radio,,LAL;MML;PS2,needs-answer,,
3286,33287,147126,multiple-choice,single,obsidian-quiz-blocks,radio,,DSM;MML;PAS;PS1,needs-answer,,
3286,33287,147132,multiple-choice,single,obsidian-quiz-blocks,radio,,DSM;MML;PAS;PS1,needs-answer,,
3286,33288,147235,multiple-choice,single,obsidian-quiz-blocks,radio,,DSM;MML;PAS;PS1,needs-answer,,
3286,33288,148674,multiple-choice,single,obsidian-quiz-blocks,radio,,DSM;MML;PAS;PS1,needs-answer,,
3286,39256,104789,multiple-choice,single,obsidian-quiz-blocks,radio,,DSM;MML;PAS;PS1,needs-answer,,
3286,39256,148673,multiple-choice,single,obsidian-quiz-blocks,radio,,DSM;MML;PAS;PS1,needs-answer,,
3292,33855,108554,multiple-choice,single,obsidian-quiz-blocks,radio,,MML;PAS;PS2,needs-answer,,
3292,33855,108542,multiple-choice,single,obsidian-quiz-blocks,radio,,MML;PAS;PS2,needs-answer,,
3292,33862,108960,multiple-choice,single,obsidian-quiz-blocks,radio,,MML;PAS;PS2,needs-answer,,
3292,33862,108545,multiple-choice,single,obsidian-quiz-blocks,radio,,MML;PAS;PS2,needs-answer,,
3292,33869,108543,multiple-choice,single,obsidian-quiz-blocks,radio,,MML;PAS;PS2,needs-answer,,
3292,33869,108555,multiple-choice,single,obsidian-quiz-blocks,radio,,MML;PAS;PS2,needs-answer,,
3334,31535,96747,multiple-choice,single,obsidian-quiz-blocks,radio,,LAL;MML;MOP;PS1,needs-answer,,
3334,31535,96038,multiple-choice,single,obsidian-quiz-blocks,radio,,LAL;MML;MOP;PS1,needs-answer,,
3334,31536,96758,multiple-choice,single,obsidian-quiz-blocks,radio,,LAL;MML;MOP;PS1,needs-answer,,
3334,31536,96040,multiple-choice,single,obsidian-quiz-blocks,radio,,LAL;MML;MOP;PS1,needs-answer,,
3334,31537,96042,multiple-choice,single,obsidian-quiz-blocks,radio,,LAL;MML;MOP;PS1,needs-answer,,
3334,31537,96043,multiple-choice,single,obsidian-quiz-blocks,radio,,LAL;MML;MOP;PS1,needs-answer,,
3334,31579,96037,multiple-choice,single,obsidian-quiz-blocks,radio,,LAL;MML;MOP;PS1,needs-answer,,
3334,31579,96123,multiple-choice,single,obsidian-quiz-blocks,radio,,LAL;MML;MOP;PS1,needs-answer,,
3335,30552,93586,multiple-choice,single,obsidian-quiz-blocks,radio,,LAL;MML;PS2,needs-answer,,
3335,30552,94000,multiple-choice,single,obsidian-quiz-blocks,radio,,LAL;MML;PS2,needs-answer,,
3335,30553,93602,multiple-choice,single,obsidian-quiz-blocks,radio,,LAL;MML;PS2,needs-answer,,
3335,30553,94056,multiple-choice,single,obsidian-quiz-blocks,radio,,LAL;MML;PS2,needs-answer,,
3335,30578,94024,multiple-choice,single,obsidian-quiz-blocks,radio,,LAL;MML;PS2,needs-answer,,
3335,30578,93598,multiple-choice,single,obsidian-quiz-blocks,radio,,LAL;MML;PS2,needs-answer,,
3338,32081,97540,multiple-choice,single,obsidian-quiz-blocks,radio,,MVC;PS2,needs-answer,,
3338,32081,97586,multiple-choice,single,obsidian-quiz-blocks,radio,,MVC;PS2,needs-answer,,
3338,32082,97541,multiple-choice,single,obsidian-quiz-blocks,radio,,MVC;PS2,needs-answer,,
3338,32082,97566,multiple-choice,single,obsidian-quiz-blocks,radio,,MVC;PS2,needs-answer,,
3338,32083,97542,multiple-choice,single,obsidian-quiz-blocks,radio,,MVC;PS2,needs-answer,,
3338,32083,97568,multiple-choice,single,obsidian-quiz-blocks,radio,,MVC;PS2,needs-answer,,
3340,37175,139003,multiple-choice,single,obsidian-quiz-blocks,radio,,CA2;MVC;PS2,needs-answer,,
3340,37175,139062,multiple-choice,single,obsidian-quiz-blocks,radio,,CA2;MVC;PS2,needs-answer,,
3340,37176,139120,multiple-choice,single,obsidian-quiz-blocks,radio,,CA2;MVC;PS2,needs-answer,,
3340,37176,139005,multiple-choice,single,obsidian-quiz-blocks,radio,,CA2;MVC;PS2,needs-answer,,
3340,37178,139136,multiple-choice,single,obsidian-quiz-blocks,radio,,CA2;MVC;PS2,needs-answer,,
3340,37178,139004,multiple-choice,single,obsidian-quiz-blocks,radio,,CA2;MVC;PS2,needs-answer,,
3343,35426,122465,multiple-choice,single,obsidian-quiz-blocks,radio,,MVC;PS1,needs-answer,,
3343,35426,122643,multiple-choice,single,obsidian-quiz-blocks,radio,,MVC;PS1,needs-answer,,
3343,35427,122474,multiple-choice,single,obsidian-quiz-blocks,radio,,MVC;PS1,needs-answer,,
3343,35427,122518,multiple-choice,single,obsidian-quiz-blocks,radio,e,MVC;PS1,converted-and-verified,image-id,answer-image-id-1
3343,35432,122467,multiple-choice,single,obsidian-quiz-blocks,radio,,MVC;PS1,needs-answer,,
3343,35432,122697,multiple-choice,single,obsidian-quiz-blocks,radio,,MVC;PS1,needs-answer,,
3344,35366,122264,multiple-choice,single,obsidian-quiz-blocks,radio,b,MVC;PS1,converted-and-verified,image-id,answer-image-id-1
3344,35366,122756,multiple-choice,single,obsidian-quiz-blocks,radio,d,MVC;PS1,converted-and-verified,image-id,answer-image-id-1
3344,35367,122463,multiple-choice,single,obsidian-quiz-blocks,radio,,MVC;PS1,needs-answer,,
3344,35367,122296,multiple-choice,single,obsidian-quiz-blocks,radio,,MVC;PS1,needs-answer,,
3344,35450,122559,multiple-choice,single,obsidian-quiz-blocks,radio,,MVC;PS1,needs-answer,,
3344,35450,122664,multiple-choice,single,obsidian-quiz-blocks,radio,,MVC;PS1,needs-answer,,
3353,231086,94945,multiple-choice,single,obsidian-quiz-blocks,radio,,PAS;PS1,needs-answer,,
3353,231086,96661,multiple-choice,single,obsidian-quiz-blocks,radio,,PAS;PS1,needs-answer,,
3353,231089,94946,multiple-choice,single,obsidian-quiz-blocks,radio,,PAS;PS1,needs-answer,,
3353,231089,96364,multiple-choice,single,obsidian-quiz-blocks,radio,,PAS;PS1,needs-answer,,
3353,231092,96381,multiple-choice,single,obsidian-quiz-blocks,radio,,PAS;PS1,needs-answer,,
3353,231092,94948,multiple-choice,single,obsidian-quiz-blocks,radio,,PAS;PS1,needs-answer,,
3353,231096,253892,free-response,single,,,,,,,
3353,231096,253893,free-response,single,,,,,,,
3354,35542,123355,multiple-choice,single,obsidian-quiz-blocks,radio,,MVC;PS2,needs-answer,,
3354,35542,123439,multiple-choice,single,obsidian-quiz-blocks,radio,,MVC;PS2,needs-answer,,
3354,35543,123354,multiple-choice,single,obsidian-quiz-blocks,radio,,MVC;PS2,needs-answer,,
3354,35543,123623,multiple-choice,single,obsidian-quiz-blocks,radio,,MVC;PS2,needs-answer,,
3356,32200,97916,multiple-choice,single,obsidian-quiz-blocks,radio,e,MVC;PS1,converted-and-verified,image-id,answer-image-id-1
3356,32200,97914,multiple-choice,single,obsidian-quiz-blocks,radio,e,MVC;PS1,converted-and-verified,image-id,answer-image-id-1
3356,32201,97926,multiple-choice,single,obsidian-quiz-blocks,radio,a,MVC;PS1,converted-and-verified,image-id,answer-image-id-1
3356,32201,97922,multiple-choice,single,obsidian-quiz-blocks,radio,c,MVC;PS1,converted-and-verified,image-id,answer-image-id-1
3356,32202,97927,multiple-choice,single,obsidian-quiz-blocks,radio,a,MVC;PS1,converted-and-verified,image-id,answer-image-id-1
3356,32202,97928,multiple-choice,single,obsidian-quiz-blocks,radio,d,MVC;PS1,converted-and-verified,manual,label
3357,32247,98032,multiple-choice,single,obsidian-quiz-blocks,radio,b,MVC;PS1,converted-and-verified,image-id,answer-image-id-1
3357,32247,98033,multiple-choice,single,obsidian-quiz-blocks,radio,d,MVC;PS1,converted-and-verified,image-id,answer-image-id-1
3357,32249,98035,multiple-choice,single,obsidian-quiz-blocks,radio,e,MVC;PS1,converted-and-verified,image-id,answer-image-id-1
3357,32249,98036,multiple-choice,single,obsidian-quiz-blocks,radio,e,MVC;PS1,converted-and-verified,manual,label
3357,35576,123890,multiple-choice,single,obsidian-quiz-blocks,radio,b,MVC;PS1,converted-and-verified,manual,label
3357,35576,123920,multiple-choice,single,obsidian-quiz-blocks,radio,d,MVC;PS1,converted-and-verified,manual,label
3360,32601,125663,multiple-choice,single,obsidian-quiz-blocks,radio,,MVC;PS2,needs-answer,,
3360,32601,125636,multiple-choice,single,obsidian-quiz-blocks,radio,,MVC;PS2,needs-answer,,
3360,35770,125727,multiple-choice,single,obsidian-quiz-blocks,radio,,MVC;PS2,needs-answer,,
3360,35770,98951,multiple-choice,single,obsidian-quiz-blocks,radio,,MVC;PS2,needs-answer,,
3360,35774,125665,multiple-choice,single,obsidian-quiz-blocks,radio,,MVC;PS2,needs-answer,,
3360,35774,125760,multiple-choice,single,obsidian-quiz-blocks,radio,,MVC;PS2,needs-answer,,
3361,35835,126817,multiple-choice,single,obsidian-quiz-blocks,radio,,MVC;PS2,needs-answer,,
3361,35835,126814,multiple-choice,single,obsidian-quiz-blocks,radio,,MVC;PS2,needs-answer,,
3361,35836,127070,multiple-choice,single,obsidian-quiz-blocks,radio,,MVC;PS2,needs-answer,,
3361,35836,127072,multiple-choice,single,obsidian-quiz-blocks,radio,,MVC;PS2,needs-answer,,
3361,35837,126821,multiple-choice,single,obsidian-quiz-blocks,radio,,MVC;PS2,needs-answer,,
3361,35837,126820,multiple-choice,single,obsidian-quiz-blocks,radio,,MVC;PS2,needs-answer,,
3371,33171,105690,multiple-choice,single,obsidian-quiz-blocks,radio,,MVC;PS2,needs-answer,,
3371,33171,103976,multiple-choice,single,obsidian-quiz-blocks,radio,,MVC;PS2,needs-answer,,
3371,33172,105652,multiple-choice,single,obsidian-quiz-blocks,radio,,MVC;PS2,needs-answer,,
3371,33172,103975,multiple-choice,single,obsidian-quiz-blocks,radio,,MVC;PS2,needs-answer,,
3371,33173,105722,multiple-choice,single,obsidian-quiz-blocks,radio,,MVC;PS2,needs-answer,,
3371,33173,103979,multiple-choice,single,obsidian-quiz-blocks,radio,,MVC;PS2,needs-answer,,
3372,33156,103798,multiple-choice,single,obsidian-quiz-blocks,radio,,MVC;PS2,needs-answer,,
3372,33156,103799,multiple-choice,single,obsidian-quiz-blocks,radio,,MVC;PS2,needs-answer,,
3372,33157,109778,multiple-choice,single,obsidian-quiz-blocks,radio,,MVC;PS2,needs-answer,,
3372,33157,103800,multiple-choice,single,obsidian-quiz-blocks,radio,,MVC;PS2,needs-answer,,
3372,44310,106277,multiple-choice,single,obsidian-quiz-blocks,radio,,MVC;PS2,needs-answer,,
3372,44310,161069,multiple-choice,single,obsidian-quiz-blocks,radio,,MVC;PS2,needs-answer,,
3372,44314,161095,multiple-choice,single,obsidian-quiz-blocks,radio,,MVC;PS2,needs-answer,,
3372,44314,106058,multiple-choice,single,obsidian-quiz-blocks,radio,,MVC;PS2,needs-answer,,
3373,33366,109888,multiple-choice,single,obsidian-quiz-blocks,radio,,MVC;PS2,needs-answer,,
3373,33366,105544,multiple-choice,single,obsidian-quiz-blocks,radio,,MVC;PS2,needs-answer,,
3373,33367,105593,multiple-choice,single,obsidian-quiz-blocks,radio,,MVC;PS2,needs-answer,,
3373,33367,110066,multiple-choice,single,obsidian-quiz-blocks,radio,,MVC;PS2,needs-answer,,
3373,33368,109709,multiple-choice,single,obsidian-quiz-blocks,radio,,MVC;PS2,needs-answer,,
3373,33368,105594,multiple-choice,single,obsidian-quiz-blocks,radio,,MVC;PS2,needs-answer,,
3373,33369,109818,multiple-choice,single,obsidian-quiz-blocks,radio,,MVC;PS2,needs-answer,,
3373,33369,105597,multiple-choice,single,obsidian-quiz-blocks,radio,,MVC;PS2,needs-answer,,
3380,44839,162669,multiple-choice,single,obsidian-quiz-blocks,radio,,MML;MVC;PS2,needs-answer,,
3380,44839,162898,multiple-choice,single,obsidian-quiz-blocks,radio,,MML;MVC;PS2,needs-answer,,
3380,44841,162671,multiple-choice,single,obsidian-quiz-blocks,radio,,MML;MVC;PS2,needs-answer,,
3380,44841,162670,multiple-choice,single,obsidian-quiz-blocks,radio,,MML;MVC;PS2,needs-answer,,
3386,44239,160712,multiple-choice,single,obsidian-quiz-blocks,radio,,MVC;PS2,needs-answer,,
3386,44239,160711,multiple-choice,single,obsidian-quiz-blocks,radio,,MVC;PS2,needs-answer,,
3386,44243,160834,multiple-choice,single,obsidian-quiz-blocks,radio,,MVC;PS2,needs-answer,,
3386,44243,160835,multiple-choice,single,obsidian-quiz-blocks,radio,,MVC;PS2,needs-answer,,
3387,35594,124007,multiple-choice,single,obsidian-quiz-blocks,radio,,MML;MVC;PS1,needs-answer,,
3387,35594,124255,multiple-choice,single,obsidian-quiz-blocks,radio,,MML;MVC;PS1,needs-answer,,
3387,35595,124088,multiple-choice,single,obsidian-quiz-blocks,radio,,MML;MVC;PS1,needs-answer,,
3387,35595,124291,multiple-choice,single,obsidian-quiz-blocks,radio,,MML;MVC;PS1,needs-answer,,
3387,35598,124091,multiple-choice,single,obsidian-quiz-blocks,radio,,MML;MVC;PS1,needs-answer,,
3387,35598,124271,multiple-choice,single,obsidian-quiz-blocks,radio,,MML;MVC;PS1,needs-answer,,
3551,27108,15486,multiple-choice,single,obsidian-quiz-blocks,radio,b,CA2;CBC;DEQ;PS1,converted-and-verified,manual,label
3551,27108,15414,multiple-choice,single,obsidian-quiz-blocks,radio,e,CA2;CBC;DEQ;PS1,converted-and-verified,manual,label
3551,35102,118557,multiple-choice,single,obsidian-quiz-blocks,radio,e,CA2;CBC;DEQ;PS1,converted-and-verified,manual,label
3551,35102,118473,multiple-choice,single,obsidian-quiz-blocks,radio,c,CA2;CBC;DEQ;PS1,converted-and-verified,manual,label
3551,35103,118472,multiple-choice,single,obsidian-quiz-blocks,radio,a,CA2;CBC;DEQ;PS1,converted-and-verified,manual,label
3551,35103,118474,multiple-choice,single,obsidian-quiz-blocks,radio,c,CA2;CBC;DEQ;PS1,converted-and-verified,manual,label
3569,32906,104227,multiple-choice,single,obsidian-quiz-blocks,radio,,MVC;PS2,needs-answer,,
3569,32906,102908,multiple-choice,single,obsidian-quiz-blocks,radio,,MVC;PS2,needs-answer,,
3569,32907,102915,multiple-choice,single,obsidian-quiz-blocks,radio,,MVC;PS2,needs-answer,,
3569,32907,102926,multiple-choice,single,obsidian-quiz-blocks,radio,,MVC;PS2,needs-answer,,
3569,33203,102924,multiple-choice,single,obsidian-quiz-blocks,radio,,MVC;PS2,needs-answer,,
3569,33203,104109,multiple-choice,single,obsidian-quiz-blocks,radio,,MVC;PS2,needs-answer,,
3570,32915,102943,multiple-choice,single,obsidian-quiz-blocks,radio,,MVC;PS2,needs-answer,,
3570,32915,102949,multiple-choice,single,obsidian-quiz-blocks,radio,,MVC;PS2,needs-answer,,
3570,32916,102945,multiple-choice,single,obsidian-quiz-blocks,radio,,MVC;PS2,needs-answer,,
3570,32916,135304,multiple-choice,single,obsidian-quiz-blocks,radio,,MVC;PS2,needs-answer,,
3570,44590,161732,multiple-choice,single,obsidian-quiz-blocks,radio,,MVC;PS2,needs-answer,,
3570,44590,161734,multiple-choice,single,obsidian-quiz-blocks,radio,,MVC;PS2,needs-answer,,
3570,44591,161736,multiple-choice,single,obsidian-quiz-blocks,radio,,MVC;PS2,needs-answer,,
3570,44591,161737,multiple-choice,single,obsidian-quiz-blocks,radio,,MVC;PS2,needs-answer,,
3574,20163,39185,multiple-choice,single,obsidian-quiz-blocks,radio,,LAL;PS1,needs-answer,,
3574,20163,38477,multiple-choice,single,obsidian-quiz-blocks,radio,,LAL;PS1,needs-answer,,
3574,20164,38475,multiple-choice,single,obsidian-quiz-blocks,radio,,LAL;PS1,needs-answer,,
3574,20164,81146,multiple-choice,single,obsidian-quiz-blocks,radio,,LAL;PS1,needs-answer,,
3574,20166,38478,multiple-choice,single,obsidian-quiz-blocks,radio,,LAL;PS1,needs-answer,,
3574,20166,38480,multiple-choice,single,obsidian-quiz-blocks,radio,,LAL;PS1,needs-answer,,
3596,33174,103980,multiple-choice,single,obsidian-quiz-blocks,radio,,MVC;PS2,needs-answer,,
3596,33174,103981,multiple-choice,single,obsidian-quiz-blocks,radio,,MVC;PS2,needs-answer,,
3596,33182,103986,multiple-choice,single,obsidian-quiz-blocks,radio,,MVC;PS2,needs-answer,,
3596,33182,103992,multiple-choice,single,obsidian-quiz-blocks,radio,,MVC;PS2,needs-answer,,
3596,33183,103998,multiple-choice,single,obsidian-quiz-blocks,radio,,MVC;PS2,needs-answer,,
3596,33183,164387,multiple-choice,single,obsidian-quiz-blocks,radio,,MVC;PS2,needs-answer,,
3597,33179,104007,multiple-choice,single,obsidian-quiz-blocks,radio,,MVC;PS2,needs-answer,,
3597,33179,104008,multiple-choice,single,obsidian-quiz-blocks,radio,,MVC;PS2,needs-answer,,
3597,33195,104012,multiple-choice,single,obsidian-quiz-blocks,radio,,MVC;PS2,needs-answer,,
3597,33195,104317,multiple-choice,single,obsidian-quiz-blocks,radio,,MVC;PS2,needs-answer,,
3597,33196,104328,multiple-choice,single,obsidian-quiz-blocks,radio,,MVC;PS2,needs-answer,,
3597,33196,104321,multiple-choice,single,obsidian-quiz-blocks,radio,,MVC;PS2,needs-answer,,
3597,45305,104323,multiple-choice,single,obsidian-quiz-blocks,radio,,MVC;PS2,needs-answer,,
3597,45305,164541,multiple-choice,single,obsidian-quiz-blocks,radio,,MVC;PS2,needs-answer,,
3602,33402,106023,multiple-choice,single,obsidian-quiz-blocks,radio,,MVC;PS2,needs-answer,,
3602,33402,106034,multiple-choice,single,obsidian-quiz-blocks,radio,,MVC;PS2,needs-answer,,
3602,33440,105936,multiple-choice,single,obsidian-quiz-blocks,radio,,MVC;PS2,needs-answer,,
3602,33440,109594,multiple-choice,single,obsidian-quiz-blocks,radio,,MVC;PS2,needs-answer,,
3602,34075,109600,multiple-choice,single,obsidian-quiz-blocks,radio,,MVC;PS2,needs-answer,,
3602,34075,106000,multiple-choice,single,obsidian-quiz-blocks,radio,,MVC;PS2,needs-answer,,
3602,44417,109763,multiple-choice,single,obsidian-quiz-blocks,radio,,MVC;PS2,needs-answer,,
3602,44417,161178,multiple-choice,single,obsidian-quiz-blocks,radio,,MVC;PS2,needs-answer,,
3627,33843,108544,multiple-choice,single,obsidian-quiz-blocks,radio,,MVC;PS2,needs-answer,,
3627,33843,125719,multiple-choice,single,obsidian-quiz-blocks,radio,,MVC;PS2,needs-answer,,
3627,35775,109119,multiple-choice,single,obsidian-quiz-blocks,radio,,MVC;PS2,needs-answer,,
3627,35775,125717,multiple-choice,single,obsidian-quiz-blocks,radio,,MVC;PS2,needs-answer,,
3627,35777,41469,multiple-choice,single,obsidian-quiz-blocks,radio,,MVC;PS2,needs-answer,,
3627,35777,125716,multiple-choice,single,obsidian-quiz-blocks,radio,,MVC;PS2,needs-answer,,
3628,33753,107787,multiple-choice,single,obsidian-quiz-blocks,radio,b,DEQ;PS1,converted-and-verified,manual,label
3628,33753,107802,multiple-choice,single,obsidian-quiz-blocks,radio,c,DEQ;PS1,converted-and-verified,manual,label
3628,33755,107792,multiple-choice,single,obsidian-quiz-blocks,radio,d,DEQ;PS1,converted-and-verified,manual,label
3628,33755,108773,multiple-choice,single,obsidian-quiz-blocks,radio,b,DEQ;PS1,converted-and-verified,manual,label
3631,34379,111030,multiple-choice,single,obsidian-quiz-blocks,radio,,DSM;MML;PAS;PS1,needs-answer,,
3631,34379,111031,multiple-choice,single,obsidian-quiz-blocks,radio,,DSM;MML;PAS;PS1,needs-answer,,
3631,34384,111033,multiple-choice,single,obsidian-quiz-blocks,radio,,DSM;MML;PAS;PS1,needs-answer,,
3631,34384,111518,multiple-choice,single,obsidian-quiz-blocks,radio,,DSM;MML;PAS;PS1,needs-answer,,
3632,33266,104529,multiple-choice,single,obsidian-quiz-blocks,radio,,CA2;MVC;PS2,needs-answer,,
3632,33266,109413,multiple-choice,single,obsidian-quiz-blocks,radio,,CA2;MVC;PS2,needs-answer,,
3632,33268,104513,multiple-choice,single,obsidian-quiz-blocks,radio,,CA2;MVC;PS2,needs-answer,,
3632,33268,109253,multiple-choice,single,obsidian-quiz-blocks,radio,,CA2;MVC;PS2,needs-answer,,
3632,33994,104518,multiple-choice,single,obsidian-quiz-blocks,radio,,CA2;MVC;PS2,needs-answer,,
3632,33994,109424,multiple-choice,single,obsidian-quiz-blocks,radio,,CA2;MVC;PS2,needs-answer,,
3633,24945,109922,multiple-choice,single,obsidian-quiz-blocks,radio,,LAL;PS1,needs-answer,,
3633,24945,78160,multiple-choice,single,obsidian-quiz-blocks,radio,,LAL;PS1,needs-answer,,
3633,33797,109740,multiple-choice,single,obsidian-quiz-blocks,radio,,LAL;PS1,needs-answer,,
3633,33797,78129,multiple-choice,single,obsidian-quiz-blocks,radio,,LAL;PS1,needs-answer,,
3633,34012,109843,multiple-choice,single,obsidian-quiz-blocks,radio,,LAL;PS1,needs-answer,,
3633,34012,109121,multiple-choice,single,obsidian-quiz-blocks,radio,,LAL;PS1,needs-answer,,
3634,24944,78501,multiple-choice,single,obsidian-quiz-blocks,radio,,LAL;PS1,needs-answer,,
3634,24944,78589,multiple-choice,single,obsidian-quiz-blocks,radio,,LAL;PS1,needs-answer,,
3634,33803,109834,multiple-choice,single,obsidian-quiz-blocks,radio,,LAL;PS1,needs-answer,,
3634,33803,78130,multiple-choice,single,obsidian-quiz-blocks,radio,,LAL;PS1,needs-answer,,
3634,33804,78502,multiple-choice,single,obsidian-quiz-blocks,radio,,LAL;PS1,needs-answer,,
3634,33804,109702,multiple-choice,single,obsidian-quiz-blocks,radio,,LAL;PS1,needs-answer,,
3635,577401,107930,multiple-choice,single,obsidian-quiz-blocks,radio,e,DEQ;PS2,converted-and-verified,manual,label
3635,577401,107932,multiple-choice,single,obsidian-quiz-blocks,radio,c,DEQ;PS2,converted-and-verified,manual,label
3635,577405,321304,free-response,multi,,,,,,,
3635,577405,321369,free-response,multi,,,,,,,
3636,34284,110408,multiple-choice,single,obsidian-quiz-blocks,radio,,MML;PAS;PS2,needs-answer,,
3636,34284,110409,multiple-choice,single,obsidian-quiz-blocks,radio,,MML;PAS;PS2,needs-answer,,
3636,34287,110417,multiple-choice,single,obsidian-quiz-blocks,radio,,MML;PAS;PS2,needs-answer,,
3636,34287,110416,multiple-choice,single,obsidian-quiz-blocks,radio,,MML;PAS;PS2,needs-answer,,
3636,34294,110422,multiple-choice,single,obsidian-quiz-blocks,radio,,MML;PAS;PS2,needs-answer,,
3636,34294,142925,multiple-choice,single,obsidian-quiz-blocks,radio,,MML;PAS;PS2,needs-answer,,
3636,37919,110410,multiple-choice,single,obsidian-quiz-blocks,radio,,MML;PAS;PS2,needs-answer,,
3636,37919,142856,multiple-choice,single,obsidian-quiz-blocks,radio,,MML;PAS;PS2,needs-answer,,
3638,34662,114456,multiple-choice,single,obsidian-quiz-blocks,radio,,MML;PAS;PS2,needs-answer,,
3638,34662,142948,multiple-choice,single,obsidian-quiz-blocks,radio,,MML;PAS;PS2,needs-answer,,
3638,34665,114459,multiple-choice,single,obsidian-quiz-blocks,radio,,MML;PAS;PS2,needs-answer,,
3638,34665,114461,multiple-choice,single,obsidian-quiz-blocks,radio,,MML;PAS;PS2,needs-answer,,
3638,37971,142869,multiple-choice,single,obsidian-quiz-blocks,radio,,MML;PAS;PS2,needs-answer,,
3638,37971,114458,multiple-choice,single,obsidian-quiz-blocks,radio,,MML;PAS;PS2,needs-answer,,
3638,37972,110259,multiple-choice,single,obsidian-quiz-blocks,radio,,MML;PAS;PS2,needs-answer,,
3638,37972,114463,multiple-choice,single,obsidian-quiz-blocks,radio,,MML;PAS;PS2,needs-answer,,
3640,34459,111909,multiple-choice,single,obsidian-quiz-blocks,radio,,MML;PAS;PS2,needs-answer,,
3640,34459,137894,multiple-choice,single,obsidian-quiz-blocks,radio,,MML;PAS;PS2,needs-answer,,
3640,34462,137970,multiple-choice,single,obsidian-quiz-blocks,radio,,MML;PAS;PS2,needs-answer,,
3640,34462,111911,multiple-choice,single,obsidian-quiz-blocks,radio,,MML;PAS;PS2,needs-answer,,
3640,36999,143568,multiple-choice,single,obsidian-quiz-blocks,radio,,MML;PAS;PS2,needs-answer,,
3640,36999,143569,multiple-choice,single,obsidian-quiz-blocks,radio,,MML;PAS;PS2,needs-answer,,
3640,38160,111907,multiple-choice,single,obsidian-quiz-blocks,radio,,MML;PAS;PS2,needs-answer,,
3640,38160,111908,multiple-choice,single,obsidian-quiz-blocks,radio,,MML;PAS;PS2,needs-answer,,
3642,27507,84126,multiple-choice,single,obsidian-quiz-blocks,radio,,DSM;MML;PAS;PS1,needs-answer,,
3642,27507,84133,multiple-choice,single,obsidian-quiz-blocks,radio,,DSM;MML;PAS;PS1,needs-answer,,
3642,33947,108925,multiple-choice,single,obsidian-quiz-blocks,radio,,DSM;MML;PAS;PS1,needs-answer,,
3642,33947,110001,multiple-choice,single,obsidian-quiz-blocks,radio,,DSM;MML;PAS;PS1,needs-answer,,
3642,38212,143750,multiple-choice,single,obsidian-quiz-blocks,radio,,DSM;MML;PAS;PS1,needs-answer,,
3642,38212,143751,multiple-choice,single,obsidian-quiz-blocks,radio,,DSM;MML;PAS;PS1,needs-answer,,
3645,70374,111294,multiple-choice,single,obsidian-quiz-blocks,radio,,LAL;PS1,needs-answer,,
3645,70374,111292,multiple-choice,single,obsidian-quiz-blocks,radio,,LAL;PS1,needs-answer,,
3645,70377,38229,multiple-choice,single,obsidian-quiz-blocks,radio,,LAL;PS1,needs-answer,,
3645,70377,97038,multiple-choice,single,obsidian-quiz-blocks,radio,,LAL;PS1,needs-answer,,
3645,70380,38297,multiple-choice,single,obsidian-quiz-blocks,radio,,LAL;PS1,needs-answer,,
3645,70380,111791,multiple-choice,single,obsidian-quiz-blocks,radio,,LAL;PS1,needs-answer,,
3647,34229,110183,multiple-choice,single,obsidian-quiz-blocks,radio,,DSM;MML;PAS;PS1,needs-answer,,
3647,34229,110185,multiple-choice,single,obsidian-quiz-blocks,radio,,DSM;MML;PAS;PS1,needs-answer,,
3647,34387,111039,multiple-choice,single,obsidian-quiz-blocks,radio,,DSM;MML;PAS;PS1,needs-answer,,
3647,34387,111301,multiple-choice,single,obsidian-quiz-blocks,radio,,DSM;MML;PAS;PS1,needs-answer,,
3647,34390,111036,multiple-choice,single,obsidian-quiz-blocks,radio,,DSM;MML;PAS;PS1,needs-answer,,
3647,34390,111314,multiple-choice,single,obsidian-quiz-blocks,radio,,DSM;MML;PAS;PS1,needs-answer,,
3668,1894,53876,multiple-choice,single,obsidian-quiz-blocks,radio,a,CBC;MF3;CA2;DEQ;PS2,converted-and-verified,manual,label
3668,1894,50118,multiple-choice,single,obsidian-quiz-blocks,radio,a,CBC;MF3;CA2;DEQ;PS2,converted-and-verified,manual,label
3668,28638,87081,multiple-choice,single,obsidian-quiz-blocks,radio,b,CBC;MF3;CA2;DEQ;PS2,converted-and-verified,manual,label
3668,28638,87004,multiple-choice,single,obsidian-quiz-blocks,radio,c,CBC;MF3;CA2;DEQ;PS2,converted-and-verified,manual,label
3668,35018,117765,multiple-choice,single,obsidian-quiz-blocks,radio,d,CBC;MF3;CA2;DEQ;PS2,converted-and-verified,manual,label
3668,35018,117984,multiple-choice,single,obsidian-quiz-blocks,radio,b,CBC;MF3;CA2;DEQ;PS2,converted-and-verified,manual,label
3672,614743,339269,multiple-choice,single,obsidian-quiz-blocks,radio,b,CAB;CBC;CA2;DEQ;PS1,converted-and-verified,manual,label
3672,614743,339289,multiple-choice,single,obsidian-quiz-blocks,radio,c,CAB;CBC;CA2;DEQ;PS1,converted-and-verified,manual,label
3672,614747,339309,multiple-choice,single,obsidian-quiz-blocks,radio,b,CAB;CBC;CA2;DEQ;PS1,converted-and-verified,manual,label
3672,614747,339321,multiple-choice,single,obsidian-quiz-blocks,radio,a,CAB;CBC;CA2;DEQ;PS1,converted-and-verified,manual,label
3672,614750,339217,multiple-choice,single,obsidian-quiz-blocks,radio,e,CAB;CBC;CA2;DEQ;PS1,converted-and-verified,manual,label
3672,614750,339225,multiple-choice,single,obsidian-quiz-blocks,radio,e,CAB;CBC;CA2;DEQ;PS1,converted-and-verified,manual,label
3672,614753,339244,multiple-choice,single,obsidian-quiz-blocks,radio,e,CAB;CBC;CA2;DEQ;PS1,converted-and-verified,manual,label
3672,614753,339241,multiple-choice,single,obsidian-quiz-blocks,radio,c,CAB;CBC;CA2;DEQ;PS1,converted-and-verified,manual,label
3673,616795,118386,multiple-choice,single,obsidian-quiz-blocks,radio,a,CAB;CBC;CA2;DEQ;PS1,converted-and-verified,manual,label
3673,616795,15575,multiple-choice,single,obsidian-quiz-blocks,radio,e,CAB;CBC;CA2;DEQ;PS1,converted-and-verified,manual,label
3673,616798,118600,multiple-choice,single,obsidian-quiz-blocks,radio,e,CAB;CBC;CA2;DEQ;PS1,converted-and-verified,manual,label
3673,616798,15574,multiple-choice,single,obsidian-quiz-blocks,radio,c,CAB;CBC;CA2;DEQ;PS1,converted-and-verified,manual,label
3673,616801,353607,free-response,single,obsidian-quiz-blocks,radio,c,CAB;CBC;CA2;DEQ;PS1,converted-and-verified,manual,label
3673,616801,118730,multiple-choice,single,obsidian-quiz-blocks,radio,c,CAB;CBC;CA2;DEQ;PS1,converted-and-verified,manual,label
3674,27476,83764,multiple-choice,single,obsidian-quiz-blocks,radio,b,CA2;CBC;DEQ;PS1,converted-and-verified,manual,label
3674,27476,83771,multiple-choice,single,obsidian-quiz-blocks,radio,c,CA2;CBC;DEQ;PS1,converted-and-verified,manual,label
3674,27483,15492,multiple-choice,single,obsidian-quiz-blocks,radio,c,CA2;CBC;DEQ;PS1,converted-and-verified,manual,label
3674,27483,15420,multiple-choice,single,obsidian-quiz-blocks,radio,d,CA2;CBC;DEQ;PS1,converted-and-verified,manual,label
3687,45123,163596,multiple-choice,single,obsidian-quiz-blocks,radio,,MVC;PS2,needs-answer,,
3687,45123,163597,multiple-choice,single,obsidian-quiz-blocks,radio,,MVC;PS2,needs-answer,,
3687,45124,163598,multiple-choice,single,obsidian-quiz-blocks,radio,,MVC;PS2,needs-answer,,
3687,45124,163599,multiple-choice,single,obsidian-quiz-blocks,radio,,MVC;PS2,needs-answer,,
3687,45125,163601,multiple-choice,single,obsidian-quiz-blocks,radio,,MVC;PS2,needs-answer,,
3687,45125,163663,multiple-choice,single,obsidian-quiz-blocks,radio,,MVC;PS2,needs-answer,,
3687,45126,163665,multiple-choice,single,obsidian-quiz-blocks,radio,,MVC;PS2,needs-answer,,
3687,45126,163667,multiple-choice,single,obsidian-quiz-blocks,radio,,MVC;PS2,needs-answer,,
3688,23673,122267,multiple-choice,single,obsidian-quiz-blocks,radio,,MVC;PS2,needs-answer,,
3688,23673,122440,multiple-choice,single,obsidian-quiz-blocks,radio,,MVC;PS2,needs-answer,,
3688,35364,122263,multiple-choice,single,obsidian-quiz-blocks,radio,,MVC;PS2,needs-answer,,
3688,35364,122505,multiple-choice,single,obsidian-quiz-blocks,radio,,MVC;PS2,needs-answer,,
3688,35418,40255,multiple-choice,single,obsidian-quiz-blocks,radio,,MVC;PS2,needs-answer,,
3688,35418,122136,multiple-choice,single,obsidian-quiz-blocks,radio,,MVC;PS2,needs-answer,,
3689,35360,122139,multiple-choice,single,obsidian-quiz-blocks,radio,,MVC;PS2,needs-answer,,
3689,35360,122446,multiple-choice,single,obsidian-quiz-blocks,radio,,MVC;PS2,needs-answer,,
3689,35420,122579,multiple-choice,single,obsidian-quiz-blocks,radio,,MVC;PS2,needs-answer,,
3689,35420,122271,multiple-choice,single,obsidian-quiz-blocks,radio,,MVC;PS2,needs-answer,,
3690,35365,123214,multiple-choice,single,obsidian-quiz-blocks,radio,,MVC;PS2,needs-answer,,
3690,35365,41145,multiple-choice,single,obsidian-quiz-blocks,radio,,MVC;PS2,needs-answer,,
3690,35416,122268,multiple-choice,single,obsidian-quiz-blocks,radio,,MVC;PS2,needs-answer,,
3690,35416,123142,multiple-choice,single,obsidian-quiz-blocks,radio,,MVC;PS2,needs-answer,,
3690,35517,122269,multiple-choice,single,obsidian-quiz-blocks,radio,,MVC;PS2,needs-answer,,
3690,35517,123193,multiple-choice,single,obsidian-quiz-blocks,radio,,MVC;PS2,needs-answer,,
3692,35372,122413,multiple-choice,single,obsidian-quiz-blocks,radio,b,MVC;PS1,converted-and-verified,image-id,answer-image-id-1
3692,35372,122572,multiple-choice,single,obsidian-quiz-blocks,radio,a,MVC;PS1,converted-and-verified,image-id,answer-image-id-1
3692,35387,122399,multiple-choice,single,obsidian-quiz-blocks,radio,e,MVC;PS1,converted-and-verified,manual,label
3692,35387,122404,multiple-choice,single,obsidian-quiz-blocks,radio,d,MVC;PS1,converted-and-verified,manual,label
3692,35460,122407,multiple-choice,single,obsidian-quiz-blocks,radio,e,MVC;PS1,converted-and-verified,image-id,answer-image-id-1
3692,35460,122789,multiple-choice,single,obsidian-quiz-blocks,radio,a,MVC;PS1,converted-and-verified,image-id,answer-image-id-1
3693,33784,163670,multiple-choice,single,obsidian-quiz-blocks,radio,e,DEQ;MVC;PS1;PS2,converted-and-verified,manual,label
3693,33784,108003,multiple-choice,single,obsidian-quiz-blocks,radio,b,DEQ;MVC;PS1;PS2,converted-and-verified,manual,label
3693,33785,163564,multiple-choice,single,obsidian-quiz-blocks,radio,c,DEQ;MVC;PS1;PS2,converted-and-verified,manual,label
3693,33785,108005,multiple-choice,single,obsidian-quiz-blocks,radio,c,DEQ;MVC;PS1;PS2,converted-and-verified,manual,label
3693,35400,163492,multiple-choice,single,obsidian-quiz-blocks,radio,d,DEQ;MVC;PS1;PS2,converted-and-verified,manual,label
3693,35400,163491,multiple-choice,single,obsidian-quiz-blocks,radio,c,DEQ;MVC;PS1;PS2,converted-and-verified,manual,label
3694,35727,125364,multiple-choice,single,obsidian-quiz-blocks,radio,,MVC;PS2,needs-answer,,
3694,35727,125410,multiple-choice,single,obsidian-quiz-blocks,radio,,MVC;PS2,needs-answer,,
3694,35747,125381,multiple-choice,single,obsidian-quiz-blocks,radio,,MVC;PS2,needs-answer,,
3694,35747,125380,multiple-choice,single,obsidian-quiz-blocks,radio,,MVC;PS2,needs-answer,,
3699,23672,39954,multiple-choice,single,obsidian-quiz-blocks,radio,,MVC;PS2,needs-answer,,
3699,23672,76565,multiple-choice,single,obsidian-quiz-blocks,radio,,MVC;PS2,needs-answer,,
3699,35515,123127,multiple-choice,single,obsidian-quiz-blocks,radio,,MVC;PS2,needs-answer,,
3699,35515,123269,multiple-choice,single,obsidian-quiz-blocks,radio,,MVC;PS2,needs-answer,,
3699,35516,123128,multiple-choice,single,obsidian-quiz-blocks,radio,,MVC;PS2,needs-answer,,
3699,35516,76200,multiple-choice,single,obsidian-quiz-blocks,radio,,MVC;PS2,needs-answer,,
3700,32565,105798,multiple-choice,single,obsidian-quiz-blocks,radio,,MVC;PS1,needs-answer,,
3700,32565,41898,multiple-choice,single,obsidian-quiz-blocks,radio,,MVC;PS1,needs-answer,,
3700,33332,105957,multiple-choice,single,obsidian-quiz-blocks,radio,,MVC;PS1,needs-answer,,
3700,33332,105134,multiple-choice,single,obsidian-quiz-blocks,radio,,MVC;PS1,needs-answer,,
3701,32555,105633,multiple-choice,single,obsidian-quiz-blocks,radio,,MVC;PS1,needs-answer,,
3701,32555,41842,multiple-choice,single,obsidian-quiz-blocks,radio,,MVC;PS1,needs-answer,,
3701,33326,105651,multiple-choice,single,obsidian-quiz-blocks,radio,,MVC;PS1,needs-answer,,
3701,33326,98888,multiple-choice,single,obsidian-quiz-blocks,radio,,MVC;PS1,needs-answer,,
3703,25934,124597,multiple-choice,single,obsidian-quiz-blocks,radio,,MVC;PS2,needs-answer,,
3703,25934,81192,multiple-choice,single,obsidian-quiz-blocks,radio,,MVC;PS2,needs-answer,,
3703,25939,39344,multiple-choice,single,obsidian-quiz-blocks,radio,,MVC;PS2,needs-answer,,
3703,25939,81178,multiple-choice,single,obsidian-quiz-blocks,radio,,MVC;PS2,needs-answer,,
3703,35618,81096,multiple-choice,single,obsidian-quiz-blocks,radio,,MVC;PS2,needs-answer,,
3703,35618,124654,multiple-choice,single,obsidian-quiz-blocks,radio,,MVC;PS2,needs-answer,,
3704,23623,39342,multiple-choice,single,obsidian-quiz-blocks,radio,,MVC;PS2,needs-answer,,
3704,23623,39674,multiple-choice,single,obsidian-quiz-blocks,radio,,MVC;PS2,needs-answer,,
3704,23747,76476,multiple-choice,single,obsidian-quiz-blocks,radio,,MVC;PS2,needs-answer,,
3704,23747,76473,multiple-choice,single,obsidian-quiz-blocks,radio,,MVC;PS2,needs-answer,,
3704,35726,125370,multiple-choice,single,obsidian-quiz-blocks,radio,,MVC;PS2,needs-answer,,
3704,35726,125422,multiple-choice,single,obsidian-quiz-blocks,radio,,MVC;PS2,needs-answer,,
3705,26175,124594,multiple-choice,single,obsidian-quiz-blocks,radio,,MVC;PS2,needs-answer,,
3705,26175,124868,multiple-choice,single,obsidian-quiz-blocks,radio,,MVC;PS2,needs-answer,,
3705,35620,124871,multiple-choice,single,obsidian-quiz-blocks,radio,,MVC;PS2,needs-answer,,
3705,35620,39681,multiple-choice,single,obsidian-quiz-blocks,radio,,MVC;PS2,needs-answer,,
3705,35687,81170,multiple-choice,single,obsidian-quiz-blocks,radio,,MVC;PS2,needs-answer,,
3705,35687,90724,multiple-choice,single,obsidian-quiz-blocks,radio,,MVC;PS2,needs-answer,,
3706,44649,124101,multiple-choice,single,obsidian-quiz-blocks,radio,a,MVC;MML;PS1,converted-and-verified,manual,label
3706,44649,124105,multiple-choice,single,obsidian-quiz-blocks,radio,e,MVC;MML;PS1,converted-and-verified,image-id,answer-image-id-1
3706,44654,124103,multiple-choice,single,obsidian-quiz-blocks,radio,e,MVC;MML;PS1,converted-and-verified,image-id,answer-image-id-1
3706,44654,123979,multiple-choice,single,obsidian-quiz-blocks,radio,c,MVC;MML;PS1,converted-and-verified,image-id,answer-image-id-1
3706,44657,124004,multiple-choice,single,obsidian-quiz-blocks,radio,c,MVC;MML;PS1,converted-and-verified,manual,label
3706,44657,124199,multiple-choice,single,obsidian-quiz-blocks,radio,a,MVC;MML;PS1,converted-and-verified,manual,label
3706,44685,162142,multiple-choice,single,obsidian-quiz-blocks,radio,b,MVC;MML;PS1,converted-and-verified,manual,label
3706,44685,162141,multiple-choice,single,obsidian-quiz-blocks,radio,d,MVC;MML;PS1,converted-and-verified,manual,label
3707,44661,124111,multiple-choice,single,obsidian-quiz-blocks,radio,,MML;MVC;PS1,needs-answer,,
3707,44661,124109,multiple-choice,single,obsidian-quiz-blocks,radio,,MML;MVC;PS1,needs-answer,,
3707,44665,124117,multiple-choice,single,obsidian-quiz-blocks,radio,,MML;MVC;PS1,needs-answer,,
3707,44665,124249,multiple-choice,single,obsidian-quiz-blocks,radio,,MML;MVC;PS1,needs-answer,,
3707,44668,124114,multiple-choice,single,obsidian-quiz-blocks,radio,,MML;MVC;PS1,needs-answer,,
3707,44668,124317,multiple-choice,single,obsidian-quiz-blocks,radio,,MML;MVC;PS1,needs-answer,,
3707,44704,162152,multiple-choice,single,obsidian-quiz-blocks,radio,,MML;MVC;PS1,needs-answer,,
3707,44704,162151,multiple-choice,single,obsidian-quiz-blocks,radio,,MML;MVC;PS1,needs-answer,,
3708,35654,124146,multiple-choice,single,obsidian-quiz-blocks,radio,,MVC;PS2,needs-answer,,
3708,35654,124147,multiple-choice,single,obsidian-quiz-blocks,radio,,MVC;PS2,needs-answer,,
3708,35655,124148,multiple-choice,single,obsidian-quiz-blocks,radio,,MVC;PS2,needs-answer,,
3708,35655,124126,multiple-choice,single,obsidian-quiz-blocks,radio,,MVC;PS2,needs-answer,,
3708,35660,124149,multiple-choice,single,obsidian-quiz-blocks,radio,,MVC;PS2,needs-answer,,
3708,35660,124150,multiple-choice,single,obsidian-quiz-blocks,radio,,MVC;PS2,needs-answer,,
3711,35691,39341,multiple-choice,single,obsidian-quiz-blocks,radio,,MVC;PS2,needs-answer,,
3711,35691,124936,multiple-choice,single,obsidian-quiz-blocks,radio,,MVC;PS2,needs-answer,,
3711,35692,124703,multiple-choice,single,obsidian-quiz-blocks,radio,,MVC;PS2,needs-answer,,
3711,35692,125039,multiple-choice,single,obsidian-quiz-blocks,radio,,MVC;PS2,needs-answer,,
3711,35693,124701,multiple-choice,single,obsidian-quiz-blocks,radio,,MVC;PS2,needs-answer,,
3711,35693,124702,multiple-choice,single,obsidian-quiz-blocks,radio,,MVC;PS2,needs-answer,,
3713,35728,125395,multiple-choice,single,obsidian-quiz-blocks,radio,,MVC;PS2,needs-answer,,
3713,35728,125394,multiple-choice,single,obsidian-quiz-blocks,radio,,MVC;PS2,needs-answer,,
3713,35730,125393,multiple-choice,single,obsidian-quiz-blocks,radio,,MVC;PS2,needs-answer,,
3713,35730,125485,multiple-choice,single,obsidian-quiz-blocks,radio,,MVC;PS2,needs-answer,,
3713,35749,125424,multiple-choice,single,obsidian-quiz-blocks,radio,,MVC;PS2,needs-answer,,
3713,35749,125432,multiple-choice,single,obsidian-quiz-blocks,radio,,MVC;PS2,needs-answer,,
3715,184958,126726,multiple-choice,single,obsidian-quiz-blocks,radio,,MVC;PS2,needs-answer,,
3715,184958,126728,multiple-choice,single,obsidian-quiz-blocks,radio,,MVC;PS2,needs-answer,,
3715,184962,126833,multiple-choice,single,obsidian-quiz-blocks,radio,,MVC;PS2,needs-answer,,
3715,184962,126850,multiple-choice,single,obsidian-quiz-blocks,radio,,MVC;PS2,needs-answer,,
3715,184966,126881,multiple-choice,single,obsidian-quiz-blocks,radio,,MVC;PS2,needs-answer,,
3715,184966,127199,multiple-choice,single,obsidian-quiz-blocks,radio,,MVC;PS2,needs-answer,,
3715,184969,126892,multiple-choice,single,obsidian-quiz-blocks,radio,,MVC;PS2,needs-answer,,
3715,184969,127205,multiple-choice,single,obsidian-quiz-blocks,radio,,MVC;PS2,needs-answer,,
3716,35826,126717,multiple-choice,single,obsidian-quiz-blocks,radio,,MVC;PS2,needs-answer,,
3716,35826,127055,multiple-choice,single,obsidian-quiz-blocks,radio,,MVC;PS2,needs-answer,,
3716,35827,126719,multiple-choice,single,obsidian-quiz-blocks,radio,,MVC;PS2,needs-answer,,
3716,35827,127141,multiple-choice,single,obsidian-quiz-blocks,radio,,MVC;PS2,needs-answer,,
3716,35863,126940,multiple-choice,single,obsidian-quiz-blocks,radio,,MVC;PS2,needs-answer,,
3716,35863,126943,multiple-choice,single,obsidian-quiz-blocks,radio,,MVC;PS2,needs-answer,,
3717,44491,161434,multiple-choice,single,obsidian-quiz-blocks,radio,,MVC;PS1,needs-answer,,
3717,44491,162514,multiple-choice,single,obsidian-quiz-blocks,radio,,MVC;PS1,needs-answer,,
3717,44492,161436,multiple-choice,single,obsidian-quiz-blocks,radio,,MVC;PS1,needs-answer,,
3717,44492,162640,multiple-choice,single,obsidian-quiz-blocks,radio,,MVC;PS1,needs-answer,,
3717,44698,162148,multiple-choice,single,obsidian-quiz-blocks,radio,a,MVC;PS1,converted-and-verified,image-id,answer-image-id-1
3717,44698,162209,multiple-choice,single,obsidian-quiz-blocks,radio,,MVC;PS1,needs-answer,,
3717,44750,126829,multiple-choice,single,obsidian-quiz-blocks,radio,,MVC;PS1,needs-answer,,
3717,44750,161437,multiple-choice,single,obsidian-quiz-blocks,radio,,MVC;PS1,needs-answer,,
3776,16202,32323,multiple-choice,single,obsidian-quiz-blocks,radio,,LAL;PS1,needs-answer,,
3776,16202,78341,multiple-choice,single,obsidian-quiz-blocks,radio,,LAL;PS1,needs-answer,,
3776,16203,36315,multiple-choice,single,obsidian-quiz-blocks,radio,,LAL;PS1,needs-answer,,
3776,16203,36304,multiple-choice,single,obsidian-quiz-blocks,radio,,LAL;PS1,needs-answer,,
3818,21956,83617,multiple-choice,single,obsidian-quiz-blocks,radio,,LAL;MML;PS2,needs-answer,,
3818,21956,39817,multiple-choice,single,obsidian-quiz-blocks,radio,,LAL;MML;PS2,needs-answer,,
3818,21957,40213,multiple-choice,single,obsidian-quiz-blocks,radio,,LAL;MML;PS2,needs-answer,,
3818,21957,39858,multiple-choice,single,obsidian-quiz-blocks,radio,,LAL;MML;PS2,needs-answer,,
3818,37247,40578,multiple-choice,single,obsidian-quiz-blocks,radio,,LAL;MML;PS2,needs-answer,,
3818,37247,86826,multiple-choice,single,obsidian-quiz-blocks,radio,,LAL;MML;PS2,needs-answer,,
3819,30988,95299,multiple-choice,single,obsidian-quiz-blocks,radio,,LAL;MML;PS2,needs-answer,,
3819,30988,94772,multiple-choice,single,obsidian-quiz-blocks,radio,,LAL;MML;PS2,needs-answer,,
3819,30989,94773,multiple-choice,single,obsidian-quiz-blocks,radio,,LAL;MML;PS2,needs-answer,,
3819,30989,94981,multiple-choice,single,obsidian-quiz-blocks,radio,,LAL;MML;PS2,needs-answer,,
3819,30990,94982,multiple-choice,single,obsidian-quiz-blocks,radio,,LAL;MML;PS2,needs-answer,,
3819,30990,94983,multiple-choice,single,obsidian-quiz-blocks,radio,,LAL;MML;PS2,needs-answer,,
3835,17467,35583,multiple-choice,single,obsidian-quiz-blocks,radio,,LAL;MML;PS1,needs-answer,,
3835,17467,35626,multiple-choice,single,obsidian-quiz-blocks,radio,,LAL;MML;PS1,needs-answer,,
3835,30772,35558,multiple-choice,single,obsidian-quiz-blocks,radio,,LAL;MML;PS1,needs-answer,,
3835,30772,35588,multiple-choice,single,obsidian-quiz-blocks,radio,,LAL;MML;PS1,needs-answer,,
3836,19993,35433,multiple-choice,single,obsidian-quiz-blocks,radio,,LAL;MML;PS1,needs-answer,,
3836,19993,35306,multiple-choice,single,obsidian-quiz-blocks,radio,,LAL;MML;PS1,needs-answer,,
3836,19994,34934,multiple-choice,single,obsidian-quiz-blocks,radio,,LAL;MML;PS1,needs-answer,,
3836,19994,34930,multiple-choice,single,obsidian-quiz-blocks,radio,,LAL;MML;PS1,needs-answer,,
3836,37511,34931,multiple-choice,single,obsidian-quiz-blocks,radio,,LAL;MML;PS1,needs-answer,,
3836,37511,34833,multiple-choice,single,obsidian-quiz-blocks,radio,,LAL;MML;PS1,needs-answer,,
3852,20021,38891,multiple-choice,single,obsidian-quiz-blocks,radio,,LAL;PS1,needs-answer,,
3852,20021,83444,multiple-choice,single,obsidian-quiz-blocks,radio,,LAL;PS1,needs-answer,,
3852,26827,38136,multiple-choice,single,obsidian-quiz-blocks,radio,,LAL;PS1,needs-answer,,
3852,26827,47524,multiple-choice,single,obsidian-quiz-blocks,radio,,LAL;PS1,needs-answer,,
3852,37613,47468,multiple-choice,single,obsidian-quiz-blocks,radio,,LAL;PS1,needs-answer,,
3852,37613,84059,multiple-choice,single,obsidian-quiz-blocks,radio,,LAL;PS1,needs-answer,,
3856,34281,110403,multiple-choice,single,obsidian-quiz-blocks,radio,,MML;PAS;PS2,needs-answer,,
3856,34281,110404,multiple-choice,single,obsidian-quiz-blocks,radio,,MML;PAS;PS2,needs-answer,,
3856,38102,143478,multiple-choice,single,obsidian-quiz-blocks,radio,,MML;PAS;PS2,needs-answer,,
3856,38102,110420,multiple-choice,single,obsidian-quiz-blocks,radio,,MML;PAS;PS2,needs-answer,,
3859,34668,143362,multiple-choice,single,obsidian-quiz-blocks,radio,,MML;PAS;PS2,needs-answer,,
3859,34668,114465,multiple-choice,single,obsidian-quiz-blocks,radio,,MML;PAS;PS2,needs-answer,,
3859,37958,142859,multiple-choice,single,obsidian-quiz-blocks,radio,,MML;PAS;PS2,needs-answer,,
3859,37958,143258,multiple-choice,single,obsidian-quiz-blocks,radio,,MML;PAS;PS2,needs-answer,,
3860,1853,119161,multiple-choice,single,obsidian-quiz-blocks,radio,a,CAB;CBC;CA2;DEQ;PS1,converted-and-verified,manual,label
3860,1853,119172,multiple-choice,single,obsidian-quiz-blocks,radio,e,CAB;CBC;CA2;DEQ;PS1,converted-and-verified,manual,label
3860,38002,38324,multiple-choice,single,obsidian-quiz-blocks,radio,a,CAB;CBC;CA2;DEQ;PS1,converted-and-verified,manual,label
3860,38002,38325,multiple-choice,single,obsidian-quiz-blocks,radio,b,CAB;CBC;CA2;DEQ;PS1,converted-and-verified,manual,label
3860,38012,38252,multiple-choice,single,obsidian-quiz-blocks,radio,e,CAB;CBC;CA2;DEQ;PS1,converted-and-verified,manual,label
3860,38012,80491,multiple-choice,single,obsidian-quiz-blocks,radio,d,CAB;CBC;CA2;DEQ;PS1,converted-and-verified,manual,label
3860,38016,38329,multiple-choice,single,obsidian-quiz-blocks,radio,d,CAB;CBC;CA2;DEQ;PS1,converted-and-verified,manual,label
3860,38016,38563,multiple-choice,single,obsidian-quiz-blocks,radio,e,CAB;CBC;CA2;DEQ;PS1,converted-and-verified,manual,label
3863,34269,110388,multiple-choice,single,obsidian-quiz-blocks,radio,,MML;PAS;PS2,needs-answer,,
3863,34269,136861,multiple-choice,single,obsidian-quiz-blocks,radio,,MML;PAS;PS2,needs-answer,,
3863,34272,110390,multiple-choice,single,obsidian-quiz-blocks,radio,,MML;PAS;PS2,needs-answer,,
3863,34272,143352,multiple-choice,single,obsidian-quiz-blocks,radio,,MML;PAS;PS2,needs-answer,,
3863,38081,143384,multiple-choice,single,obsidian-quiz-blocks,radio,,MML;PAS;PS2,needs-answer,,
3863,38081,136864,multiple-choice,single,obsidian-quiz-blocks,radio,,MML;PAS;PS2,needs-answer,,
3864,37309,139768,multiple-choice,single,obsidian-quiz-blocks,radio,,MML;PAS;PS2,needs-answer,,
3864,37309,139782,multiple-choice,single,obsidian-quiz-blocks,radio,,MML;PAS;PS2,needs-answer,,
3864,37318,139755,multiple-choice,single,obsidian-quiz-blocks,radio,,MML;PAS;PS2,needs-answer,,
3864,37318,143532,multiple-choice,single,obsidian-quiz-blocks,radio,,MML;PAS;PS2,needs-answer,,
3866,34465,111912,multiple-choice,single,obsidian-quiz-blocks,radio,,MML;PAS;PS2,needs-answer,,
3866,34465,159316,multiple-choice,single,obsidian-quiz-blocks,radio,,MML;PAS;PS2,needs-answer,,
3866,38155,110423,multiple-choice,single,obsidian-quiz-blocks,radio,,MML;PAS;PS2,needs-answer,,
3866,38155,148037,multiple-choice,single,obsidian-quiz-blocks,radio,,MML;PAS;PS2,needs-answer,,
3866,39347,148023,multiple-choice,single,obsidian-quiz-blocks,radio,,MML;PAS;PS2,needs-answer,,
3866,39347,148034,multiple-choice,single,obsidian-quiz-blocks,radio,,MML;PAS;PS2,needs-answer,,
3926,38837,145550,multiple-choice,single,obsidian-quiz-blocks,radio,,MML;PAS;PS2,needs-answer,,
3926,38837,145561,multiple-choice,single,obsidian-quiz-blocks,radio,,MML;PAS;PS2,needs-answer,,
3926,38849,145581,multiple-choice,single,obsidian-quiz-blocks,radio,,MML;PAS;PS2,needs-answer,,
3926,38849,146289,multiple-choice,single,obsidian-quiz-blocks,radio,,MML;PAS;PS2,needs-answer,,
3926,38984,146159,multiple-choice,single,obsidian-quiz-blocks,radio,,MML;PAS;PS2,needs-answer,,
3926,38984,146230,multiple-choice,single,obsidian-quiz-blocks,radio,,MML;PAS;PS2,needs-answer,,
3939,39314,159310,multiple-choice,single,obsidian-quiz-blocks,radio,,MML;PAS;PS2,needs-answer,,
3939,39314,148172,multiple-choice,single,obsidian-quiz-blocks,radio,,MML;PAS;PS2,needs-answer,,
3939,39410,148173,multiple-choice,single,obsidian-quiz-blocks,radio,,MML;PAS;PS2,needs-answer,,
3939,39410,159403,multiple-choice,single,obsidian-quiz-blocks,radio,,MML;PAS;PS2,needs-answer,,
3939,39412,148182,multiple-choice,single,obsidian-quiz-blocks,radio,,MML;PAS;PS2,needs-answer,,
3939,39412,148179,multiple-choice,single,obsidian-quiz-blocks,radio,,MML;PAS;PS2,needs-answer,,
3939,39414,148186,multiple-choice,single,obsidian-quiz-blocks,radio,,MML;PAS;PS2,needs-answer,,
3939,39414,148189,multiple-choice,single,obsidian-quiz-blocks,radio,,MML;PAS;PS2,needs-answer,,
3940,39343,148153,multiple-choice,single,obsidian-quiz-blocks,radio,,MML;PAS;PS2,needs-answer,,
3940,39343,148154,multiple-choice,single,obsidian-quiz-blocks,radio,,MML;PAS;PS2,needs-answer,,
3940,39369,148155,multiple-choice,single,obsidian-quiz-blocks,radio,,MML;PAS;PS2,needs-answer,,
3940,39369,148156,multiple-choice,single,obsidian-quiz-blocks,radio,,MML;PAS;PS2,needs-answer,,
3940,39371,148162,multiple-choice,single,obsidian-quiz-blocks,radio,,MML;PAS;PS2,needs-answer,,
3940,39371,148163,multiple-choice,single,obsidian-quiz-blocks,radio,,MML;PAS;PS2,needs-answer,,
3940,39377,148161,multiple-choice,single,obsidian-quiz-blocks,radio,,MML;PAS;PS2,needs-answer,,
3940,39377,148160,multiple-choice,single,obsidian-quiz-blocks,radio,,MML;PAS;PS2,needs-answer,,
4012,29819,90278,multiple-choice,single,obsidian-quiz-blocks,radio,,MML;PAS;PS1,needs-answer,,
4012,29819,90384,multiple-choice,single,obsidian-quiz-blocks,radio,,MML;PAS;PS1,needs-answer,,
4012,29820,90393,multiple-choice,single,obsidian-quiz-blocks,radio,,MML;PAS;PS1,needs-answer,,
4012,29820,149715,multiple-choice,single,obsidian-quiz-blocks,radio,,MML;PAS;PS1,needs-answer,,
4012,29821,90280,multiple-choice,single,obsidian-quiz-blocks,radio,,MML;PAS;PS1,needs-answer,,
4012,29821,90388,multiple-choice,single,obsidian-quiz-blocks,radio,,MML;PAS;PS1,needs-answer,,
4043,41078,86913,multiple-choice,single,obsidian-quiz-blocks,radio,,MML;MVC;PAS;PS1,needs-answer,,
4043,41078,126015,multiple-choice,single,obsidian-quiz-blocks,radio,,MML;MVC;PAS;PS1,needs-answer,,
4043,41927,86919,multiple-choice,single,obsidian-quiz-blocks,radio,,MML;MVC;PAS;PS1,needs-answer,,
4043,41927,158351,multiple-choice,single,obsidian-quiz-blocks,radio,,MML;MVC;PAS;PS1,needs-answer,,
4043,41936,158311,multiple-choice,single,obsidian-quiz-blocks,radio,,MML;MVC;PAS;PS1,needs-answer,,
4043,41936,158318,multiple-choice,single,obsidian-quiz-blocks,radio,,MML;MVC;PAS;PS1,needs-answer,,
4063,41922,161445,multiple-choice,single,obsidian-quiz-blocks,radio,,MML;MVC;PS1,needs-answer,,
4063,41922,161444,multiple-choice,single,obsidian-quiz-blocks,radio,,MML;MVC;PS1,needs-answer,,
4063,41924,158314,multiple-choice,single,obsidian-quiz-blocks,radio,,MML;MVC;PS1,needs-answer,,
4063,41924,35879,multiple-choice,single,obsidian-quiz-blocks,radio,,MML;MVC;PS1,needs-answer,,
4063,44507,158313,multiple-choice,single,obsidian-quiz-blocks,radio,,MML;MVC;PS1,needs-answer,,
4063,44507,161440,multiple-choice,single,obsidian-quiz-blocks,radio,,MML;MVC;PS1,needs-answer,,
4077,41650,34318,multiple-choice,single,obsidian-quiz-blocks,radio,,LAL;MML;PS1,needs-answer,,
4077,41650,74215,multiple-choice,single,obsidian-quiz-blocks,radio,,LAL;MML;PS1,needs-answer,,
4077,41653,35586,multiple-choice,single,obsidian-quiz-blocks,radio,,LAL;MML;PS1,needs-answer,,
4077,41653,34362,multiple-choice,single,obsidian-quiz-blocks,radio,,LAL;MML;PS1,needs-answer,,
4077,41665,35595,multiple-choice,single,obsidian-quiz-blocks,radio,,LAL;MML;PS1,needs-answer,,
4077,41665,74216,multiple-choice,single,obsidian-quiz-blocks,radio,,LAL;MML;PS1,needs-answer,,
4096,41900,35710,multiple-choice,single,obsidian-quiz-blocks,radio,,MML;MVC;PS1,needs-answer,,
4096,41900,132252,multiple-choice,single,obsidian-quiz-blocks,radio,,MML;MVC;PS1,needs-answer,,
4096,41903,158465,multiple-choice,single,obsidian-quiz-blocks,radio,,MML;MVC;PS1,needs-answer,,
4096,41903,159751,multiple-choice,single,obsidian-quiz-blocks,radio,,MML;MVC;PS1,needs-answer,,
4096,41983,70024,multiple-choice,single,obsidian-quiz-blocks,radio,,MML;MVC;PS1,needs-answer,,
4096,41983,35718,multiple-choice,single,obsidian-quiz-blocks,radio,,MML;MVC;PS1,needs-answer,,
4096,42238,159724,multiple-choice,single,obsidian-quiz-blocks,radio,,MML;MVC;PS1,needs-answer,,
4096,42238,158466,multiple-choice,single,obsidian-quiz-blocks,radio,,MML;MVC;PS1,needs-answer,,
4097,41394,36443,multiple-choice,single,obsidian-quiz-blocks,radio,,MML;MVC;PS1,needs-answer,,
4097,41394,65003,multiple-choice,single,obsidian-quiz-blocks,radio,,MML;MVC;PS1,needs-answer,,
4097,41398,35862,multiple-choice,single,obsidian-quiz-blocks,radio,,MML;MVC;PS1,needs-answer,,
4097,41398,35866,multiple-choice,single,obsidian-quiz-blocks,radio,,MML;MVC;PS1,needs-answer,,
4097,41430,105211,multiple-choice,single,obsidian-quiz-blocks,radio,,MML;MVC;PS1,needs-answer,,
4097,41430,71808,multiple-choice,single,obsidian-quiz-blocks,radio,,MML;MVC;PS1,needs-answer,,
4100,41081,86914,multiple-choice,single,obsidian-quiz-blocks,radio,,MML;MVC;PAS;PS1,needs-answer,,
4100,41081,86918,multiple-choice,single,obsidian-quiz-blocks,radio,,MML;MVC;PAS;PS1,needs-answer,,
4100,41121,87235,multiple-choice,single,obsidian-quiz-blocks,radio,,MML;MVC;PAS;PS1,needs-answer,,
4100,41121,86917,multiple-choice,single,obsidian-quiz-blocks,radio,,MML;MVC;PAS;PS1,needs-answer,,
4100,44173,160448,multiple-choice,single,obsidian-quiz-blocks,radio,,MML;MVC;PAS;PS1,needs-answer,,
4100,44173,154696,multiple-choice,single,obsidian-quiz-blocks,radio,,MML;MVC;PAS;PS1,needs-answer,,
4132,26978,38129,multiple-choice,single,obsidian-quiz-blocks,radio,,MVC;PS1,needs-answer,,
4132,26978,38371,multiple-choice,single,obsidian-quiz-blocks,radio,,MVC;PS1,needs-answer,,
4132,44170,38377,multiple-choice,single,obsidian-quiz-blocks,radio,,MVC;PS1,needs-answer,,
4132,44170,82916,multiple-choice,single,obsidian-quiz-blocks,radio,,MVC;PS1,needs-answer,,
4132,44171,160433,multiple-choice,single,obsidian-quiz-blocks,radio,,MVC;PS1,needs-answer,,
4132,44171,160896,multiple-choice,single,obsidian-quiz-blocks,radio,,MVC;PS1,needs-answer,,
4134,27106,82725,multiple-choice,single,obsidian-quiz-blocks,radio,,MVC;PS1,needs-answer,,
4134,27106,38306,multiple-choice,single,obsidian-quiz-blocks,radio,,MVC;PS1,needs-answer,,
4134,27107,82669,multiple-choice,single,obsidian-quiz-blocks,radio,,MVC;PS1,needs-answer,,
4134,27107,82777,multiple-choice,single,obsidian-quiz-blocks,radio,,MVC;PS1,needs-answer,,
4134,44206,123917,multiple-choice,single,obsidian-quiz-blocks,radio,,MVC;PS1,needs-answer,,
4134,44206,160559,multiple-choice,single,obsidian-quiz-blocks,radio,,MVC;PS1,needs-answer,,
4135,42408,160484,multiple-choice,single,obsidian-quiz-blocks,radio,d,MVC;PS1,converted-and-verified,image-id,answer-image-id-1
4135,42408,160952,multiple-choice,single,obsidian-quiz-blocks,radio,a,MVC;PS1,converted-and-verified,image-id,answer-image-id-1
4135,44184,160418,multiple-choice,single,obsidian-quiz-blocks,radio,a,MVC;PS1,converted-and-verified,image-id,answer-image-id-1
4135,44184,161161,multiple-choice,single,obsidian-quiz-blocks,radio,a,MVC;PS1,converted-and-verified,image-id,answer-image-id-1
4135,44222,160414,multiple-choice,single,obsidian-quiz-blocks,radio,d,MVC;PS1,converted-and-verified,image-id,answer-image-id-1
4135,44222,160929,multiple-choice,single,obsidian-quiz-blocks,radio,c,MVC;PS1,converted-and-verified,image-id,answer-image-id-1
4135,44308,160890,multiple-choice,single,obsidian-quiz-blocks,radio,e,MVC;PS1,converted-and-verified,image-id,answer-image-id-1
4135,44308,160481,multiple-choice,single,obsidian-quiz-blocks,radio,d,MVC;PS1,converted-and-verified,manual,label
4141,44326,161345,multiple-choice,single,obsidian-quiz-blocks,radio,,MVC;PS2,needs-answer,,
4141,44326,38771,multiple-choice,single,obsidian-quiz-blocks,radio,,MVC;PS2,needs-answer,,
4141,44458,39476,multiple-choice,single,obsidian-quiz-blocks,radio,,MVC;PS2,needs-answer,,
4141,44458,38848,multiple-choice,single,obsidian-quiz-blocks,radio,,MVC;PS2,needs-answer,,
4141,44461,161257,multiple-choice,single,obsidian-quiz-blocks,radio,,MVC;PS2,needs-answer,,
4141,44461,161256,multiple-choice,single,obsidian-quiz-blocks,radio,,MVC;PS2,needs-answer,,
4143,44281,160888,multiple-choice,single,obsidian-quiz-blocks,radio,,MVC;PS2,needs-answer,,
4143,44281,161553,multiple-choice,single,obsidian-quiz-blocks,radio,,MVC;PS2,needs-answer,,
4143,44435,160887,multiple-choice,single,obsidian-quiz-blocks,radio,,MVC;PS2,needs-answer,,
4143,44435,161360,multiple-choice,single,obsidian-quiz-blocks,radio,,MVC;PS2,needs-answer,,
4143,44446,161189,multiple-choice,single,obsidian-quiz-blocks,radio,,MVC;PS2,needs-answer,,
4143,44446,161166,multiple-choice,single,obsidian-quiz-blocks,radio,,MVC;PS2,needs-answer,,
4144,44618,161830,multiple-choice,single,obsidian-quiz-blocks,radio,,MVC;PS2,needs-answer,,
4144,44618,161862,multiple-choice,single,obsidian-quiz-blocks,radio,,MVC;PS2,needs-answer,,
4144,44619,161907,multiple-choice,single,obsidian-quiz-blocks,radio,,MVC;PS2,needs-answer,,
4144,44619,161863,multiple-choice,single,obsidian-quiz-blocks,radio,,MVC;PS2,needs-answer,,
4145,44278,160840,multiple-choice,single,obsidian-quiz-blocks,radio,,MVC;PS2,needs-answer,,
4145,44278,160839,multiple-choice,single,obsidian-quiz-blocks,radio,,MVC;PS2,needs-answer,,
4145,44283,160886,multiple-choice,single,obsidian-quiz-blocks,radio,,MVC;PS2,needs-answer,,
4145,44283,160845,multiple-choice,single,obsidian-quiz-blocks,radio,,MVC;PS2,needs-answer,,
4146,44335,38532,multiple-choice,single,obsidian-quiz-blocks,radio,,MVC;PS2,needs-answer,,
4146,44335,161491,multiple-choice,single,obsidian-quiz-blocks,radio,,MVC;PS2,needs-answer,,
4146,44337,38783,multiple-choice,single,obsidian-quiz-blocks,radio,,MVC;PS2,needs-answer,,
4146,44337,38536,multiple-choice,single,obsidian-quiz-blocks,radio,,MVC;PS2,needs-answer,,
4146,44347,38981,multiple-choice,single,obsidian-quiz-blocks,radio,,MVC;PS2,needs-answer,,
4146,44347,40098,multiple-choice,single,obsidian-quiz-blocks,radio,,MVC;PS2,needs-answer,,
4146,44495,161438,multiple-choice,single,obsidian-quiz-blocks,radio,,MVC;PS2,needs-answer,,
4146,44495,161473,multiple-choice,single,obsidian-quiz-blocks,radio,,MVC;PS2,needs-answer,,
4149,26205,38079,multiple-choice,single,obsidian-quiz-blocks,radio,,MML;MVC;PS1,needs-answer,,
4149,26205,81169,multiple-choice,single,obsidian-quiz-blocks,radio,,MML;MVC;PS1,needs-answer,,
4149,42423,81319,multiple-choice,single,obsidian-quiz-blocks,radio,,MML;MVC;PS1,needs-answer,,
4149,42423,81305,multiple-choice,single,obsidian-quiz-blocks,radio,,MML;MVC;PS1,needs-answer,,
4149,44598,161829,multiple-choice,single,obsidian-quiz-blocks,radio,,MML;MVC;PS1,needs-answer,,
4149,44598,161828,multiple-choice,single,obsidian-quiz-blocks,radio,,MML;MVC;PS1,needs-answer,,
4151,44576,39054,multiple-choice,single,obsidian-quiz-blocks,radio,,MVC;PS2,needs-answer,,
4151,44576,38941,multiple-choice,single,obsidian-quiz-blocks,radio,,MVC;PS2,needs-answer,,
4151,44578,39055,multiple-choice,single,obsidian-quiz-blocks,radio,,MVC;PS2,needs-answer,,
4151,44578,162139,multiple-choice,single,obsidian-quiz-blocks,radio,,MVC;PS2,needs-answer,,
4151,44583,162149,multiple-choice,single,obsidian-quiz-blocks,radio,,MVC;PS2,needs-answer,,
4151,44583,39060,multiple-choice,single,obsidian-quiz-blocks,radio,,MVC;PS2,needs-answer,,
4158,43193,38980,multiple-choice,single,obsidian-quiz-blocks,radio,,MVC;PS2,needs-answer,,
4158,43193,39150,multiple-choice,single,obsidian-quiz-blocks,radio,,MVC;PS2,needs-answer,,
4158,43194,39146,multiple-choice,single,obsidian-quiz-blocks,radio,,MVC;PS2,needs-answer,,
4158,43194,39418,multiple-choice,single,obsidian-quiz-blocks,radio,,MVC;PS2,needs-answer,,
4158,44564,39154,multiple-choice,single,obsidian-quiz-blocks,radio,,MVC;PS2,needs-answer,,
4158,44564,39415,multiple-choice,single,obsidian-quiz-blocks,radio,,MVC;PS2,needs-answer,,
4160,35868,162216,multiple-choice,single,obsidian-quiz-blocks,radio,,MVC;PS2,needs-answer,,
4160,35868,126828,multiple-choice,single,obsidian-quiz-blocks,radio,,MVC;PS2,needs-answer,,
4160,44701,161439,multiple-choice,single,obsidian-quiz-blocks,radio,,MVC;PS2,needs-answer,,
4160,44701,162218,multiple-choice,single,obsidian-quiz-blocks,radio,,MVC;PS2,needs-answer,,
4162,44438,161162,multiple-choice,single,obsidian-quiz-blocks,radio,,MVC;PS2,needs-answer,,
4162,44438,162564,multiple-choice,single,obsidian-quiz-blocks,radio,,MVC;PS2,needs-answer,,
4162,44442,161168,multiple-choice,single,obsidian-quiz-blocks,radio,,MVC;PS2,needs-answer,,
4162,44442,161232,multiple-choice,single,obsidian-quiz-blocks,radio,,MVC;PS2,needs-answer,,
4162,44792,161171,multiple-choice,single,obsidian-quiz-blocks,radio,,MVC;PS2,needs-answer,,
4162,44792,162550,multiple-choice,single,obsidian-quiz-blocks,radio,,MVC;PS2,needs-answer,,
4164,32292,99256,multiple-choice,single,obsidian-quiz-blocks,radio,,MML;MVC;PS2,needs-answer,,
4164,32292,98103,multiple-choice,single,obsidian-quiz-blocks,radio,,MML;MVC;PS2,needs-answer,,
4164,32293,98104,multiple-choice,single,obsidian-quiz-blocks,radio,,MML;MVC;PS2,needs-answer,,
4164,32293,37701,multiple-choice,single,obsidian-quiz-blocks,radio,,MML;MVC;PS2,needs-answer,,
4164,44833,98102,multiple-choice,single,obsidian-quiz-blocks,radio,,MML;MVC;PS2,needs-answer,,
4164,44833,37781,multiple-choice,single,obsidian-quiz-blocks,radio,,MML;MVC;PS2,needs-answer,,
4166,30626,39020,multiple-choice,single,obsidian-quiz-blocks,radio,,MVC;PS2,needs-answer,,
4166,30626,39547,multiple-choice,single,obsidian-quiz-blocks,radio,,MVC;PS2,needs-answer,,
4166,30628,39540,multiple-choice,single,obsidian-quiz-blocks,radio,,MVC;PS2,needs-answer,,
4166,30628,39128,multiple-choice,single,obsidian-quiz-blocks,radio,,MVC;PS2,needs-answer,,
4166,44879,163061,multiple-choice,single,obsidian-quiz-blocks,radio,,MVC;PS2,needs-answer,,
4166,44879,39534,multiple-choice,single,obsidian-quiz-blocks,radio,,MVC;PS2,needs-answer,,
4166,44905,162919,multiple-choice,single,obsidian-quiz-blocks,radio,,MVC;PS2,needs-answer,,
4166,44905,163054,multiple-choice,single,obsidian-quiz-blocks,radio,,MVC;PS2,needs-answer,,
4167,44913,162948,multiple-choice,single,obsidian-quiz-blocks,radio,,MVC;PS2,needs-answer,,
4167,44913,162949,multiple-choice,single,obsidian-quiz-blocks,radio,,MVC;PS2,needs-answer,,
4167,44914,162957,multiple-choice,single,obsidian-quiz-blocks,radio,,MVC;PS2,needs-answer,,
4167,44914,162964,multiple-choice,single,obsidian-quiz-blocks,radio,,MVC;PS2,needs-answer,,
4167,44915,162939,multiple-choice,single,obsidian-quiz-blocks,radio,,MVC;PS2,needs-answer,,
4167,44915,162940,multiple-choice,single,obsidian-quiz-blocks,radio,,MVC;PS2,needs-answer,,
4169,44920,162943,multiple-choice,single,obsidian-quiz-blocks,radio,,MML;MVC;PS1,needs-answer,,
4169,44920,162983,multiple-choice,single,obsidian-quiz-blocks,radio,,MML;MVC;PS1,needs-answer,,
4169,44921,162941,multiple-choice,single,obsidian-quiz-blocks,radio,,MML;MVC;PS1,needs-answer,,
4169,44921,162942,multiple-choice,single,obsidian-quiz-blocks,radio,,MML;MVC;PS1,needs-answer,,
4169,44926,162945,multiple-choice,single,obsidian-quiz-blocks,radio,,MML;MVC;PS1,needs-answer,,
4169,44926,163057,multiple-choice,single,obsidian-quiz-blocks,radio,,MML;MVC;PS1,needs-answer,,
4169,44947,162944,multiple-choice,single,obsidian-quiz-blocks,radio,,MML;MVC;PS1,needs-answer,,
4169,44947,163163,multiple-choice,single,obsidian-quiz-blocks,radio,,MML;MVC;PS1,needs-answer,,
4171,45309,162992,multiple-choice,single,obsidian-quiz-blocks,radio,,MML;MVC;PS1,needs-answer,,
4171,45309,163113,multiple-choice,single,obsidian-quiz-blocks,radio,,MML;MVC;PS1,needs-answer,,
4171,45314,162947,multiple-choice,single,obsidian-quiz-blocks,radio,,MML;MVC;PS1,needs-answer,,
4171,45314,162989,multiple-choice,single,obsidian-quiz-blocks,radio,,MML;MVC;PS1,needs-answer,,
4171,45340,164611,multiple-choice,single,obsidian-quiz-blocks,radio,,MML;MVC;PS1,needs-answer,,
4171,45340,164809,multiple-choice,single,obsidian-quiz-blocks,radio,,MML;MVC;PS1,needs-answer,,
4173,44957,162991,multiple-choice,single,obsidian-quiz-blocks,radio,,MVC;PS2,needs-answer,,
4173,44957,162993,multiple-choice,single,obsidian-quiz-blocks,radio,,MVC;PS2,needs-answer,,
4173,44958,162998,multiple-choice,single,obsidian-quiz-blocks,radio,,MVC;PS2,needs-answer,,
4173,44958,163000,multiple-choice,single,obsidian-quiz-blocks,radio,,MVC;PS2,needs-answer,,
4173,44962,163007,multiple-choice,single,obsidian-quiz-blocks,radio,,MVC;PS2,needs-answer,,
4173,44962,163008,multiple-choice,single,obsidian-quiz-blocks,radio,,MVC;PS2,needs-answer,,
4174,44959,163011,multiple-choice,single,obsidian-quiz-blocks,radio,,MVC;PS2,needs-answer,,
4174,44959,163612,multiple-choice,single,obsidian-quiz-blocks,radio,,MVC;PS2,needs-answer,,
4174,45033,163586,multiple-choice,single,obsidian-quiz-blocks,radio,,MVC;PS2,needs-answer,,
4174,45033,38825,multiple-choice,single,obsidian-quiz-blocks,radio,,MVC;PS2,needs-answer,,
4174,45077,38824,multiple-choice,single,obsidian-quiz-blocks,radio,,MVC;PS2,needs-answer,,
4174,45077,163604,multiple-choice,single,obsidian-quiz-blocks,radio,,MVC;PS2,needs-answer,,
4208,19456,70568,multiple-choice,single,obsidian-quiz-blocks,radio,,MML;MVC;PS1,needs-answer,,
4208,19456,73245,multiple-choice,single,obsidian-quiz-blocks,radio,,MML;MVC;PS1,needs-answer,,
4208,20423,70582,multiple-choice,single,obsidian-quiz-blocks,radio,,MML;MVC;PS1,needs-answer,,
4208,20423,70588,multiple-choice,single,obsidian-quiz-blocks,radio,,MML;MVC;PS1,needs-answer,,
4208,45293,70570,multiple-choice,single,obsidian-quiz-blocks,radio,,MML;MVC;PS1,needs-answer,,
4208,45293,94774,multiple-choice,single,obsidian-quiz-blocks,radio,,MML;MVC;PS1,needs-answer,,
4238,45752,138095,multiple-choice,single,obsidian-quiz-blocks,radio,,LAL;MML;PS2,needs-answer,,
4238,45752,136828,multiple-choice,single,obsidian-quiz-blocks,radio,,LAL;MML;PS2,needs-answer,,
4238,45756,136827,multiple-choice,single,obsidian-quiz-blocks,radio,,LAL;MML;PS2,needs-answer,,
4238,45756,138085,multiple-choice,single,obsidian-quiz-blocks,radio,,LAL;MML;PS2,needs-answer,,
4238,45757,170160,multiple-choice,single,obsidian-quiz-blocks,radio,,LAL;MML;PS2,needs-answer,,
4238,45757,170138,multiple-choice,single,obsidian-quiz-blocks,radio,,LAL;MML;PS2,needs-answer,,
4319,52323,40489,multiple-choice,single,obsidian-quiz-blocks,radio,,LAL;MML;PS2,needs-answer,,
4319,52323,40516,multiple-choice,single,obsidian-quiz-blocks,radio,,LAL;MML;PS2,needs-answer,,
4319,52326,177075,multiple-choice,single,obsidian-quiz-blocks,radio,,LAL;MML;PS2,needs-answer,,
4319,52326,177315,multiple-choice,single,obsidian-quiz-blocks,radio,,LAL;MML;PS2,needs-answer,,
4386,152953,181722,multiple-choice,single,obsidian-quiz-blocks,radio,,LAL;MML;MOP;PS1,needs-answer,,
4386,152953,181536,multiple-choice,single,obsidian-quiz-blocks,radio,,LAL;MML;MOP;PS1,needs-answer,,
4386,152956,181597,multiple-choice,single,obsidian-quiz-blocks,radio,,LAL;MML;MOP;PS1,needs-answer,,
4386,152956,181668,multiple-choice,single,obsidian-quiz-blocks,radio,,LAL;MML;MOP;PS1,needs-answer,,
4386,152959,181646,multiple-choice,single,obsidian-quiz-blocks,radio,,LAL;MML;MOP;PS1,needs-answer,,
4386,152959,181599,multiple-choice,single,obsidian-quiz-blocks,radio,,LAL;MML;MOP;PS1,needs-answer,,
4387,153384,181949,multiple-choice,single,obsidian-quiz-blocks,radio,d,LAL;MOP;MML;PS1,converted-and-verified,image-id,answer-image-id-1
4387,153384,181987,multiple-choice,single,obsidian-quiz-blocks,radio,e,LAL;MOP;MML;PS1,converted-and-verified,image-id,answer-image-id-1
4387,153388,181304,multiple-choice,single,obsidian-quiz-blocks,radio,b,LAL;MOP;MML;PS1,converted-and-verified,image-id,answer-image-id-1
4387,153388,181303,multiple-choice,single,obsidian-quiz-blocks,radio,a,LAL;MOP;MML;PS1,converted-and-verified,image-id,answer-image-id-1
4387,153393,181984,multiple-choice,single,obsidian-quiz-blocks,radio,d,LAL;MOP;MML;PS1,converted-and-verified,image-id,answer-image-id-1
4387,153393,172685,multiple-choice,single,obsidian-quiz-blocks,radio,c,LAL;MOP;MML;PS1,converted-and-verified,image-id,answer-image-id-1
4387,153396,172690,multiple-choice,single,obsidian-quiz-blocks,radio,b,LAL;MOP;MML;PS1,converted-and-verified,manual,label
4387,153396,174338,multiple-choice,single,obsidian-quiz-blocks,radio,d,LAL;MOP;MML;PS1,converted-and-verified,manual,label
4392,87318,181442,select-list,multi,,,,,,,
4392,87318,181129,select-list,multi,,,,,,,
4392,87321,181269,select-list,multi,,,,,,,
4392,87321,181983,select-list,multi,,,,,,,
4392,87324,181678,select-list,multi,,,,,,,
4392,87324,181600,select-list,multi,,,,,,,
4392,87327,181172,select-list,multi,,,,,,,
4392,87327,181610,free-response,multi,,,,,,,
4393,67910,183327,select-list,multi,,,,,,,
4393,67910,183764,select-list,multi,,,,,,,
4393,67913,183783,select-list,multi,,,,,,,
4393,67913,183328,select-list,multi,,,,,,,
4393,67917,183325,select-list,multi,,,,,,,
4393,67917,183695,select-list,multi,,,,,,,
4393,67920,181608,free-response,multi,,,,,,,
4393,67920,181695,free-response,multi,,,,,,,
4420,68177,183666,multiple-choice,single,obsidian-quiz-blocks,radio,,MF3;PAS;PS1,needs-answer,,
4420,68177,183323,multiple-choice,single,obsidian-quiz-blocks,radio,,MF3;PAS;PS1,needs-answer,,
4420,68180,183673,multiple-choice,single,obsidian-quiz-blocks,radio,,MF3;PAS;PS1,needs-answer,,
4420,68180,183667,multiple-choice,single,obsidian-quiz-blocks,radio,,MF3;PAS;PS1,needs-answer,,
4420,68183,183815,multiple-choice,single,obsidian-quiz-blocks,radio,,MF3;PAS;PS1,needs-answer,,
4420,68183,94204,multiple-choice,single,obsidian-quiz-blocks,radio,,MF3;PAS;PS1,needs-answer,,
4425,152794,181568,multiple-choice,single,obsidian-quiz-blocks,radio,b,LAL;MML;MOP;PS1,converted-and-verified,manual,label
4425,152794,180758,multiple-choice,single,obsidian-quiz-blocks,radio,c,LAL;MML;MOP;PS1,converted-and-verified,manual,label
4425,152798,181184,multiple-choice,single,obsidian-quiz-blocks,radio,e,LAL;MML;MOP;PS1,converted-and-verified,manual,label
4425,152798,180761,multiple-choice,single,obsidian-quiz-blocks,radio,d,LAL;MML;MOP;PS1,converted-and-verified,manual,label
4425,152802,181117,multiple-choice,single,obsidian-quiz-blocks,radio,e,LAL;MML;MOP;PS1,converted-and-verified,manual,label
4425,152802,181118,multiple-choice,single,obsidian-quiz-blocks,radio,e,LAL;MML;MOP;PS1,converted-and-verified,manual,label
4425,152805,181143,multiple-choice,single,obsidian-quiz-blocks,radio,d,LAL;MML;MOP;PS1,converted-and-verified,manual,label
4425,152805,181185,multiple-choice,single,obsidian-quiz-blocks,radio,,LAL;MML;MOP;PS1,needs-answer,,
6364,587395,334944,free-response,multi,,,,,,,
6364,587395,334966,free-response,multi,,,,,,,
6364,587398,334976,free-response,multi,,,,,,,
6364,587398,335126,free-response,multi,,,,,,,
6364,587401,335148,free-response,multi,,,,,,,
6364,587401,335168,free-response,multi,,,,,,,
6367,600668,342709,select-list,single,,,,,,,
6367,600668,342710,select-list,single,,,,,,,
6367,600671,342712,free-response,single,,,,,,,
6367,600671,342744,free-response,single,,,,,,,
6367,600674,342724,select-list,single,,,,,,,
6367,600674,342713,select-list,single,,,,,,,
6369,600096,325858,multiple-choice,single,obsidian-quiz-blocks,radio,b,DEQ;PS2,converted-and-verified,manual,label
6369,600096,331855,multiple-choice,single,obsidian-quiz-blocks,radio,c,DEQ;PS2,converted-and-verified,manual,label
6369,600100,64298,multiple-choice,single,obsidian-quiz-blocks,radio,c,DEQ;PS2,converted-and-verified,manual,label
6369,600100,89592,multiple-choice,single,obsidian-quiz-blocks,radio,e,DEQ;PS2,converted-and-verified,manual,label
6369,600104,328557,multiple-choice,single,obsidian-quiz-blocks,radio,b,DEQ;PS2,converted-and-verified,manual,label
6369,600104,332055,multiple-choice,single,obsidian-quiz-blocks,radio,c,DEQ;PS2,converted-and-verified,manual,label
6369,600108,328705,select-list,multi,,,,,,,
6369,600108,331767,select-list,multi,,,,,,,
6370,600722,331016,multiple-choice,single,obsidian-quiz-blocks,radio,d,DEQ;PS2,converted-and-verified,manual,label
6370,600722,326384,multiple-choice,single,obsidian-quiz-blocks,radio,a,DEQ;PS2,converted-and-verified,manual,label
6370,600725,331035,multiple-choice,single,obsidian-quiz-blocks,radio,b,DEQ;PS2,converted-and-verified,manual,label
6370,600725,331005,multiple-choice,single,obsidian-quiz-blocks,radio,a,DEQ;PS2,converted-and-verified,manual,label
6370,600729,342319,multiple-choice,single,obsidian-quiz-blocks,radio,a,DEQ;PS2,converted-and-verified,manual,label
6370,600729,342318,multiple-choice,single,obsidian-quiz-blocks,radio,d,DEQ;PS2,converted-and-verified,manual,label
6372,599889,330822,multiple-choice,single,obsidian-quiz-blocks,radio,b,DEQ;PS2,converted-and-verified,manual,label
6372,599889,327234,multiple-choice,single,obsidian-quiz-blocks,radio,b,DEQ;PS2,converted-and-verified,manual,label
6372,599893,330840,multiple-choice,single,obsidian-quiz-blocks,radio,b,DEQ;PS2,converted-and-verified,manual,label
6372,599893,330839,multiple-choice,single,obsidian-quiz-blocks,radio,c,DEQ;PS2,converted-and-verified,manual,label
6372,599897,331052,select-list,single,,,,,,,
6372,599897,329472,select-list,single,,,,,,,
6373,600183,333397,multiple-choice,single,obsidian-quiz-blocks,radio,c,DEQ;PS2,converted-and-verified,manual,label
6373,600183,333386,multiple-choice,single,obsidian-quiz-blocks,radio,b,DEQ;PS2,converted-and-verified,manual,label
6373,600186,339627,select-list,single,,,,,,,
6373,600186,339628,select-list,single,,,,,,,
6373,600189,339771,select-list,multi,,,,,,,
6373,600189,339772,select-list,multi,,,,,,,
6374,606203,333695,free-response,single,,,,,,,
6374,606203,322731,free-response,single,,,,,,,
6374,606206,333742,select-list,multi,,,,,,,
6374,606206,333862,select-list,multi,,,,,,,
6374,606211,322737,select-list,multi,,,,,,,
6374,606211,334405,select-list,multi,,,,,,,
6375,588474,333852,free-response,multi,,,,,,,
6375,588474,323878,free-response,multi,,,,,,,
6375,588478,334632,free-response,multi,,,,,,,
6375,588478,328966,free-response,multi,,,,,,,
6375,588482,334721,free-response,multi,,,,,,,
6375,588482,329001,free-response,multi,,,,,,,
6375,588486,333858,free-response,multi,,,,,,,
6375,588486,335096,free-response,multi,,,,,,,
6376,594317,333701,multiple-choice,single,obsidian-quiz-blocks,radio,d,DEQ;PS2,converted-and-verified,manual,label
6376,594317,334329,multiple-choice,single,obsidian-quiz-blocks,radio,b,DEQ;PS2,converted-and-verified,manual,label
6376,594321,333722,select-list,multi,,,,,,,
6376,594321,333723,select-list,multi,,,,,,,
6376,594326,333712,free-response,multi,,,,,,,
6376,594326,333713,free-response,multi,,,,,,,
6377,588702,333360,multiple-choice,single,obsidian-quiz-blocks,radio,a,DEQ;PS2,converted-and-verified,manual,label
6377,588702,333364,multiple-choice,single,obsidian-quiz-blocks,radio,d,DEQ;PS2,converted-and-verified,manual,label
6377,588706,332966,select-list,multi,,,,,,,
6377,588706,333385,multiple-choice,single,obsidian-quiz-blocks,radio,,DEQ;PS2,needs-answer,,
6378,591481,333529,select-list,multi,,,,,,,
6378,591481,334954,select-list,multi,,,,,,,
6378,591485,333387,free-response,multi,,,,,,,
6378,591485,333395,free-response,multi,,,,,,,
6378,591489,335535,select-list,multi,,,,,,,
6378,591489,333532,select-list,multi,,,,,,,
6379,588357,332876,multiple-choice,single,obsidian-quiz-blocks,radio,e,DEQ;PS2,converted-and-verified,manual,label
6379,588357,332877,multiple-choice,single,obsidian-quiz-blocks,radio,a,DEQ;PS2,converted-and-verified,manual,label
6379,588361,332864,multiple-choice,single,obsidian-quiz-blocks,radio,c,DEQ;PS2,converted-and-verified,image-id,answer-image-id-1
6379,588361,333937,multiple-choice,single,obsidian-quiz-blocks,radio,a,DEQ;PS2,converted-and-verified,image-id,answer-image-id-1
6379,588365,334385,multiple-choice,single,obsidian-quiz-blocks,radio,e,DEQ;PS2,converted-and-verified,image-id,answer-image-id-1
6379,588365,332874,multiple-choice,single,obsidian-quiz-blocks,radio,e,DEQ;PS2,converted-and-verified,image-id,answer-image-id-1
6380,588865,333658,multiple-choice,single,obsidian-quiz-blocks,radio,c,DEQ;PS2,converted-and-verified,manual,label
6380,588865,333664,multiple-choice,single,obsidian-quiz-blocks,radio,e,DEQ;PS2,converted-and-verified,manual,label
6380,588868,335373,multiple-choice,single,obsidian-quiz-blocks,radio,c,DEQ;PS2,converted-and-verified,manual,label
6380,588868,333671,multiple-choice,single,obsidian-quiz-blocks,radio,b,DEQ;PS2,converted-and-verified,manual,label
6380,588872,333683,multiple-choice,single,obsidian-quiz-blocks,radio,e,DEQ;PS2,converted-and-verified,manual,label
6380,588872,333685,multiple-choice,single,obsidian-quiz-blocks,radio,a,DEQ;PS2,converted-and-verified,manual,label
6382,601032,340836,select-list,multi,,,,,,,
6382,601032,341783,select-list,multi,,,,,,,
6382,601035,341799,free-response,single,,,,,,,
6382,601035,340853,free-response,single,,,,,,,
6382,601038,340873,free-response,single,,,,,,,
6382,601038,340855,free-response,single,,,,,,,
6383,602013,341129,select-list,multi,,,,,,,
6383,602013,341153,select-list,multi,,,,,,,
6383,602016,343315,select-list,single,,,,,,,
6383,602016,341195,select-list,single,,,,,,,
6383,602021,342023,select-list,single,,,,,,,
6383,602021,343380,select-list,single,,,,,,,
6386,607547,342203,select-list,multi,,,,,,,
6386,607547,342229,select-list,multi,,,,,,,
6386,607551,342349,select-list,single,,,,,,,
6386,607551,343373,select-list,single,,,,,,,
6386,607556,343382,select-list,single,,,,,,,
6386,607556,343903,select-list,single,,,,,,,
6396,601607,325169,multiple-choice,single,obsidian-quiz-blocks,radio,b,DEQ;PS2,converted-and-verified,manual,label
6396,601607,333409,multiple-choice,single,obsidian-quiz-blocks,radio,a,DEQ;PS2,converted-and-verified,manual,label
6396,601610,339688,select-list,single,,,,,,,
6396,601610,339635,select-list,single,,,,,,,
6396,601613,339642,select-list,multi,,,,,,,
6396,601613,339722,select-list,multi,,,,,,,
6397,611740,329474,free-response,multi,,,,,,,
6397,611740,333066,free-response,multi,,,,,,,
6397,611745,329336,free-response,single,,,,,,,
6397,611745,333090,free-response,single,,,,,,,
6397,611748,332813,select-list,multi,,,,,,,
6397,611748,332816,select-list,multi,,,,,,,
6397,611751,329310,multiple-choice,single,obsidian-quiz-blocks,radio,b,DEQ;PS2,converted-and-verified,manual,label
6397,611751,333679,multiple-choice,single,obsidian-quiz-blocks,radio,b,DEQ;PS2,converted-and-verified,manual,label
6399,585133,333542,multiple-choice,single,obsidian-quiz-blocks,radio,a,DEQ;PS2,converted-and-verified,manual,label
6399,585133,333568,select-list,multi,,,,,,,
6399,585137,333702,multiple-choice,single,obsidian-quiz-blocks,radio,b,DEQ;PS2,converted-and-verified,manual,label
6399,585137,333706,select-list,multi,,,,,,,
6399,585140,333692,multiple-choice,single,obsidian-quiz-blocks,radio,c,DEQ;PS2,converted-and-verified,manual,label
6399,585140,333576,multiple-choice,single,obsidian-quiz-blocks,radio,c,DEQ;PS2,converted-and-verified,manual,label
6399,585144,333530,free-response,single,,,,,,,
6399,585144,333694,free-response,single,,,,,,,
6400,594422,332977,free-response,multi,,,,,,,
6400,594422,333555,free-response,multi,,,,,,,
6400,594425,333724,free-response,multi,,,,,,,
6400,594425,332989,free-response,multi,,,,,,,
6400,594428,333965,select-list,multi,,,,,,,
6400,594428,333374,select-list,multi,,,,,,,
6402,599725,340835,select-list,single,,,,,,,
6402,599725,340845,select-list,single,,,,,,,
6402,599729,340844,select-list,single,,,,,,,
6402,599729,340850,select-list,single,,,,,,,
6402,599734,64243,multiple-choice,single,obsidian-quiz-blocks,radio,c,DEQ;PS2,converted-and-verified,manual,label
6402,599734,64304,multiple-choice,single,obsidian-quiz-blocks,radio,e,DEQ;PS2,converted-and-verified,manual,label
6402,599739,332635,select-list,multi,,,,,,,
6402,599739,334874,select-list,multi,,,,,,,
6669,601091,340920,multiple-choice,single,obsidian-quiz-blocks,radio,d,DEQ;PS2,converted-and-verified,manual,label
6669,601091,340908,multiple-choice,single,obsidian-quiz-blocks,radio,b,DEQ;PS2,converted-and-verified,manual,label
6669,601095,340909,multiple-choice,single,obsidian-quiz-blocks,radio,d,DEQ;PS2,converted-and-verified,manual,label
6669,601095,341612,multiple-choice,single,obsidian-quiz-blocks,radio,c,DEQ;PS2,converted-and-verified,manual,label
6678,603076,332724,multiple-choice,single,obsidian-quiz-blocks,radio,a,DEQ;PS1,converted-and-verified,manual,label
6678,603076,332701,multiple-choice,single,obsidian-quiz-blocks,radio,c,DEQ;PS1,converted-and-verified,manual,label
6678,603082,332265,free-response,single,,,,,,,
6678,603082,332266,free-response,single,,,,,,,
6678,603088,332543,free-response,single,,,,,,,
6678,603088,332270,free-response,single,,,,,,,
6678,603092,332773,free-response,single,,,,,,,
6678,603092,332272,free-response,single,,,,,,,
6679,597441,332393,free-response,single,,,,,,,
6679,597441,332645,free-response,single,,,,,,,
6679,597447,332723,free-response,single,,,,,,,
6679,597447,332398,free-response,single,,,,,,,
6679,597451,332531,free-response,single,,,,,,,
6679,597451,332532,free-response,single,,,,,,,
6679,597454,332426,free-response,single,,,,,,,
6679,597454,332797,free-response,single,,,,,,,
6680,597583,332441,free-response,single,,,,,,,
6680,597583,332623,free-response,single,,,,,,,
6680,597587,332446,free-response,multi,,,,,,,
6680,597587,332793,free-response,multi,,,,,,,
6680,597591,332447,free-response,single,,,,,,,
6680,597591,332992,free-response,single,,,,,,,
6682,611856,332944,free-response,single,,,,,,,
6682,611856,334955,free-response,single,,,,,,,
6682,611860,334667,multiple-choice,single,obsidian-quiz-blocks,radio,,MVC;PS1,needs-answer,,
6682,611860,335237,multiple-choice,single,obsidian-quiz-blocks,radio,,MVC;PS1,needs-answer,,
6685,594524,333079,multiple-choice,single,obsidian-quiz-blocks,radio,a,DEQ;PS2,converted-and-verified,manual,label
6685,594524,332530,multiple-choice,single,obsidian-quiz-blocks,radio,d,DEQ;PS2,converted-and-verified,manual,label
6685,594527,332533,multiple-choice,single,obsidian-quiz-blocks,radio,b,DEQ;PS2,converted-and-verified,manual,label
6685,594527,332461,multiple-choice,single,obsidian-quiz-blocks,radio,e,DEQ;PS2,converted-and-verified,manual,label
6685,594533,332535,multiple-choice,single,obsidian-quiz-blocks,radio,e,DEQ;PS2,converted-and-verified,manual,label
6685,594533,332571,multiple-choice,single,obsidian-quiz-blocks,radio,a,DEQ;PS2,converted-and-verified,manual,label
6685,594538,332737,multiple-choice,single,obsidian-quiz-blocks,radio,a,DEQ;PS2,converted-and-verified,manual,label
6685,594538,332744,multiple-choice,single,obsidian-quiz-blocks,radio,d,DEQ;PS2,converted-and-verified,manual,label
6686,594478,325108,multiple-choice,single,obsidian-quiz-blocks,radio,d,DEQ;PS2,converted-and-verified,manual,label
6686,594478,325128,multiple-choice,single,obsidian-quiz-blocks,radio,d,DEQ;PS2,converted-and-verified,manual,label
6686,594481,333249,free-response,single,,,,,,,
6686,594481,325137,free-response,single,,,,,,,
6689,594485,333430,multiple-choice,single,obsidian-quiz-blocks,radio,c,DEQ;PS2,converted-and-verified,manual,label
6689,594485,333428,multiple-choice,single,obsidian-quiz-blocks,radio,a,DEQ;PS2,converted-and-verified,manual,label
6689,594488,334449,free-response,single,,,,,,,
6689,594488,333426,free-response,single,,,,,,,
6690,592271,334772,multiple-choice,single,obsidian-quiz-blocks,radio,c,DEQ;PS2,converted-and-verified,manual,label
6690,592271,335023,multiple-choice,single,obsidian-quiz-blocks,radio,c,DEQ;PS2,converted-and-verified,manual,label
6690,592275,335267,multiple-choice,single,obsidian-quiz-blocks,radio,b,DEQ;PS2,converted-and-verified,manual,label
6690,592275,333981,multiple-choice,single,obsidian-quiz-blocks,radio,c,DEQ;PS2,converted-and-verified,manual,label
6690,592279,334547,free-response,multi,,,,,,,
6690,592279,335447,multiple-choice,single,obsidian-quiz-blocks,radio,e,DEQ;PS2,converted-and-verified,manual,label
6690,592283,333992,select-list,multi,,,,,,,
6690,592283,336639,select-list,multi,,,,,,,
6691,589677,334540,free-response,multi,,,,,,,
6691,589677,334922,select-list,multi,,,,,,,
6691,589680,334531,free-response,single,,,,,,,
6691,589680,335088,select-list,single,,,,,,,
6691,589683,334533,select-list,multi,,,,,,,
6691,589683,335416,select-list,multi,,,,,,,
6693,587165,334660,multiple-choice,single,obsidian-quiz-blocks,radio,a,DEQ;PS1,converted-and-verified,manual,label
6693,587165,334661,multiple-choice,single,obsidian-quiz-blocks,radio,e,DEQ;PS1,converted-and-verified,manual,label
6693,587169,334818,multiple-choice,single,obsidian-quiz-blocks,radio,a,DEQ;PS1,converted-and-verified,manual,label
6693,587169,334821,multiple-choice,single,obsidian-quiz-blocks,radio,e,DEQ;PS1,converted-and-verified,manual,label
6693,587172,334686,multiple-choice,single,obsidian-quiz-blocks,radio,d,DEQ;PS1,converted-and-verified,manual,label
6693,587172,334807,multiple-choice,single,obsidian-quiz-blocks,radio,b,DEQ;PS1,converted-and-verified,manual,label
6693,587176,334833,free-response,single,,,,,,,
6693,587176,334921,free-response,single,,,,,,,
6699,592908,335963,multiple-choice,single,obsidian-quiz-blocks,radio,b,DEQ;PS1,converted-and-verified,manual,label
6699,592908,335225,multiple-choice,single,obsidian-quiz-blocks,radio,c,DEQ;PS1,converted-and-verified,manual,label
6699,592912,336058,multiple-choice,single,obsidian-quiz-blocks,radio,a,DEQ;PS1,converted-and-verified,manual,label
6699,592912,335240,multiple-choice,single,obsidian-quiz-blocks,radio,b,DEQ;PS1,converted-and-verified,manual,label
6699,592916,335809,free-response,multi,,,,,,,
6699,592916,335820,free-response,multi,,,,,,,
6700,601751,339385,multiple-choice,single,obsidian-quiz-blocks,radio,d,DEQ;PS1,converted-and-verified,manual,label
6700,601751,339392,multiple-choice,single,obsidian-quiz-blocks,radio,c,DEQ;PS1,converted-and-verified,manual,label
6700,601754,336439,multiple-choice,single,obsidian-quiz-blocks,radio,c,DEQ;PS1,converted-and-verified,manual,label
6700,601754,336738,multiple-choice,single,obsidian-quiz-blocks,radio,b,DEQ;PS1,converted-and-verified,manual,label
6700,601757,336451,multiple-choice,single,obsidian-quiz-blocks,radio,c,DEQ;PS1,converted-and-verified,manual,label
6700,601757,336499,multiple-choice,single,obsidian-quiz-blocks,radio,c,DEQ;PS1,converted-and-verified,manual,label
6701,590195,336217,multiple-choice,single,obsidian-quiz-blocks,radio,d,DEQ;PS1,converted-and-verified,manual,label
6701,590195,336224,multiple-choice,single,obsidian-quiz-blocks,radio,,DEQ;PS1,needs-answer,,
6701,590199,336594,free-response,single,,,,,,,
6701,590199,336222,free-response,single,,,,,,,
6701,590204,336636,multiple-choice,single,obsidian-quiz-blocks,radio,,DEQ;PS1,needs-answer,,
6701,590204,337169,multiple-choice,single,obsidian-quiz-blocks,radio,,DEQ;PS1,needs-answer,,
6704,591923,337319,multiple-choice,single,obsidian-quiz-blocks,radio,a,DEQ;PS1,converted-and-verified,manual,label
6704,591923,337391,multiple-choice,single,obsidian-quiz-blocks,radio,d,DEQ;PS1,converted-and-verified,manual,label
6704,591926,337950,multiple-choice,single,obsidian-quiz-blocks,radio,b,DEQ;PS1,converted-and-verified,manual,label
6704,591926,337952,multiple-choice,single,obsidian-quiz-blocks,radio,c,DEQ;PS1,converted-and-verified,manual,label
6707,591454,337675,select-list,single,,,,,,,
6707,591454,65149,multiple-choice,single,obsidian-quiz-blocks,radio,d,DEQ;PS1,converted-and-verified,manual,label
6707,591458,337662,multiple-choice,single,obsidian-quiz-blocks,radio,b,DEQ;PS1,converted-and-verified,manual,label
6707,591458,337669,multiple-choice,single,obsidian-quiz-blocks,radio,c,DEQ;PS1,converted-and-verified,manual,label
6707,591461,65035,multiple-choice,single,obsidian-quiz-blocks,radio,d,DEQ;PS1,converted-and-verified,manual,label
6707,591461,91030,multiple-choice,single,obsidian-quiz-blocks,radio,c,DEQ;PS1,converted-and-verified,manual,label
6709,600910,340758,multiple-choice,single,obsidian-quiz-blocks,radio,c,DEQ;PS2,converted-and-verified,manual,label
6709,600910,340765,multiple-choice,single,obsidian-quiz-blocks,radio,d,DEQ;PS2,converted-and-verified,manual,label
6709,600914,338668,multiple-choice,single,obsidian-quiz-blocks,radio,d,DEQ;PS2,converted-and-verified,manual,label
6709,600914,338681,multiple-choice,single,obsidian-quiz-blocks,radio,d,DEQ;PS2,converted-and-verified,manual,label
6709,600918,338656,select-list,multi,,,,,,,
6709,600918,338682,select-list,multi,,,,,,,
6710,601182,338547,select-list,multi,,,,,,,
6710,601182,338548,select-list,multi,,,,,,,
6710,601185,339805,select-list,multi,,,,,,,
6710,601185,339811,select-list,multi,,,,,,,
6710,601188,339113,select-list,multi,,,,,,,
6710,601188,338684,select-list,multi,,,,,,,
6711,594332,338525,select-list,multi,,,,,,,
6711,594332,338534,select-list,multi,,,,,,,
6711,594336,338544,free-response,single,,,,,,,
6711,594336,338540,free-response,single,,,,,,,
6717,599197,340878,free-response,multi,,,,,,,
6717,599197,64241,multiple-choice,single,obsidian-quiz-blocks,radio,c,DEQ;PS2,converted-and-verified,manual,label
6717,599201,341453,select-list,multi,,,,,,,
6717,599201,341480,select-list,multi,,,,,,,
6718,600521,342263,free-response,single,,,,,,,
6718,600521,342283,free-response,single,,,,,,,
6718,600525,342314,multiple-choice,single,obsidian-quiz-blocks,radio,b,DEQ;PS2,converted-and-verified,manual,label
6718,600525,342315,multiple-choice,single,obsidian-quiz-blocks,radio,c,DEQ;PS2,converted-and-verified,manual,label
6720,612648,64573,multiple-choice,single,obsidian-quiz-blocks,radio,e,DEQ;PS1,converted-and-verified,manual,label
6720,612648,64650,multiple-choice,single,obsidian-quiz-blocks,radio,e,DEQ;PS1,converted-and-verified,manual,label
6720,612651,343459,free-response,single,,,,,,,
6720,612651,343473,free-response,single,,,,,,,
6720,612655,343490,multiple-choice,single,obsidian-quiz-blocks,radio,d,DEQ;PS1,converted-and-verified,manual,label
6720,612655,343760,multiple-choice,single,obsidian-quiz-blocks,radio,e,DEQ;PS1,converted-and-verified,manual,label
6721,607583,343430,free-response,single,,,,,,,
6721,607583,343433,free-response,single,,,,,,,
6721,607588,343467,select-list,single,,,,,,,
6721,607588,343471,select-list,single,,,,,,,
6722,601824,343663,select-list,single,,,,,,,
6722,601824,343671,select-list,single,,,,,,,
6722,601827,343668,select-list,single,,,,,,,
6722,601827,343669,select-list,single,,,,,,,
6726,602722,343955,multiple-choice,single,obsidian-quiz-blocks,radio,a,DEQ;PS1,converted-and-verified,manual,label
6726,602722,343961,multiple-choice,single,obsidian-quiz-blocks,radio,,DEQ;PS1,needs-answer,,
6726,602725,344036,multiple-choice,single,obsidian-quiz-blocks,radio,b,DEQ;PS1,converted-and-verified,manual,label
6726,602725,343985,multiple-choice,single,obsidian-quiz-blocks,radio,,DEQ;PS1,needs-answer,,
6726,602729,344054,multiple-choice,single,obsidian-quiz-blocks,radio,,DEQ;PS1,needs-answer,,
6726,602729,344172,multiple-choice,single,obsidian-quiz-blocks,radio,,DEQ;PS1,needs-answer,,
6728,612668,64441,multiple-choice,single,obsidian-quiz-blocks,radio,e,DEQ;PS2,converted-and-verified,manual,label
6728,612668,102424,multiple-choice,single,obsidian-quiz-blocks,radio,c,DEQ;PS2,converted-and-verified,manual,label
6728,612672,345073,multiple-choice,single,obsidian-quiz-blocks,radio,d,DEQ;PS2,converted-and-verified,manual,label
6728,612672,345069,multiple-choice,single,obsidian-quiz-blocks,radio,d,DEQ;PS2,converted-and-verified,manual,label
6728,612677,345072,free-response,single,,,,,,,
6728,612677,345296,free-response,single,,,,,,,
