layer,topic-id,topic-code,topic-name,lesson-path,source-path
56,47,MML.1.1.1,Special Sets,vault/MA/Mathematical-Methods-for-Machine-Learning/MML/1. Set Theory/1.1. Introduction to Set Theory/Lessons/1.1.1. Special Sets.md,vault/MA/Mathematical-Methods-for-Machine-Learning/MML/1. Set Theory/1.1. Introduction to Set Theory/Source/1.1.1. Special Sets
57,1976,MML.1.1.2,Equivalent Sets,vault/MA/Mathematical-Methods-for-Machine-Learning/MML/1. Set Theory/1.1. Introduction to Set Theory/Lessons/1.1.2. Equivalent Sets.md,vault/MA/Mathematical-Methods-for-Machine-Learning/MML/1. Set Theory/1.1. Introduction to Set Theory/Source/1.1.2. Equivalent Sets
58,46,MML.1.1.3,The Constructive Definition of a Set,vault/MA/Mathematical-Methods-for-Machine-Learning/MML/1. Set Theory/1.1. Introduction to Set Theory/Lessons/1.1.3. The Constructive Definition of a Set.md,vault/MA/Mathematical-Methods-for-Machine-Learning/MML/1. Set Theory/1.1. Introduction to Set Theory/Source/1.1.3. The Constructive Definition of a Set
59,4425,MML.1.1.4,The Conditional Definition of a Set,vault/MA/Mathematical-Methods-for-Machine-Learning/MML/1. Set Theory/1.1. Introduction to Set Theory/Lessons/1.1.4. The Conditional Definition of a Set.md,vault/MA/Mathematical-Methods-for-Machine-Learning/MML/1. Set Theory/1.1. Introduction to Set Theory/Source/1.1.4. The Conditional Definition of a Set
60,4393,MML.1.1.5,Describing Sets Using Set-Builder Notation,vault/MA/Mathematical-Methods-for-Machine-Learning/MML/1. Set Theory/1.1. Introduction to Set Theory/Lessons/1.1.5. Describing Sets Using Set-Builder Notation.md,vault/MA/Mathematical-Methods-for-Machine-Learning/MML/1. Set Theory/1.1. Introduction to Set Theory/Source/1.1.5. Describing Sets Using Set-Builder Notation
65,4392,MML.1.1.6,Describing Planar Regions Using Set-Builder Notation,vault/MA/Mathematical-Methods-for-Machine-Learning/MML/1. Set Theory/1.1. Introduction to Set Theory/Lessons/1.1.6. Describing Planar Regions Using Set-Builder Notation.md,vault/MA/Mathematical-Methods-for-Machine-Learning/MML/1. Set Theory/1.1. Introduction to Set Theory/Source/1.1.6. Describing Planar Regions Using Set-Builder Notation
64,948,MML.1.1.7,Indicator Functions,vault/MA/Mathematical-Methods-for-Machine-Learning/MML/1. Set Theory/1.1. Introduction to Set Theory/Lessons/1.1.7. Indicator Functions.md,vault/MA/Mathematical-Methods-for-Machine-Learning/MML/1. Set Theory/1.1. Introduction to Set Theory/Source/1.1.7. Indicator Functions
65,3218,MML.1.1.8,Indicator Functions for Predicates,vault/MA/Mathematical-Methods-for-Machine-Learning/MML/1. Set Theory/1.1. Introduction to Set Theory/Lessons/1.1.8. Indicator Functions for Predicates.md,vault/MA/Mathematical-Methods-for-Machine-Learning/MML/1. Set Theory/1.1. Introduction to Set Theory/Source/1.1.8. Indicator Functions for Predicates
57,2828,MML.1.2.1,The Difference of Sets,vault/MA/Mathematical-Methods-for-Machine-Learning/MML/1. Set Theory/1.2. Set Operations/Lessons/1.2.1. The Difference of Sets.md,vault/MA/Mathematical-Methods-for-Machine-Learning/MML/1. Set Theory/1.2. Set Operations/Source/1.2.1. The Difference of Sets
56,2829,MML.1.2.2,Set Complements,vault/MA/Mathematical-Methods-for-Machine-Learning/MML/1. Set Theory/1.2. Set Operations/Lessons/1.2.2. Set Complements.md,vault/MA/Mathematical-Methods-for-Machine-Learning/MML/1. Set Theory/1.2. Set Operations/Source/1.2.2. Set Complements
63,49,MML.1.2.3,The Cartesian Product,vault/MA/Mathematical-Methods-for-Machine-Learning/MML/1. Set Theory/1.2. Set Operations/Lessons/1.2.3. The Cartesian Product.md,vault/MA/Mathematical-Methods-for-Machine-Learning/MML/1. Set Theory/1.2. Set Operations/Source/1.2.3. The Cartesian Product
64,4387,MML.1.2.4,Visualizing Cartesian Products,vault/MA/Mathematical-Methods-for-Machine-Learning/MML/1. Set Theory/1.2. Set Operations/Lessons/1.2.4. Visualizing Cartesian Products.md,vault/MA/Mathematical-Methods-for-Machine-Learning/MML/1. Set Theory/1.2. Set Operations/Source/1.2.4. Visualizing Cartesian Products
63,55,MML.1.2.5,Indexed Sets,vault/MA/Mathematical-Methods-for-Machine-Learning/MML/1. Set Theory/1.2. Set Operations/Lessons/1.2.5. Indexed Sets.md,vault/MA/Mathematical-Methods-for-Machine-Learning/MML/1. Set Theory/1.2. Set Operations/Source/1.2.5. Indexed Sets
63,3334,MML.1.2.6,Sets and Functions,vault/MA/Mathematical-Methods-for-Machine-Learning/MML/1. Set Theory/1.2. Set Operations/Lessons/1.2.6. Sets and Functions.md,vault/MA/Mathematical-Methods-for-Machine-Learning/MML/1. Set Theory/1.2. Set Operations/Source/1.2.6. Sets and Functions
61,50,MML.1.3.1,Subsets,vault/MA/Mathematical-Methods-for-Machine-Learning/MML/1. Set Theory/1.3. Properties of Sets/Lessons/1.3.1. Subsets.md,vault/MA/Mathematical-Methods-for-Machine-Learning/MML/1. Set Theory/1.3. Properties of Sets/Source/1.3.1. Subsets
61,48,MML.1.3.2,Cardinality of Finite Sets,vault/MA/Mathematical-Methods-for-Machine-Learning/MML/1. Set Theory/1.3. Properties of Sets/Lessons/1.3.2. Cardinality of Finite Sets.md,vault/MA/Mathematical-Methods-for-Machine-Learning/MML/1. Set Theory/1.3. Properties of Sets/Source/1.3.2. Cardinality of Finite Sets
62,4386,MML.1.3.3,Infinite Sets,vault/MA/Mathematical-Methods-for-Machine-Learning/MML/1. Set Theory/1.3. Properties of Sets/Lessons/1.3.3. Infinite Sets.md,vault/MA/Mathematical-Methods-for-Machine-Learning/MML/1. Set Theory/1.3. Properties of Sets/Source/1.3.3. Infinite Sets
66,1930,MML.1.3.4,Interior and Boundary Points,vault/MA/Mathematical-Methods-for-Machine-Learning/MML/1. Set Theory/1.3. Properties of Sets/Lessons/1.3.4. Interior and Boundary Points.md,vault/MA/Mathematical-Methods-for-Machine-Learning/MML/1. Set Theory/1.3. Properties of Sets/Source/1.3.4. Interior and Boundary Points
67,4063,MML.1.3.5,Interiors and Boundaries of Sets,vault/MA/Mathematical-Methods-for-Machine-Learning/MML/1. Set Theory/1.3. Properties of Sets/Lessons/1.3.5. Interiors and Boundaries of Sets.md,vault/MA/Mathematical-Methods-for-Machine-Learning/MML/1. Set Theory/1.3. Properties of Sets/Source/1.3.5. Interiors and Boundaries of Sets
68,4097,MML.1.3.6,Open and Closed Sets,vault/MA/Mathematical-Methods-for-Machine-Learning/MML/1. Set Theory/1.3. Properties of Sets/Lessons/1.3.6. Open and Closed Sets.md,vault/MA/Mathematical-Methods-for-Machine-Learning/MML/1. Set Theory/1.3. Properties of Sets/Source/1.3.6. Open and Closed Sets
66,2789,MML.1.3.7,Disjoint Sets,vault/MA/Mathematical-Methods-for-Machine-Learning/MML/1. Set Theory/1.3. Properties of Sets/Lessons/1.3.7. Disjoint Sets.md,vault/MA/Mathematical-Methods-for-Machine-Learning/MML/1. Set Theory/1.3. Properties of Sets/Source/1.3.7. Disjoint Sets
63,4396,MML.1.3.8,The Maximum and Minimum of a Set,vault/MA/Mathematical-Methods-for-Machine-Learning/MML/1. Set Theory/1.3. Properties of Sets/Lessons/1.3.8. The Maximum and Minimum of a Set.md,vault/MA/Mathematical-Methods-for-Machine-Learning/MML/1. Set Theory/1.3. Properties of Sets/Source/1.3.8. The Maximum and Minimum of a Set
66,3036,MML.1.3.9,Supremum and Infimum,vault/MA/Mathematical-Methods-for-Machine-Learning/MML/1. Set Theory/1.3. Properties of Sets/Lessons/1.3.9. Supremum and Infimum.md,vault/MA/Mathematical-Methods-for-Machine-Learning/MML/1. Set Theory/1.3. Properties of Sets/Source/1.3.9. Supremum and Infimum
64,6819,MML.1.3.10,Argmax and Argmin Notation,vault/MA/Mathematical-Methods-for-Machine-Learning/MML/1. Set Theory/1.3. Properties of Sets/Lessons/1.3.10. Argmax and Argmin Notation.md,vault/MA/Mathematical-Methods-for-Machine-Learning/MML/1. Set Theory/1.3. Properties of Sets/Source/1.3.10. Argmax and Argmin Notation
65,6824,MML.1.3.11,Finding Argmax and Argmin From Tables and Graphs,vault/MA/Mathematical-Methods-for-Machine-Learning/MML/1. Set Theory/1.3. Properties of Sets/Lessons/1.3.11. Finding Argmax and Argmin From Tables and Graphs.md,vault/MA/Mathematical-Methods-for-Machine-Learning/MML/1. Set Theory/1.3. Properties of Sets/Source/1.3.11. Finding Argmax and Argmin From Tables and Graphs
57,58,MML.2.1.1,Statements and Predicates,vault/MA/Mathematical-Methods-for-Machine-Learning/MML/2. Logic/2.1. Logical Statements/Lessons/2.1.1. Statements and Predicates.md,vault/MA/Mathematical-Methods-for-Machine-Learning/MML/2. Logic/2.1. Logical Statements/Source/2.1.1. Statements and Predicates
59,60,MML.2.1.2,"The ""And"" and ""Or"" Connectives",vault/MA/Mathematical-Methods-for-Machine-Learning/MML/2. Logic/2.1. Logical Statements/Lessons/2.1.2. The -And- and -Or- Connectives.md,vault/MA/Mathematical-Methods-for-Machine-Learning/MML/2. Logic/2.1. Logical Statements/Source/2.1.2. The -And- and -Or- Connectives
60,4252,MML.2.1.3,Truth Tables,vault/MA/Mathematical-Methods-for-Machine-Learning/MML/2. Logic/2.1. Logical Statements/Lessons/2.1.3. Truth Tables.md,vault/MA/Mathematical-Methods-for-Machine-Learning/MML/2. Logic/2.1. Logical Statements/Source/2.1.3. Truth Tables
62,2790,MML.2.1.4,"The ""Not"" Connective",vault/MA/Mathematical-Methods-for-Machine-Learning/MML/2. Logic/2.1. Logical Statements/Lessons/2.1.4. The -Not- Connective.md,vault/MA/Mathematical-Methods-for-Machine-Learning/MML/2. Logic/2.1. Logical Statements/Source/2.1.4. The -Not- Connective
63,2821,MML.2.1.5,Logical Equivalence,vault/MA/Mathematical-Methods-for-Machine-Learning/MML/2. Logic/2.1. Logical Statements/Lessons/2.1.5. Logical Equivalence.md,vault/MA/Mathematical-Methods-for-Machine-Learning/MML/2. Logic/2.1. Logical Statements/Source/2.1.5. Logical Equivalence
64,2830,MML.2.1.6,Logical Associative and Commutative Laws,vault/MA/Mathematical-Methods-for-Machine-Learning/MML/2. Logic/2.1. Logical Statements/Lessons/2.1.6. Logical Associative and Commutative Laws.md,vault/MA/Mathematical-Methods-for-Machine-Learning/MML/2. Logic/2.1. Logical Statements/Source/2.1.6. Logical Associative and Commutative Laws
66,2822,MML.2.1.7,The Distributive Laws,vault/MA/Mathematical-Methods-for-Machine-Learning/MML/2. Logic/2.1. Logical Statements/Lessons/2.1.7. The Distributive Laws.md,vault/MA/Mathematical-Methods-for-Machine-Learning/MML/2. Logic/2.1. Logical Statements/Source/2.1.7. The Distributive Laws
65,2823,MML.2.1.8,The Absorption Laws,vault/MA/Mathematical-Methods-for-Machine-Learning/MML/2. Logic/2.1. Logical Statements/Lessons/2.1.8. The Absorption Laws.md,vault/MA/Mathematical-Methods-for-Machine-Learning/MML/2. Logic/2.1. Logical Statements/Source/2.1.8. The Absorption Laws
65,230,MML.2.1.9,De Morgan's Laws for Logic,vault/MA/Mathematical-Methods-for-Machine-Learning/MML/2. Logic/2.1. Logical Statements/Lessons/2.1.9. De Morgan's Laws for Logic.md,vault/MA/Mathematical-Methods-for-Machine-Learning/MML/2. Logic/2.1. Logical Statements/Source/2.1.9. De Morgan's Laws for Logic
65,250,MML.2.2.1,Conditional Statements,vault/MA/Mathematical-Methods-for-Machine-Learning/MML/2. Logic/2.2. Implications and Biconditionals/Lessons/2.2.1. Conditional Statements.md,vault/MA/Mathematical-Methods-for-Machine-Learning/MML/2. Logic/2.2. Implications and Biconditionals/Source/2.2.1. Conditional Statements
66,247,MML.2.2.2,Logical Equivalence with Conditional Statements,vault/MA/Mathematical-Methods-for-Machine-Learning/MML/2. Logic/2.2. Implications and Biconditionals/Lessons/2.2.2. Logical Equivalence with Conditional Statements.md,vault/MA/Mathematical-Methods-for-Machine-Learning/MML/2. Logic/2.2. Implications and Biconditionals/Source/2.2.2. Logical Equivalence with Conditional Statements
67,248,MML.2.2.3,Biconditional Statements,vault/MA/Mathematical-Methods-for-Machine-Learning/MML/2. Logic/2.2. Implications and Biconditionals/Lessons/2.2.3. Biconditional Statements.md,vault/MA/Mathematical-Methods-for-Machine-Learning/MML/2. Logic/2.2. Implications and Biconditionals/Source/2.2.3. Biconditional Statements
66,4254,MML.2.2.4,Truth Sets of Predicates,vault/MA/Mathematical-Methods-for-Machine-Learning/MML/2. Logic/2.2. Implications and Biconditionals/Lessons/2.2.4. Truth Sets of Predicates.md,vault/MA/Mathematical-Methods-for-Machine-Learning/MML/2. Logic/2.2. Implications and Biconditionals/Source/2.2.4. Truth Sets of Predicates
67,4255,MML.2.2.5,"The ""And"" and ""Or"" Connectives With Predicates",vault/MA/Mathematical-Methods-for-Machine-Learning/MML/2. Logic/2.2. Implications and Biconditionals/Lessons/2.2.5. The -And- and -Or- Connectives With Predicates.md,vault/MA/Mathematical-Methods-for-Machine-Learning/MML/2. Logic/2.2. Implications and Biconditionals/Source/2.2.5. The -And- and -Or- Connectives With Predicates
67,4256,MML.2.2.6,"The ""Not"" Connective With Predicates",vault/MA/Mathematical-Methods-for-Machine-Learning/MML/2. Logic/2.2. Implications and Biconditionals/Lessons/2.2.6. The -Not- Connective With Predicates.md,vault/MA/Mathematical-Methods-for-Machine-Learning/MML/2. Logic/2.2. Implications and Biconditionals/Source/2.2.6. The -Not- Connective With Predicates
83,4302,MML.2.2.7,Simplifying Predicate Expressions Using De Morgan's Laws,vault/MA/Mathematical-Methods-for-Machine-Learning/MML/2. Logic/2.2. Implications and Biconditionals/Lessons/2.2.7. Simplifying Predicate Expressions Using De Morgan's Laws.md,vault/MA/Mathematical-Methods-for-Machine-Learning/MML/2. Logic/2.2. Implications and Biconditionals/Source/2.2.7. Simplifying Predicate Expressions Using De Morgan's Laws
68,4257,MML.2.2.8,Conditional Statements With Predicates,vault/MA/Mathematical-Methods-for-Machine-Learning/MML/2. Logic/2.2. Implications and Biconditionals/Lessons/2.2.8. Conditional Statements With Predicates.md,vault/MA/Mathematical-Methods-for-Machine-Learning/MML/2. Logic/2.2. Implications and Biconditionals/Source/2.2.8. Conditional Statements With Predicates
64,3778,MML.2.3.1,Boolean Functions,vault/MA/Mathematical-Methods-for-Machine-Learning/MML/2. Logic/2.3. Introduction to Boolean Algebra/Lessons/2.3.1. Boolean Functions.md,vault/MA/Mathematical-Methods-for-Machine-Learning/MML/2. Logic/2.3. Introduction to Boolean Algebra/Source/2.3.1. Boolean Functions
82,3779,MML.2.3.2,Boolean Functions And Logical Operations,vault/MA/Mathematical-Methods-for-Machine-Learning/MML/2. Logic/2.3. Introduction to Boolean Algebra/Lessons/2.3.2. Boolean Functions And Logical Operations.md,vault/MA/Mathematical-Methods-for-Machine-Learning/MML/2. Logic/2.3. Introduction to Boolean Algebra/Source/2.3.2. Boolean Functions And Logical Operations
62,1376,MML.3.1.1,The Vector Equation of a Line,vault/MA/Mathematical-Methods-for-Machine-Learning/MML/3. Vectors and Matrices/3.1. Vector Geometry/Lessons/3.1.1. The Vector Equation of a Line.md,vault/MA/Mathematical-Methods-for-Machine-Learning/MML/3. Vectors and Matrices/3.1. Vector Geometry/Source/3.1.1. The Vector Equation of a Line
63,1920,MML.3.1.2,The Parametric Equations of a Line,vault/MA/Mathematical-Methods-for-Machine-Learning/MML/3. Vectors and Matrices/3.1. Vector Geometry/Lessons/3.1.2. The Parametric Equations of a Line.md,vault/MA/Mathematical-Methods-for-Machine-Learning/MML/3. Vectors and Matrices/3.1. Vector Geometry/Source/3.1.2. The Parametric Equations of a Line
64,1799,MML.3.1.3,The Cartesian Equation of a Line,vault/MA/Mathematical-Methods-for-Machine-Learning/MML/3. Vectors and Matrices/3.1. Vector Geometry/Lessons/3.1.3. The Cartesian Equation of a Line.md,vault/MA/Mathematical-Methods-for-Machine-Learning/MML/3. Vectors and Matrices/3.1. Vector Geometry/Source/3.1.3. The Cartesian Equation of a Line
65,1805,MML.3.1.4,The Vector Equation of a Plane,vault/MA/Mathematical-Methods-for-Machine-Learning/MML/3. Vectors and Matrices/3.1. Vector Geometry/Lessons/3.1.4. The Vector Equation of a Plane.md,vault/MA/Mathematical-Methods-for-Machine-Learning/MML/3. Vectors and Matrices/3.1. Vector Geometry/Source/3.1.4. The Vector Equation of a Plane
66,1807,MML.3.1.5,The Cartesian Equation of a Plane,vault/MA/Mathematical-Methods-for-Machine-Learning/MML/3. Vectors and Matrices/3.1. Vector Geometry/Lessons/3.1.5. The Cartesian Equation of a Plane.md,vault/MA/Mathematical-Methods-for-Machine-Learning/MML/3. Vectors and Matrices/3.1. Vector Geometry/Source/3.1.5. The Cartesian Equation of a Plane
64,1806,MML.3.1.6,The Parametric Equations of a Plane,vault/MA/Mathematical-Methods-for-Machine-Learning/MML/3. Vectors and Matrices/3.1. Vector Geometry/Lessons/3.1.6. The Parametric Equations of a Plane.md,vault/MA/Mathematical-Methods-for-Machine-Learning/MML/3. Vectors and Matrices/3.1. Vector Geometry/Source/3.1.6. The Parametric Equations of a Plane
70,2539,MML.3.1.7,The Intersection of Two Planes,vault/MA/Mathematical-Methods-for-Machine-Learning/MML/3. Vectors and Matrices/3.1. Vector Geometry/Lessons/3.1.7. The Intersection of Two Planes.md,vault/MA/Mathematical-Methods-for-Machine-Learning/MML/3. Vectors and Matrices/3.1. Vector Geometry/Source/3.1.7. The Intersection of Two Planes
67,1810,MML.3.1.8,The Shortest Distance Between a Plane and a Point,vault/MA/Mathematical-Methods-for-Machine-Learning/MML/3. Vectors and Matrices/3.1. Vector Geometry/Lessons/3.1.8. The Shortest Distance Between a Plane and a Point.md,vault/MA/Mathematical-Methods-for-Machine-Learning/MML/3. Vectors and Matrices/3.1. Vector Geometry/Source/3.1.8. The Shortest Distance Between a Plane and a Point
67,1808,MML.3.1.9,The Intersection Between a Line and a Plane,vault/MA/Mathematical-Methods-for-Machine-Learning/MML/3. Vectors and Matrices/3.1. Vector Geometry/Lessons/3.1.9. The Intersection Between a Line and a Plane.md,vault/MA/Mathematical-Methods-for-Machine-Learning/MML/3. Vectors and Matrices/3.1. Vector Geometry/Source/3.1.9. The Intersection Between a Line and a Plane
63,1769,MML.3.2.1,The Determinant of an NxN Matrix,vault/MA/Mathematical-Methods-for-Machine-Learning/MML/3. Vectors and Matrices/3.2. Determinants/Lessons/3.2.1. The Determinant of an NxN Matrix.md,vault/MA/Mathematical-Methods-for-Machine-Learning/MML/3. Vectors and Matrices/3.2. Determinants/Source/3.2.1. The Determinant of an NxN Matrix
66,1770,MML.3.2.2,Finding Determinants Using Laplace Expansions,vault/MA/Mathematical-Methods-for-Machine-Learning/MML/3. Vectors and Matrices/3.2. Determinants/Lessons/3.2.2. Finding Determinants Using Laplace Expansions.md,vault/MA/Mathematical-Methods-for-Machine-Learning/MML/3. Vectors and Matrices/3.2. Determinants/Source/3.2.2. Finding Determinants Using Laplace Expansions
67,1771,MML.3.2.3,Basic Properties of Determinants,vault/MA/Mathematical-Methods-for-Machine-Learning/MML/3. Vectors and Matrices/3.2. Determinants/Lessons/3.2.3. Basic Properties of Determinants.md,vault/MA/Mathematical-Methods-for-Machine-Learning/MML/3. Vectors and Matrices/3.2. Determinants/Source/3.2.3. Basic Properties of Determinants
70,1774,MML.3.2.4,Further Properties of Determinants,vault/MA/Mathematical-Methods-for-Machine-Learning/MML/3. Vectors and Matrices/3.2. Determinants/Lessons/3.2.4. Further Properties of Determinants.md,vault/MA/Mathematical-Methods-for-Machine-Learning/MML/3. Vectors and Matrices/3.2. Determinants/Source/3.2.4. Further Properties of Determinants
68,1772,MML.3.2.5,Row and Column Operations on Determinants,vault/MA/Mathematical-Methods-for-Machine-Learning/MML/3. Vectors and Matrices/3.2. Determinants/Lessons/3.2.5. Row and Column Operations on Determinants.md,vault/MA/Mathematical-Methods-for-Machine-Learning/MML/3. Vectors and Matrices/3.2. Determinants/Source/3.2.5. Row and Column Operations on Determinants
69,2201,MML.3.2.6,Conditions When a Determinant Equals Zero,vault/MA/Mathematical-Methods-for-Machine-Learning/MML/3. Vectors and Matrices/3.2. Determinants/Lessons/3.2.6. Conditions When a Determinant Equals Zero.md,vault/MA/Mathematical-Methods-for-Machine-Learning/MML/3. Vectors and Matrices/3.2. Determinants/Source/3.2.6. Conditions When a Determinant Equals Zero
58,148,MML.3.3.1,Systems of Equations as Augmented Matrices,vault/MA/Mathematical-Methods-for-Machine-Learning/MML/3. Vectors and Matrices/3.3. Gaussian Elimination/Lessons/3.3.1. Systems of Equations as Augmented Matrices.md,vault/MA/Mathematical-Methods-for-Machine-Learning/MML/3. Vectors and Matrices/3.3. Gaussian Elimination/Source/3.3.1. Systems of Equations as Augmented Matrices
59,2083,MML.3.3.2,Row Echelon Form,vault/MA/Mathematical-Methods-for-Machine-Learning/MML/3. Vectors and Matrices/3.3. Gaussian Elimination/Lessons/3.3.2. Row Echelon Form.md,vault/MA/Mathematical-Methods-for-Machine-Learning/MML/3. Vectors and Matrices/3.3. Gaussian Elimination/Source/3.3.2. Row Echelon Form
61,1047,MML.3.3.3,Solving Systems of Equations Using Back Substitution,vault/MA/Mathematical-Methods-for-Machine-Learning/MML/3. Vectors and Matrices/3.3. Gaussian Elimination/Lessons/3.3.3. Solving Systems of Equations Using Back Substitution.md,vault/MA/Mathematical-Methods-for-Machine-Learning/MML/3. Vectors and Matrices/3.3. Gaussian Elimination/Source/3.3.3. Solving Systems of Equations Using Back Substitution
60,149,MML.3.3.4,Elementary Row Operations,vault/MA/Mathematical-Methods-for-Machine-Learning/MML/3. Vectors and Matrices/3.3. Gaussian Elimination/Lessons/3.3.4. Elementary Row Operations.md,vault/MA/Mathematical-Methods-for-Machine-Learning/MML/3. Vectors and Matrices/3.3. Gaussian Elimination/Source/3.3.4. Elementary Row Operations
61,3029,MML.3.3.5,Creating Rows or Columns Containing Zeros Using Gaussian Elimination,vault/MA/Mathematical-Methods-for-Machine-Learning/MML/3. Vectors and Matrices/3.3. Gaussian Elimination/Lessons/3.3.5. Creating Rows or Columns Containing Zeros Using Gaussian Elimination.md,vault/MA/Mathematical-Methods-for-Machine-Learning/MML/3. Vectors and Matrices/3.3. Gaussian Elimination/Source/3.3.5. Creating Rows or Columns Containing Zeros Using Gaussian Elimination
62,151,MML.3.3.6,Solving 2x2 Systems of Equations Using Gaussian Elimination,vault/MA/Mathematical-Methods-for-Machine-Learning/MML/3. Vectors and Matrices/3.3. Gaussian Elimination/Lessons/3.3.6. Solving 2x2 Systems of Equations Using Gaussian Elimination.md,vault/MA/Mathematical-Methods-for-Machine-Learning/MML/3. Vectors and Matrices/3.3. Gaussian Elimination/Source/3.3.6. Solving 2x2 Systems of Equations Using Gaussian Elimination
63,1373,MML.3.3.7,Solving 2x2 Singular Systems of Equations Using Gaussian Elimination,vault/MA/Mathematical-Methods-for-Machine-Learning/MML/3. Vectors and Matrices/3.3. Gaussian Elimination/Lessons/3.3.7. Solving 2x2 Singular Systems of Equations Using Gaussian Elimination.md,vault/MA/Mathematical-Methods-for-Machine-Learning/MML/3. Vectors and Matrices/3.3. Gaussian Elimination/Source/3.3.7. Solving 2x2 Singular Systems of Equations Using Gaussian Elimination
63,1048,MML.3.3.8,Solving 3x3 Systems of Equations Using Gaussian Elimination,vault/MA/Mathematical-Methods-for-Machine-Learning/MML/3. Vectors and Matrices/3.3. Gaussian Elimination/Lessons/3.3.8. Solving 3x3 Systems of Equations Using Gaussian Elimination.md,vault/MA/Mathematical-Methods-for-Machine-Learning/MML/3. Vectors and Matrices/3.3. Gaussian Elimination/Source/3.3.8. Solving 3x3 Systems of Equations Using Gaussian Elimination
64,1904,MML.3.3.9,Identifying the Pivot Columns of a Matrix,vault/MA/Mathematical-Methods-for-Machine-Learning/MML/3. Vectors and Matrices/3.3. Gaussian Elimination/Lessons/3.3.9. Identifying the Pivot Columns of a Matrix.md,vault/MA/Mathematical-Methods-for-Machine-Learning/MML/3. Vectors and Matrices/3.3. Gaussian Elimination/Source/3.3.9. Identifying the Pivot Columns of a Matrix
65,1374,MML.3.3.10,Solving 3x3 Singular Systems of Equations Using Gaussian Elimination,vault/MA/Mathematical-Methods-for-Machine-Learning/MML/3. Vectors and Matrices/3.3. Gaussian Elimination/Lessons/3.3.10. Solving 3x3 Singular Systems of Equations Using Gaussian Elimination.md,vault/MA/Mathematical-Methods-for-Machine-Learning/MML/3. Vectors and Matrices/3.3. Gaussian Elimination/Source/3.3.10. Solving 3x3 Singular Systems of Equations Using Gaussian Elimination
66,1049,MML.3.3.11,Reduced Row Echelon Form,vault/MA/Mathematical-Methods-for-Machine-Learning/MML/3. Vectors and Matrices/3.3. Gaussian Elimination/Lessons/3.3.11. Reduced Row Echelon Form.md,vault/MA/Mathematical-Methods-for-Machine-Learning/MML/3. Vectors and Matrices/3.3. Gaussian Elimination/Source/3.3.11. Reduced Row Echelon Form
67,1733,MML.3.3.12,Gaussian Elimination For NxM Systems of Equations,vault/MA/Mathematical-Methods-for-Machine-Learning/MML/3. Vectors and Matrices/3.3. Gaussian Elimination/Lessons/3.3.12. Gaussian Elimination For NxM Systems of Equations.md,vault/MA/Mathematical-Methods-for-Machine-Learning/MML/3. Vectors and Matrices/3.3. Gaussian Elimination/Source/3.3.12. Gaussian Elimination For NxM Systems of Equations
67,1728,MML.3.4.1,Finding the Inverse of a 2x2 Matrix Using Row Operations,vault/MA/Mathematical-Methods-for-Machine-Learning/MML/3. Vectors and Matrices/3.4. The Inverse of a Matrix/Lessons/3.4.1. Finding the Inverse of a 2x2 Matrix Using Row Operations.md,vault/MA/Mathematical-Methods-for-Machine-Learning/MML/3. Vectors and Matrices/3.4. The Inverse of a Matrix/Source/3.4.1. Finding the Inverse of a 2x2 Matrix Using Row Operations
68,1732,MML.3.4.2,Finding the Inverse of a 3x3 Matrix Using Row Operations,vault/MA/Mathematical-Methods-for-Machine-Learning/MML/3. Vectors and Matrices/3.4. The Inverse of a Matrix/Lessons/3.4.2. Finding the Inverse of a 3x3 Matrix Using Row Operations.md,vault/MA/Mathematical-Methods-for-Machine-Learning/MML/3. Vectors and Matrices/3.4. The Inverse of a Matrix/Source/3.4.2. Finding the Inverse of a 3x3 Matrix Using Row Operations
66,42,MML.3.4.3,Matrices With Easy-to-Find Inverses,vault/MA/Mathematical-Methods-for-Machine-Learning/MML/3. Vectors and Matrices/3.4. The Inverse of a Matrix/Lessons/3.4.3. Matrices With Easy-to-Find Inverses.md,vault/MA/Mathematical-Methods-for-Machine-Learning/MML/3. Vectors and Matrices/3.4. The Inverse of a Matrix/Source/3.4.3. Matrices With Easy-to-Find Inverses
73,1730,MML.3.4.4,The Invertible Matrix Theorem in Terms of 2x2 Systems of Equations,vault/MA/Mathematical-Methods-for-Machine-Learning/MML/3. Vectors and Matrices/3.4. The Inverse of a Matrix/Lessons/3.4.4. The Invertible Matrix Theorem in Terms of 2x2 Systems of Equations.md,vault/MA/Mathematical-Methods-for-Machine-Learning/MML/3. Vectors and Matrices/3.4. The Inverse of a Matrix/Source/3.4.4. The Invertible Matrix Theorem in Terms of 2x2 Systems of Equations
65,1777,MML.3.4.5,Triangular Matrices,vault/MA/Mathematical-Methods-for-Machine-Learning/MML/3. Vectors and Matrices/3.4. The Inverse of a Matrix/Lessons/3.4.5. Triangular Matrices.md,vault/MA/Mathematical-Methods-for-Machine-Learning/MML/3. Vectors and Matrices/3.4. The Inverse of a Matrix/Source/3.4.5. Triangular Matrices
64,3387,MML.3.5.1,Affine Transformations,vault/MA/Mathematical-Methods-for-Machine-Learning/MML/3. Vectors and Matrices/3.5. Affine Transformations/Lessons/3.5.1. Affine Transformations.md,vault/MA/Mathematical-Methods-for-Machine-Learning/MML/3. Vectors and Matrices/3.5. Affine Transformations/Source/3.5.1. Affine Transformations
67,3706,MML.3.5.2,The Image of an Affine Transformation,vault/MA/Mathematical-Methods-for-Machine-Learning/MML/3. Vectors and Matrices/3.5. Affine Transformations/Lessons/3.5.2. The Image of an Affine Transformation.md,vault/MA/Mathematical-Methods-for-Machine-Learning/MML/3. Vectors and Matrices/3.5. Affine Transformations/Source/3.5.2. The Image of an Affine Transformation
69,3707,MML.3.5.3,The Inverse of an Affine Transformation,vault/MA/Mathematical-Methods-for-Machine-Learning/MML/3. Vectors and Matrices/3.5. Affine Transformations/Lessons/3.5.3. The Inverse of an Affine Transformation.md,vault/MA/Mathematical-Methods-for-Machine-Learning/MML/3. Vectors and Matrices/3.5. Affine Transformations/Source/3.5.3. The Inverse of an Affine Transformation
60,1849,MML.4.1.1,Vectors in N-Dimensional Euclidean Space,vault/MA/Mathematical-Methods-for-Machine-Learning/MML/4. Vector Spaces/4.1. Vectors in N-Dimensional Space/Lessons/4.1.1. Vectors in N-Dimensional Euclidean Space.md,vault/MA/Mathematical-Methods-for-Machine-Learning/MML/4. Vector Spaces/4.1. Vectors in N-Dimensional Space/Source/4.1.1. Vectors in N-Dimensional Euclidean Space
66,1851,MML.4.1.2,Linear Combinations of Vectors in N-Dimensional Euclidean Space,vault/MA/Mathematical-Methods-for-Machine-Learning/MML/4. Vector Spaces/4.1. Vectors in N-Dimensional Space/Lessons/4.1.2. Linear Combinations of Vectors in N-Dimensional Euclidean Space.md,vault/MA/Mathematical-Methods-for-Machine-Learning/MML/4. Vector Spaces/4.1. Vectors in N-Dimensional Space/Source/4.1.2. Linear Combinations of Vectors in N-Dimensional Euclidean Space
68,1852,MML.4.1.3,Linear Span of Vectors in N-Dimensional Euclidean Space,vault/MA/Mathematical-Methods-for-Machine-Learning/MML/4. Vector Spaces/4.1. Vectors in N-Dimensional Space/Lessons/4.1.3. Linear Span of Vectors in N-Dimensional Euclidean Space.md,vault/MA/Mathematical-Methods-for-Machine-Learning/MML/4. Vector Spaces/4.1. Vectors in N-Dimensional Space/Source/4.1.3. Linear Span of Vectors in N-Dimensional Euclidean Space
69,1861,MML.4.1.4,Linear Dependence and Independence,vault/MA/Mathematical-Methods-for-Machine-Learning/MML/4. Vector Spaces/4.1. Vectors in N-Dimensional Space/Lessons/4.1.4. Linear Dependence and Independence.md,vault/MA/Mathematical-Methods-for-Machine-Learning/MML/4. Vector Spaces/4.1. Vectors in N-Dimensional Space/Source/4.1.4. Linear Dependence and Independence
65,5916,MML.4.1.5,The Hadamard Product,vault/MA/Mathematical-Methods-for-Machine-Learning/MML/4. Vector Spaces/4.1. Vectors in N-Dimensional Space/Lessons/4.1.5. The Hadamard Product.md,vault/MA/Mathematical-Methods-for-Machine-Learning/MML/4. Vector Spaces/4.1. Vectors in N-Dimensional Space/Source/4.1.5. The Hadamard Product
67,1853,MML.4.2.1,Subspaces of N-Dimensional Space,vault/MA/Mathematical-Methods-for-Machine-Learning/MML/4. Vector Spaces/4.2. Subspaces of N-Dimensional Space/Lessons/4.2.1. Subspaces of N-Dimensional Space.md,vault/MA/Mathematical-Methods-for-Machine-Learning/MML/4. Vector Spaces/4.2. Subspaces of N-Dimensional Space/Source/4.2.1. Subspaces of N-Dimensional Space
68,4077,MML.4.2.2,Subspaces of N-Dimensional Space: Geometric Interpretation,vault/MA/Mathematical-Methods-for-Machine-Learning/MML/4. Vector Spaces/4.2. Subspaces of N-Dimensional Space/Lessons/4.2.2. Subspaces of N-Dimensional Space- Geometric Interpretation.md,vault/MA/Mathematical-Methods-for-Machine-Learning/MML/4. Vector Spaces/4.2. Subspaces of N-Dimensional Space/Source/4.2.2. Subspaces of N-Dimensional Space- Geometric Interpretation
69,1850,MML.4.2.3,The Column Space of a Matrix,vault/MA/Mathematical-Methods-for-Machine-Learning/MML/4. Vector Spaces/4.2. Subspaces of N-Dimensional Space/Lessons/4.2.3. The Column Space of a Matrix.md,vault/MA/Mathematical-Methods-for-Machine-Learning/MML/4. Vector Spaces/4.2. Subspaces of N-Dimensional Space/Source/4.2.3. The Column Space of a Matrix
69,1854,MML.4.2.4,The Null Space of a Matrix,vault/MA/Mathematical-Methods-for-Machine-Learning/MML/4. Vector Spaces/4.2. Subspaces of N-Dimensional Space/Lessons/4.2.4. The Null Space of a Matrix.md,vault/MA/Mathematical-Methods-for-Machine-Learning/MML/4. Vector Spaces/4.2. Subspaces of N-Dimensional Space/Source/4.2.4. The Null Space of a Matrix
70,1855,MML.4.3.1,Finding a Basis of a Span,vault/MA/Mathematical-Methods-for-Machine-Learning/MML/4. Vector Spaces/4.3. Bases of N-Dimensional Space/Lessons/4.3.1. Finding a Basis of a Span.md,vault/MA/Mathematical-Methods-for-Machine-Learning/MML/4. Vector Spaces/4.3. Bases of N-Dimensional Space/Source/4.3.1. Finding a Basis of a Span
71,2623,MML.4.3.2,Finding a Basis of the Column Space of a Matrix,vault/MA/Mathematical-Methods-for-Machine-Learning/MML/4. Vector Spaces/4.3. Bases of N-Dimensional Space/Lessons/4.3.2. Finding a Basis of the Column Space of a Matrix.md,vault/MA/Mathematical-Methods-for-Machine-Learning/MML/4. Vector Spaces/4.3. Bases of N-Dimensional Space/Source/4.3.2. Finding a Basis of the Column Space of a Matrix
71,1856,MML.4.3.3,Finding a Basis of the Null Space of a Matrix,vault/MA/Mathematical-Methods-for-Machine-Learning/MML/4. Vector Spaces/4.3. Bases of N-Dimensional Space/Lessons/4.3.3. Finding a Basis of the Null Space of a Matrix.md,vault/MA/Mathematical-Methods-for-Machine-Learning/MML/4. Vector Spaces/4.3. Bases of N-Dimensional Space/Source/4.3.3. Finding a Basis of the Null Space of a Matrix
71,1864,MML.4.3.4,Expressing the Coordinates of a Vector in a Given Basis,vault/MA/Mathematical-Methods-for-Machine-Learning/MML/4. Vector Spaces/4.3. Bases of N-Dimensional Space/Lessons/4.3.4. Expressing the Coordinates of a Vector in a Given Basis.md,vault/MA/Mathematical-Methods-for-Machine-Learning/MML/4. Vector Spaces/4.3. Bases of N-Dimensional Space/Source/4.3.4. Expressing the Coordinates of a Vector in a Given Basis
72,1865,MML.4.3.5,Writing Vectors in Different Bases,vault/MA/Mathematical-Methods-for-Machine-Learning/MML/4. Vector Spaces/4.3. Bases of N-Dimensional Space/Lessons/4.3.5. Writing Vectors in Different Bases.md,vault/MA/Mathematical-Methods-for-Machine-Learning/MML/4. Vector Spaces/4.3. Bases of N-Dimensional Space/Source/4.3.5. Writing Vectors in Different Bases
73,1928,MML.4.3.6,The Change-of-Coordinates Matrix,vault/MA/Mathematical-Methods-for-Machine-Learning/MML/4. Vector Spaces/4.3. Bases of N-Dimensional Space/Lessons/4.3.6. The Change-of-Coordinates Matrix.md,vault/MA/Mathematical-Methods-for-Machine-Learning/MML/4. Vector Spaces/4.3. Bases of N-Dimensional Space/Source/4.3.6. The Change-of-Coordinates Matrix
76,1910,MML.4.3.7,Changing a Basis Using the Change-of-Coordinates Matrix,vault/MA/Mathematical-Methods-for-Machine-Learning/MML/4. Vector Spaces/4.3. Bases of N-Dimensional Space/Lessons/4.3.7. Changing a Basis Using the Change-of-Coordinates Matrix.md,vault/MA/Mathematical-Methods-for-Machine-Learning/MML/4. Vector Spaces/4.3. Bases of N-Dimensional Space/Source/4.3.7. Changing a Basis Using the Change-of-Coordinates Matrix
71,1866,MML.4.4.1,The Dimension of a Span,vault/MA/Mathematical-Methods-for-Machine-Learning/MML/4. Vector Spaces/4.4. Dimension and Rank in N-Dimensional Space/Lessons/4.4.1. The Dimension of a Span.md,vault/MA/Mathematical-Methods-for-Machine-Learning/MML/4. Vector Spaces/4.4. Dimension and Rank in N-Dimensional Space/Source/4.4.1. The Dimension of a Span
72,1867,MML.4.4.2,The Rank of a Matrix,vault/MA/Mathematical-Methods-for-Machine-Learning/MML/4. Vector Spaces/4.4. Dimension and Rank in N-Dimensional Space/Lessons/4.4.2. The Rank of a Matrix.md,vault/MA/Mathematical-Methods-for-Machine-Learning/MML/4. Vector Spaces/4.4. Dimension and Rank in N-Dimensional Space/Source/4.4.2. The Rank of a Matrix
73,1868,MML.4.4.3,The Dimension of the Null Space of a Matrix,vault/MA/Mathematical-Methods-for-Machine-Learning/MML/4. Vector Spaces/4.4. Dimension and Rank in N-Dimensional Space/Lessons/4.4.3. The Dimension of the Null Space of a Matrix.md,vault/MA/Mathematical-Methods-for-Machine-Learning/MML/4. Vector Spaces/4.4. Dimension and Rank in N-Dimensional Space/Source/4.4.3. The Dimension of the Null Space of a Matrix
74,1869,MML.4.4.4,"The Invertible Matrix Theorem in Terms of Dimension, Rank and Nullity","vault/MA/Mathematical-Methods-for-Machine-Learning/MML/4. Vector Spaces/4.4. Dimension and Rank in N-Dimensional Space/Lessons/4.4.4. The Invertible Matrix Theorem in Terms of Dimension, Rank and Nullity.md","vault/MA/Mathematical-Methods-for-Machine-Learning/MML/4. Vector Spaces/4.4. Dimension and Rank in N-Dimensional Space/Source/4.4.4. The Invertible Matrix Theorem in Terms of Dimension, Rank and Nullity"
75,3836,MML.4.4.5,The Rank-Nullity Theorem,vault/MA/Mathematical-Methods-for-Machine-Learning/MML/4. Vector Spaces/4.4. Dimension and Rank in N-Dimensional Space/Lessons/4.4.5. The Rank-Nullity Theorem.md,vault/MA/Mathematical-Methods-for-Machine-Learning/MML/4. Vector Spaces/4.4. Dimension and Rank in N-Dimensional Space/Source/4.4.5. The Rank-Nullity Theorem
67,1375,MML.5.1.1,The Eigenvalues and Eigenvectors of a 2x2 Matrix,vault/MA/Mathematical-Methods-for-Machine-Learning/MML/5. Diagonalization of Matrices/5.1. Eigenvectors and Eigenvalues/Lessons/5.1.1. The Eigenvalues and Eigenvectors of a 2x2 Matrix.md,vault/MA/Mathematical-Methods-for-Machine-Learning/MML/5. Diagonalization of Matrices/5.1. Eigenvectors and Eigenvalues/Source/5.1.1. The Eigenvalues and Eigenvectors of a 2x2 Matrix
75,990,MML.5.1.2,Calculating the Eigenvalues of a 2x2 Matrix,vault/MA/Mathematical-Methods-for-Machine-Learning/MML/5. Diagonalization of Matrices/5.1. Eigenvectors and Eigenvalues/Lessons/5.1.2. Calculating the Eigenvalues of a 2x2 Matrix.md,vault/MA/Mathematical-Methods-for-Machine-Learning/MML/5. Diagonalization of Matrices/5.1. Eigenvectors and Eigenvalues/Source/5.1.2. Calculating the Eigenvalues of a 2x2 Matrix
76,991,MML.5.1.3,Calculating the Eigenvectors of a 2x2 Matrix,vault/MA/Mathematical-Methods-for-Machine-Learning/MML/5. Diagonalization of Matrices/5.1. Eigenvectors and Eigenvalues/Lessons/5.1.3. Calculating the Eigenvectors of a 2x2 Matrix.md,vault/MA/Mathematical-Methods-for-Machine-Learning/MML/5. Diagonalization of Matrices/5.1. Eigenvectors and Eigenvalues/Source/5.1.3. Calculating the Eigenvectors of a 2x2 Matrix
76,1964,MML.5.1.4,The Characteristic Equation of a Matrix,vault/MA/Mathematical-Methods-for-Machine-Learning/MML/5. Diagonalization of Matrices/5.1. Eigenvectors and Eigenvalues/Lessons/5.1.4. The Characteristic Equation of a Matrix.md,vault/MA/Mathematical-Methods-for-Machine-Learning/MML/5. Diagonalization of Matrices/5.1. Eigenvectors and Eigenvalues/Source/5.1.4. The Characteristic Equation of a Matrix
77,1977,MML.5.1.5,Calculating the Eigenvectors of a 3x3 Matrix With Distinct Eigenvalues,vault/MA/Mathematical-Methods-for-Machine-Learning/MML/5. Diagonalization of Matrices/5.1. Eigenvectors and Eigenvalues/Lessons/5.1.5. Calculating the Eigenvectors of a 3x3 Matrix With Distinct Eigenvalues.md,vault/MA/Mathematical-Methods-for-Machine-Learning/MML/5. Diagonalization of Matrices/5.1. Eigenvectors and Eigenvalues/Source/5.1.5. Calculating the Eigenvectors of a 3x3 Matrix With Distinct Eigenvalues
78,1965,MML.5.1.6,Calculating the Eigenvectors of a 3x3 Matrix in the General Case,vault/MA/Mathematical-Methods-for-Machine-Learning/MML/5. Diagonalization of Matrices/5.1. Eigenvectors and Eigenvalues/Lessons/5.1.6. Calculating the Eigenvectors of a 3x3 Matrix in the General Case.md,vault/MA/Mathematical-Methods-for-Machine-Learning/MML/5. Diagonalization of Matrices/5.1. Eigenvectors and Eigenvalues/Source/5.1.6. Calculating the Eigenvectors of a 3x3 Matrix in the General Case
77,1968,MML.5.2.1,Diagonalizing a 2x2 Matrix,vault/MA/Mathematical-Methods-for-Machine-Learning/MML/5. Diagonalization of Matrices/5.2. Diagonalization/Lessons/5.2.1. Diagonalizing a 2x2 Matrix.md,vault/MA/Mathematical-Methods-for-Machine-Learning/MML/5. Diagonalization of Matrices/5.2. Diagonalization/Source/5.2.1. Diagonalizing a 2x2 Matrix
78,1969,MML.5.2.2,Properties of Diagonalization,vault/MA/Mathematical-Methods-for-Machine-Learning/MML/5. Diagonalization of Matrices/5.2. Diagonalization/Lessons/5.2.2. Properties of Diagonalization.md,vault/MA/Mathematical-Methods-for-Machine-Learning/MML/5. Diagonalization of Matrices/5.2. Diagonalization/Source/5.2.2. Properties of Diagonalization
78,1970,MML.5.2.3,Diagonalizing a 3x3 Matrix With Distinct Eigenvalues,vault/MA/Mathematical-Methods-for-Machine-Learning/MML/5. Diagonalization of Matrices/5.2. Diagonalization/Lessons/5.2.3. Diagonalizing a 3x3 Matrix With Distinct Eigenvalues.md,vault/MA/Mathematical-Methods-for-Machine-Learning/MML/5. Diagonalization of Matrices/5.2. Diagonalization/Source/5.2.3. Diagonalizing a 3x3 Matrix With Distinct Eigenvalues
79,1971,MML.5.2.4,Diagonalizing a 3x3 Matrix in the General Case,vault/MA/Mathematical-Methods-for-Machine-Learning/MML/5. Diagonalization of Matrices/5.2. Diagonalization/Lessons/5.2.4. Diagonalizing a 3x3 Matrix in the General Case.md,vault/MA/Mathematical-Methods-for-Machine-Learning/MML/5. Diagonalization of Matrices/5.2. Diagonalization/Source/5.2.4. Diagonalizing a 3x3 Matrix in the General Case
76,3118,MML.5.2.5,Symmetric Matrices,vault/MA/Mathematical-Methods-for-Machine-Learning/MML/5. Diagonalization of Matrices/5.2. Diagonalization/Lessons/5.2.5. Symmetric Matrices.md,vault/MA/Mathematical-Methods-for-Machine-Learning/MML/5. Diagonalization of Matrices/5.2. Diagonalization/Source/5.2.5. Symmetric Matrices
79,3335,MML.5.2.6,Diagonalization of 2x2 Symmetric Matrices,vault/MA/Mathematical-Methods-for-Machine-Learning/MML/5. Diagonalization of Matrices/5.2. Diagonalization/Lessons/5.2.6. Diagonalization of 2x2 Symmetric Matrices.md,vault/MA/Mathematical-Methods-for-Machine-Learning/MML/5. Diagonalization of Matrices/5.2. Diagonalization/Source/5.2.6. Diagonalization of 2x2 Symmetric Matrices
80,3119,MML.5.2.7,Diagonalization of 3x3 Symmetric Matrices,vault/MA/Mathematical-Methods-for-Machine-Learning/MML/5. Diagonalization of Matrices/5.2. Diagonalization/Lessons/5.2.7. Diagonalization of 3x3 Symmetric Matrices.md,vault/MA/Mathematical-Methods-for-Machine-Learning/MML/5. Diagonalization of Matrices/5.2. Diagonalization/Source/5.2.7. Diagonalization of 3x3 Symmetric Matrices
68,2094,MML.6.1.1,The Dot Product in N-Dimensional Euclidean Space,vault/MA/Mathematical-Methods-for-Machine-Learning/MML/6. Orthogonality & Projections/6.1. Inner Products/Lessons/6.1.1. The Dot Product in N-Dimensional Euclidean Space.md,vault/MA/Mathematical-Methods-for-Machine-Learning/MML/6. Orthogonality & Projections/6.1. Inner Products/Source/6.1.1. The Dot Product in N-Dimensional Euclidean Space
69,2095,MML.6.1.2,The Norm of a Vector in N-Dimensional Euclidean Space,vault/MA/Mathematical-Methods-for-Machine-Learning/MML/6. Orthogonality & Projections/6.1. Inner Products/Lessons/6.1.2. The Norm of a Vector in N-Dimensional Euclidean Space.md,vault/MA/Mathematical-Methods-for-Machine-Learning/MML/6. Orthogonality & Projections/6.1. Inner Products/Source/6.1.2. The Norm of a Vector in N-Dimensional Euclidean Space
72,2915,MML.6.1.3,"Euclidean, Manhattan, and Minkowski Distance","vault/MA/Mathematical-Methods-for-Machine-Learning/MML/6. Orthogonality & Projections/6.1. Inner Products/Lessons/6.1.3. Euclidean, Manhattan, and Minkowski Distance.md","vault/MA/Mathematical-Methods-for-Machine-Learning/MML/6. Orthogonality & Projections/6.1. Inner Products/Source/6.1.3. Euclidean, Manhattan, and Minkowski Distance"
67,1906,MML.6.1.4,Introduction to Abstract Vector Spaces,vault/MA/Mathematical-Methods-for-Machine-Learning/MML/6. Orthogonality & Projections/6.1. Inner Products/Lessons/6.1.4. Introduction to Abstract Vector Spaces.md,vault/MA/Mathematical-Methods-for-Machine-Learning/MML/6. Orthogonality & Projections/6.1. Inner Products/Source/6.1.4. Introduction to Abstract Vector Spaces
68,3835,MML.6.1.5,Defining Abstract Vector Spaces,vault/MA/Mathematical-Methods-for-Machine-Learning/MML/6. Orthogonality & Projections/6.1. Inner Products/Lessons/6.1.5. Defining Abstract Vector Spaces.md,vault/MA/Mathematical-Methods-for-Machine-Learning/MML/6. Orthogonality & Projections/6.1. Inner Products/Source/6.1.5. Defining Abstract Vector Spaces
73,2096,MML.6.1.6,Inner Product Spaces,vault/MA/Mathematical-Methods-for-Machine-Learning/MML/6. Orthogonality & Projections/6.1. Inner Products/Lessons/6.1.6. Inner Product Spaces.md,vault/MA/Mathematical-Methods-for-Machine-Learning/MML/6. Orthogonality & Projections/6.1. Inner Products/Source/6.1.6. Inner Product Spaces
70,2099,MML.6.2.1,Orthogonal Vectors in Euclidean Spaces,vault/MA/Mathematical-Methods-for-Machine-Learning/MML/6. Orthogonality & Projections/6.2. Orthogonality/Lessons/6.2.1. Orthogonal Vectors in Euclidean Spaces.md,vault/MA/Mathematical-Methods-for-Machine-Learning/MML/6. Orthogonality & Projections/6.2. Orthogonality/Source/6.2.1. Orthogonal Vectors in Euclidean Spaces
70,2101,MML.6.2.2,The Cauchy-Schwarz Inequality and the Angle Between Two Vectors,vault/MA/Mathematical-Methods-for-Machine-Learning/MML/6. Orthogonality & Projections/6.2. Orthogonality/Lessons/6.2.2. The Cauchy-Schwarz Inequality and the Angle Between Two Vectors.md,vault/MA/Mathematical-Methods-for-Machine-Learning/MML/6. Orthogonality & Projections/6.2. Orthogonality/Source/6.2.2. The Cauchy-Schwarz Inequality and the Angle Between Two Vectors
71,2102,MML.6.2.3,Orthogonal Complements,vault/MA/Mathematical-Methods-for-Machine-Learning/MML/6. Orthogonality & Projections/6.2. Orthogonality/Lessons/6.2.3. Orthogonal Complements.md,vault/MA/Mathematical-Methods-for-Machine-Learning/MML/6. Orthogonality & Projections/6.2. Orthogonality/Source/6.2.3. Orthogonal Complements
72,2103,MML.6.2.4,Orthogonal Sets in Euclidean Spaces,vault/MA/Mathematical-Methods-for-Machine-Learning/MML/6. Orthogonality & Projections/6.2. Orthogonality/Lessons/6.2.4. Orthogonal Sets in Euclidean Spaces.md,vault/MA/Mathematical-Methods-for-Machine-Learning/MML/6. Orthogonality & Projections/6.2. Orthogonality/Source/6.2.4. Orthogonal Sets in Euclidean Spaces
77,2105,MML.6.2.5,Orthogonal Matrices,vault/MA/Mathematical-Methods-for-Machine-Learning/MML/6. Orthogonality & Projections/6.2. Orthogonality/Lessons/6.2.5. Orthogonal Matrices.md,vault/MA/Mathematical-Methods-for-Machine-Learning/MML/6. Orthogonality & Projections/6.2. Orthogonality/Source/6.2.5. Orthogonal Matrices
78,4319,MML.6.2.6,Orthogonal Linear Transformations,vault/MA/Mathematical-Methods-for-Machine-Learning/MML/6. Orthogonality & Projections/6.2. Orthogonality/Lessons/6.2.6. Orthogonal Linear Transformations.md,vault/MA/Mathematical-Methods-for-Machine-Learning/MML/6. Orthogonality & Projections/6.2. Orthogonality/Source/6.2.6. Orthogonal Linear Transformations
72,2122,MML.6.3.1,Projecting Vectors Onto One-Dimensional Subspaces,vault/MA/Mathematical-Methods-for-Machine-Learning/MML/6. Orthogonality & Projections/6.3. Orthogonal Projections/Lessons/6.3.1. Projecting Vectors Onto One-Dimensional Subspaces.md,vault/MA/Mathematical-Methods-for-Machine-Learning/MML/6. Orthogonality & Projections/6.3. Orthogonal Projections/Source/6.3.1. Projecting Vectors Onto One-Dimensional Subspaces
73,2825,MML.6.3.2,The Components of a Vector with Respect to an Orthogonal or Orthonormal Basis,vault/MA/Mathematical-Methods-for-Machine-Learning/MML/6. Orthogonality & Projections/6.3. Orthogonal Projections/Lessons/6.3.2. The Components of a Vector with Respect to an Orthogonal or Orthonormal Basis.md,vault/MA/Mathematical-Methods-for-Machine-Learning/MML/6. Orthogonality & Projections/6.3. Orthogonal Projections/Source/6.3.2. The Components of a Vector with Respect to an Orthogonal or Orthonormal Basis
74,2123,MML.6.3.3,Projecting Vectors Onto Subspaces in Euclidean Spaces (Orthogonal Bases),vault/MA/Mathematical-Methods-for-Machine-Learning/MML/6. Orthogonality & Projections/6.3. Orthogonal Projections/Lessons/6.3.3. Projecting Vectors Onto Subspaces in Euclidean Spaces (Orthogonal Bases).md,vault/MA/Mathematical-Methods-for-Machine-Learning/MML/6. Orthogonality & Projections/6.3. Orthogonal Projections/Source/6.3.3. Projecting Vectors Onto Subspaces in Euclidean Spaces (Orthogonal Bases)
75,2124,MML.6.3.4,Projecting Vectors Onto Subspaces in Euclidean Spaces (Arbitrary Bases),vault/MA/Mathematical-Methods-for-Machine-Learning/MML/6. Orthogonality & Projections/6.3. Orthogonal Projections/Lessons/6.3.4. Projecting Vectors Onto Subspaces in Euclidean Spaces (Arbitrary Bases).md,vault/MA/Mathematical-Methods-for-Machine-Learning/MML/6. Orthogonality & Projections/6.3. Orthogonal Projections/Source/6.3.4. Projecting Vectors Onto Subspaces in Euclidean Spaces (Arbitrary Bases)
76,3818,MML.6.3.5,Projecting Vectors Onto Subspaces in Euclidean Spaces (Arbitrary Bases): Applications,vault/MA/Mathematical-Methods-for-Machine-Learning/MML/6. Orthogonality & Projections/6.3. Orthogonal Projections/Lessons/6.3.5. Projecting Vectors Onto Subspaces in Euclidean Spaces (Arbitrary Bases)- Applications.md,vault/MA/Mathematical-Methods-for-Machine-Learning/MML/6. Orthogonality & Projections/6.3. Orthogonal Projections/Source/6.3.5. Projecting Vectors Onto Subspaces in Euclidean Spaces (Arbitrary Bases)- Applications
73,2127,MML.6.3.6,The Gram-Schmidt Process for Two Vectors,vault/MA/Mathematical-Methods-for-Machine-Learning/MML/6. Orthogonality & Projections/6.3. Orthogonal Projections/Lessons/6.3.6. The Gram-Schmidt Process for Two Vectors.md,vault/MA/Mathematical-Methods-for-Machine-Learning/MML/6. Orthogonality & Projections/6.3. Orthogonal Projections/Source/6.3.6. The Gram-Schmidt Process for Two Vectors
65,3121,MML.7.1.1,Bilinear Forms,vault/MA/Mathematical-Methods-for-Machine-Learning/MML/7. Singular Value Decomposition/7.1. Quadratic Forms/Lessons/7.1.1. Bilinear Forms.md,vault/MA/Mathematical-Methods-for-Machine-Learning/MML/7. Singular Value Decomposition/7.1. Quadratic Forms/Source/7.1.1. Bilinear Forms
77,3123,MML.7.1.2,Quadratic Forms,vault/MA/Mathematical-Methods-for-Machine-Learning/MML/7. Singular Value Decomposition/7.1. Quadratic Forms/Lessons/7.1.2. Quadratic Forms.md,vault/MA/Mathematical-Methods-for-Machine-Learning/MML/7. Singular Value Decomposition/7.1. Quadratic Forms/Source/7.1.2. Quadratic Forms
78,3122,MML.7.1.3,Change of Variables in Quadratic Forms,vault/MA/Mathematical-Methods-for-Machine-Learning/MML/7. Singular Value Decomposition/7.1. Quadratic Forms/Lessons/7.1.3. Change of Variables in Quadratic Forms.md,vault/MA/Mathematical-Methods-for-Machine-Learning/MML/7. Singular Value Decomposition/7.1. Quadratic Forms/Source/7.1.3. Change of Variables in Quadratic Forms
78,3127,MML.7.1.4,Positive-Definite and Negative-Definite Quadratic Forms,vault/MA/Mathematical-Methods-for-Machine-Learning/MML/7. Singular Value Decomposition/7.1. Quadratic Forms/Lessons/7.1.4. Positive-Definite and Negative-Definite Quadratic Forms.md,vault/MA/Mathematical-Methods-for-Machine-Learning/MML/7. Singular Value Decomposition/7.1. Quadratic Forms/Source/7.1.4. Positive-Definite and Negative-Definite Quadratic Forms
78,3171,MML.7.1.5,Constrained Optimization of Quadratic Forms,vault/MA/Mathematical-Methods-for-Machine-Learning/MML/7. Singular Value Decomposition/7.1. Quadratic Forms/Lessons/7.1.5. Constrained Optimization of Quadratic Forms.md,vault/MA/Mathematical-Methods-for-Machine-Learning/MML/7. Singular Value Decomposition/7.1. Quadratic Forms/Source/7.1.5. Constrained Optimization of Quadratic Forms
81,4238,MML.7.1.6,Constrained Optimization of Quadratic Forms: Determining Where Extrema are Attained,vault/MA/Mathematical-Methods-for-Machine-Learning/MML/7. Singular Value Decomposition/7.1. Quadratic Forms/Lessons/7.1.6. Constrained Optimization of Quadratic Forms- Determining Where Extrema are Attained.md,vault/MA/Mathematical-Methods-for-Machine-Learning/MML/7. Singular Value Decomposition/7.1. Quadratic Forms/Source/7.1.6. Constrained Optimization of Quadratic Forms- Determining Where Extrema are Attained
82,3131,MML.7.2.1,The Singular Values of a Matrix,vault/MA/Mathematical-Methods-for-Machine-Learning/MML/7. Singular Value Decomposition/7.2. Singular Value Decomposition/Lessons/7.2.1. The Singular Values of a Matrix.md,vault/MA/Mathematical-Methods-for-Machine-Learning/MML/7. Singular Value Decomposition/7.2. Singular Value Decomposition/Source/7.2.1. The Singular Values of a Matrix
83,3819,MML.7.2.2,Computing the Singular Values of a Matrix,vault/MA/Mathematical-Methods-for-Machine-Learning/MML/7. Singular Value Decomposition/7.2. Singular Value Decomposition/Lessons/7.2.2. Computing the Singular Values of a Matrix.md,vault/MA/Mathematical-Methods-for-Machine-Learning/MML/7. Singular Value Decomposition/7.2. Singular Value Decomposition/Source/7.2.2. Computing the Singular Values of a Matrix
84,3132,MML.7.2.3,Singular Value Decomposition of 2x2 Matrices,vault/MA/Mathematical-Methods-for-Machine-Learning/MML/7. Singular Value Decomposition/7.2. Singular Value Decomposition/Lessons/7.2.3. Singular Value Decomposition of 2x2 Matrices.md,vault/MA/Mathematical-Methods-for-Machine-Learning/MML/7. Singular Value Decomposition/7.2. Singular Value Decomposition/Source/7.2.3. Singular Value Decomposition of 2x2 Matrices
85,3278,MML.7.2.4,Singular Value Decomposition of 2x2 Matrices With Zero or Repeated Eigenvalues,vault/MA/Mathematical-Methods-for-Machine-Learning/MML/7. Singular Value Decomposition/7.2. Singular Value Decomposition/Lessons/7.2.4. Singular Value Decomposition of 2x2 Matrices With Zero or Repeated Eigenvalues.md,vault/MA/Mathematical-Methods-for-Machine-Learning/MML/7. Singular Value Decomposition/7.2. Singular Value Decomposition/Source/7.2.4. Singular Value Decomposition of 2x2 Matrices With Zero or Repeated Eigenvalues
86,3133,MML.7.2.5,Singular Value Decomposition of Larger Matrices,vault/MA/Mathematical-Methods-for-Machine-Learning/MML/7. Singular Value Decomposition/7.2. Singular Value Decomposition/Lessons/7.2.5. Singular Value Decomposition of Larger Matrices.md,vault/MA/Mathematical-Methods-for-Machine-Learning/MML/7. Singular Value Decomposition/7.2. Singular Value Decomposition/Source/7.2.5. Singular Value Decomposition of Larger Matrices
87,3134,MML.7.2.6,Singular Value Decomposition and the Pseudoinverse Matrix,vault/MA/Mathematical-Methods-for-Machine-Learning/MML/7. Singular Value Decomposition/7.2. Singular Value Decomposition/Lessons/7.2.6. Singular Value Decomposition and the Pseudoinverse Matrix.md,vault/MA/Mathematical-Methods-for-Machine-Learning/MML/7. Singular Value Decomposition/7.2. Singular Value Decomposition/Source/7.2.6. Singular Value Decomposition and the Pseudoinverse Matrix
77,2166,MML.8.1.1,The Least-Squares Solution of a Linear System (Without Collinearity),vault/MA/Mathematical-Methods-for-Machine-Learning/MML/8. Applications of Linear Algebra/8.1. Linear Least-Squares Problems/Lessons/8.1.1. The Least-Squares Solution of a Linear System (Without Collinearity).md,vault/MA/Mathematical-Methods-for-Machine-Learning/MML/8. Applications of Linear Algebra/8.1. Linear Least-Squares Problems/Source/8.1.1. The Least-Squares Solution of a Linear System (Without Collinearity)
79,2167,MML.8.1.2,The Least-Squares Solution of a Linear System (With Collinearity),vault/MA/Mathematical-Methods-for-Machine-Learning/MML/8. Applications of Linear Algebra/8.1. Linear Least-Squares Problems/Lessons/8.1.2. The Least-Squares Solution of a Linear System (With Collinearity).md,vault/MA/Mathematical-Methods-for-Machine-Learning/MML/8. Applications of Linear Algebra/8.1. Linear Least-Squares Problems/Source/8.1.2. The Least-Squares Solution of a Linear System (With Collinearity)
78,2169,MML.8.2.1,Linear Regression With Matrices,vault/MA/Mathematical-Methods-for-Machine-Learning/MML/8. Applications of Linear Algebra/8.2. Linear Regression/Lessons/8.2.1. Linear Regression With Matrices.md,vault/MA/Mathematical-Methods-for-Machine-Learning/MML/8. Applications of Linear Algebra/8.2. Linear Regression/Source/8.2.1. Linear Regression With Matrices
79,2170,MML.8.2.2,Polynomial Regression With Matrices,vault/MA/Mathematical-Methods-for-Machine-Learning/MML/8. Applications of Linear Algebra/8.2. Linear Regression/Lessons/8.2.2. Polynomial Regression With Matrices.md,vault/MA/Mathematical-Methods-for-Machine-Learning/MML/8. Applications of Linear Algebra/8.2. Linear Regression/Source/8.2.2. Polynomial Regression With Matrices
79,2171,MML.8.2.3,Multiple Linear Regression With Matrices,vault/MA/Mathematical-Methods-for-Machine-Learning/MML/8. Applications of Linear Algebra/8.2. Linear Regression/Lessons/8.2.3. Multiple Linear Regression With Matrices.md,vault/MA/Mathematical-Methods-for-Machine-Learning/MML/8. Applications of Linear Algebra/8.2. Linear Regression/Source/8.2.3. Multiple Linear Regression With Matrices
80,3775,MML.8.3.1,Introduction to Principal Component Analysis,vault/MA/Mathematical-Methods-for-Machine-Learning/MML/8. Applications of Linear Algebra/8.3. Principal Component Analysis/Lessons/8.3.1. Introduction to Principal Component Analysis.md,vault/MA/Mathematical-Methods-for-Machine-Learning/MML/8. Applications of Linear Algebra/8.3. Principal Component Analysis/Source/8.3.1. Introduction to Principal Component Analysis
81,3945,MML.8.3.2,Computing Principal Components,vault/MA/Mathematical-Methods-for-Machine-Learning/MML/8. Applications of Linear Algebra/8.3. Principal Component Analysis/Lessons/8.3.2. Computing Principal Components.md,vault/MA/Mathematical-Methods-for-Machine-Learning/MML/8. Applications of Linear Algebra/8.3. Principal Component Analysis/Source/8.3.2. Computing Principal Components
87,3946,MML.8.3.3,The Connection Between PCA and SVD,vault/MA/Mathematical-Methods-for-Machine-Learning/MML/8. Applications of Linear Algebra/8.3. Principal Component Analysis/Lessons/8.3.3. The Connection Between PCA and SVD.md,vault/MA/Mathematical-Methods-for-Machine-Learning/MML/8. Applications of Linear Algebra/8.3. Principal Component Analysis/Source/8.3.3. The Connection Between PCA and SVD
88,5289,MML.8.3.4,Feature Extraction Using PCA,vault/MA/Mathematical-Methods-for-Machine-Learning/MML/8. Applications of Linear Algebra/8.3. Principal Component Analysis/Lessons/8.3.4. Feature Extraction Using PCA.md,vault/MA/Mathematical-Methods-for-Machine-Learning/MML/8. Applications of Linear Algebra/8.3. Principal Component Analysis/Source/8.3.4. Feature Extraction Using PCA
70,1896,MML.9.1.1,Ellipsoids,vault/MA/Mathematical-Methods-for-Machine-Learning/MML/9. Multivariable Calculus/9.1. Quadric Surfaces and Cylinders/Lessons/9.1.1. Ellipsoids.md,vault/MA/Mathematical-Methods-for-Machine-Learning/MML/9. Multivariable Calculus/9.1. Quadric Surfaces and Cylinders/Source/9.1.1. Ellipsoids
71,1892,MML.9.1.2,Hyperboloids,vault/MA/Mathematical-Methods-for-Machine-Learning/MML/9. Multivariable Calculus/9.1. Quadric Surfaces and Cylinders/Lessons/9.1.2. Hyperboloids.md,vault/MA/Mathematical-Methods-for-Machine-Learning/MML/9. Multivariable Calculus/9.1. Quadric Surfaces and Cylinders/Source/9.1.2. Hyperboloids
71,1893,MML.9.1.3,Paraboloids,vault/MA/Mathematical-Methods-for-Machine-Learning/MML/9. Multivariable Calculus/9.1. Quadric Surfaces and Cylinders/Lessons/9.1.3. Paraboloids.md,vault/MA/Mathematical-Methods-for-Machine-Learning/MML/9. Multivariable Calculus/9.1. Quadric Surfaces and Cylinders/Source/9.1.3. Paraboloids
71,1894,MML.9.1.4,Elliptic Cones,vault/MA/Mathematical-Methods-for-Machine-Learning/MML/9. Multivariable Calculus/9.1. Quadric Surfaces and Cylinders/Lessons/9.1.4. Elliptic Cones.md,vault/MA/Mathematical-Methods-for-Machine-Learning/MML/9. Multivariable Calculus/9.1. Quadric Surfaces and Cylinders/Source/9.1.4. Elliptic Cones
71,1895,MML.9.1.5,Cylinders,vault/MA/Mathematical-Methods-for-Machine-Learning/MML/9. Multivariable Calculus/9.1. Quadric Surfaces and Cylinders/Lessons/9.1.5. Cylinders.md,vault/MA/Mathematical-Methods-for-Machine-Learning/MML/9. Multivariable Calculus/9.1. Quadric Surfaces and Cylinders/Source/9.1.5. Cylinders
72,4208,MML.9.1.6,Intersections of Lines and Planes With Surfaces,vault/MA/Mathematical-Methods-for-Machine-Learning/MML/9. Multivariable Calculus/9.1. Quadric Surfaces and Cylinders/Lessons/9.1.6. Intersections of Lines and Planes With Surfaces.md,vault/MA/Mathematical-Methods-for-Machine-Learning/MML/9. Multivariable Calculus/9.1. Quadric Surfaces and Cylinders/Source/9.1.6. Intersections of Lines and Planes With Surfaces
72,1898,MML.9.1.7,Identifying Quadric Surfaces,vault/MA/Mathematical-Methods-for-Machine-Learning/MML/9. Multivariable Calculus/9.1. Quadric Surfaces and Cylinders/Lessons/9.1.7. Identifying Quadric Surfaces.md,vault/MA/Mathematical-Methods-for-Machine-Learning/MML/9. Multivariable Calculus/9.1. Quadric Surfaces and Cylinders/Source/9.1.7. Identifying Quadric Surfaces
69,1899,MML.9.2.1,The Domain of a Multivariable Function,vault/MA/Mathematical-Methods-for-Machine-Learning/MML/9. Multivariable Calculus/9.2. Partial Derivatives/Lessons/9.2.1. The Domain of a Multivariable Function.md,vault/MA/Mathematical-Methods-for-Machine-Learning/MML/9. Multivariable Calculus/9.2. Partial Derivatives/Source/9.2.1. The Domain of a Multivariable Function
70,1900,MML.9.2.2,Level Curves,vault/MA/Mathematical-Methods-for-Machine-Learning/MML/9. Multivariable Calculus/9.2. Partial Derivatives/Lessons/9.2.2. Level Curves.md,vault/MA/Mathematical-Methods-for-Machine-Learning/MML/9. Multivariable Calculus/9.2. Partial Derivatives/Source/9.2.2. Level Curves
73,1978,MML.9.2.3,Level Surfaces,vault/MA/Mathematical-Methods-for-Machine-Learning/MML/9. Multivariable Calculus/9.2. Partial Derivatives/Lessons/9.2.3. Level Surfaces.md,vault/MA/Mathematical-Methods-for-Machine-Learning/MML/9. Multivariable Calculus/9.2. Partial Derivatives/Source/9.2.3. Level Surfaces
70,1931,MML.9.2.4,Limits and Continuity of Multivariable Functions,vault/MA/Mathematical-Methods-for-Machine-Learning/MML/9. Multivariable Calculus/9.2. Partial Derivatives/Lessons/9.2.4. Limits and Continuity of Multivariable Functions.md,vault/MA/Mathematical-Methods-for-Machine-Learning/MML/9. Multivariable Calculus/9.2. Partial Derivatives/Source/9.2.4. Limits and Continuity of Multivariable Functions
71,1929,MML.9.2.5,Introduction to Partial Derivatives,vault/MA/Mathematical-Methods-for-Machine-Learning/MML/9. Multivariable Calculus/9.2. Partial Derivatives/Lessons/9.2.5. Introduction to Partial Derivatives.md,vault/MA/Mathematical-Methods-for-Machine-Learning/MML/9. Multivariable Calculus/9.2. Partial Derivatives/Source/9.2.5. Introduction to Partial Derivatives
72,4096,MML.9.2.6,Computing Partial Derivatives Using the Rules of Differentiation,vault/MA/Mathematical-Methods-for-Machine-Learning/MML/9. Multivariable Calculus/9.2. Partial Derivatives/Lessons/9.2.6. Computing Partial Derivatives Using the Rules of Differentiation.md,vault/MA/Mathematical-Methods-for-Machine-Learning/MML/9. Multivariable Calculus/9.2. Partial Derivatives/Source/9.2.6. Computing Partial Derivatives Using the Rules of Differentiation
73,1955,MML.9.2.7,Geometric Interpretations of Partial Derivatives,vault/MA/Mathematical-Methods-for-Machine-Learning/MML/9. Multivariable Calculus/9.2. Partial Derivatives/Lessons/9.2.7. Geometric Interpretations of Partial Derivatives.md,vault/MA/Mathematical-Methods-for-Machine-Learning/MML/9. Multivariable Calculus/9.2. Partial Derivatives/Source/9.2.7. Geometric Interpretations of Partial Derivatives
73,1932,MML.9.2.8,Partial Differentiability of Multivariable Functions,vault/MA/Mathematical-Methods-for-Machine-Learning/MML/9. Multivariable Calculus/9.2. Partial Derivatives/Lessons/9.2.8. Partial Differentiability of Multivariable Functions.md,vault/MA/Mathematical-Methods-for-Machine-Learning/MML/9. Multivariable Calculus/9.2. Partial Derivatives/Source/9.2.8. Partial Differentiability of Multivariable Functions
75,1933,MML.9.2.9,Higher-Order Partial Derivatives,vault/MA/Mathematical-Methods-for-Machine-Learning/MML/9. Multivariable Calculus/9.2. Partial Derivatives/Lessons/9.2.9. Higher-Order Partial Derivatives.md,vault/MA/Mathematical-Methods-for-Machine-Learning/MML/9. Multivariable Calculus/9.2. Partial Derivatives/Source/9.2.9. Higher-Order Partial Derivatives
76,1957,MML.9.2.10,Equality of Mixed Partial Derivatives,vault/MA/Mathematical-Methods-for-Machine-Learning/MML/9. Multivariable Calculus/9.2. Partial Derivatives/Lessons/9.2.10. Equality of Mixed Partial Derivatives.md,vault/MA/Mathematical-Methods-for-Machine-Learning/MML/9. Multivariable Calculus/9.2. Partial Derivatives/Source/9.2.10. Equality of Mixed Partial Derivatives
73,1980,MML.9.2.11,Tangent Planes to Surfaces,vault/MA/Mathematical-Methods-for-Machine-Learning/MML/9. Multivariable Calculus/9.2. Partial Derivatives/Lessons/9.2.11. Tangent Planes to Surfaces.md,vault/MA/Mathematical-Methods-for-Machine-Learning/MML/9. Multivariable Calculus/9.2. Partial Derivatives/Source/9.2.11. Tangent Planes to Surfaces
75,1937,MML.9.2.12,Linearization of Multivariable Functions,vault/MA/Mathematical-Methods-for-Machine-Learning/MML/9. Multivariable Calculus/9.2. Partial Derivatives/Lessons/9.2.12. Linearization of Multivariable Functions.md,vault/MA/Mathematical-Methods-for-Machine-Learning/MML/9. Multivariable Calculus/9.2. Partial Derivatives/Source/9.2.12. Linearization of Multivariable Functions
73,3173,MML.9.2.13,The Multivariable Chain Rule,vault/MA/Mathematical-Methods-for-Machine-Learning/MML/9. Multivariable Calculus/9.2. Partial Derivatives/Lessons/9.2.13. The Multivariable Chain Rule.md,vault/MA/Mathematical-Methods-for-Machine-Learning/MML/9. Multivariable Calculus/9.2. Partial Derivatives/Source/9.2.13. The Multivariable Chain Rule
62,1737,MML.9.3.1,The Domain of a Vector-Valued Function,vault/MA/Mathematical-Methods-for-Machine-Learning/MML/9. Multivariable Calculus/9.3. Vector-Valued Functions/Lessons/9.3.1. The Domain of a Vector-Valued Function.md,vault/MA/Mathematical-Methods-for-Machine-Learning/MML/9. Multivariable Calculus/9.3. Vector-Valued Functions/Source/9.3.1. The Domain of a Vector-Valued Function
68,1792,MML.9.3.2,Tangent Vectors and Tangent Lines to Curves,vault/MA/Mathematical-Methods-for-Machine-Learning/MML/9. Multivariable Calculus/9.3. Vector-Valued Functions/Lessons/9.3.2. Tangent Vectors and Tangent Lines to Curves.md,vault/MA/Mathematical-Methods-for-Machine-Learning/MML/9. Multivariable Calculus/9.3. Vector-Valued Functions/Source/9.3.2. Tangent Vectors and Tangent Lines to Curves
74,1934,MML.9.3.3,The Gradient Vector,vault/MA/Mathematical-Methods-for-Machine-Learning/MML/9. Multivariable Calculus/9.3. Vector-Valued Functions/Lessons/9.3.3. The Gradient Vector.md,vault/MA/Mathematical-Methods-for-Machine-Learning/MML/9. Multivariable Calculus/9.3. Vector-Valued Functions/Source/9.3.3. The Gradient Vector
75,1939,MML.9.3.4,The Gradient as a Normal Vector,vault/MA/Mathematical-Methods-for-Machine-Learning/MML/9. Multivariable Calculus/9.3. Vector-Valued Functions/Lessons/9.3.4. The Gradient as a Normal Vector.md,vault/MA/Mathematical-Methods-for-Machine-Learning/MML/9. Multivariable Calculus/9.3. Vector-Valued Functions/Source/9.3.4. The Gradient as a Normal Vector
75,1938,MML.9.3.5,Directional Derivatives,vault/MA/Mathematical-Methods-for-Machine-Learning/MML/9. Multivariable Calculus/9.3. Vector-Valued Functions/Lessons/9.3.5. Directional Derivatives.md,vault/MA/Mathematical-Methods-for-Machine-Learning/MML/9. Multivariable Calculus/9.3. Vector-Valued Functions/Source/9.3.5. Directional Derivatives
75,1936,MML.9.3.6,The Multivariable Chain Rule in Vector Form,vault/MA/Mathematical-Methods-for-Machine-Learning/MML/9. Multivariable Calculus/9.3. Vector-Valued Functions/Lessons/9.3.6. The Multivariable Chain Rule in Vector Form.md,vault/MA/Mathematical-Methods-for-Machine-Learning/MML/9. Multivariable Calculus/9.3. Vector-Valued Functions/Source/9.3.6. The Multivariable Chain Rule in Vector Form
78,5527,MML.9.3.7,Gradients With Respect to a Variable Subset,vault/MA/Mathematical-Methods-for-Machine-Learning/MML/9. Multivariable Calculus/9.3. Vector-Valued Functions/Lessons/9.3.7. Gradients With Respect to a Variable Subset.md,vault/MA/Mathematical-Methods-for-Machine-Learning/MML/9. Multivariable Calculus/9.3. Vector-Valued Functions/Source/9.3.7. Gradients With Respect to a Variable Subset
73,1999,MML.9.4.1,The Jacobian,vault/MA/Mathematical-Methods-for-Machine-Learning/MML/9. Multivariable Calculus/9.4. Differentiation/Lessons/9.4.1. The Jacobian.md,vault/MA/Mathematical-Methods-for-Machine-Learning/MML/9. Multivariable Calculus/9.4. Differentiation/Source/9.4.1. The Jacobian
74,4149,MML.9.4.2,The Inverse Function Theorem,vault/MA/Mathematical-Methods-for-Machine-Learning/MML/9. Multivariable Calculus/9.4. Differentiation/Lessons/9.4.2. The Inverse Function Theorem.md,vault/MA/Mathematical-Methods-for-Machine-Learning/MML/9. Multivariable Calculus/9.4. Differentiation/Source/9.4.2. The Inverse Function Theorem
75,2058,MML.9.4.3,The Jacobian of a Three-Dimensional Transformation,vault/MA/Mathematical-Methods-for-Machine-Learning/MML/9. Multivariable Calculus/9.4. Differentiation/Lessons/9.4.3. The Jacobian of a Three-Dimensional Transformation.md,vault/MA/Mathematical-Methods-for-Machine-Learning/MML/9. Multivariable Calculus/9.4. Differentiation/Source/9.4.3. The Jacobian of a Three-Dimensional Transformation
76,4169,MML.9.4.4,The Derivative of a Multivariable Function,vault/MA/Mathematical-Methods-for-Machine-Learning/MML/9. Multivariable Calculus/9.4. Differentiation/Lessons/9.4.4. The Derivative of a Multivariable Function.md,vault/MA/Mathematical-Methods-for-Machine-Learning/MML/9. Multivariable Calculus/9.4. Differentiation/Source/9.4.4. The Derivative of a Multivariable Function
77,2824,MML.9.4.5,The Second Derivative of a Multivariable Function,vault/MA/Mathematical-Methods-for-Machine-Learning/MML/9. Multivariable Calculus/9.4. Differentiation/Lessons/9.4.5. The Second Derivative of a Multivariable Function.md,vault/MA/Mathematical-Methods-for-Machine-Learning/MML/9. Multivariable Calculus/9.4. Differentiation/Source/9.4.5. The Second Derivative of a Multivariable Function
78,4171,MML.9.4.6,Second-Degree Taylor Polynomials of Multivariable Functions,vault/MA/Mathematical-Methods-for-Machine-Learning/MML/9. Multivariable Calculus/9.4. Differentiation/Lessons/9.4.6. Second-Degree Taylor Polynomials of Multivariable Functions.md,vault/MA/Mathematical-Methods-for-Machine-Learning/MML/9. Multivariable Calculus/9.4. Differentiation/Source/9.4.6. Second-Degree Taylor Polynomials of Multivariable Functions
77,5845,MML.9.5.1,Total and Tensor Derivatives,vault/MA/Mathematical-Methods-for-Machine-Learning/MML/9. Multivariable Calculus/9.5. Matrix Calculus/Lessons/9.5.1. Total and Tensor Derivatives.md,vault/MA/Mathematical-Methods-for-Machine-Learning/MML/9. Multivariable Calculus/9.5. Matrix Calculus/Source/9.5.1. Total and Tensor Derivatives
78,5868,MML.9.5.2,The Chain Rule for Total Derivatives,vault/MA/Mathematical-Methods-for-Machine-Learning/MML/9. Multivariable Calculus/9.5. Matrix Calculus/Lessons/9.5.2. The Chain Rule for Total Derivatives.md,vault/MA/Mathematical-Methods-for-Machine-Learning/MML/9. Multivariable Calculus/9.5. Matrix Calculus/Source/9.5.2. The Chain Rule for Total Derivatives
79,5536,MML.9.5.3,Vector Gradients,vault/MA/Mathematical-Methods-for-Machine-Learning/MML/9. Multivariable Calculus/9.5. Matrix Calculus/Lessons/9.5.3. Vector Gradients.md,vault/MA/Mathematical-Methods-for-Machine-Learning/MML/9. Multivariable Calculus/9.5. Matrix Calculus/Source/9.5.3. Vector Gradients
80,6007,MML.9.5.4,Further Vector Gradients,vault/MA/Mathematical-Methods-for-Machine-Learning/MML/9. Multivariable Calculus/9.5. Matrix Calculus/Lessons/9.5.4. Further Vector Gradients.md,vault/MA/Mathematical-Methods-for-Machine-Learning/MML/9. Multivariable Calculus/9.5. Matrix Calculus/Source/9.5.4. Further Vector Gradients
81,5869,MML.9.5.5,Matrix Gradients,vault/MA/Mathematical-Methods-for-Machine-Learning/MML/9. Multivariable Calculus/9.5. Matrix Calculus/Lessons/9.5.5. Matrix Gradients.md,vault/MA/Mathematical-Methods-for-Machine-Learning/MML/9. Multivariable Calculus/9.5. Matrix Calculus/Source/9.5.5. Matrix Gradients
66,3697,MML.9.6.1,Partitions of Intervals,vault/MA/Mathematical-Methods-for-Machine-Learning/MML/9. Multivariable Calculus/9.6. Approximating Volumes With Riemann Sums/Lessons/9.6.1. Partitions of Intervals.md,vault/MA/Mathematical-Methods-for-Machine-Learning/MML/9. Multivariable Calculus/9.6. Approximating Volumes With Riemann Sums/Source/9.6.1. Partitions of Intervals
71,3698,MML.9.6.2,Calculating Double Summations Over Partitions,vault/MA/Mathematical-Methods-for-Machine-Learning/MML/9. Multivariable Calculus/9.6. Approximating Volumes With Riemann Sums/Lessons/9.6.2. Calculating Double Summations Over Partitions.md,vault/MA/Mathematical-Methods-for-Machine-Learning/MML/9. Multivariable Calculus/9.6. Approximating Volumes With Riemann Sums/Source/9.6.2. Calculating Double Summations Over Partitions
70,2613,MML.9.6.3,Approximating Volumes Using Lower Riemann Sums,vault/MA/Mathematical-Methods-for-Machine-Learning/MML/9. Multivariable Calculus/9.6. Approximating Volumes With Riemann Sums/Lessons/9.6.3. Approximating Volumes Using Lower Riemann Sums.md,vault/MA/Mathematical-Methods-for-Machine-Learning/MML/9. Multivariable Calculus/9.6. Approximating Volumes With Riemann Sums/Source/9.6.3. Approximating Volumes Using Lower Riemann Sums
70,2614,MML.9.6.4,Approximating Volumes Using Upper Riemann Sums,vault/MA/Mathematical-Methods-for-Machine-Learning/MML/9. Multivariable Calculus/9.6. Approximating Volumes With Riemann Sums/Lessons/9.6.4. Approximating Volumes Using Upper Riemann Sums.md,vault/MA/Mathematical-Methods-for-Machine-Learning/MML/9. Multivariable Calculus/9.6. Approximating Volumes With Riemann Sums/Source/9.6.4. Approximating Volumes Using Upper Riemann Sums
71,2615,MML.9.6.5,Lower Riemann Sums Over General Rectangular Partitions,vault/MA/Mathematical-Methods-for-Machine-Learning/MML/9. Multivariable Calculus/9.6. Approximating Volumes With Riemann Sums/Lessons/9.6.5. Lower Riemann Sums Over General Rectangular Partitions.md,vault/MA/Mathematical-Methods-for-Machine-Learning/MML/9. Multivariable Calculus/9.6. Approximating Volumes With Riemann Sums/Source/9.6.5. Lower Riemann Sums Over General Rectangular Partitions
71,3696,MML.9.6.6,Upper Riemann Sums Over General Rectangular Partitions,vault/MA/Mathematical-Methods-for-Machine-Learning/MML/9. Multivariable Calculus/9.6. Approximating Volumes With Riemann Sums/Lessons/9.6.6. Upper Riemann Sums Over General Rectangular Partitions.md,vault/MA/Mathematical-Methods-for-Machine-Learning/MML/9. Multivariable Calculus/9.6. Approximating Volumes With Riemann Sums/Source/9.6.6. Upper Riemann Sums Over General Rectangular Partitions
72,1990,MML.9.6.7,Defining Double Integrals Using Lower and Upper Riemann Sums,vault/MA/Mathematical-Methods-for-Machine-Learning/MML/9. Multivariable Calculus/9.6. Approximating Volumes With Riemann Sums/Lessons/9.6.7. Defining Double Integrals Using Lower and Upper Riemann Sums.md,vault/MA/Mathematical-Methods-for-Machine-Learning/MML/9. Multivariable Calculus/9.6. Approximating Volumes With Riemann Sums/Source/9.6.7. Defining Double Integrals Using Lower and Upper Riemann Sums
71,1992,MML.9.7.1,Double Integrals Over Rectangular Domains,vault/MA/Mathematical-Methods-for-Machine-Learning/MML/9. Multivariable Calculus/9.7. Double Integrals/Lessons/9.7.1. Double Integrals Over Rectangular Domains.md,vault/MA/Mathematical-Methods-for-Machine-Learning/MML/9. Multivariable Calculus/9.7. Double Integrals/Source/9.7.1. Double Integrals Over Rectangular Domains
72,2616,MML.9.7.2,Double Integrals Over Non-Rectangular Domains,vault/MA/Mathematical-Methods-for-Machine-Learning/MML/9. Multivariable Calculus/9.7. Double Integrals/Lessons/9.7.2. Double Integrals Over Non-Rectangular Domains.md,vault/MA/Mathematical-Methods-for-Machine-Learning/MML/9. Multivariable Calculus/9.7. Double Integrals/Source/9.7.2. Double Integrals Over Non-Rectangular Domains
73,2000,MML.9.7.3,Properties of Double Integrals,vault/MA/Mathematical-Methods-for-Machine-Learning/MML/9. Multivariable Calculus/9.7. Double Integrals/Lessons/9.7.3. Properties of Double Integrals.md,vault/MA/Mathematical-Methods-for-Machine-Learning/MML/9. Multivariable Calculus/9.7. Double Integrals/Source/9.7.3. Properties of Double Integrals
68,1979,MML.9.7.4,Type I and II Regions in Two-Dimensional Space,vault/MA/Mathematical-Methods-for-Machine-Learning/MML/9. Multivariable Calculus/9.7. Double Integrals/Lessons/9.7.4. Type I and II Regions in Two-Dimensional Space.md,vault/MA/Mathematical-Methods-for-Machine-Learning/MML/9. Multivariable Calculus/9.7. Double Integrals/Source/9.7.4. Type I and II Regions in Two-Dimensional Space
74,2151,MML.9.7.5,Double Integrals Over Type I Regions,vault/MA/Mathematical-Methods-for-Machine-Learning/MML/9. Multivariable Calculus/9.7. Double Integrals/Lessons/9.7.5. Double Integrals Over Type I Regions.md,vault/MA/Mathematical-Methods-for-Machine-Learning/MML/9. Multivariable Calculus/9.7. Double Integrals/Source/9.7.5. Double Integrals Over Type I Regions
75,2152,MML.9.7.6,Double Integrals Over Type II Regions,vault/MA/Mathematical-Methods-for-Machine-Learning/MML/9. Multivariable Calculus/9.7. Double Integrals/Lessons/9.7.6. Double Integrals Over Type II Regions.md,vault/MA/Mathematical-Methods-for-Machine-Learning/MML/9. Multivariable Calculus/9.7. Double Integrals/Source/9.7.6. Double Integrals Over Type II Regions
79,1945,MML.9.8.1,Global vs. Local Extrema and Critical Points of Multivariable Functions,vault/MA/Mathematical-Methods-for-Machine-Learning/MML/9. Multivariable Calculus/9.8. Optimization/Lessons/9.8.1. Global vs. Local Extrema and Critical Points of Multivariable Functions.md,vault/MA/Mathematical-Methods-for-Machine-Learning/MML/9. Multivariable Calculus/9.8. Optimization/Source/9.8.1. Global vs. Local Extrema and Critical Points of Multivariable Functions
80,1944,MML.9.8.2,The Second Partial Derivatives Test,vault/MA/Mathematical-Methods-for-Machine-Learning/MML/9. Multivariable Calculus/9.8. Optimization/Lessons/9.8.2. The Second Partial Derivatives Test.md,vault/MA/Mathematical-Methods-for-Machine-Learning/MML/9. Multivariable Calculus/9.8. Optimization/Source/9.8.2. The Second Partial Derivatives Test
81,1947,MML.9.8.3,Calculating Global Extrema of Multivariable Functions,vault/MA/Mathematical-Methods-for-Machine-Learning/MML/9. Multivariable Calculus/9.8. Optimization/Lessons/9.8.3. Calculating Global Extrema of Multivariable Functions.md,vault/MA/Mathematical-Methods-for-Machine-Learning/MML/9. Multivariable Calculus/9.8. Optimization/Source/9.8.3. Calculating Global Extrema of Multivariable Functions
80,1948,MML.9.8.4,Lagrange Multipliers With One Constraint,vault/MA/Mathematical-Methods-for-Machine-Learning/MML/9. Multivariable Calculus/9.8. Optimization/Lessons/9.8.4. Lagrange Multipliers With One Constraint.md,vault/MA/Mathematical-Methods-for-Machine-Learning/MML/9. Multivariable Calculus/9.8. Optimization/Source/9.8.4. Lagrange Multipliers With One Constraint
81,3380,MML.9.8.5,Lagrange Multipliers With Multiple Constraints,vault/MA/Mathematical-Methods-for-Machine-Learning/MML/9. Multivariable Calculus/9.8. Optimization/Lessons/9.8.5. Lagrange Multipliers With Multiple Constraints.md,vault/MA/Mathematical-Methods-for-Machine-Learning/MML/9. Multivariable Calculus/9.8. Optimization/Source/9.8.5. Lagrange Multipliers With Multiple Constraints
81,4164,MML.9.8.6,Optimizing Multivariable Functions Using Lagrange Multipliers,vault/MA/Mathematical-Methods-for-Machine-Learning/MML/9. Multivariable Calculus/9.8. Optimization/Lessons/9.8.6. Optimizing Multivariable Functions Using Lagrange Multipliers.md,vault/MA/Mathematical-Methods-for-Machine-Learning/MML/9. Multivariable Calculus/9.8. Optimization/Source/9.8.6. Optimizing Multivariable Functions Using Lagrange Multipliers
69,971,MML.10.1.1,Extending the Law of Total Probability,vault/MA/Mathematical-Methods-for-Machine-Learning/MML/10. Probability & Random Variables/10.1. Probability/Lessons/10.1.1. Extending the Law of Total Probability.md,vault/MA/Mathematical-Methods-for-Machine-Learning/MML/10. Probability & Random Variables/10.1. Probability/Source/10.1.1. Extending the Law of Total Probability
69,3272,MML.10.1.2,Bayes' Theorem,vault/MA/Mathematical-Methods-for-Machine-Learning/MML/10. Probability & Random Variables/10.1. Probability/Lessons/10.1.2. Bayes' Theorem.md,vault/MA/Mathematical-Methods-for-Machine-Learning/MML/10. Probability & Random Variables/10.1. Probability/Source/10.1.2. Bayes' Theorem
70,3286,MML.10.1.3,Extending Bayes' Theorem,vault/MA/Mathematical-Methods-for-Machine-Learning/MML/10. Probability & Random Variables/10.1. Probability/Lessons/10.1.3. Extending Bayes' Theorem.md,vault/MA/Mathematical-Methods-for-Machine-Learning/MML/10. Probability & Random Variables/10.1. Probability/Source/10.1.3. Extending Bayes' Theorem
70,1347,MML.10.2.1,Probability Density Functions of Continuous Random Variables,vault/MA/Mathematical-Methods-for-Machine-Learning/MML/10. Probability & Random Variables/10.2. Random Variables/Lessons/10.2.1. Probability Density Functions of Continuous Random Variables.md,vault/MA/Mathematical-Methods-for-Machine-Learning/MML/10. Probability & Random Variables/10.2. Random Variables/Source/10.2.1. Probability Density Functions of Continuous Random Variables
71,4043,MML.10.2.2,Calculating Probabilities With Continuous Random Variables,vault/MA/Mathematical-Methods-for-Machine-Learning/MML/10. Probability & Random Variables/10.2. Random Variables/Lessons/10.2.2. Calculating Probabilities With Continuous Random Variables.md,vault/MA/Mathematical-Methods-for-Machine-Learning/MML/10. Probability & Random Variables/10.2. Random Variables/Source/10.2.2. Calculating Probabilities With Continuous Random Variables
72,4100,MML.10.2.3,Continuous Random Variables Over Infinite Domains,vault/MA/Mathematical-Methods-for-Machine-Learning/MML/10. Probability & Random Variables/10.2. Random Variables/Lessons/10.2.3. Continuous Random Variables Over Infinite Domains.md,vault/MA/Mathematical-Methods-for-Machine-Learning/MML/10. Probability & Random Variables/10.2. Random Variables/Source/10.2.3. Continuous Random Variables Over Infinite Domains
73,2163,MML.10.2.4,Cumulative Distribution Functions for Continuous Random Variables,vault/MA/Mathematical-Methods-for-Machine-Learning/MML/10. Probability & Random Variables/10.2. Random Variables/Lessons/10.2.4. Cumulative Distribution Functions for Continuous Random Variables.md,vault/MA/Mathematical-Methods-for-Machine-Learning/MML/10. Probability & Random Variables/10.2. Random Variables/Source/10.2.4. Cumulative Distribution Functions for Continuous Random Variables
77,2994,MML.10.2.5,Approximating Discrete Random Variables as Continuous,vault/MA/Mathematical-Methods-for-Machine-Learning/MML/10. Probability & Random Variables/10.2. Random Variables/Lessons/10.2.5. Approximating Discrete Random Variables as Continuous.md,vault/MA/Mathematical-Methods-for-Machine-Learning/MML/10. Probability & Random Variables/10.2. Random Variables/Source/10.2.5. Approximating Discrete Random Variables as Continuous
74,3867,MML.10.2.6,Simulating Random Observations,vault/MA/Mathematical-Methods-for-Machine-Learning/MML/10. Probability & Random Variables/10.2. Random Variables/Lessons/10.2.6. Simulating Random Observations.md,vault/MA/Mathematical-Methods-for-Machine-Learning/MML/10. Probability & Random Variables/10.2. Random Variables/Source/10.2.6. Simulating Random Observations
71,3631,MML.10.3.1,One-to-One Transformations of Discrete Random Variables,vault/MA/Mathematical-Methods-for-Machine-Learning/MML/10. Probability & Random Variables/10.3. Transformations of Random Variables/Lessons/10.3.1. One-to-One Transformations of Discrete Random Variables.md,vault/MA/Mathematical-Methods-for-Machine-Learning/MML/10. Probability & Random Variables/10.3. Transformations of Random Variables/Source/10.3.1. One-to-One Transformations of Discrete Random Variables
72,3647,MML.10.3.2,Many-to-One Transformations of Discrete Random Variables,vault/MA/Mathematical-Methods-for-Machine-Learning/MML/10. Probability & Random Variables/10.3. Transformations of Random Variables/Lessons/10.3.2. Many-to-One Transformations of Discrete Random Variables.md,vault/MA/Mathematical-Methods-for-Machine-Learning/MML/10. Probability & Random Variables/10.3. Transformations of Random Variables/Source/10.3.2. Many-to-One Transformations of Discrete Random Variables
74,3055,MML.10.3.3,The Distribution Function Method,vault/MA/Mathematical-Methods-for-Machine-Learning/MML/10. Probability & Random Variables/10.3. Transformations of Random Variables/Lessons/10.3.3. The Distribution Function Method.md,vault/MA/Mathematical-Methods-for-Machine-Learning/MML/10. Probability & Random Variables/10.3. Transformations of Random Variables/Source/10.3.3. The Distribution Function Method
75,3056,MML.10.3.4,The Change-of-Variables Method for Continuous Random Variables,vault/MA/Mathematical-Methods-for-Machine-Learning/MML/10. Probability & Random Variables/10.3. Transformations of Random Variables/Lessons/10.3.4. The Change-of-Variables Method for Continuous Random Variables.md,vault/MA/Mathematical-Methods-for-Machine-Learning/MML/10. Probability & Random Variables/10.3. Transformations of Random Variables/Source/10.3.4. The Change-of-Variables Method for Continuous Random Variables
75,3637,MML.10.3.5,The Distribution Function Method With Many-to-One Transformations,vault/MA/Mathematical-Methods-for-Machine-Learning/MML/10. Probability & Random Variables/10.3. Transformations of Random Variables/Lessons/10.3.5. The Distribution Function Method With Many-to-One Transformations.md,vault/MA/Mathematical-Methods-for-Machine-Learning/MML/10. Probability & Random Variables/10.3. Transformations of Random Variables/Source/10.3.5. The Distribution Function Method With Many-to-One Transformations
70,730,MML.10.4.1,Expected Values of Discrete Random Variables,vault/MA/Mathematical-Methods-for-Machine-Learning/MML/10. Probability & Random Variables/10.4. Expectation/Lessons/10.4.1. Expected Values of Discrete Random Variables.md,vault/MA/Mathematical-Methods-for-Machine-Learning/MML/10. Probability & Random Variables/10.4. Expectation/Source/10.4.1. Expected Values of Discrete Random Variables
72,2836,MML.10.4.2,Properties of Expectation for Discrete Random Variables,vault/MA/Mathematical-Methods-for-Machine-Learning/MML/10. Probability & Random Variables/10.4. Expectation/Lessons/10.4.2. Properties of Expectation for Discrete Random Variables.md,vault/MA/Mathematical-Methods-for-Machine-Learning/MML/10. Probability & Random Variables/10.4. Expectation/Source/10.4.2. Properties of Expectation for Discrete Random Variables
73,3642,MML.10.4.3,Moments of Discrete Random Variables,vault/MA/Mathematical-Methods-for-Machine-Learning/MML/10. Probability & Random Variables/10.4. Expectation/Lessons/10.4.3. Moments of Discrete Random Variables.md,vault/MA/Mathematical-Methods-for-Machine-Learning/MML/10. Probability & Random Variables/10.4. Expectation/Source/10.4.3. Moments of Discrete Random Variables
74,1388,MML.10.4.4,Variance of Discrete Random Variables,vault/MA/Mathematical-Methods-for-Machine-Learning/MML/10. Probability & Random Variables/10.4. Expectation/Lessons/10.4.4. Variance of Discrete Random Variables.md,vault/MA/Mathematical-Methods-for-Machine-Learning/MML/10. Probability & Random Variables/10.4. Expectation/Source/10.4.4. Variance of Discrete Random Variables
75,3028,MML.10.4.5,Properties of Variance for Discrete Random Variables,vault/MA/Mathematical-Methods-for-Machine-Learning/MML/10. Probability & Random Variables/10.4. Expectation/Lessons/10.4.5. Properties of Variance for Discrete Random Variables.md,vault/MA/Mathematical-Methods-for-Machine-Learning/MML/10. Probability & Random Variables/10.4. Expectation/Source/10.4.5. Properties of Variance for Discrete Random Variables
73,4012,MML.10.4.6,Expected Values of Continuous Random Variables,vault/MA/Mathematical-Methods-for-Machine-Learning/MML/10. Probability & Random Variables/10.4. Expectation/Lessons/10.4.6. Expected Values of Continuous Random Variables.md,vault/MA/Mathematical-Methods-for-Machine-Learning/MML/10. Probability & Random Variables/10.4. Expectation/Source/10.4.6. Expected Values of Continuous Random Variables
74,2987,MML.10.4.7,Moments of Continuous Random Variables,vault/MA/Mathematical-Methods-for-Machine-Learning/MML/10. Probability & Random Variables/10.4. Expectation/Lessons/10.4.7. Moments of Continuous Random Variables.md,vault/MA/Mathematical-Methods-for-Machine-Learning/MML/10. Probability & Random Variables/10.4. Expectation/Source/10.4.7. Moments of Continuous Random Variables
76,2988,MML.10.4.8,Variance of Continuous Random Variables,vault/MA/Mathematical-Methods-for-Machine-Learning/MML/10. Probability & Random Variables/10.4. Expectation/Lessons/10.4.8. Variance of Continuous Random Variables.md,vault/MA/Mathematical-Methods-for-Machine-Learning/MML/10. Probability & Random Variables/10.4. Expectation/Source/10.4.8. Variance of Continuous Random Variables
74,1335,MML.10.4.9,The Rule of the Lazy Statistician,vault/MA/Mathematical-Methods-for-Machine-Learning/MML/10. Probability & Random Variables/10.4. Expectation/Lessons/10.4.9. The Rule of the Lazy Statistician.md,vault/MA/Mathematical-Methods-for-Machine-Learning/MML/10. Probability & Random Variables/10.4. Expectation/Source/10.4.9. The Rule of the Lazy Statistician
76,5997,MML.10.4.10,The Law of Total Expectation for Discrete Random Variables,vault/MA/Mathematical-Methods-for-Machine-Learning/MML/10. Probability & Random Variables/10.4. Expectation/Lessons/10.4.10. The Law of Total Expectation for Discrete Random Variables.md,vault/MA/Mathematical-Methods-for-Machine-Learning/MML/10. Probability & Random Variables/10.4. Expectation/Source/10.4.10. The Law of Total Expectation for Discrete Random Variables
75,3071,MML.10.5.1,The Bernoulli Distribution,vault/MA/Mathematical-Methods-for-Machine-Learning/MML/10. Probability & Random Variables/10.5. Discrete Probability Distributions/Lessons/10.5.1. The Bernoulli Distribution.md,vault/MA/Mathematical-Methods-for-Machine-Learning/MML/10. Probability & Random Variables/10.5. Discrete Probability Distributions/Source/10.5.1. The Bernoulli Distribution
72,1395,MML.10.5.2,Modeling With the Binomial Distribution,vault/MA/Mathematical-Methods-for-Machine-Learning/MML/10. Probability & Random Variables/10.5. Discrete Probability Distributions/Lessons/10.5.2. Modeling With the Binomial Distribution.md,vault/MA/Mathematical-Methods-for-Machine-Learning/MML/10. Probability & Random Variables/10.5. Discrete Probability Distributions/Source/10.5.2. Modeling With the Binomial Distribution
71,3270,MML.10.5.3,The CDF of the Binomial Distribution,vault/MA/Mathematical-Methods-for-Machine-Learning/MML/10. Probability & Random Variables/10.5. Discrete Probability Distributions/Lessons/10.5.3. The CDF of the Binomial Distribution.md,vault/MA/Mathematical-Methods-for-Machine-Learning/MML/10. Probability & Random Variables/10.5. Discrete Probability Distributions/Source/10.5.3. The CDF of the Binomial Distribution
77,2149,MML.10.5.4,Mean and Variance of the Binomial Distribution,vault/MA/Mathematical-Methods-for-Machine-Learning/MML/10. Probability & Random Variables/10.5. Discrete Probability Distributions/Lessons/10.5.4. Mean and Variance of the Binomial Distribution.md,vault/MA/Mathematical-Methods-for-Machine-Learning/MML/10. Probability & Random Variables/10.5. Discrete Probability Distributions/Source/10.5.4. Mean and Variance of the Binomial Distribution
72,3010,MML.10.5.5,The Discrete Uniform Distribution,vault/MA/Mathematical-Methods-for-Machine-Learning/MML/10. Probability & Random Variables/10.5. Discrete Probability Distributions/Lessons/10.5.5. The Discrete Uniform Distribution.md,vault/MA/Mathematical-Methods-for-Machine-Learning/MML/10. Probability & Random Variables/10.5. Discrete Probability Distributions/Source/10.5.5. The Discrete Uniform Distribution
74,3269,MML.10.5.6,Modeling With Discrete Uniform Distributions,vault/MA/Mathematical-Methods-for-Machine-Learning/MML/10. Probability & Random Variables/10.5. Discrete Probability Distributions/Lessons/10.5.6. Modeling With Discrete Uniform Distributions.md,vault/MA/Mathematical-Methods-for-Machine-Learning/MML/10. Probability & Random Variables/10.5. Discrete Probability Distributions/Source/10.5.6. Modeling With Discrete Uniform Distributions
75,3402,MML.10.5.7,Mean and Variance of the Discrete Uniform Distribution,vault/MA/Mathematical-Methods-for-Machine-Learning/MML/10. Probability & Random Variables/10.5. Discrete Probability Distributions/Lessons/10.5.7. Mean and Variance of the Discrete Uniform Distribution.md,vault/MA/Mathematical-Methods-for-Machine-Learning/MML/10. Probability & Random Variables/10.5. Discrete Probability Distributions/Source/10.5.7. Mean and Variance of the Discrete Uniform Distribution
70,3282,MML.10.5.8,The Poisson Distribution,vault/MA/Mathematical-Methods-for-Machine-Learning/MML/10. Probability & Random Variables/10.5. Discrete Probability Distributions/Lessons/10.5.8. The Poisson Distribution.md,vault/MA/Mathematical-Methods-for-Machine-Learning/MML/10. Probability & Random Variables/10.5. Discrete Probability Distributions/Source/10.5.8. The Poisson Distribution
76,2838,MML.10.5.9,Modeling With the Poisson Distribution,vault/MA/Mathematical-Methods-for-Machine-Learning/MML/10. Probability & Random Variables/10.5. Discrete Probability Distributions/Lessons/10.5.9. Modeling With the Poisson Distribution.md,vault/MA/Mathematical-Methods-for-Machine-Learning/MML/10. Probability & Random Variables/10.5. Discrete Probability Distributions/Source/10.5.9. Modeling With the Poisson Distribution
71,3274,MML.10.5.10,The CDF of the Poisson Distribution,vault/MA/Mathematical-Methods-for-Machine-Learning/MML/10. Probability & Random Variables/10.5. Discrete Probability Distributions/Lessons/10.5.10. The CDF of the Poisson Distribution.md,vault/MA/Mathematical-Methods-for-Machine-Learning/MML/10. Probability & Random Variables/10.5. Discrete Probability Distributions/Source/10.5.10. The CDF of the Poisson Distribution
77,791,MML.10.6.1,The Continuous Uniform Distribution,vault/MA/Mathematical-Methods-for-Machine-Learning/MML/10. Probability & Random Variables/10.6. Continuous Probability Distributions/Lessons/10.6.1. The Continuous Uniform Distribution.md,vault/MA/Mathematical-Methods-for-Machine-Learning/MML/10. Probability & Random Variables/10.6. Continuous Probability Distributions/Source/10.6.1. The Continuous Uniform Distribution
78,3277,MML.10.6.2,Mean and Variance of the Continuous Uniform Distribution,vault/MA/Mathematical-Methods-for-Machine-Learning/MML/10. Probability & Random Variables/10.6. Continuous Probability Distributions/Lessons/10.6.2. Mean and Variance of the Continuous Uniform Distribution.md,vault/MA/Mathematical-Methods-for-Machine-Learning/MML/10. Probability & Random Variables/10.6. Continuous Probability Distributions/Source/10.6.2. Mean and Variance of the Continuous Uniform Distribution
82,2990,MML.10.6.3,Modeling With Continuous Uniform Distributions,vault/MA/Mathematical-Methods-for-Machine-Learning/MML/10. Probability & Random Variables/10.6. Continuous Probability Distributions/Lessons/10.6.3. Modeling With Continuous Uniform Distributions.md,vault/MA/Mathematical-Methods-for-Machine-Learning/MML/10. Probability & Random Variables/10.6. Continuous Probability Distributions/Source/10.6.3. Modeling With Continuous Uniform Distributions
72,3289,MML.10.6.4,The Gamma Function,vault/MA/Mathematical-Methods-for-Machine-Learning/MML/10. Probability & Random Variables/10.6. Continuous Probability Distributions/Lessons/10.6.4. The Gamma Function.md,vault/MA/Mathematical-Methods-for-Machine-Learning/MML/10. Probability & Random Variables/10.6. Continuous Probability Distributions/Source/10.6.4. The Gamma Function
78,3023,MML.10.6.5,The Chi-Square Distribution,vault/MA/Mathematical-Methods-for-Machine-Learning/MML/10. Probability & Random Variables/10.6. Continuous Probability Distributions/Lessons/10.6.5. The Chi-Square Distribution.md,vault/MA/Mathematical-Methods-for-Machine-Learning/MML/10. Probability & Random Variables/10.6. Continuous Probability Distributions/Source/10.6.5. The Chi-Square Distribution
84,3069,MML.10.6.6,The Student's T-Distribution,vault/MA/Mathematical-Methods-for-Machine-Learning/MML/10. Probability & Random Variables/10.6. Continuous Probability Distributions/Lessons/10.6.6. The Student's T-Distribution.md,vault/MA/Mathematical-Methods-for-Machine-Learning/MML/10. Probability & Random Variables/10.6. Continuous Probability Distributions/Source/10.6.6. The Student's T-Distribution
75,3074,MML.10.6.7,The Exponential Distribution,vault/MA/Mathematical-Methods-for-Machine-Learning/MML/10. Probability & Random Variables/10.6. Continuous Probability Distributions/Lessons/10.6.7. The Exponential Distribution.md,vault/MA/Mathematical-Methods-for-Machine-Learning/MML/10. Probability & Random Variables/10.6. Continuous Probability Distributions/Source/10.6.7. The Exponential Distribution
70,1983,MML.11.1.1,Double Summations,vault/MA/Mathematical-Methods-for-Machine-Learning/MML/11. Combining Random Variables/11.1. Distributions of Two Discrete Random Variables/Lessons/11.1.1. Double Summations.md,vault/MA/Mathematical-Methods-for-Machine-Learning/MML/11. Combining Random Variables/11.1. Distributions of Two Discrete Random Variables/Source/11.1.1. Double Summations
70,3001,MML.11.1.2,Joint Distributions for Discrete Random Variables,vault/MA/Mathematical-Methods-for-Machine-Learning/MML/11. Combining Random Variables/11.1. Distributions of Two Discrete Random Variables/Lessons/11.1.2. Joint Distributions for Discrete Random Variables.md,vault/MA/Mathematical-Methods-for-Machine-Learning/MML/11. Combining Random Variables/11.1. Distributions of Two Discrete Random Variables/Source/11.1.2. Joint Distributions for Discrete Random Variables
71,3002,MML.11.1.3,Marginal Distributions for Discrete Random Variables,vault/MA/Mathematical-Methods-for-Machine-Learning/MML/11. Combining Random Variables/11.1. Distributions of Two Discrete Random Variables/Lessons/11.1.3. Marginal Distributions for Discrete Random Variables.md,vault/MA/Mathematical-Methods-for-Machine-Learning/MML/11. Combining Random Variables/11.1. Distributions of Two Discrete Random Variables/Source/11.1.3. Marginal Distributions for Discrete Random Variables
72,3048,MML.11.1.4,Independence of Discrete Random Variables,vault/MA/Mathematical-Methods-for-Machine-Learning/MML/11. Combining Random Variables/11.1. Distributions of Two Discrete Random Variables/Lessons/11.1.4. Independence of Discrete Random Variables.md,vault/MA/Mathematical-Methods-for-Machine-Learning/MML/11. Combining Random Variables/11.1. Distributions of Two Discrete Random Variables/Source/11.1.4. Independence of Discrete Random Variables
74,3003,MML.11.1.5,Conditional Distributions for Discrete Random Variables,vault/MA/Mathematical-Methods-for-Machine-Learning/MML/11. Combining Random Variables/11.1. Distributions of Two Discrete Random Variables/Lessons/11.1.5. Conditional Distributions for Discrete Random Variables.md,vault/MA/Mathematical-Methods-for-Machine-Learning/MML/11. Combining Random Variables/11.1. Distributions of Two Discrete Random Variables/Source/11.1.5. Conditional Distributions for Discrete Random Variables
71,3004,MML.11.1.6,The Joint CDF of Two Discrete Random Variables,vault/MA/Mathematical-Methods-for-Machine-Learning/MML/11. Combining Random Variables/11.1. Distributions of Two Discrete Random Variables/Lessons/11.1.6. The Joint CDF of Two Discrete Random Variables.md,vault/MA/Mathematical-Methods-for-Machine-Learning/MML/11. Combining Random Variables/11.1. Distributions of Two Discrete Random Variables/Source/11.1.6. The Joint CDF of Two Discrete Random Variables
76,3052,MML.11.2.1,Joint Distributions for Continuous Random Variables,vault/MA/Mathematical-Methods-for-Machine-Learning/MML/11. Combining Random Variables/11.2. Distributions of Two Continuous Random Variables/Lessons/11.2.1. Joint Distributions for Continuous Random Variables.md,vault/MA/Mathematical-Methods-for-Machine-Learning/MML/11. Combining Random Variables/11.2. Distributions of Two Continuous Random Variables/Source/11.2.1. Joint Distributions for Continuous Random Variables
77,3636,MML.11.2.2,Marginal Distributions for Continuous Random Variables,vault/MA/Mathematical-Methods-for-Machine-Learning/MML/11. Combining Random Variables/11.2. Distributions of Two Continuous Random Variables/Lessons/11.2.2. Marginal Distributions for Continuous Random Variables.md,vault/MA/Mathematical-Methods-for-Machine-Learning/MML/11. Combining Random Variables/11.2. Distributions of Two Continuous Random Variables/Source/11.2.2. Marginal Distributions for Continuous Random Variables
78,3863,MML.11.2.3,Independence of Continuous Random Variables,vault/MA/Mathematical-Methods-for-Machine-Learning/MML/11. Combining Random Variables/11.2. Distributions of Two Continuous Random Variables/Lessons/11.2.3. Independence of Continuous Random Variables.md,vault/MA/Mathematical-Methods-for-Machine-Learning/MML/11. Combining Random Variables/11.2. Distributions of Two Continuous Random Variables/Source/11.2.3. Independence of Continuous Random Variables
79,3022,MML.11.2.4,Conditional Distributions for Continuous Random Variables,vault/MA/Mathematical-Methods-for-Machine-Learning/MML/11. Combining Random Variables/11.2. Distributions of Two Continuous Random Variables/Lessons/11.2.4. Conditional Distributions for Continuous Random Variables.md,vault/MA/Mathematical-Methods-for-Machine-Learning/MML/11. Combining Random Variables/11.2. Distributions of Two Continuous Random Variables/Source/11.2.4. Conditional Distributions for Continuous Random Variables
79,3640,MML.11.2.5,The Joint CDF of Two Continuous Random Variables,vault/MA/Mathematical-Methods-for-Machine-Learning/MML/11. Combining Random Variables/11.2. Distributions of Two Continuous Random Variables/Lessons/11.2.5. The Joint CDF of Two Continuous Random Variables.md,vault/MA/Mathematical-Methods-for-Machine-Learning/MML/11. Combining Random Variables/11.2. Distributions of Two Continuous Random Variables/Source/11.2.5. The Joint CDF of Two Continuous Random Variables
80,3866,MML.11.2.6,Properties of the Joint CDF of Two Continuous Random Variables,vault/MA/Mathematical-Methods-for-Machine-Learning/MML/11. Combining Random Variables/11.2. Distributions of Two Continuous Random Variables/Lessons/11.2.6. Properties of the Joint CDF of Two Continuous Random Variables.md,vault/MA/Mathematical-Methods-for-Machine-Learning/MML/11. Combining Random Variables/11.2. Distributions of Two Continuous Random Variables/Source/11.2.6. Properties of the Joint CDF of Two Continuous Random Variables
73,3292,MML.11.3.1,Expected Values of Sums and Products of Random Variables,vault/MA/Mathematical-Methods-for-Machine-Learning/MML/11. Combining Random Variables/11.3. Expectation for Joint Distributions/Lessons/11.3.1. Expected Values of Sums and Products of Random Variables.md,vault/MA/Mathematical-Methods-for-Machine-Learning/MML/11. Combining Random Variables/11.3. Expectation for Joint Distributions/Source/11.3.1. Expected Values of Sums and Products of Random Variables
76,3062,MML.11.3.2,Variance of Sums of Independent Random Variables,vault/MA/Mathematical-Methods-for-Machine-Learning/MML/11. Combining Random Variables/11.3. Expectation for Joint Distributions/Lessons/11.3.2. Variance of Sums of Independent Random Variables.md,vault/MA/Mathematical-Methods-for-Machine-Learning/MML/11. Combining Random Variables/11.3. Expectation for Joint Distributions/Source/11.3.2. Variance of Sums of Independent Random Variables
78,3856,MML.11.3.3,Computing Expected Values From Joint Distributions,vault/MA/Mathematical-Methods-for-Machine-Learning/MML/11. Combining Random Variables/11.3. Expectation for Joint Distributions/Lessons/11.3.3. Computing Expected Values From Joint Distributions.md,vault/MA/Mathematical-Methods-for-Machine-Learning/MML/11. Combining Random Variables/11.3. Expectation for Joint Distributions/Source/11.3.3. Computing Expected Values From Joint Distributions
75,3053,MML.11.3.4,Conditional Expectation for Discrete Random Variables,vault/MA/Mathematical-Methods-for-Machine-Learning/MML/11. Combining Random Variables/11.3. Expectation for Joint Distributions/Lessons/11.3.4. Conditional Expectation for Discrete Random Variables.md,vault/MA/Mathematical-Methods-for-Machine-Learning/MML/11. Combining Random Variables/11.3. Expectation for Joint Distributions/Source/11.3.4. Conditional Expectation for Discrete Random Variables
76,3926,MML.11.3.5,Conditional Variance for Discrete Random Variables,vault/MA/Mathematical-Methods-for-Machine-Learning/MML/11. Combining Random Variables/11.3. Expectation for Joint Distributions/Lessons/11.3.5. Conditional Variance for Discrete Random Variables.md,vault/MA/Mathematical-Methods-for-Machine-Learning/MML/11. Combining Random Variables/11.3. Expectation for Joint Distributions/Source/11.3.5. Conditional Variance for Discrete Random Variables
80,3057,MML.11.3.6,Conditional Expectation for Continuous Random Variables,vault/MA/Mathematical-Methods-for-Machine-Learning/MML/11. Combining Random Variables/11.3. Expectation for Joint Distributions/Lessons/11.3.6. Conditional Expectation for Continuous Random Variables.md,vault/MA/Mathematical-Methods-for-Machine-Learning/MML/11. Combining Random Variables/11.3. Expectation for Joint Distributions/Source/11.3.6. Conditional Expectation for Continuous Random Variables
81,3929,MML.11.3.7,Conditional Variance for Continuous Random Variables,vault/MA/Mathematical-Methods-for-Machine-Learning/MML/11. Combining Random Variables/11.3. Expectation for Joint Distributions/Lessons/11.3.7. Conditional Variance for Continuous Random Variables.md,vault/MA/Mathematical-Methods-for-Machine-Learning/MML/11. Combining Random Variables/11.3. Expectation for Joint Distributions/Source/11.3.7. Conditional Variance for Continuous Random Variables
77,3061,MML.11.3.8,The Rule of the Lazy Statistician for Two Random Variables,vault/MA/Mathematical-Methods-for-Machine-Learning/MML/11. Combining Random Variables/11.3. Expectation for Joint Distributions/Lessons/11.3.8. The Rule of the Lazy Statistician for Two Random Variables.md,vault/MA/Mathematical-Methods-for-Machine-Learning/MML/11. Combining Random Variables/11.3. Expectation for Joint Distributions/Source/11.3.8. The Rule of the Lazy Statistician for Two Random Variables
79,3049,MML.11.4.1,The Covariance of Two Random Variables,vault/MA/Mathematical-Methods-for-Machine-Learning/MML/11. Combining Random Variables/11.4. Covariance of Random Variables/Lessons/11.4.1. The Covariance of Two Random Variables.md,vault/MA/Mathematical-Methods-for-Machine-Learning/MML/11. Combining Random Variables/11.4. Covariance of Random Variables/Source/11.4.1. The Covariance of Two Random Variables
80,3940,MML.11.4.2,Variance of Sums of Random Variables,vault/MA/Mathematical-Methods-for-Machine-Learning/MML/11. Combining Random Variables/11.4. Covariance of Random Variables/Lessons/11.4.2. Variance of Sums of Random Variables.md,vault/MA/Mathematical-Methods-for-Machine-Learning/MML/11. Combining Random Variables/11.4. Covariance of Random Variables/Source/11.4.2. Variance of Sums of Random Variables
80,3050,MML.11.4.3,The Correlation Coefficient for Two Random Variables,vault/MA/Mathematical-Methods-for-Machine-Learning/MML/11. Combining Random Variables/11.4. Covariance of Random Variables/Lessons/11.4.3. The Correlation Coefficient for Two Random Variables.md,vault/MA/Mathematical-Methods-for-Machine-Learning/MML/11. Combining Random Variables/11.4. Covariance of Random Variables/Source/11.4.3. The Correlation Coefficient for Two Random Variables
81,3939,MML.11.4.4,The Covariance Matrix,vault/MA/Mathematical-Methods-for-Machine-Learning/MML/11. Combining Random Variables/11.4. Covariance of Random Variables/Lessons/11.4.4. The Covariance Matrix.md,vault/MA/Mathematical-Methods-for-Machine-Learning/MML/11. Combining Random Variables/11.4. Covariance of Random Variables/Source/11.4.4. The Covariance Matrix
79,1633,MML.11.5.1,Normal Approximations of Binomial Distributions,vault/MA/Mathematical-Methods-for-Machine-Learning/MML/11. Combining Random Variables/11.5. Normally Distributed Random Variables/Lessons/11.5.1. Normal Approximations of Binomial Distributions.md,vault/MA/Mathematical-Methods-for-Machine-Learning/MML/11. Combining Random Variables/11.5. Normally Distributed Random Variables/Source/11.5.1. Normal Approximations of Binomial Distributions
79,3009,MML.11.5.2,Combining Two Normally Distributed Random Variables,vault/MA/Mathematical-Methods-for-Machine-Learning/MML/11. Combining Random Variables/11.5. Normally Distributed Random Variables/Lessons/11.5.2. Combining Two Normally Distributed Random Variables.md,vault/MA/Mathematical-Methods-for-Machine-Learning/MML/11. Combining Random Variables/11.5. Normally Distributed Random Variables/Source/11.5.2. Combining Two Normally Distributed Random Variables
80,3638,MML.11.5.3,Combining Multiple Normally Distributed Random Variables,vault/MA/Mathematical-Methods-for-Machine-Learning/MML/11. Combining Random Variables/11.5. Normally Distributed Random Variables/Lessons/11.5.3. Combining Multiple Normally Distributed Random Variables.md,vault/MA/Mathematical-Methods-for-Machine-Learning/MML/11. Combining Random Variables/11.5. Normally Distributed Random Variables/Source/11.5.3. Combining Multiple Normally Distributed Random Variables
81,3859,MML.11.5.4,I.I.D Normal Random Variables,vault/MA/Mathematical-Methods-for-Machine-Learning/MML/11. Combining Random Variables/11.5. Normally Distributed Random Variables/Lessons/11.5.4. I.I.D Normal Random Variables.md,vault/MA/Mathematical-Methods-for-Machine-Learning/MML/11. Combining Random Variables/11.5. Normally Distributed Random Variables/Source/11.5.4. I.I.D Normal Random Variables
82,918,MML.11.5.5,The Bivariate Normal Distribution,vault/MA/Mathematical-Methods-for-Machine-Learning/MML/11. Combining Random Variables/11.5. Normally Distributed Random Variables/Lessons/11.5.5. The Bivariate Normal Distribution.md,vault/MA/Mathematical-Methods-for-Machine-Learning/MML/11. Combining Random Variables/11.5. Normally Distributed Random Variables/Source/11.5.5. The Bivariate Normal Distribution
74,2980,MML.12.1.1,The Sample Mean,vault/MA/Mathematical-Methods-for-Machine-Learning/MML/12. Parametric Inference/12.1. Point Estimation/Lessons/12.1.1. The Sample Mean.md,vault/MA/Mathematical-Methods-for-Machine-Learning/MML/12. Parametric Inference/12.1. Point Estimation/Source/12.1.1. The Sample Mean
75,3864,MML.12.1.2,Sampling Distributions,vault/MA/Mathematical-Methods-for-Machine-Learning/MML/12. Parametric Inference/12.1. Point Estimation/Lessons/12.1.2. Sampling Distributions.md,vault/MA/Mathematical-Methods-for-Machine-Learning/MML/12. Parametric Inference/12.1. Point Estimation/Source/12.1.2. Sampling Distributions
77,3013,MML.12.1.3,Variance of Sample Means,vault/MA/Mathematical-Methods-for-Machine-Learning/MML/12. Parametric Inference/12.1. Point Estimation/Lessons/12.1.3. Variance of Sample Means.md,vault/MA/Mathematical-Methods-for-Machine-Learning/MML/12. Parametric Inference/12.1. Point Estimation/Source/12.1.3. Variance of Sample Means
78,3820,MML.12.1.4,The Sample Variance,vault/MA/Mathematical-Methods-for-Machine-Learning/MML/12. Parametric Inference/12.1. Point Estimation/Lessons/12.1.4. The Sample Variance.md,vault/MA/Mathematical-Methods-for-Machine-Learning/MML/12. Parametric Inference/12.1. Point Estimation/Source/12.1.4. The Sample Variance
82,3067,MML.12.1.5,Sample Means From Normal Populations,vault/MA/Mathematical-Methods-for-Machine-Learning/MML/12. Parametric Inference/12.1. Point Estimation/Lessons/12.1.5. Sample Means From Normal Populations.md,vault/MA/Mathematical-Methods-for-Machine-Learning/MML/12. Parametric Inference/12.1. Point Estimation/Source/12.1.5. Sample Means From Normal Populations
83,359,MML.12.1.6,The Central Limit Theorem,vault/MA/Mathematical-Methods-for-Machine-Learning/MML/12. Parametric Inference/12.1. Point Estimation/Lessons/12.1.6. The Central Limit Theorem.md,vault/MA/Mathematical-Methods-for-Machine-Learning/MML/12. Parametric Inference/12.1. Point Estimation/Source/12.1.6. The Central Limit Theorem
78,3137,MML.12.1.7,Sampling Proportions From Finite Populations,vault/MA/Mathematical-Methods-for-Machine-Learning/MML/12. Parametric Inference/12.1. Point Estimation/Lessons/12.1.7. Sampling Proportions From Finite Populations.md,vault/MA/Mathematical-Methods-for-Machine-Learning/MML/12. Parametric Inference/12.1. Point Estimation/Source/12.1.7. Sampling Proportions From Finite Populations
84,3932,MML.12.1.8,Point Estimates of Population Proportions,vault/MA/Mathematical-Methods-for-Machine-Learning/MML/12. Parametric Inference/12.1. Point Estimation/Lessons/12.1.8. Point Estimates of Population Proportions.md,vault/MA/Mathematical-Methods-for-Machine-Learning/MML/12. Parametric Inference/12.1. Point Estimation/Source/12.1.8. Point Estimates of Population Proportions
79,3138,MML.12.1.9,The Sample Covariance Matrix,vault/MA/Mathematical-Methods-for-Machine-Learning/MML/12. Parametric Inference/12.1. Point Estimation/Lessons/12.1.9. The Sample Covariance Matrix.md,vault/MA/Mathematical-Methods-for-Machine-Learning/MML/12. Parametric Inference/12.1. Point Estimation/Source/12.1.9. The Sample Covariance Matrix
61,3081,MML.12.2.1,Product Notation,vault/MA/Mathematical-Methods-for-Machine-Learning/MML/12. Parametric Inference/12.2. Maximum Likelihood/Lessons/12.2.1. Product Notation.md,vault/MA/Mathematical-Methods-for-Machine-Learning/MML/12. Parametric Inference/12.2. Maximum Likelihood/Source/12.2.1. Product Notation
64,294,MML.12.2.2,Logarithmic Differentiation,vault/MA/Mathematical-Methods-for-Machine-Learning/MML/12. Parametric Inference/12.2. Maximum Likelihood/Lessons/12.2.2. Logarithmic Differentiation.md,vault/MA/Mathematical-Methods-for-Machine-Learning/MML/12. Parametric Inference/12.2. Maximum Likelihood/Source/12.2.2. Logarithmic Differentiation
76,3603,MML.12.2.3,Likelihood Functions for Discrete Probability Distributions,vault/MA/Mathematical-Methods-for-Machine-Learning/MML/12. Parametric Inference/12.2. Maximum Likelihood/Lessons/12.2.3. Likelihood Functions for Discrete Probability Distributions.md,vault/MA/Mathematical-Methods-for-Machine-Learning/MML/12. Parametric Inference/12.2. Maximum Likelihood/Source/12.2.3. Likelihood Functions for Discrete Probability Distributions
77,4124,MML.12.2.4,Log-Likelihood Functions for Discrete Probability Distributions,vault/MA/Mathematical-Methods-for-Machine-Learning/MML/12. Parametric Inference/12.2. Maximum Likelihood/Lessons/12.2.4. Log-Likelihood Functions for Discrete Probability Distributions.md,vault/MA/Mathematical-Methods-for-Machine-Learning/MML/12. Parametric Inference/12.2. Maximum Likelihood/Source/12.2.4. Log-Likelihood Functions for Discrete Probability Distributions
77,4123,MML.12.2.5,Likelihood Functions for Continuous Probability Distributions,vault/MA/Mathematical-Methods-for-Machine-Learning/MML/12. Parametric Inference/12.2. Maximum Likelihood/Lessons/12.2.5. Likelihood Functions for Continuous Probability Distributions.md,vault/MA/Mathematical-Methods-for-Machine-Learning/MML/12. Parametric Inference/12.2. Maximum Likelihood/Source/12.2.5. Likelihood Functions for Continuous Probability Distributions
78,4125,MML.12.2.6,Log-Likelihood Functions for Continuous Probability Distributions,vault/MA/Mathematical-Methods-for-Machine-Learning/MML/12. Parametric Inference/12.2. Maximum Likelihood/Lessons/12.2.6. Log-Likelihood Functions for Continuous Probability Distributions.md,vault/MA/Mathematical-Methods-for-Machine-Learning/MML/12. Parametric Inference/12.2. Maximum Likelihood/Source/12.2.6. Log-Likelihood Functions for Continuous Probability Distributions
79,3077,MML.12.2.7,Maximum Likelihood Estimation,vault/MA/Mathematical-Methods-for-Machine-Learning/MML/12. Parametric Inference/12.2. Maximum Likelihood/Lessons/12.2.7. Maximum Likelihood Estimation.md,vault/MA/Mathematical-Methods-for-Machine-Learning/MML/12. Parametric Inference/12.2. Maximum Likelihood/Source/12.2.7. Maximum Likelihood Estimation
84,260,MML.12.3.1,Confidence Intervals for One Mean: Known Population Variance,vault/MA/Mathematical-Methods-for-Machine-Learning/MML/12. Parametric Inference/12.3. Confidence Intervals/Lessons/12.3.1. Confidence Intervals for One Mean- Known Population Variance.md,vault/MA/Mathematical-Methods-for-Machine-Learning/MML/12. Parametric Inference/12.3. Confidence Intervals/Source/12.3.1. Confidence Intervals for One Mean- Known Population Variance
85,3855,MML.12.3.2,Confidence Intervals for One Mean: Unknown Population Variance,vault/MA/Mathematical-Methods-for-Machine-Learning/MML/12. Parametric Inference/12.3. Confidence Intervals/Lessons/12.3.2. Confidence Intervals for One Mean- Unknown Population Variance.md,vault/MA/Mathematical-Methods-for-Machine-Learning/MML/12. Parametric Inference/12.3. Confidence Intervals/Source/12.3.2. Confidence Intervals for One Mean- Unknown Population Variance
85,3300,MML.12.3.3,Confidence Intervals for One Proportion,vault/MA/Mathematical-Methods-for-Machine-Learning/MML/12. Parametric Inference/12.3. Confidence Intervals/Lessons/12.3.3. Confidence Intervals for One Proportion.md,vault/MA/Mathematical-Methods-for-Machine-Learning/MML/12. Parametric Inference/12.3. Confidence Intervals/Source/12.3.3. Confidence Intervals for One Proportion
85,3298,MML.12.3.4,Confidence Intervals for Two Means: Known and Unequal Population Variances,vault/MA/Mathematical-Methods-for-Machine-Learning/MML/12. Parametric Inference/12.3. Confidence Intervals/Lessons/12.3.4. Confidence Intervals for Two Means- Known and Unequal Population Variances.md,vault/MA/Mathematical-Methods-for-Machine-Learning/MML/12. Parametric Inference/12.3. Confidence Intervals/Source/12.3.4. Confidence Intervals for Two Means- Known and Unequal Population Variances
86,3322,MML.12.3.5,Confidence Intervals for Linear Regression Slope Parameters,vault/MA/Mathematical-Methods-for-Machine-Learning/MML/12. Parametric Inference/12.3. Confidence Intervals/Lessons/12.3.5. Confidence Intervals for Linear Regression Slope Parameters.md,vault/MA/Mathematical-Methods-for-Machine-Learning/MML/12. Parametric Inference/12.3. Confidence Intervals/Source/12.3.5. Confidence Intervals for Linear Regression Slope Parameters
86,4116,MML.12.3.6,Confidence Intervals for Linear Regression Intercept Parameters,vault/MA/Mathematical-Methods-for-Machine-Learning/MML/12. Parametric Inference/12.3. Confidence Intervals/Lessons/12.3.6. Confidence Intervals for Linear Regression Intercept Parameters.md,vault/MA/Mathematical-Methods-for-Machine-Learning/MML/12. Parametric Inference/12.3. Confidence Intervals/Source/12.3.6. Confidence Intervals for Linear Regression Intercept Parameters
