topic-id,step-id,question-id,question-type,answer-cardinality,quiz-block-format,quiz-block-type,quiz-answer-labels,quiz-updated-courses,quiz-status,quiz-answer-source,quiz-answer-rule
42,33344,105392,multiple-choice,single,obsidian-quiz-blocks,radio,b,LAL;MML;PS1,converted-and-verified,manual,label
42,33344,135354,multiple-choice,single,obsidian-quiz-blocks,radio,b,LAL;MML;PS1,converted-and-verified,manual,label
42,33345,135371,multiple-choice,single,obsidian-quiz-blocks,radio,c,LAL;MML;PS1,converted-and-verified,manual,label
42,33345,105393,multiple-choice,single,obsidian-quiz-blocks,radio,e,LAL;MML;PS1,converted-and-verified,manual,label
42,33346,135387,multiple-choice,single,obsidian-quiz-blocks,radio,a,LAL;MML;PS1,converted-and-verified,manual,label
42,33346,105398,multiple-choice,single,obsidian-quiz-blocks,radio,d,LAL;MML;PS1,converted-and-verified,manual,label
46,65303,180743,multiple-choice,single,obsidian-quiz-blocks,radio,b,LAL;MOP;MML;PS1,converted-and-verified,manual,label
46,65303,180739,multiple-choice,single,obsidian-quiz-blocks,radio,a,LAL;MOP;MML;PS1,converted-and-verified,manual,label
46,65303,180740,multiple-choice,single,obsidian-quiz-blocks,radio,d,LAL;MOP;MML;PS1,converted-and-verified,manual,label
46,65309,180745,multiple-choice,single,obsidian-quiz-blocks,radio,d,LAL;MOP;MML;PS1,converted-and-verified,manual,label
46,65309,183519,multiple-choice,single,obsidian-quiz-blocks,radio,d,LAL;MOP;MML;PS1,converted-and-verified,manual,label
46,65309,181701,multiple-choice,single,obsidian-quiz-blocks,radio,a,LAL;MOP;MML;PS1,converted-and-verified,manual,label
46,65313,181703,multiple-choice,single,obsidian-quiz-blocks,radio,e,LAL;MOP;MML;PS1,converted-and-verified,manual,label
46,65313,181567,multiple-choice,single,obsidian-quiz-blocks,radio,b,LAL;MOP;MML;PS1,converted-and-verified,manual,label
47,63831,80299,multiple-choice,single,obsidian-quiz-blocks,radio,e,LAL;MOP;MML;PS1,converted-and-verified,manual,label
47,63831,80234,multiple-choice,single,obsidian-quiz-blocks,radio,a,LAL;MOP;MML;PS1,converted-and-verified,manual,label
47,63831,181441,multiple-choice,single,obsidian-quiz-blocks,radio,a,LAL;MOP;MML;PS1,converted-and-verified,manual,label
47,63836,181542,multiple-choice,single,obsidian-quiz-blocks,radio,d,LAL;MOP;MML;PS1,converted-and-verified,manual,label
47,63836,37384,multiple-choice,single,obsidian-quiz-blocks,radio,b,LAL;MOP;MML;PS1,converted-and-verified,manual,label
47,63836,80336,multiple-choice,single,obsidian-quiz-blocks,radio,a,LAL;MOP;MML;PS1,converted-and-verified,manual,label
47,63840,36229,multiple-choice,single,obsidian-quiz-blocks,radio,c,LAL;MOP;MML;PS1,converted-and-verified,manual,label
47,63840,36228,multiple-choice,single,obsidian-quiz-blocks,radio,a,LAL;MOP;MML;PS1,converted-and-verified,manual,label
47,63840,36218,multiple-choice,single,obsidian-quiz-blocks,radio,b,LAL;MOP;MML;PS1,converted-and-verified,manual,label
48,65852,36925,multiple-choice,single,obsidian-quiz-blocks,radio,d,LAL;MOP;MML;PS1,converted-and-verified,manual,label
48,65852,181473,free-response,single,,,,,,,
48,65852,181471,free-response,single,,,,,,,
48,65856,181469,free-response,single,,,,,,,
48,65856,181587,free-response,single,,,,,,,
48,65856,181589,free-response,single,,,,,,,
48,65860,181457,free-response,single,,,,,,,
48,65860,181563,free-response,single,,,,,,,
48,65863,181579,free-response,single,,,,,,,
48,65863,181454,free-response,single,,,,,,,
49,152909,181287,multiple-choice,single,obsidian-quiz-blocks,radio,c,LAL;MML;MOP;PS1,converted-and-verified,image-id,answer-image-id-1
49,152909,181293,multiple-choice,single,obsidian-quiz-blocks,radio,a,LAL;MML;MOP;PS1,converted-and-verified,manual,label
49,152912,1257,multiple-choice,single,obsidian-quiz-blocks,radio,c,LAL;MML;MOP;PS1,converted-and-verified,manual,label
49,152912,1262,multiple-choice,single,obsidian-quiz-blocks,radio,d,LAL;MML;MOP;PS1,converted-and-verified,manual,label
49,152916,1268,multiple-choice,single,obsidian-quiz-blocks,radio,a,LAL;MML;MOP;PS1,converted-and-verified,manual,label
49,152916,1264,multiple-choice,single,obsidian-quiz-blocks,radio,b,LAL;MML;MOP;PS1,converted-and-verified,manual,label
49,152921,181295,multiple-choice,single,obsidian-quiz-blocks,radio,e,LAL;MML;MOP;PS1,converted-and-verified,manual,label
49,152921,181294,multiple-choice,single,obsidian-quiz-blocks,radio,d,LAL;MML;MOP;PS1,converted-and-verified,manual,label
50,152759,228,multiple-choice,single,obsidian-quiz-blocks,radio,e,LAL;MOP;MML;PS1,converted-and-verified,manual,label
50,152759,37263,multiple-choice,single,obsidian-quiz-blocks,radio,e,LAL;MOP;MML;PS1,converted-and-verified,manual,label
50,152759,37255,multiple-choice,single,obsidian-quiz-blocks,radio,c,LAL;MOP;MML;PS1,converted-and-verified,manual,label
50,152764,1190,multiple-choice,single,obsidian-quiz-blocks,radio,e,LAL;MOP;MML;PS1,converted-and-verified,manual,label
50,152764,1192,multiple-choice,single,obsidian-quiz-blocks,radio,d,LAL;MOP;MML;PS1,converted-and-verified,manual,label
50,152768,229,multiple-choice,single,obsidian-quiz-blocks,radio,c,LAL;MOP;MML;PS1,converted-and-verified,manual,label
50,152768,498,multiple-choice,single,obsidian-quiz-blocks,radio,c,LAL;MOP;MML;PS1,converted-and-verified,manual,label
50,152772,1210,multiple-choice,single,obsidian-quiz-blocks,radio,a,LAL;MOP;MML;PS1,converted-and-verified,manual,label
50,152772,1211,multiple-choice,single,obsidian-quiz-blocks,radio,d,LAL;MOP;MML;PS1,converted-and-verified,manual,label
55,70626,172662,multiple-choice,single,obsidian-quiz-blocks,radio,a,LAL;MOP;MML;PS1,converted-and-verified,manual,label
55,70626,172665,multiple-choice,single,obsidian-quiz-blocks,radio,e,LAL;MOP;MML;PS1,converted-and-verified,manual,label
55,70626,172667,multiple-choice,single,obsidian-quiz-blocks,radio,c,LAL;MOP;MML;PS1,converted-and-verified,manual,label
55,70632,172671,multiple-choice,single,obsidian-quiz-blocks,radio,e,LAL;MOP;MML;PS1,converted-and-verified,manual,label
55,70632,172672,multiple-choice,single,obsidian-quiz-blocks,radio,b,LAL;MOP;MML;PS1,converted-and-verified,manual,label
55,70632,184613,multiple-choice,single,obsidian-quiz-blocks,radio,c,LAL;MOP;MML;PS1,converted-and-verified,manual,label
55,70636,172673,multiple-choice,single,obsidian-quiz-blocks,radio,c,LAL;MOP;MML;PS1,converted-and-verified,manual,label
55,70636,172674,multiple-choice,single,obsidian-quiz-blocks,radio,c,LAL;MOP;MML;PS1,converted-and-verified,manual,label
55,70636,184659,multiple-choice,single,obsidian-quiz-blocks,radio,b,LAL;MOP;MML;PS1,converted-and-verified,manual,label
58,64629,80909,multiple-choice,single,obsidian-quiz-blocks,radio,d,LAL;MOP;MML;PS1,converted-and-verified,manual,label
58,64629,80997,multiple-choice,single,obsidian-quiz-blocks,radio,d,LAL;MOP;MML;PS1,converted-and-verified,manual,label
58,64632,80906,multiple-choice,single,obsidian-quiz-blocks,radio,c,LAL;MOP;MML;PS1,converted-and-verified,manual,label
58,64632,80907,multiple-choice,single,obsidian-quiz-blocks,radio,b,LAL;MOP;MML;PS1,converted-and-verified,manual,label
58,64632,170847,multiple-choice,single,obsidian-quiz-blocks,radio,c,LAL;MOP;MML;PS1,converted-and-verified,manual,label
58,64636,170844,multiple-choice,single,obsidian-quiz-blocks,radio,a,LAL;MOP;MML;PS1,converted-and-verified,manual,label
58,64636,170843,multiple-choice,single,obsidian-quiz-blocks,radio,e,LAL;MOP;MML;PS1,converted-and-verified,manual,label
58,64640,171482,multiple-choice,single,obsidian-quiz-blocks,radio,d,LAL;MOP;MML;PS1,converted-and-verified,manual,label
58,64640,171486,multiple-choice,single,obsidian-quiz-blocks,radio,a,LAL;MOP;MML;PS1,converted-and-verified,manual,label
60,153495,81003,multiple-choice,single,obsidian-quiz-blocks,radio,c,MOP;MML,converted-and-verified,manual,label
60,153495,175528,select-list,multi,obsidian-quiz-blocks,radio,a,MOP;MML,converted-and-verified,manual,label
60,153498,170852,multiple-choice,single,obsidian-quiz-blocks,radio,c,MOP;MML,converted-and-verified,manual,label
60,153498,170853,multiple-choice,single,obsidian-quiz-blocks,radio,e,MOP;MML,converted-and-verified,manual,label
60,153503,181713,select-list,multi,obsidian-quiz-blocks,radio,a,MOP;MML,converted-and-verified,manual,label
60,153503,175911,select-list,multi,obsidian-quiz-blocks,radio,a,MOP;MML,converted-and-verified,manual,label
60,153506,181714,select-list,multi,obsidian-quiz-blocks,radio,a,MOP;MML,converted-and-verified,manual,label
60,153506,178152,select-list,multi,obsidian-quiz-blocks,radio,a,MOP;MML,converted-and-verified,manual,label
148,17170,71713,multiple-choice,single,obsidian-quiz-blocks,radio,b,DSM;LAL;MML;PS1,converted-and-verified,manual,label
148,17170,1069,multiple-choice,single,obsidian-quiz-blocks,radio,e,DSM;LAL;MML;PS1,converted-and-verified,manual,label
148,17171,20361,multiple-choice,single,obsidian-quiz-blocks,radio,b,DSM;LAL;MML;PS1,converted-and-verified,manual,label
148,17171,1051,multiple-choice,single,obsidian-quiz-blocks,radio,b,DSM;LAL;MML;PS1,converted-and-verified,manual,label
148,17173,71724,multiple-choice,single,obsidian-quiz-blocks,radio,e,DSM;LAL;MML;PS1,converted-and-verified,manual,label
148,17173,20223,multiple-choice,single,obsidian-quiz-blocks,radio,b,DSM;LAL;MML;PS1,converted-and-verified,manual,label
148,17174,71730,multiple-choice,single,obsidian-quiz-blocks,radio,c,DSM;LAL;MML;PS1,converted-and-verified,manual,label
148,17174,1074,multiple-choice,single,obsidian-quiz-blocks,radio,d,DSM;LAL;MML;PS1,converted-and-verified,manual,label
149,17184,10248,multiple-choice,single,obsidian-quiz-blocks,radio,d,LAL;MML;PS1,converted-and-verified,manual,label
149,17184,10250,multiple-choice,single,obsidian-quiz-blocks,radio,a,LAL;MML;PS1,converted-and-verified,manual,label
149,17185,10217,multiple-choice,single,obsidian-quiz-blocks,radio,b,LAL;MML;PS1,converted-and-verified,manual,label
149,17185,10252,multiple-choice,single,obsidian-quiz-blocks,radio,d,LAL;MML;PS1,converted-and-verified,manual,label
149,17186,20389,multiple-choice,single,obsidian-quiz-blocks,radio,b,LAL;MML;PS1,converted-and-verified,manual,label
149,17186,20240,multiple-choice,single,obsidian-quiz-blocks,radio,c,LAL;MML;PS1,converted-and-verified,manual,label
149,17187,20392,multiple-choice,single,obsidian-quiz-blocks,radio,e,LAL;MML;PS1,converted-and-verified,manual,label
149,17187,20388,multiple-choice,single,obsidian-quiz-blocks,radio,e,LAL;MML;PS1,converted-and-verified,manual,label
151,17189,10321,multiple-choice,single,obsidian-quiz-blocks,radio,,LAL;MML;PS1,needs-answer,,
151,17189,1076,multiple-choice,single,obsidian-quiz-blocks,radio,,LAL;MML;PS1,needs-answer,,
151,17191,20496,multiple-choice,single,obsidian-quiz-blocks,radio,,LAL;MML;PS1,needs-answer,,
151,17191,10522,multiple-choice,single,obsidian-quiz-blocks,radio,,LAL;MML;PS1,needs-answer,,
230,154013,171015,multiple-choice,single,obsidian-quiz-blocks,radio,,MML;MOP,needs-answer,,
230,154013,171018,multiple-choice,single,obsidian-quiz-blocks,radio,,MML;MOP,needs-answer,,
230,154016,171017,multiple-choice,single,obsidian-quiz-blocks,radio,,MML;MOP,needs-answer,,
230,154016,171016,multiple-choice,single,obsidian-quiz-blocks,radio,,MML;MOP,needs-answer,,
230,154019,81866,multiple-choice,single,obsidian-quiz-blocks,radio,,MML;MOP,needs-answer,,
230,154019,82022,multiple-choice,single,obsidian-quiz-blocks,radio,,MML;MOP,needs-answer,,
230,154019,81865,multiple-choice,single,obsidian-quiz-blocks,radio,,MML;MOP,needs-answer,,
247,139681,182458,multiple-choice,single,obsidian-quiz-blocks,radio,e,MML;MOP,converted-and-verified,manual,label
247,139681,182455,multiple-choice,single,obsidian-quiz-blocks,radio,c,MML;MOP,converted-and-verified,manual,label
247,139684,182595,multiple-choice,single,obsidian-quiz-blocks,radio,a,MML;MOP,converted-and-verified,manual,label
247,139684,182591,multiple-choice,single,obsidian-quiz-blocks,radio,c,MML;MOP,converted-and-verified,manual,label
247,139687,182469,multiple-choice,single,obsidian-quiz-blocks,radio,e,MML;MOP,converted-and-verified,manual,label
247,139687,182470,multiple-choice,single,obsidian-quiz-blocks,radio,e,MML;MOP,converted-and-verified,manual,label
247,139690,1470,multiple-choice,single,obsidian-quiz-blocks,radio,a,MML;MOP,converted-and-verified,manual,label
247,139690,81891,multiple-choice,single,obsidian-quiz-blocks,radio,d,MML;MOP,converted-and-verified,manual,label
247,139690,82455,multiple-choice,single,obsidian-quiz-blocks,radio,b,MML;MOP,converted-and-verified,manual,label
248,180139,182478,select-list,single,,,,,,,
248,180139,182475,select-list,multi,,,,,,,
248,180142,182480,select-list,multi,,,,,,,
248,180142,182565,select-list,multi,,,,,,,
248,180142,182581,select-list,multi,,,,,,,
248,180146,1471,multiple-choice,single,obsidian-quiz-blocks,radio,,MML;MOP,needs-answer,,
248,180146,107159,multiple-choice,single,obsidian-quiz-blocks,radio,,MML;MOP,needs-answer,,
248,180149,83226,multiple-choice,single,obsidian-quiz-blocks,radio,,MML;MOP,needs-answer,,
248,180149,1479,multiple-choice,single,obsidian-quiz-blocks,radio,,MML;MOP,needs-answer,,
250,154036,182371,select-list,single,,,,,,,
250,154036,182370,select-list,multi,,,,,,,
250,154039,182390,select-list,multi,,,,,,,
250,154039,182659,select-list,multi,,,,,,,
250,154039,182679,select-list,multi,,,,,,,
250,154044,81884,multiple-choice,single,obsidian-quiz-blocks,radio,,MML;MOP,needs-answer,,
250,154044,82070,multiple-choice,single,obsidian-quiz-blocks,radio,,MML;MOP,needs-answer,,
260,37861,142303,multiple-choice,single,obsidian-quiz-blocks,radio,,MML;PAS,needs-answer,,
260,37861,142502,multiple-choice,single,obsidian-quiz-blocks,radio,,MML;PAS,needs-answer,,
260,37883,142535,multiple-choice,single,obsidian-quiz-blocks,radio,,MML;PAS,needs-answer,,
260,37883,142334,multiple-choice,single,obsidian-quiz-blocks,radio,,MML;PAS,needs-answer,,
260,37913,142447,multiple-choice,single,obsidian-quiz-blocks,radio,,MML;PAS,needs-answer,,
260,37913,142988,multiple-choice,single,obsidian-quiz-blocks,radio,,MML;PAS,needs-answer,,
294,37026,2296,multiple-choice,single,obsidian-quiz-blocks,radio,,CA1;MML;PAS,needs-answer,,
294,37026,2520,multiple-choice,single,obsidian-quiz-blocks,radio,,CA1;MML;PAS,needs-answer,,
294,37027,2519,multiple-choice,single,obsidian-quiz-blocks,radio,,CA1;MML;PAS,needs-answer,,
294,37027,2522,multiple-choice,single,obsidian-quiz-blocks,radio,,CA1;MML;PAS,needs-answer,,
294,37028,2298,multiple-choice,single,obsidian-quiz-blocks,radio,,CA1;MML;PAS,needs-answer,,
294,37028,138671,multiple-choice,single,obsidian-quiz-blocks,radio,,CA1;MML;PAS,needs-answer,,
359,34303,110430,multiple-choice,single,obsidian-quiz-blocks,radio,,MML;PAS;PS2,needs-answer,,
359,34303,143493,multiple-choice,single,obsidian-quiz-blocks,radio,,MML;PAS;PS2,needs-answer,,
359,38053,110431,multiple-choice,single,obsidian-quiz-blocks,radio,,MML;PAS;PS2,needs-answer,,
359,38053,143510,multiple-choice,single,obsidian-quiz-blocks,radio,,MML;PAS;PS2,needs-answer,,
359,38055,110432,multiple-choice,single,obsidian-quiz-blocks,radio,,MML;PAS;PS2,needs-answer,,
359,38055,143503,multiple-choice,single,obsidian-quiz-blocks,radio,,MML;PAS;PS2,needs-answer,,
730,22376,5774,multiple-choice,single,obsidian-quiz-blocks,radio,d,MF3;PAS;DSM;MML;PS1,converted-and-verified,manual,label
730,22376,83624,multiple-choice,single,obsidian-quiz-blocks,radio,b,MF3;PAS;DSM;MML;PS1,converted-and-verified,manual,label
730,22377,5778,multiple-choice,single,obsidian-quiz-blocks,radio,c,MF3;PAS;DSM;MML;PS1,converted-and-verified,manual,label
730,22377,5497,multiple-choice,single,obsidian-quiz-blocks,radio,c,MF3;PAS;DSM;MML;PS1,converted-and-verified,manual,label
730,27376,42728,multiple-choice,single,obsidian-quiz-blocks,radio,c,MF3;PAS;DSM;MML;PS1,converted-and-verified,manual,label
730,27376,42729,multiple-choice,single,obsidian-quiz-blocks,radio,e,MF3;PAS;DSM;MML;PS1,converted-and-verified,manual,label
730,27386,83642,multiple-choice,single,obsidian-quiz-blocks,radio,c,MF3;PAS;DSM;MML;PS1,converted-and-verified,manual,label
730,27386,42731,multiple-choice,single,obsidian-quiz-blocks,radio,e,MF3;PAS;DSM;MML;PS1,converted-and-verified,manual,label
791,29658,90610,multiple-choice,single,obsidian-quiz-blocks,radio,,MML;PAS,needs-answer,,
791,29658,96332,multiple-choice,single,obsidian-quiz-blocks,radio,,MML;PAS,needs-answer,,
791,31402,90609,multiple-choice,single,obsidian-quiz-blocks,radio,,MML;PAS,needs-answer,,
791,31402,96286,multiple-choice,single,obsidian-quiz-blocks,radio,,MML;PAS,needs-answer,,
791,31403,89982,multiple-choice,single,obsidian-quiz-blocks,radio,,MML;PAS,needs-answer,,
791,31403,90631,multiple-choice,single,obsidian-quiz-blocks,radio,,MML;PAS,needs-answer,,
918,42252,159689,multiple-choice,single,obsidian-quiz-blocks,radio,,MML;PAS;PS2,needs-answer,,
918,42252,159685,multiple-choice,single,obsidian-quiz-blocks,radio,,MML;PAS;PS2,needs-answer,,
918,42253,143542,multiple-choice,single,obsidian-quiz-blocks,radio,,MML;PAS;PS2,needs-answer,,
918,42253,159694,multiple-choice,single,obsidian-quiz-blocks,radio,,MML;PAS;PS2,needs-answer,,
918,42254,159682,multiple-choice,single,obsidian-quiz-blocks,radio,,MML;PAS;PS2,needs-answer,,
918,42254,159695,multiple-choice,single,obsidian-quiz-blocks,radio,,MML;PAS;PS2,needs-answer,,
948,46178,172706,multiple-choice,single,obsidian-quiz-blocks,radio,,MML;MOP,needs-answer,,
948,46178,172710,multiple-choice,single,obsidian-quiz-blocks,radio,c,MML;MOP,converted-and-verified,image-id,answer-image-id-1
948,46181,172722,multiple-choice,single,obsidian-quiz-blocks,radio,,MML;MOP,needs-answer,,
948,46181,172721,multiple-choice,single,obsidian-quiz-blocks,radio,,MML;MOP,needs-answer,,
948,46181,172723,multiple-choice,single,obsidian-quiz-blocks,radio,,MML;MOP,needs-answer,,
971,38127,143528,multiple-choice,single,obsidian-quiz-blocks,radio,,DSM;MML;PAS;PS1,needs-answer,,
971,38127,143743,multiple-choice,single,obsidian-quiz-blocks,radio,,DSM;MML;PAS;PS1,needs-answer,,
971,38130,143529,multiple-choice,single,obsidian-quiz-blocks,radio,,DSM;MML;PAS;PS1,needs-answer,,
971,38130,143583,multiple-choice,single,obsidian-quiz-blocks,radio,,DSM;MML;PAS;PS1,needs-answer,,
971,38132,143530,multiple-choice,single,obsidian-quiz-blocks,radio,,DSM;MML;PAS;PS1,needs-answer,,
971,38132,144038,multiple-choice,single,obsidian-quiz-blocks,radio,,DSM;MML;PAS;PS1,needs-answer,,
990,20082,36768,multiple-choice,single,obsidian-quiz-blocks,radio,d,LAL;MML;PS1,converted-and-verified,manual,label
990,20082,36758,multiple-choice,single,obsidian-quiz-blocks,radio,e,LAL;MML;PS1,converted-and-verified,manual,label
990,20083,36776,multiple-choice,single,obsidian-quiz-blocks,radio,b,LAL;MML;PS1,converted-and-verified,manual,label
990,20083,9346,multiple-choice,single,obsidian-quiz-blocks,radio,d,LAL;MML;PS1,converted-and-verified,manual,label
990,20085,9341,multiple-choice,single,obsidian-quiz-blocks,radio,b,LAL;MML;PS1,converted-and-verified,manual,label
990,20085,12299,multiple-choice,single,obsidian-quiz-blocks,radio,b,LAL;MML;PS1,converted-and-verified,manual,label
990,20087,11983,multiple-choice,single,obsidian-quiz-blocks,radio,a,LAL;MML;PS1,converted-and-verified,manual,label
990,20087,36755,multiple-choice,single,obsidian-quiz-blocks,radio,a,LAL;MML;PS1,converted-and-verified,manual,label
991,20089,18082,multiple-choice,single,obsidian-quiz-blocks,radio,,LAL;MML;PS1,needs-answer,,
991,20089,18080,multiple-choice,single,obsidian-quiz-blocks,radio,,LAL;MML;PS1,needs-answer,,
991,20090,9380,multiple-choice,single,obsidian-quiz-blocks,radio,,LAL;MML;PS1,needs-answer,,
991,20090,36749,multiple-choice,single,obsidian-quiz-blocks,radio,,LAL;MML;PS1,needs-answer,,
991,20092,9384,multiple-choice,single,obsidian-quiz-blocks,radio,,LAL;MML;PS1,needs-answer,,
991,20092,9382,multiple-choice,single,obsidian-quiz-blocks,radio,,LAL;MML;PS1,needs-answer,,
1047,17180,20451,multiple-choice,single,obsidian-quiz-blocks,radio,,DSM;LAL;MML;PS1,needs-answer,,
1047,17180,20418,multiple-choice,single,obsidian-quiz-blocks,radio,,DSM;LAL;MML;PS1,needs-answer,,
1047,17181,10205,multiple-choice,single,obsidian-quiz-blocks,radio,,DSM;LAL;MML;PS1,needs-answer,,
1047,17181,20422,multiple-choice,single,obsidian-quiz-blocks,radio,,DSM;LAL;MML;PS1,needs-answer,,
1047,17182,10204,multiple-choice,single,obsidian-quiz-blocks,radio,,DSM;LAL;MML;PS1,needs-answer,,
1047,17182,10202,multiple-choice,single,obsidian-quiz-blocks,radio,,DSM;LAL;MML;PS1,needs-answer,,
1048,17198,10676,multiple-choice,single,obsidian-quiz-blocks,radio,,LAL;MML;PS1,needs-answer,,
1048,17198,20505,multiple-choice,single,obsidian-quiz-blocks,radio,,LAL;MML;PS1,needs-answer,,
1048,17199,73396,multiple-choice,single,obsidian-quiz-blocks,radio,,LAL;MML;PS1,needs-answer,,
1048,17199,73397,multiple-choice,single,obsidian-quiz-blocks,radio,,LAL;MML;PS1,needs-answer,,
1049,17211,20594,multiple-choice,single,obsidian-quiz-blocks,radio,c,LAL;MML;PS1,converted-and-verified,manual,label
1049,17211,20589,multiple-choice,single,obsidian-quiz-blocks,radio,a,LAL;MML;PS1,converted-and-verified,manual,label
1049,17212,20266,multiple-choice,single,obsidian-quiz-blocks,radio,e,LAL;MML;PS1,converted-and-verified,manual,label
1049,17212,20267,multiple-choice,single,obsidian-quiz-blocks,radio,d,LAL;MML;PS1,converted-and-verified,manual,label
1049,23346,74532,multiple-choice,single,obsidian-quiz-blocks,radio,a,LAL;MML;PS1,converted-and-verified,manual,label
1049,23346,74525,multiple-choice,single,obsidian-quiz-blocks,radio,d,LAL;MML;PS1,converted-and-verified,manual,label
1049,23347,74534,multiple-choice,single,obsidian-quiz-blocks,radio,c,LAL;MML;PS1,converted-and-verified,manual,label
1049,23347,74536,multiple-choice,single,obsidian-quiz-blocks,radio,b,LAL;MML;PS1,converted-and-verified,manual,label
1335,453124,111891,multiple-choice,single,obsidian-quiz-blocks,radio,,MML;PAS;PS1,needs-answer,,
1335,453124,111890,multiple-choice,single,obsidian-quiz-blocks,radio,,MML;PAS;PS1,needs-answer,,
1335,453128,111892,multiple-choice,single,obsidian-quiz-blocks,radio,,MML;PAS;PS1,needs-answer,,
1335,453128,111893,multiple-choice,single,obsidian-quiz-blocks,radio,,MML;PAS;PS1,needs-answer,,
1335,453131,275500,free-response,multi,,,,,,,
1335,453131,275751,free-response,multi,,,,,,,
1347,41070,86911,multiple-choice,single,obsidian-quiz-blocks,radio,,MML;MVC;PAS;PS1,needs-answer,,
1347,41070,87154,multiple-choice,single,obsidian-quiz-blocks,radio,,MML;MVC;PAS;PS1,needs-answer,,
1347,41075,158315,multiple-choice,single,obsidian-quiz-blocks,radio,,MML;MVC;PAS;PS1,needs-answer,,
1347,41075,154690,multiple-choice,single,obsidian-quiz-blocks,radio,,MML;MVC;PAS;PS1,needs-answer,,
1347,41931,98912,multiple-choice,single,obsidian-quiz-blocks,radio,,MML;MVC;PAS;PS1,needs-answer,,
1347,41931,158437,multiple-choice,single,obsidian-quiz-blocks,radio,,MML;MVC;PAS;PS1,needs-answer,,
1373,17193,42155,multiple-choice,single,obsidian-quiz-blocks,radio,,LAL;MML;PS1,needs-answer,,
1373,17193,42156,multiple-choice,single,obsidian-quiz-blocks,radio,,LAL;MML;PS1,needs-answer,,
1373,17194,42167,multiple-choice,single,obsidian-quiz-blocks,radio,,LAL;MML;PS1,needs-answer,,
1373,17194,42157,multiple-choice,single,obsidian-quiz-blocks,radio,,LAL;MML;PS1,needs-answer,,
1374,17207,35589,multiple-choice,single,obsidian-quiz-blocks,radio,,LAL;MML;PS1,needs-answer,,
1374,17207,20969,multiple-choice,single,obsidian-quiz-blocks,radio,,LAL;MML;PS1,needs-answer,,
1374,17208,20966,multiple-choice,single,obsidian-quiz-blocks,radio,,LAL;MML;PS1,needs-answer,,
1374,17208,73398,multiple-choice,single,obsidian-quiz-blocks,radio,,LAL;MML;PS1,needs-answer,,
1374,23204,10293,multiple-choice,single,obsidian-quiz-blocks,radio,,LAL;MML;PS1,needs-answer,,
1374,23204,10680,multiple-choice,single,obsidian-quiz-blocks,radio,,LAL;MML;PS1,needs-answer,,
1375,20077,18237,multiple-choice,single,obsidian-quiz-blocks,radio,c,LAL;MML;PS1,converted-and-verified,manual,label
1375,20077,36791,multiple-choice,single,obsidian-quiz-blocks,radio,a,LAL;MML;PS1,converted-and-verified,manual,label
1375,20078,37087,multiple-choice,single,obsidian-quiz-blocks,radio,e,LAL;MML;PS1,converted-and-verified,manual,label
1375,20078,36792,multiple-choice,single,obsidian-quiz-blocks,radio,b,LAL;MML;PS1,converted-and-verified,manual,label
1375,20081,18238,multiple-choice,single,obsidian-quiz-blocks,radio,e,LAL;MML;PS1,converted-and-verified,manual,label
1375,20081,18235,multiple-choice,single,obsidian-quiz-blocks,radio,e,LAL;MML;PS1,converted-and-verified,manual,label
1375,21410,36679,multiple-choice,single,obsidian-quiz-blocks,radio,b,LAL;MML;PS1,converted-and-verified,image-id,answer-image-id-1
1375,21410,37091,multiple-choice,single,obsidian-quiz-blocks,radio,e,LAL;MML;PS1,converted-and-verified,image-id,answer-image-id-1
1376,44725,35960,multiple-choice,single,obsidian-quiz-blocks,radio,,LAL;MML;PS1,needs-answer,,
1376,44725,35966,multiple-choice,single,obsidian-quiz-blocks,radio,,LAL;MML;PS1,needs-answer,,
1376,44728,35973,multiple-choice,single,obsidian-quiz-blocks,radio,,LAL;MML;PS1,needs-answer,,
1376,44728,35982,multiple-choice,single,obsidian-quiz-blocks,radio,,LAL;MML;PS1,needs-answer,,
1376,44732,32819,multiple-choice,single,obsidian-quiz-blocks,radio,,LAL;MML;PS1,needs-answer,,
1376,44732,22291,multiple-choice,single,obsidian-quiz-blocks,radio,,LAL;MML;PS1,needs-answer,,
1376,44735,162143,multiple-choice,single,obsidian-quiz-blocks,radio,,LAL;MML;PS1,needs-answer,,
1376,44735,162144,multiple-choice,single,obsidian-quiz-blocks,radio,,LAL;MML;PS1,needs-answer,,
1388,27395,83711,multiple-choice,single,obsidian-quiz-blocks,radio,b,DSM;MML;PAS;PS1,converted-and-verified,manual,label
1388,27395,83666,multiple-choice,single,obsidian-quiz-blocks,radio,c,DSM;MML;PAS;PS1,converted-and-verified,manual,label
1388,27397,83713,multiple-choice,single,obsidian-quiz-blocks,radio,e,DSM;MML;PAS;PS1,converted-and-verified,manual,label
1388,27397,83714,multiple-choice,single,obsidian-quiz-blocks,radio,c,DSM;MML;PAS;PS1,converted-and-verified,manual,label
1388,27501,83821,multiple-choice,single,obsidian-quiz-blocks,radio,a,DSM;MML;PAS;PS1,converted-and-verified,manual,label
1388,27501,83820,multiple-choice,single,obsidian-quiz-blocks,radio,c,DSM;MML;PAS;PS1,converted-and-verified,manual,label
1388,27502,83858,multiple-choice,single,obsidian-quiz-blocks,radio,a,DSM;MML;PAS;PS1,converted-and-verified,manual,label
1388,27502,83859,multiple-choice,single,obsidian-quiz-blocks,radio,d,DSM;MML;PAS;PS1,converted-and-verified,manual,label
1395,27400,84052,multiple-choice,single,obsidian-quiz-blocks,radio,d,DSM;MF3;MML;PAS,converted-and-verified,manual,label
1395,27400,84050,multiple-choice,single,obsidian-quiz-blocks,radio,c,DSM;MF3;MML;PAS,converted-and-verified,manual,label
1395,27401,84152,multiple-choice,single,obsidian-quiz-blocks,radio,e,DSM;MF3;MML;PAS,converted-and-verified,manual,label
1395,27401,84149,multiple-choice,single,obsidian-quiz-blocks,radio,b,DSM;MF3;MML;PAS,converted-and-verified,manual,label
1395,27403,84036,multiple-choice,single,obsidian-quiz-blocks,radio,c,DSM;MF3;MML;PAS,converted-and-verified,manual,label
1395,27403,84043,multiple-choice,single,obsidian-quiz-blocks,radio,e,DSM;MF3;MML;PAS,converted-and-verified,manual,label
1395,27600,84157,multiple-choice,single,obsidian-quiz-blocks,radio,e,DSM;MF3;MML;PAS,converted-and-verified,manual,label
1395,27600,84153,multiple-choice,single,obsidian-quiz-blocks,radio,d,DSM;MF3;MML;PAS,converted-and-verified,manual,label
1633,30952,94819,multiple-choice,single,obsidian-quiz-blocks,radio,,MML;PAS,needs-answer,,
1633,30952,95696,multiple-choice,single,obsidian-quiz-blocks,radio,,MML;PAS,needs-answer,,
1633,30953,95099,multiple-choice,single,obsidian-quiz-blocks,radio,,MML;PAS,needs-answer,,
1633,30953,95746,multiple-choice,single,obsidian-quiz-blocks,radio,,MML;PAS,needs-answer,,
1633,30954,95812,multiple-choice,single,obsidian-quiz-blocks,radio,,MML;PAS,needs-answer,,
1633,30954,95758,multiple-choice,single,obsidian-quiz-blocks,radio,,MML;PAS,needs-answer,,
1728,17231,43006,multiple-choice,single,obsidian-quiz-blocks,radio,,LAL;MML;PS1,needs-answer,,
1728,17231,31862,multiple-choice,single,obsidian-quiz-blocks,radio,,LAL;MML;PS1,needs-answer,,
1728,17232,42989,multiple-choice,single,obsidian-quiz-blocks,radio,,LAL;MML;PS1,needs-answer,,
1728,17232,42988,multiple-choice,single,obsidian-quiz-blocks,radio,,LAL;MML;PS1,needs-answer,,
1728,17233,42999,multiple-choice,single,obsidian-quiz-blocks,radio,,LAL;MML;PS1,needs-answer,,
1728,17233,43000,multiple-choice,single,obsidian-quiz-blocks,radio,,LAL;MML;PS1,needs-answer,,
1730,16472,36073,multiple-choice,single,obsidian-quiz-blocks,radio,,LAL;MML;PS1,needs-answer,,
1730,16472,32091,multiple-choice,single,obsidian-quiz-blocks,radio,,LAL;MML;PS1,needs-answer,,
1730,16473,47653,multiple-choice,single,obsidian-quiz-blocks,radio,,LAL;MML;PS1,needs-answer,,
1730,16473,32088,multiple-choice,single,obsidian-quiz-blocks,radio,,LAL;MML;PS1,needs-answer,,
1730,16474,31921,multiple-choice,single,obsidian-quiz-blocks,radio,,LAL;MML;PS1,needs-answer,,
1730,16474,32167,multiple-choice,single,obsidian-quiz-blocks,radio,,LAL;MML;PS1,needs-answer,,
1732,17240,43066,multiple-choice,single,obsidian-quiz-blocks,radio,,LAL;MML;PS1,needs-answer,,
1732,17240,78749,multiple-choice,single,obsidian-quiz-blocks,radio,,LAL;MML;PS1,needs-answer,,
1732,25045,43067,multiple-choice,single,obsidian-quiz-blocks,radio,,LAL;MML;PS1,needs-answer,,
1732,25045,78426,multiple-choice,single,obsidian-quiz-blocks,radio,,LAL;MML;PS1,needs-answer,,
1732,28630,78715,multiple-choice,single,obsidian-quiz-blocks,radio,,LAL;MML;PS1,needs-answer,,
1732,28630,78718,multiple-choice,single,obsidian-quiz-blocks,radio,,LAL;MML;PS1,needs-answer,,
1733,17214,32234,multiple-choice,single,obsidian-quiz-blocks,radio,,LAL;MML;PS1,needs-answer,,
1733,17214,42040,multiple-choice,single,obsidian-quiz-blocks,radio,,LAL;MML;PS1,needs-answer,,
1733,17216,32246,multiple-choice,single,obsidian-quiz-blocks,radio,,LAL;MML;PS1,needs-answer,,
1733,17216,42059,multiple-choice,single,obsidian-quiz-blocks,radio,,LAL;MML;PS1,needs-answer,,
1733,23072,32242,multiple-choice,single,obsidian-quiz-blocks,radio,,LAL;MML;PS1,needs-answer,,
1733,23072,42061,multiple-choice,single,obsidian-quiz-blocks,radio,,LAL;MML;PS1,needs-answer,,
1737,44257,161529,multiple-choice,single,obsidian-quiz-blocks,radio,,MML;MVC;PS1,needs-answer,,
1737,44257,160771,multiple-choice,single,obsidian-quiz-blocks,radio,,MML;MVC;PS1,needs-answer,,
1737,44297,162523,multiple-choice,single,obsidian-quiz-blocks,radio,,MML;MVC;PS1,needs-answer,,
1737,44297,160773,multiple-choice,single,obsidian-quiz-blocks,radio,,MML;MVC;PS1,needs-answer,,
1737,44297,160789,multiple-choice,single,obsidian-quiz-blocks,radio,,MML;MVC;PS1,needs-answer,,
1737,44801,160767,multiple-choice,single,obsidian-quiz-blocks,radio,,MML;MVC;PS1,needs-answer,,
1737,44801,162528,multiple-choice,single,obsidian-quiz-blocks,radio,,MML;MVC;PS1,needs-answer,,
1769,16255,71018,multiple-choice,single,obsidian-quiz-blocks,radio,,LAL;MML;PS1,needs-answer,,
1769,16255,71017,multiple-choice,single,obsidian-quiz-blocks,radio,,LAL;MML;PS1,needs-answer,,
1769,16256,69959,multiple-choice,single,obsidian-quiz-blocks,radio,,LAL;MML;PS1,needs-answer,,
1769,16256,36031,multiple-choice,single,obsidian-quiz-blocks,radio,,LAL;MML;PS1,needs-answer,,
1769,16257,36055,multiple-choice,single,obsidian-quiz-blocks,radio,,LAL;MML;PS1,needs-answer,,
1769,16257,32800,multiple-choice,single,obsidian-quiz-blocks,radio,,LAL;MML;PS1,needs-answer,,
1770,16207,42095,multiple-choice,single,obsidian-quiz-blocks,radio,,LAL;MML;PS1,needs-answer,,
1770,16207,42105,multiple-choice,single,obsidian-quiz-blocks,radio,,LAL;MML;PS1,needs-answer,,
1770,16209,36224,multiple-choice,single,obsidian-quiz-blocks,radio,,LAL;MML;PS1,needs-answer,,
1770,16209,42094,multiple-choice,single,obsidian-quiz-blocks,radio,,LAL;MML;PS1,needs-answer,,
1770,19018,36221,multiple-choice,single,obsidian-quiz-blocks,radio,,LAL;MML;PS1,needs-answer,,
1770,19018,36120,multiple-choice,single,obsidian-quiz-blocks,radio,,LAL;MML;PS1,needs-answer,,
1771,41736,42471,multiple-choice,single,obsidian-quiz-blocks,radio,,LAL;MML;PS1,needs-answer,,
1771,41736,42884,multiple-choice,single,obsidian-quiz-blocks,radio,,LAL;MML;PS1,needs-answer,,
1771,41739,42955,multiple-choice,single,obsidian-quiz-blocks,radio,,LAL;MML;PS1,needs-answer,,
1771,41739,42472,multiple-choice,single,obsidian-quiz-blocks,radio,,LAL;MML;PS1,needs-answer,,
1771,41742,42468,multiple-choice,single,obsidian-quiz-blocks,radio,,LAL;MML;PS1,needs-answer,,
1771,41742,42480,multiple-choice,single,obsidian-quiz-blocks,radio,,LAL;MML;PS1,needs-answer,,
1771,41760,157695,multiple-choice,single,obsidian-quiz-blocks,radio,,LAL;MML;PS1,needs-answer,,
1771,41760,157694,multiple-choice,single,obsidian-quiz-blocks,radio,,LAL;MML;PS1,needs-answer,,
1772,16214,43078,multiple-choice,single,obsidian-quiz-blocks,radio,c,LAL;MML;PS1,converted-and-verified,manual,label
1772,16214,43076,multiple-choice,single,obsidian-quiz-blocks,radio,b,LAL;MML;PS1,converted-and-verified,manual,label
1772,16215,43079,multiple-choice,single,obsidian-quiz-blocks,radio,d,LAL;MML;PS1,converted-and-verified,manual,label
1772,16215,43077,multiple-choice,single,obsidian-quiz-blocks,radio,c,LAL;MML;PS1,converted-and-verified,manual,label
1772,16216,42503,multiple-choice,single,obsidian-quiz-blocks,radio,b,LAL;MML;PS1,converted-and-verified,manual,label
1772,16216,42505,multiple-choice,single,obsidian-quiz-blocks,radio,d,LAL;MML;PS1,converted-and-verified,manual,label
1772,22905,43080,multiple-choice,single,obsidian-quiz-blocks,radio,b,LAL;MML;PS1,converted-and-verified,manual,label
1772,22905,42076,multiple-choice,single,obsidian-quiz-blocks,radio,e,LAL;MML;PS1,converted-and-verified,manual,label
1772,22923,72462,multiple-choice,single,obsidian-quiz-blocks,radio,d,LAL;MML;PS1,converted-and-verified,manual,label
1772,22923,72465,multiple-choice,single,obsidian-quiz-blocks,radio,b,LAL;MML;PS1,converted-and-verified,manual,label
1774,16228,42996,multiple-choice,single,obsidian-quiz-blocks,radio,,LAL;MML;PS1,needs-answer,,
1774,16228,43062,multiple-choice,single,obsidian-quiz-blocks,radio,,LAL;MML;PS1,needs-answer,,
1774,16230,42584,multiple-choice,single,obsidian-quiz-blocks,radio,,LAL;MML;PS1,needs-answer,,
1774,16230,43063,multiple-choice,single,obsidian-quiz-blocks,radio,,LAL;MML;PS1,needs-answer,,
1774,16232,43097,multiple-choice,single,obsidian-quiz-blocks,radio,,LAL;MML;PS1,needs-answer,,
1774,16232,42581,multiple-choice,single,obsidian-quiz-blocks,radio,,LAL;MML;PS1,needs-answer,,
1777,16112,13759,multiple-choice,single,obsidian-quiz-blocks,radio,,LAL;MML;PS1,needs-answer,,
1777,16112,13769,multiple-choice,single,obsidian-quiz-blocks,radio,,LAL;MML;PS1,needs-answer,,
1777,16113,68740,multiple-choice,single,obsidian-quiz-blocks,radio,,LAL;MML;PS1,needs-answer,,
1777,16113,42090,multiple-choice,single,obsidian-quiz-blocks,radio,,LAL;MML;PS1,needs-answer,,
1777,16445,42115,multiple-choice,single,obsidian-quiz-blocks,radio,,LAL;MML;PS1,needs-answer,,
1777,16445,42091,multiple-choice,single,obsidian-quiz-blocks,radio,,LAL;MML;PS1,needs-answer,,
1792,45345,32872,multiple-choice,single,obsidian-quiz-blocks,radio,,MML;MVC;PS1,needs-answer,,
1792,45345,32916,multiple-choice,single,obsidian-quiz-blocks,radio,,MML;MVC;PS1,needs-answer,,
1792,45348,126845,multiple-choice,single,obsidian-quiz-blocks,radio,,MML;MVC;PS1,needs-answer,,
1792,45348,32917,multiple-choice,single,obsidian-quiz-blocks,radio,,MML;MVC;PS1,needs-answer,,
1792,45351,126902,multiple-choice,single,obsidian-quiz-blocks,radio,,MML;MVC;PS1,needs-answer,,
1792,45351,32918,multiple-choice,single,obsidian-quiz-blocks,radio,,MML;MVC;PS1,needs-answer,,
1792,45392,75519,multiple-choice,single,obsidian-quiz-blocks,radio,,MML;MVC;PS1,needs-answer,,
1792,45392,33498,multiple-choice,single,obsidian-quiz-blocks,radio,,MML;MVC;PS1,needs-answer,,
1799,17886,33244,multiple-choice,single,obsidian-quiz-blocks,radio,,LAL;MML;PS1,needs-answer,,
1799,17886,33004,multiple-choice,single,obsidian-quiz-blocks,radio,,LAL;MML;PS1,needs-answer,,
1799,17887,33005,multiple-choice,single,obsidian-quiz-blocks,radio,,LAL;MML;PS1,needs-answer,,
1799,17887,33237,multiple-choice,single,obsidian-quiz-blocks,radio,,LAL;MML;PS1,needs-answer,,
1799,17888,33252,multiple-choice,single,obsidian-quiz-blocks,radio,,LAL;MML;PS1,needs-answer,,
1799,17888,33234,multiple-choice,single,obsidian-quiz-blocks,radio,,LAL;MML;PS1,needs-answer,,
1799,18458,70643,multiple-choice,single,obsidian-quiz-blocks,radio,,LAL;MML;PS1,needs-answer,,
1799,18458,70641,multiple-choice,single,obsidian-quiz-blocks,radio,,LAL;MML;PS1,needs-answer,,
1805,17918,33029,multiple-choice,single,obsidian-quiz-blocks,radio,,LAL;MML;PS1,needs-answer,,
1805,17918,32971,multiple-choice,single,obsidian-quiz-blocks,radio,,LAL;MML;PS1,needs-answer,,
1805,17919,70821,multiple-choice,single,obsidian-quiz-blocks,radio,,LAL;MML;PS1,needs-answer,,
1805,17919,33319,multiple-choice,single,obsidian-quiz-blocks,radio,,LAL;MML;PS1,needs-answer,,
1805,17921,33316,multiple-choice,single,obsidian-quiz-blocks,radio,,LAL;MML;PS1,needs-answer,,
1805,17921,33037,multiple-choice,single,obsidian-quiz-blocks,radio,,LAL;MML;PS1,needs-answer,,
1806,421993,33155,multiple-choice,single,obsidian-quiz-blocks,radio,,LAL;MML;PS1,needs-answer,,
1806,421993,33154,multiple-choice,single,obsidian-quiz-blocks,radio,,LAL;MML;PS1,needs-answer,,
1806,421996,33818,multiple-choice,single,obsidian-quiz-blocks,radio,,LAL;MML;PS1,needs-answer,,
1806,421996,33816,multiple-choice,single,obsidian-quiz-blocks,radio,,LAL;MML;PS1,needs-answer,,
1806,421999,33158,multiple-choice,single,obsidian-quiz-blocks,radio,,LAL;MML;PS1,needs-answer,,
1806,421999,33066,multiple-choice,single,obsidian-quiz-blocks,radio,,LAL;MML;PS1,needs-answer,,
1806,422003,32989,multiple-choice,single,obsidian-quiz-blocks,radio,,LAL;MML;PS1,needs-answer,,
1806,422003,32988,multiple-choice,single,obsidian-quiz-blocks,radio,,LAL;MML;PS1,needs-answer,,
1807,17923,33139,multiple-choice,single,obsidian-quiz-blocks,radio,,LAL;MML;PS1,needs-answer,,
1807,17923,33931,multiple-choice,single,obsidian-quiz-blocks,radio,,LAL;MML;PS1,needs-answer,,
1807,17924,33165,multiple-choice,single,obsidian-quiz-blocks,radio,,LAL;MML;PS1,needs-answer,,
1807,17924,33146,multiple-choice,single,obsidian-quiz-blocks,radio,,LAL;MML;PS1,needs-answer,,
1807,17925,33923,multiple-choice,single,obsidian-quiz-blocks,radio,,LAL;MML;PS1,needs-answer,,
1807,17925,33911,multiple-choice,single,obsidian-quiz-blocks,radio,,LAL;MML;PS1,needs-answer,,
1807,17926,33145,multiple-choice,single,obsidian-quiz-blocks,radio,,LAL;MML;PS1,needs-answer,,
1807,17926,33912,multiple-choice,single,obsidian-quiz-blocks,radio,,LAL;MML;PS1,needs-answer,,
1808,17932,33202,multiple-choice,single,obsidian-quiz-blocks,radio,,LAL;MML;PS1,needs-answer,,
1808,17932,33068,multiple-choice,single,obsidian-quiz-blocks,radio,,LAL;MML;PS1,needs-answer,,
1808,17933,33081,multiple-choice,single,obsidian-quiz-blocks,radio,,LAL;MML;PS1,needs-answer,,
1808,17933,33203,multiple-choice,single,obsidian-quiz-blocks,radio,,LAL;MML;PS1,needs-answer,,
1808,17934,33986,multiple-choice,single,obsidian-quiz-blocks,radio,,LAL;MML;PS1,needs-answer,,
1808,17934,33992,multiple-choice,single,obsidian-quiz-blocks,radio,,LAL;MML;PS1,needs-answer,,
1810,17941,34031,multiple-choice,single,obsidian-quiz-blocks,radio,,LAL;MML;PS1,needs-answer,,
1810,17941,33466,multiple-choice,single,obsidian-quiz-blocks,radio,,LAL;MML;PS1,needs-answer,,
1810,17942,34075,multiple-choice,single,obsidian-quiz-blocks,radio,,LAL;MML;PS1,needs-answer,,
1810,17942,34062,multiple-choice,single,obsidian-quiz-blocks,radio,,LAL;MML;PS1,needs-answer,,
1810,17943,34070,multiple-choice,single,obsidian-quiz-blocks,radio,,LAL;MML;PS1,needs-answer,,
1810,17943,33464,multiple-choice,single,obsidian-quiz-blocks,radio,,LAL;MML;PS1,needs-answer,,
1849,17447,35097,multiple-choice,single,obsidian-quiz-blocks,radio,,LAL;MML;PS1,needs-answer,,
1849,17447,35138,multiple-choice,single,obsidian-quiz-blocks,radio,,LAL;MML;PS1,needs-answer,,
1849,17448,35133,multiple-choice,single,obsidian-quiz-blocks,radio,,LAL;MML;PS1,needs-answer,,
1849,17448,34223,multiple-choice,single,obsidian-quiz-blocks,radio,,LAL;MML;PS1,needs-answer,,
1849,17450,35131,multiple-choice,single,obsidian-quiz-blocks,radio,,LAL;MML;PS1,needs-answer,,
1849,17450,34227,multiple-choice,single,obsidian-quiz-blocks,radio,,LAL;MML;PS1,needs-answer,,
1849,17451,35141,multiple-choice,single,obsidian-quiz-blocks,radio,,LAL;MML;PS1,needs-answer,,
1849,17451,35129,multiple-choice,single,obsidian-quiz-blocks,radio,,LAL;MML;PS1,needs-answer,,
1850,17491,34258,multiple-choice,single,obsidian-quiz-blocks,radio,,LAL;MML;PS1,needs-answer,,
1850,17491,34499,multiple-choice,single,obsidian-quiz-blocks,radio,,LAL;MML;PS1,needs-answer,,
1850,17494,74080,multiple-choice,single,obsidian-quiz-blocks,radio,,LAL;MML;PS1,needs-answer,,
1850,17494,34260,multiple-choice,single,obsidian-quiz-blocks,radio,,LAL;MML;PS1,needs-answer,,
1850,23239,35567,multiple-choice,single,obsidian-quiz-blocks,radio,,LAL;MML;PS1,needs-answer,,
1850,23239,35568,multiple-choice,single,obsidian-quiz-blocks,radio,,LAL;MML;PS1,needs-answer,,
1851,17458,34249,multiple-choice,single,obsidian-quiz-blocks,radio,,LAL;MML;PS1,needs-answer,,
1851,17458,34250,multiple-choice,single,obsidian-quiz-blocks,radio,,LAL;MML;PS1,needs-answer,,
1851,17460,34574,multiple-choice,single,obsidian-quiz-blocks,radio,,LAL;MML;PS1,needs-answer,,
1851,17460,34248,multiple-choice,single,obsidian-quiz-blocks,radio,,LAL;MML;PS1,needs-answer,,
1851,17464,34568,multiple-choice,single,obsidian-quiz-blocks,radio,,LAL;MML;PS1,needs-answer,,
1851,17464,34054,multiple-choice,single,obsidian-quiz-blocks,radio,,LAL;MML;PS1,needs-answer,,
1851,23175,34566,multiple-choice,single,obsidian-quiz-blocks,radio,,LAL;MML;PS1,needs-answer,,
1851,23175,34243,multiple-choice,single,obsidian-quiz-blocks,radio,,LAL;MML;PS1,needs-answer,,
1852,17471,34205,multiple-choice,single,obsidian-quiz-blocks,radio,,LAL;MML;PS1,needs-answer,,
1852,17471,34635,multiple-choice,single,obsidian-quiz-blocks,radio,,LAL;MML;PS1,needs-answer,,
1852,17478,34211,multiple-choice,single,obsidian-quiz-blocks,radio,,LAL;MML;PS1,needs-answer,,
1852,17478,34207,multiple-choice,single,obsidian-quiz-blocks,radio,,LAL;MML;PS1,needs-answer,,
1852,23264,34060,multiple-choice,single,obsidian-quiz-blocks,radio,,LAL;MML;PS1,needs-answer,,
1852,23264,74560,multiple-choice,single,obsidian-quiz-blocks,radio,,LAL;MML;PS1,needs-answer,,
1853,41646,155956,multiple-choice,single,obsidian-quiz-blocks,radio,,LAL;MML;PS1,needs-answer,,
1853,41646,156607,multiple-choice,single,obsidian-quiz-blocks,radio,,LAL;MML;PS1,needs-answer,,
1853,41660,156679,multiple-choice,single,obsidian-quiz-blocks,radio,,LAL;MML;PS1,needs-answer,,
1853,41660,155957,multiple-choice,single,obsidian-quiz-blocks,radio,,LAL;MML;PS1,needs-answer,,
1853,41667,156719,multiple-choice,single,obsidian-quiz-blocks,radio,,LAL;MML;PS1,needs-answer,,
1853,41667,156685,multiple-choice,single,obsidian-quiz-blocks,radio,,LAL;MML;PS1,needs-answer,,
1854,17498,34390,multiple-choice,single,obsidian-quiz-blocks,radio,,LAL;MML;PS1,needs-answer,,
1854,17498,34331,multiple-choice,single,obsidian-quiz-blocks,radio,,LAL;MML;PS1,needs-answer,,
1854,17500,34386,multiple-choice,single,obsidian-quiz-blocks,radio,,LAL;MML;PS1,needs-answer,,
1854,17500,34948,multiple-choice,single,obsidian-quiz-blocks,radio,,LAL;MML;PS1,needs-answer,,
1854,17502,34951,multiple-choice,single,obsidian-quiz-blocks,radio,,LAL;MML;PS1,needs-answer,,
1854,17502,34333,multiple-choice,single,obsidian-quiz-blocks,radio,,LAL;MML;PS1,needs-answer,,
1855,17505,74723,multiple-choice,single,obsidian-quiz-blocks,radio,,LAL;MML;PS1,needs-answer,,
1855,17505,74724,multiple-choice,single,obsidian-quiz-blocks,radio,,LAL;MML;PS1,needs-answer,,
1855,23379,35694,multiple-choice,single,obsidian-quiz-blocks,radio,,LAL;MML;PS1,needs-answer,,
1855,23379,34464,multiple-choice,single,obsidian-quiz-blocks,radio,,LAL;MML;PS1,needs-answer,,
1855,23547,75588,multiple-choice,single,obsidian-quiz-blocks,radio,,LAL;MML;PS1,needs-answer,,
1855,23547,75580,multiple-choice,single,obsidian-quiz-blocks,radio,,LAL;MML;PS1,needs-answer,,
1856,17509,34423,multiple-choice,single,obsidian-quiz-blocks,radio,,LAL;MML;PS1,needs-answer,,
1856,17509,34522,multiple-choice,single,obsidian-quiz-blocks,radio,,LAL;MML;PS1,needs-answer,,
1856,17510,35529,multiple-choice,single,obsidian-quiz-blocks,radio,,LAL;MML;PS1,needs-answer,,
1856,17510,35460,multiple-choice,single,obsidian-quiz-blocks,radio,,LAL;MML;PS1,needs-answer,,
1856,17511,35503,multiple-choice,single,obsidian-quiz-blocks,radio,,LAL;MML;PS1,needs-answer,,
1856,17511,35450,multiple-choice,single,obsidian-quiz-blocks,radio,,LAL;MML;PS1,needs-answer,,
1856,17512,35532,multiple-choice,single,obsidian-quiz-blocks,radio,,LAL;MML;PS1,needs-answer,,
1856,17512,35533,multiple-choice,single,obsidian-quiz-blocks,radio,,LAL;MML;PS1,needs-answer,,
1861,41354,34289,multiple-choice,single,obsidian-quiz-blocks,radio,,LAL;MML;PS1,needs-answer,,
1861,41354,34291,multiple-choice,single,obsidian-quiz-blocks,radio,,LAL;MML;PS1,needs-answer,,
1861,41359,155967,multiple-choice,single,obsidian-quiz-blocks,radio,,LAL;MML;PS1,needs-answer,,
1861,41359,156591,multiple-choice,single,obsidian-quiz-blocks,radio,,LAL;MML;PS1,needs-answer,,
1861,41359,155965,multiple-choice,single,obsidian-quiz-blocks,radio,,LAL;MML;PS1,needs-answer,,
1861,41362,34273,multiple-choice,single,obsidian-quiz-blocks,radio,,LAL;MML;PS1,needs-answer,,
1861,41362,34153,multiple-choice,single,obsidian-quiz-blocks,radio,,LAL;MML;PS1,needs-answer,,
1864,17514,35232,multiple-choice,single,obsidian-quiz-blocks,radio,,LAL;MML;PS1,needs-answer,,
1864,17514,35239,multiple-choice,single,obsidian-quiz-blocks,radio,,LAL;MML;PS1,needs-answer,,
1864,17515,35233,multiple-choice,single,obsidian-quiz-blocks,radio,,LAL;MML;PS1,needs-answer,,
1864,17515,34617,multiple-choice,single,obsidian-quiz-blocks,radio,,LAL;MML;PS1,needs-answer,,
1864,17516,34764,multiple-choice,single,obsidian-quiz-blocks,radio,,LAL;MML;PS1,needs-answer,,
1864,17516,34762,multiple-choice,single,obsidian-quiz-blocks,radio,,LAL;MML;PS1,needs-answer,,
1864,23612,75845,multiple-choice,single,obsidian-quiz-blocks,radio,,LAL;MML;PS1,needs-answer,,
1864,23612,75844,multiple-choice,single,obsidian-quiz-blocks,radio,,LAL;MML;PS1,needs-answer,,
1865,17519,35258,multiple-choice,single,obsidian-quiz-blocks,radio,,LAL;MML;PS1,needs-answer,,
1865,17519,34769,multiple-choice,single,obsidian-quiz-blocks,radio,,LAL;MML;PS1,needs-answer,,
1865,17520,34772,multiple-choice,single,obsidian-quiz-blocks,radio,,LAL;MML;PS1,needs-answer,,
1865,17520,34770,multiple-choice,single,obsidian-quiz-blocks,radio,,LAL;MML;PS1,needs-answer,,
1865,17521,80635,multiple-choice,single,obsidian-quiz-blocks,radio,,LAL;MML;PS1,needs-answer,,
1865,17521,34771,multiple-choice,single,obsidian-quiz-blocks,radio,,LAL;MML;PS1,needs-answer,,
1866,19971,79149,multiple-choice,single,obsidian-quiz-blocks,radio,,LAL;MML;PS1,needs-answer,,
1866,19971,79143,multiple-choice,single,obsidian-quiz-blocks,radio,,LAL;MML;PS1,needs-answer,,
1866,19972,34811,multiple-choice,single,obsidian-quiz-blocks,radio,,LAL;MML;PS1,needs-answer,,
1866,19972,34854,multiple-choice,single,obsidian-quiz-blocks,radio,,LAL;MML;PS1,needs-answer,,
1867,19978,34806,multiple-choice,single,obsidian-quiz-blocks,radio,,LAL;MML;PS1,needs-answer,,
1867,19978,34825,multiple-choice,single,obsidian-quiz-blocks,radio,,LAL;MML;PS1,needs-answer,,
1867,19980,34807,multiple-choice,single,obsidian-quiz-blocks,radio,,LAL;MML;PS1,needs-answer,,
1867,19980,35270,multiple-choice,single,obsidian-quiz-blocks,radio,,LAL;MML;PS1,needs-answer,,
1867,19981,35278,multiple-choice,single,obsidian-quiz-blocks,radio,,LAL;MML;PS1,needs-answer,,
1867,19981,35290,multiple-choice,single,obsidian-quiz-blocks,radio,,LAL;MML;PS1,needs-answer,,
1868,19983,34900,multiple-choice,single,obsidian-quiz-blocks,radio,,LAL;MML;PS1,needs-answer,,
1868,19983,79196,multiple-choice,single,obsidian-quiz-blocks,radio,,LAL;MML;PS1,needs-answer,,
1868,19985,35349,multiple-choice,single,obsidian-quiz-blocks,radio,,LAL;MML;PS1,needs-answer,,
1868,19985,34904,multiple-choice,single,obsidian-quiz-blocks,radio,,LAL;MML;PS1,needs-answer,,
1868,19987,34974,multiple-choice,single,obsidian-quiz-blocks,radio,,LAL;MML;PS1,needs-answer,,
1868,19987,35345,multiple-choice,single,obsidian-quiz-blocks,radio,,LAL;MML;PS1,needs-answer,,
1869,19991,34834,multiple-choice,single,obsidian-quiz-blocks,radio,,LAL;MML;PS1,needs-answer,,
1869,19991,34936,multiple-choice,single,obsidian-quiz-blocks,radio,,LAL;MML;PS1,needs-answer,,
1869,37508,47586,multiple-choice,single,obsidian-quiz-blocks,radio,,LAL;MML;PS1,needs-answer,,
1869,37508,47599,multiple-choice,single,obsidian-quiz-blocks,radio,,LAL;MML;PS1,needs-answer,,
1869,37509,140766,multiple-choice,single,obsidian-quiz-blocks,radio,,LAL;MML;PS1,needs-answer,,
1869,37509,141343,multiple-choice,single,obsidian-quiz-blocks,radio,,LAL;MML;PS1,needs-answer,,
1892,19458,164232,multiple-choice,single,obsidian-quiz-blocks,radio,,MML;MVC;PS1,needs-answer,,
1892,19458,36465,multiple-choice,single,obsidian-quiz-blocks,radio,,MML;MVC;PS1,needs-answer,,
1892,22380,35409,multiple-choice,single,obsidian-quiz-blocks,radio,,MML;MVC;PS1,needs-answer,,
1892,22380,35410,multiple-choice,single,obsidian-quiz-blocks,radio,,MML;MVC;PS1,needs-answer,,
1892,45274,164234,multiple-choice,single,obsidian-quiz-blocks,radio,,MML;MVC;PS1,needs-answer,,
1892,45274,164233,multiple-choice,single,obsidian-quiz-blocks,radio,,MML;MVC;PS1,needs-answer,,
1892,45274,35429,multiple-choice,single,obsidian-quiz-blocks,radio,,MML;MVC;PS1,needs-answer,,
1893,19461,35701,multiple-choice,single,obsidian-quiz-blocks,radio,,MML;MVC;PS1,needs-answer,,
1893,19461,35927,multiple-choice,single,obsidian-quiz-blocks,radio,,MML;MVC;PS1,needs-answer,,
1893,19461,73856,multiple-choice,single,obsidian-quiz-blocks,radio,,MML;MVC;PS1,needs-answer,,
1893,19466,35557,multiple-choice,single,obsidian-quiz-blocks,radio,,MML;MVC;PS1,needs-answer,,
1893,19466,35705,multiple-choice,single,obsidian-quiz-blocks,radio,,MML;MVC;PS1,needs-answer,,
1893,22414,35844,multiple-choice,single,obsidian-quiz-blocks,radio,,MML;MVC;PS1,needs-answer,,
1893,22414,35703,multiple-choice,single,obsidian-quiz-blocks,radio,,MML;MVC;PS1,needs-answer,,
1894,30716,94081,multiple-choice,single,obsidian-quiz-blocks,radio,,MML;MVC;PS1,needs-answer,,
1894,30716,94082,multiple-choice,single,obsidian-quiz-blocks,radio,,MML;MVC;PS1,needs-answer,,
1894,30717,35596,multiple-choice,single,obsidian-quiz-blocks,radio,,MML;MVC;PS1,needs-answer,,
1894,30717,35620,multiple-choice,single,obsidian-quiz-blocks,radio,,MML;MVC;PS1,needs-answer,,
1895,30778,164350,multiple-choice,single,obsidian-quiz-blocks,radio,,MML;MVC;PS1,needs-answer,,
1895,30778,35569,multiple-choice,single,obsidian-quiz-blocks,radio,,MML;MVC;PS1,needs-answer,,
1895,30781,35355,multiple-choice,single,obsidian-quiz-blocks,radio,,MML;MVC;PS1,needs-answer,,
1895,30781,35363,multiple-choice,single,obsidian-quiz-blocks,radio,,MML;MVC;PS1,needs-answer,,
1896,19455,35509,multiple-choice,single,obsidian-quiz-blocks,radio,e,MML;MVC;PS1,converted-and-verified,manual,label
1896,19455,73214,multiple-choice,single,obsidian-quiz-blocks,radio,d,MML;MVC;PS1,converted-and-verified,manual,label
1896,19631,70560,multiple-choice,single,obsidian-quiz-blocks,radio,a,MML;MVC;PS1,converted-and-verified,manual,label
1896,19631,70563,multiple-choice,single,obsidian-quiz-blocks,radio,d,MML;MVC;PS1,converted-and-verified,manual,label
1896,19632,70927,multiple-choice,single,obsidian-quiz-blocks,radio,a,MML;MVC;PS1,converted-and-verified,manual,label
1896,19632,35526,multiple-choice,single,obsidian-quiz-blocks,radio,a,MML;MVC;PS1,converted-and-verified,manual,label
1896,19632,70488,multiple-choice,single,obsidian-quiz-blocks,radio,d,MML;MVC;PS1,converted-and-verified,manual,label
1896,45268,164186,multiple-choice,single,obsidian-quiz-blocks,radio,d,MML;MVC;PS1,converted-and-verified,manual,label
1896,45268,35518,multiple-choice,single,obsidian-quiz-blocks,radio,d,MML;MVC;PS1,converted-and-verified,manual,label
1898,31030,36015,multiple-choice,single,obsidian-quiz-blocks,radio,,MML;MVC;PS1,needs-answer,,
1898,31030,164554,multiple-choice,single,obsidian-quiz-blocks,radio,,MML;MVC;PS1,needs-answer,,
1898,45294,164361,multiple-choice,single,obsidian-quiz-blocks,radio,,MML;MVC;PS1,needs-answer,,
1898,45294,164372,multiple-choice,single,obsidian-quiz-blocks,radio,,MML;MVC;PS1,needs-answer,,
1898,45300,164373,multiple-choice,single,obsidian-quiz-blocks,radio,,MML;MVC;PS1,needs-answer,,
1898,45300,164546,multiple-choice,single,obsidian-quiz-blocks,radio,,MML;MVC;PS1,needs-answer,,
1899,41879,158182,multiple-choice,single,obsidian-quiz-blocks,radio,d,MVC;MML;PS1,converted-and-verified,manual,label
1899,41879,158177,multiple-choice,single,obsidian-quiz-blocks,radio,b,MVC;MML;PS1,converted-and-verified,manual,label
1899,41882,158197,multiple-choice,single,obsidian-quiz-blocks,radio,e,MVC;MML;PS1,converted-and-verified,image-id,answer-image-id-1
1899,41882,158195,multiple-choice,single,obsidian-quiz-blocks,radio,c,MVC;MML;PS1,converted-and-verified,image-id,answer-image-id-1
1899,41882,158203,multiple-choice,single,obsidian-quiz-blocks,radio,e,MVC;MML;PS1,converted-and-verified,image-id,answer-image-id-1
1899,41892,158245,multiple-choice,single,obsidian-quiz-blocks,radio,c,MVC;MML;PS1,converted-and-verified,manual,label
1899,41892,158243,multiple-choice,single,obsidian-quiz-blocks,radio,a,MVC;MML;PS1,converted-and-verified,manual,label
1899,41906,158438,multiple-choice,single,obsidian-quiz-blocks,radio,c,MVC;MML;PS1,converted-and-verified,manual,label
1899,41906,158180,multiple-choice,single,obsidian-quiz-blocks,radio,c,MVC;MML;PS1,converted-and-verified,manual,label
1899,41906,158181,multiple-choice,single,obsidian-quiz-blocks,radio,c,MVC;MML;PS1,converted-and-verified,manual,label
1900,15419,36829,multiple-choice,single,obsidian-quiz-blocks,radio,,MML;MVC;PS1,needs-answer,,
1900,15419,35534,multiple-choice,single,obsidian-quiz-blocks,radio,,MML;MVC;PS1,needs-answer,,
1900,15420,35520,multiple-choice,single,obsidian-quiz-blocks,radio,a,MML;MVC;PS1,converted-and-verified,image-id,answer-image-id-1
1900,15420,64908,multiple-choice,single,obsidian-quiz-blocks,radio,d,MML;MVC;PS1,converted-and-verified,image-id,answer-image-id-1
1900,22187,36434,multiple-choice,single,obsidian-quiz-blocks,radio,,MML;MVC;PS1,needs-answer,,
1900,22187,36340,multiple-choice,single,obsidian-quiz-blocks,radio,,MML;MVC;PS1,needs-answer,,
1904,17201,35729,multiple-choice,single,obsidian-quiz-blocks,radio,,LAL;MML;PS1,needs-answer,,
1904,17201,35755,multiple-choice,single,obsidian-quiz-blocks,radio,,LAL;MML;PS1,needs-answer,,
1904,17202,35391,multiple-choice,single,obsidian-quiz-blocks,radio,,LAL;MML;PS1,needs-answer,,
1904,17202,35730,multiple-choice,single,obsidian-quiz-blocks,radio,,LAL;MML;PS1,needs-answer,,
1904,17204,35459,multiple-choice,single,obsidian-quiz-blocks,radio,,LAL;MML;PS1,needs-answer,,
1904,17204,35457,multiple-choice,single,obsidian-quiz-blocks,radio,,LAL;MML;PS1,needs-answer,,
1904,17205,35734,multiple-choice,single,obsidian-quiz-blocks,radio,,LAL;MML;PS1,needs-answer,,
1904,17205,35732,multiple-choice,single,obsidian-quiz-blocks,radio,,LAL;MML;PS1,needs-answer,,
1906,17454,74700,multiple-choice,single,obsidian-quiz-blocks,radio,,LAL;MML;PS1,needs-answer,,
1906,17454,106686,multiple-choice,single,obsidian-quiz-blocks,radio,,LAL;MML;PS1,needs-answer,,
1906,30785,94740,multiple-choice,single,obsidian-quiz-blocks,radio,,LAL;MML;PS1,needs-answer,,
1906,30785,106806,multiple-choice,single,obsidian-quiz-blocks,radio,,LAL;MML;PS1,needs-answer,,
1906,37506,94655,multiple-choice,single,obsidian-quiz-blocks,radio,,LAL;MML;PS1,needs-answer,,
1906,37506,94694,multiple-choice,single,obsidian-quiz-blocks,radio,,LAL;MML;PS1,needs-answer,,
1910,17538,36310,multiple-choice,single,obsidian-quiz-blocks,radio,,LAL;MML;PS1,needs-answer,,
1910,17538,36484,multiple-choice,single,obsidian-quiz-blocks,radio,,LAL;MML;PS1,needs-answer,,
1910,17541,36503,multiple-choice,single,obsidian-quiz-blocks,radio,,LAL;MML;PS1,needs-answer,,
1910,17541,37154,multiple-choice,single,obsidian-quiz-blocks,radio,,LAL;MML;PS1,needs-answer,,
1910,17542,36488,multiple-choice,single,obsidian-quiz-blocks,radio,,LAL;MML;PS1,needs-answer,,
1910,17542,37160,multiple-choice,single,obsidian-quiz-blocks,radio,,LAL;MML;PS1,needs-answer,,
1910,26946,36487,multiple-choice,single,obsidian-quiz-blocks,radio,,LAL;MML;PS1,needs-answer,,
1910,26946,37224,multiple-choice,single,obsidian-quiz-blocks,radio,,LAL;MML;PS1,needs-answer,,
1920,189150,36023,multiple-choice,single,obsidian-quiz-blocks,radio,,LAL;MML;PS1,needs-answer,,
1920,189150,32753,multiple-choice,single,obsidian-quiz-blocks,radio,,LAL;MML;PS1,needs-answer,,
1920,189153,32780,multiple-choice,single,obsidian-quiz-blocks,radio,,LAL;MML;PS1,needs-answer,,
1920,189153,127045,multiple-choice,single,obsidian-quiz-blocks,radio,,LAL;MML;PS1,needs-answer,,
1920,189156,22295,multiple-choice,single,obsidian-quiz-blocks,radio,,LAL;MML;PS1,needs-answer,,
1920,189156,36026,multiple-choice,single,obsidian-quiz-blocks,radio,,LAL;MML;PS1,needs-answer,,
1920,189159,236986,free-response,multi,,,,,,,
1920,189159,236389,free-response,multi,,,,,,,
1928,17528,81394,multiple-choice,single,obsidian-quiz-blocks,radio,,LAL;MML;PS1,needs-answer,,
1928,17528,35685,multiple-choice,single,obsidian-quiz-blocks,radio,,LAL;MML;PS1,needs-answer,,
1928,17530,36400,multiple-choice,single,obsidian-quiz-blocks,radio,,LAL;MML;PS1,needs-answer,,
1928,17530,36366,multiple-choice,single,obsidian-quiz-blocks,radio,,LAL;MML;PS1,needs-answer,,
1928,17533,35793,multiple-choice,single,obsidian-quiz-blocks,radio,,LAL;MML;PS1,needs-answer,,
1928,17533,35799,multiple-choice,single,obsidian-quiz-blocks,radio,,LAL;MML;PS1,needs-answer,,
1928,17535,35805,multiple-choice,single,obsidian-quiz-blocks,radio,,LAL;MML;PS1,needs-answer,,
1928,17535,36357,multiple-choice,single,obsidian-quiz-blocks,radio,,LAL;MML;PS1,needs-answer,,
1929,41896,35709,multiple-choice,single,obsidian-quiz-blocks,radio,,MML;MVC;PS1,needs-answer,,
1929,41896,132241,multiple-choice,single,obsidian-quiz-blocks,radio,,MML;MVC;PS1,needs-answer,,
1929,41966,158412,multiple-choice,single,obsidian-quiz-blocks,radio,,MML;MVC;PS1,needs-answer,,
1929,41966,158413,multiple-choice,single,obsidian-quiz-blocks,radio,,MML;MVC;PS1,needs-answer,,
1929,41990,132257,multiple-choice,single,obsidian-quiz-blocks,radio,,MML;MVC;PS1,needs-answer,,
1929,41990,159604,multiple-choice,single,obsidian-quiz-blocks,radio,,MML;MVC;PS1,needs-answer,,
1930,41387,71882,multiple-choice,single,obsidian-quiz-blocks,radio,e,MML;MVC;PS1,converted-and-verified,manual,label
1930,41387,36432,multiple-choice,single,obsidian-quiz-blocks,radio,c,MML;MVC;PS1,converted-and-verified,manual,label
1930,41433,156152,multiple-choice,single,obsidian-quiz-blocks,radio,e,MML;MVC;PS1,converted-and-verified,manual,label
1930,41433,159266,multiple-choice,single,obsidian-quiz-blocks,radio,d,MML;MVC;PS1,converted-and-verified,manual,label
1930,41912,36403,multiple-choice,single,obsidian-quiz-blocks,radio,a,MML;MVC;PS1,converted-and-verified,manual,label
1930,41912,105351,multiple-choice,single,obsidian-quiz-blocks,radio,b,MML;MVC;PS1,converted-and-verified,manual,label
1930,41916,36409,multiple-choice,single,obsidian-quiz-blocks,radio,b,MML;MVC;PS1,converted-and-verified,manual,label
1930,41916,71883,multiple-choice,single,obsidian-quiz-blocks,radio,b,MML;MVC;PS1,converted-and-verified,manual,label
1930,41916,158302,multiple-choice,single,obsidian-quiz-blocks,radio,b,MML;MVC;PS1,converted-and-verified,manual,label
1931,11090,36135,multiple-choice,single,obsidian-quiz-blocks,radio,,MML;MVC;PS1,needs-answer,,
1931,11090,35952,multiple-choice,single,obsidian-quiz-blocks,radio,,MML;MVC;PS1,needs-answer,,
1931,11092,74924,multiple-choice,single,obsidian-quiz-blocks,radio,,MML;MVC;PS1,needs-answer,,
1931,11092,74898,multiple-choice,single,obsidian-quiz-blocks,radio,,MML;MVC;PS1,needs-answer,,
1931,11197,74903,multiple-choice,single,obsidian-quiz-blocks,radio,,MML;MVC;PS1,needs-answer,,
1931,11197,35953,multiple-choice,single,obsidian-quiz-blocks,radio,,MML;MVC;PS1,needs-answer,,
1931,23425,74901,multiple-choice,single,obsidian-quiz-blocks,radio,,MML;MVC;PS1,needs-answer,,
1931,23425,74954,multiple-choice,single,obsidian-quiz-blocks,radio,,MML;MVC;PS1,needs-answer,,
1932,11426,36481,multiple-choice,single,obsidian-quiz-blocks,radio,,MML;MVC;PS1,needs-answer,,
1932,11426,36623,multiple-choice,single,obsidian-quiz-blocks,radio,,MML;MVC;PS1,needs-answer,,
1932,11429,36522,multiple-choice,single,obsidian-quiz-blocks,radio,,MML;MVC;PS1,needs-answer,,
1932,11429,36504,multiple-choice,single,obsidian-quiz-blocks,radio,,MML;MVC;PS1,needs-answer,,
1932,22675,36527,multiple-choice,single,obsidian-quiz-blocks,radio,,MML;MVC;PS1,needs-answer,,
1932,22675,65252,multiple-choice,single,obsidian-quiz-blocks,radio,,MML;MVC;PS1,needs-answer,,
1933,10559,65057,multiple-choice,single,obsidian-quiz-blocks,radio,,MML;MVC;PS1,needs-answer,,
1933,10559,35947,multiple-choice,single,obsidian-quiz-blocks,radio,,MML;MVC;PS1,needs-answer,,
1933,10563,36014,multiple-choice,single,obsidian-quiz-blocks,radio,,MML;MVC;PS1,needs-answer,,
1933,10563,35936,multiple-choice,single,obsidian-quiz-blocks,radio,,MML;MVC;PS1,needs-answer,,
1933,10567,36019,multiple-choice,single,obsidian-quiz-blocks,radio,,MML;MVC;PS1,needs-answer,,
1933,10567,35969,multiple-choice,single,obsidian-quiz-blocks,radio,,MML;MVC;PS1,needs-answer,,
1934,10571,35990,multiple-choice,single,obsidian-quiz-blocks,radio,,MML;MVC;PS1,needs-answer,,
1934,10571,35988,multiple-choice,single,obsidian-quiz-blocks,radio,,MML;MVC;PS1,needs-answer,,
1934,10575,36918,multiple-choice,single,obsidian-quiz-blocks,radio,,MML;MVC;PS1,needs-answer,,
1934,10575,36968,multiple-choice,single,obsidian-quiz-blocks,radio,,MML;MVC;PS1,needs-answer,,
1934,10578,36970,multiple-choice,single,obsidian-quiz-blocks,radio,,MML;MVC;PS1,needs-answer,,
1934,10578,35995,multiple-choice,single,obsidian-quiz-blocks,radio,,MML;MVC;PS1,needs-answer,,
1934,10701,37466,multiple-choice,single,obsidian-quiz-blocks,radio,,MML;MVC;PS1,needs-answer,,
1934,10701,36144,multiple-choice,single,obsidian-quiz-blocks,radio,,MML;MVC;PS1,needs-answer,,
1936,12678,95056,multiple-choice,single,obsidian-quiz-blocks,radio,,MML;MVC;PS1,needs-answer,,
1936,12678,36211,multiple-choice,single,obsidian-quiz-blocks,radio,,MML;MVC;PS1,needs-answer,,
1936,12682,95075,multiple-choice,single,obsidian-quiz-blocks,radio,,MML;MVC;PS1,needs-answer,,
1936,12682,36238,multiple-choice,single,obsidian-quiz-blocks,radio,,MML;MVC;PS1,needs-answer,,
1936,12684,36247,multiple-choice,single,obsidian-quiz-blocks,radio,,MML;MVC;PS1,needs-answer,,
1936,12684,36253,multiple-choice,single,obsidian-quiz-blocks,radio,,MML;MVC;PS1,needs-answer,,
1936,30936,94872,multiple-choice,single,obsidian-quiz-blocks,radio,,MML;MVC;PS1,needs-answer,,
1936,30936,36215,multiple-choice,single,obsidian-quiz-blocks,radio,,MML;MVC;PS1,needs-answer,,
1937,10796,36747,multiple-choice,single,obsidian-quiz-blocks,radio,,MML;MVC;PS1,needs-answer,,
1937,10796,36746,multiple-choice,single,obsidian-quiz-blocks,radio,,MML;MVC;PS1,needs-answer,,
1937,32184,97876,multiple-choice,single,obsidian-quiz-blocks,radio,,MML;MVC;PS1,needs-answer,,
1937,32184,97878,multiple-choice,single,obsidian-quiz-blocks,radio,,MML;MVC;PS1,needs-answer,,
1937,32300,97877,multiple-choice,single,obsidian-quiz-blocks,radio,,MML;MVC;PS1,needs-answer,,
1937,32300,97879,multiple-choice,single,obsidian-quiz-blocks,radio,,MML;MVC;PS1,needs-answer,,
1938,11246,37077,multiple-choice,single,obsidian-quiz-blocks,radio,,MML;MVC;PS1,needs-answer,,
1938,11246,36273,multiple-choice,single,obsidian-quiz-blocks,radio,,MML;MVC;PS1,needs-answer,,
1938,11257,36305,multiple-choice,single,obsidian-quiz-blocks,radio,,MML;MVC;PS1,needs-answer,,
1938,11257,36293,multiple-choice,single,obsidian-quiz-blocks,radio,,MML;MVC;PS1,needs-answer,,
1938,11260,37074,multiple-choice,single,obsidian-quiz-blocks,radio,,MML;MVC;PS1,needs-answer,,
1938,11260,36297,multiple-choice,single,obsidian-quiz-blocks,radio,,MML;MVC;PS1,needs-answer,,
1939,11376,36311,multiple-choice,single,obsidian-quiz-blocks,radio,,MML;MVC;PS1,needs-answer,,
1939,11376,36378,multiple-choice,single,obsidian-quiz-blocks,radio,,MML;MVC;PS1,needs-answer,,
1939,11379,36339,multiple-choice,single,obsidian-quiz-blocks,radio,,MML;MVC;PS1,needs-answer,,
1939,11379,65173,multiple-choice,single,obsidian-quiz-blocks,radio,,MML;MVC;PS1,needs-answer,,
1939,11384,37570,multiple-choice,single,obsidian-quiz-blocks,radio,,MML;MVC;PS1,needs-answer,,
1939,11384,65167,multiple-choice,single,obsidian-quiz-blocks,radio,,MML;MVC;PS1,needs-answer,,
1939,11387,37515,multiple-choice,single,obsidian-quiz-blocks,radio,,MML;MVC;PS1,needs-answer,,
1939,11387,36343,multiple-choice,single,obsidian-quiz-blocks,radio,,MML;MVC;PS1,needs-answer,,
1944,45415,36622,multiple-choice,single,obsidian-quiz-blocks,radio,,MML;MVC;PS2,needs-answer,,
1944,45415,36635,multiple-choice,single,obsidian-quiz-blocks,radio,,MML;MVC;PS2,needs-answer,,
1944,45420,37378,multiple-choice,single,obsidian-quiz-blocks,radio,,MML;MVC;PS2,needs-answer,,
1944,45420,37588,multiple-choice,single,obsidian-quiz-blocks,radio,,MML;MVC;PS2,needs-answer,,
1944,45423,37592,multiple-choice,single,obsidian-quiz-blocks,radio,,MML;MVC;PS2,needs-answer,,
1944,45423,37590,multiple-choice,single,obsidian-quiz-blocks,radio,,MML;MVC;PS2,needs-answer,,
1945,25918,163722,multiple-choice,single,obsidian-quiz-blocks,radio,,MML;MVC;PS2,needs-answer,,
1945,25918,163723,multiple-choice,single,obsidian-quiz-blocks,radio,,MML;MVC;PS2,needs-answer,,
1945,44845,162705,multiple-choice,single,obsidian-quiz-blocks,radio,,MML;MVC;PS2,needs-answer,,
1945,44845,162706,multiple-choice,single,obsidian-quiz-blocks,radio,,MML;MVC;PS2,needs-answer,,
1945,44846,162743,multiple-choice,single,obsidian-quiz-blocks,radio,,MML;MVC;PS2,needs-answer,,
1945,44846,162747,multiple-choice,single,obsidian-quiz-blocks,radio,,MML;MVC;PS2,needs-answer,,
1945,44871,163721,multiple-choice,single,obsidian-quiz-blocks,radio,,MML;MVC;PS2,needs-answer,,
1945,44871,163787,multiple-choice,single,obsidian-quiz-blocks,radio,,MML;MVC;PS2,needs-answer,,
1947,45427,37149,multiple-choice,single,obsidian-quiz-blocks,radio,,MML;MVC;PS2,needs-answer,,
1947,45427,37369,multiple-choice,single,obsidian-quiz-blocks,radio,,MML;MVC;PS2,needs-answer,,
1947,45430,37155,multiple-choice,single,obsidian-quiz-blocks,radio,,MML;MVC;PS2,needs-answer,,
1947,45430,37372,multiple-choice,single,obsidian-quiz-blocks,radio,,MML;MVC;PS2,needs-answer,,
1947,45434,37374,multiple-choice,single,obsidian-quiz-blocks,radio,,MML;MVC;PS2,needs-answer,,
1947,45434,37162,multiple-choice,single,obsidian-quiz-blocks,radio,,MML;MVC;PS2,needs-answer,,
1948,32291,37869,multiple-choice,single,obsidian-quiz-blocks,radio,,MML;MVC;PS2,needs-answer,,
1948,32291,162755,multiple-choice,single,obsidian-quiz-blocks,radio,,MML;MVC;PS2,needs-answer,,
1948,32291,162795,multiple-choice,single,obsidian-quiz-blocks,radio,,MML;MVC;PS2,needs-answer,,
1948,32494,99113,multiple-choice,single,obsidian-quiz-blocks,radio,,MML;MVC;PS2,needs-answer,,
1948,32494,162783,multiple-choice,single,obsidian-quiz-blocks,radio,,MML;MVC;PS2,needs-answer,,
1948,44830,99040,multiple-choice,single,obsidian-quiz-blocks,radio,,MML;MVC;PS2,needs-answer,,
1948,44830,162762,multiple-choice,single,obsidian-quiz-blocks,radio,,MML;MVC;PS2,needs-answer,,
1948,44830,162761,multiple-choice,single,obsidian-quiz-blocks,radio,,MML;MVC;PS2,needs-answer,,
1955,10305,36463,multiple-choice,single,obsidian-quiz-blocks,radio,,MML;MVC;PS1,needs-answer,,
1955,10305,36216,multiple-choice,single,obsidian-quiz-blocks,radio,,MML;MVC;PS1,needs-answer,,
1955,10312,36369,multiple-choice,single,obsidian-quiz-blocks,radio,,MML;MVC;PS1,needs-answer,,
1955,10312,36219,multiple-choice,single,obsidian-quiz-blocks,radio,,MML;MVC;PS1,needs-answer,,
1955,10315,36371,multiple-choice,single,obsidian-quiz-blocks,radio,,MML;MVC;PS1,needs-answer,,
1955,10315,64972,multiple-choice,single,obsidian-quiz-blocks,radio,,MML;MVC;PS1,needs-answer,,
1957,10709,65136,multiple-choice,single,obsidian-quiz-blocks,radio,,MML;MVC;PS1,needs-answer,,
1957,10709,36617,multiple-choice,single,obsidian-quiz-blocks,radio,,MML;MVC;PS1,needs-answer,,
1957,10710,36521,multiple-choice,single,obsidian-quiz-blocks,radio,,MML;MVC;PS1,needs-answer,,
1957,10710,36483,multiple-choice,single,obsidian-quiz-blocks,radio,,MML;MVC;PS1,needs-answer,,
1957,10713,36518,multiple-choice,single,obsidian-quiz-blocks,radio,,MML;MVC;PS1,needs-answer,,
1957,10713,65127,multiple-choice,single,obsidian-quiz-blocks,radio,,MML;MVC;PS1,needs-answer,,
1964,20094,36845,multiple-choice,single,obsidian-quiz-blocks,radio,,LAL;MML;PS1,needs-answer,,
1964,20094,36822,multiple-choice,single,obsidian-quiz-blocks,radio,,LAL;MML;PS1,needs-answer,,
1964,20096,36841,multiple-choice,single,obsidian-quiz-blocks,radio,,LAL;MML;PS1,needs-answer,,
1964,20096,36824,multiple-choice,single,obsidian-quiz-blocks,radio,,LAL;MML;PS1,needs-answer,,
1964,25951,37355,multiple-choice,single,obsidian-quiz-blocks,radio,,LAL;MML;PS1,needs-answer,,
1964,25951,36819,multiple-choice,single,obsidian-quiz-blocks,radio,,LAL;MML;PS1,needs-answer,,
1965,20104,37580,multiple-choice,single,obsidian-quiz-blocks,radio,,LAL;MML;PS1,needs-answer,,
1965,20104,37581,multiple-choice,single,obsidian-quiz-blocks,radio,,LAL;MML;PS1,needs-answer,,
1965,20105,36983,multiple-choice,single,obsidian-quiz-blocks,radio,,LAL;MML;PS1,needs-answer,,
1965,20105,37622,multiple-choice,single,obsidian-quiz-blocks,radio,,LAL;MML;PS1,needs-answer,,
1965,20107,36981,multiple-choice,single,obsidian-quiz-blocks,radio,,LAL;MML;PS1,needs-answer,,
1965,20107,37407,multiple-choice,single,obsidian-quiz-blocks,radio,,LAL;MML;PS1,needs-answer,,
1965,20108,36760,multiple-choice,single,obsidian-quiz-blocks,radio,,LAL;MML;PS1,needs-answer,,
1965,20108,96708,multiple-choice,single,obsidian-quiz-blocks,radio,,LAL;MML;PS1,needs-answer,,
1968,31838,37609,multiple-choice,single,obsidian-quiz-blocks,radio,,LAL;MML;PS1,needs-answer,,
1968,31838,37599,multiple-choice,single,obsidian-quiz-blocks,radio,,LAL;MML;PS1,needs-answer,,
1968,31842,36908,multiple-choice,single,obsidian-quiz-blocks,radio,,LAL;MML;PS1,needs-answer,,
1968,31842,37084,multiple-choice,single,obsidian-quiz-blocks,radio,,LAL;MML;PS1,needs-answer,,
1968,31845,37634,multiple-choice,single,obsidian-quiz-blocks,radio,,LAL;MML;PS1,needs-answer,,
1968,31845,37086,multiple-choice,single,obsidian-quiz-blocks,radio,,LAL;MML;PS1,needs-answer,,
1968,31848,37610,multiple-choice,single,obsidian-quiz-blocks,radio,,LAL;MML;PS1,needs-answer,,
1968,31848,37600,multiple-choice,single,obsidian-quiz-blocks,radio,,LAL;MML;PS1,needs-answer,,
1969,20122,37257,multiple-choice,single,obsidian-quiz-blocks,radio,,LAL;MML;PS1,needs-answer,,
1969,20122,37597,multiple-choice,single,obsidian-quiz-blocks,radio,,LAL;MML;PS1,needs-answer,,
1969,20124,37272,multiple-choice,single,obsidian-quiz-blocks,radio,,LAL;MML;PS1,needs-answer,,
1969,20124,37270,multiple-choice,single,obsidian-quiz-blocks,radio,,LAL;MML;PS1,needs-answer,,
1969,26234,37314,multiple-choice,single,obsidian-quiz-blocks,radio,,LAL;MML;PS1,needs-answer,,
1969,26234,37271,multiple-choice,single,obsidian-quiz-blocks,radio,,LAL;MML;PS1,needs-answer,,
1970,20126,37251,multiple-choice,single,obsidian-quiz-blocks,radio,,LAL;MML;PS1,needs-answer,,
1970,20126,37806,multiple-choice,single,obsidian-quiz-blocks,radio,,LAL;MML;PS1,needs-answer,,
1970,20127,37843,multiple-choice,single,obsidian-quiz-blocks,radio,,LAL;MML;PS1,needs-answer,,
1970,20127,37807,multiple-choice,single,obsidian-quiz-blocks,radio,,LAL;MML;PS1,needs-answer,,
1970,20128,37273,multiple-choice,single,obsidian-quiz-blocks,radio,,LAL;MML;PS1,needs-answer,,
1970,20128,37250,multiple-choice,single,obsidian-quiz-blocks,radio,,LAL;MML;PS1,needs-answer,,
1970,27129,37239,multiple-choice,single,obsidian-quiz-blocks,radio,,LAL;MML;PS1,needs-answer,,
1970,27129,37275,multiple-choice,single,obsidian-quiz-blocks,radio,,LAL;MML;PS1,needs-answer,,
1971,20130,37329,multiple-choice,single,obsidian-quiz-blocks,radio,,LAL;MML;PS1,needs-answer,,
1971,20130,37327,multiple-choice,single,obsidian-quiz-blocks,radio,,LAL;MML;PS1,needs-answer,,
1971,21531,37647,multiple-choice,single,obsidian-quiz-blocks,radio,,LAL;MML;PS1,needs-answer,,
1971,21531,37703,multiple-choice,single,obsidian-quiz-blocks,radio,,LAL;MML;PS1,needs-answer,,
1971,31599,37717,multiple-choice,single,obsidian-quiz-blocks,radio,,LAL;MML;PS1,needs-answer,,
1971,31599,37304,multiple-choice,single,obsidian-quiz-blocks,radio,,LAL;MML;PS1,needs-answer,,
1976,65157,180825,multiple-choice,single,obsidian-quiz-blocks,radio,e,LAL;MML;MOP;PS1,converted-and-verified,manual,label
1976,65157,180812,multiple-choice,single,obsidian-quiz-blocks,radio,c,LAL;MML;MOP;PS1,converted-and-verified,manual,label
1976,65160,180814,multiple-choice,single,obsidian-quiz-blocks,radio,c,LAL;MML;MOP;PS1,converted-and-verified,manual,label
1976,65160,180823,multiple-choice,single,obsidian-quiz-blocks,radio,a,LAL;MML;MOP;PS1,converted-and-verified,manual,label
1976,65160,183543,multiple-choice,single,obsidian-quiz-blocks,radio,b,LAL;MML;MOP;PS1,converted-and-verified,manual,label
1976,65165,183537,multiple-choice,single,obsidian-quiz-blocks,radio,d,LAL;MML;MOP;PS1,converted-and-verified,manual,label
1976,65165,183583,multiple-choice,single,obsidian-quiz-blocks,radio,c,LAL;MML;MOP;PS1,converted-and-verified,manual,label
1976,65165,183590,multiple-choice,single,obsidian-quiz-blocks,radio,b,LAL;MML;MOP;PS1,converted-and-verified,manual,label
1977,20100,36814,multiple-choice,single,obsidian-quiz-blocks,radio,,LAL;MML;PS1,needs-answer,,
1977,20100,36946,multiple-choice,single,obsidian-quiz-blocks,radio,,LAL;MML;PS1,needs-answer,,
1977,20101,37398,multiple-choice,single,obsidian-quiz-blocks,radio,,LAL;MML;PS1,needs-answer,,
1977,20101,37405,multiple-choice,single,obsidian-quiz-blocks,radio,,LAL;MML;PS1,needs-answer,,
1977,20102,37385,multiple-choice,single,obsidian-quiz-blocks,radio,,LAL;MML;PS1,needs-answer,,
1977,20102,36949,multiple-choice,single,obsidian-quiz-blocks,radio,,LAL;MML;PS1,needs-answer,,
1978,22163,64904,multiple-choice,single,obsidian-quiz-blocks,radio,,MML;MVC;PS1,needs-answer,,
1978,22163,36342,multiple-choice,single,obsidian-quiz-blocks,radio,,MML;MVC;PS1,needs-answer,,
1978,22164,36987,multiple-choice,single,obsidian-quiz-blocks,radio,,MML;MVC;PS1,needs-answer,,
1978,22164,36986,multiple-choice,single,obsidian-quiz-blocks,radio,,MML;MVC;PS1,needs-answer,,
1978,22180,36464,multiple-choice,single,obsidian-quiz-blocks,radio,,MML;MVC;PS1,needs-answer,,
1978,22180,36992,multiple-choice,single,obsidian-quiz-blocks,radio,,MML;MVC;PS1,needs-answer,,
1979,22590,71816,multiple-choice,single,obsidian-quiz-blocks,radio,,MML;MVC;PS1,needs-answer,,
1979,22590,71809,multiple-choice,single,obsidian-quiz-blocks,radio,a,MML;MVC;PS1,converted-and-verified,image-id,answer-image-id-1
1979,22592,71830,multiple-choice,single,obsidian-quiz-blocks,radio,,MML;MVC;PS1,needs-answer,,
1979,22592,71823,multiple-choice,single,obsidian-quiz-blocks,radio,a,MML;MVC;PS1,converted-and-verified,image-id,answer-image-id-1
1979,22594,71895,multiple-choice,single,obsidian-quiz-blocks,radio,,MML;MVC;PS1,needs-answer,,
1979,22594,71892,multiple-choice,single,obsidian-quiz-blocks,radio,,MML;MVC;PS1,needs-answer,,
1980,23118,37721,multiple-choice,single,obsidian-quiz-blocks,radio,,MML;MVC;PS1,needs-answer,,
1980,23118,37595,multiple-choice,single,obsidian-quiz-blocks,radio,,MML;MVC;PS1,needs-answer,,
1980,23123,37982,multiple-choice,single,obsidian-quiz-blocks,radio,,MML;MVC;PS1,needs-answer,,
1980,23123,37993,multiple-choice,single,obsidian-quiz-blocks,radio,,MML;MVC;PS1,needs-answer,,
1980,23135,37604,multiple-choice,single,obsidian-quiz-blocks,radio,,MML;MVC;PS1,needs-answer,,
1980,23135,73729,multiple-choice,single,obsidian-quiz-blocks,radio,,MML;MVC;PS1,needs-answer,,
1983,22705,72096,multiple-choice,single,obsidian-quiz-blocks,radio,,MML;MVC;PS1,needs-answer,,
1983,22705,72094,multiple-choice,single,obsidian-quiz-blocks,radio,,MML;MVC;PS1,needs-answer,,
1983,22710,149600,multiple-choice,single,obsidian-quiz-blocks,radio,,MML;MVC;PS1,needs-answer,,
1983,22710,149603,multiple-choice,single,obsidian-quiz-blocks,radio,,MML;MVC;PS1,needs-answer,,
1983,39727,149620,multiple-choice,single,obsidian-quiz-blocks,radio,,MML;MVC;PS1,needs-answer,,
1983,39727,149622,multiple-choice,single,obsidian-quiz-blocks,radio,,MML;MVC;PS1,needs-answer,,
1990,22783,123482,multiple-choice,single,obsidian-quiz-blocks,radio,,MML;MVC,needs-answer,,
1990,22783,72910,multiple-choice,single,obsidian-quiz-blocks,radio,,MML;MVC,needs-answer,,
1990,35550,72627,multiple-choice,single,obsidian-quiz-blocks,radio,,MML;MVC,needs-answer,,
1990,35550,72908,multiple-choice,single,obsidian-quiz-blocks,radio,,MML;MVC,needs-answer,,
1990,35559,123489,multiple-choice,single,obsidian-quiz-blocks,radio,,MML;MVC,needs-answer,,
1990,35559,123746,multiple-choice,single,obsidian-quiz-blocks,radio,,MML;MVC,needs-answer,,
1992,22582,37953,multiple-choice,single,obsidian-quiz-blocks,radio,,MML;MVC;PS1,needs-answer,,
1992,22582,37957,multiple-choice,single,obsidian-quiz-blocks,radio,,MML;MVC;PS1,needs-answer,,
1992,22583,37956,multiple-choice,single,obsidian-quiz-blocks,radio,,MML;MVC;PS1,needs-answer,,
1992,22583,72265,multiple-choice,single,obsidian-quiz-blocks,radio,,MML;MVC;PS1,needs-answer,,
1992,22584,71930,multiple-choice,single,obsidian-quiz-blocks,radio,,MML;MVC;PS1,needs-answer,,
1992,22584,71931,multiple-choice,single,obsidian-quiz-blocks,radio,,MML;MVC;PS1,needs-answer,,
1999,25204,38078,multiple-choice,single,obsidian-quiz-blocks,radio,,MML;MVC;PS1,needs-answer,,
1999,25204,38244,multiple-choice,single,obsidian-quiz-blocks,radio,,MML;MVC;PS1,needs-answer,,
1999,42421,160380,multiple-choice,single,obsidian-quiz-blocks,radio,,MML;MVC;PS1,needs-answer,,
1999,42421,160394,multiple-choice,single,obsidian-quiz-blocks,radio,,MML;MVC;PS1,needs-answer,,
1999,44604,161788,multiple-choice,single,obsidian-quiz-blocks,radio,,MML;MVC;PS1,needs-answer,,
1999,44604,161832,multiple-choice,single,obsidian-quiz-blocks,radio,,MML;MVC;PS1,needs-answer,,
1999,44605,160601,multiple-choice,single,obsidian-quiz-blocks,radio,d,MML;MVC;PS1,converted-and-verified,image-id,answer-image-id-1
1999,44605,160341,multiple-choice,single,obsidian-quiz-blocks,radio,b,MML;MVC;PS1,converted-and-verified,image-id,answer-image-id-1
2000,22623,71932,multiple-choice,single,obsidian-quiz-blocks,radio,,MML;MVC;PS1,needs-answer,,
2000,22623,71933,multiple-choice,single,obsidian-quiz-blocks,radio,,MML;MVC;PS1,needs-answer,,
2000,22625,71994,multiple-choice,single,obsidian-quiz-blocks,radio,,MML;MVC;PS1,needs-answer,,
2000,22625,71991,multiple-choice,single,obsidian-quiz-blocks,radio,,MML;MVC;PS1,needs-answer,,
2000,22627,71998,multiple-choice,single,obsidian-quiz-blocks,radio,,MML;MVC;PS1,needs-answer,,
2000,22627,80449,multiple-choice,single,obsidian-quiz-blocks,radio,,MML;MVC;PS1,needs-answer,,
2000,25887,80452,multiple-choice,single,obsidian-quiz-blocks,radio,,MML;MVC;PS1,needs-answer,,
2000,25887,80482,multiple-choice,single,obsidian-quiz-blocks,radio,,MML;MVC;PS1,needs-answer,,
2058,42965,39669,multiple-choice,single,obsidian-quiz-blocks,radio,,MML;MVC;PS1,needs-answer,,
2058,42965,39300,multiple-choice,single,obsidian-quiz-blocks,radio,,MML;MVC;PS1,needs-answer,,
2058,42966,39709,multiple-choice,single,obsidian-quiz-blocks,radio,,MML;MVC;PS1,needs-answer,,
2058,42966,161819,multiple-choice,single,obsidian-quiz-blocks,radio,,MML;MVC;PS1,needs-answer,,
2058,43048,39666,multiple-choice,single,obsidian-quiz-blocks,radio,,MML;MVC;PS1,needs-answer,,
2058,43048,39299,multiple-choice,single,obsidian-quiz-blocks,radio,,MML;MVC;PS1,needs-answer,,
2083,17176,42026,multiple-choice,single,obsidian-quiz-blocks,radio,c,DSM;LAL;MML;PS1,converted-and-verified,manual,label
2083,17176,42006,multiple-choice,single,obsidian-quiz-blocks,radio,d,DSM;LAL;MML;PS1,converted-and-verified,manual,label
2083,17177,42369,multiple-choice,single,obsidian-quiz-blocks,radio,e,DSM;LAL;MML;PS1,converted-and-verified,manual,label
2083,17177,42024,multiple-choice,single,obsidian-quiz-blocks,radio,b,DSM;LAL;MML;PS1,converted-and-verified,manual,label
2083,17178,42008,multiple-choice,single,obsidian-quiz-blocks,radio,d,DSM;LAL;MML;PS1,converted-and-verified,manual,label
2083,17178,42370,multiple-choice,single,obsidian-quiz-blocks,radio,e,DSM;LAL;MML;PS1,converted-and-verified,manual,label
2083,23025,42362,multiple-choice,single,obsidian-quiz-blocks,radio,d,DSM;LAL;MML;PS1,converted-and-verified,manual,label
2083,23025,42363,multiple-choice,single,obsidian-quiz-blocks,radio,b,DSM;LAL;MML;PS1,converted-and-verified,manual,label
2094,20181,39202,multiple-choice,single,obsidian-quiz-blocks,radio,,LAL;MML;PS2,needs-answer,,
2094,20181,39206,multiple-choice,single,obsidian-quiz-blocks,radio,,LAL;MML;PS2,needs-answer,,
2094,20182,39204,multiple-choice,single,obsidian-quiz-blocks,radio,,LAL;MML;PS2,needs-answer,,
2094,20182,39197,multiple-choice,single,obsidian-quiz-blocks,radio,,LAL;MML;PS2,needs-answer,,
2094,21743,39205,multiple-choice,single,obsidian-quiz-blocks,radio,,LAL;MML;PS2,needs-answer,,
2094,21743,39195,multiple-choice,single,obsidian-quiz-blocks,radio,,LAL;MML;PS2,needs-answer,,
2095,20184,39238,multiple-choice,single,obsidian-quiz-blocks,radio,,LAL;MML;PS2,needs-answer,,
2095,20184,39212,multiple-choice,single,obsidian-quiz-blocks,radio,,LAL;MML;PS2,needs-answer,,
2095,20185,39759,multiple-choice,single,obsidian-quiz-blocks,radio,,LAL;MML;PS2,needs-answer,,
2095,20185,39213,multiple-choice,single,obsidian-quiz-blocks,radio,,LAL;MML;PS2,needs-answer,,
2095,20187,39244,multiple-choice,single,obsidian-quiz-blocks,radio,,LAL;MML;PS2,needs-answer,,
2095,20187,39237,multiple-choice,single,obsidian-quiz-blocks,radio,,LAL;MML;PS2,needs-answer,,
2095,23169,39767,multiple-choice,single,obsidian-quiz-blocks,radio,,LAL;MML;PS2,needs-answer,,
2095,23169,39773,multiple-choice,single,obsidian-quiz-blocks,radio,,LAL;MML;PS2,needs-answer,,
2096,20190,42248,multiple-choice,single,obsidian-quiz-blocks,radio,,LAL;MML;PS2,needs-answer,,
2096,20190,42246,multiple-choice,single,obsidian-quiz-blocks,radio,,LAL;MML;PS2,needs-answer,,
2096,20191,42241,multiple-choice,single,obsidian-quiz-blocks,radio,,LAL;MML;PS2,needs-answer,,
2096,20191,42250,multiple-choice,single,obsidian-quiz-blocks,radio,,LAL;MML;PS2,needs-answer,,
2096,20192,42256,multiple-choice,single,obsidian-quiz-blocks,radio,,LAL;MML;PS2,needs-answer,,
2096,20192,42254,multiple-choice,single,obsidian-quiz-blocks,radio,,LAL;MML;PS2,needs-answer,,
2099,20203,39894,multiple-choice,single,obsidian-quiz-blocks,radio,,LAL;MML;PS2,needs-answer,,
2099,20203,39335,multiple-choice,single,obsidian-quiz-blocks,radio,,LAL;MML;PS2,needs-answer,,
2099,20204,39322,multiple-choice,single,obsidian-quiz-blocks,radio,,LAL;MML;PS2,needs-answer,,
2099,20204,39333,multiple-choice,single,obsidian-quiz-blocks,radio,,LAL;MML;PS2,needs-answer,,
2099,20205,40024,multiple-choice,single,obsidian-quiz-blocks,radio,,LAL;MML;PS2,needs-answer,,
2099,20205,39337,multiple-choice,single,obsidian-quiz-blocks,radio,,LAL;MML;PS2,needs-answer,,
2099,21797,39991,multiple-choice,single,obsidian-quiz-blocks,radio,,LAL;MML;PS2,needs-answer,,
2099,21797,39989,multiple-choice,single,obsidian-quiz-blocks,radio,,LAL;MML;PS2,needs-answer,,
2101,20207,40196,multiple-choice,single,obsidian-quiz-blocks,radio,,LAL;MML;PS2,needs-answer,,
2101,20207,39432,multiple-choice,single,obsidian-quiz-blocks,radio,,LAL;MML;PS2,needs-answer,,
2101,20209,40559,multiple-choice,single,obsidian-quiz-blocks,radio,,LAL;MML;PS2,needs-answer,,
2101,20209,40558,multiple-choice,single,obsidian-quiz-blocks,radio,,LAL;MML;PS2,needs-answer,,
2101,21811,40886,multiple-choice,single,obsidian-quiz-blocks,radio,,LAL;MML;PS2,needs-answer,,
2101,21811,40902,multiple-choice,single,obsidian-quiz-blocks,radio,,LAL;MML;PS2,needs-answer,,
2102,20220,39630,multiple-choice,single,obsidian-quiz-blocks,radio,,LAL;MML;PS2,needs-answer,,
2102,20220,39623,multiple-choice,single,obsidian-quiz-blocks,radio,,LAL;MML;PS2,needs-answer,,
2102,20221,71102,multiple-choice,single,obsidian-quiz-blocks,radio,,LAL;MML;PS2,needs-answer,,
2102,20221,71101,multiple-choice,single,obsidian-quiz-blocks,radio,,LAL;MML;PS2,needs-answer,,
2102,20223,39953,multiple-choice,single,obsidian-quiz-blocks,radio,,LAL;MML;PS2,needs-answer,,
2102,20223,39915,multiple-choice,single,obsidian-quiz-blocks,radio,,LAL;MML;PS2,needs-answer,,
2102,21872,39631,multiple-choice,single,obsidian-quiz-blocks,radio,,LAL;MML;PS2,needs-answer,,
2102,21872,39624,multiple-choice,single,obsidian-quiz-blocks,radio,,LAL;MML;PS2,needs-answer,,
2103,20225,39398,multiple-choice,single,obsidian-quiz-blocks,radio,,LAL;MML;PS2,needs-answer,,
2103,20225,40365,multiple-choice,single,obsidian-quiz-blocks,radio,,LAL;MML;PS2,needs-answer,,
2103,20226,39480,multiple-choice,single,obsidian-quiz-blocks,radio,,LAL;MML;PS2,needs-answer,,
2103,20226,40297,multiple-choice,single,obsidian-quiz-blocks,radio,,LAL;MML;PS2,needs-answer,,
2103,26158,39483,multiple-choice,single,obsidian-quiz-blocks,radio,,LAL;MML;PS2,needs-answer,,
2103,26158,81011,multiple-choice,single,obsidian-quiz-blocks,radio,,LAL;MML;PS2,needs-answer,,
2103,26850,39490,multiple-choice,single,obsidian-quiz-blocks,radio,,LAL;MML;PS2,needs-answer,,
2103,26850,40400,multiple-choice,single,obsidian-quiz-blocks,radio,,LAL;MML;PS2,needs-answer,,
2105,52301,176873,multiple-choice,single,obsidian-quiz-blocks,radio,,LAL;MML;PS2,needs-answer,,
2105,52301,176874,multiple-choice,single,obsidian-quiz-blocks,radio,,LAL;MML;PS2,needs-answer,,
2105,52305,39873,multiple-choice,single,obsidian-quiz-blocks,radio,,LAL;MML;PS2,needs-answer,,
2105,52305,39872,multiple-choice,single,obsidian-quiz-blocks,radio,,LAL;MML;PS2,needs-answer,,
2105,52309,39865,multiple-choice,single,obsidian-quiz-blocks,radio,,LAL;MML;PS2,needs-answer,,
2105,52309,39867,multiple-choice,single,obsidian-quiz-blocks,radio,,LAL;MML;PS2,needs-answer,,
2105,52312,47458,multiple-choice,single,obsidian-quiz-blocks,radio,,LAL;MML;PS2,needs-answer,,
2105,52312,39618,multiple-choice,single,obsidian-quiz-blocks,radio,,LAL;MML;PS2,needs-answer,,
2122,20238,39730,multiple-choice,single,obsidian-quiz-blocks,radio,,LAL;MML;PS2,needs-answer,,
2122,20238,39708,multiple-choice,single,obsidian-quiz-blocks,radio,,LAL;MML;PS2,needs-answer,,
2122,20240,39712,multiple-choice,single,obsidian-quiz-blocks,radio,,LAL;MML;PS2,needs-answer,,
2122,20240,39711,multiple-choice,single,obsidian-quiz-blocks,radio,,LAL;MML;PS2,needs-answer,,
2122,20241,39718,multiple-choice,single,obsidian-quiz-blocks,radio,,LAL;MML;PS2,needs-answer,,
2122,20241,40425,multiple-choice,single,obsidian-quiz-blocks,radio,,LAL;MML;PS2,needs-answer,,
2123,20243,39990,multiple-choice,single,obsidian-quiz-blocks,radio,,LAL;MML;PS2,needs-answer,,
2123,20243,40194,multiple-choice,single,obsidian-quiz-blocks,radio,,LAL;MML;PS2,needs-answer,,
2123,20245,40215,multiple-choice,single,obsidian-quiz-blocks,radio,,LAL;MML;PS2,needs-answer,,
2123,20245,40187,multiple-choice,single,obsidian-quiz-blocks,radio,,LAL;MML;PS2,needs-answer,,
2123,26414,81511,multiple-choice,single,obsidian-quiz-blocks,radio,,LAL;MML;PS2,needs-answer,,
2123,26414,40666,multiple-choice,single,obsidian-quiz-blocks,radio,,LAL;MML;PS2,needs-answer,,
2123,27054,40604,multiple-choice,single,obsidian-quiz-blocks,radio,,LAL;MML;PS2,needs-answer,,
2123,27054,40223,multiple-choice,single,obsidian-quiz-blocks,radio,,LAL;MML;PS2,needs-answer,,
2124,20247,40570,multiple-choice,single,obsidian-quiz-blocks,radio,,LAL;MML;PS2,needs-answer,,
2124,20247,40627,multiple-choice,single,obsidian-quiz-blocks,radio,,LAL;MML;PS2,needs-answer,,
2124,20249,39857,multiple-choice,single,obsidian-quiz-blocks,radio,,LAL;MML;PS2,needs-answer,,
2124,20249,39869,multiple-choice,single,obsidian-quiz-blocks,radio,,LAL;MML;PS2,needs-answer,,
2127,20258,40738,multiple-choice,single,obsidian-quiz-blocks,radio,,LAL;MML;PS2,needs-answer,,
2127,20258,41030,multiple-choice,single,obsidian-quiz-blocks,radio,,LAL;MML;PS2,needs-answer,,
2127,20259,40741,multiple-choice,single,obsidian-quiz-blocks,radio,,LAL;MML;PS2,needs-answer,,
2127,20259,41035,multiple-choice,single,obsidian-quiz-blocks,radio,,LAL;MML;PS2,needs-answer,,
2127,20261,40739,multiple-choice,single,obsidian-quiz-blocks,radio,,LAL;MML;PS2,needs-answer,,
2127,20261,40740,multiple-choice,single,obsidian-quiz-blocks,radio,,LAL;MML;PS2,needs-answer,,
2149,27405,84490,multiple-choice,single,obsidian-quiz-blocks,radio,,DSM;MML;PAS,needs-answer,,
2149,27405,84488,multiple-choice,single,obsidian-quiz-blocks,radio,,DSM;MML;PAS,needs-answer,,
2149,27406,84494,multiple-choice,single,obsidian-quiz-blocks,radio,,DSM;MML;PAS,needs-answer,,
2149,27406,84492,multiple-choice,single,obsidian-quiz-blocks,radio,,DSM;MML;PAS,needs-answer,,
2149,27407,84497,multiple-choice,single,obsidian-quiz-blocks,radio,,DSM;MML;PAS,needs-answer,,
2149,27407,84496,multiple-choice,single,obsidian-quiz-blocks,radio,,DSM;MML;PAS,needs-answer,,
2151,25906,80492,multiple-choice,single,obsidian-quiz-blocks,radio,,MML;MVC;PS1,needs-answer,,
2151,25906,40727,multiple-choice,single,obsidian-quiz-blocks,radio,,MML;MVC;PS1,needs-answer,,
2151,25907,40705,multiple-choice,single,obsidian-quiz-blocks,radio,,MML;MVC;PS1,needs-answer,,
2151,25907,40821,multiple-choice,single,obsidian-quiz-blocks,radio,,MML;MVC;PS1,needs-answer,,
2151,25909,37864,multiple-choice,single,obsidian-quiz-blocks,radio,,MML;MVC;PS1,needs-answer,,
2151,25909,81346,multiple-choice,single,obsidian-quiz-blocks,radio,,MML;MVC;PS1,needs-answer,,
2151,25911,37929,multiple-choice,single,obsidian-quiz-blocks,radio,,MML;MVC;PS1,needs-answer,,
2151,25911,37863,multiple-choice,single,obsidian-quiz-blocks,radio,,MML;MVC;PS1,needs-answer,,
2152,26244,40575,multiple-choice,single,obsidian-quiz-blocks,radio,,MML;MVC;PS1,needs-answer,,
2152,26244,40603,multiple-choice,single,obsidian-quiz-blocks,radio,,MML;MVC;PS1,needs-answer,,
2152,26245,40678,multiple-choice,single,obsidian-quiz-blocks,radio,,MML;MVC;PS1,needs-answer,,
2152,26245,40596,multiple-choice,single,obsidian-quiz-blocks,radio,,MML;MVC;PS1,needs-answer,,
2152,26247,37995,multiple-choice,single,obsidian-quiz-blocks,radio,,MML;MVC;PS1,needs-answer,,
2152,26247,37851,multiple-choice,single,obsidian-quiz-blocks,radio,,MML;MVC;PS1,needs-answer,,
2152,26248,37686,multiple-choice,single,obsidian-quiz-blocks,radio,,MML;MVC;PS1,needs-answer,,
2152,26248,81197,multiple-choice,single,obsidian-quiz-blocks,radio,,MML;MVC;PS1,needs-answer,,
2163,132591,89137,multiple-choice,single,obsidian-quiz-blocks,radio,,MML;PAS;PS1,needs-answer,,
2163,132591,210758,free-response,single,,,,,,,
2163,132594,89726,multiple-choice,single,obsidian-quiz-blocks,radio,,MML;PAS;PS1,needs-answer,,
2163,132594,210766,free-response,single,,,,,,,
2163,132598,185532,free-response,single,,,,,,,
2163,132598,210782,free-response,single,,,,,,,
2163,132602,89139,multiple-choice,single,obsidian-quiz-blocks,radio,,MML;PAS;PS1,needs-answer,,
2163,132602,89612,multiple-choice,single,obsidian-quiz-blocks,radio,,MML;PAS;PS1,needs-answer,,
2166,20270,41777,multiple-choice,single,obsidian-quiz-blocks,radio,,LAL;MML;PAS;PS2,needs-answer,,
2166,20270,41775,multiple-choice,single,obsidian-quiz-blocks,radio,,LAL;MML;PAS;PS2,needs-answer,,
2166,20271,40892,multiple-choice,single,obsidian-quiz-blocks,radio,,LAL;MML;PAS;PS2,needs-answer,,
2166,20271,40891,multiple-choice,single,obsidian-quiz-blocks,radio,,LAL;MML;PAS;PS2,needs-answer,,
2166,27532,41783,multiple-choice,single,obsidian-quiz-blocks,radio,,LAL;MML;PAS;PS2,needs-answer,,
2166,27532,41782,multiple-choice,single,obsidian-quiz-blocks,radio,,LAL;MML;PAS;PS2,needs-answer,,
2167,20273,40941,multiple-choice,single,obsidian-quiz-blocks,radio,,LAL;MML;PAS;PS2,needs-answer,,
2167,20273,40943,multiple-choice,single,obsidian-quiz-blocks,radio,,LAL;MML;PAS;PS2,needs-answer,,
2167,20275,41919,multiple-choice,single,obsidian-quiz-blocks,radio,,LAL;MML;PAS;PS2,needs-answer,,
2167,20275,137131,multiple-choice,single,obsidian-quiz-blocks,radio,,LAL;MML;PAS;PS2,needs-answer,,
2167,22147,41912,multiple-choice,single,obsidian-quiz-blocks,radio,,LAL;MML;PAS;PS2,needs-answer,,
2167,22147,41909,multiple-choice,single,obsidian-quiz-blocks,radio,,LAL;MML;PAS;PS2,needs-answer,,
2169,20308,41559,multiple-choice,single,obsidian-quiz-blocks,radio,,LAL;MML;PAS,needs-answer,,
2169,20308,139618,multiple-choice,single,obsidian-quiz-blocks,radio,,LAL;MML;PAS,needs-answer,,
2169,20310,139750,multiple-choice,single,obsidian-quiz-blocks,radio,,LAL;MML;PAS,needs-answer,,
2169,20310,41742,multiple-choice,single,obsidian-quiz-blocks,radio,,LAL;MML;PAS,needs-answer,,
2169,37273,41462,multiple-choice,single,obsidian-quiz-blocks,radio,,LAL;MML;PAS,needs-answer,,
2169,37273,139517,multiple-choice,single,obsidian-quiz-blocks,radio,,LAL;MML;PAS,needs-answer,,
2170,20312,42408,multiple-choice,single,obsidian-quiz-blocks,radio,,LAL;MML;PAS,needs-answer,,
2170,20312,139671,multiple-choice,single,obsidian-quiz-blocks,radio,,LAL;MML;PAS,needs-answer,,
2170,20313,42409,multiple-choice,single,obsidian-quiz-blocks,radio,,LAL;MML;PAS,needs-answer,,
2170,20313,139591,multiple-choice,single,obsidian-quiz-blocks,radio,,LAL;MML;PAS,needs-answer,,
2170,22549,42406,multiple-choice,single,obsidian-quiz-blocks,radio,,LAL;MML;PAS,needs-answer,,
2170,22549,42412,multiple-choice,single,obsidian-quiz-blocks,radio,,LAL;MML;PAS,needs-answer,,
2171,20315,42323,multiple-choice,single,obsidian-quiz-blocks,radio,,LAL;MML;PAS,needs-answer,,
2171,20315,139857,multiple-choice,single,obsidian-quiz-blocks,radio,,LAL;MML;PAS,needs-answer,,
2171,20317,42300,multiple-choice,single,obsidian-quiz-blocks,radio,,LAL;MML;PAS,needs-answer,,
2171,20317,139935,multiple-choice,single,obsidian-quiz-blocks,radio,,LAL;MML;PAS,needs-answer,,
2201,41747,42461,multiple-choice,single,obsidian-quiz-blocks,radio,,LAL;MML;PS1,needs-answer,,
2201,41747,42959,multiple-choice,single,obsidian-quiz-blocks,radio,,LAL;MML;PS1,needs-answer,,
2201,41751,42459,multiple-choice,single,obsidian-quiz-blocks,radio,,LAL;MML;PS1,needs-answer,,
2201,41751,42882,multiple-choice,single,obsidian-quiz-blocks,radio,,LAL;MML;PS1,needs-answer,,
2201,41755,42458,multiple-choice,single,obsidian-quiz-blocks,radio,,LAL;MML;PS1,needs-answer,,
2201,41755,43306,multiple-choice,single,obsidian-quiz-blocks,radio,,LAL;MML;PS1,needs-answer,,
2539,21917,71187,multiple-choice,single,obsidian-quiz-blocks,radio,,LAL;MML;PS1,needs-answer,,
2539,21917,71186,multiple-choice,single,obsidian-quiz-blocks,radio,,LAL;MML;PS1,needs-answer,,
2539,21951,71103,multiple-choice,single,obsidian-quiz-blocks,radio,,LAL;MML;PS1,needs-answer,,
2539,21951,71105,multiple-choice,single,obsidian-quiz-blocks,radio,,LAL;MML;PS1,needs-answer,,
2539,21954,71110,multiple-choice,single,obsidian-quiz-blocks,radio,,LAL;MML;PS1,needs-answer,,
2539,21954,71112,multiple-choice,single,obsidian-quiz-blocks,radio,,LAL;MML;PS1,needs-answer,,
2613,23446,75035,multiple-choice,single,obsidian-quiz-blocks,radio,,MML;MVC,needs-answer,,
2613,23446,122985,multiple-choice,single,obsidian-quiz-blocks,radio,,MML;MVC,needs-answer,,
2613,23447,75037,multiple-choice,single,obsidian-quiz-blocks,radio,,MML;MVC,needs-answer,,
2613,23447,122960,multiple-choice,single,obsidian-quiz-blocks,radio,,MML;MVC,needs-answer,,
2613,35473,122809,multiple-choice,single,obsidian-quiz-blocks,radio,,MML;MVC,needs-answer,,
2613,35473,122812,multiple-choice,single,obsidian-quiz-blocks,radio,,MML;MVC,needs-answer,,
2614,23449,75047,multiple-choice,single,obsidian-quiz-blocks,radio,,MML;MVC,needs-answer,,
2614,23449,123133,multiple-choice,single,obsidian-quiz-blocks,radio,,MML;MVC,needs-answer,,
2614,23450,75048,multiple-choice,single,obsidian-quiz-blocks,radio,,MML;MVC,needs-answer,,
2614,23450,75229,multiple-choice,single,obsidian-quiz-blocks,radio,,MML;MVC,needs-answer,,
2614,23451,122846,multiple-choice,single,obsidian-quiz-blocks,radio,,MML;MVC,needs-answer,,
2614,23451,122847,multiple-choice,single,obsidian-quiz-blocks,radio,,MML;MVC,needs-answer,,
2615,23452,75057,multiple-choice,single,obsidian-quiz-blocks,radio,,MML;MVC,needs-answer,,
2615,23452,75055,multiple-choice,single,obsidian-quiz-blocks,radio,,MML;MVC,needs-answer,,
2615,23454,75092,multiple-choice,single,obsidian-quiz-blocks,radio,,MML;MVC,needs-answer,,
2615,23454,75063,multiple-choice,single,obsidian-quiz-blocks,radio,,MML;MVC,needs-answer,,
2615,35555,75349,multiple-choice,single,obsidian-quiz-blocks,radio,,MML;MVC,needs-answer,,
2615,35555,75061,multiple-choice,single,obsidian-quiz-blocks,radio,,MML;MVC,needs-answer,,
2616,25788,80265,multiple-choice,single,obsidian-quiz-blocks,radio,,MML;MVC;PS1,needs-answer,,
2616,25788,80425,multiple-choice,single,obsidian-quiz-blocks,radio,,MML;MVC;PS1,needs-answer,,
2616,25790,80266,multiple-choice,single,obsidian-quiz-blocks,radio,,MML;MVC;PS1,needs-answer,,
2616,25790,80430,multiple-choice,single,obsidian-quiz-blocks,radio,,MML;MVC;PS1,needs-answer,,
2616,25792,80267,multiple-choice,single,obsidian-quiz-blocks,radio,,MML;MVC;PS1,needs-answer,,
2616,25792,80438,multiple-choice,single,obsidian-quiz-blocks,radio,,MML;MVC;PS1,needs-answer,,
2623,23537,34524,multiple-choice,single,obsidian-quiz-blocks,radio,,LAL;MML;PS1,needs-answer,,
2623,23537,35676,multiple-choice,single,obsidian-quiz-blocks,radio,,LAL;MML;PS1,needs-answer,,
2623,23539,34510,multiple-choice,single,obsidian-quiz-blocks,radio,,LAL;MML;PS1,needs-answer,,
2623,23539,34462,multiple-choice,single,obsidian-quiz-blocks,radio,,LAL;MML;PS1,needs-answer,,
2623,23569,75603,multiple-choice,single,obsidian-quiz-blocks,radio,,LAL;MML;PS1,needs-answer,,
2623,23569,34530,multiple-choice,single,obsidian-quiz-blocks,radio,,LAL;MML;PS1,needs-answer,,
2789,157020,172541,multiple-choice,single,obsidian-quiz-blocks,radio,,MML;MOP,needs-answer,,
2789,157020,172542,multiple-choice,single,obsidian-quiz-blocks,radio,,MML;MOP,needs-answer,,
2789,157024,172558,multiple-choice,single,obsidian-quiz-blocks,radio,,MML;MOP,needs-answer,,
2789,157024,172559,multiple-choice,single,obsidian-quiz-blocks,radio,,MML;MOP,needs-answer,,
2789,157028,172649,multiple-choice,single,obsidian-quiz-blocks,radio,,MML;MOP,needs-answer,,
2789,157028,174441,multiple-choice,single,obsidian-quiz-blocks,radio,,MML;MOP,needs-answer,,
2790,120074,171106,multiple-choice,single,obsidian-quiz-blocks,radio,,MML;MOP,needs-answer,,
2790,120074,171107,multiple-choice,single,obsidian-quiz-blocks,radio,,MML;MOP,needs-answer,,
2790,120077,80933,multiple-choice,single,obsidian-quiz-blocks,radio,,MML;MOP,needs-answer,,
2790,120077,81398,multiple-choice,single,obsidian-quiz-blocks,radio,,MML;MOP,needs-answer,,
2790,120080,182285,select-list,multi,,,,,,,
2790,120080,182375,select-list,multi,,,,,,,
2790,120084,80934,multiple-choice,single,obsidian-quiz-blocks,radio,,MML;MOP,needs-answer,,
2790,120084,81362,multiple-choice,single,obsidian-quiz-blocks,radio,,MML;MOP,needs-answer,,
2821,120202,182341,select-list,multi,,,,,,,
2821,120202,182430,select-list,multi,,,,,,,
2821,120205,182344,select-list,multi,,,,,,,
2821,120205,182571,select-list,multi,,,,,,,
2821,120208,81053,multiple-choice,single,obsidian-quiz-blocks,radio,,MML;MOP,needs-answer,,
2821,120208,81351,multiple-choice,single,obsidian-quiz-blocks,radio,,MML;MOP,needs-answer,,
2822,26061,81055,multiple-choice,single,obsidian-quiz-blocks,radio,,MML;MOP,needs-answer,,
2822,26061,81595,multiple-choice,single,obsidian-quiz-blocks,radio,,MML;MOP,needs-answer,,
2822,26062,81079,multiple-choice,single,obsidian-quiz-blocks,radio,,MML;MOP,needs-answer,,
2822,26062,81611,multiple-choice,single,obsidian-quiz-blocks,radio,,MML;MOP,needs-answer,,
2822,26194,81610,multiple-choice,single,obsidian-quiz-blocks,radio,,MML;MOP,needs-answer,,
2822,26194,81078,multiple-choice,single,obsidian-quiz-blocks,radio,,MML;MOP,needs-answer,,
2822,26195,81070,multiple-choice,single,obsidian-quiz-blocks,radio,,MML;MOP,needs-answer,,
2822,26195,81619,multiple-choice,single,obsidian-quiz-blocks,radio,,MML;MOP,needs-answer,,
2823,26063,81081,multiple-choice,single,obsidian-quiz-blocks,radio,,MML;MOP,needs-answer,,
2823,26063,81276,multiple-choice,single,obsidian-quiz-blocks,radio,,MML;MOP,needs-answer,,
2823,26064,81082,multiple-choice,single,obsidian-quiz-blocks,radio,,MML;MOP,needs-answer,,
2823,26064,81277,multiple-choice,single,obsidian-quiz-blocks,radio,,MML;MOP,needs-answer,,
2824,45106,80940,multiple-choice,single,obsidian-quiz-blocks,radio,,MML;MVC;PS1,needs-answer,,
2824,45106,102477,multiple-choice,single,obsidian-quiz-blocks,radio,,MML;MVC;PS1,needs-answer,,
2824,45109,80944,multiple-choice,single,obsidian-quiz-blocks,radio,,MML;MVC;PS1,needs-answer,,
2824,45109,81029,multiple-choice,single,obsidian-quiz-blocks,radio,,MML;MVC;PS1,needs-answer,,
2824,45116,80939,multiple-choice,single,obsidian-quiz-blocks,radio,,MML;MVC;PS1,needs-answer,,
2824,45116,102699,multiple-choice,single,obsidian-quiz-blocks,radio,,MML;MVC;PS1,needs-answer,,
2825,26152,39400,multiple-choice,single,obsidian-quiz-blocks,radio,,LAL;MML;PS2,needs-answer,,
2825,26152,40291,multiple-choice,single,obsidian-quiz-blocks,radio,,LAL;MML;PS2,needs-answer,,
2825,26153,39493,multiple-choice,single,obsidian-quiz-blocks,radio,,LAL;MML;PS2,needs-answer,,
2825,26153,39401,multiple-choice,single,obsidian-quiz-blocks,radio,,LAL;MML;PS2,needs-answer,,
2828,26359,80871,multiple-choice,single,obsidian-quiz-blocks,radio,,LAL;MML;MOP;PS1,needs-answer,,
2828,26359,36189,multiple-choice,single,obsidian-quiz-blocks,radio,,LAL;MML;MOP;PS1,needs-answer,,
2828,26360,80875,multiple-choice,single,obsidian-quiz-blocks,radio,,LAL;MML;MOP;PS1,needs-answer,,
2828,26360,36195,multiple-choice,single,obsidian-quiz-blocks,radio,,LAL;MML;MOP;PS1,needs-answer,,
2828,26372,81446,multiple-choice,single,obsidian-quiz-blocks,radio,,LAL;MML;MOP;PS1,needs-answer,,
2828,26372,81445,multiple-choice,single,obsidian-quiz-blocks,radio,,LAL;MML;MOP;PS1,needs-answer,,
2829,26366,81447,multiple-choice,single,obsidian-quiz-blocks,radio,,LAL;MML;MOP;PS1,needs-answer,,
2829,26366,81449,multiple-choice,single,obsidian-quiz-blocks,radio,,LAL;MML;MOP;PS1,needs-answer,,
2829,26368,1232,multiple-choice,single,obsidian-quiz-blocks,radio,,LAL;MML;MOP;PS1,needs-answer,,
2829,26368,1236,multiple-choice,single,obsidian-quiz-blocks,radio,,LAL;MML;MOP;PS1,needs-answer,,
2829,26369,1233,multiple-choice,single,obsidian-quiz-blocks,radio,,LAL;MML;MOP;PS1,needs-answer,,
2829,26369,1228,multiple-choice,single,obsidian-quiz-blocks,radio,,LAL;MML;MOP;PS1,needs-answer,,
2830,153692,82719,multiple-choice,single,obsidian-quiz-blocks,radio,,MML;MOP,needs-answer,,
2830,153692,82720,multiple-choice,single,obsidian-quiz-blocks,radio,,MML;MOP,needs-answer,,
2830,153695,1466,multiple-choice,single,obsidian-quiz-blocks,radio,,MML;MOP,needs-answer,,
2830,153695,82648,multiple-choice,single,obsidian-quiz-blocks,radio,,MML;MOP,needs-answer,,
2830,153700,82724,multiple-choice,single,obsidian-quiz-blocks,radio,,MML;MOP,needs-answer,,
2830,153700,82723,multiple-choice,single,obsidian-quiz-blocks,radio,,MML;MOP,needs-answer,,
2830,153703,1468,multiple-choice,single,obsidian-quiz-blocks,radio,,MML;MOP,needs-answer,,
2830,153703,82649,multiple-choice,single,obsidian-quiz-blocks,radio,,MML;MOP,needs-answer,,
2836,27503,83866,multiple-choice,single,obsidian-quiz-blocks,radio,,DSM;MML;PAS;PS1,needs-answer,,
2836,27503,83867,multiple-choice,single,obsidian-quiz-blocks,radio,,DSM;MML;PAS;PS1,needs-answer,,
2836,27504,84102,multiple-choice,single,obsidian-quiz-blocks,radio,,DSM;MML;PAS;PS1,needs-answer,,
2836,27504,108922,multiple-choice,single,obsidian-quiz-blocks,radio,,DSM;MML;PAS;PS1,needs-answer,,
2836,34021,83869,multiple-choice,single,obsidian-quiz-blocks,radio,,DSM;MML;PAS;PS1,needs-answer,,
2836,34021,108537,multiple-choice,single,obsidian-quiz-blocks,radio,,DSM;MML;PAS;PS1,needs-answer,,
2838,27837,85202,multiple-choice,single,obsidian-quiz-blocks,radio,,DSM;MML;PAS,needs-answer,,
2838,27837,85149,multiple-choice,single,obsidian-quiz-blocks,radio,,DSM;MML;PAS,needs-answer,,
2838,27839,85151,multiple-choice,single,obsidian-quiz-blocks,radio,,DSM;MML;PAS,needs-answer,,
2838,27839,85150,multiple-choice,single,obsidian-quiz-blocks,radio,,DSM;MML;PAS,needs-answer,,
2838,27840,85252,multiple-choice,single,obsidian-quiz-blocks,radio,,DSM;MML;PAS,needs-answer,,
2838,27840,85251,multiple-choice,single,obsidian-quiz-blocks,radio,,DSM;MML;PAS,needs-answer,,
2838,27841,85254,multiple-choice,single,obsidian-quiz-blocks,radio,,DSM;MML;PAS,needs-answer,,
2838,27841,85253,multiple-choice,single,obsidian-quiz-blocks,radio,,DSM;MML;PAS,needs-answer,,
2915,462530,254848,free-response,single,,,,,,,
2915,462530,254754,free-response,single,,,,,,,
2915,462533,254752,free-response,single,,,,,,,
2915,462533,254860,free-response,single,,,,,,,
2915,462537,254887,free-response,single,,,,,,,
2915,462537,254755,free-response,single,,,,,,,
2915,462542,254912,free-response,single,,,,,,,
2915,462542,254757,free-response,single,,,,,,,
2980,29347,88854,multiple-choice,single,obsidian-quiz-blocks,radio,,MML;PAS;PS2,needs-answer,,
2980,29347,88858,multiple-choice,single,obsidian-quiz-blocks,radio,,MML;PAS;PS2,needs-answer,,
2980,38142,143187,multiple-choice,single,obsidian-quiz-blocks,radio,,MML;PAS;PS2,needs-answer,,
2980,38142,143190,multiple-choice,single,obsidian-quiz-blocks,radio,,MML;PAS;PS2,needs-answer,,
2987,39754,90279,multiple-choice,single,obsidian-quiz-blocks,radio,,MML;PAS;PS1,needs-answer,,
2987,39754,149708,multiple-choice,single,obsidian-quiz-blocks,radio,,MML;PAS;PS1,needs-answer,,
2987,39755,149701,multiple-choice,single,obsidian-quiz-blocks,radio,,MML;PAS;PS1,needs-answer,,
2987,39755,149702,multiple-choice,single,obsidian-quiz-blocks,radio,,MML;PAS;PS1,needs-answer,,
2987,39756,149704,multiple-choice,single,obsidian-quiz-blocks,radio,,MML;PAS;PS1,needs-answer,,
2987,39756,149703,multiple-choice,single,obsidian-quiz-blocks,radio,,MML;PAS;PS1,needs-answer,,
2988,29832,90308,multiple-choice,single,obsidian-quiz-blocks,radio,,MML;PAS;PS1,needs-answer,,
2988,29832,90533,multiple-choice,single,obsidian-quiz-blocks,radio,,MML;PAS;PS1,needs-answer,,
2988,29834,90309,multiple-choice,single,obsidian-quiz-blocks,radio,,MML;PAS;PS1,needs-answer,,
2988,29834,90538,multiple-choice,single,obsidian-quiz-blocks,radio,,MML;PAS;PS1,needs-answer,,
2990,30999,94876,multiple-choice,single,obsidian-quiz-blocks,radio,,MML;PAS,needs-answer,,
2990,30999,96733,multiple-choice,single,obsidian-quiz-blocks,radio,,MML;PAS,needs-answer,,
2990,31000,94877,multiple-choice,single,obsidian-quiz-blocks,radio,,MML;PAS,needs-answer,,
2990,31000,96910,multiple-choice,single,obsidian-quiz-blocks,radio,,MML;PAS,needs-answer,,
2990,31002,94879,multiple-choice,single,obsidian-quiz-blocks,radio,,MML;PAS,needs-answer,,
2990,31002,96923,multiple-choice,single,obsidian-quiz-blocks,radio,,MML;PAS,needs-answer,,
2994,31585,96131,multiple-choice,single,obsidian-quiz-blocks,radio,,MML;PAS;PS1,needs-answer,,
2994,31585,96568,multiple-choice,single,obsidian-quiz-blocks,radio,,MML;PAS;PS1,needs-answer,,
2994,31587,96132,multiple-choice,single,obsidian-quiz-blocks,radio,,MML;PAS;PS1,needs-answer,,
2994,31587,96134,multiple-choice,single,obsidian-quiz-blocks,radio,,MML;PAS;PS1,needs-answer,,
2994,31588,96137,multiple-choice,single,obsidian-quiz-blocks,radio,,MML;PAS;PS1,needs-answer,,
2994,31588,96138,multiple-choice,single,obsidian-quiz-blocks,radio,,MML;PAS;PS1,needs-answer,,
3001,34016,109683,multiple-choice,single,obsidian-quiz-blocks,radio,,MML;MVC;PAS;PS1,needs-answer,,
3001,34016,109334,multiple-choice,single,obsidian-quiz-blocks,radio,,MML;MVC;PAS;PS1,needs-answer,,
3001,34339,109686,multiple-choice,single,obsidian-quiz-blocks,radio,,MML;MVC;PAS;PS1,needs-answer,,
3001,34339,109335,multiple-choice,single,obsidian-quiz-blocks,radio,,MML;MVC;PAS;PS1,needs-answer,,
3001,34343,109336,multiple-choice,single,obsidian-quiz-blocks,radio,,MML;MVC;PAS;PS1,needs-answer,,
3001,34343,109337,multiple-choice,single,obsidian-quiz-blocks,radio,,MML;MVC;PAS;PS1,needs-answer,,
3002,34274,110394,multiple-choice,single,obsidian-quiz-blocks,radio,,MML;PAS;PS1,needs-answer,,
3002,34274,110398,multiple-choice,single,obsidian-quiz-blocks,radio,,MML;PAS;PS1,needs-answer,,
3002,34277,110400,multiple-choice,single,obsidian-quiz-blocks,radio,,MML;PAS;PS1,needs-answer,,
3002,34277,142578,multiple-choice,single,obsidian-quiz-blocks,radio,,MML;PAS;PS1,needs-answer,,
3002,37907,110395,multiple-choice,single,obsidian-quiz-blocks,radio,,MML;PAS;PS1,needs-answer,,
3002,37907,142494,multiple-choice,single,obsidian-quiz-blocks,radio,,MML;PAS;PS1,needs-answer,,
3003,34630,114422,multiple-choice,single,obsidian-quiz-blocks,radio,,MML;PAS;PS1,needs-answer,,
3003,34630,142547,multiple-choice,single,obsidian-quiz-blocks,radio,,MML;PAS;PS1,needs-answer,,
3003,34637,114432,multiple-choice,single,obsidian-quiz-blocks,radio,,MML;PAS;PS1,needs-answer,,
3003,34637,142906,multiple-choice,single,obsidian-quiz-blocks,radio,,MML;PAS;PS1,needs-answer,,
3003,37921,114425,multiple-choice,single,obsidian-quiz-blocks,radio,,MML;PAS;PS1,needs-answer,,
3003,37921,142554,multiple-choice,single,obsidian-quiz-blocks,radio,,MML;PAS;PS1,needs-answer,,
3003,37922,142549,multiple-choice,single,obsidian-quiz-blocks,radio,,MML;PAS;PS1,needs-answer,,
3003,37922,114424,multiple-choice,single,obsidian-quiz-blocks,radio,,MML;PAS;PS1,needs-answer,,
3004,38839,145559,multiple-choice,single,obsidian-quiz-blocks,radio,,MML;PAS;PS1,needs-answer,,
3004,38839,145616,multiple-choice,single,obsidian-quiz-blocks,radio,,MML;PAS;PS1,needs-answer,,
3004,38840,145626,multiple-choice,single,obsidian-quiz-blocks,radio,,MML;PAS;PS1,needs-answer,,
3004,38840,145619,multiple-choice,single,obsidian-quiz-blocks,radio,,MML;PAS;PS1,needs-answer,,
3004,38938,145892,multiple-choice,single,obsidian-quiz-blocks,radio,,MML;PAS;PS1,needs-answer,,
3004,38938,145888,multiple-choice,single,obsidian-quiz-blocks,radio,,MML;PAS;PS1,needs-answer,,
3004,38939,145894,multiple-choice,single,obsidian-quiz-blocks,radio,,MML;PAS;PS1,needs-answer,,
3004,38939,145909,multiple-choice,single,obsidian-quiz-blocks,radio,,MML;PAS;PS1,needs-answer,,
3009,33933,109526,multiple-choice,single,obsidian-quiz-blocks,radio,,MML;PAS;PS2,needs-answer,,
3009,33933,108968,multiple-choice,single,obsidian-quiz-blocks,radio,,MML;PAS;PS2,needs-answer,,
3009,33983,108908,multiple-choice,single,obsidian-quiz-blocks,radio,,MML;PAS;PS2,needs-answer,,
3009,33983,108970,multiple-choice,single,obsidian-quiz-blocks,radio,,MML;PAS;PS2,needs-answer,,
3009,33986,108975,multiple-choice,single,obsidian-quiz-blocks,radio,,MML;PAS;PS2,needs-answer,,
3009,33986,109672,multiple-choice,single,obsidian-quiz-blocks,radio,,MML;PAS;PS2,needs-answer,,
3009,33988,108976,multiple-choice,single,obsidian-quiz-blocks,radio,,MML;PAS;PS2,needs-answer,,
3009,33988,110340,multiple-choice,single,obsidian-quiz-blocks,radio,,MML;PAS;PS2,needs-answer,,
3010,31515,95989,multiple-choice,single,obsidian-quiz-blocks,radio,,DSM;MML;PAS,needs-answer,,
3010,31515,95988,multiple-choice,single,obsidian-quiz-blocks,radio,,DSM;MML;PAS,needs-answer,,
3010,31516,95991,multiple-choice,single,obsidian-quiz-blocks,radio,,DSM;MML;PAS,needs-answer,,
3010,31516,96835,multiple-choice,single,obsidian-quiz-blocks,radio,,DSM;MML;PAS,needs-answer,,
3010,31817,95992,multiple-choice,single,obsidian-quiz-blocks,radio,,DSM;MML;PAS,needs-answer,,
3010,31817,95990,multiple-choice,single,obsidian-quiz-blocks,radio,,DSM;MML;PAS,needs-answer,,
3013,38036,143189,multiple-choice,single,obsidian-quiz-blocks,radio,,MML;PAS;PS2,needs-answer,,
3013,38036,143192,multiple-choice,single,obsidian-quiz-blocks,radio,,MML;PAS;PS2,needs-answer,,
3013,38037,143197,multiple-choice,single,obsidian-quiz-blocks,radio,,MML;PAS;PS2,needs-answer,,
3013,38037,143202,multiple-choice,single,obsidian-quiz-blocks,radio,,MML;PAS;PS2,needs-answer,,
3013,38040,143205,multiple-choice,single,obsidian-quiz-blocks,radio,,MML;PAS;PS2,needs-answer,,
3013,38040,143498,multiple-choice,single,obsidian-quiz-blocks,radio,,MML;PAS;PS2,needs-answer,,
3022,38091,143468,multiple-choice,single,obsidian-quiz-blocks,radio,,MML;PAS;PS2,needs-answer,,
3022,38091,143458,multiple-choice,single,obsidian-quiz-blocks,radio,,MML;PAS;PS2,needs-answer,,
3022,38092,143460,multiple-choice,single,obsidian-quiz-blocks,radio,,MML;PAS;PS2,needs-answer,,
3022,38092,143461,multiple-choice,single,obsidian-quiz-blocks,radio,,MML;PAS;PS2,needs-answer,,
3022,38093,143634,multiple-choice,single,obsidian-quiz-blocks,radio,,MML;PAS;PS2,needs-answer,,
3022,38093,143459,multiple-choice,single,obsidian-quiz-blocks,radio,,MML;PAS;PS2,needs-answer,,
3023,217602,105784,multiple-choice,single,obsidian-quiz-blocks,radio,,MML;PAS,needs-answer,,
3023,217602,105783,multiple-choice,single,obsidian-quiz-blocks,radio,,MML;PAS,needs-answer,,
3023,217606,105788,multiple-choice,single,obsidian-quiz-blocks,radio,,MML;PAS,needs-answer,,
3023,217606,108269,multiple-choice,single,obsidian-quiz-blocks,radio,,MML;PAS,needs-answer,,
3023,217609,108307,multiple-choice,single,obsidian-quiz-blocks,radio,,MML;PAS,needs-answer,,
3023,217609,105793,multiple-choice,single,obsidian-quiz-blocks,radio,,MML;PAS,needs-answer,,
3023,217613,252029,free-response,single,,,,,,,
3023,217613,252030,free-response,single,,,,,,,
3028,33959,108934,multiple-choice,single,obsidian-quiz-blocks,radio,,DSM;MML;PAS;PS1,needs-answer,,
3028,33959,108935,multiple-choice,single,obsidian-quiz-blocks,radio,,DSM;MML;PAS;PS1,needs-answer,,
3028,33961,108936,multiple-choice,single,obsidian-quiz-blocks,radio,,DSM;MML;PAS;PS1,needs-answer,,
3028,33961,108945,multiple-choice,single,obsidian-quiz-blocks,radio,,DSM;MML;PAS;PS1,needs-answer,,
3028,33963,108940,multiple-choice,single,obsidian-quiz-blocks,radio,,DSM;MML;PAS;PS1,needs-answer,,
3028,33963,108946,multiple-choice,single,obsidian-quiz-blocks,radio,,DSM;MML;PAS;PS1,needs-answer,,
3029,30053,42561,multiple-choice,single,obsidian-quiz-blocks,radio,,LAL;MML;PS1,needs-answer,,
3029,30053,91171,multiple-choice,single,obsidian-quiz-blocks,radio,,LAL;MML;PS1,needs-answer,,
3029,30054,91208,multiple-choice,single,obsidian-quiz-blocks,radio,,LAL;MML;PS1,needs-answer,,
3029,30054,42563,multiple-choice,single,obsidian-quiz-blocks,radio,,LAL;MML;PS1,needs-answer,,
3029,30059,91163,multiple-choice,single,obsidian-quiz-blocks,radio,,LAL;MML;PS1,needs-answer,,
3029,30059,42531,multiple-choice,single,obsidian-quiz-blocks,radio,,LAL;MML;PS1,needs-answer,,
3029,30061,91189,multiple-choice,single,obsidian-quiz-blocks,radio,,LAL;MML;PS1,needs-answer,,
3029,30061,42917,multiple-choice,single,obsidian-quiz-blocks,radio,,LAL;MML;PS1,needs-answer,,
3036,629495,252986,free-response,single,,,,,,,
3036,629495,253549,free-response,single,,,,,,,
3036,629502,253511,select-list,single,,,,,,,
3036,629502,343937,select-list,multi,,,,,,,
3036,629507,253840,select-list,single,,,,,,,
3036,629507,253138,select-list,single,,,,,,,
3036,629511,253853,free-response,single,,,,,,,
3036,629511,253861,select-list,single,,,,,,,
3048,44848,136853,multiple-choice,single,obsidian-quiz-blocks,radio,,MML;PAS;PS1,needs-answer,,
3048,44848,143438,multiple-choice,single,obsidian-quiz-blocks,radio,,MML;PAS;PS1,needs-answer,,
3048,44851,110385,multiple-choice,single,obsidian-quiz-blocks,radio,,MML;PAS;PS1,needs-answer,,
3048,44851,110386,multiple-choice,single,obsidian-quiz-blocks,radio,,MML;PAS;PS1,needs-answer,,
3048,44854,162744,multiple-choice,single,obsidian-quiz-blocks,radio,,MML;PAS;PS1,needs-answer,,
3048,44854,162745,multiple-choice,single,obsidian-quiz-blocks,radio,,MML;PAS;PS1,needs-answer,,
3049,38977,147416,multiple-choice,single,obsidian-quiz-blocks,radio,,MML;PAS;PS2,needs-answer,,
3049,38977,146170,multiple-choice,single,obsidian-quiz-blocks,radio,,MML;PAS;PS2,needs-answer,,
3049,39007,146266,multiple-choice,single,obsidian-quiz-blocks,radio,,MML;PAS;PS2,needs-answer,,
3049,39007,146387,multiple-choice,single,obsidian-quiz-blocks,radio,,MML;PAS;PS2,needs-answer,,
3049,39008,147920,multiple-choice,single,obsidian-quiz-blocks,radio,,MML;PAS;PS2,needs-answer,,
3049,39008,146384,multiple-choice,single,obsidian-quiz-blocks,radio,,MML;PAS;PS2,needs-answer,,
3049,39010,146149,multiple-choice,single,obsidian-quiz-blocks,radio,,MML;PAS;PS2,needs-answer,,
3049,39010,146150,multiple-choice,single,obsidian-quiz-blocks,radio,,MML;PAS;PS2,needs-answer,,
3050,39086,146468,multiple-choice,single,obsidian-quiz-blocks,radio,,MML;PAS;PS2,needs-answer,,
3050,39086,146469,multiple-choice,single,obsidian-quiz-blocks,radio,,MML;PAS;PS2,needs-answer,,
3050,39089,148368,multiple-choice,single,obsidian-quiz-blocks,radio,,MML;PAS;PS2,needs-answer,,
3050,39089,146471,multiple-choice,single,obsidian-quiz-blocks,radio,,MML;PAS;PS2,needs-answer,,
3050,39123,146522,multiple-choice,single,obsidian-quiz-blocks,radio,,MML;PAS;PS2,needs-answer,,
3050,39123,148425,multiple-choice,single,obsidian-quiz-blocks,radio,,MML;PAS;PS2,needs-answer,,
3052,34255,110366,multiple-choice,single,obsidian-quiz-blocks,radio,,MML;MVC;PAS;PS2,needs-answer,,
3052,34255,110368,multiple-choice,single,obsidian-quiz-blocks,radio,,MML;MVC;PAS;PS2,needs-answer,,
3052,34258,110369,multiple-choice,single,obsidian-quiz-blocks,radio,,MML;MVC;PAS;PS2,needs-answer,,
3052,34258,110370,multiple-choice,single,obsidian-quiz-blocks,radio,,MML;MVC;PAS;PS2,needs-answer,,
3052,34353,110861,multiple-choice,single,obsidian-quiz-blocks,radio,,MML;MVC;PAS;PS2,needs-answer,,
3052,34353,110367,multiple-choice,single,obsidian-quiz-blocks,radio,,MML;MVC;PAS;PS2,needs-answer,,
3053,38825,145411,multiple-choice,single,obsidian-quiz-blocks,radio,,MML;PAS;PS2,needs-answer,,
3053,38825,145557,multiple-choice,single,obsidian-quiz-blocks,radio,,MML;PAS;PS2,needs-answer,,
3053,38846,145410,multiple-choice,single,obsidian-quiz-blocks,radio,,MML;PAS;PS2,needs-answer,,
3053,38846,146248,multiple-choice,single,obsidian-quiz-blocks,radio,,MML;PAS;PS2,needs-answer,,
3053,38982,146151,multiple-choice,single,obsidian-quiz-blocks,radio,,MML;PAS;PS2,needs-answer,,
3053,38982,146288,multiple-choice,single,obsidian-quiz-blocks,radio,,MML;PAS;PS2,needs-answer,,
3055,33840,108501,multiple-choice,single,obsidian-quiz-blocks,radio,,MML;PAS,needs-answer,,
3055,33840,110069,multiple-choice,single,obsidian-quiz-blocks,radio,,MML;PAS,needs-answer,,
3055,33841,108470,multiple-choice,single,obsidian-quiz-blocks,radio,,MML;PAS,needs-answer,,
3055,33841,108473,multiple-choice,single,obsidian-quiz-blocks,radio,,MML;PAS,needs-answer,,
3056,33924,108883,multiple-choice,single,obsidian-quiz-blocks,radio,,MML;PAS,needs-answer,,
3056,33924,109175,multiple-choice,single,obsidian-quiz-blocks,radio,,MML;PAS,needs-answer,,
3056,33925,108884,multiple-choice,single,obsidian-quiz-blocks,radio,,MML;PAS,needs-answer,,
3056,33925,143762,multiple-choice,single,obsidian-quiz-blocks,radio,,MML;PAS,needs-answer,,
3056,33926,109183,multiple-choice,single,obsidian-quiz-blocks,radio,,MML;PAS,needs-answer,,
3056,33926,143899,multiple-choice,single,obsidian-quiz-blocks,radio,,MML;PAS,needs-answer,,
3057,38861,145627,multiple-choice,single,obsidian-quiz-blocks,radio,,MML,needs-answer,,
3057,38861,146342,multiple-choice,single,obsidian-quiz-blocks,radio,,MML,needs-answer,,
3057,38877,146424,multiple-choice,single,obsidian-quiz-blocks,radio,,MML,needs-answer,,
3057,38877,145622,multiple-choice,single,obsidian-quiz-blocks,radio,,MML,needs-answer,,
3057,38880,145631,multiple-choice,single,obsidian-quiz-blocks,radio,,MML,needs-answer,,
3057,38880,146213,multiple-choice,single,obsidian-quiz-blocks,radio,,MML,needs-answer,,
3061,38193,111896,multiple-choice,single,obsidian-quiz-blocks,radio,,MML;PAS;PS2,needs-answer,,
3061,38193,143861,multiple-choice,single,obsidian-quiz-blocks,radio,,MML;PAS;PS2,needs-answer,,
3061,38194,111897,multiple-choice,single,obsidian-quiz-blocks,radio,,MML;PAS;PS2,needs-answer,,
3061,38194,143880,multiple-choice,single,obsidian-quiz-blocks,radio,,MML;PAS;PS2,needs-answer,,
3061,38211,111898,multiple-choice,single,obsidian-quiz-blocks,radio,,MML;PAS;PS2,needs-answer,,
3061,38211,143870,multiple-choice,single,obsidian-quiz-blocks,radio,,MML;PAS;PS2,needs-answer,,
3062,33995,109096,multiple-choice,single,obsidian-quiz-blocks,radio,,MML;PAS;PS2,needs-answer,,
3062,33995,109966,multiple-choice,single,obsidian-quiz-blocks,radio,,MML;PAS;PS2,needs-answer,,
3062,34081,109097,multiple-choice,single,obsidian-quiz-blocks,radio,,MML;PAS;PS2,needs-answer,,
3062,34081,109099,multiple-choice,single,obsidian-quiz-blocks,radio,,MML;PAS;PS2,needs-answer,,
3062,34246,110248,multiple-choice,single,obsidian-quiz-blocks,radio,,MML;PAS;PS2,needs-answer,,
3062,34246,110249,multiple-choice,single,obsidian-quiz-blocks,radio,,MML;PAS;PS2,needs-answer,,
3067,38047,110424,multiple-choice,single,obsidian-quiz-blocks,radio,,MML;PAS;PS2,needs-answer,,
3067,38047,143275,multiple-choice,single,obsidian-quiz-blocks,radio,,MML;PAS;PS2,needs-answer,,
3067,38048,143186,multiple-choice,single,obsidian-quiz-blocks,radio,,MML;PAS;PS2,needs-answer,,
3067,38048,143304,multiple-choice,single,obsidian-quiz-blocks,radio,,MML;PAS;PS2,needs-answer,,
3067,38051,143208,multiple-choice,single,obsidian-quiz-blocks,radio,,MML;PAS;PS2,needs-answer,,
3067,38051,143411,multiple-choice,single,obsidian-quiz-blocks,radio,,MML;PAS;PS2,needs-answer,,
3069,37902,142455,multiple-choice,single,obsidian-quiz-blocks,radio,,MML;PAS,needs-answer,,
3069,37902,142526,multiple-choice,single,obsidian-quiz-blocks,radio,,MML;PAS,needs-answer,,
3069,37903,142458,multiple-choice,single,obsidian-quiz-blocks,radio,,MML;PAS,needs-answer,,
3069,37903,142582,multiple-choice,single,obsidian-quiz-blocks,radio,,MML;PAS,needs-answer,,
3069,37909,142499,multiple-choice,single,obsidian-quiz-blocks,radio,,MML;PAS,needs-answer,,
3069,37909,142492,multiple-choice,single,obsidian-quiz-blocks,radio,,MML;PAS,needs-answer,,
3071,31937,97045,multiple-choice,single,obsidian-quiz-blocks,radio,,DSM;MML;PAS,needs-answer,,
3071,31937,97204,multiple-choice,single,obsidian-quiz-blocks,radio,,DSM;MML;PAS,needs-answer,,
3071,31938,97046,multiple-choice,single,obsidian-quiz-blocks,radio,,DSM;MML;PAS,needs-answer,,
3071,31938,97194,multiple-choice,single,obsidian-quiz-blocks,radio,,DSM;MML;PAS,needs-answer,,
3071,31939,97047,multiple-choice,single,obsidian-quiz-blocks,radio,,DSM;MML;PAS,needs-answer,,
3071,31939,97190,multiple-choice,single,obsidian-quiz-blocks,radio,,DSM;MML;PAS,needs-answer,,
3071,31940,97048,multiple-choice,single,obsidian-quiz-blocks,radio,,DSM;MML;PAS,needs-answer,,
3071,31940,97150,multiple-choice,single,obsidian-quiz-blocks,radio,,DSM;MML;PAS,needs-answer,,
3074,224791,96342,multiple-choice,single,obsidian-quiz-blocks,radio,,MML;PAS;PS1,needs-answer,,
3074,224791,96344,multiple-choice,single,obsidian-quiz-blocks,radio,,MML;PAS;PS1,needs-answer,,
3074,224794,96341,multiple-choice,single,obsidian-quiz-blocks,radio,,MML;PAS;PS1,needs-answer,,
3074,224794,95153,multiple-choice,single,obsidian-quiz-blocks,radio,,MML;PAS;PS1,needs-answer,,
3074,224797,96348,multiple-choice,single,obsidian-quiz-blocks,radio,,MML;PAS;PS1,needs-answer,,
3074,224797,96346,multiple-choice,single,obsidian-quiz-blocks,radio,,MML;PAS;PS1,needs-answer,,
3074,224802,253887,multiple-choice,single,obsidian-quiz-blocks,radio,,MML;PAS;PS1,needs-answer,,
3074,224802,253889,multiple-choice,single,obsidian-quiz-blocks,radio,,MML;PAS;PS1,needs-answer,,
3077,38124,143525,multiple-choice,single,obsidian-quiz-blocks,radio,,MML;PAS,needs-answer,,
3077,38124,159836,multiple-choice,single,obsidian-quiz-blocks,radio,,MML;PAS,needs-answer,,
3077,38125,159837,multiple-choice,single,obsidian-quiz-blocks,radio,,MML;PAS,needs-answer,,
3077,38125,159838,multiple-choice,single,obsidian-quiz-blocks,radio,,MML;PAS,needs-answer,,
3081,34757,115197,multiple-choice,single,obsidian-quiz-blocks,radio,,MML;PAS,needs-answer,,
3081,34757,115226,multiple-choice,single,obsidian-quiz-blocks,radio,,MML;PAS,needs-answer,,
3081,34760,115221,multiple-choice,single,obsidian-quiz-blocks,radio,,MML;PAS,needs-answer,,
3081,34760,115235,multiple-choice,single,obsidian-quiz-blocks,radio,,MML;PAS,needs-answer,,
3081,34765,115246,multiple-choice,single,obsidian-quiz-blocks,radio,,MML;PAS,needs-answer,,
3081,34765,115251,multiple-choice,single,obsidian-quiz-blocks,radio,,MML;PAS,needs-answer,,
3118,30550,93583,multiple-choice,single,obsidian-quiz-blocks,radio,,DSM;LAL;MML;PS1,needs-answer,,
3118,30550,93994,multiple-choice,single,obsidian-quiz-blocks,radio,,DSM;LAL;MML;PS1,needs-answer,,
3118,31546,96046,multiple-choice,single,obsidian-quiz-blocks,radio,,DSM;LAL;MML;PS1,needs-answer,,
3118,31546,96595,multiple-choice,single,obsidian-quiz-blocks,radio,,DSM;LAL;MML;PS1,needs-answer,,
3119,30594,94260,multiple-choice,single,obsidian-quiz-blocks,radio,,LAL;MML;PS2,needs-answer,,
3119,30594,93727,multiple-choice,single,obsidian-quiz-blocks,radio,,LAL;MML;PS2,needs-answer,,
3119,30595,94332,multiple-choice,single,obsidian-quiz-blocks,radio,,LAL;MML;PS2,needs-answer,,
3119,30595,93728,multiple-choice,single,obsidian-quiz-blocks,radio,,LAL;MML;PS2,needs-answer,,
3119,30597,94254,multiple-choice,single,obsidian-quiz-blocks,radio,,LAL;MML;PS2,needs-answer,,
3119,30597,93726,multiple-choice,single,obsidian-quiz-blocks,radio,,LAL;MML;PS2,needs-answer,,
3121,30561,93610,multiple-choice,single,obsidian-quiz-blocks,radio,,LAL;MML;PS2,needs-answer,,
3121,30561,93899,multiple-choice,single,obsidian-quiz-blocks,radio,,LAL;MML;PS2,needs-answer,,
3121,30563,93679,multiple-choice,single,obsidian-quiz-blocks,radio,,LAL;MML;PS2,needs-answer,,
3121,30563,93681,multiple-choice,single,obsidian-quiz-blocks,radio,,LAL;MML;PS2,needs-answer,,
3121,30564,93684,multiple-choice,single,obsidian-quiz-blocks,radio,,LAL;MML;PS2,needs-answer,,
3121,30564,94004,multiple-choice,single,obsidian-quiz-blocks,radio,,LAL;MML;PS2,needs-answer,,
3121,30565,93685,multiple-choice,single,obsidian-quiz-blocks,radio,,LAL;MML;PS2,needs-answer,,
3121,30565,94040,multiple-choice,single,obsidian-quiz-blocks,radio,,LAL;MML;PS2,needs-answer,,
3122,30612,93733,multiple-choice,single,obsidian-quiz-blocks,radio,,LAL;MML;PS2,needs-answer,,
3122,30612,94092,multiple-choice,single,obsidian-quiz-blocks,radio,,LAL;MML;PS2,needs-answer,,
3122,30613,93735,multiple-choice,single,obsidian-quiz-blocks,radio,,LAL;MML;PS2,needs-answer,,
3122,30613,94180,multiple-choice,single,obsidian-quiz-blocks,radio,,LAL;MML;PS2,needs-answer,,
3122,30615,93738,multiple-choice,single,obsidian-quiz-blocks,radio,,LAL;MML;PS2,needs-answer,,
3122,30615,94190,multiple-choice,single,obsidian-quiz-blocks,radio,,LAL;MML;PS2,needs-answer,,
3123,30584,94065,multiple-choice,single,obsidian-quiz-blocks,radio,,LAL;MML;PS2,needs-answer,,
3123,30584,93700,multiple-choice,single,obsidian-quiz-blocks,radio,,LAL;MML;PS2,needs-answer,,
3123,30585,93703,multiple-choice,single,obsidian-quiz-blocks,radio,,LAL;MML;PS2,needs-answer,,
3123,30585,93704,multiple-choice,single,obsidian-quiz-blocks,radio,,LAL;MML;PS2,needs-answer,,
3123,30586,93705,multiple-choice,single,obsidian-quiz-blocks,radio,,LAL;MML;PS2,needs-answer,,
3123,30586,94107,multiple-choice,single,obsidian-quiz-blocks,radio,,LAL;MML;PS2,needs-answer,,
3123,30587,93712,multiple-choice,single,obsidian-quiz-blocks,radio,,LAL;MML;PS2,needs-answer,,
3123,30587,93711,multiple-choice,single,obsidian-quiz-blocks,radio,,LAL;MML;PS2,needs-answer,,
3127,30875,94462,multiple-choice,single,obsidian-quiz-blocks,radio,,LAL;MML;PS2,needs-answer,,
3127,30875,94463,multiple-choice,single,obsidian-quiz-blocks,radio,,LAL;MML;PS2,needs-answer,,
3127,30877,94464,multiple-choice,single,obsidian-quiz-blocks,radio,,LAL;MML;PS2,needs-answer,,
3127,30877,94465,multiple-choice,single,obsidian-quiz-blocks,radio,,LAL;MML;PS2,needs-answer,,
3127,30879,94466,multiple-choice,single,obsidian-quiz-blocks,radio,,LAL;MML;PS2,needs-answer,,
3127,30879,94467,multiple-choice,single,obsidian-quiz-blocks,radio,,LAL;MML;PS2,needs-answer,,
3131,37250,139415,multiple-choice,single,obsidian-quiz-blocks,radio,,LAL;MML;PS2,needs-answer,,
3131,37250,139491,multiple-choice,single,obsidian-quiz-blocks,radio,,LAL;MML;PS2,needs-answer,,
3131,37251,139420,multiple-choice,single,obsidian-quiz-blocks,radio,,LAL;MML;PS2,needs-answer,,
3131,37251,139421,multiple-choice,single,obsidian-quiz-blocks,radio,,LAL;MML;PS2,needs-answer,,
3131,37254,139418,multiple-choice,single,obsidian-quiz-blocks,radio,,LAL;MML;PS2,needs-answer,,
3131,37254,139507,multiple-choice,single,obsidian-quiz-blocks,radio,,LAL;MML;PS2,needs-answer,,
3132,31341,95713,multiple-choice,single,obsidian-quiz-blocks,radio,,LAL;MML;PS2,needs-answer,,
3132,31341,95711,multiple-choice,single,obsidian-quiz-blocks,radio,,LAL;MML;PS2,needs-answer,,
3132,31342,96317,multiple-choice,single,obsidian-quiz-blocks,radio,,LAL;MML;PS2,needs-answer,,
3132,31342,95734,multiple-choice,single,obsidian-quiz-blocks,radio,,LAL;MML;PS2,needs-answer,,
3132,31343,95717,multiple-choice,single,obsidian-quiz-blocks,radio,,LAL;MML;PS2,needs-answer,,
3132,31343,95727,multiple-choice,single,obsidian-quiz-blocks,radio,,LAL;MML;PS2,needs-answer,,
3132,31344,96352,multiple-choice,single,obsidian-quiz-blocks,radio,,LAL;MML;PS2,needs-answer,,
3132,31344,95735,multiple-choice,single,obsidian-quiz-blocks,radio,,LAL;MML;PS2,needs-answer,,
3133,32048,97366,multiple-choice,single,obsidian-quiz-blocks,radio,,LAL;MML;PS2,needs-answer,,
3133,32048,97364,multiple-choice,single,obsidian-quiz-blocks,radio,,LAL;MML;PS2,needs-answer,,
3133,32049,97367,multiple-choice,single,obsidian-quiz-blocks,radio,,LAL;MML;PS2,needs-answer,,
3133,32049,98855,multiple-choice,single,obsidian-quiz-blocks,radio,,LAL;MML;PS2,needs-answer,,
3133,32050,98797,multiple-choice,single,obsidian-quiz-blocks,radio,,LAL;MML;PS2,needs-answer,,
3133,32050,97365,multiple-choice,single,obsidian-quiz-blocks,radio,,LAL;MML;PS2,needs-answer,,
3133,32872,98840,multiple-choice,single,obsidian-quiz-blocks,radio,,LAL;MML;PS2,needs-answer,,
3133,32872,98854,multiple-choice,single,obsidian-quiz-blocks,radio,,LAL;MML;PS2,needs-answer,,
3134,36963,136973,multiple-choice,single,obsidian-quiz-blocks,radio,,LAL;MML;PS2,needs-answer,,
3134,36963,136972,multiple-choice,single,obsidian-quiz-blocks,radio,,LAL;MML;PS2,needs-answer,,
3134,36966,136990,multiple-choice,single,obsidian-quiz-blocks,radio,,LAL;MML;PS2,needs-answer,,
3134,36966,136991,multiple-choice,single,obsidian-quiz-blocks,radio,,LAL;MML;PS2,needs-answer,,
3134,36970,138622,multiple-choice,single,obsidian-quiz-blocks,radio,,LAL;MML;PS2,needs-answer,,
3134,36970,136992,multiple-choice,single,obsidian-quiz-blocks,radio,,LAL;MML;PS2,needs-answer,,
3137,39025,146295,multiple-choice,single,obsidian-quiz-blocks,radio,,MML;PAS,needs-answer,,
3137,39025,146454,multiple-choice,single,obsidian-quiz-blocks,radio,,MML;PAS,needs-answer,,
3137,39030,146167,multiple-choice,single,obsidian-quiz-blocks,radio,,MML;PAS,needs-answer,,
3137,39030,146319,multiple-choice,single,obsidian-quiz-blocks,radio,,MML;PAS,needs-answer,,
3137,39031,146301,multiple-choice,single,obsidian-quiz-blocks,radio,,MML;PAS,needs-answer,,
3137,39031,146303,multiple-choice,single,obsidian-quiz-blocks,radio,,MML;PAS,needs-answer,,
3138,36981,137266,multiple-choice,single,obsidian-quiz-blocks,radio,,MML;PAS,needs-answer,,
3138,36981,138589,multiple-choice,single,obsidian-quiz-blocks,radio,,MML;PAS,needs-answer,,
3138,36982,137297,multiple-choice,single,obsidian-quiz-blocks,radio,,MML;PAS,needs-answer,,
3138,36982,137298,multiple-choice,single,obsidian-quiz-blocks,radio,,MML;PAS,needs-answer,,
3138,36984,137296,multiple-choice,single,obsidian-quiz-blocks,radio,,MML;PAS,needs-answer,,
3138,36984,138610,multiple-choice,single,obsidian-quiz-blocks,radio,,MML;PAS,needs-answer,,
3171,45742,136823,multiple-choice,single,obsidian-quiz-blocks,radio,,LAL;MML;PS2,needs-answer,,
3171,45742,138024,multiple-choice,single,obsidian-quiz-blocks,radio,,LAL;MML;PS2,needs-answer,,
3171,45745,138019,multiple-choice,single,obsidian-quiz-blocks,radio,,LAL;MML;PS2,needs-answer,,
3171,45745,136824,multiple-choice,single,obsidian-quiz-blocks,radio,,LAL;MML;PS2,needs-answer,,
3171,45749,136825,multiple-choice,single,obsidian-quiz-blocks,radio,,LAL;MML;PS2,needs-answer,,
3171,45749,136826,multiple-choice,single,obsidian-quiz-blocks,radio,,LAL;MML;PS2,needs-answer,,
3173,30861,95078,multiple-choice,single,obsidian-quiz-blocks,radio,,MML;MVC;PS1,needs-answer,,
3173,30861,94587,multiple-choice,single,obsidian-quiz-blocks,radio,,MML;MVC;PS1,needs-answer,,
3173,30862,95121,multiple-choice,single,obsidian-quiz-blocks,radio,,MML;MVC;PS1,needs-answer,,
3173,30862,94588,multiple-choice,single,obsidian-quiz-blocks,radio,,MML;MVC;PS1,needs-answer,,
3173,30863,37205,multiple-choice,single,obsidian-quiz-blocks,radio,,MML;MVC;PS1,needs-answer,,
3173,30863,94448,multiple-choice,single,obsidian-quiz-blocks,radio,,MML;MVC;PS1,needs-answer,,
3173,30864,94589,multiple-choice,single,obsidian-quiz-blocks,radio,,MML;MVC;PS1,needs-answer,,
3173,30864,94814,multiple-choice,single,obsidian-quiz-blocks,radio,,MML;MVC;PS1,needs-answer,,
3218,610830,345424,multiple-choice,single,obsidian-quiz-blocks,radio,,MML,needs-answer,,
3218,610830,345425,multiple-choice,single,obsidian-quiz-blocks,radio,,MML,needs-answer,,
3218,610834,345426,multiple-choice,single,obsidian-quiz-blocks,radio,,MML,needs-answer,,
3218,610834,349167,multiple-choice,single,obsidian-quiz-blocks,radio,,MML,needs-answer,,
3218,610838,345427,free-response,single,,,,,,,
3218,610838,345428,multiple-choice,single,obsidian-quiz-blocks,radio,,MML,needs-answer,,
3269,32014,97231,multiple-choice,single,obsidian-quiz-blocks,radio,,DSM;MML;PAS,needs-answer,,
3269,32014,97691,multiple-choice,single,obsidian-quiz-blocks,radio,,DSM;MML;PAS,needs-answer,,
3269,32093,97569,multiple-choice,single,obsidian-quiz-blocks,radio,,DSM;MML;PAS,needs-answer,,
3269,32093,97745,multiple-choice,single,obsidian-quiz-blocks,radio,,DSM;MML;PAS,needs-answer,,
3270,181472,224463,free-response,multi,,,,,,,
3270,181472,224422,free-response,single,,,,,,,
3270,181475,224474,free-response,single,,,,,,,
3270,181475,224465,multiple-choice,single,obsidian-quiz-blocks,radio,,MML;PAS,needs-answer,,
3270,181478,224467,multiple-choice,single,obsidian-quiz-blocks,radio,,MML;PAS,needs-answer,,
3270,181478,224468,multiple-choice,single,obsidian-quiz-blocks,radio,,MML;PAS,needs-answer,,
3270,181481,224469,multiple-choice,single,obsidian-quiz-blocks,radio,,MML;PAS,needs-answer,,
3270,181481,224470,multiple-choice,single,obsidian-quiz-blocks,radio,,MML;PAS,needs-answer,,
3272,22340,5477,multiple-choice,single,obsidian-quiz-blocks,radio,e,DSM;MML;PAS;PS1,converted-and-verified,manual,label
3272,22340,104863,multiple-choice,single,obsidian-quiz-blocks,radio,b,DSM;MML;PAS;PS1,converted-and-verified,manual,label
3272,22341,5476,multiple-choice,single,obsidian-quiz-blocks,radio,e,DSM;MML;PAS;PS1,converted-and-verified,manual,label
3272,22341,106368,multiple-choice,single,obsidian-quiz-blocks,radio,c,DSM;MML;PAS;PS1,converted-and-verified,manual,label
3272,33290,104792,multiple-choice,single,obsidian-quiz-blocks,radio,c,DSM;MML;PAS;PS1,converted-and-verified,manual,label
3272,33290,105978,multiple-choice,single,obsidian-quiz-blocks,radio,a,DSM;MML;PAS;PS1,converted-and-verified,manual,label
3272,33311,104793,multiple-choice,single,obsidian-quiz-blocks,radio,c,DSM;MML;PAS;PS1,converted-and-verified,manual,label
3272,33311,106160,multiple-choice,single,obsidian-quiz-blocks,radio,a,DSM;MML;PAS;PS1,converted-and-verified,manual,label
3274,221726,224475,free-response,multi,,,,,,,
3274,221726,224476,free-response,single,,,,,,,
3274,221729,224479,free-response,single,,,,,,,
3274,221729,224481,multiple-choice,single,obsidian-quiz-blocks,radio,,MML;PAS,needs-answer,,
3274,221732,224486,multiple-choice,single,obsidian-quiz-blocks,radio,,MML;PAS,needs-answer,,
3274,221732,224488,multiple-choice,single,obsidian-quiz-blocks,radio,,MML;PAS,needs-answer,,
3274,221735,224490,multiple-choice,single,obsidian-quiz-blocks,radio,,MML;PAS,needs-answer,,
3274,221735,224491,multiple-choice,single,obsidian-quiz-blocks,radio,,MML;PAS,needs-answer,,
3277,29664,90647,multiple-choice,single,obsidian-quiz-blocks,radio,,MML;PAS,needs-answer,,
3277,29664,90316,multiple-choice,single,obsidian-quiz-blocks,radio,,MML;PAS,needs-answer,,
3277,29665,90317,multiple-choice,single,obsidian-quiz-blocks,radio,,MML;PAS,needs-answer,,
3277,29665,90664,multiple-choice,single,obsidian-quiz-blocks,radio,,MML;PAS,needs-answer,,
3277,31405,90669,multiple-choice,single,obsidian-quiz-blocks,radio,,MML;PAS,needs-answer,,
3277,31405,96564,multiple-choice,single,obsidian-quiz-blocks,radio,,MML;PAS,needs-answer,,
3278,31419,95913,multiple-choice,single,obsidian-quiz-blocks,radio,,LAL;MML;PS2,needs-answer,,
3278,31419,96434,multiple-choice,single,obsidian-quiz-blocks,radio,,LAL;MML;PS2,needs-answer,,
3278,31420,96278,multiple-choice,single,obsidian-quiz-blocks,radio,,LAL;MML;PS2,needs-answer,,
3278,31420,95731,multiple-choice,single,obsidian-quiz-blocks,radio,,LAL;MML;PS2,needs-answer,,
3278,31421,96351,multiple-choice,single,obsidian-quiz-blocks,radio,,LAL;MML;PS2,needs-answer,,
3278,31421,95921,multiple-choice,single,obsidian-quiz-blocks,radio,,LAL;MML;PS2,needs-answer,,
3282,31518,96846,multiple-choice,single,obsidian-quiz-blocks,radio,,DSM;MML;PAS,needs-answer,,
3282,31518,95993,multiple-choice,single,obsidian-quiz-blocks,radio,,DSM;MML;PAS,needs-answer,,
3282,31519,96880,multiple-choice,single,obsidian-quiz-blocks,radio,,DSM;MML;PAS,needs-answer,,
3282,31519,95994,multiple-choice,single,obsidian-quiz-blocks,radio,,DSM;MML;PAS,needs-answer,,
3282,31520,95995,multiple-choice,single,obsidian-quiz-blocks,radio,,DSM;MML;PAS,needs-answer,,
3282,31520,96892,multiple-choice,single,obsidian-quiz-blocks,radio,,DSM;MML;PAS,needs-answer,,
3282,31521,95996,multiple-choice,single,obsidian-quiz-blocks,radio,,DSM;MML;PAS,needs-answer,,
3282,31521,96901,multiple-choice,single,obsidian-quiz-blocks,radio,,DSM;MML;PAS,needs-answer,,
3286,33287,147126,multiple-choice,single,obsidian-quiz-blocks,radio,,DSM;MML;PAS;PS1,needs-answer,,
3286,33287,147132,multiple-choice,single,obsidian-quiz-blocks,radio,,DSM;MML;PAS;PS1,needs-answer,,
3286,33288,147235,multiple-choice,single,obsidian-quiz-blocks,radio,,DSM;MML;PAS;PS1,needs-answer,,
3286,33288,148674,multiple-choice,single,obsidian-quiz-blocks,radio,,DSM;MML;PAS;PS1,needs-answer,,
3286,39256,104789,multiple-choice,single,obsidian-quiz-blocks,radio,,DSM;MML;PAS;PS1,needs-answer,,
3286,39256,148673,multiple-choice,single,obsidian-quiz-blocks,radio,,DSM;MML;PAS;PS1,needs-answer,,
3289,33409,105736,multiple-choice,single,obsidian-quiz-blocks,radio,,MML;PAS,needs-answer,,
3289,33409,107763,multiple-choice,single,obsidian-quiz-blocks,radio,,MML;PAS,needs-answer,,
3289,33411,105737,multiple-choice,single,obsidian-quiz-blocks,radio,,MML;PAS,needs-answer,,
3289,33411,107764,multiple-choice,single,obsidian-quiz-blocks,radio,,MML;PAS,needs-answer,,
3289,33743,105735,multiple-choice,single,obsidian-quiz-blocks,radio,,MML;PAS,needs-answer,,
3289,33743,107835,multiple-choice,single,obsidian-quiz-blocks,radio,,MML;PAS,needs-answer,,
3292,33855,108554,multiple-choice,single,obsidian-quiz-blocks,radio,,MML;PAS;PS2,needs-answer,,
3292,33855,108542,multiple-choice,single,obsidian-quiz-blocks,radio,,MML;PAS;PS2,needs-answer,,
3292,33862,108960,multiple-choice,single,obsidian-quiz-blocks,radio,,MML;PAS;PS2,needs-answer,,
3292,33862,108545,multiple-choice,single,obsidian-quiz-blocks,radio,,MML;PAS;PS2,needs-answer,,
3292,33869,108543,multiple-choice,single,obsidian-quiz-blocks,radio,,MML;PAS;PS2,needs-answer,,
3292,33869,108555,multiple-choice,single,obsidian-quiz-blocks,radio,,MML;PAS;PS2,needs-answer,,
3298,37965,142863,multiple-choice,single,obsidian-quiz-blocks,radio,,MML;PAS,needs-answer,,
3298,37965,159648,multiple-choice,single,obsidian-quiz-blocks,radio,,MML;PAS,needs-answer,,
3298,37968,142864,multiple-choice,single,obsidian-quiz-blocks,radio,,MML;PAS,needs-answer,,
3298,37968,159638,multiple-choice,single,obsidian-quiz-blocks,radio,,MML;PAS,needs-answer,,
3298,42221,159507,multiple-choice,single,obsidian-quiz-blocks,radio,,MML;PAS,needs-answer,,
3298,42221,159508,multiple-choice,single,obsidian-quiz-blocks,radio,,MML;PAS,needs-answer,,
3300,176379,142713,multiple-choice,single,obsidian-quiz-blocks,radio,,MML;PAS,needs-answer,,
3300,176379,142715,multiple-choice,single,obsidian-quiz-blocks,radio,,MML;PAS,needs-answer,,
3300,176382,143305,multiple-choice,single,obsidian-quiz-blocks,radio,,MML;PAS,needs-answer,,
3300,176382,142726,multiple-choice,single,obsidian-quiz-blocks,radio,,MML;PAS,needs-answer,,
3322,38066,143249,multiple-choice,single,obsidian-quiz-blocks,radio,,MML;PAS,needs-answer,,
3322,38066,159411,multiple-choice,single,obsidian-quiz-blocks,radio,,MML;PAS,needs-answer,,
3322,42155,143260,multiple-choice,single,obsidian-quiz-blocks,radio,,MML;PAS,needs-answer,,
3322,42155,159571,multiple-choice,single,obsidian-quiz-blocks,radio,,MML;PAS,needs-answer,,
3334,31535,96747,multiple-choice,single,obsidian-quiz-blocks,radio,b,LAL;MML;MOP;PS1,converted-and-verified,manual,label
3334,31535,96038,multiple-choice,single,obsidian-quiz-blocks,radio,e,LAL;MML;MOP;PS1,converted-and-verified,manual,label
3334,31536,96758,multiple-choice,single,obsidian-quiz-blocks,radio,e,LAL;MML;MOP;PS1,converted-and-verified,manual,label
3334,31536,96040,multiple-choice,single,obsidian-quiz-blocks,radio,a,LAL;MML;MOP;PS1,converted-and-verified,manual,label
3334,31537,96042,multiple-choice,single,obsidian-quiz-blocks,radio,b,LAL;MML;MOP;PS1,converted-and-verified,manual,label
3334,31537,96043,multiple-choice,single,obsidian-quiz-blocks,radio,c,LAL;MML;MOP;PS1,converted-and-verified,manual,label
3334,31579,96037,multiple-choice,single,obsidian-quiz-blocks,radio,c,LAL;MML;MOP;PS1,converted-and-verified,manual,label
3334,31579,96123,multiple-choice,single,obsidian-quiz-blocks,radio,c,LAL;MML;MOP;PS1,converted-and-verified,manual,label
3335,30552,93586,multiple-choice,single,obsidian-quiz-blocks,radio,,LAL;MML;PS2,needs-answer,,
3335,30552,94000,multiple-choice,single,obsidian-quiz-blocks,radio,,LAL;MML;PS2,needs-answer,,
3335,30553,93602,multiple-choice,single,obsidian-quiz-blocks,radio,,LAL;MML;PS2,needs-answer,,
3335,30553,94056,multiple-choice,single,obsidian-quiz-blocks,radio,,LAL;MML;PS2,needs-answer,,
3335,30578,94024,multiple-choice,single,obsidian-quiz-blocks,radio,,LAL;MML;PS2,needs-answer,,
3335,30578,93598,multiple-choice,single,obsidian-quiz-blocks,radio,,LAL;MML;PS2,needs-answer,,
3380,44839,162669,multiple-choice,single,obsidian-quiz-blocks,radio,,MML;MVC;PS2,needs-answer,,
3380,44839,162898,multiple-choice,single,obsidian-quiz-blocks,radio,,MML;MVC;PS2,needs-answer,,
3380,44841,162671,multiple-choice,single,obsidian-quiz-blocks,radio,,MML;MVC;PS2,needs-answer,,
3380,44841,162670,multiple-choice,single,obsidian-quiz-blocks,radio,,MML;MVC;PS2,needs-answer,,
3387,35594,124007,multiple-choice,single,obsidian-quiz-blocks,radio,,MML;MVC;PS1,needs-answer,,
3387,35594,124255,multiple-choice,single,obsidian-quiz-blocks,radio,,MML;MVC;PS1,needs-answer,,
3387,35595,124088,multiple-choice,single,obsidian-quiz-blocks,radio,,MML;MVC;PS1,needs-answer,,
3387,35595,124291,multiple-choice,single,obsidian-quiz-blocks,radio,,MML;MVC;PS1,needs-answer,,
3387,35598,124091,multiple-choice,single,obsidian-quiz-blocks,radio,,MML;MVC;PS1,needs-answer,,
3387,35598,124271,multiple-choice,single,obsidian-quiz-blocks,radio,,MML;MVC;PS1,needs-answer,,
3402,32015,97232,multiple-choice,single,obsidian-quiz-blocks,radio,,DSM;MML;PAS,needs-answer,,
3402,32015,97649,multiple-choice,single,obsidian-quiz-blocks,radio,,DSM;MML;PAS,needs-answer,,
3402,32016,97234,multiple-choice,single,obsidian-quiz-blocks,radio,,DSM;MML;PAS,needs-answer,,
3402,32016,97682,multiple-choice,single,obsidian-quiz-blocks,radio,,DSM;MML;PAS,needs-answer,,
3603,38120,143467,multiple-choice,single,obsidian-quiz-blocks,radio,,MML;PAS,needs-answer,,
3603,38120,159763,multiple-choice,single,obsidian-quiz-blocks,radio,,MML;PAS,needs-answer,,
3603,42270,143470,multiple-choice,single,obsidian-quiz-blocks,radio,,MML;PAS,needs-answer,,
3603,42270,159765,multiple-choice,single,obsidian-quiz-blocks,radio,,MML;PAS,needs-answer,,
3603,42271,143472,multiple-choice,single,obsidian-quiz-blocks,radio,,MML;PAS,needs-answer,,
3603,42271,159767,multiple-choice,single,obsidian-quiz-blocks,radio,,MML;PAS,needs-answer,,
3631,34379,111030,multiple-choice,single,obsidian-quiz-blocks,radio,,DSM;MML;PAS;PS1,needs-answer,,
3631,34379,111031,multiple-choice,single,obsidian-quiz-blocks,radio,,DSM;MML;PAS;PS1,needs-answer,,
3631,34384,111033,multiple-choice,single,obsidian-quiz-blocks,radio,,DSM;MML;PAS;PS1,needs-answer,,
3631,34384,111518,multiple-choice,single,obsidian-quiz-blocks,radio,,DSM;MML;PAS;PS1,needs-answer,,
3636,34284,110408,multiple-choice,single,obsidian-quiz-blocks,radio,,MML;PAS;PS2,needs-answer,,
3636,34284,110409,multiple-choice,single,obsidian-quiz-blocks,radio,,MML;PAS;PS2,needs-answer,,
3636,34287,110417,multiple-choice,single,obsidian-quiz-blocks,radio,,MML;PAS;PS2,needs-answer,,
3636,34287,110416,multiple-choice,single,obsidian-quiz-blocks,radio,,MML;PAS;PS2,needs-answer,,
3636,34294,110422,multiple-choice,single,obsidian-quiz-blocks,radio,,MML;PAS;PS2,needs-answer,,
3636,34294,142925,multiple-choice,single,obsidian-quiz-blocks,radio,,MML;PAS;PS2,needs-answer,,
3636,37919,110410,multiple-choice,single,obsidian-quiz-blocks,radio,,MML;PAS;PS2,needs-answer,,
3636,37919,142856,multiple-choice,single,obsidian-quiz-blocks,radio,,MML;PAS;PS2,needs-answer,,
3637,460561,144036,multiple-choice,single,obsidian-quiz-blocks,radio,,MML;PAS,needs-answer,,
3637,460561,109802,multiple-choice,single,obsidian-quiz-blocks,radio,,MML;PAS,needs-answer,,
3637,460565,143787,multiple-choice,single,obsidian-quiz-blocks,radio,,MML;PAS,needs-answer,,
3637,460565,143784,multiple-choice,single,obsidian-quiz-blocks,radio,,MML;PAS,needs-answer,,
3638,34662,114456,multiple-choice,single,obsidian-quiz-blocks,radio,,MML;PAS;PS2,needs-answer,,
3638,34662,142948,multiple-choice,single,obsidian-quiz-blocks,radio,,MML;PAS;PS2,needs-answer,,
3638,34665,114459,multiple-choice,single,obsidian-quiz-blocks,radio,,MML;PAS;PS2,needs-answer,,
3638,34665,114461,multiple-choice,single,obsidian-quiz-blocks,radio,,MML;PAS;PS2,needs-answer,,
3638,37971,142869,multiple-choice,single,obsidian-quiz-blocks,radio,,MML;PAS;PS2,needs-answer,,
3638,37971,114458,multiple-choice,single,obsidian-quiz-blocks,radio,,MML;PAS;PS2,needs-answer,,
3638,37972,110259,multiple-choice,single,obsidian-quiz-blocks,radio,,MML;PAS;PS2,needs-answer,,
3638,37972,114463,multiple-choice,single,obsidian-quiz-blocks,radio,,MML;PAS;PS2,needs-answer,,
3640,34459,111909,multiple-choice,single,obsidian-quiz-blocks,radio,,MML;PAS;PS2,needs-answer,,
3640,34459,137894,multiple-choice,single,obsidian-quiz-blocks,radio,,MML;PAS;PS2,needs-answer,,
3640,34462,137970,multiple-choice,single,obsidian-quiz-blocks,radio,,MML;PAS;PS2,needs-answer,,
3640,34462,111911,multiple-choice,single,obsidian-quiz-blocks,radio,,MML;PAS;PS2,needs-answer,,
3640,36999,143568,multiple-choice,single,obsidian-quiz-blocks,radio,,MML;PAS;PS2,needs-answer,,
3640,36999,143569,multiple-choice,single,obsidian-quiz-blocks,radio,,MML;PAS;PS2,needs-answer,,
3640,38160,111907,multiple-choice,single,obsidian-quiz-blocks,radio,,MML;PAS;PS2,needs-answer,,
3640,38160,111908,multiple-choice,single,obsidian-quiz-blocks,radio,,MML;PAS;PS2,needs-answer,,
3642,27507,84126,multiple-choice,single,obsidian-quiz-blocks,radio,,DSM;MML;PAS;PS1,needs-answer,,
3642,27507,84133,multiple-choice,single,obsidian-quiz-blocks,radio,,DSM;MML;PAS;PS1,needs-answer,,
3642,33947,108925,multiple-choice,single,obsidian-quiz-blocks,radio,,DSM;MML;PAS;PS1,needs-answer,,
3642,33947,110001,multiple-choice,single,obsidian-quiz-blocks,radio,,DSM;MML;PAS;PS1,needs-answer,,
3642,38212,143750,multiple-choice,single,obsidian-quiz-blocks,radio,,DSM;MML;PAS;PS1,needs-answer,,
3642,38212,143751,multiple-choice,single,obsidian-quiz-blocks,radio,,DSM;MML;PAS;PS1,needs-answer,,
3647,34229,110183,multiple-choice,single,obsidian-quiz-blocks,radio,,DSM;MML;PAS;PS1,needs-answer,,
3647,34229,110185,multiple-choice,single,obsidian-quiz-blocks,radio,,DSM;MML;PAS;PS1,needs-answer,,
3647,34387,111039,multiple-choice,single,obsidian-quiz-blocks,radio,,DSM;MML;PAS;PS1,needs-answer,,
3647,34387,111301,multiple-choice,single,obsidian-quiz-blocks,radio,,DSM;MML;PAS;PS1,needs-answer,,
3647,34390,111036,multiple-choice,single,obsidian-quiz-blocks,radio,,DSM;MML;PAS;PS1,needs-answer,,
3647,34390,111314,multiple-choice,single,obsidian-quiz-blocks,radio,,DSM;MML;PAS;PS1,needs-answer,,
3696,23453,75065,multiple-choice,single,obsidian-quiz-blocks,radio,,MML;MVC,needs-answer,,
3696,23453,75095,multiple-choice,single,obsidian-quiz-blocks,radio,,MML;MVC,needs-answer,,
3696,23455,75062,multiple-choice,single,obsidian-quiz-blocks,radio,,MML;MVC,needs-answer,,
3696,23455,75097,multiple-choice,single,obsidian-quiz-blocks,radio,,MML;MVC,needs-answer,,
3696,35552,75056,multiple-choice,single,obsidian-quiz-blocks,radio,,MML;MVC,needs-answer,,
3696,35552,75060,multiple-choice,single,obsidian-quiz-blocks,radio,,MML;MVC,needs-answer,,
3697,35481,122863,multiple-choice,single,obsidian-quiz-blocks,radio,,MML;MVC,needs-answer,,
3697,35481,122848,multiple-choice,single,obsidian-quiz-blocks,radio,,MML;MVC,needs-answer,,
3697,35489,122849,multiple-choice,single,obsidian-quiz-blocks,radio,,MML;MVC,needs-answer,,
3697,35489,122864,multiple-choice,single,obsidian-quiz-blocks,radio,,MML;MVC,needs-answer,,
3697,35494,122861,multiple-choice,single,obsidian-quiz-blocks,radio,,MML;MVC,needs-answer,,
3697,35494,122923,multiple-choice,single,obsidian-quiz-blocks,radio,,MML;MVC,needs-answer,,
3698,22706,72129,multiple-choice,single,obsidian-quiz-blocks,radio,,MML;MVC,needs-answer,,
3698,22706,72481,multiple-choice,single,obsidian-quiz-blocks,radio,,MML;MVC,needs-answer,,
3698,35490,122867,multiple-choice,single,obsidian-quiz-blocks,radio,,MML;MVC,needs-answer,,
3698,35490,72128,multiple-choice,single,obsidian-quiz-blocks,radio,,MML;MVC,needs-answer,,
3706,44649,124101,multiple-choice,single,obsidian-quiz-blocks,radio,a,MVC;MML;PS1,converted-and-verified,manual,label
3706,44649,124105,multiple-choice,single,obsidian-quiz-blocks,radio,e,MVC;MML;PS1,converted-and-verified,image-id,answer-image-id-1
3706,44654,124103,multiple-choice,single,obsidian-quiz-blocks,radio,e,MVC;MML;PS1,converted-and-verified,image-id,answer-image-id-1
3706,44654,123979,multiple-choice,single,obsidian-quiz-blocks,radio,c,MVC;MML;PS1,converted-and-verified,image-id,answer-image-id-1
3706,44657,124004,multiple-choice,single,obsidian-quiz-blocks,radio,c,MVC;MML;PS1,converted-and-verified,manual,label
3706,44657,124199,multiple-choice,single,obsidian-quiz-blocks,radio,a,MVC;MML;PS1,converted-and-verified,manual,label
3706,44685,162142,multiple-choice,single,obsidian-quiz-blocks,radio,b,MVC;MML;PS1,converted-and-verified,manual,label
3706,44685,162141,multiple-choice,single,obsidian-quiz-blocks,radio,d,MVC;MML;PS1,converted-and-verified,manual,label
3707,44661,124111,multiple-choice,single,obsidian-quiz-blocks,radio,,MML;MVC;PS1,needs-answer,,
3707,44661,124109,multiple-choice,single,obsidian-quiz-blocks,radio,,MML;MVC;PS1,needs-answer,,
3707,44665,124117,multiple-choice,single,obsidian-quiz-blocks,radio,,MML;MVC;PS1,needs-answer,,
3707,44665,124249,multiple-choice,single,obsidian-quiz-blocks,radio,,MML;MVC;PS1,needs-answer,,
3707,44668,124114,multiple-choice,single,obsidian-quiz-blocks,radio,,MML;MVC;PS1,needs-answer,,
3707,44668,124317,multiple-choice,single,obsidian-quiz-blocks,radio,,MML;MVC;PS1,needs-answer,,
3707,44704,162152,multiple-choice,single,obsidian-quiz-blocks,radio,,MML;MVC;PS1,needs-answer,,
3707,44704,162151,multiple-choice,single,obsidian-quiz-blocks,radio,,MML;MVC;PS1,needs-answer,,
3775,610819,148440,multiple-choice,single,obsidian-quiz-blocks,radio,,MML,needs-answer,,
3775,610819,148157,multiple-choice,single,obsidian-quiz-blocks,radio,,MML,needs-answer,,
3775,610822,148491,multiple-choice,single,obsidian-quiz-blocks,radio,,MML,needs-answer,,
3775,610822,148159,multiple-choice,single,obsidian-quiz-blocks,radio,,MML,needs-answer,,
3775,610826,343703,multiple-choice,single,obsidian-quiz-blocks,radio,,MML,needs-answer,,
3775,610826,344071,multiple-choice,single,obsidian-quiz-blocks,radio,,MML,needs-answer,,
3778,237240,225077,select-list,multi,,,,,,,
3778,237240,226012,select-list,multi,,,,,,,
3778,237243,224971,select-list,multi,,,,,,,
3778,237243,255071,select-list,multi,,,,,,,
3778,237247,250148,select-list,single,,,,,,,
3778,237247,254996,select-list,single,,,,,,,
3778,237250,255022,multiple-choice,single,obsidian-quiz-blocks,radio,,DSM;MML,needs-answer,,
3778,237250,225078,multiple-choice,single,obsidian-quiz-blocks,radio,,DSM;MML,needs-answer,,
3779,413915,255013,select-list,multi,,,,,,,
3779,413915,255048,select-list,multi,,,,,,,
3779,413919,255059,select-list,multi,,,,,,,
3779,413919,255066,select-list,multi,,,,,,,
3779,413924,225097,multiple-choice,single,obsidian-quiz-blocks,radio,,DSM;MML,needs-answer,,
3779,413924,225091,multiple-choice,single,obsidian-quiz-blocks,radio,,DSM;MML,needs-answer,,
3779,413927,255779,select-list,multi,,,,,,,
3779,413927,225098,select-list,multi,,,,,,,
3818,21956,83617,multiple-choice,single,obsidian-quiz-blocks,radio,,LAL;MML;PS2,needs-answer,,
3818,21956,39817,multiple-choice,single,obsidian-quiz-blocks,radio,,LAL;MML;PS2,needs-answer,,
3818,21957,40213,multiple-choice,single,obsidian-quiz-blocks,radio,,LAL;MML;PS2,needs-answer,,
3818,21957,39858,multiple-choice,single,obsidian-quiz-blocks,radio,,LAL;MML;PS2,needs-answer,,
3818,37247,40578,multiple-choice,single,obsidian-quiz-blocks,radio,,LAL;MML;PS2,needs-answer,,
3818,37247,86826,multiple-choice,single,obsidian-quiz-blocks,radio,,LAL;MML;PS2,needs-answer,,
3819,30988,95299,multiple-choice,single,obsidian-quiz-blocks,radio,,LAL;MML;PS2,needs-answer,,
3819,30988,94772,multiple-choice,single,obsidian-quiz-blocks,radio,,LAL;MML;PS2,needs-answer,,
3819,30989,94773,multiple-choice,single,obsidian-quiz-blocks,radio,,LAL;MML;PS2,needs-answer,,
3819,30989,94981,multiple-choice,single,obsidian-quiz-blocks,radio,,LAL;MML;PS2,needs-answer,,
3819,30990,94982,multiple-choice,single,obsidian-quiz-blocks,radio,,LAL;MML;PS2,needs-answer,,
3819,30990,94983,multiple-choice,single,obsidian-quiz-blocks,radio,,LAL;MML;PS2,needs-answer,,
3820,29345,88857,multiple-choice,single,obsidian-quiz-blocks,radio,,MML;PAS,needs-answer,,
3820,29345,88860,multiple-choice,single,obsidian-quiz-blocks,radio,,MML;PAS,needs-answer,,
3820,29346,88855,multiple-choice,single,obsidian-quiz-blocks,radio,,MML;PAS,needs-answer,,
3820,29346,88859,multiple-choice,single,obsidian-quiz-blocks,radio,,MML;PAS,needs-answer,,
3820,37321,139799,multiple-choice,single,obsidian-quiz-blocks,radio,,MML;PAS,needs-answer,,
3820,37321,139800,multiple-choice,single,obsidian-quiz-blocks,radio,,MML;PAS,needs-answer,,
3835,17467,35583,multiple-choice,single,obsidian-quiz-blocks,radio,,LAL;MML;PS1,needs-answer,,
3835,17467,35626,multiple-choice,single,obsidian-quiz-blocks,radio,,LAL;MML;PS1,needs-answer,,
3835,30772,35558,multiple-choice,single,obsidian-quiz-blocks,radio,,LAL;MML;PS1,needs-answer,,
3835,30772,35588,multiple-choice,single,obsidian-quiz-blocks,radio,,LAL;MML;PS1,needs-answer,,
3836,19993,35433,multiple-choice,single,obsidian-quiz-blocks,radio,,LAL;MML;PS1,needs-answer,,
3836,19993,35306,multiple-choice,single,obsidian-quiz-blocks,radio,,LAL;MML;PS1,needs-answer,,
3836,19994,34934,multiple-choice,single,obsidian-quiz-blocks,radio,,LAL;MML;PS1,needs-answer,,
3836,19994,34930,multiple-choice,single,obsidian-quiz-blocks,radio,,LAL;MML;PS1,needs-answer,,
3836,37511,34931,multiple-choice,single,obsidian-quiz-blocks,radio,,LAL;MML;PS1,needs-answer,,
3836,37511,34833,multiple-choice,single,obsidian-quiz-blocks,radio,,LAL;MML;PS1,needs-answer,,
3855,37866,142449,multiple-choice,single,obsidian-quiz-blocks,radio,,MML;PAS,needs-answer,,
3855,37866,142448,multiple-choice,single,obsidian-quiz-blocks,radio,,MML;PAS,needs-answer,,
3855,37893,142450,multiple-choice,single,obsidian-quiz-blocks,radio,,MML;PAS,needs-answer,,
3855,37893,142395,multiple-choice,single,obsidian-quiz-blocks,radio,,MML;PAS,needs-answer,,
3855,37914,142313,multiple-choice,single,obsidian-quiz-blocks,radio,,MML;PAS,needs-answer,,
3855,37914,142514,multiple-choice,single,obsidian-quiz-blocks,radio,,MML;PAS,needs-answer,,
3856,34281,110403,multiple-choice,single,obsidian-quiz-blocks,radio,,MML;PAS;PS2,needs-answer,,
3856,34281,110404,multiple-choice,single,obsidian-quiz-blocks,radio,,MML;PAS;PS2,needs-answer,,
3856,38102,143478,multiple-choice,single,obsidian-quiz-blocks,radio,,MML;PAS;PS2,needs-answer,,
3856,38102,110420,multiple-choice,single,obsidian-quiz-blocks,radio,,MML;PAS;PS2,needs-answer,,
3859,34668,143362,multiple-choice,single,obsidian-quiz-blocks,radio,,MML;PAS;PS2,needs-answer,,
3859,34668,114465,multiple-choice,single,obsidian-quiz-blocks,radio,,MML;PAS;PS2,needs-answer,,
3859,37958,142859,multiple-choice,single,obsidian-quiz-blocks,radio,,MML;PAS;PS2,needs-answer,,
3859,37958,143258,multiple-choice,single,obsidian-quiz-blocks,radio,,MML;PAS;PS2,needs-answer,,
3863,34269,110388,multiple-choice,single,obsidian-quiz-blocks,radio,,MML;PAS;PS2,needs-answer,,
3863,34269,136861,multiple-choice,single,obsidian-quiz-blocks,radio,,MML;PAS;PS2,needs-answer,,
3863,34272,110390,multiple-choice,single,obsidian-quiz-blocks,radio,,MML;PAS;PS2,needs-answer,,
3863,34272,143352,multiple-choice,single,obsidian-quiz-blocks,radio,,MML;PAS;PS2,needs-answer,,
3863,38081,143384,multiple-choice,single,obsidian-quiz-blocks,radio,,MML;PAS;PS2,needs-answer,,
3863,38081,136864,multiple-choice,single,obsidian-quiz-blocks,radio,,MML;PAS;PS2,needs-answer,,
3864,37309,139768,multiple-choice,single,obsidian-quiz-blocks,radio,,MML;PAS;PS2,needs-answer,,
3864,37309,139782,multiple-choice,single,obsidian-quiz-blocks,radio,,MML;PAS;PS2,needs-answer,,
3864,37318,139755,multiple-choice,single,obsidian-quiz-blocks,radio,,MML;PAS;PS2,needs-answer,,
3864,37318,143532,multiple-choice,single,obsidian-quiz-blocks,radio,,MML;PAS;PS2,needs-answer,,
3866,34465,111912,multiple-choice,single,obsidian-quiz-blocks,radio,,MML;PAS;PS2,needs-answer,,
3866,34465,159316,multiple-choice,single,obsidian-quiz-blocks,radio,,MML;PAS;PS2,needs-answer,,
3866,38155,110423,multiple-choice,single,obsidian-quiz-blocks,radio,,MML;PAS;PS2,needs-answer,,
3866,38155,148037,multiple-choice,single,obsidian-quiz-blocks,radio,,MML;PAS;PS2,needs-answer,,
3866,39347,148023,multiple-choice,single,obsidian-quiz-blocks,radio,,MML;PAS;PS2,needs-answer,,
3866,39347,148034,multiple-choice,single,obsidian-quiz-blocks,radio,,MML;PAS;PS2,needs-answer,,
3867,39267,147219,multiple-choice,single,obsidian-quiz-blocks,radio,,MML;PAS,needs-answer,,
3867,39267,147142,multiple-choice,single,obsidian-quiz-blocks,radio,,MML;PAS,needs-answer,,
3867,39280,147223,multiple-choice,single,obsidian-quiz-blocks,radio,,MML;PAS,needs-answer,,
3867,39280,147747,multiple-choice,single,obsidian-quiz-blocks,radio,,MML;PAS,needs-answer,,
3926,38837,145550,multiple-choice,single,obsidian-quiz-blocks,radio,,MML;PAS;PS2,needs-answer,,
3926,38837,145561,multiple-choice,single,obsidian-quiz-blocks,radio,,MML;PAS;PS2,needs-answer,,
3926,38849,145581,multiple-choice,single,obsidian-quiz-blocks,radio,,MML;PAS;PS2,needs-answer,,
3926,38849,146289,multiple-choice,single,obsidian-quiz-blocks,radio,,MML;PAS;PS2,needs-answer,,
3926,38984,146159,multiple-choice,single,obsidian-quiz-blocks,radio,,MML;PAS;PS2,needs-answer,,
3926,38984,146230,multiple-choice,single,obsidian-quiz-blocks,radio,,MML;PAS;PS2,needs-answer,,
3929,38947,145690,multiple-choice,single,obsidian-quiz-blocks,radio,,MML,needs-answer,,
3929,38947,146770,multiple-choice,single,obsidian-quiz-blocks,radio,,MML,needs-answer,,
3929,38948,146806,multiple-choice,single,obsidian-quiz-blocks,radio,,MML,needs-answer,,
3929,38948,146773,multiple-choice,single,obsidian-quiz-blocks,radio,,MML,needs-answer,,
3929,38949,145870,multiple-choice,single,obsidian-quiz-blocks,radio,,MML,needs-answer,,
3929,38949,146759,multiple-choice,single,obsidian-quiz-blocks,radio,,MML,needs-answer,,
3932,187406,146169,multiple-choice,single,obsidian-quiz-blocks,radio,,MML;PAS,needs-answer,,
3932,187406,146152,multiple-choice,single,obsidian-quiz-blocks,radio,,MML;PAS,needs-answer,,
3932,187409,146163,multiple-choice,single,obsidian-quiz-blocks,radio,,MML;PAS,needs-answer,,
3932,187409,146165,multiple-choice,single,obsidian-quiz-blocks,radio,,MML;PAS,needs-answer,,
3932,187412,146155,multiple-choice,single,obsidian-quiz-blocks,radio,,MML;PAS,needs-answer,,
3932,187412,146160,multiple-choice,single,obsidian-quiz-blocks,radio,,MML;PAS,needs-answer,,
3939,39314,159310,multiple-choice,single,obsidian-quiz-blocks,radio,,MML;PAS;PS2,needs-answer,,
3939,39314,148172,multiple-choice,single,obsidian-quiz-blocks,radio,,MML;PAS;PS2,needs-answer,,
3939,39410,148173,multiple-choice,single,obsidian-quiz-blocks,radio,,MML;PAS;PS2,needs-answer,,
3939,39410,159403,multiple-choice,single,obsidian-quiz-blocks,radio,,MML;PAS;PS2,needs-answer,,
3939,39412,148182,multiple-choice,single,obsidian-quiz-blocks,radio,,MML;PAS;PS2,needs-answer,,
3939,39412,148179,multiple-choice,single,obsidian-quiz-blocks,radio,,MML;PAS;PS2,needs-answer,,
3939,39414,148186,multiple-choice,single,obsidian-quiz-blocks,radio,,MML;PAS;PS2,needs-answer,,
3939,39414,148189,multiple-choice,single,obsidian-quiz-blocks,radio,,MML;PAS;PS2,needs-answer,,
3940,39343,148153,multiple-choice,single,obsidian-quiz-blocks,radio,,MML;PAS;PS2,needs-answer,,
3940,39343,148154,multiple-choice,single,obsidian-quiz-blocks,radio,,MML;PAS;PS2,needs-answer,,
3940,39369,148155,multiple-choice,single,obsidian-quiz-blocks,radio,,MML;PAS;PS2,needs-answer,,
3940,39369,148156,multiple-choice,single,obsidian-quiz-blocks,radio,,MML;PAS;PS2,needs-answer,,
3940,39371,148162,multiple-choice,single,obsidian-quiz-blocks,radio,,MML;PAS;PS2,needs-answer,,
3940,39371,148163,multiple-choice,single,obsidian-quiz-blocks,radio,,MML;PAS;PS2,needs-answer,,
3940,39377,148161,multiple-choice,single,obsidian-quiz-blocks,radio,,MML;PAS;PS2,needs-answer,,
3940,39377,148160,multiple-choice,single,obsidian-quiz-blocks,radio,,MML;PAS;PS2,needs-answer,,
3945,36991,138519,multiple-choice,single,obsidian-quiz-blocks,radio,,MML,needs-answer,,
3945,36991,137740,multiple-choice,single,obsidian-quiz-blocks,radio,,MML,needs-answer,,
3945,39400,137739,multiple-choice,single,obsidian-quiz-blocks,radio,,MML,needs-answer,,
3945,39400,138512,multiple-choice,single,obsidian-quiz-blocks,radio,,MML,needs-answer,,
3946,610888,343712,multiple-choice,single,obsidian-quiz-blocks,radio,,MML,needs-answer,,
3946,610888,343711,multiple-choice,single,obsidian-quiz-blocks,radio,,MML,needs-answer,,
3946,610893,345593,multiple-choice,single,obsidian-quiz-blocks,radio,,MML,needs-answer,,
3946,610893,343713,multiple-choice,single,obsidian-quiz-blocks,radio,,MML,needs-answer,,
4012,29819,90278,multiple-choice,single,obsidian-quiz-blocks,radio,,MML;PAS;PS1,needs-answer,,
4012,29819,90384,multiple-choice,single,obsidian-quiz-blocks,radio,,MML;PAS;PS1,needs-answer,,
4012,29820,90393,multiple-choice,single,obsidian-quiz-blocks,radio,,MML;PAS;PS1,needs-answer,,
4012,29820,149715,multiple-choice,single,obsidian-quiz-blocks,radio,,MML;PAS;PS1,needs-answer,,
4012,29821,90280,multiple-choice,single,obsidian-quiz-blocks,radio,,MML;PAS;PS1,needs-answer,,
4012,29821,90388,multiple-choice,single,obsidian-quiz-blocks,radio,,MML;PAS;PS1,needs-answer,,
4043,41078,86913,multiple-choice,single,obsidian-quiz-blocks,radio,,MML;MVC;PAS;PS1,needs-answer,,
4043,41078,126015,multiple-choice,single,obsidian-quiz-blocks,radio,,MML;MVC;PAS;PS1,needs-answer,,
4043,41927,86919,multiple-choice,single,obsidian-quiz-blocks,radio,,MML;MVC;PAS;PS1,needs-answer,,
4043,41927,158351,multiple-choice,single,obsidian-quiz-blocks,radio,,MML;MVC;PAS;PS1,needs-answer,,
4043,41936,158311,multiple-choice,single,obsidian-quiz-blocks,radio,,MML;MVC;PAS;PS1,needs-answer,,
4043,41936,158318,multiple-choice,single,obsidian-quiz-blocks,radio,,MML;MVC;PAS;PS1,needs-answer,,
4063,41922,161445,multiple-choice,single,obsidian-quiz-blocks,radio,,MML;MVC;PS1,needs-answer,,
4063,41922,161444,multiple-choice,single,obsidian-quiz-blocks,radio,,MML;MVC;PS1,needs-answer,,
4063,41924,158314,multiple-choice,single,obsidian-quiz-blocks,radio,,MML;MVC;PS1,needs-answer,,
4063,41924,35879,multiple-choice,single,obsidian-quiz-blocks,radio,,MML;MVC;PS1,needs-answer,,
4063,44507,158313,multiple-choice,single,obsidian-quiz-blocks,radio,,MML;MVC;PS1,needs-answer,,
4063,44507,161440,multiple-choice,single,obsidian-quiz-blocks,radio,,MML;MVC;PS1,needs-answer,,
4077,41650,34318,multiple-choice,single,obsidian-quiz-blocks,radio,,LAL;MML;PS1,needs-answer,,
4077,41650,74215,multiple-choice,single,obsidian-quiz-blocks,radio,,LAL;MML;PS1,needs-answer,,
4077,41653,35586,multiple-choice,single,obsidian-quiz-blocks,radio,,LAL;MML;PS1,needs-answer,,
4077,41653,34362,multiple-choice,single,obsidian-quiz-blocks,radio,,LAL;MML;PS1,needs-answer,,
4077,41665,35595,multiple-choice,single,obsidian-quiz-blocks,radio,,LAL;MML;PS1,needs-answer,,
4077,41665,74216,multiple-choice,single,obsidian-quiz-blocks,radio,,LAL;MML;PS1,needs-answer,,
4096,41900,35710,multiple-choice,single,obsidian-quiz-blocks,radio,,MML;MVC;PS1,needs-answer,,
4096,41900,132252,multiple-choice,single,obsidian-quiz-blocks,radio,,MML;MVC;PS1,needs-answer,,
4096,41903,158465,multiple-choice,single,obsidian-quiz-blocks,radio,,MML;MVC;PS1,needs-answer,,
4096,41903,159751,multiple-choice,single,obsidian-quiz-blocks,radio,,MML;MVC;PS1,needs-answer,,
4096,41983,70024,multiple-choice,single,obsidian-quiz-blocks,radio,,MML;MVC;PS1,needs-answer,,
4096,41983,35718,multiple-choice,single,obsidian-quiz-blocks,radio,,MML;MVC;PS1,needs-answer,,
4096,42238,159724,multiple-choice,single,obsidian-quiz-blocks,radio,,MML;MVC;PS1,needs-answer,,
4096,42238,158466,multiple-choice,single,obsidian-quiz-blocks,radio,,MML;MVC;PS1,needs-answer,,
4097,41394,36443,multiple-choice,single,obsidian-quiz-blocks,radio,,MML;MVC;PS1,needs-answer,,
4097,41394,65003,multiple-choice,single,obsidian-quiz-blocks,radio,,MML;MVC;PS1,needs-answer,,
4097,41398,35862,multiple-choice,single,obsidian-quiz-blocks,radio,,MML;MVC;PS1,needs-answer,,
4097,41398,35866,multiple-choice,single,obsidian-quiz-blocks,radio,,MML;MVC;PS1,needs-answer,,
4097,41430,105211,multiple-choice,single,obsidian-quiz-blocks,radio,,MML;MVC;PS1,needs-answer,,
4097,41430,71808,multiple-choice,single,obsidian-quiz-blocks,radio,,MML;MVC;PS1,needs-answer,,
4100,41081,86914,multiple-choice,single,obsidian-quiz-blocks,radio,,MML;MVC;PAS;PS1,needs-answer,,
4100,41081,86918,multiple-choice,single,obsidian-quiz-blocks,radio,,MML;MVC;PAS;PS1,needs-answer,,
4100,41121,87235,multiple-choice,single,obsidian-quiz-blocks,radio,,MML;MVC;PAS;PS1,needs-answer,,
4100,41121,86917,multiple-choice,single,obsidian-quiz-blocks,radio,,MML;MVC;PAS;PS1,needs-answer,,
4100,44173,160448,multiple-choice,single,obsidian-quiz-blocks,radio,,MML;MVC;PAS;PS1,needs-answer,,
4100,44173,154696,multiple-choice,single,obsidian-quiz-blocks,radio,,MML;MVC;PAS;PS1,needs-answer,,
4116,38067,143256,multiple-choice,single,obsidian-quiz-blocks,radio,,MML;PAS,needs-answer,,
4116,38067,159567,multiple-choice,single,obsidian-quiz-blocks,radio,,MML;PAS,needs-answer,,
4116,38068,143261,multiple-choice,single,obsidian-quiz-blocks,radio,,MML;PAS,needs-answer,,
4116,38068,159516,multiple-choice,single,obsidian-quiz-blocks,radio,,MML;PAS,needs-answer,,
4123,38121,159785,multiple-choice,single,obsidian-quiz-blocks,radio,,MML;PAS,needs-answer,,
4123,38121,159786,multiple-choice,single,obsidian-quiz-blocks,radio,,MML;PAS,needs-answer,,
4123,42283,143475,multiple-choice,single,obsidian-quiz-blocks,radio,,MML;PAS,needs-answer,,
4123,42283,159781,multiple-choice,single,obsidian-quiz-blocks,radio,,MML;PAS,needs-answer,,
4123,42301,143497,multiple-choice,single,obsidian-quiz-blocks,radio,,MML;PAS,needs-answer,,
4123,42301,159849,multiple-choice,single,obsidian-quiz-blocks,radio,,MML;PAS,needs-answer,,
4124,38134,159769,multiple-choice,single,obsidian-quiz-blocks,radio,,MML;PAS,needs-answer,,
4124,38134,143469,multiple-choice,single,obsidian-quiz-blocks,radio,,MML;PAS,needs-answer,,
4124,42275,159771,multiple-choice,single,obsidian-quiz-blocks,radio,,MML;PAS,needs-answer,,
4124,42275,143471,multiple-choice,single,obsidian-quiz-blocks,radio,,MML;PAS,needs-answer,,
4124,42276,159772,multiple-choice,single,obsidian-quiz-blocks,radio,,MML;PAS,needs-answer,,
4124,42276,143473,multiple-choice,single,obsidian-quiz-blocks,radio,,MML;PAS,needs-answer,,
4125,38135,143474,multiple-choice,single,obsidian-quiz-blocks,radio,,MML;PAS,needs-answer,,
4125,38135,159791,multiple-choice,single,obsidian-quiz-blocks,radio,,MML;PAS,needs-answer,,
4125,42290,159834,multiple-choice,single,obsidian-quiz-blocks,radio,,MML;PAS,needs-answer,,
4125,42290,159835,multiple-choice,single,obsidian-quiz-blocks,radio,,MML;PAS,needs-answer,,
4125,42304,159850,multiple-choice,single,obsidian-quiz-blocks,radio,,MML;PAS,needs-answer,,
4125,42304,159851,multiple-choice,single,obsidian-quiz-blocks,radio,,MML;PAS,needs-answer,,
4149,26205,38079,multiple-choice,single,obsidian-quiz-blocks,radio,,MML;MVC;PS1,needs-answer,,
4149,26205,81169,multiple-choice,single,obsidian-quiz-blocks,radio,,MML;MVC;PS1,needs-answer,,
4149,42423,81319,multiple-choice,single,obsidian-quiz-blocks,radio,,MML;MVC;PS1,needs-answer,,
4149,42423,81305,multiple-choice,single,obsidian-quiz-blocks,radio,,MML;MVC;PS1,needs-answer,,
4149,44598,161829,multiple-choice,single,obsidian-quiz-blocks,radio,,MML;MVC;PS1,needs-answer,,
4149,44598,161828,multiple-choice,single,obsidian-quiz-blocks,radio,,MML;MVC;PS1,needs-answer,,
4164,32292,99256,multiple-choice,single,obsidian-quiz-blocks,radio,,MML;MVC;PS2,needs-answer,,
4164,32292,98103,multiple-choice,single,obsidian-quiz-blocks,radio,,MML;MVC;PS2,needs-answer,,
4164,32293,98104,multiple-choice,single,obsidian-quiz-blocks,radio,,MML;MVC;PS2,needs-answer,,
4164,32293,37701,multiple-choice,single,obsidian-quiz-blocks,radio,,MML;MVC;PS2,needs-answer,,
4164,44833,98102,multiple-choice,single,obsidian-quiz-blocks,radio,,MML;MVC;PS2,needs-answer,,
4164,44833,37781,multiple-choice,single,obsidian-quiz-blocks,radio,,MML;MVC;PS2,needs-answer,,
4169,44920,162943,multiple-choice,single,obsidian-quiz-blocks,radio,,MML;MVC;PS1,needs-answer,,
4169,44920,162983,multiple-choice,single,obsidian-quiz-blocks,radio,,MML;MVC;PS1,needs-answer,,
4169,44921,162941,multiple-choice,single,obsidian-quiz-blocks,radio,,MML;MVC;PS1,needs-answer,,
4169,44921,162942,multiple-choice,single,obsidian-quiz-blocks,radio,,MML;MVC;PS1,needs-answer,,
4169,44926,162945,multiple-choice,single,obsidian-quiz-blocks,radio,,MML;MVC;PS1,needs-answer,,
4169,44926,163057,multiple-choice,single,obsidian-quiz-blocks,radio,,MML;MVC;PS1,needs-answer,,
4169,44947,162944,multiple-choice,single,obsidian-quiz-blocks,radio,,MML;MVC;PS1,needs-answer,,
4169,44947,163163,multiple-choice,single,obsidian-quiz-blocks,radio,,MML;MVC;PS1,needs-answer,,
4171,45309,162992,multiple-choice,single,obsidian-quiz-blocks,radio,,MML;MVC;PS1,needs-answer,,
4171,45309,163113,multiple-choice,single,obsidian-quiz-blocks,radio,,MML;MVC;PS1,needs-answer,,
4171,45314,162947,multiple-choice,single,obsidian-quiz-blocks,radio,,MML;MVC;PS1,needs-answer,,
4171,45314,162989,multiple-choice,single,obsidian-quiz-blocks,radio,,MML;MVC;PS1,needs-answer,,
4171,45340,164611,multiple-choice,single,obsidian-quiz-blocks,radio,,MML;MVC;PS1,needs-answer,,
4171,45340,164809,multiple-choice,single,obsidian-quiz-blocks,radio,,MML;MVC;PS1,needs-answer,,
4208,19456,70568,multiple-choice,single,obsidian-quiz-blocks,radio,,MML;MVC;PS1,needs-answer,,
4208,19456,73245,multiple-choice,single,obsidian-quiz-blocks,radio,,MML;MVC;PS1,needs-answer,,
4208,20423,70582,multiple-choice,single,obsidian-quiz-blocks,radio,,MML;MVC;PS1,needs-answer,,
4208,20423,70588,multiple-choice,single,obsidian-quiz-blocks,radio,,MML;MVC;PS1,needs-answer,,
4208,45293,70570,multiple-choice,single,obsidian-quiz-blocks,radio,,MML;MVC;PS1,needs-answer,,
4208,45293,94774,multiple-choice,single,obsidian-quiz-blocks,radio,,MML;MVC;PS1,needs-answer,,
4238,45752,138095,multiple-choice,single,obsidian-quiz-blocks,radio,,LAL;MML;PS2,needs-answer,,
4238,45752,136828,multiple-choice,single,obsidian-quiz-blocks,radio,,LAL;MML;PS2,needs-answer,,
4238,45756,136827,multiple-choice,single,obsidian-quiz-blocks,radio,,LAL;MML;PS2,needs-answer,,
4238,45756,138085,multiple-choice,single,obsidian-quiz-blocks,radio,,LAL;MML;PS2,needs-answer,,
4238,45757,170160,multiple-choice,single,obsidian-quiz-blocks,radio,,LAL;MML;PS2,needs-answer,,
4238,45757,170138,multiple-choice,single,obsidian-quiz-blocks,radio,,LAL;MML;PS2,needs-answer,,
4252,119965,182366,select-list,multi,,,,,,,
4252,119965,182279,select-list,multi,,,,,,,
4252,119969,182284,select-list,multi,,,,,,,
4252,119969,182402,select-list,multi,,,,,,,
4252,119973,170775,multiple-choice,single,obsidian-quiz-blocks,radio,,MML;MOP,needs-answer,,
4252,119973,170777,multiple-choice,single,obsidian-quiz-blocks,radio,,MML;MOP,needs-answer,,
4254,153522,171531,multiple-choice,single,obsidian-quiz-blocks,radio,,MML;MOP,needs-answer,,
4254,153522,174395,multiple-choice,single,obsidian-quiz-blocks,radio,,MML;MOP,needs-answer,,
4254,153526,174456,multiple-choice,single,obsidian-quiz-blocks,radio,,MML;MOP,needs-answer,,
4254,153526,171535,multiple-choice,single,obsidian-quiz-blocks,radio,,MML;MOP,needs-answer,,
4254,153529,171545,multiple-choice,single,obsidian-quiz-blocks,radio,,MML;MOP,needs-answer,,
4254,153529,171536,multiple-choice,single,obsidian-quiz-blocks,radio,c,MML;MOP,converted-and-verified,image-id,answer-image-id-1
4255,120116,170727,multiple-choice,single,obsidian-quiz-blocks,radio,,MML;MOP,needs-answer,,
4255,120116,170725,multiple-choice,single,obsidian-quiz-blocks,radio,,MML;MOP,needs-answer,,
4255,120119,170741,multiple-choice,single,obsidian-quiz-blocks,radio,,MML;MOP,needs-answer,,
4255,120119,170743,multiple-choice,single,obsidian-quiz-blocks,radio,,MML;MOP,needs-answer,,
4255,120124,171558,multiple-choice,single,obsidian-quiz-blocks,radio,,MML;MOP,needs-answer,,
4255,120124,171560,multiple-choice,single,obsidian-quiz-blocks,radio,,MML;MOP,needs-answer,,
4255,120129,171072,multiple-choice,single,obsidian-quiz-blocks,radio,,MML;MOP,needs-answer,,
4255,120129,171037,multiple-choice,single,obsidian-quiz-blocks,radio,,MML;MOP,needs-answer,,
4256,62557,171684,multiple-choice,single,obsidian-quiz-blocks,radio,,MML;MOP,needs-answer,,
4256,62557,171683,multiple-choice,single,obsidian-quiz-blocks,radio,,MML;MOP,needs-answer,,
4256,62560,176045,multiple-choice,single,obsidian-quiz-blocks,radio,,MML;MOP,needs-answer,,
4256,62560,175315,multiple-choice,single,obsidian-quiz-blocks,radio,,MML;MOP,needs-answer,,
4256,62564,171685,multiple-choice,single,obsidian-quiz-blocks,radio,,MML;MOP,needs-answer,,
4256,62564,171686,multiple-choice,single,obsidian-quiz-blocks,radio,,MML;MOP,needs-answer,,
4257,144907,171783,multiple-choice,single,obsidian-quiz-blocks,radio,,MML;MOP,needs-answer,,
4257,144907,171785,multiple-choice,single,obsidian-quiz-blocks,radio,,MML;MOP,needs-answer,,
4257,144912,171839,multiple-choice,single,obsidian-quiz-blocks,radio,,MML;MOP,needs-answer,,
4257,144912,171840,multiple-choice,single,obsidian-quiz-blocks,radio,e,MML;MOP,converted-and-verified,image-id,answer-image-id-1
4257,144916,171780,multiple-choice,single,obsidian-quiz-blocks,radio,,MML;MOP,needs-answer,,
4257,144916,171781,multiple-choice,single,obsidian-quiz-blocks,radio,,MML;MOP,needs-answer,,
4302,143821,170806,multiple-choice,single,obsidian-quiz-blocks,radio,,MML;MOP,needs-answer,,
4302,143821,170804,multiple-choice,single,obsidian-quiz-blocks,radio,,MML;MOP,needs-answer,,
4302,143824,175325,select-list,multi,,,,,,,
4302,143824,175328,select-list,multi,,,,,,,
4302,143827,175329,select-list,multi,,,,,,,
4302,143827,175331,select-list,multi,,,,,,,
4319,52323,40489,multiple-choice,single,obsidian-quiz-blocks,radio,,LAL;MML;PS2,needs-answer,,
4319,52323,40516,multiple-choice,single,obsidian-quiz-blocks,radio,,LAL;MML;PS2,needs-answer,,
4319,52326,177075,multiple-choice,single,obsidian-quiz-blocks,radio,,LAL;MML;PS2,needs-answer,,
4319,52326,177315,multiple-choice,single,obsidian-quiz-blocks,radio,,LAL;MML;PS2,needs-answer,,
4386,152953,181722,multiple-choice,single,obsidian-quiz-blocks,radio,,LAL;MML;MOP;PS1,needs-answer,,
4386,152953,181536,multiple-choice,single,obsidian-quiz-blocks,radio,,LAL;MML;MOP;PS1,needs-answer,,
4386,152956,181597,multiple-choice,single,obsidian-quiz-blocks,radio,,LAL;MML;MOP;PS1,needs-answer,,
4386,152956,181668,multiple-choice,single,obsidian-quiz-blocks,radio,,LAL;MML;MOP;PS1,needs-answer,,
4386,152959,181646,multiple-choice,single,obsidian-quiz-blocks,radio,,LAL;MML;MOP;PS1,needs-answer,,
4386,152959,181599,multiple-choice,single,obsidian-quiz-blocks,radio,,LAL;MML;MOP;PS1,needs-answer,,
4387,153384,181949,multiple-choice,single,obsidian-quiz-blocks,radio,d,LAL;MOP;MML;PS1,converted-and-verified,image-id,answer-image-id-1
4387,153384,181987,multiple-choice,single,obsidian-quiz-blocks,radio,e,LAL;MOP;MML;PS1,converted-and-verified,image-id,answer-image-id-1
4387,153388,181304,multiple-choice,single,obsidian-quiz-blocks,radio,b,LAL;MOP;MML;PS1,converted-and-verified,image-id,answer-image-id-1
4387,153388,181303,multiple-choice,single,obsidian-quiz-blocks,radio,a,LAL;MOP;MML;PS1,converted-and-verified,image-id,answer-image-id-1
4387,153393,181984,multiple-choice,single,obsidian-quiz-blocks,radio,d,LAL;MOP;MML;PS1,converted-and-verified,image-id,answer-image-id-1
4387,153393,172685,multiple-choice,single,obsidian-quiz-blocks,radio,c,LAL;MOP;MML;PS1,converted-and-verified,image-id,answer-image-id-1
4387,153396,172690,multiple-choice,single,obsidian-quiz-blocks,radio,b,LAL;MOP;MML;PS1,converted-and-verified,manual,label
4387,153396,174338,multiple-choice,single,obsidian-quiz-blocks,radio,d,LAL;MOP;MML;PS1,converted-and-verified,manual,label
4392,87318,181442,select-list,multi,,,,,,,
4392,87318,181129,select-list,multi,,,,,,,
4392,87321,181269,select-list,multi,,,,,,,
4392,87321,181983,select-list,multi,,,,,,,
4392,87324,181678,select-list,multi,,,,,,,
4392,87324,181600,select-list,multi,,,,,,,
4392,87327,181172,select-list,multi,,,,,,,
4392,87327,181610,free-response,multi,,,,,,,
4393,67910,183327,select-list,multi,,,,,,,
4393,67910,183764,select-list,multi,,,,,,,
4393,67913,183783,select-list,multi,,,,,,,
4393,67913,183328,select-list,multi,,,,,,,
4393,67917,183325,select-list,multi,,,,,,,
4393,67917,183695,select-list,multi,,,,,,,
4393,67920,181608,free-response,multi,,,,,,,
4393,67920,181695,free-response,multi,,,,,,,
4396,157010,181716,free-response,multi,,,,,,,
4396,157010,181717,free-response,multi,,,,,,,
4396,157013,181732,select-list,multi,,,,,,,
4396,157013,181731,select-list,multi,,,,,,,
4396,157016,181726,select-list,multi,,,,,,,
4396,157016,181727,select-list,multi,,,,,,,
4425,152794,181568,multiple-choice,single,obsidian-quiz-blocks,radio,b,LAL;MML;MOP;PS1,converted-and-verified,manual,label
4425,152794,180758,multiple-choice,single,obsidian-quiz-blocks,radio,c,LAL;MML;MOP;PS1,converted-and-verified,manual,label
4425,152798,181184,multiple-choice,single,obsidian-quiz-blocks,radio,e,LAL;MML;MOP;PS1,converted-and-verified,manual,label
4425,152798,180761,multiple-choice,single,obsidian-quiz-blocks,radio,d,LAL;MML;MOP;PS1,converted-and-verified,manual,label
4425,152802,181117,multiple-choice,single,obsidian-quiz-blocks,radio,e,LAL;MML;MOP;PS1,converted-and-verified,manual,label
4425,152802,181118,multiple-choice,single,obsidian-quiz-blocks,radio,e,LAL;MML;MOP;PS1,converted-and-verified,manual,label
4425,152805,181143,multiple-choice,single,obsidian-quiz-blocks,radio,d,LAL;MML;MOP;PS1,converted-and-verified,manual,label
4425,152805,181185,multiple-choice,single,obsidian-quiz-blocks,radio,,LAL;MML;MOP;PS1,needs-answer,,
5289,629552,355828,multiple-choice,single,obsidian-quiz-blocks,radio,,MML,needs-answer,,
5289,629552,287059,multiple-choice,single,obsidian-quiz-blocks,radio,,MML,needs-answer,,
5289,629556,287648,select-list,single,,,,,,,
5289,629556,355899,select-list,single,,,,,,,
5289,629560,290907,select-list,multi,,,,,,,
5289,629560,355955,select-list,multi,,,,,,,
5527,463321,263486,free-response,multi,,,,,,,
5527,463321,264818,free-response,multi,,,,,,,
5527,463325,263487,free-response,multi,,,,,,,
5527,463325,264859,free-response,multi,,,,,,,
5527,463328,263488,free-response,multi,,,,,,,
5527,463328,264875,free-response,multi,,,,,,,
5527,463332,263489,free-response,multi,,,,,,,
5527,463332,263490,free-response,multi,,,,,,,
5536,610951,265752,multiple-choice,single,obsidian-quiz-blocks,radio,,MML,needs-answer,,
5536,610951,275969,multiple-choice,single,obsidian-quiz-blocks,radio,,MML,needs-answer,,
5536,610955,265044,multiple-choice,single,obsidian-quiz-blocks,radio,,MML,needs-answer,,
5536,610955,265043,multiple-choice,single,obsidian-quiz-blocks,radio,,MML,needs-answer,,
5536,610959,265042,multiple-choice,single,obsidian-quiz-blocks,radio,,MML,needs-answer,,
5536,610959,275961,multiple-choice,single,obsidian-quiz-blocks,radio,,MML,needs-answer,,
5845,450023,268174,multiple-choice,single,obsidian-quiz-blocks,radio,,MML,needs-answer,,
5845,450023,268488,multiple-choice,single,obsidian-quiz-blocks,radio,,MML,needs-answer,,
5845,450028,268490,multiple-choice,single,obsidian-quiz-blocks,radio,,MML,needs-answer,,
5845,450028,268177,multiple-choice,single,obsidian-quiz-blocks,radio,,MML,needs-answer,,
5845,450033,268175,free-response,single,,,,,,,
5845,450033,269658,free-response,single,,,,,,,
5868,610765,269768,free-response,multi,,,,,,,
5868,610765,269753,free-response,multi,,,,,,,
5868,610768,269780,free-response,multi,,,,,,,
5868,610768,269238,free-response,multi,,,,,,,
5868,610771,269799,free-response,multi,,,,,,,
5868,610771,269242,free-response,multi,,,,,,,
5868,610775,268192,multiple-choice,single,obsidian-quiz-blocks,radio,,MML,needs-answer,,
5868,610775,269813,multiple-choice,single,obsidian-quiz-blocks,radio,,MML,needs-answer,,
5869,450918,264512,multiple-choice,single,obsidian-quiz-blocks,radio,,MML,needs-answer,,
5869,450918,265775,multiple-choice,single,obsidian-quiz-blocks,radio,,MML,needs-answer,,
5869,450922,269388,multiple-choice,single,obsidian-quiz-blocks,radio,,MML,needs-answer,,
5869,450922,268341,multiple-choice,single,obsidian-quiz-blocks,radio,,MML,needs-answer,,
5869,450926,269590,free-response,multi,,,,,,,
5869,450926,269257,free-response,multi,,,,,,,
5916,610699,274623,multiple-choice,single,obsidian-quiz-blocks,radio,,MML,needs-answer,,
5916,610699,274624,multiple-choice,single,obsidian-quiz-blocks,radio,,MML,needs-answer,,
5916,610703,274627,multiple-choice,single,obsidian-quiz-blocks,radio,,MML,needs-answer,,
5916,610703,274625,multiple-choice,single,obsidian-quiz-blocks,radio,,MML,needs-answer,,
5916,610707,274629,multiple-choice,single,obsidian-quiz-blocks,radio,,MML,needs-answer,,
5916,610707,274632,multiple-choice,single,obsidian-quiz-blocks,radio,,MML,needs-answer,,
5916,610711,274429,free-response,multi,,,,,,,
5916,610711,274937,free-response,multi,,,,,,,
5997,448842,275328,multiple-choice,single,obsidian-quiz-blocks,radio,,MML;PAS,needs-answer,,
5997,448842,275329,multiple-choice,single,obsidian-quiz-blocks,radio,,MML;PAS,needs-answer,,
5997,448845,275330,multiple-choice,single,obsidian-quiz-blocks,radio,,MML;PAS,needs-answer,,
5997,448845,275331,free-response,single,,,,,,,
5997,448849,275332,multiple-choice,single,obsidian-quiz-blocks,radio,,MML;PAS,needs-answer,,
5997,448849,275341,multiple-choice,single,obsidian-quiz-blocks,radio,,MML;PAS,needs-answer,,
5997,448852,275334,multiple-choice,single,obsidian-quiz-blocks,radio,,MML;PAS,needs-answer,,
5997,448852,275335,free-response,single,,,,,,,
6007,610965,264509,multiple-choice,single,obsidian-quiz-blocks,radio,,MML,needs-answer,,
6007,610965,265765,multiple-choice,single,obsidian-quiz-blocks,radio,,MML,needs-answer,,
6007,610968,276039,free-response,multi,,,,,,,
6007,610968,275963,free-response,multi,,,,,,,
6007,610972,269389,multiple-choice,single,obsidian-quiz-blocks,radio,,MML,needs-answer,,
6007,610972,269515,multiple-choice,single,obsidian-quiz-blocks,radio,,MML,needs-answer,,
6819,629517,355205,free-response,multi,,,,,,,
6819,629517,355267,free-response,multi,,,,,,,
6819,629521,355206,select-list,multi,,,,,,,
6819,629521,355207,select-list,multi,,,,,,,
6819,629524,355208,multiple-choice,single,obsidian-quiz-blocks,radio,,MML,needs-answer,,
6819,629524,355209,multiple-choice,single,obsidian-quiz-blocks,radio,,MML,needs-answer,,
6824,629573,355210,free-response,multi,,,,,,,
6824,629573,355222,free-response,multi,,,,,,,
6824,629577,355211,free-response,multi,,,,,,,
6824,629577,355232,free-response,multi,,,,,,,
