layer,topic-id,topic-code,topic-name,lesson-path,source-path
44,461,CAB.1.1.1,The Finite Limit of a Function,vault/MA/Single-Variable-Calculus/CAB/1. Limits and Continuity/1.1. Estimating Limits from Graphs/Lessons/1.1.1. The Finite Limit of a Function.md,vault/MA/Single-Variable-Calculus/CAB/1. Limits and Continuity/1.1. Estimating Limits from Graphs/Source/1.1.1. The Finite Limit of a Function
45,472,CAB.1.1.2,The Left and Right-Sided Limits of a Function,vault/MA/Single-Variable-Calculus/CAB/1. Limits and Continuity/1.1. Estimating Limits from Graphs/Lessons/1.1.2. The Left and Right-Sided Limits of a Function.md,vault/MA/Single-Variable-Calculus/CAB/1. Limits and Continuity/1.1. Estimating Limits from Graphs/Source/1.1.2. The Left and Right-Sided Limits of a Function
46,625,CAB.1.1.3,Finding the Existence of a Limit Using One-Sided Limits,vault/MA/Single-Variable-Calculus/CAB/1. Limits and Continuity/1.1. Estimating Limits from Graphs/Lessons/1.1.3. Finding the Existence of a Limit Using One-Sided Limits.md,vault/MA/Single-Variable-Calculus/CAB/1. Limits and Continuity/1.1. Estimating Limits from Graphs/Source/1.1.3. Finding the Existence of a Limit Using One-Sided Limits
57,1873,CAB.1.1.4,Limits at Infinity from Graphs,vault/MA/Single-Variable-Calculus/CAB/1. Limits and Continuity/1.1. Estimating Limits from Graphs/Lessons/1.1.4. Limits at Infinity from Graphs.md,vault/MA/Single-Variable-Calculus/CAB/1. Limits and Continuity/1.1. Estimating Limits from Graphs/Source/1.1.4. Limits at Infinity from Graphs
57,1814,CAB.1.1.5,Infinite Limits from Graphs,vault/MA/Single-Variable-Calculus/CAB/1. Limits and Continuity/1.1. Estimating Limits from Graphs/Lessons/1.1.5. Infinite Limits from Graphs.md,vault/MA/Single-Variable-Calculus/CAB/1. Limits and Continuity/1.1. Estimating Limits from Graphs/Source/1.1.5. Infinite Limits from Graphs
47,1716,CAB.1.2.1,"Limits of Power Functions, and the Constant Rule for Limits","vault/MA/Single-Variable-Calculus/CAB/1. Limits and Continuity/1.2. The Algebra of Limits/Lessons/1.2.1. Limits of Power Functions, and the Constant Rule for Limits.md","vault/MA/Single-Variable-Calculus/CAB/1. Limits and Continuity/1.2. The Algebra of Limits/Source/1.2.1. Limits of Power Functions, and the Constant Rule for Limits"
48,1914,CAB.1.2.2,The Sum Rule for Limits,vault/MA/Single-Variable-Calculus/CAB/1. Limits and Continuity/1.2. The Algebra of Limits/Lessons/1.2.2. The Sum Rule for Limits.md,vault/MA/Single-Variable-Calculus/CAB/1. Limits and Continuity/1.2. The Algebra of Limits/Source/1.2.2. The Sum Rule for Limits
49,1246,CAB.1.2.3,The Product and Quotient Rules for Limits,vault/MA/Single-Variable-Calculus/CAB/1. Limits and Continuity/1.2. The Algebra of Limits/Lessons/1.2.3. The Product and Quotient Rules for Limits.md,vault/MA/Single-Variable-Calculus/CAB/1. Limits and Continuity/1.2. The Algebra of Limits/Source/1.2.3. The Product and Quotient Rules for Limits
57,37,CAB.1.2.4,The Power and Root Rules for Limits,vault/MA/Single-Variable-Calculus/CAB/1. Limits and Continuity/1.2. The Algebra of Limits/Lessons/1.2.4. The Power and Root Rules for Limits.md,vault/MA/Single-Variable-Calculus/CAB/1. Limits and Continuity/1.2. The Algebra of Limits/Source/1.2.4. The Power and Root Rules for Limits
58,1263,CAB.1.3.1,Limits at Infinity of Polynomials,vault/MA/Single-Variable-Calculus/CAB/1. Limits and Continuity/1.3. Limits of Functions/Lessons/1.3.1. Limits at Infinity of Polynomials.md,vault/MA/Single-Variable-Calculus/CAB/1. Limits and Continuity/1.3. Limits of Functions/Source/1.3.1. Limits at Infinity of Polynomials
59,1905,CAB.1.3.2,Limits of Reciprocal Functions,vault/MA/Single-Variable-Calculus/CAB/1. Limits and Continuity/1.3. Limits of Functions/Lessons/1.3.2. Limits of Reciprocal Functions.md,vault/MA/Single-Variable-Calculus/CAB/1. Limits and Continuity/1.3. Limits of Functions/Source/1.3.2. Limits of Reciprocal Functions
58,1717,CAB.1.3.3,Limits of Exponential Functions,vault/MA/Single-Variable-Calculus/CAB/1. Limits and Continuity/1.3. Limits of Functions/Lessons/1.3.3. Limits of Exponential Functions.md,vault/MA/Single-Variable-Calculus/CAB/1. Limits and Continuity/1.3. Limits of Functions/Source/1.3.3. Limits of Exponential Functions
59,1377,CAB.1.3.4,Limits of Logarithmic Functions,vault/MA/Single-Variable-Calculus/CAB/1. Limits and Continuity/1.3. Limits of Functions/Lessons/1.3.4. Limits of Logarithmic Functions.md,vault/MA/Single-Variable-Calculus/CAB/1. Limits and Continuity/1.3. Limits of Functions/Source/1.3.4. Limits of Logarithmic Functions
59,1986,CAB.1.3.5,Limits of Radical Functions,vault/MA/Single-Variable-Calculus/CAB/1. Limits and Continuity/1.3. Limits of Functions/Lessons/1.3.5. Limits of Radical Functions.md,vault/MA/Single-Variable-Calculus/CAB/1. Limits and Continuity/1.3. Limits of Functions/Source/1.3.5. Limits of Radical Functions
58,1719,CAB.1.3.6,Limits of Trigonometric Functions,vault/MA/Single-Variable-Calculus/CAB/1. Limits and Continuity/1.3. Limits of Functions/Lessons/1.3.6. Limits of Trigonometric Functions.md,vault/MA/Single-Variable-Calculus/CAB/1. Limits and Continuity/1.3. Limits of Functions/Source/1.3.6. Limits of Trigonometric Functions
59,1958,CAB.1.3.7,Limits of Reciprocal Trigonometric Functions,vault/MA/Single-Variable-Calculus/CAB/1. Limits and Continuity/1.3. Limits of Functions/Lessons/1.3.7. Limits of Reciprocal Trigonometric Functions.md,vault/MA/Single-Variable-Calculus/CAB/1. Limits and Continuity/1.3. Limits of Functions/Source/1.3.7. Limits of Reciprocal Trigonometric Functions
60,1262,CAB.1.3.8,Limits of Piecewise Functions,vault/MA/Single-Variable-Calculus/CAB/1. Limits and Continuity/1.3. Limits of Functions/Lessons/1.3.8. Limits of Piecewise Functions.md,vault/MA/Single-Variable-Calculus/CAB/1. Limits and Continuity/1.3. Limits of Functions/Source/1.3.8. Limits of Piecewise Functions
50,1813,CAB.1.4.1,Calculating Limits of Rational Functions by Factoring,vault/MA/Single-Variable-Calculus/CAB/1. Limits and Continuity/1.4. Determining Limits Using Algebraic Manipulation/Lessons/1.4.1. Calculating Limits of Rational Functions by Factoring.md,vault/MA/Single-Variable-Calculus/CAB/1. Limits and Continuity/1.4. Determining Limits Using Algebraic Manipulation/Source/1.4.1. Calculating Limits of Rational Functions by Factoring
61,605,CAB.1.4.2,Limits of Absolute Value Functions,vault/MA/Single-Variable-Calculus/CAB/1. Limits and Continuity/1.4. Determining Limits Using Algebraic Manipulation/Lessons/1.4.2. Limits of Absolute Value Functions.md,vault/MA/Single-Variable-Calculus/CAB/1. Limits and Continuity/1.4. Determining Limits Using Algebraic Manipulation/Source/1.4.2. Limits of Absolute Value Functions
58,604,CAB.1.4.3,Calculating Limits of Radical Functions Using Conjugate Multiplication,vault/MA/Single-Variable-Calculus/CAB/1. Limits and Continuity/1.4. Determining Limits Using Algebraic Manipulation/Lessons/1.4.3. Calculating Limits of Radical Functions Using Conjugate Multiplication.md,vault/MA/Single-Variable-Calculus/CAB/1. Limits and Continuity/1.4. Determining Limits Using Algebraic Manipulation/Source/1.4.3. Calculating Limits of Radical Functions Using Conjugate Multiplication
70,107,CAB.1.4.4,Calculating Limits Using Trigonometric Identities,vault/MA/Single-Variable-Calculus/CAB/1. Limits and Continuity/1.4. Determining Limits Using Algebraic Manipulation/Lessons/1.4.4. Calculating Limits Using Trigonometric Identities.md,vault/MA/Single-Variable-Calculus/CAB/1. Limits and Continuity/1.4. Determining Limits Using Algebraic Manipulation/Source/1.4.4. Calculating Limits Using Trigonometric Identities
60,1903,CAB.1.4.5,Limits at Infinity and Horizontal Asymptotes of Rational Functions,vault/MA/Single-Variable-Calculus/CAB/1. Limits and Continuity/1.4. Determining Limits Using Algebraic Manipulation/Lessons/1.4.5. Limits at Infinity and Horizontal Asymptotes of Rational Functions.md,vault/MA/Single-Variable-Calculus/CAB/1. Limits and Continuity/1.4. Determining Limits Using Algebraic Manipulation/Source/1.4.5. Limits at Infinity and Horizontal Asymptotes of Rational Functions
60,607,CAB.1.4.6,Evaluating Limits at Infinity by Comparing Relative Magnitudes of Functions,vault/MA/Single-Variable-Calculus/CAB/1. Limits and Continuity/1.4. Determining Limits Using Algebraic Manipulation/Lessons/1.4.6. Evaluating Limits at Infinity by Comparing Relative Magnitudes of Functions.md,vault/MA/Single-Variable-Calculus/CAB/1. Limits and Continuity/1.4. Determining Limits Using Algebraic Manipulation/Source/1.4.6. Evaluating Limits at Infinity by Comparing Relative Magnitudes of Functions
61,616,CAB.1.4.7,Evaluating Limits at Infinity of Radical Functions,vault/MA/Single-Variable-Calculus/CAB/1. Limits and Continuity/1.4. Determining Limits Using Algebraic Manipulation/Lessons/1.4.7. Evaluating Limits at Infinity of Radical Functions.md,vault/MA/Single-Variable-Calculus/CAB/1. Limits and Continuity/1.4. Determining Limits Using Algebraic Manipulation/Source/1.4.7. Evaluating Limits at Infinity of Radical Functions
59,1815,CAB.1.4.8,Vertical Asymptotes of Rational Functions,vault/MA/Single-Variable-Calculus/CAB/1. Limits and Continuity/1.4. Determining Limits Using Algebraic Manipulation/Lessons/1.4.8. Vertical Asymptotes of Rational Functions.md,vault/MA/Single-Variable-Calculus/CAB/1. Limits and Continuity/1.4. Determining Limits Using Algebraic Manipulation/Source/1.4.8. Vertical Asymptotes of Rational Functions
60,1384,CAB.1.4.9,Connecting Infinite Limits and Vertical Asymptotes of Rational Functions,vault/MA/Single-Variable-Calculus/CAB/1. Limits and Continuity/1.4. Determining Limits Using Algebraic Manipulation/Lessons/1.4.9. Connecting Infinite Limits and Vertical Asymptotes of Rational Functions.md,vault/MA/Single-Variable-Calculus/CAB/1. Limits and Continuity/1.4. Determining Limits Using Algebraic Manipulation/Source/1.4.9. Connecting Infinite Limits and Vertical Asymptotes of Rational Functions
62,473,CAB.1.5.1,The Squeeze Theorem,vault/MA/Single-Variable-Calculus/CAB/1. Limits and Continuity/1.5. Special Limits/Lessons/1.5.1. The Squeeze Theorem.md,vault/MA/Single-Variable-Calculus/CAB/1. Limits and Continuity/1.5. Special Limits/Source/1.5.1. The Squeeze Theorem
60,606,CAB.1.5.2,Special Limits Involving Sine,vault/MA/Single-Variable-Calculus/CAB/1. Limits and Continuity/1.5. Special Limits/Lessons/1.5.2. Special Limits Involving Sine.md,vault/MA/Single-Variable-Calculus/CAB/1. Limits and Continuity/1.5. Special Limits/Source/1.5.2. Special Limits Involving Sine
61,3678,CAB.1.5.3,Evaluating Special Limits Involving Sine Using a Substitution,vault/MA/Single-Variable-Calculus/CAB/1. Limits and Continuity/1.5. Special Limits/Lessons/1.5.3. Evaluating Special Limits Involving Sine Using a Substitution.md,vault/MA/Single-Variable-Calculus/CAB/1. Limits and Continuity/1.5. Special Limits/Source/1.5.3. Evaluating Special Limits Involving Sine Using a Substitution
62,292,CAB.1.5.4,Special Limits Involving Cosine,vault/MA/Single-Variable-Calculus/CAB/1. Limits and Continuity/1.5. Special Limits/Lessons/1.5.4. Special Limits Involving Cosine.md,vault/MA/Single-Variable-Calculus/CAB/1. Limits and Continuity/1.5. Special Limits/Source/1.5.4. Special Limits Involving Cosine
59,462,CAB.1.6.1,Determining Continuity from Graphs,vault/MA/Single-Variable-Calculus/CAB/1. Limits and Continuity/1.6. Continuity/Lessons/1.6.1. Determining Continuity from Graphs.md,vault/MA/Single-Variable-Calculus/CAB/1. Limits and Continuity/1.6. Continuity/Source/1.6.1. Determining Continuity from Graphs
61,314,CAB.1.6.2,Defining Continuity at a Point,vault/MA/Single-Variable-Calculus/CAB/1. Limits and Continuity/1.6. Continuity/Lessons/1.6.2. Defining Continuity at a Point.md,vault/MA/Single-Variable-Calculus/CAB/1. Limits and Continuity/1.6. Continuity/Source/1.6.2. Defining Continuity at a Point
62,474,CAB.1.6.3,Left and Right Continuity,vault/MA/Single-Variable-Calculus/CAB/1. Limits and Continuity/1.6. Continuity/Lessons/1.6.3. Left and Right Continuity.md,vault/MA/Single-Variable-Calculus/CAB/1. Limits and Continuity/1.6. Continuity/Source/1.6.3. Left and Right Continuity
63,3831,CAB.1.6.4,Further Continuity of Piecewise Functions,vault/MA/Single-Variable-Calculus/CAB/1. Limits and Continuity/1.6. Continuity/Lessons/1.6.4. Further Continuity of Piecewise Functions.md,vault/MA/Single-Variable-Calculus/CAB/1. Limits and Continuity/1.6. Continuity/Source/1.6.4. Further Continuity of Piecewise Functions
62,2002,CAB.1.6.5,Point Discontinuities,vault/MA/Single-Variable-Calculus/CAB/1. Limits and Continuity/1.6. Continuity/Lessons/1.6.5. Point Discontinuities.md,vault/MA/Single-Variable-Calculus/CAB/1. Limits and Continuity/1.6. Continuity/Source/1.6.5. Point Discontinuities
63,2003,CAB.1.6.6,Jump Discontinuities,vault/MA/Single-Variable-Calculus/CAB/1. Limits and Continuity/1.6. Continuity/Lessons/1.6.6. Jump Discontinuities.md,vault/MA/Single-Variable-Calculus/CAB/1. Limits and Continuity/1.6. Continuity/Source/1.6.6. Jump Discontinuities
62,2004,CAB.1.6.7,Discontinuities Due to Vertical Asymptotes,vault/MA/Single-Variable-Calculus/CAB/1. Limits and Continuity/1.6. Continuity/Lessons/1.6.7. Discontinuities Due to Vertical Asymptotes.md,vault/MA/Single-Variable-Calculus/CAB/1. Limits and Continuity/1.6. Continuity/Source/1.6.7. Discontinuities Due to Vertical Asymptotes
63,612,CAB.1.6.8,Continuity Over an Interval,vault/MA/Single-Variable-Calculus/CAB/1. Limits and Continuity/1.6. Continuity/Lessons/1.6.8. Continuity Over an Interval.md,vault/MA/Single-Variable-Calculus/CAB/1. Limits and Continuity/1.6. Continuity/Source/1.6.8. Continuity Over an Interval
64,2006,CAB.1.6.9,Continuity of Functions,vault/MA/Single-Variable-Calculus/CAB/1. Limits and Continuity/1.6. Continuity/Lessons/1.6.9. Continuity of Functions.md,vault/MA/Single-Variable-Calculus/CAB/1. Limits and Continuity/1.6. Continuity/Source/1.6.9. Continuity of Functions
65,2150,CAB.1.6.10,The Intermediate Value Theorem,vault/MA/Single-Variable-Calculus/CAB/1. Limits and Continuity/1.6. Continuity/Lessons/1.6.10. The Intermediate Value Theorem.md,vault/MA/Single-Variable-Calculus/CAB/1. Limits and Continuity/1.6. Continuity/Source/1.6.10. The Intermediate Value Theorem
63,341,CAB.1.7.1,Removing Point Discontinuities,vault/MA/Single-Variable-Calculus/CAB/1. Limits and Continuity/1.7. Removing Discontinuities/Lessons/1.7.1. Removing Point Discontinuities.md,vault/MA/Single-Variable-Calculus/CAB/1. Limits and Continuity/1.7. Removing Discontinuities/Source/1.7.1. Removing Point Discontinuities
64,638,CAB.1.7.2,Removing Jump Discontinuities,vault/MA/Single-Variable-Calculus/CAB/1. Limits and Continuity/1.7. Removing Discontinuities/Lessons/1.7.2. Removing Jump Discontinuities.md,vault/MA/Single-Variable-Calculus/CAB/1. Limits and Continuity/1.7. Removing Discontinuities/Source/1.7.2. Removing Jump Discontinuities
65,1225,CAB.1.7.3,Removing Discontinuities From Rational Functions,vault/MA/Single-Variable-Calculus/CAB/1. Limits and Continuity/1.7. Removing Discontinuities/Lessons/1.7.3. Removing Discontinuities From Rational Functions.md,vault/MA/Single-Variable-Calculus/CAB/1. Limits and Continuity/1.7. Removing Discontinuities/Source/1.7.3. Removing Discontinuities From Rational Functions
50,1208,CAB.2.1.1,The Average Rate of Change of a Function over a Varying Interval,vault/MA/Single-Variable-Calculus/CAB/2. Differentiation- Definition and Fundamental Properties/2.1. Introduction to Differentiation/Lessons/2.1.1. The Average Rate of Change of a Function over a Varying Interval.md,vault/MA/Single-Variable-Calculus/CAB/2. Differentiation- Definition and Fundamental Properties/2.1. Introduction to Differentiation/Source/2.1.1. The Average Rate of Change of a Function over a Varying Interval
51,337,CAB.2.1.2,The Instantaneous Rate of Change of a Function at a Point,vault/MA/Single-Variable-Calculus/CAB/2. Differentiation- Definition and Fundamental Properties/2.1. Introduction to Differentiation/Lessons/2.1.2. The Instantaneous Rate of Change of a Function at a Point.md,vault/MA/Single-Variable-Calculus/CAB/2. Differentiation- Definition and Fundamental Properties/2.1. Introduction to Differentiation/Source/2.1.2. The Instantaneous Rate of Change of a Function at a Point
52,812,CAB.2.1.3,Defining the Derivative Using Derivative Notation,vault/MA/Single-Variable-Calculus/CAB/2. Differentiation- Definition and Fundamental Properties/2.1. Introduction to Differentiation/Lessons/2.1.3. Defining the Derivative Using Derivative Notation.md,vault/MA/Single-Variable-Calculus/CAB/2. Differentiation- Definition and Fundamental Properties/2.1. Introduction to Differentiation/Source/2.1.3. Defining the Derivative Using Derivative Notation
65,1691,CAB.2.1.4,Continuity and Differentiability of Functions,vault/MA/Single-Variable-Calculus/CAB/2. Differentiation- Definition and Fundamental Properties/2.1. Introduction to Differentiation/Lessons/2.1.4. Continuity and Differentiability of Functions.md,vault/MA/Single-Variable-Calculus/CAB/2. Differentiation- Definition and Fundamental Properties/2.1. Introduction to Differentiation/Source/2.1.4. Continuity and Differentiability of Functions
53,35,CAB.2.1.5,The Power Rule for Differentiation,vault/MA/Single-Variable-Calculus/CAB/2. Differentiation- Definition and Fundamental Properties/2.1. Introduction to Differentiation/Lessons/2.1.5. The Power Rule for Differentiation.md,vault/MA/Single-Variable-Calculus/CAB/2. Differentiation- Definition and Fundamental Properties/2.1. Introduction to Differentiation/Source/2.1.5. The Power Rule for Differentiation
54,278,CAB.2.1.6,The Sum and Constant Multiple Rules for Differentiation,vault/MA/Single-Variable-Calculus/CAB/2. Differentiation- Definition and Fundamental Properties/2.1. Introduction to Differentiation/Lessons/2.1.6. The Sum and Constant Multiple Rules for Differentiation.md,vault/MA/Single-Variable-Calculus/CAB/2. Differentiation- Definition and Fundamental Properties/2.1. Introduction to Differentiation/Source/2.1.6. The Sum and Constant Multiple Rules for Differentiation
55,332,CAB.2.1.7,Calculating the Slope of a Tangent Line Using Differentiation,vault/MA/Single-Variable-Calculus/CAB/2. Differentiation- Definition and Fundamental Properties/2.1. Introduction to Differentiation/Lessons/2.1.7. Calculating the Slope of a Tangent Line Using Differentiation.md,vault/MA/Single-Variable-Calculus/CAB/2. Differentiation- Definition and Fundamental Properties/2.1. Introduction to Differentiation/Source/2.1.7. Calculating the Slope of a Tangent Line Using Differentiation
56,986,CAB.2.1.8,Calculating the Equation of a Tangent Line Using Differentiation,vault/MA/Single-Variable-Calculus/CAB/2. Differentiation- Definition and Fundamental Properties/2.1. Introduction to Differentiation/Lessons/2.1.8. Calculating the Equation of a Tangent Line Using Differentiation.md,vault/MA/Single-Variable-Calculus/CAB/2. Differentiation- Definition and Fundamental Properties/2.1. Introduction to Differentiation/Source/2.1.8. Calculating the Equation of a Tangent Line Using Differentiation
57,987,CAB.2.1.9,Calculating the Equation of a Normal Line Using Differentiation,vault/MA/Single-Variable-Calculus/CAB/2. Differentiation- Definition and Fundamental Properties/2.1. Introduction to Differentiation/Lessons/2.1.9. Calculating the Equation of a Normal Line Using Differentiation.md,vault/MA/Single-Variable-Calculus/CAB/2. Differentiation- Definition and Fundamental Properties/2.1. Introduction to Differentiation/Source/2.1.9. Calculating the Equation of a Normal Line Using Differentiation
56,1114,CAB.2.2.1,Differentiating Exponential Functions,vault/MA/Single-Variable-Calculus/CAB/2. Differentiation- Definition and Fundamental Properties/2.2. Derivatives of Functions and the Rules of Differentiation/Lessons/2.2.1. Differentiating Exponential Functions.md,vault/MA/Single-Variable-Calculus/CAB/2. Differentiation- Definition and Fundamental Properties/2.2. Derivatives of Functions and the Rules of Differentiation/Source/2.2.1. Differentiating Exponential Functions
57,1116,CAB.2.2.2,Differentiating Logarithmic Functions,vault/MA/Single-Variable-Calculus/CAB/2. Differentiation- Definition and Fundamental Properties/2.2. Derivatives of Functions and the Rules of Differentiation/Lessons/2.2.2. Differentiating Logarithmic Functions.md,vault/MA/Single-Variable-Calculus/CAB/2. Differentiation- Definition and Fundamental Properties/2.2. Derivatives of Functions and the Rules of Differentiation/Source/2.2.2. Differentiating Logarithmic Functions
57,280,CAB.2.2.3,Differentiating Trigonometric Functions,vault/MA/Single-Variable-Calculus/CAB/2. Differentiation- Definition and Fundamental Properties/2.2. Derivatives of Functions and the Rules of Differentiation/Lessons/2.2.3. Differentiating Trigonometric Functions.md,vault/MA/Single-Variable-Calculus/CAB/2. Differentiation- Definition and Fundamental Properties/2.2. Derivatives of Functions and the Rules of Differentiation/Source/2.2.3. Differentiating Trigonometric Functions
61,281,CAB.2.2.4,Second and Higher-Order Derivatives,vault/MA/Single-Variable-Calculus/CAB/2. Differentiation- Definition and Fundamental Properties/2.2. Derivatives of Functions and the Rules of Differentiation/Lessons/2.2.4. Second and Higher-Order Derivatives.md,vault/MA/Single-Variable-Calculus/CAB/2. Differentiation- Definition and Fundamental Properties/2.2. Derivatives of Functions and the Rules of Differentiation/Source/2.2.4. Second and Higher-Order Derivatives
58,1109,CAB.2.2.5,The Product Rule for Differentiation,vault/MA/Single-Variable-Calculus/CAB/2. Differentiation- Definition and Fundamental Properties/2.2. Derivatives of Functions and the Rules of Differentiation/Lessons/2.2.5. The Product Rule for Differentiation.md,vault/MA/Single-Variable-Calculus/CAB/2. Differentiation- Definition and Fundamental Properties/2.2. Derivatives of Functions and the Rules of Differentiation/Source/2.2.5. The Product Rule for Differentiation
59,1110,CAB.2.2.6,The Quotient Rule for Differentiation,vault/MA/Single-Variable-Calculus/CAB/2. Differentiation- Definition and Fundamental Properties/2.2. Derivatives of Functions and the Rules of Differentiation/Lessons/2.2.6. The Quotient Rule for Differentiation.md,vault/MA/Single-Variable-Calculus/CAB/2. Differentiation- Definition and Fundamental Properties/2.2. Derivatives of Functions and the Rules of Differentiation/Source/2.2.6. The Quotient Rule for Differentiation
60,1686,CAB.2.2.7,Differentiating Reciprocal Trigonometric Functions,vault/MA/Single-Variable-Calculus/CAB/2. Differentiation- Definition and Fundamental Properties/2.2. Derivatives of Functions and the Rules of Differentiation/Lessons/2.2.7. Differentiating Reciprocal Trigonometric Functions.md,vault/MA/Single-Variable-Calculus/CAB/2. Differentiation- Definition and Fundamental Properties/2.2. Derivatives of Functions and the Rules of Differentiation/Source/2.2.7. Differentiating Reciprocal Trigonometric Functions
61,1249,CAB.2.2.8,Calculating Derivatives From Data and Tables,vault/MA/Single-Variable-Calculus/CAB/2. Differentiation- Definition and Fundamental Properties/2.2. Derivatives of Functions and the Rules of Differentiation/Lessons/2.2.8. Calculating Derivatives From Data and Tables.md,vault/MA/Single-Variable-Calculus/CAB/2. Differentiation- Definition and Fundamental Properties/2.2. Derivatives of Functions and the Rules of Differentiation/Source/2.2.8. Calculating Derivatives From Data and Tables
62,1117,CAB.2.2.9,Calculating Derivatives From Graphs,vault/MA/Single-Variable-Calculus/CAB/2. Differentiation- Definition and Fundamental Properties/2.2. Derivatives of Functions and the Rules of Differentiation/Lessons/2.2.9. Calculating Derivatives From Graphs.md,vault/MA/Single-Variable-Calculus/CAB/2. Differentiation- Definition and Fundamental Properties/2.2. Derivatives of Functions and the Rules of Differentiation/Source/2.2.9. Calculating Derivatives From Graphs
63,637,CAB.2.2.10,Recognizing Derivatives in Limits,vault/MA/Single-Variable-Calculus/CAB/2. Differentiation- Definition and Fundamental Properties/2.2. Derivatives of Functions and the Rules of Differentiation/Lessons/2.2.10. Recognizing Derivatives in Limits.md,vault/MA/Single-Variable-Calculus/CAB/2. Differentiation- Definition and Fundamental Properties/2.2. Derivatives of Functions and the Rules of Differentiation/Source/2.2.10. Recognizing Derivatives in Limits
60,1108,CAB.3.1.1,The Chain Rule for Differentiation,"vault/MA/Single-Variable-Calculus/CAB/3. Differentiation- Composite, Implicit, and Inverse Functions/3.1. Differentiating Composite Functions/Lessons/3.1.1. The Chain Rule for Differentiation.md","vault/MA/Single-Variable-Calculus/CAB/3. Differentiation- Composite, Implicit, and Inverse Functions/3.1. Differentiating Composite Functions/Source/3.1.1. The Chain Rule for Differentiation"
61,1007,CAB.3.1.2,The Chain Rule With Exponential Functions,"vault/MA/Single-Variable-Calculus/CAB/3. Differentiation- Composite, Implicit, and Inverse Functions/3.1. Differentiating Composite Functions/Lessons/3.1.2. The Chain Rule With Exponential Functions.md","vault/MA/Single-Variable-Calculus/CAB/3. Differentiation- Composite, Implicit, and Inverse Functions/3.1. Differentiating Composite Functions/Source/3.1.2. The Chain Rule With Exponential Functions"
61,1036,CAB.3.1.3,The Chain Rule With Logarithmic Functions,"vault/MA/Single-Variable-Calculus/CAB/3. Differentiation- Composite, Implicit, and Inverse Functions/3.1. Differentiating Composite Functions/Lessons/3.1.3. The Chain Rule With Logarithmic Functions.md","vault/MA/Single-Variable-Calculus/CAB/3. Differentiation- Composite, Implicit, and Inverse Functions/3.1. Differentiating Composite Functions/Source/3.1.3. The Chain Rule With Logarithmic Functions"
61,305,CAB.3.1.4,The Chain Rule With Trigonometric Functions,"vault/MA/Single-Variable-Calculus/CAB/3. Differentiation- Composite, Implicit, and Inverse Functions/3.1. Differentiating Composite Functions/Lessons/3.1.4. The Chain Rule With Trigonometric Functions.md","vault/MA/Single-Variable-Calculus/CAB/3. Differentiation- Composite, Implicit, and Inverse Functions/3.1. Differentiating Composite Functions/Source/3.1.4. The Chain Rule With Trigonometric Functions"
62,1282,CAB.3.1.5,Calculating Derivatives From Data Using the Chain Rule,"vault/MA/Single-Variable-Calculus/CAB/3. Differentiation- Composite, Implicit, and Inverse Functions/3.1. Differentiating Composite Functions/Lessons/3.1.5. Calculating Derivatives From Data Using the Chain Rule.md","vault/MA/Single-Variable-Calculus/CAB/3. Differentiation- Composite, Implicit, and Inverse Functions/3.1. Differentiating Composite Functions/Source/3.1.5. Calculating Derivatives From Data Using the Chain Rule"
63,4057,CAB.3.1.6,Calculating Derivatives From Graphs Using the Chain Rule,"vault/MA/Single-Variable-Calculus/CAB/3. Differentiation- Composite, Implicit, and Inverse Functions/3.1. Differentiating Composite Functions/Lessons/3.1.6. Calculating Derivatives From Graphs Using the Chain Rule.md","vault/MA/Single-Variable-Calculus/CAB/3. Differentiation- Composite, Implicit, and Inverse Functions/3.1. Differentiating Composite Functions/Source/3.1.6. Calculating Derivatives From Graphs Using the Chain Rule"
62,1115,CAB.3.1.7,Selecting Procedures for Calculating Derivatives,"vault/MA/Single-Variable-Calculus/CAB/3. Differentiation- Composite, Implicit, and Inverse Functions/3.1. Differentiating Composite Functions/Lessons/3.1.7. Selecting Procedures for Calculating Derivatives.md","vault/MA/Single-Variable-Calculus/CAB/3. Differentiation- Composite, Implicit, and Inverse Functions/3.1. Differentiating Composite Functions/Source/3.1.7. Selecting Procedures for Calculating Derivatives"
63,57,CAB.3.2.1,Implicit Differentiation,"vault/MA/Single-Variable-Calculus/CAB/3. Differentiation- Composite, Implicit, and Inverse Functions/3.2. Differentiating Implicit and Inverse Functions/Lessons/3.2.1. Implicit Differentiation.md","vault/MA/Single-Variable-Calculus/CAB/3. Differentiation- Composite, Implicit, and Inverse Functions/3.2. Differentiating Implicit and Inverse Functions/Source/3.2.1. Implicit Differentiation"
57,1784,CAB.3.2.2,Calculating dy/dx Using dx/dy,"vault/MA/Single-Variable-Calculus/CAB/3. Differentiation- Composite, Implicit, and Inverse Functions/3.2. Differentiating Implicit and Inverse Functions/Lessons/3.2.2. Calculating dy-dx Using dx-dy.md","vault/MA/Single-Variable-Calculus/CAB/3. Differentiation- Composite, Implicit, and Inverse Functions/3.2. Differentiating Implicit and Inverse Functions/Source/3.2.2. Calculating dy-dx Using dx-dy"
62,1785,CAB.3.2.3,Differentiating Inverse Functions,"vault/MA/Single-Variable-Calculus/CAB/3. Differentiation- Composite, Implicit, and Inverse Functions/3.2. Differentiating Implicit and Inverse Functions/Lessons/3.2.3. Differentiating Inverse Functions.md","vault/MA/Single-Variable-Calculus/CAB/3. Differentiation- Composite, Implicit, and Inverse Functions/3.2. Differentiating Implicit and Inverse Functions/Source/3.2.3. Differentiating Inverse Functions"
63,291,CAB.3.2.4,Differentiating an Inverse Function at a Point,"vault/MA/Single-Variable-Calculus/CAB/3. Differentiation- Composite, Implicit, and Inverse Functions/3.2. Differentiating Implicit and Inverse Functions/Lessons/3.2.4. Differentiating an Inverse Function at a Point.md","vault/MA/Single-Variable-Calculus/CAB/3. Differentiation- Composite, Implicit, and Inverse Functions/3.2. Differentiating Implicit and Inverse Functions/Source/3.2.4. Differentiating an Inverse Function at a Point"
64,303,CAB.3.2.5,Differentiating Inverse Trigonometric Functions,"vault/MA/Single-Variable-Calculus/CAB/3. Differentiation- Composite, Implicit, and Inverse Functions/3.2. Differentiating Implicit and Inverse Functions/Lessons/3.2.5. Differentiating Inverse Trigonometric Functions.md","vault/MA/Single-Variable-Calculus/CAB/3. Differentiation- Composite, Implicit, and Inverse Functions/3.2. Differentiating Implicit and Inverse Functions/Source/3.2.5. Differentiating Inverse Trigonometric Functions"
65,1721,CAB.3.2.6,Differentiating Inverse Reciprocal Trigonometric Functions,"vault/MA/Single-Variable-Calculus/CAB/3. Differentiation- Composite, Implicit, and Inverse Functions/3.2. Differentiating Implicit and Inverse Functions/Lessons/3.2.6. Differentiating Inverse Reciprocal Trigonometric Functions.md","vault/MA/Single-Variable-Calculus/CAB/3. Differentiation- Composite, Implicit, and Inverse Functions/3.2. Differentiating Implicit and Inverse Functions/Source/3.2.6. Differentiating Inverse Reciprocal Trigonometric Functions"
53,296,CAB.4.1.1,Interpreting the Meaning of the Derivative in Context,vault/MA/Single-Variable-Calculus/CAB/4. Contextual Applications of Differentiation/4.1. Contextual Applications of Differentiation/Lessons/4.1.1. Interpreting the Meaning of the Derivative in Context.md,vault/MA/Single-Variable-Calculus/CAB/4. Contextual Applications of Differentiation/4.1. Contextual Applications of Differentiation/Source/4.1.1. Interpreting the Meaning of the Derivative in Context
63,620,CAB.4.1.2,Rates of Change in Applied Contexts,vault/MA/Single-Variable-Calculus/CAB/4. Contextual Applications of Differentiation/4.1. Contextual Applications of Differentiation/Lessons/4.1.2. Rates of Change in Applied Contexts.md,vault/MA/Single-Variable-Calculus/CAB/4. Contextual Applications of Differentiation/4.1. Contextual Applications of Differentiation/Source/4.1.2. Rates of Change in Applied Contexts
54,992,CAB.4.2.1,Estimating Derivatives Using a Forward Difference Quotient,vault/MA/Single-Variable-Calculus/CAB/4. Contextual Applications of Differentiation/4.2. Estimating Derivatives/Lessons/4.2.1. Estimating Derivatives Using a Forward Difference Quotient.md,vault/MA/Single-Variable-Calculus/CAB/4. Contextual Applications of Differentiation/4.2. Estimating Derivatives/Source/4.2.1. Estimating Derivatives Using a Forward Difference Quotient
54,993,CAB.4.2.2,Estimating Derivatives Using a Backward Difference Quotient,vault/MA/Single-Variable-Calculus/CAB/4. Contextual Applications of Differentiation/4.2. Estimating Derivatives/Lessons/4.2.2. Estimating Derivatives Using a Backward Difference Quotient.md,vault/MA/Single-Variable-Calculus/CAB/4. Contextual Applications of Differentiation/4.2. Estimating Derivatives/Source/4.2.2. Estimating Derivatives Using a Backward Difference Quotient
55,640,CAB.4.2.3,Estimating Derivatives Using a Central Difference Quotient,vault/MA/Single-Variable-Calculus/CAB/4. Contextual Applications of Differentiation/4.2. Estimating Derivatives/Lessons/4.2.3. Estimating Derivatives Using a Central Difference Quotient.md,vault/MA/Single-Variable-Calculus/CAB/4. Contextual Applications of Differentiation/4.2. Estimating Derivatives/Source/4.2.3. Estimating Derivatives Using a Central Difference Quotient
63,284,CAB.4.3.1,Calculating Velocity for Straight-Line Motion Using Differentiation,"vault/MA/Single-Variable-Calculus/CAB/4. Contextual Applications of Differentiation/4.3. Displacement, Velocity, and Acceleration/Lessons/4.3.1. Calculating Velocity for Straight-Line Motion Using Differentiation.md","vault/MA/Single-Variable-Calculus/CAB/4. Contextual Applications of Differentiation/4.3. Displacement, Velocity, and Acceleration/Source/4.3.1. Calculating Velocity for Straight-Line Motion Using Differentiation"
65,3581,CAB.4.3.2,Determining Characteristics of Moving Objects Using Differentiation,"vault/MA/Single-Variable-Calculus/CAB/4. Contextual Applications of Differentiation/4.3. Displacement, Velocity, and Acceleration/Lessons/4.3.2. Determining Characteristics of Moving Objects Using Differentiation.md","vault/MA/Single-Variable-Calculus/CAB/4. Contextual Applications of Differentiation/4.3. Displacement, Velocity, and Acceleration/Source/4.3.2. Determining Characteristics of Moving Objects Using Differentiation"
64,824,CAB.4.3.3,Calculating Acceleration for Straight-Line Motion Using Differentiation,"vault/MA/Single-Variable-Calculus/CAB/4. Contextual Applications of Differentiation/4.3. Displacement, Velocity, and Acceleration/Lessons/4.3.3. Calculating Acceleration for Straight-Line Motion Using Differentiation.md","vault/MA/Single-Variable-Calculus/CAB/4. Contextual Applications of Differentiation/4.3. Displacement, Velocity, and Acceleration/Source/4.3.3. Calculating Acceleration for Straight-Line Motion Using Differentiation"
64,1044,CAB.4.4.1,Introduction to Related Rates,vault/MA/Single-Variable-Calculus/CAB/4. Contextual Applications of Differentiation/4.4. Related Rates of Change/Lessons/4.4.1. Introduction to Related Rates.md,vault/MA/Single-Variable-Calculus/CAB/4. Contextual Applications of Differentiation/4.4. Related Rates of Change/Source/4.4.1. Introduction to Related Rates
65,4059,CAB.4.4.2,Related Rates With Implicit Functions,vault/MA/Single-Variable-Calculus/CAB/4. Contextual Applications of Differentiation/4.4. Related Rates of Change/Lessons/4.4.2. Related Rates With Implicit Functions.md,vault/MA/Single-Variable-Calculus/CAB/4. Contextual Applications of Differentiation/4.4. Related Rates of Change/Source/4.4.2. Related Rates With Implicit Functions
68,287,CAB.4.4.3,Calculating Related Rates With Circles and Spheres,vault/MA/Single-Variable-Calculus/CAB/4. Contextual Applications of Differentiation/4.4. Related Rates of Change/Lessons/4.4.3. Calculating Related Rates With Circles and Spheres.md,vault/MA/Single-Variable-Calculus/CAB/4. Contextual Applications of Differentiation/4.4. Related Rates of Change/Source/4.4.3. Calculating Related Rates With Circles and Spheres
66,368,CAB.4.4.4,Calculating Related Rates With Squares,vault/MA/Single-Variable-Calculus/CAB/4. Contextual Applications of Differentiation/4.4. Related Rates of Change/Lessons/4.4.4. Calculating Related Rates With Squares.md,vault/MA/Single-Variable-Calculus/CAB/4. Contextual Applications of Differentiation/4.4. Related Rates of Change/Source/4.4.4. Calculating Related Rates With Squares
67,365,CAB.4.4.5,Calculating Related Rates With Rectangular Solids,vault/MA/Single-Variable-Calculus/CAB/4. Contextual Applications of Differentiation/4.4. Related Rates of Change/Lessons/4.4.5. Calculating Related Rates With Rectangular Solids.md,vault/MA/Single-Variable-Calculus/CAB/4. Contextual Applications of Differentiation/4.4. Related Rates of Change/Source/4.4.5. Calculating Related Rates With Rectangular Solids
66,345,CAB.4.4.6,Calculating Related Rates Using the Pythagorean Theorem,vault/MA/Single-Variable-Calculus/CAB/4. Contextual Applications of Differentiation/4.4. Related Rates of Change/Lessons/4.4.6. Calculating Related Rates Using the Pythagorean Theorem.md,vault/MA/Single-Variable-Calculus/CAB/4. Contextual Applications of Differentiation/4.4. Related Rates of Change/Source/4.4.6. Calculating Related Rates Using the Pythagorean Theorem
66,367,CAB.4.4.7,Calculating Related Rates Using Similar Triangles,vault/MA/Single-Variable-Calculus/CAB/4. Contextual Applications of Differentiation/4.4. Related Rates of Change/Lessons/4.4.7. Calculating Related Rates Using Similar Triangles.md,vault/MA/Single-Variable-Calculus/CAB/4. Contextual Applications of Differentiation/4.4. Related Rates of Change/Source/4.4.7. Calculating Related Rates Using Similar Triangles
66,369,CAB.4.4.8,Calculating Related Rates Using Trigonometry,vault/MA/Single-Variable-Calculus/CAB/4. Contextual Applications of Differentiation/4.4. Related Rates of Change/Lessons/4.4.8. Calculating Related Rates Using Trigonometry.md,vault/MA/Single-Variable-Calculus/CAB/4. Contextual Applications of Differentiation/4.4. Related Rates of Change/Source/4.4.8. Calculating Related Rates Using Trigonometry
68,346,CAB.4.4.9,Calculating Related Rates With Cones,vault/MA/Single-Variable-Calculus/CAB/4. Contextual Applications of Differentiation/4.4. Related Rates of Change/Lessons/4.4.9. Calculating Related Rates With Cones.md,vault/MA/Single-Variable-Calculus/CAB/4. Contextual Applications of Differentiation/4.4. Related Rates of Change/Source/4.4.9. Calculating Related Rates With Cones
63,463,CAB.5.1.1,L'Hopital's Rule,vault/MA/Single-Variable-Calculus/CAB/5. Analytical Applications of Differentiation/5.1. L'Hopital's Rule/Lessons/5.1.1. L'Hopital's Rule.md,vault/MA/Single-Variable-Calculus/CAB/5. Analytical Applications of Differentiation/5.1. L'Hopital's Rule/Source/5.1.1. L'Hopital's Rule
64,1210,CAB.5.1.2,L'Hopital's Rule Applied to Tables,vault/MA/Single-Variable-Calculus/CAB/5. Analytical Applications of Differentiation/5.1. L'Hopital's Rule/Lessons/5.1.2. L'Hopital's Rule Applied to Tables.md,vault/MA/Single-Variable-Calculus/CAB/5. Analytical Applications of Differentiation/5.1. L'Hopital's Rule/Source/5.1.2. L'Hopital's Rule Applied to Tables
66,288,CAB.5.2.1,The Mean Value Theorem,vault/MA/Single-Variable-Calculus/CAB/5. Analytical Applications of Differentiation/5.2. Analytical Applications of Differentiation/Lessons/5.2.1. The Mean Value Theorem.md,vault/MA/Single-Variable-Calculus/CAB/5. Analytical Applications of Differentiation/5.2. Analytical Applications of Differentiation/Source/5.2.1. The Mean Value Theorem
66,313,CAB.5.2.2,Global vs. Local Extrema and Critical Points,vault/MA/Single-Variable-Calculus/CAB/5. Analytical Applications of Differentiation/5.2. Analytical Applications of Differentiation/Lessons/5.2.2. Global vs. Local Extrema and Critical Points.md,vault/MA/Single-Variable-Calculus/CAB/5. Analytical Applications of Differentiation/5.2. Analytical Applications of Differentiation/Source/5.2.2. Global vs. Local Extrema and Critical Points
65,3571,CAB.5.2.3,The Extreme Value Theorem,vault/MA/Single-Variable-Calculus/CAB/5. Analytical Applications of Differentiation/5.2. Analytical Applications of Differentiation/Lessons/5.2.3. The Extreme Value Theorem.md,vault/MA/Single-Variable-Calculus/CAB/5. Analytical Applications of Differentiation/5.2. Analytical Applications of Differentiation/Source/5.2.3. The Extreme Value Theorem
67,752,CAB.5.2.4,Using Differentiation to Calculate Critical Points,vault/MA/Single-Variable-Calculus/CAB/5. Analytical Applications of Differentiation/5.2. Analytical Applications of Differentiation/Lessons/5.2.4. Using Differentiation to Calculate Critical Points.md,vault/MA/Single-Variable-Calculus/CAB/5. Analytical Applications of Differentiation/5.2. Analytical Applications of Differentiation/Source/5.2.4. Using Differentiation to Calculate Critical Points
68,1359,CAB.5.2.5,Determining Intervals on Which a Function Is Increasing or Decreasing,vault/MA/Single-Variable-Calculus/CAB/5. Analytical Applications of Differentiation/5.2. Analytical Applications of Differentiation/Lessons/5.2.5. Determining Intervals on Which a Function Is Increasing or Decreasing.md,vault/MA/Single-Variable-Calculus/CAB/5. Analytical Applications of Differentiation/5.2. Analytical Applications of Differentiation/Source/5.2.5. Determining Intervals on Which a Function Is Increasing or Decreasing
70,1360,CAB.5.2.6,Using the First Derivative Test to Classify Local Extrema,vault/MA/Single-Variable-Calculus/CAB/5. Analytical Applications of Differentiation/5.2. Analytical Applications of Differentiation/Lessons/5.2.6. Using the First Derivative Test to Classify Local Extrema.md,vault/MA/Single-Variable-Calculus/CAB/5. Analytical Applications of Differentiation/5.2. Analytical Applications of Differentiation/Source/5.2.6. Using the First Derivative Test to Classify Local Extrema
72,364,CAB.5.2.7,The Candidates Test,vault/MA/Single-Variable-Calculus/CAB/5. Analytical Applications of Differentiation/5.2. Analytical Applications of Differentiation/Lessons/5.2.7. The Candidates Test.md,vault/MA/Single-Variable-Calculus/CAB/5. Analytical Applications of Differentiation/5.2. Analytical Applications of Differentiation/Source/5.2.7. The Candidates Test
69,363,CAB.5.2.8,Intervals of Concavity,vault/MA/Single-Variable-Calculus/CAB/5. Analytical Applications of Differentiation/5.2. Analytical Applications of Differentiation/Lessons/5.2.8. Intervals of Concavity.md,vault/MA/Single-Variable-Calculus/CAB/5. Analytical Applications of Differentiation/5.2. Analytical Applications of Differentiation/Source/5.2.8. Intervals of Concavity
70,3846,CAB.5.2.9,Relating Concavity to the Second Derivative,vault/MA/Single-Variable-Calculus/CAB/5. Analytical Applications of Differentiation/5.2. Analytical Applications of Differentiation/Lessons/5.2.9. Relating Concavity to the Second Derivative.md,vault/MA/Single-Variable-Calculus/CAB/5. Analytical Applications of Differentiation/5.2. Analytical Applications of Differentiation/Source/5.2.9. Relating Concavity to the Second Derivative
71,1046,CAB.5.2.10,Points of Inflection,vault/MA/Single-Variable-Calculus/CAB/5. Analytical Applications of Differentiation/5.2. Analytical Applications of Differentiation/Lessons/5.2.10. Points of Inflection.md,vault/MA/Single-Variable-Calculus/CAB/5. Analytical Applications of Differentiation/5.2. Analytical Applications of Differentiation/Source/5.2.10. Points of Inflection
71,339,CAB.5.2.11,The Second Derivative Test,vault/MA/Single-Variable-Calculus/CAB/5. Analytical Applications of Differentiation/5.2. Analytical Applications of Differentiation/Lessons/5.2.11. The Second Derivative Test.md,vault/MA/Single-Variable-Calculus/CAB/5. Analytical Applications of Differentiation/5.2. Analytical Applications of Differentiation/Source/5.2.11. The Second Derivative Test
72,1204,CAB.5.3.1,Sketching the Derivative of a Function From the Function's Graph,vault/MA/Single-Variable-Calculus/CAB/5. Analytical Applications of Differentiation/5.3. Analysis of Curves/Lessons/5.3.1. Sketching the Derivative of a Function From the Function's Graph.md,vault/MA/Single-Variable-Calculus/CAB/5. Analytical Applications of Differentiation/5.3. Analysis of Curves/Source/5.3.1. Sketching the Derivative of a Function From the Function's Graph
73,624,CAB.5.3.2,Interpreting the Graph of a Function's Derivative,vault/MA/Single-Variable-Calculus/CAB/5. Analytical Applications of Differentiation/5.3. Analysis of Curves/Lessons/5.3.2. Interpreting the Graph of a Function's Derivative.md,vault/MA/Single-Variable-Calculus/CAB/5. Analytical Applications of Differentiation/5.3. Analysis of Curves/Source/5.3.2. Interpreting the Graph of a Function's Derivative
74,3548,CAB.5.3.3,Interpreting the Graph of a Function's Derivative: Concavity and Points of Inflection,vault/MA/Single-Variable-Calculus/CAB/5. Analytical Applications of Differentiation/5.3. Analysis of Curves/Lessons/5.3.3. Interpreting the Graph of a Function's Derivative- Concavity and Points of Inflection.md,vault/MA/Single-Variable-Calculus/CAB/5. Analytical Applications of Differentiation/5.3. Analysis of Curves/Source/5.3.3. Interpreting the Graph of a Function's Derivative- Concavity and Points of Inflection
75,1206,CAB.5.3.4,Sketching a Function From the Graph of its Derivative,vault/MA/Single-Variable-Calculus/CAB/5. Analytical Applications of Differentiation/5.3. Analysis of Curves/Lessons/5.3.4. Sketching a Function From the Graph of its Derivative.md,vault/MA/Single-Variable-Calculus/CAB/5. Analytical Applications of Differentiation/5.3. Analysis of Curves/Source/5.3.4. Sketching a Function From the Graph of its Derivative
71,1207,CAB.5.3.5,Sketching a Function Given Some Derivative Properties,vault/MA/Single-Variable-Calculus/CAB/5. Analytical Applications of Differentiation/5.3. Analysis of Curves/Lessons/5.3.5. Sketching a Function Given Some Derivative Properties.md,vault/MA/Single-Variable-Calculus/CAB/5. Analytical Applications of Differentiation/5.3. Analysis of Curves/Source/5.3.5. Sketching a Function Given Some Derivative Properties
70,621,CAB.5.4.1,Approximating Functions Using Local Linearity and Linearization,vault/MA/Single-Variable-Calculus/CAB/5. Analytical Applications of Differentiation/5.4. Approximating Values of a Function/Lessons/5.4.1. Approximating Functions Using Local Linearity and Linearization.md,vault/MA/Single-Variable-Calculus/CAB/5. Analytical Applications of Differentiation/5.4. Approximating Values of a Function/Source/5.4.1. Approximating Functions Using Local Linearity and Linearization
71,622,CAB.5.4.2,Approximating the Roots of a Number Using Local Linearity,vault/MA/Single-Variable-Calculus/CAB/5. Analytical Applications of Differentiation/5.4. Approximating Values of a Function/Lessons/5.4.2. Approximating the Roots of a Number Using Local Linearity.md,vault/MA/Single-Variable-Calculus/CAB/5. Analytical Applications of Differentiation/5.4. Approximating Values of a Function/Source/5.4.2. Approximating the Roots of a Number Using Local Linearity
71,623,CAB.5.4.3,Approximating Trigonometric Functions Using Local Linearity,vault/MA/Single-Variable-Calculus/CAB/5. Analytical Applications of Differentiation/5.4. Approximating Values of a Function/Lessons/5.4.3. Approximating Trigonometric Functions Using Local Linearity.md,vault/MA/Single-Variable-Calculus/CAB/5. Analytical Applications of Differentiation/5.4. Approximating Values of a Function/Source/5.4.3. Approximating Trigonometric Functions Using Local Linearity
72,1211,CAB.5.5.1,Solving Optimization Problems Using Derivatives,vault/MA/Single-Variable-Calculus/CAB/5. Analytical Applications of Differentiation/5.5. Optimization/Lessons/5.5.1. Solving Optimization Problems Using Derivatives.md,vault/MA/Single-Variable-Calculus/CAB/5. Analytical Applications of Differentiation/5.5. Optimization/Source/5.5.1. Solving Optimization Problems Using Derivatives
73,1212,CAB.5.5.2,Optimization Problems Involving Sectors of Circles,vault/MA/Single-Variable-Calculus/CAB/5. Analytical Applications of Differentiation/5.5. Optimization/Lessons/5.5.2. Optimization Problems Involving Sectors of Circles.md,vault/MA/Single-Variable-Calculus/CAB/5. Analytical Applications of Differentiation/5.5. Optimization/Source/5.5.2. Optimization Problems Involving Sectors of Circles
73,1213,CAB.5.5.3,Optimization Problems Involving Boxes and Trays,vault/MA/Single-Variable-Calculus/CAB/5. Analytical Applications of Differentiation/5.5. Optimization/Lessons/5.5.3. Optimization Problems Involving Boxes and Trays.md,vault/MA/Single-Variable-Calculus/CAB/5. Analytical Applications of Differentiation/5.5. Optimization/Source/5.5.3. Optimization Problems Involving Boxes and Trays
73,1214,CAB.5.5.4,Optimization Problems Involving Cylinders,vault/MA/Single-Variable-Calculus/CAB/5. Analytical Applications of Differentiation/5.5. Optimization/Lessons/5.5.4. Optimization Problems Involving Cylinders.md,vault/MA/Single-Variable-Calculus/CAB/5. Analytical Applications of Differentiation/5.5. Optimization/Source/5.5.4. Optimization Problems Involving Cylinders
73,1216,CAB.5.5.5,Optimizing Distances,vault/MA/Single-Variable-Calculus/CAB/5. Analytical Applications of Differentiation/5.5. Optimization/Lessons/5.5.5. Optimizing Distances.md,vault/MA/Single-Variable-Calculus/CAB/5. Analytical Applications of Differentiation/5.5. Optimization/Source/5.5.5. Optimizing Distances
74,4218,CAB.5.5.6,Optimizing Distances to Curves,vault/MA/Single-Variable-Calculus/CAB/5. Analytical Applications of Differentiation/5.5. Optimization/Lessons/5.5.6. Optimizing Distances to Curves.md,vault/MA/Single-Variable-Calculus/CAB/5. Analytical Applications of Differentiation/5.5. Optimization/Source/5.5.6. Optimizing Distances to Curves
72,1217,CAB.5.5.7,Optimization Problems With Inscribed Shapes,vault/MA/Single-Variable-Calculus/CAB/5. Analytical Applications of Differentiation/5.5. Optimization/Lessons/5.5.7. Optimization Problems With Inscribed Shapes.md,vault/MA/Single-Variable-Calculus/CAB/5. Analytical Applications of Differentiation/5.5. Optimization/Source/5.5.7. Optimization Problems With Inscribed Shapes
73,1218,CAB.5.5.8,Optimization Problems in Economics,vault/MA/Single-Variable-Calculus/CAB/5. Analytical Applications of Differentiation/5.5. Optimization/Lessons/5.5.8. Optimization Problems in Economics.md,vault/MA/Single-Variable-Calculus/CAB/5. Analytical Applications of Differentiation/5.5. Optimization/Source/5.5.8. Optimization Problems in Economics
61,308,CAB.6.1.1,The Antiderivative,vault/MA/Single-Variable-Calculus/CAB/6. Integration/6.1. Indefinite Integrals/Lessons/6.1.1. The Antiderivative.md,vault/MA/Single-Variable-Calculus/CAB/6. Integration/6.1. Indefinite Integrals/Source/6.1.1. The Antiderivative
62,43,CAB.6.1.2,The Constant Multiple Rule for Indefinite Integrals,vault/MA/Single-Variable-Calculus/CAB/6. Integration/6.1. Indefinite Integrals/Lessons/6.1.2. The Constant Multiple Rule for Indefinite Integrals.md,vault/MA/Single-Variable-Calculus/CAB/6. Integration/6.1. Indefinite Integrals/Source/6.1.2. The Constant Multiple Rule for Indefinite Integrals
63,3769,CAB.6.1.3,The Sum Rule for Indefinite Integrals,vault/MA/Single-Variable-Calculus/CAB/6. Integration/6.1. Indefinite Integrals/Lessons/6.1.3. The Sum Rule for Indefinite Integrals.md,vault/MA/Single-Variable-Calculus/CAB/6. Integration/6.1. Indefinite Integrals/Source/6.1.3. The Sum Rule for Indefinite Integrals
64,1361,CAB.6.1.4,Integrating the Reciprocal Function,vault/MA/Single-Variable-Calculus/CAB/6. Integration/6.1. Indefinite Integrals/Lessons/6.1.4. Integrating the Reciprocal Function.md,vault/MA/Single-Variable-Calculus/CAB/6. Integration/6.1. Indefinite Integrals/Source/6.1.4. Integrating the Reciprocal Function
65,312,CAB.6.1.5,Integrating Exponential Functions,vault/MA/Single-Variable-Calculus/CAB/6. Integration/6.1. Indefinite Integrals/Lessons/6.1.5. Integrating Exponential Functions.md,vault/MA/Single-Variable-Calculus/CAB/6. Integration/6.1. Indefinite Integrals/Source/6.1.5. Integrating Exponential Functions
64,285,CAB.6.1.6,Integrating Trigonometric Functions,vault/MA/Single-Variable-Calculus/CAB/6. Integration/6.1. Indefinite Integrals/Lessons/6.1.6. Integrating Trigonometric Functions.md,vault/MA/Single-Variable-Calculus/CAB/6. Integration/6.1. Indefinite Integrals/Source/6.1.6. Integrating Trigonometric Functions
66,342,CAB.6.1.7,Integration Using Inverse Trigonometric Functions,vault/MA/Single-Variable-Calculus/CAB/6. Integration/6.1. Indefinite Integrals/Lessons/6.1.7. Integration Using Inverse Trigonometric Functions.md,vault/MA/Single-Variable-Calculus/CAB/6. Integration/6.1. Indefinite Integrals/Source/6.1.7. Integration Using Inverse Trigonometric Functions
68,477,CAB.6.2.1,Approximating Areas With the Left Riemann Sum,vault/MA/Single-Variable-Calculus/CAB/6. Integration/6.2. Approximating Areas with Riemann Sums/Lessons/6.2.1. Approximating Areas With the Left Riemann Sum.md,vault/MA/Single-Variable-Calculus/CAB/6. Integration/6.2. Approximating Areas with Riemann Sums/Source/6.2.1. Approximating Areas With the Left Riemann Sum
68,1281,CAB.6.2.2,Approximating Areas With the Right Riemann Sum,vault/MA/Single-Variable-Calculus/CAB/6. Integration/6.2. Approximating Areas with Riemann Sums/Lessons/6.2.2. Approximating Areas With the Right Riemann Sum.md,vault/MA/Single-Variable-Calculus/CAB/6. Integration/6.2. Approximating Areas with Riemann Sums/Source/6.2.2. Approximating Areas With the Right Riemann Sum
70,944,CAB.6.2.3,Approximating Areas With the Midpoint Riemann Sum,vault/MA/Single-Variable-Calculus/CAB/6. Integration/6.2. Approximating Areas with Riemann Sums/Lessons/6.2.3. Approximating Areas With the Midpoint Riemann Sum.md,vault/MA/Single-Variable-Calculus/CAB/6. Integration/6.2. Approximating Areas with Riemann Sums/Source/6.2.3. Approximating Areas With the Midpoint Riemann Sum
70,945,CAB.6.2.4,Approximating Areas With the Trapezoidal Rule,vault/MA/Single-Variable-Calculus/CAB/6. Integration/6.2. Approximating Areas with Riemann Sums/Lessons/6.2.4. Approximating Areas With the Trapezoidal Rule.md,vault/MA/Single-Variable-Calculus/CAB/6. Integration/6.2. Approximating Areas with Riemann Sums/Source/6.2.4. Approximating Areas With the Trapezoidal Rule
69,1042,CAB.6.2.5,Left and Right Riemann Sums in Sigma Notation,vault/MA/Single-Variable-Calculus/CAB/6. Integration/6.2. Approximating Areas with Riemann Sums/Lessons/6.2.5. Left and Right Riemann Sums in Sigma Notation.md,vault/MA/Single-Variable-Calculus/CAB/6. Integration/6.2. Approximating Areas with Riemann Sums/Source/6.2.5. Left and Right Riemann Sums in Sigma Notation
71,2611,CAB.6.2.6,Midpoint and Trapezoidal Rules in Sigma Notation,vault/MA/Single-Variable-Calculus/CAB/6. Integration/6.2. Approximating Areas with Riemann Sums/Lessons/6.2.6. Midpoint and Trapezoidal Rules in Sigma Notation.md,vault/MA/Single-Variable-Calculus/CAB/6. Integration/6.2. Approximating Areas with Riemann Sums/Source/6.2.6. Midpoint and Trapezoidal Rules in Sigma Notation
69,3950,CAB.6.2.7,Approximating Areas Under Graphs of Composite Functions,vault/MA/Single-Variable-Calculus/CAB/6. Integration/6.2. Approximating Areas with Riemann Sums/Lessons/6.2.7. Approximating Areas Under Graphs of Composite Functions.md,vault/MA/Single-Variable-Calculus/CAB/6. Integration/6.2. Approximating Areas with Riemann Sums/Source/6.2.7. Approximating Areas Under Graphs of Composite Functions
70,1086,CAB.6.3.1,Defining Definite Integrals Using Left and Right Riemann Sums,vault/MA/Single-Variable-Calculus/CAB/6. Integration/6.3. Definite Integrals/Lessons/6.3.1. Defining Definite Integrals Using Left and Right Riemann Sums.md,vault/MA/Single-Variable-Calculus/CAB/6. Integration/6.3. Definite Integrals/Source/6.3.1. Defining Definite Integrals Using Left and Right Riemann Sums
65,283,CAB.6.3.2,The Fundamental Theorem of Calculus,vault/MA/Single-Variable-Calculus/CAB/6. Integration/6.3. Definite Integrals/Lessons/6.3.2. The Fundamental Theorem of Calculus.md,vault/MA/Single-Variable-Calculus/CAB/6. Integration/6.3. Definite Integrals/Source/6.3.2. The Fundamental Theorem of Calculus
66,3575,CAB.6.3.3,Applying the Fundamental Theorem of Calculus to Exponential and Trigonometric Functions,vault/MA/Single-Variable-Calculus/CAB/6. Integration/6.3. Definite Integrals/Lessons/6.3.3. Applying the Fundamental Theorem of Calculus to Exponential and Trigonometric Functions.md,vault/MA/Single-Variable-Calculus/CAB/6. Integration/6.3. Definite Integrals/Source/6.3.3. Applying the Fundamental Theorem of Calculus to Exponential and Trigonometric Functions
67,1685,CAB.6.3.4,The Sum and Constant Multiple Rules for Definite Integrals,vault/MA/Single-Variable-Calculus/CAB/6. Integration/6.3. Definite Integrals/Lessons/6.3.4. The Sum and Constant Multiple Rules for Definite Integrals.md,vault/MA/Single-Variable-Calculus/CAB/6. Integration/6.3. Definite Integrals/Source/6.3.4. The Sum and Constant Multiple Rules for Definite Integrals
68,632,CAB.6.3.5,Properties of Definite Integrals Involving the Limits of Integration,vault/MA/Single-Variable-Calculus/CAB/6. Integration/6.3. Definite Integrals/Lessons/6.3.5. Properties of Definite Integrals Involving the Limits of Integration.md,vault/MA/Single-Variable-Calculus/CAB/6. Integration/6.3. Definite Integrals/Source/6.3.5. Properties of Definite Integrals Involving the Limits of Integration
68,1040,CAB.6.4.1,The Area Bounded by a Curve and the X-Axis,vault/MA/Single-Variable-Calculus/CAB/6. Integration/6.4. The Area Under a Curve/Lessons/6.4.1. The Area Bounded by a Curve and the X-Axis.md,vault/MA/Single-Variable-Calculus/CAB/6. Integration/6.4. The Area Under a Curve/Source/6.4.1. The Area Bounded by a Curve and the X-Axis
69,2975,CAB.6.4.2,Evaluating Definite Integrals Using Symmetry,vault/MA/Single-Variable-Calculus/CAB/6. Integration/6.4. The Area Under a Curve/Lessons/6.4.2. Evaluating Definite Integrals Using Symmetry.md,vault/MA/Single-Variable-Calculus/CAB/6. Integration/6.4. The Area Under a Curve/Source/6.4.2. Evaluating Definite Integrals Using Symmetry
69,1432,CAB.6.4.3,Finding the Area Between a Curve and the X-Axis When They Intersect,vault/MA/Single-Variable-Calculus/CAB/6. Integration/6.4. The Area Under a Curve/Lessons/6.4.3. Finding the Area Between a Curve and the X-Axis When They Intersect.md,vault/MA/Single-Variable-Calculus/CAB/6. Integration/6.4. The Area Under a Curve/Source/6.4.3. Finding the Area Between a Curve and the X-Axis When They Intersect
70,1041,CAB.6.4.4,The Area Bounded by a Curve and the Y-Axis,vault/MA/Single-Variable-Calculus/CAB/6. Integration/6.4. The Area Under a Curve/Lessons/6.4.4. The Area Bounded by a Curve and the Y-Axis.md,vault/MA/Single-Variable-Calculus/CAB/6. Integration/6.4. The Area Under a Curve/Source/6.4.4. The Area Bounded by a Curve and the Y-Axis
69,1200,CAB.6.4.5,Calculating the Definite Integral of a Function Given Its Graph,vault/MA/Single-Variable-Calculus/CAB/6. Integration/6.4. The Area Under a Curve/Lessons/6.4.5. Calculating the Definite Integral of a Function Given Its Graph.md,vault/MA/Single-Variable-Calculus/CAB/6. Integration/6.4. The Area Under a Curve/Source/6.4.5. Calculating the Definite Integral of a Function Given Its Graph
73,1201,CAB.6.4.6,Calculating the Definite Integral of a Function's Derivative Given its Graph,vault/MA/Single-Variable-Calculus/CAB/6. Integration/6.4. The Area Under a Curve/Lessons/6.4.6. Calculating the Definite Integral of a Function's Derivative Given its Graph.md,vault/MA/Single-Variable-Calculus/CAB/6. Integration/6.4. The Area Under a Curve/Source/6.4.6. Calculating the Definite Integral of a Function's Derivative Given its Graph
70,626,CAB.6.4.7,Definite Integrals of Piecewise Functions,vault/MA/Single-Variable-Calculus/CAB/6. Integration/6.4. The Area Under a Curve/Lessons/6.4.7. Definite Integrals of Piecewise Functions.md,vault/MA/Single-Variable-Calculus/CAB/6. Integration/6.4. The Area Under a Curve/Source/6.4.7. Definite Integrals of Piecewise Functions
70,333,CAB.6.5.1,The Integral as an Accumulation Function,vault/MA/Single-Variable-Calculus/CAB/6. Integration/6.5. Accumulation Functions/Lessons/6.5.1. The Integral as an Accumulation Function.md,vault/MA/Single-Variable-Calculus/CAB/6. Integration/6.5. Accumulation Functions/Source/6.5.1. The Integral as an Accumulation Function
71,613,CAB.6.5.2,The Second Fundamental Theorem of Calculus,vault/MA/Single-Variable-Calculus/CAB/6. Integration/6.5. Accumulation Functions/Lessons/6.5.2. The Second Fundamental Theorem of Calculus.md,vault/MA/Single-Variable-Calculus/CAB/6. Integration/6.5. Accumulation Functions/Source/6.5.2. The Second Fundamental Theorem of Calculus
74,1230,CAB.6.5.3,Maximizing a Function Using the Graph of Its Derivative,vault/MA/Single-Variable-Calculus/CAB/6. Integration/6.5. Accumulation Functions/Lessons/6.5.3. Maximizing a Function Using the Graph of Its Derivative.md,vault/MA/Single-Variable-Calculus/CAB/6. Integration/6.5. Accumulation Functions/Source/6.5.3. Maximizing a Function Using the Graph of Its Derivative
74,1250,CAB.6.5.4,Minimizing a Function Using the Graph of its Derivative,vault/MA/Single-Variable-Calculus/CAB/6. Integration/6.5. Accumulation Functions/Lessons/6.5.4. Minimizing a Function Using the Graph of its Derivative.md,vault/MA/Single-Variable-Calculus/CAB/6. Integration/6.5. Accumulation Functions/Source/6.5.4. Minimizing a Function Using the Graph of its Derivative
75,3896,CAB.6.5.5,Further Optimizing Functions Using Graphs of Derivatives,vault/MA/Single-Variable-Calculus/CAB/6. Integration/6.5. Accumulation Functions/Lessons/6.5.5. Further Optimizing Functions Using Graphs of Derivatives.md,vault/MA/Single-Variable-Calculus/CAB/6. Integration/6.5. Accumulation Functions/Source/6.5.5. Further Optimizing Functions Using Graphs of Derivatives
72,2512,CAB.6.5.6,Integrating Rates of Change,vault/MA/Single-Variable-Calculus/CAB/6. Integration/6.5. Accumulation Functions/Lessons/6.5.6. Integrating Rates of Change.md,vault/MA/Single-Variable-Calculus/CAB/6. Integration/6.5. Accumulation Functions/Source/6.5.6. Integrating Rates of Change
72,2513,CAB.6.5.7,Integrating Density Functions,vault/MA/Single-Variable-Calculus/CAB/6. Integration/6.5. Accumulation Functions/Lessons/6.5.7. Integrating Density Functions.md,vault/MA/Single-Variable-Calculus/CAB/6. Integration/6.5. Accumulation Functions/Source/6.5.7. Integrating Density Functions
64,334,CAB.6.6.1,Integrating Algebraic Functions Using Substitution,vault/MA/Single-Variable-Calculus/CAB/6. Integration/6.6. Integration Using Substitution/Lessons/6.6.1. Integrating Algebraic Functions Using Substitution.md,vault/MA/Single-Variable-Calculus/CAB/6. Integration/6.6. Integration Using Substitution/Source/6.6.1. Integrating Algebraic Functions Using Substitution
65,331,CAB.6.6.2,Integrating Linear Rational Functions Using Substitution,vault/MA/Single-Variable-Calculus/CAB/6. Integration/6.6. Integration Using Substitution/Lessons/6.6.2. Integrating Linear Rational Functions Using Substitution.md,vault/MA/Single-Variable-Calculus/CAB/6. Integration/6.6. Integration Using Substitution/Source/6.6.2. Integrating Linear Rational Functions Using Substitution
67,443,CAB.6.6.3,Integration Using Substitution,vault/MA/Single-Variable-Calculus/CAB/6. Integration/6.6. Integration Using Substitution/Lessons/6.6.3. Integration Using Substitution.md,vault/MA/Single-Variable-Calculus/CAB/6. Integration/6.6. Integration Using Substitution/Source/6.6.3. Integration Using Substitution
68,1159,CAB.6.6.4,Calculating Definite Integrals Using Substitution,vault/MA/Single-Variable-Calculus/CAB/6. Integration/6.6. Integration Using Substitution/Lessons/6.6.4. Calculating Definite Integrals Using Substitution.md,vault/MA/Single-Variable-Calculus/CAB/6. Integration/6.6. Integration Using Substitution/Source/6.6.4. Calculating Definite Integrals Using Substitution
69,316,CAB.6.6.5,Further Integration of Algebraic Functions Using Substitution,vault/MA/Single-Variable-Calculus/CAB/6. Integration/6.6. Integration Using Substitution/Lessons/6.6.5. Further Integration of Algebraic Functions Using Substitution.md,vault/MA/Single-Variable-Calculus/CAB/6. Integration/6.6. Integration Using Substitution/Source/6.6.5. Further Integration of Algebraic Functions Using Substitution
69,1112,CAB.6.6.6,Integrating Exponential Functions Using Linear Substitution,vault/MA/Single-Variable-Calculus/CAB/6. Integration/6.6. Integration Using Substitution/Lessons/6.6.6. Integrating Exponential Functions Using Linear Substitution.md,vault/MA/Single-Variable-Calculus/CAB/6. Integration/6.6. Integration Using Substitution/Source/6.6.6. Integrating Exponential Functions Using Linear Substitution
70,3770,CAB.6.6.7,Integrating Exponential Functions Using Substitution,vault/MA/Single-Variable-Calculus/CAB/6. Integration/6.6. Integration Using Substitution/Lessons/6.6.7. Integrating Exponential Functions Using Substitution.md,vault/MA/Single-Variable-Calculus/CAB/6. Integration/6.6. Integration Using Substitution/Source/6.6.7. Integrating Exponential Functions Using Substitution
69,478,CAB.6.6.8,Integrating Trigonometric Functions Using Substitution,vault/MA/Single-Variable-Calculus/CAB/6. Integration/6.6. Integration Using Substitution/Lessons/6.6.8. Integrating Trigonometric Functions Using Substitution.md,vault/MA/Single-Variable-Calculus/CAB/6. Integration/6.6. Integration Using Substitution/Source/6.6.8. Integrating Trigonometric Functions Using Substitution
70,1161,CAB.6.6.9,Integrating Logarithmic Functions Using Substitution,vault/MA/Single-Variable-Calculus/CAB/6. Integration/6.6. Integration Using Substitution/Lessons/6.6.9. Integrating Logarithmic Functions Using Substitution.md,vault/MA/Single-Variable-Calculus/CAB/6. Integration/6.6. Integration Using Substitution/Source/6.6.9. Integrating Logarithmic Functions Using Substitution
69,315,CAB.6.6.10,Integration by Substitution With Inverse Trigonometric Functions,vault/MA/Single-Variable-Calculus/CAB/6. Integration/6.6. Integration Using Substitution/Lessons/6.6.10. Integration by Substitution With Inverse Trigonometric Functions.md,vault/MA/Single-Variable-Calculus/CAB/6. Integration/6.6. Integration Using Substitution/Source/6.6.10. Integration by Substitution With Inverse Trigonometric Functions
70,282,CAB.6.7.1,Integration Using Basic Trigonometric Identities,vault/MA/Single-Variable-Calculus/CAB/6. Integration/6.7. Integration Using Trigonometric Identities/Lessons/6.7.1. Integration Using Basic Trigonometric Identities.md,vault/MA/Single-Variable-Calculus/CAB/6. Integration/6.7. Integration Using Trigonometric Identities/Source/6.7.1. Integration Using Basic Trigonometric Identities
71,1037,CAB.6.7.2,Integration Using the Pythagorean Identities,vault/MA/Single-Variable-Calculus/CAB/6. Integration/6.7. Integration Using Trigonometric Identities/Lessons/6.7.2. Integration Using the Pythagorean Identities.md,vault/MA/Single-Variable-Calculus/CAB/6. Integration/6.7. Integration Using Trigonometric Identities/Source/6.7.2. Integration Using the Pythagorean Identities
72,1038,CAB.6.7.3,Integration Using the Double-Angle Formulas,vault/MA/Single-Variable-Calculus/CAB/6. Integration/6.7. Integration Using Trigonometric Identities/Lessons/6.7.3. Integration Using the Double-Angle Formulas.md,vault/MA/Single-Variable-Calculus/CAB/6. Integration/6.7. Integration Using Trigonometric Identities/Source/6.7.3. Integration Using the Double-Angle Formulas
69,338,CAB.6.8.1,Integrating Functions Using Polynomial Division,vault/MA/Single-Variable-Calculus/CAB/6. Integration/6.8. Special Techniques for Integration/Lessons/6.8.1. Integrating Functions Using Polynomial Division.md,vault/MA/Single-Variable-Calculus/CAB/6. Integration/6.8. Special Techniques for Integration/Source/6.8.1. Integrating Functions Using Polynomial Division
70,444,CAB.6.8.2,Integrating Functions by Completing the Square,vault/MA/Single-Variable-Calculus/CAB/6. Integration/6.8. Special Techniques for Integration/Lessons/6.8.2. Integrating Functions by Completing the Square.md,vault/MA/Single-Variable-Calculus/CAB/6. Integration/6.8. Special Techniques for Integration/Source/6.8.2. Integrating Functions by Completing the Square
69,3215,CAB.7.1.1,Introduction to Differential Equations,vault/MA/Single-Variable-Calculus/CAB/7. Differential Equations/7.1. Introduction to Differential Equations/Lessons/7.1.1. Introduction to Differential Equations.md,vault/MA/Single-Variable-Calculus/CAB/7. Differential Equations/7.1. Introduction to Differential Equations/Source/7.1.1. Introduction to Differential Equations
70,1181,CAB.7.1.2,Verifying Solutions of Differential Equations,vault/MA/Single-Variable-Calculus/CAB/7. Differential Equations/7.1. Introduction to Differential Equations/Lessons/7.1.2. Verifying Solutions of Differential Equations.md,vault/MA/Single-Variable-Calculus/CAB/7. Differential Equations/7.1. Introduction to Differential Equations/Source/7.1.2. Verifying Solutions of Differential Equations
71,1061,CAB.7.1.3,Solving First-Order ODEs Using Direct Integration,vault/MA/Single-Variable-Calculus/CAB/7. Differential Equations/7.1. Introduction to Differential Equations/Lessons/7.1.3. Solving First-Order ODEs Using Direct Integration.md,vault/MA/Single-Variable-Calculus/CAB/7. Differential Equations/7.1. Introduction to Differential Equations/Source/7.1.3. Solving First-Order ODEs Using Direct Integration
72,466,CAB.7.1.4,Solving First-Order ODEs Using Separation of Variables,vault/MA/Single-Variable-Calculus/CAB/7. Differential Equations/7.1. Introduction to Differential Equations/Lessons/7.1.4. Solving First-Order ODEs Using Separation of Variables.md,vault/MA/Single-Variable-Calculus/CAB/7. Differential Equations/7.1. Introduction to Differential Equations/Source/7.1.4. Solving First-Order ODEs Using Separation of Variables
73,1179,CAB.7.1.5,Solving First-Order IVPs Using Separation of Variables,vault/MA/Single-Variable-Calculus/CAB/7. Differential Equations/7.1. Introduction to Differential Equations/Lessons/7.1.5. Solving First-Order IVPs Using Separation of Variables.md,vault/MA/Single-Variable-Calculus/CAB/7. Differential Equations/7.1. Introduction to Differential Equations/Source/7.1.5. Solving First-Order IVPs Using Separation of Variables
70,2023,CAB.7.1.6,Modeling With First-Order ODEs,vault/MA/Single-Variable-Calculus/CAB/7. Differential Equations/7.1. Introduction to Differential Equations/Lessons/7.1.6. Modeling With First-Order ODEs.md,vault/MA/Single-Variable-Calculus/CAB/7. Differential Equations/7.1. Introduction to Differential Equations/Source/7.1.6. Modeling With First-Order ODEs
71,3860,CAB.7.1.7,Further Modeling With First-Order ODEs,vault/MA/Single-Variable-Calculus/CAB/7. Differential Equations/7.1. Introduction to Differential Equations/Lessons/7.1.7. Further Modeling With First-Order ODEs.md,vault/MA/Single-Variable-Calculus/CAB/7. Differential Equations/7.1. Introduction to Differential Equations/Source/7.1.7. Further Modeling With First-Order ODEs
74,876,CAB.7.1.8,Exponential Growth and Decay Models With First-Order ODEs,vault/MA/Single-Variable-Calculus/CAB/7. Differential Equations/7.1. Introduction to Differential Equations/Lessons/7.1.8. Exponential Growth and Decay Models With First-Order ODEs.md,vault/MA/Single-Variable-Calculus/CAB/7. Differential Equations/7.1. Introduction to Differential Equations/Source/7.1.8. Exponential Growth and Decay Models With First-Order ODEs
75,3672,CAB.7.1.9,Exponential Growth and Decay Models With First-Order ODEs: Calculating Unknown Times and Initial Values,vault/MA/Single-Variable-Calculus/CAB/7. Differential Equations/7.1. Introduction to Differential Equations/Lessons/7.1.9. Exponential Growth and Decay Models With First-Order ODEs- Calculating Unknown Times and Initial Values.md,vault/MA/Single-Variable-Calculus/CAB/7. Differential Equations/7.1. Introduction to Differential Equations/Source/7.1.9. Exponential Growth and Decay Models With First-Order ODEs- Calculating Unknown Times and Initial Values
76,3673,CAB.7.1.10,Exponential Growth and Decay Models With First-Order ODEs: Half-Life Problems,vault/MA/Single-Variable-Calculus/CAB/7. Differential Equations/7.1. Introduction to Differential Equations/Lessons/7.1.10. Exponential Growth and Decay Models With First-Order ODEs- Half-Life Problems.md,vault/MA/Single-Variable-Calculus/CAB/7. Differential Equations/7.1. Introduction to Differential Equations/Source/7.1.10. Exponential Growth and Decay Models With First-Order ODEs- Half-Life Problems
72,2976,CAB.7.2.1,Qualitative Analysis of First-Order ODEs,vault/MA/Single-Variable-Calculus/CAB/7. Differential Equations/7.2. Qualitative Techniques for Differential Equations/Lessons/7.2.1. Qualitative Analysis of First-Order ODEs.md,vault/MA/Single-Variable-Calculus/CAB/7. Differential Equations/7.2. Qualitative Techniques for Differential Equations/Source/7.2.1. Qualitative Analysis of First-Order ODEs
74,3184,CAB.7.2.2,Equilibrium Solutions of First-Order ODEs,vault/MA/Single-Variable-Calculus/CAB/7. Differential Equations/7.2. Qualitative Techniques for Differential Equations/Lessons/7.2.2. Equilibrium Solutions of First-Order ODEs.md,vault/MA/Single-Variable-Calculus/CAB/7. Differential Equations/7.2. Qualitative Techniques for Differential Equations/Source/7.2.2. Equilibrium Solutions of First-Order ODEs
73,3276,CAB.7.3.1,Slope Fields for Directly Integrable Differential Equations,vault/MA/Single-Variable-Calculus/CAB/7. Differential Equations/7.3. Slope Fields/Lessons/7.3.1. Slope Fields for Directly Integrable Differential Equations.md,vault/MA/Single-Variable-Calculus/CAB/7. Differential Equations/7.3. Slope Fields/Source/7.3.1. Slope Fields for Directly Integrable Differential Equations
74,3351,CAB.7.3.2,Slope Fields for Autonomous Differential Equations,vault/MA/Single-Variable-Calculus/CAB/7. Differential Equations/7.3. Slope Fields/Lessons/7.3.2. Slope Fields for Autonomous Differential Equations.md,vault/MA/Single-Variable-Calculus/CAB/7. Differential Equations/7.3. Slope Fields/Source/7.3.2. Slope Fields for Autonomous Differential Equations
75,3352,CAB.7.3.3,Slope Fields for Nonautonomous Differential Equations,vault/MA/Single-Variable-Calculus/CAB/7. Differential Equations/7.3. Slope Fields/Lessons/7.3.3. Slope Fields for Nonautonomous Differential Equations.md,vault/MA/Single-Variable-Calculus/CAB/7. Differential Equations/7.3. Slope Fields/Source/7.3.3. Slope Fields for Nonautonomous Differential Equations
74,3219,CAB.7.3.4,Analyzing Slope Fields for Directly Integrable Differential Equations,vault/MA/Single-Variable-Calculus/CAB/7. Differential Equations/7.3. Slope Fields/Lessons/7.3.4. Analyzing Slope Fields for Directly Integrable Differential Equations.md,vault/MA/Single-Variable-Calculus/CAB/7. Differential Equations/7.3. Slope Fields/Source/7.3.4. Analyzing Slope Fields for Directly Integrable Differential Equations
75,3220,CAB.7.3.5,Analyzing Slope Fields for Autonomous Differential Equations,vault/MA/Single-Variable-Calculus/CAB/7. Differential Equations/7.3. Slope Fields/Lessons/7.3.5. Analyzing Slope Fields for Autonomous Differential Equations.md,vault/MA/Single-Variable-Calculus/CAB/7. Differential Equations/7.3. Slope Fields/Source/7.3.5. Analyzing Slope Fields for Autonomous Differential Equations
76,3350,CAB.7.3.6,Analyzing Slope Fields for Nonautonomous Differential Equations,vault/MA/Single-Variable-Calculus/CAB/7. Differential Equations/7.3. Slope Fields/Lessons/7.3.6. Analyzing Slope Fields for Nonautonomous Differential Equations.md,vault/MA/Single-Variable-Calculus/CAB/7. Differential Equations/7.3. Slope Fields/Source/7.3.6. Analyzing Slope Fields for Nonautonomous Differential Equations
70,1203,CAB.8.1.1,The Average Value of a Function,vault/MA/Single-Variable-Calculus/CAB/8. Applications of Integration/8.1. Applications of Integration/Lessons/8.1.1. The Average Value of a Function.md,vault/MA/Single-Variable-Calculus/CAB/8. Applications of Integration/8.1. Applications of Integration/Source/8.1.1. The Average Value of a Function
70,395,CAB.8.1.2,The Area Between Curves Expressed as Functions of X,vault/MA/Single-Variable-Calculus/CAB/8. Applications of Integration/8.1. Applications of Integration/Lessons/8.1.2. The Area Between Curves Expressed as Functions of X.md,vault/MA/Single-Variable-Calculus/CAB/8. Applications of Integration/8.1. Applications of Integration/Source/8.1.2. The Area Between Curves Expressed as Functions of X
71,402,CAB.8.1.3,The Area Between Curves Expressed as Functions of Y,vault/MA/Single-Variable-Calculus/CAB/8. Applications of Integration/8.1. Applications of Integration/Lessons/8.1.3. The Area Between Curves Expressed as Functions of Y.md,vault/MA/Single-Variable-Calculus/CAB/8. Applications of Integration/8.1. Applications of Integration/Source/8.1.3. The Area Between Curves Expressed as Functions of Y
72,311,CAB.8.1.4,Finding Areas Between Curves that Intersect at More Than Two Points,vault/MA/Single-Variable-Calculus/CAB/8. Applications of Integration/8.1. Applications of Integration/Lessons/8.1.4. Finding Areas Between Curves that Intersect at More Than Two Points.md,vault/MA/Single-Variable-Calculus/CAB/8. Applications of Integration/8.1. Applications of Integration/Source/8.1.4. Finding Areas Between Curves that Intersect at More Than Two Points
71,762,CAB.8.2.1,Calculating Velocity Using Integration,"vault/MA/Single-Variable-Calculus/CAB/8. Applications of Integration/8.2. Connecting Position, Velocity and Acceleration Using Integrals/Lessons/8.2.1. Calculating Velocity Using Integration.md","vault/MA/Single-Variable-Calculus/CAB/8. Applications of Integration/8.2. Connecting Position, Velocity and Acceleration Using Integrals/Source/8.2.1. Calculating Velocity Using Integration"
72,3582,CAB.8.2.2,Determining Characteristics of Moving Objects Using Integration,"vault/MA/Single-Variable-Calculus/CAB/8. Applications of Integration/8.2. Connecting Position, Velocity and Acceleration Using Integrals/Lessons/8.2.2. Determining Characteristics of Moving Objects Using Integration.md","vault/MA/Single-Variable-Calculus/CAB/8. Applications of Integration/8.2. Connecting Position, Velocity and Acceleration Using Integrals/Source/8.2.2. Determining Characteristics of Moving Objects Using Integration"
72,335,CAB.8.2.3,Calculating the Position Function of a Particle Using Integration,"vault/MA/Single-Variable-Calculus/CAB/8. Applications of Integration/8.2. Connecting Position, Velocity and Acceleration Using Integrals/Lessons/8.2.3. Calculating the Position Function of a Particle Using Integration.md","vault/MA/Single-Variable-Calculus/CAB/8. Applications of Integration/8.2. Connecting Position, Velocity and Acceleration Using Integrals/Source/8.2.3. Calculating the Position Function of a Particle Using Integration"
73,3576,CAB.8.2.4,Calculating the Displacement of a Particle Using Integration,"vault/MA/Single-Variable-Calculus/CAB/8. Applications of Integration/8.2. Connecting Position, Velocity and Acceleration Using Integrals/Lessons/8.2.4. Calculating the Displacement of a Particle Using Integration.md","vault/MA/Single-Variable-Calculus/CAB/8. Applications of Integration/8.2. Connecting Position, Velocity and Acceleration Using Integrals/Source/8.2.4. Calculating the Displacement of a Particle Using Integration"
74,636,CAB.8.2.5,Calculating the Total Distance Traveled by a Particle,"vault/MA/Single-Variable-Calculus/CAB/8. Applications of Integration/8.2. Connecting Position, Velocity and Acceleration Using Integrals/Lessons/8.2.5. Calculating the Total Distance Traveled by a Particle.md","vault/MA/Single-Variable-Calculus/CAB/8. Applications of Integration/8.2. Connecting Position, Velocity and Acceleration Using Integrals/Source/8.2.5. Calculating the Total Distance Traveled by a Particle"
71,1079,CAB.8.2.6,"Average Position, Velocity, and Acceleration","vault/MA/Single-Variable-Calculus/CAB/8. Applications of Integration/8.2. Connecting Position, Velocity and Acceleration Using Integrals/Lessons/8.2.6. Average Position, Velocity, and Acceleration.md","vault/MA/Single-Variable-Calculus/CAB/8. Applications of Integration/8.2. Connecting Position, Velocity and Acceleration Using Integrals/Source/8.2.6. Average Position, Velocity, and Acceleration"
72,1083,CAB.8.3.1,Volumes of Solids with Square Cross Sections,vault/MA/Single-Variable-Calculus/CAB/8. Applications of Integration/8.3. Volumes of Solids With Known Cross Sections/Lessons/8.3.1. Volumes of Solids with Square Cross Sections.md,vault/MA/Single-Variable-Calculus/CAB/8. Applications of Integration/8.3. Volumes of Solids With Known Cross Sections/Source/8.3.1. Volumes of Solids with Square Cross Sections
73,1248,CAB.8.3.2,Volumes of Solids with Rectangular Cross Sections,vault/MA/Single-Variable-Calculus/CAB/8. Applications of Integration/8.3. Volumes of Solids With Known Cross Sections/Lessons/8.3.2. Volumes of Solids with Rectangular Cross Sections.md,vault/MA/Single-Variable-Calculus/CAB/8. Applications of Integration/8.3. Volumes of Solids With Known Cross Sections/Source/8.3.2. Volumes of Solids with Rectangular Cross Sections
73,1276,CAB.8.3.3,Volumes of Solids with Triangular Cross Sections,vault/MA/Single-Variable-Calculus/CAB/8. Applications of Integration/8.3. Volumes of Solids With Known Cross Sections/Lessons/8.3.3. Volumes of Solids with Triangular Cross Sections.md,vault/MA/Single-Variable-Calculus/CAB/8. Applications of Integration/8.3. Volumes of Solids With Known Cross Sections/Source/8.3.3. Volumes of Solids with Triangular Cross Sections
73,1280,CAB.8.3.4,Volumes of Solids with Circular Cross Sections,vault/MA/Single-Variable-Calculus/CAB/8. Applications of Integration/8.3. Volumes of Solids With Known Cross Sections/Lessons/8.3.4. Volumes of Solids with Circular Cross Sections.md,vault/MA/Single-Variable-Calculus/CAB/8. Applications of Integration/8.3. Volumes of Solids With Known Cross Sections/Source/8.3.4. Volumes of Solids with Circular Cross Sections
71,413,CAB.8.4.1,Volumes of Revolution Using the Disc Method: Rotation About the Coordinate Axes,vault/MA/Single-Variable-Calculus/CAB/8. Applications of Integration/8.4. Volumes of Revolution/Lessons/8.4.1. Volumes of Revolution Using the Disc Method- Rotation About the Coordinate Axes.md,vault/MA/Single-Variable-Calculus/CAB/8. Applications of Integration/8.4. Volumes of Revolution/Source/8.4.1. Volumes of Revolution Using the Disc Method- Rotation About the Coordinate Axes
72,1677,CAB.8.4.2,Volumes of Revolution Using the Disc Method: Rotation About Other Axes,vault/MA/Single-Variable-Calculus/CAB/8. Applications of Integration/8.4. Volumes of Revolution/Lessons/8.4.2. Volumes of Revolution Using the Disc Method- Rotation About Other Axes.md,vault/MA/Single-Variable-Calculus/CAB/8. Applications of Integration/8.4. Volumes of Revolution/Source/8.4.2. Volumes of Revolution Using the Disc Method- Rotation About Other Axes
72,414,CAB.8.4.3,Volumes of Revolution Using the Washer Method: Rotation About the Coordinate Axes,vault/MA/Single-Variable-Calculus/CAB/8. Applications of Integration/8.4. Volumes of Revolution/Lessons/8.4.3. Volumes of Revolution Using the Washer Method- Rotation About the Coordinate Axes.md,vault/MA/Single-Variable-Calculus/CAB/8. Applications of Integration/8.4. Volumes of Revolution/Source/8.4.3. Volumes of Revolution Using the Washer Method- Rotation About the Coordinate Axes
73,1082,CAB.8.4.4,Volumes of Revolution Using the Washer Method: Rotation About Other Axes,vault/MA/Single-Variable-Calculus/CAB/8. Applications of Integration/8.4. Volumes of Revolution/Lessons/8.4.4. Volumes of Revolution Using the Washer Method- Rotation About Other Axes.md,vault/MA/Single-Variable-Calculus/CAB/8. Applications of Integration/8.4. Volumes of Revolution/Source/8.4.4. Volumes of Revolution Using the Washer Method- Rotation About Other Axes
56,1832,CAB.9.1.1,Evaluating Expressions Using a Graphing Calculator,vault/MA/Single-Variable-Calculus/CAB/9. Applications of Technology/9.1. Using Graphing Calculators/Lessons/9.1.1. Evaluating Expressions Using a Graphing Calculator.md,vault/MA/Single-Variable-Calculus/CAB/9. Applications of Technology/9.1. Using Graphing Calculators/Source/9.1.1. Evaluating Expressions Using a Graphing Calculator
57,3116,CAB.9.1.2,Finding Roots of Functions Using a Graphing Calculator,vault/MA/Single-Variable-Calculus/CAB/9. Applications of Technology/9.1. Using Graphing Calculators/Lessons/9.1.2. Finding Roots of Functions Using a Graphing Calculator.md,vault/MA/Single-Variable-Calculus/CAB/9. Applications of Technology/9.1. Using Graphing Calculators/Source/9.1.2. Finding Roots of Functions Using a Graphing Calculator
58,3956,CAB.9.1.3,Finding Intersections of Functions Using a Graphing Calculator,vault/MA/Single-Variable-Calculus/CAB/9. Applications of Technology/9.1. Using Graphing Calculators/Lessons/9.1.3. Finding Intersections of Functions Using a Graphing Calculator.md,vault/MA/Single-Variable-Calculus/CAB/9. Applications of Technology/9.1. Using Graphing Calculators/Source/9.1.3. Finding Intersections of Functions Using a Graphing Calculator
67,3128,CAB.9.1.4,Finding Extrema of Functions Using a Graphing Calculator,vault/MA/Single-Variable-Calculus/CAB/9. Applications of Technology/9.1. Using Graphing Calculators/Lessons/9.1.4. Finding Extrema of Functions Using a Graphing Calculator.md,vault/MA/Single-Variable-Calculus/CAB/9. Applications of Technology/9.1. Using Graphing Calculators/Source/9.1.4. Finding Extrema of Functions Using a Graphing Calculator
58,3172,CAB.9.1.5,Finding Derivatives Using a Graphing Calculator,vault/MA/Single-Variable-Calculus/CAB/9. Applications of Technology/9.1. Using Graphing Calculators/Lessons/9.1.5. Finding Derivatives Using a Graphing Calculator.md,vault/MA/Single-Variable-Calculus/CAB/9. Applications of Technology/9.1. Using Graphing Calculators/Source/9.1.5. Finding Derivatives Using a Graphing Calculator
69,4080,CAB.9.1.6,Finding Definite Integrals Using a Graphing Calculator,vault/MA/Single-Variable-Calculus/CAB/9. Applications of Technology/9.1. Using Graphing Calculators/Lessons/9.1.6. Finding Definite Integrals Using a Graphing Calculator.md,vault/MA/Single-Variable-Calculus/CAB/9. Applications of Technology/9.1. Using Graphing Calculators/Source/9.1.6. Finding Definite Integrals Using a Graphing Calculator
70,3213,CAB.9.1.7,Exploring Functions Using Technology,vault/MA/Single-Variable-Calculus/CAB/9. Applications of Technology/9.1. Using Graphing Calculators/Lessons/9.1.7. Exploring Functions Using Technology.md,vault/MA/Single-Variable-Calculus/CAB/9. Applications of Technology/9.1. Using Graphing Calculators/Source/9.1.7. Exploring Functions Using Technology
44,461,CBC.1.1.1,The Finite Limit of a Function,vault/MA/Single-Variable-Calculus/CBC/1. Limits/1.1. Estimating Limits from Graphs/Lessons/1.1.1. The Finite Limit of a Function.md,vault/MA/Single-Variable-Calculus/CBC/1. Limits/1.1. Estimating Limits from Graphs/Source/1.1.1. The Finite Limit of a Function
45,472,CBC.1.1.2,The Left and Right-Sided Limits of a Function,vault/MA/Single-Variable-Calculus/CBC/1. Limits/1.1. Estimating Limits from Graphs/Lessons/1.1.2. The Left and Right-Sided Limits of a Function.md,vault/MA/Single-Variable-Calculus/CBC/1. Limits/1.1. Estimating Limits from Graphs/Source/1.1.2. The Left and Right-Sided Limits of a Function
46,625,CBC.1.1.3,Finding the Existence of a Limit Using One-Sided Limits,vault/MA/Single-Variable-Calculus/CBC/1. Limits/1.1. Estimating Limits from Graphs/Lessons/1.1.3. Finding the Existence of a Limit Using One-Sided Limits.md,vault/MA/Single-Variable-Calculus/CBC/1. Limits/1.1. Estimating Limits from Graphs/Source/1.1.3. Finding the Existence of a Limit Using One-Sided Limits
57,1873,CBC.1.1.4,Limits at Infinity from Graphs,vault/MA/Single-Variable-Calculus/CBC/1. Limits/1.1. Estimating Limits from Graphs/Lessons/1.1.4. Limits at Infinity from Graphs.md,vault/MA/Single-Variable-Calculus/CBC/1. Limits/1.1. Estimating Limits from Graphs/Source/1.1.4. Limits at Infinity from Graphs
57,1814,CBC.1.1.5,Infinite Limits from Graphs,vault/MA/Single-Variable-Calculus/CBC/1. Limits/1.1. Estimating Limits from Graphs/Lessons/1.1.5. Infinite Limits from Graphs.md,vault/MA/Single-Variable-Calculus/CBC/1. Limits/1.1. Estimating Limits from Graphs/Source/1.1.5. Infinite Limits from Graphs
47,1716,CBC.1.2.1,"Limits of Power Functions, and the Constant Rule for Limits","vault/MA/Single-Variable-Calculus/CBC/1. Limits/1.2. The Algebra of Limits/Lessons/1.2.1. Limits of Power Functions, and the Constant Rule for Limits.md","vault/MA/Single-Variable-Calculus/CBC/1. Limits/1.2. The Algebra of Limits/Source/1.2.1. Limits of Power Functions, and the Constant Rule for Limits"
48,1914,CBC.1.2.2,The Sum Rule for Limits,vault/MA/Single-Variable-Calculus/CBC/1. Limits/1.2. The Algebra of Limits/Lessons/1.2.2. The Sum Rule for Limits.md,vault/MA/Single-Variable-Calculus/CBC/1. Limits/1.2. The Algebra of Limits/Source/1.2.2. The Sum Rule for Limits
49,1246,CBC.1.2.3,The Product and Quotient Rules for Limits,vault/MA/Single-Variable-Calculus/CBC/1. Limits/1.2. The Algebra of Limits/Lessons/1.2.3. The Product and Quotient Rules for Limits.md,vault/MA/Single-Variable-Calculus/CBC/1. Limits/1.2. The Algebra of Limits/Source/1.2.3. The Product and Quotient Rules for Limits
57,37,CBC.1.2.4,The Power and Root Rules for Limits,vault/MA/Single-Variable-Calculus/CBC/1. Limits/1.2. The Algebra of Limits/Lessons/1.2.4. The Power and Root Rules for Limits.md,vault/MA/Single-Variable-Calculus/CBC/1. Limits/1.2. The Algebra of Limits/Source/1.2.4. The Power and Root Rules for Limits
58,1263,CBC.1.3.1,Limits at Infinity of Polynomials,vault/MA/Single-Variable-Calculus/CBC/1. Limits/1.3. Limits of Functions/Lessons/1.3.1. Limits at Infinity of Polynomials.md,vault/MA/Single-Variable-Calculus/CBC/1. Limits/1.3. Limits of Functions/Source/1.3.1. Limits at Infinity of Polynomials
59,1905,CBC.1.3.2,Limits of Reciprocal Functions,vault/MA/Single-Variable-Calculus/CBC/1. Limits/1.3. Limits of Functions/Lessons/1.3.2. Limits of Reciprocal Functions.md,vault/MA/Single-Variable-Calculus/CBC/1. Limits/1.3. Limits of Functions/Source/1.3.2. Limits of Reciprocal Functions
58,1717,CBC.1.3.3,Limits of Exponential Functions,vault/MA/Single-Variable-Calculus/CBC/1. Limits/1.3. Limits of Functions/Lessons/1.3.3. Limits of Exponential Functions.md,vault/MA/Single-Variable-Calculus/CBC/1. Limits/1.3. Limits of Functions/Source/1.3.3. Limits of Exponential Functions
59,1377,CBC.1.3.4,Limits of Logarithmic Functions,vault/MA/Single-Variable-Calculus/CBC/1. Limits/1.3. Limits of Functions/Lessons/1.3.4. Limits of Logarithmic Functions.md,vault/MA/Single-Variable-Calculus/CBC/1. Limits/1.3. Limits of Functions/Source/1.3.4. Limits of Logarithmic Functions
59,1986,CBC.1.3.5,Limits of Radical Functions,vault/MA/Single-Variable-Calculus/CBC/1. Limits/1.3. Limits of Functions/Lessons/1.3.5. Limits of Radical Functions.md,vault/MA/Single-Variable-Calculus/CBC/1. Limits/1.3. Limits of Functions/Source/1.3.5. Limits of Radical Functions
58,1719,CBC.1.3.6,Limits of Trigonometric Functions,vault/MA/Single-Variable-Calculus/CBC/1. Limits/1.3. Limits of Functions/Lessons/1.3.6. Limits of Trigonometric Functions.md,vault/MA/Single-Variable-Calculus/CBC/1. Limits/1.3. Limits of Functions/Source/1.3.6. Limits of Trigonometric Functions
59,1958,CBC.1.3.7,Limits of Reciprocal Trigonometric Functions,vault/MA/Single-Variable-Calculus/CBC/1. Limits/1.3. Limits of Functions/Lessons/1.3.7. Limits of Reciprocal Trigonometric Functions.md,vault/MA/Single-Variable-Calculus/CBC/1. Limits/1.3. Limits of Functions/Source/1.3.7. Limits of Reciprocal Trigonometric Functions
59,3811,CBC.1.3.8,Limits of Inverse Trigonometric Functions,vault/MA/Single-Variable-Calculus/CBC/1. Limits/1.3. Limits of Functions/Lessons/1.3.8. Limits of Inverse Trigonometric Functions.md,vault/MA/Single-Variable-Calculus/CBC/1. Limits/1.3. Limits of Functions/Source/1.3.8. Limits of Inverse Trigonometric Functions
60,1262,CBC.1.3.9,Limits of Piecewise Functions,vault/MA/Single-Variable-Calculus/CBC/1. Limits/1.3. Limits of Functions/Lessons/1.3.9. Limits of Piecewise Functions.md,vault/MA/Single-Variable-Calculus/CBC/1. Limits/1.3. Limits of Functions/Source/1.3.9. Limits of Piecewise Functions
50,1813,CBC.1.4.1,Calculating Limits of Rational Functions by Factoring,vault/MA/Single-Variable-Calculus/CBC/1. Limits/1.4. Determining Limits Using Algebraic Manipulation/Lessons/1.4.1. Calculating Limits of Rational Functions by Factoring.md,vault/MA/Single-Variable-Calculus/CBC/1. Limits/1.4. Determining Limits Using Algebraic Manipulation/Source/1.4.1. Calculating Limits of Rational Functions by Factoring
61,605,CBC.1.4.2,Limits of Absolute Value Functions,vault/MA/Single-Variable-Calculus/CBC/1. Limits/1.4. Determining Limits Using Algebraic Manipulation/Lessons/1.4.2. Limits of Absolute Value Functions.md,vault/MA/Single-Variable-Calculus/CBC/1. Limits/1.4. Determining Limits Using Algebraic Manipulation/Source/1.4.2. Limits of Absolute Value Functions
58,604,CBC.1.4.3,Calculating Limits of Radical Functions Using Conjugate Multiplication,vault/MA/Single-Variable-Calculus/CBC/1. Limits/1.4. Determining Limits Using Algebraic Manipulation/Lessons/1.4.3. Calculating Limits of Radical Functions Using Conjugate Multiplication.md,vault/MA/Single-Variable-Calculus/CBC/1. Limits/1.4. Determining Limits Using Algebraic Manipulation/Source/1.4.3. Calculating Limits of Radical Functions Using Conjugate Multiplication
70,107,CBC.1.4.4,Calculating Limits Using Trigonometric Identities,vault/MA/Single-Variable-Calculus/CBC/1. Limits/1.4. Determining Limits Using Algebraic Manipulation/Lessons/1.4.4. Calculating Limits Using Trigonometric Identities.md,vault/MA/Single-Variable-Calculus/CBC/1. Limits/1.4. Determining Limits Using Algebraic Manipulation/Source/1.4.4. Calculating Limits Using Trigonometric Identities
60,1903,CBC.1.4.5,Limits at Infinity and Horizontal Asymptotes of Rational Functions,vault/MA/Single-Variable-Calculus/CBC/1. Limits/1.4. Determining Limits Using Algebraic Manipulation/Lessons/1.4.5. Limits at Infinity and Horizontal Asymptotes of Rational Functions.md,vault/MA/Single-Variable-Calculus/CBC/1. Limits/1.4. Determining Limits Using Algebraic Manipulation/Source/1.4.5. Limits at Infinity and Horizontal Asymptotes of Rational Functions
60,607,CBC.1.4.6,Evaluating Limits at Infinity by Comparing Relative Magnitudes of Functions,vault/MA/Single-Variable-Calculus/CBC/1. Limits/1.4. Determining Limits Using Algebraic Manipulation/Lessons/1.4.6. Evaluating Limits at Infinity by Comparing Relative Magnitudes of Functions.md,vault/MA/Single-Variable-Calculus/CBC/1. Limits/1.4. Determining Limits Using Algebraic Manipulation/Source/1.4.6. Evaluating Limits at Infinity by Comparing Relative Magnitudes of Functions
61,616,CBC.1.4.7,Evaluating Limits at Infinity of Radical Functions,vault/MA/Single-Variable-Calculus/CBC/1. Limits/1.4. Determining Limits Using Algebraic Manipulation/Lessons/1.4.7. Evaluating Limits at Infinity of Radical Functions.md,vault/MA/Single-Variable-Calculus/CBC/1. Limits/1.4. Determining Limits Using Algebraic Manipulation/Source/1.4.7. Evaluating Limits at Infinity of Radical Functions
59,1815,CBC.1.4.8,Vertical Asymptotes of Rational Functions,vault/MA/Single-Variable-Calculus/CBC/1. Limits/1.4. Determining Limits Using Algebraic Manipulation/Lessons/1.4.8. Vertical Asymptotes of Rational Functions.md,vault/MA/Single-Variable-Calculus/CBC/1. Limits/1.4. Determining Limits Using Algebraic Manipulation/Source/1.4.8. Vertical Asymptotes of Rational Functions
60,1384,CBC.1.4.9,Connecting Infinite Limits and Vertical Asymptotes of Rational Functions,vault/MA/Single-Variable-Calculus/CBC/1. Limits/1.4. Determining Limits Using Algebraic Manipulation/Lessons/1.4.9. Connecting Infinite Limits and Vertical Asymptotes of Rational Functions.md,vault/MA/Single-Variable-Calculus/CBC/1. Limits/1.4. Determining Limits Using Algebraic Manipulation/Source/1.4.9. Connecting Infinite Limits and Vertical Asymptotes of Rational Functions
62,473,CBC.1.5.1,The Squeeze Theorem,vault/MA/Single-Variable-Calculus/CBC/1. Limits/1.5. Special Limits/Lessons/1.5.1. The Squeeze Theorem.md,vault/MA/Single-Variable-Calculus/CBC/1. Limits/1.5. Special Limits/Source/1.5.1. The Squeeze Theorem
60,606,CBC.1.5.2,Special Limits Involving Sine,vault/MA/Single-Variable-Calculus/CBC/1. Limits/1.5. Special Limits/Lessons/1.5.2. Special Limits Involving Sine.md,vault/MA/Single-Variable-Calculus/CBC/1. Limits/1.5. Special Limits/Source/1.5.2. Special Limits Involving Sine
61,3678,CBC.1.5.3,Evaluating Special Limits Involving Sine Using a Substitution,vault/MA/Single-Variable-Calculus/CBC/1. Limits/1.5. Special Limits/Lessons/1.5.3. Evaluating Special Limits Involving Sine Using a Substitution.md,vault/MA/Single-Variable-Calculus/CBC/1. Limits/1.5. Special Limits/Source/1.5.3. Evaluating Special Limits Involving Sine Using a Substitution
62,292,CBC.1.5.4,Special Limits Involving Cosine,vault/MA/Single-Variable-Calculus/CBC/1. Limits/1.5. Special Limits/Lessons/1.5.4. Special Limits Involving Cosine.md,vault/MA/Single-Variable-Calculus/CBC/1. Limits/1.5. Special Limits/Source/1.5.4. Special Limits Involving Cosine
59,2610,CBC.1.5.5,Limits Involving the Exponential Function,vault/MA/Single-Variable-Calculus/CBC/1. Limits/1.5. Special Limits/Lessons/1.5.5. Limits Involving the Exponential Function.md,vault/MA/Single-Variable-Calculus/CBC/1. Limits/1.5. Special Limits/Source/1.5.5. Limits Involving the Exponential Function
59,462,CBC.2.1.1,Determining Continuity from Graphs,vault/MA/Single-Variable-Calculus/CBC/2. Continuity/2.1. Continuity/Lessons/2.1.1. Determining Continuity from Graphs.md,vault/MA/Single-Variable-Calculus/CBC/2. Continuity/2.1. Continuity/Source/2.1.1. Determining Continuity from Graphs
61,314,CBC.2.1.2,Defining Continuity at a Point,vault/MA/Single-Variable-Calculus/CBC/2. Continuity/2.1. Continuity/Lessons/2.1.2. Defining Continuity at a Point.md,vault/MA/Single-Variable-Calculus/CBC/2. Continuity/2.1. Continuity/Source/2.1.2. Defining Continuity at a Point
62,474,CBC.2.1.3,Left and Right Continuity,vault/MA/Single-Variable-Calculus/CBC/2. Continuity/2.1. Continuity/Lessons/2.1.3. Left and Right Continuity.md,vault/MA/Single-Variable-Calculus/CBC/2. Continuity/2.1. Continuity/Source/2.1.3. Left and Right Continuity
63,3831,CBC.2.1.4,Further Continuity of Piecewise Functions,vault/MA/Single-Variable-Calculus/CBC/2. Continuity/2.1. Continuity/Lessons/2.1.4. Further Continuity of Piecewise Functions.md,vault/MA/Single-Variable-Calculus/CBC/2. Continuity/2.1. Continuity/Source/2.1.4. Further Continuity of Piecewise Functions
62,2002,CBC.2.1.5,Point Discontinuities,vault/MA/Single-Variable-Calculus/CBC/2. Continuity/2.1. Continuity/Lessons/2.1.5. Point Discontinuities.md,vault/MA/Single-Variable-Calculus/CBC/2. Continuity/2.1. Continuity/Source/2.1.5. Point Discontinuities
63,2003,CBC.2.1.6,Jump Discontinuities,vault/MA/Single-Variable-Calculus/CBC/2. Continuity/2.1. Continuity/Lessons/2.1.6. Jump Discontinuities.md,vault/MA/Single-Variable-Calculus/CBC/2. Continuity/2.1. Continuity/Source/2.1.6. Jump Discontinuities
62,2004,CBC.2.1.7,Discontinuities Due to Vertical Asymptotes,vault/MA/Single-Variable-Calculus/CBC/2. Continuity/2.1. Continuity/Lessons/2.1.7. Discontinuities Due to Vertical Asymptotes.md,vault/MA/Single-Variable-Calculus/CBC/2. Continuity/2.1. Continuity/Source/2.1.7. Discontinuities Due to Vertical Asymptotes
63,612,CBC.2.1.8,Continuity Over an Interval,vault/MA/Single-Variable-Calculus/CBC/2. Continuity/2.1. Continuity/Lessons/2.1.8. Continuity Over an Interval.md,vault/MA/Single-Variable-Calculus/CBC/2. Continuity/2.1. Continuity/Source/2.1.8. Continuity Over an Interval
64,2006,CBC.2.1.9,Continuity of Functions,vault/MA/Single-Variable-Calculus/CBC/2. Continuity/2.1. Continuity/Lessons/2.1.9. Continuity of Functions.md,vault/MA/Single-Variable-Calculus/CBC/2. Continuity/2.1. Continuity/Source/2.1.9. Continuity of Functions
65,2150,CBC.2.1.10,The Intermediate Value Theorem,vault/MA/Single-Variable-Calculus/CBC/2. Continuity/2.1. Continuity/Lessons/2.1.10. The Intermediate Value Theorem.md,vault/MA/Single-Variable-Calculus/CBC/2. Continuity/2.1. Continuity/Source/2.1.10. The Intermediate Value Theorem
63,341,CBC.2.2.1,Removing Point Discontinuities,vault/MA/Single-Variable-Calculus/CBC/2. Continuity/2.2. Removing Discontinuities/Lessons/2.2.1. Removing Point Discontinuities.md,vault/MA/Single-Variable-Calculus/CBC/2. Continuity/2.2. Removing Discontinuities/Source/2.2.1. Removing Point Discontinuities
64,638,CBC.2.2.2,Removing Jump Discontinuities,vault/MA/Single-Variable-Calculus/CBC/2. Continuity/2.2. Removing Discontinuities/Lessons/2.2.2. Removing Jump Discontinuities.md,vault/MA/Single-Variable-Calculus/CBC/2. Continuity/2.2. Removing Discontinuities/Source/2.2.2. Removing Jump Discontinuities
65,1225,CBC.2.2.3,Removing Discontinuities From Rational Functions,vault/MA/Single-Variable-Calculus/CBC/2. Continuity/2.2. Removing Discontinuities/Lessons/2.2.3. Removing Discontinuities From Rational Functions.md,vault/MA/Single-Variable-Calculus/CBC/2. Continuity/2.2. Removing Discontinuities/Source/2.2.3. Removing Discontinuities From Rational Functions
50,1208,CBC.3.1.1,The Average Rate of Change of a Function over a Varying Interval,vault/MA/Single-Variable-Calculus/CBC/3. Introduction to Differentiation/3.1. Introduction to Differentiation/Lessons/3.1.1. The Average Rate of Change of a Function over a Varying Interval.md,vault/MA/Single-Variable-Calculus/CBC/3. Introduction to Differentiation/3.1. Introduction to Differentiation/Source/3.1.1. The Average Rate of Change of a Function over a Varying Interval
51,337,CBC.3.1.2,The Instantaneous Rate of Change of a Function at a Point,vault/MA/Single-Variable-Calculus/CBC/3. Introduction to Differentiation/3.1. Introduction to Differentiation/Lessons/3.1.2. The Instantaneous Rate of Change of a Function at a Point.md,vault/MA/Single-Variable-Calculus/CBC/3. Introduction to Differentiation/3.1. Introduction to Differentiation/Source/3.1.2. The Instantaneous Rate of Change of a Function at a Point
52,812,CBC.3.1.3,Defining the Derivative Using Derivative Notation,vault/MA/Single-Variable-Calculus/CBC/3. Introduction to Differentiation/3.1. Introduction to Differentiation/Lessons/3.1.3. Defining the Derivative Using Derivative Notation.md,vault/MA/Single-Variable-Calculus/CBC/3. Introduction to Differentiation/3.1. Introduction to Differentiation/Source/3.1.3. Defining the Derivative Using Derivative Notation
65,1691,CBC.3.1.4,Continuity and Differentiability of Functions,vault/MA/Single-Variable-Calculus/CBC/3. Introduction to Differentiation/3.1. Introduction to Differentiation/Lessons/3.1.4. Continuity and Differentiability of Functions.md,vault/MA/Single-Variable-Calculus/CBC/3. Introduction to Differentiation/3.1. Introduction to Differentiation/Source/3.1.4. Continuity and Differentiability of Functions
53,35,CBC.3.1.5,The Power Rule for Differentiation,vault/MA/Single-Variable-Calculus/CBC/3. Introduction to Differentiation/3.1. Introduction to Differentiation/Lessons/3.1.5. The Power Rule for Differentiation.md,vault/MA/Single-Variable-Calculus/CBC/3. Introduction to Differentiation/3.1. Introduction to Differentiation/Source/3.1.5. The Power Rule for Differentiation
54,278,CBC.3.1.6,The Sum and Constant Multiple Rules for Differentiation,vault/MA/Single-Variable-Calculus/CBC/3. Introduction to Differentiation/3.1. Introduction to Differentiation/Lessons/3.1.6. The Sum and Constant Multiple Rules for Differentiation.md,vault/MA/Single-Variable-Calculus/CBC/3. Introduction to Differentiation/3.1. Introduction to Differentiation/Source/3.1.6. The Sum and Constant Multiple Rules for Differentiation
55,332,CBC.3.1.7,Calculating the Slope of a Tangent Line Using Differentiation,vault/MA/Single-Variable-Calculus/CBC/3. Introduction to Differentiation/3.1. Introduction to Differentiation/Lessons/3.1.7. Calculating the Slope of a Tangent Line Using Differentiation.md,vault/MA/Single-Variable-Calculus/CBC/3. Introduction to Differentiation/3.1. Introduction to Differentiation/Source/3.1.7. Calculating the Slope of a Tangent Line Using Differentiation
56,986,CBC.3.1.8,Calculating the Equation of a Tangent Line Using Differentiation,vault/MA/Single-Variable-Calculus/CBC/3. Introduction to Differentiation/3.1. Introduction to Differentiation/Lessons/3.1.8. Calculating the Equation of a Tangent Line Using Differentiation.md,vault/MA/Single-Variable-Calculus/CBC/3. Introduction to Differentiation/3.1. Introduction to Differentiation/Source/3.1.8. Calculating the Equation of a Tangent Line Using Differentiation
57,987,CBC.3.1.9,Calculating the Equation of a Normal Line Using Differentiation,vault/MA/Single-Variable-Calculus/CBC/3. Introduction to Differentiation/3.1. Introduction to Differentiation/Lessons/3.1.9. Calculating the Equation of a Normal Line Using Differentiation.md,vault/MA/Single-Variable-Calculus/CBC/3. Introduction to Differentiation/3.1. Introduction to Differentiation/Source/3.1.9. Calculating the Equation of a Normal Line Using Differentiation
56,1114,CBC.3.2.1,Differentiating Exponential Functions,vault/MA/Single-Variable-Calculus/CBC/3. Introduction to Differentiation/3.2. Derivatives of Functions and the Rules of Differentiation/Lessons/3.2.1. Differentiating Exponential Functions.md,vault/MA/Single-Variable-Calculus/CBC/3. Introduction to Differentiation/3.2. Derivatives of Functions and the Rules of Differentiation/Source/3.2.1. Differentiating Exponential Functions
57,1116,CBC.3.2.2,Differentiating Logarithmic Functions,vault/MA/Single-Variable-Calculus/CBC/3. Introduction to Differentiation/3.2. Derivatives of Functions and the Rules of Differentiation/Lessons/3.2.2. Differentiating Logarithmic Functions.md,vault/MA/Single-Variable-Calculus/CBC/3. Introduction to Differentiation/3.2. Derivatives of Functions and the Rules of Differentiation/Source/3.2.2. Differentiating Logarithmic Functions
57,280,CBC.3.2.3,Differentiating Trigonometric Functions,vault/MA/Single-Variable-Calculus/CBC/3. Introduction to Differentiation/3.2. Derivatives of Functions and the Rules of Differentiation/Lessons/3.2.3. Differentiating Trigonometric Functions.md,vault/MA/Single-Variable-Calculus/CBC/3. Introduction to Differentiation/3.2. Derivatives of Functions and the Rules of Differentiation/Source/3.2.3. Differentiating Trigonometric Functions
61,281,CBC.3.2.4,Second and Higher-Order Derivatives,vault/MA/Single-Variable-Calculus/CBC/3. Introduction to Differentiation/3.2. Derivatives of Functions and the Rules of Differentiation/Lessons/3.2.4. Second and Higher-Order Derivatives.md,vault/MA/Single-Variable-Calculus/CBC/3. Introduction to Differentiation/3.2. Derivatives of Functions and the Rules of Differentiation/Source/3.2.4. Second and Higher-Order Derivatives
58,1109,CBC.3.2.5,The Product Rule for Differentiation,vault/MA/Single-Variable-Calculus/CBC/3. Introduction to Differentiation/3.2. Derivatives of Functions and the Rules of Differentiation/Lessons/3.2.5. The Product Rule for Differentiation.md,vault/MA/Single-Variable-Calculus/CBC/3. Introduction to Differentiation/3.2. Derivatives of Functions and the Rules of Differentiation/Source/3.2.5. The Product Rule for Differentiation
59,1110,CBC.3.2.6,The Quotient Rule for Differentiation,vault/MA/Single-Variable-Calculus/CBC/3. Introduction to Differentiation/3.2. Derivatives of Functions and the Rules of Differentiation/Lessons/3.2.6. The Quotient Rule for Differentiation.md,vault/MA/Single-Variable-Calculus/CBC/3. Introduction to Differentiation/3.2. Derivatives of Functions and the Rules of Differentiation/Source/3.2.6. The Quotient Rule for Differentiation
60,1686,CBC.3.2.7,Differentiating Reciprocal Trigonometric Functions,vault/MA/Single-Variable-Calculus/CBC/3. Introduction to Differentiation/3.2. Derivatives of Functions and the Rules of Differentiation/Lessons/3.2.7. Differentiating Reciprocal Trigonometric Functions.md,vault/MA/Single-Variable-Calculus/CBC/3. Introduction to Differentiation/3.2. Derivatives of Functions and the Rules of Differentiation/Source/3.2.7. Differentiating Reciprocal Trigonometric Functions
61,1249,CBC.3.2.8,Calculating Derivatives From Data and Tables,vault/MA/Single-Variable-Calculus/CBC/3. Introduction to Differentiation/3.2. Derivatives of Functions and the Rules of Differentiation/Lessons/3.2.8. Calculating Derivatives From Data and Tables.md,vault/MA/Single-Variable-Calculus/CBC/3. Introduction to Differentiation/3.2. Derivatives of Functions and the Rules of Differentiation/Source/3.2.8. Calculating Derivatives From Data and Tables
62,1117,CBC.3.2.9,Calculating Derivatives From Graphs,vault/MA/Single-Variable-Calculus/CBC/3. Introduction to Differentiation/3.2. Derivatives of Functions and the Rules of Differentiation/Lessons/3.2.9. Calculating Derivatives From Graphs.md,vault/MA/Single-Variable-Calculus/CBC/3. Introduction to Differentiation/3.2. Derivatives of Functions and the Rules of Differentiation/Source/3.2.9. Calculating Derivatives From Graphs
63,637,CBC.3.2.10,Recognizing Derivatives in Limits,vault/MA/Single-Variable-Calculus/CBC/3. Introduction to Differentiation/3.2. Derivatives of Functions and the Rules of Differentiation/Lessons/3.2.10. Recognizing Derivatives in Limits.md,vault/MA/Single-Variable-Calculus/CBC/3. Introduction to Differentiation/3.2. Derivatives of Functions and the Rules of Differentiation/Source/3.2.10. Recognizing Derivatives in Limits
60,1108,CBC.4.1.1,The Chain Rule for Differentiation,vault/MA/Single-Variable-Calculus/CBC/4. Advanced Differentiation/4.1. Differentiating Composite Functions/Lessons/4.1.1. The Chain Rule for Differentiation.md,vault/MA/Single-Variable-Calculus/CBC/4. Advanced Differentiation/4.1. Differentiating Composite Functions/Source/4.1.1. The Chain Rule for Differentiation
61,1007,CBC.4.1.2,The Chain Rule With Exponential Functions,vault/MA/Single-Variable-Calculus/CBC/4. Advanced Differentiation/4.1. Differentiating Composite Functions/Lessons/4.1.2. The Chain Rule With Exponential Functions.md,vault/MA/Single-Variable-Calculus/CBC/4. Advanced Differentiation/4.1. Differentiating Composite Functions/Source/4.1.2. The Chain Rule With Exponential Functions
61,1036,CBC.4.1.3,The Chain Rule With Logarithmic Functions,vault/MA/Single-Variable-Calculus/CBC/4. Advanced Differentiation/4.1. Differentiating Composite Functions/Lessons/4.1.3. The Chain Rule With Logarithmic Functions.md,vault/MA/Single-Variable-Calculus/CBC/4. Advanced Differentiation/4.1. Differentiating Composite Functions/Source/4.1.3. The Chain Rule With Logarithmic Functions
61,305,CBC.4.1.4,The Chain Rule With Trigonometric Functions,vault/MA/Single-Variable-Calculus/CBC/4. Advanced Differentiation/4.1. Differentiating Composite Functions/Lessons/4.1.4. The Chain Rule With Trigonometric Functions.md,vault/MA/Single-Variable-Calculus/CBC/4. Advanced Differentiation/4.1. Differentiating Composite Functions/Source/4.1.4. The Chain Rule With Trigonometric Functions
62,1282,CBC.4.1.5,Calculating Derivatives From Data Using the Chain Rule,vault/MA/Single-Variable-Calculus/CBC/4. Advanced Differentiation/4.1. Differentiating Composite Functions/Lessons/4.1.5. Calculating Derivatives From Data Using the Chain Rule.md,vault/MA/Single-Variable-Calculus/CBC/4. Advanced Differentiation/4.1. Differentiating Composite Functions/Source/4.1.5. Calculating Derivatives From Data Using the Chain Rule
63,4057,CBC.4.1.6,Calculating Derivatives From Graphs Using the Chain Rule,vault/MA/Single-Variable-Calculus/CBC/4. Advanced Differentiation/4.1. Differentiating Composite Functions/Lessons/4.1.6. Calculating Derivatives From Graphs Using the Chain Rule.md,vault/MA/Single-Variable-Calculus/CBC/4. Advanced Differentiation/4.1. Differentiating Composite Functions/Source/4.1.6. Calculating Derivatives From Graphs Using the Chain Rule
62,1115,CBC.4.1.7,Selecting Procedures for Calculating Derivatives,vault/MA/Single-Variable-Calculus/CBC/4. Advanced Differentiation/4.1. Differentiating Composite Functions/Lessons/4.1.7. Selecting Procedures for Calculating Derivatives.md,vault/MA/Single-Variable-Calculus/CBC/4. Advanced Differentiation/4.1. Differentiating Composite Functions/Source/4.1.7. Selecting Procedures for Calculating Derivatives
63,57,CBC.4.2.1,Implicit Differentiation,vault/MA/Single-Variable-Calculus/CBC/4. Advanced Differentiation/4.2. Differentiating Implicit and Inverse Functions/Lessons/4.2.1. Implicit Differentiation.md,vault/MA/Single-Variable-Calculus/CBC/4. Advanced Differentiation/4.2. Differentiating Implicit and Inverse Functions/Source/4.2.1. Implicit Differentiation
64,3216,CBC.4.2.2,"Calculating Slopes of Circles, Ellipses, and Parabolas","vault/MA/Single-Variable-Calculus/CBC/4. Advanced Differentiation/4.2. Differentiating Implicit and Inverse Functions/Lessons/4.2.2. Calculating Slopes of Circles, Ellipses, and Parabolas.md","vault/MA/Single-Variable-Calculus/CBC/4. Advanced Differentiation/4.2. Differentiating Implicit and Inverse Functions/Source/4.2.2. Calculating Slopes of Circles, Ellipses, and Parabolas"
57,1784,CBC.4.2.3,Calculating dy/dx Using dx/dy,vault/MA/Single-Variable-Calculus/CBC/4. Advanced Differentiation/4.2. Differentiating Implicit and Inverse Functions/Lessons/4.2.3. Calculating dy-dx Using dx-dy.md,vault/MA/Single-Variable-Calculus/CBC/4. Advanced Differentiation/4.2. Differentiating Implicit and Inverse Functions/Source/4.2.3. Calculating dy-dx Using dx-dy
62,1785,CBC.4.2.4,Differentiating Inverse Functions,vault/MA/Single-Variable-Calculus/CBC/4. Advanced Differentiation/4.2. Differentiating Implicit and Inverse Functions/Lessons/4.2.4. Differentiating Inverse Functions.md,vault/MA/Single-Variable-Calculus/CBC/4. Advanced Differentiation/4.2. Differentiating Implicit and Inverse Functions/Source/4.2.4. Differentiating Inverse Functions
63,291,CBC.4.2.5,Differentiating an Inverse Function at a Point,vault/MA/Single-Variable-Calculus/CBC/4. Advanced Differentiation/4.2. Differentiating Implicit and Inverse Functions/Lessons/4.2.5. Differentiating an Inverse Function at a Point.md,vault/MA/Single-Variable-Calculus/CBC/4. Advanced Differentiation/4.2. Differentiating Implicit and Inverse Functions/Source/4.2.5. Differentiating an Inverse Function at a Point
64,303,CBC.4.2.6,Differentiating Inverse Trigonometric Functions,vault/MA/Single-Variable-Calculus/CBC/4. Advanced Differentiation/4.2. Differentiating Implicit and Inverse Functions/Lessons/4.2.6. Differentiating Inverse Trigonometric Functions.md,vault/MA/Single-Variable-Calculus/CBC/4. Advanced Differentiation/4.2. Differentiating Implicit and Inverse Functions/Source/4.2.6. Differentiating Inverse Trigonometric Functions
65,1721,CBC.4.2.7,Differentiating Inverse Reciprocal Trigonometric Functions,vault/MA/Single-Variable-Calculus/CBC/4. Advanced Differentiation/4.2. Differentiating Implicit and Inverse Functions/Lessons/4.2.7. Differentiating Inverse Reciprocal Trigonometric Functions.md,vault/MA/Single-Variable-Calculus/CBC/4. Advanced Differentiation/4.2. Differentiating Implicit and Inverse Functions/Source/4.2.7. Differentiating Inverse Reciprocal Trigonometric Functions
53,296,CBC.5.1.1,Interpreting the Meaning of the Derivative in Context,vault/MA/Single-Variable-Calculus/CBC/5. Contextual Applications of Differentiation/5.1. Contextual Applications of Differentiation/Lessons/5.1.1. Interpreting the Meaning of the Derivative in Context.md,vault/MA/Single-Variable-Calculus/CBC/5. Contextual Applications of Differentiation/5.1. Contextual Applications of Differentiation/Source/5.1.1. Interpreting the Meaning of the Derivative in Context
63,620,CBC.5.1.2,Rates of Change in Applied Contexts,vault/MA/Single-Variable-Calculus/CBC/5. Contextual Applications of Differentiation/5.1. Contextual Applications of Differentiation/Lessons/5.1.2. Rates of Change in Applied Contexts.md,vault/MA/Single-Variable-Calculus/CBC/5. Contextual Applications of Differentiation/5.1. Contextual Applications of Differentiation/Source/5.1.2. Rates of Change in Applied Contexts
54,992,CBC.5.2.1,Estimating Derivatives Using a Forward Difference Quotient,vault/MA/Single-Variable-Calculus/CBC/5. Contextual Applications of Differentiation/5.2. Estimating Derivatives/Lessons/5.2.1. Estimating Derivatives Using a Forward Difference Quotient.md,vault/MA/Single-Variable-Calculus/CBC/5. Contextual Applications of Differentiation/5.2. Estimating Derivatives/Source/5.2.1. Estimating Derivatives Using a Forward Difference Quotient
54,993,CBC.5.2.2,Estimating Derivatives Using a Backward Difference Quotient,vault/MA/Single-Variable-Calculus/CBC/5. Contextual Applications of Differentiation/5.2. Estimating Derivatives/Lessons/5.2.2. Estimating Derivatives Using a Backward Difference Quotient.md,vault/MA/Single-Variable-Calculus/CBC/5. Contextual Applications of Differentiation/5.2. Estimating Derivatives/Source/5.2.2. Estimating Derivatives Using a Backward Difference Quotient
55,640,CBC.5.2.3,Estimating Derivatives Using a Central Difference Quotient,vault/MA/Single-Variable-Calculus/CBC/5. Contextual Applications of Differentiation/5.2. Estimating Derivatives/Lessons/5.2.3. Estimating Derivatives Using a Central Difference Quotient.md,vault/MA/Single-Variable-Calculus/CBC/5. Contextual Applications of Differentiation/5.2. Estimating Derivatives/Source/5.2.3. Estimating Derivatives Using a Central Difference Quotient
64,1044,CBC.5.3.1,Introduction to Related Rates,vault/MA/Single-Variable-Calculus/CBC/5. Contextual Applications of Differentiation/5.3. Related Rates of Change/Lessons/5.3.1. Introduction to Related Rates.md,vault/MA/Single-Variable-Calculus/CBC/5. Contextual Applications of Differentiation/5.3. Related Rates of Change/Source/5.3.1. Introduction to Related Rates
65,4059,CBC.5.3.2,Related Rates With Implicit Functions,vault/MA/Single-Variable-Calculus/CBC/5. Contextual Applications of Differentiation/5.3. Related Rates of Change/Lessons/5.3.2. Related Rates With Implicit Functions.md,vault/MA/Single-Variable-Calculus/CBC/5. Contextual Applications of Differentiation/5.3. Related Rates of Change/Source/5.3.2. Related Rates With Implicit Functions
68,287,CBC.5.3.3,Calculating Related Rates With Circles and Spheres,vault/MA/Single-Variable-Calculus/CBC/5. Contextual Applications of Differentiation/5.3. Related Rates of Change/Lessons/5.3.3. Calculating Related Rates With Circles and Spheres.md,vault/MA/Single-Variable-Calculus/CBC/5. Contextual Applications of Differentiation/5.3. Related Rates of Change/Source/5.3.3. Calculating Related Rates With Circles and Spheres
66,368,CBC.5.3.4,Calculating Related Rates With Squares,vault/MA/Single-Variable-Calculus/CBC/5. Contextual Applications of Differentiation/5.3. Related Rates of Change/Lessons/5.3.4. Calculating Related Rates With Squares.md,vault/MA/Single-Variable-Calculus/CBC/5. Contextual Applications of Differentiation/5.3. Related Rates of Change/Source/5.3.4. Calculating Related Rates With Squares
67,365,CBC.5.3.5,Calculating Related Rates With Rectangular Solids,vault/MA/Single-Variable-Calculus/CBC/5. Contextual Applications of Differentiation/5.3. Related Rates of Change/Lessons/5.3.5. Calculating Related Rates With Rectangular Solids.md,vault/MA/Single-Variable-Calculus/CBC/5. Contextual Applications of Differentiation/5.3. Related Rates of Change/Source/5.3.5. Calculating Related Rates With Rectangular Solids
66,345,CBC.5.3.6,Calculating Related Rates Using the Pythagorean Theorem,vault/MA/Single-Variable-Calculus/CBC/5. Contextual Applications of Differentiation/5.3. Related Rates of Change/Lessons/5.3.6. Calculating Related Rates Using the Pythagorean Theorem.md,vault/MA/Single-Variable-Calculus/CBC/5. Contextual Applications of Differentiation/5.3. Related Rates of Change/Source/5.3.6. Calculating Related Rates Using the Pythagorean Theorem
66,367,CBC.5.3.7,Calculating Related Rates Using Similar Triangles,vault/MA/Single-Variable-Calculus/CBC/5. Contextual Applications of Differentiation/5.3. Related Rates of Change/Lessons/5.3.7. Calculating Related Rates Using Similar Triangles.md,vault/MA/Single-Variable-Calculus/CBC/5. Contextual Applications of Differentiation/5.3. Related Rates of Change/Source/5.3.7. Calculating Related Rates Using Similar Triangles
66,369,CBC.5.3.8,Calculating Related Rates Using Trigonometry,vault/MA/Single-Variable-Calculus/CBC/5. Contextual Applications of Differentiation/5.3. Related Rates of Change/Lessons/5.3.8. Calculating Related Rates Using Trigonometry.md,vault/MA/Single-Variable-Calculus/CBC/5. Contextual Applications of Differentiation/5.3. Related Rates of Change/Source/5.3.8. Calculating Related Rates Using Trigonometry
68,346,CBC.5.3.9,Calculating Related Rates With Cones,vault/MA/Single-Variable-Calculus/CBC/5. Contextual Applications of Differentiation/5.3. Related Rates of Change/Lessons/5.3.9. Calculating Related Rates With Cones.md,vault/MA/Single-Variable-Calculus/CBC/5. Contextual Applications of Differentiation/5.3. Related Rates of Change/Source/5.3.9. Calculating Related Rates With Cones
63,463,CBC.5.4.1,L'Hopital's Rule,vault/MA/Single-Variable-Calculus/CBC/5. Contextual Applications of Differentiation/5.4. L'Hopital's Rule/Lessons/5.4.1. L'Hopital's Rule.md,vault/MA/Single-Variable-Calculus/CBC/5. Contextual Applications of Differentiation/5.4. L'Hopital's Rule/Source/5.4.1. L'Hopital's Rule
64,1210,CBC.5.4.2,L'Hopital's Rule Applied to Tables,vault/MA/Single-Variable-Calculus/CBC/5. Contextual Applications of Differentiation/5.4. L'Hopital's Rule/Lessons/5.4.2. L'Hopital's Rule Applied to Tables.md,vault/MA/Single-Variable-Calculus/CBC/5. Contextual Applications of Differentiation/5.4. L'Hopital's Rule/Source/5.4.2. L'Hopital's Rule Applied to Tables
66,288,CBC.6.1.1,The Mean Value Theorem,vault/MA/Single-Variable-Calculus/CBC/6. Analytical Applications of Differentiation/6.1. Analytical Applications of Differentiation/Lessons/6.1.1. The Mean Value Theorem.md,vault/MA/Single-Variable-Calculus/CBC/6. Analytical Applications of Differentiation/6.1. Analytical Applications of Differentiation/Source/6.1.1. The Mean Value Theorem
66,313,CBC.6.1.2,Global vs. Local Extrema and Critical Points,vault/MA/Single-Variable-Calculus/CBC/6. Analytical Applications of Differentiation/6.1. Analytical Applications of Differentiation/Lessons/6.1.2. Global vs. Local Extrema and Critical Points.md,vault/MA/Single-Variable-Calculus/CBC/6. Analytical Applications of Differentiation/6.1. Analytical Applications of Differentiation/Source/6.1.2. Global vs. Local Extrema and Critical Points
65,3571,CBC.6.1.3,The Extreme Value Theorem,vault/MA/Single-Variable-Calculus/CBC/6. Analytical Applications of Differentiation/6.1. Analytical Applications of Differentiation/Lessons/6.1.3. The Extreme Value Theorem.md,vault/MA/Single-Variable-Calculus/CBC/6. Analytical Applications of Differentiation/6.1. Analytical Applications of Differentiation/Source/6.1.3. The Extreme Value Theorem
67,752,CBC.6.1.4,Using Differentiation to Calculate Critical Points,vault/MA/Single-Variable-Calculus/CBC/6. Analytical Applications of Differentiation/6.1. Analytical Applications of Differentiation/Lessons/6.1.4. Using Differentiation to Calculate Critical Points.md,vault/MA/Single-Variable-Calculus/CBC/6. Analytical Applications of Differentiation/6.1. Analytical Applications of Differentiation/Source/6.1.4. Using Differentiation to Calculate Critical Points
68,1359,CBC.6.1.5,Determining Intervals on Which a Function Is Increasing or Decreasing,vault/MA/Single-Variable-Calculus/CBC/6. Analytical Applications of Differentiation/6.1. Analytical Applications of Differentiation/Lessons/6.1.5. Determining Intervals on Which a Function Is Increasing or Decreasing.md,vault/MA/Single-Variable-Calculus/CBC/6. Analytical Applications of Differentiation/6.1. Analytical Applications of Differentiation/Source/6.1.5. Determining Intervals on Which a Function Is Increasing or Decreasing
70,1360,CBC.6.1.6,Using the First Derivative Test to Classify Local Extrema,vault/MA/Single-Variable-Calculus/CBC/6. Analytical Applications of Differentiation/6.1. Analytical Applications of Differentiation/Lessons/6.1.6. Using the First Derivative Test to Classify Local Extrema.md,vault/MA/Single-Variable-Calculus/CBC/6. Analytical Applications of Differentiation/6.1. Analytical Applications of Differentiation/Source/6.1.6. Using the First Derivative Test to Classify Local Extrema
72,364,CBC.6.1.7,The Candidates Test,vault/MA/Single-Variable-Calculus/CBC/6. Analytical Applications of Differentiation/6.1. Analytical Applications of Differentiation/Lessons/6.1.7. The Candidates Test.md,vault/MA/Single-Variable-Calculus/CBC/6. Analytical Applications of Differentiation/6.1. Analytical Applications of Differentiation/Source/6.1.7. The Candidates Test
69,363,CBC.6.1.8,Intervals of Concavity,vault/MA/Single-Variable-Calculus/CBC/6. Analytical Applications of Differentiation/6.1. Analytical Applications of Differentiation/Lessons/6.1.8. Intervals of Concavity.md,vault/MA/Single-Variable-Calculus/CBC/6. Analytical Applications of Differentiation/6.1. Analytical Applications of Differentiation/Source/6.1.8. Intervals of Concavity
70,3846,CBC.6.1.9,Relating Concavity to the Second Derivative,vault/MA/Single-Variable-Calculus/CBC/6. Analytical Applications of Differentiation/6.1. Analytical Applications of Differentiation/Lessons/6.1.9. Relating Concavity to the Second Derivative.md,vault/MA/Single-Variable-Calculus/CBC/6. Analytical Applications of Differentiation/6.1. Analytical Applications of Differentiation/Source/6.1.9. Relating Concavity to the Second Derivative
71,1046,CBC.6.1.10,Points of Inflection,vault/MA/Single-Variable-Calculus/CBC/6. Analytical Applications of Differentiation/6.1. Analytical Applications of Differentiation/Lessons/6.1.10. Points of Inflection.md,vault/MA/Single-Variable-Calculus/CBC/6. Analytical Applications of Differentiation/6.1. Analytical Applications of Differentiation/Source/6.1.10. Points of Inflection
71,339,CBC.6.1.11,The Second Derivative Test,vault/MA/Single-Variable-Calculus/CBC/6. Analytical Applications of Differentiation/6.1. Analytical Applications of Differentiation/Lessons/6.1.11. The Second Derivative Test.md,vault/MA/Single-Variable-Calculus/CBC/6. Analytical Applications of Differentiation/6.1. Analytical Applications of Differentiation/Source/6.1.11. The Second Derivative Test
72,1204,CBC.6.2.1,Sketching the Derivative of a Function From the Function's Graph,vault/MA/Single-Variable-Calculus/CBC/6. Analytical Applications of Differentiation/6.2. Analysis of Curves/Lessons/6.2.1. Sketching the Derivative of a Function From the Function's Graph.md,vault/MA/Single-Variable-Calculus/CBC/6. Analytical Applications of Differentiation/6.2. Analysis of Curves/Source/6.2.1. Sketching the Derivative of a Function From the Function's Graph
73,624,CBC.6.2.2,Interpreting the Graph of a Function's Derivative,vault/MA/Single-Variable-Calculus/CBC/6. Analytical Applications of Differentiation/6.2. Analysis of Curves/Lessons/6.2.2. Interpreting the Graph of a Function's Derivative.md,vault/MA/Single-Variable-Calculus/CBC/6. Analytical Applications of Differentiation/6.2. Analysis of Curves/Source/6.2.2. Interpreting the Graph of a Function's Derivative
74,3548,CBC.6.2.3,Interpreting the Graph of a Function's Derivative: Concavity and Points of Inflection,vault/MA/Single-Variable-Calculus/CBC/6. Analytical Applications of Differentiation/6.2. Analysis of Curves/Lessons/6.2.3. Interpreting the Graph of a Function's Derivative- Concavity and Points of Inflection.md,vault/MA/Single-Variable-Calculus/CBC/6. Analytical Applications of Differentiation/6.2. Analysis of Curves/Source/6.2.3. Interpreting the Graph of a Function's Derivative- Concavity and Points of Inflection
75,1206,CBC.6.2.4,Sketching a Function From the Graph of its Derivative,vault/MA/Single-Variable-Calculus/CBC/6. Analytical Applications of Differentiation/6.2. Analysis of Curves/Lessons/6.2.4. Sketching a Function From the Graph of its Derivative.md,vault/MA/Single-Variable-Calculus/CBC/6. Analytical Applications of Differentiation/6.2. Analysis of Curves/Source/6.2.4. Sketching a Function From the Graph of its Derivative
71,1207,CBC.6.2.5,Sketching a Function Given Some Derivative Properties,vault/MA/Single-Variable-Calculus/CBC/6. Analytical Applications of Differentiation/6.2. Analysis of Curves/Lessons/6.2.5. Sketching a Function Given Some Derivative Properties.md,vault/MA/Single-Variable-Calculus/CBC/6. Analytical Applications of Differentiation/6.2. Analysis of Curves/Source/6.2.5. Sketching a Function Given Some Derivative Properties
70,621,CBC.6.3.1,Approximating Functions Using Local Linearity and Linearization,vault/MA/Single-Variable-Calculus/CBC/6. Analytical Applications of Differentiation/6.3. Approximating Values of a Function/Lessons/6.3.1. Approximating Functions Using Local Linearity and Linearization.md,vault/MA/Single-Variable-Calculus/CBC/6. Analytical Applications of Differentiation/6.3. Approximating Values of a Function/Source/6.3.1. Approximating Functions Using Local Linearity and Linearization
71,622,CBC.6.3.2,Approximating the Roots of a Number Using Local Linearity,vault/MA/Single-Variable-Calculus/CBC/6. Analytical Applications of Differentiation/6.3. Approximating Values of a Function/Lessons/6.3.2. Approximating the Roots of a Number Using Local Linearity.md,vault/MA/Single-Variable-Calculus/CBC/6. Analytical Applications of Differentiation/6.3. Approximating Values of a Function/Source/6.3.2. Approximating the Roots of a Number Using Local Linearity
71,623,CBC.6.3.3,Approximating Trigonometric Functions Using Local Linearity,vault/MA/Single-Variable-Calculus/CBC/6. Analytical Applications of Differentiation/6.3. Approximating Values of a Function/Lessons/6.3.3. Approximating Trigonometric Functions Using Local Linearity.md,vault/MA/Single-Variable-Calculus/CBC/6. Analytical Applications of Differentiation/6.3. Approximating Values of a Function/Source/6.3.3. Approximating Trigonometric Functions Using Local Linearity
72,1211,CBC.6.4.1,Solving Optimization Problems Using Derivatives,vault/MA/Single-Variable-Calculus/CBC/6. Analytical Applications of Differentiation/6.4. Optimization/Lessons/6.4.1. Solving Optimization Problems Using Derivatives.md,vault/MA/Single-Variable-Calculus/CBC/6. Analytical Applications of Differentiation/6.4. Optimization/Source/6.4.1. Solving Optimization Problems Using Derivatives
73,1212,CBC.6.4.2,Optimization Problems Involving Sectors of Circles,vault/MA/Single-Variable-Calculus/CBC/6. Analytical Applications of Differentiation/6.4. Optimization/Lessons/6.4.2. Optimization Problems Involving Sectors of Circles.md,vault/MA/Single-Variable-Calculus/CBC/6. Analytical Applications of Differentiation/6.4. Optimization/Source/6.4.2. Optimization Problems Involving Sectors of Circles
73,1213,CBC.6.4.3,Optimization Problems Involving Boxes and Trays,vault/MA/Single-Variable-Calculus/CBC/6. Analytical Applications of Differentiation/6.4. Optimization/Lessons/6.4.3. Optimization Problems Involving Boxes and Trays.md,vault/MA/Single-Variable-Calculus/CBC/6. Analytical Applications of Differentiation/6.4. Optimization/Source/6.4.3. Optimization Problems Involving Boxes and Trays
73,1214,CBC.6.4.4,Optimization Problems Involving Cylinders,vault/MA/Single-Variable-Calculus/CBC/6. Analytical Applications of Differentiation/6.4. Optimization/Lessons/6.4.4. Optimization Problems Involving Cylinders.md,vault/MA/Single-Variable-Calculus/CBC/6. Analytical Applications of Differentiation/6.4. Optimization/Source/6.4.4. Optimization Problems Involving Cylinders
73,1216,CBC.6.4.5,Optimizing Distances,vault/MA/Single-Variable-Calculus/CBC/6. Analytical Applications of Differentiation/6.4. Optimization/Lessons/6.4.5. Optimizing Distances.md,vault/MA/Single-Variable-Calculus/CBC/6. Analytical Applications of Differentiation/6.4. Optimization/Source/6.4.5. Optimizing Distances
74,4218,CBC.6.4.6,Optimizing Distances to Curves,vault/MA/Single-Variable-Calculus/CBC/6. Analytical Applications of Differentiation/6.4. Optimization/Lessons/6.4.6. Optimizing Distances to Curves.md,vault/MA/Single-Variable-Calculus/CBC/6. Analytical Applications of Differentiation/6.4. Optimization/Source/6.4.6. Optimizing Distances to Curves
72,1217,CBC.6.4.7,Optimization Problems With Inscribed Shapes,vault/MA/Single-Variable-Calculus/CBC/6. Analytical Applications of Differentiation/6.4. Optimization/Lessons/6.4.7. Optimization Problems With Inscribed Shapes.md,vault/MA/Single-Variable-Calculus/CBC/6. Analytical Applications of Differentiation/6.4. Optimization/Source/6.4.7. Optimization Problems With Inscribed Shapes
73,1218,CBC.6.4.8,Optimization Problems in Economics,vault/MA/Single-Variable-Calculus/CBC/6. Analytical Applications of Differentiation/6.4. Optimization/Lessons/6.4.8. Optimization Problems in Economics.md,vault/MA/Single-Variable-Calculus/CBC/6. Analytical Applications of Differentiation/6.4. Optimization/Source/6.4.8. Optimization Problems in Economics
61,308,CBC.7.1.1,The Antiderivative,vault/MA/Single-Variable-Calculus/CBC/7. Integration/7.1. Indefinite Integrals/Lessons/7.1.1. The Antiderivative.md,vault/MA/Single-Variable-Calculus/CBC/7. Integration/7.1. Indefinite Integrals/Source/7.1.1. The Antiderivative
62,43,CBC.7.1.2,The Constant Multiple Rule for Indefinite Integrals,vault/MA/Single-Variable-Calculus/CBC/7. Integration/7.1. Indefinite Integrals/Lessons/7.1.2. The Constant Multiple Rule for Indefinite Integrals.md,vault/MA/Single-Variable-Calculus/CBC/7. Integration/7.1. Indefinite Integrals/Source/7.1.2. The Constant Multiple Rule for Indefinite Integrals
63,3769,CBC.7.1.3,The Sum Rule for Indefinite Integrals,vault/MA/Single-Variable-Calculus/CBC/7. Integration/7.1. Indefinite Integrals/Lessons/7.1.3. The Sum Rule for Indefinite Integrals.md,vault/MA/Single-Variable-Calculus/CBC/7. Integration/7.1. Indefinite Integrals/Source/7.1.3. The Sum Rule for Indefinite Integrals
64,1361,CBC.7.1.4,Integrating the Reciprocal Function,vault/MA/Single-Variable-Calculus/CBC/7. Integration/7.1. Indefinite Integrals/Lessons/7.1.4. Integrating the Reciprocal Function.md,vault/MA/Single-Variable-Calculus/CBC/7. Integration/7.1. Indefinite Integrals/Source/7.1.4. Integrating the Reciprocal Function
65,312,CBC.7.1.5,Integrating Exponential Functions,vault/MA/Single-Variable-Calculus/CBC/7. Integration/7.1. Indefinite Integrals/Lessons/7.1.5. Integrating Exponential Functions.md,vault/MA/Single-Variable-Calculus/CBC/7. Integration/7.1. Indefinite Integrals/Source/7.1.5. Integrating Exponential Functions
64,285,CBC.7.1.6,Integrating Trigonometric Functions,vault/MA/Single-Variable-Calculus/CBC/7. Integration/7.1. Indefinite Integrals/Lessons/7.1.6. Integrating Trigonometric Functions.md,vault/MA/Single-Variable-Calculus/CBC/7. Integration/7.1. Indefinite Integrals/Source/7.1.6. Integrating Trigonometric Functions
66,342,CBC.7.1.7,Integration Using Inverse Trigonometric Functions,vault/MA/Single-Variable-Calculus/CBC/7. Integration/7.1. Indefinite Integrals/Lessons/7.1.7. Integration Using Inverse Trigonometric Functions.md,vault/MA/Single-Variable-Calculus/CBC/7. Integration/7.1. Indefinite Integrals/Source/7.1.7. Integration Using Inverse Trigonometric Functions
68,477,CBC.7.2.1,Approximating Areas With the Left Riemann Sum,vault/MA/Single-Variable-Calculus/CBC/7. Integration/7.2. Approximating Areas with Riemann Sums/Lessons/7.2.1. Approximating Areas With the Left Riemann Sum.md,vault/MA/Single-Variable-Calculus/CBC/7. Integration/7.2. Approximating Areas with Riemann Sums/Source/7.2.1. Approximating Areas With the Left Riemann Sum
68,1281,CBC.7.2.2,Approximating Areas With the Right Riemann Sum,vault/MA/Single-Variable-Calculus/CBC/7. Integration/7.2. Approximating Areas with Riemann Sums/Lessons/7.2.2. Approximating Areas With the Right Riemann Sum.md,vault/MA/Single-Variable-Calculus/CBC/7. Integration/7.2. Approximating Areas with Riemann Sums/Source/7.2.2. Approximating Areas With the Right Riemann Sum
70,944,CBC.7.2.3,Approximating Areas With the Midpoint Riemann Sum,vault/MA/Single-Variable-Calculus/CBC/7. Integration/7.2. Approximating Areas with Riemann Sums/Lessons/7.2.3. Approximating Areas With the Midpoint Riemann Sum.md,vault/MA/Single-Variable-Calculus/CBC/7. Integration/7.2. Approximating Areas with Riemann Sums/Source/7.2.3. Approximating Areas With the Midpoint Riemann Sum
70,945,CBC.7.2.4,Approximating Areas With the Trapezoidal Rule,vault/MA/Single-Variable-Calculus/CBC/7. Integration/7.2. Approximating Areas with Riemann Sums/Lessons/7.2.4. Approximating Areas With the Trapezoidal Rule.md,vault/MA/Single-Variable-Calculus/CBC/7. Integration/7.2. Approximating Areas with Riemann Sums/Source/7.2.4. Approximating Areas With the Trapezoidal Rule
69,1042,CBC.7.2.5,Left and Right Riemann Sums in Sigma Notation,vault/MA/Single-Variable-Calculus/CBC/7. Integration/7.2. Approximating Areas with Riemann Sums/Lessons/7.2.5. Left and Right Riemann Sums in Sigma Notation.md,vault/MA/Single-Variable-Calculus/CBC/7. Integration/7.2. Approximating Areas with Riemann Sums/Source/7.2.5. Left and Right Riemann Sums in Sigma Notation
71,2611,CBC.7.2.6,Midpoint and Trapezoidal Rules in Sigma Notation,vault/MA/Single-Variable-Calculus/CBC/7. Integration/7.2. Approximating Areas with Riemann Sums/Lessons/7.2.6. Midpoint and Trapezoidal Rules in Sigma Notation.md,vault/MA/Single-Variable-Calculus/CBC/7. Integration/7.2. Approximating Areas with Riemann Sums/Source/7.2.6. Midpoint and Trapezoidal Rules in Sigma Notation
69,3950,CBC.7.2.7,Approximating Areas Under Graphs of Composite Functions,vault/MA/Single-Variable-Calculus/CBC/7. Integration/7.2. Approximating Areas with Riemann Sums/Lessons/7.2.7. Approximating Areas Under Graphs of Composite Functions.md,vault/MA/Single-Variable-Calculus/CBC/7. Integration/7.2. Approximating Areas with Riemann Sums/Source/7.2.7. Approximating Areas Under Graphs of Composite Functions
70,1086,CBC.7.3.1,Defining Definite Integrals Using Left and Right Riemann Sums,vault/MA/Single-Variable-Calculus/CBC/7. Integration/7.3. Definite Integrals/Lessons/7.3.1. Defining Definite Integrals Using Left and Right Riemann Sums.md,vault/MA/Single-Variable-Calculus/CBC/7. Integration/7.3. Definite Integrals/Source/7.3.1. Defining Definite Integrals Using Left and Right Riemann Sums
65,283,CBC.7.3.2,The Fundamental Theorem of Calculus,vault/MA/Single-Variable-Calculus/CBC/7. Integration/7.3. Definite Integrals/Lessons/7.3.2. The Fundamental Theorem of Calculus.md,vault/MA/Single-Variable-Calculus/CBC/7. Integration/7.3. Definite Integrals/Source/7.3.2. The Fundamental Theorem of Calculus
66,3575,CBC.7.3.3,Applying the Fundamental Theorem of Calculus to Exponential and Trigonometric Functions,vault/MA/Single-Variable-Calculus/CBC/7. Integration/7.3. Definite Integrals/Lessons/7.3.3. Applying the Fundamental Theorem of Calculus to Exponential and Trigonometric Functions.md,vault/MA/Single-Variable-Calculus/CBC/7. Integration/7.3. Definite Integrals/Source/7.3.3. Applying the Fundamental Theorem of Calculus to Exponential and Trigonometric Functions
67,1685,CBC.7.3.4,The Sum and Constant Multiple Rules for Definite Integrals,vault/MA/Single-Variable-Calculus/CBC/7. Integration/7.3. Definite Integrals/Lessons/7.3.4. The Sum and Constant Multiple Rules for Definite Integrals.md,vault/MA/Single-Variable-Calculus/CBC/7. Integration/7.3. Definite Integrals/Source/7.3.4. The Sum and Constant Multiple Rules for Definite Integrals
68,632,CBC.7.3.5,Properties of Definite Integrals Involving the Limits of Integration,vault/MA/Single-Variable-Calculus/CBC/7. Integration/7.3. Definite Integrals/Lessons/7.3.5. Properties of Definite Integrals Involving the Limits of Integration.md,vault/MA/Single-Variable-Calculus/CBC/7. Integration/7.3. Definite Integrals/Source/7.3.5. Properties of Definite Integrals Involving the Limits of Integration
68,1040,CBC.7.4.1,The Area Bounded by a Curve and the X-Axis,vault/MA/Single-Variable-Calculus/CBC/7. Integration/7.4. The Area Under a Curve/Lessons/7.4.1. The Area Bounded by a Curve and the X-Axis.md,vault/MA/Single-Variable-Calculus/CBC/7. Integration/7.4. The Area Under a Curve/Source/7.4.1. The Area Bounded by a Curve and the X-Axis
69,2975,CBC.7.4.2,Evaluating Definite Integrals Using Symmetry,vault/MA/Single-Variable-Calculus/CBC/7. Integration/7.4. The Area Under a Curve/Lessons/7.4.2. Evaluating Definite Integrals Using Symmetry.md,vault/MA/Single-Variable-Calculus/CBC/7. Integration/7.4. The Area Under a Curve/Source/7.4.2. Evaluating Definite Integrals Using Symmetry
69,1432,CBC.7.4.3,Finding the Area Between a Curve and the X-Axis When They Intersect,vault/MA/Single-Variable-Calculus/CBC/7. Integration/7.4. The Area Under a Curve/Lessons/7.4.3. Finding the Area Between a Curve and the X-Axis When They Intersect.md,vault/MA/Single-Variable-Calculus/CBC/7. Integration/7.4. The Area Under a Curve/Source/7.4.3. Finding the Area Between a Curve and the X-Axis When They Intersect
70,1041,CBC.7.4.4,The Area Bounded by a Curve and the Y-Axis,vault/MA/Single-Variable-Calculus/CBC/7. Integration/7.4. The Area Under a Curve/Lessons/7.4.4. The Area Bounded by a Curve and the Y-Axis.md,vault/MA/Single-Variable-Calculus/CBC/7. Integration/7.4. The Area Under a Curve/Source/7.4.4. The Area Bounded by a Curve and the Y-Axis
69,1200,CBC.7.4.5,Calculating the Definite Integral of a Function Given Its Graph,vault/MA/Single-Variable-Calculus/CBC/7. Integration/7.4. The Area Under a Curve/Lessons/7.4.5. Calculating the Definite Integral of a Function Given Its Graph.md,vault/MA/Single-Variable-Calculus/CBC/7. Integration/7.4. The Area Under a Curve/Source/7.4.5. Calculating the Definite Integral of a Function Given Its Graph
73,1201,CBC.7.4.6,Calculating the Definite Integral of a Function's Derivative Given its Graph,vault/MA/Single-Variable-Calculus/CBC/7. Integration/7.4. The Area Under a Curve/Lessons/7.4.6. Calculating the Definite Integral of a Function's Derivative Given its Graph.md,vault/MA/Single-Variable-Calculus/CBC/7. Integration/7.4. The Area Under a Curve/Source/7.4.6. Calculating the Definite Integral of a Function's Derivative Given its Graph
70,626,CBC.7.4.7,Definite Integrals of Piecewise Functions,vault/MA/Single-Variable-Calculus/CBC/7. Integration/7.4. The Area Under a Curve/Lessons/7.4.7. Definite Integrals of Piecewise Functions.md,vault/MA/Single-Variable-Calculus/CBC/7. Integration/7.4. The Area Under a Curve/Source/7.4.7. Definite Integrals of Piecewise Functions
70,333,CBC.7.5.1,The Integral as an Accumulation Function,vault/MA/Single-Variable-Calculus/CBC/7. Integration/7.5. Accumulation Functions/Lessons/7.5.1. The Integral as an Accumulation Function.md,vault/MA/Single-Variable-Calculus/CBC/7. Integration/7.5. Accumulation Functions/Source/7.5.1. The Integral as an Accumulation Function
71,613,CBC.7.5.2,The Second Fundamental Theorem of Calculus,vault/MA/Single-Variable-Calculus/CBC/7. Integration/7.5. Accumulation Functions/Lessons/7.5.2. The Second Fundamental Theorem of Calculus.md,vault/MA/Single-Variable-Calculus/CBC/7. Integration/7.5. Accumulation Functions/Source/7.5.2. The Second Fundamental Theorem of Calculus
74,1230,CBC.7.5.3,Maximizing a Function Using the Graph of Its Derivative,vault/MA/Single-Variable-Calculus/CBC/7. Integration/7.5. Accumulation Functions/Lessons/7.5.3. Maximizing a Function Using the Graph of Its Derivative.md,vault/MA/Single-Variable-Calculus/CBC/7. Integration/7.5. Accumulation Functions/Source/7.5.3. Maximizing a Function Using the Graph of Its Derivative
74,1250,CBC.7.5.4,Minimizing a Function Using the Graph of its Derivative,vault/MA/Single-Variable-Calculus/CBC/7. Integration/7.5. Accumulation Functions/Lessons/7.5.4. Minimizing a Function Using the Graph of its Derivative.md,vault/MA/Single-Variable-Calculus/CBC/7. Integration/7.5. Accumulation Functions/Source/7.5.4. Minimizing a Function Using the Graph of its Derivative
75,3896,CBC.7.5.5,Further Optimizing Functions Using Graphs of Derivatives,vault/MA/Single-Variable-Calculus/CBC/7. Integration/7.5. Accumulation Functions/Lessons/7.5.5. Further Optimizing Functions Using Graphs of Derivatives.md,vault/MA/Single-Variable-Calculus/CBC/7. Integration/7.5. Accumulation Functions/Source/7.5.5. Further Optimizing Functions Using Graphs of Derivatives
72,2512,CBC.7.5.6,Integrating Rates of Change,vault/MA/Single-Variable-Calculus/CBC/7. Integration/7.5. Accumulation Functions/Lessons/7.5.6. Integrating Rates of Change.md,vault/MA/Single-Variable-Calculus/CBC/7. Integration/7.5. Accumulation Functions/Source/7.5.6. Integrating Rates of Change
72,2513,CBC.7.5.7,Integrating Density Functions,vault/MA/Single-Variable-Calculus/CBC/7. Integration/7.5. Accumulation Functions/Lessons/7.5.7. Integrating Density Functions.md,vault/MA/Single-Variable-Calculus/CBC/7. Integration/7.5. Accumulation Functions/Source/7.5.7. Integrating Density Functions
64,334,CBC.8.1.1,Integrating Algebraic Functions Using Substitution,vault/MA/Single-Variable-Calculus/CBC/8. Techniques of Integration/8.1. Integration Using Substitution/Lessons/8.1.1. Integrating Algebraic Functions Using Substitution.md,vault/MA/Single-Variable-Calculus/CBC/8. Techniques of Integration/8.1. Integration Using Substitution/Source/8.1.1. Integrating Algebraic Functions Using Substitution
65,331,CBC.8.1.2,Integrating Linear Rational Functions Using Substitution,vault/MA/Single-Variable-Calculus/CBC/8. Techniques of Integration/8.1. Integration Using Substitution/Lessons/8.1.2. Integrating Linear Rational Functions Using Substitution.md,vault/MA/Single-Variable-Calculus/CBC/8. Techniques of Integration/8.1. Integration Using Substitution/Source/8.1.2. Integrating Linear Rational Functions Using Substitution
67,443,CBC.8.1.3,Integration Using Substitution,vault/MA/Single-Variable-Calculus/CBC/8. Techniques of Integration/8.1. Integration Using Substitution/Lessons/8.1.3. Integration Using Substitution.md,vault/MA/Single-Variable-Calculus/CBC/8. Techniques of Integration/8.1. Integration Using Substitution/Source/8.1.3. Integration Using Substitution
68,1159,CBC.8.1.4,Calculating Definite Integrals Using Substitution,vault/MA/Single-Variable-Calculus/CBC/8. Techniques of Integration/8.1. Integration Using Substitution/Lessons/8.1.4. Calculating Definite Integrals Using Substitution.md,vault/MA/Single-Variable-Calculus/CBC/8. Techniques of Integration/8.1. Integration Using Substitution/Source/8.1.4. Calculating Definite Integrals Using Substitution
69,316,CBC.8.1.5,Further Integration of Algebraic Functions Using Substitution,vault/MA/Single-Variable-Calculus/CBC/8. Techniques of Integration/8.1. Integration Using Substitution/Lessons/8.1.5. Further Integration of Algebraic Functions Using Substitution.md,vault/MA/Single-Variable-Calculus/CBC/8. Techniques of Integration/8.1. Integration Using Substitution/Source/8.1.5. Further Integration of Algebraic Functions Using Substitution
69,1112,CBC.8.1.6,Integrating Exponential Functions Using Linear Substitution,vault/MA/Single-Variable-Calculus/CBC/8. Techniques of Integration/8.1. Integration Using Substitution/Lessons/8.1.6. Integrating Exponential Functions Using Linear Substitution.md,vault/MA/Single-Variable-Calculus/CBC/8. Techniques of Integration/8.1. Integration Using Substitution/Source/8.1.6. Integrating Exponential Functions Using Linear Substitution
70,3770,CBC.8.1.7,Integrating Exponential Functions Using Substitution,vault/MA/Single-Variable-Calculus/CBC/8. Techniques of Integration/8.1. Integration Using Substitution/Lessons/8.1.7. Integrating Exponential Functions Using Substitution.md,vault/MA/Single-Variable-Calculus/CBC/8. Techniques of Integration/8.1. Integration Using Substitution/Source/8.1.7. Integrating Exponential Functions Using Substitution
69,478,CBC.8.1.8,Integrating Trigonometric Functions Using Substitution,vault/MA/Single-Variable-Calculus/CBC/8. Techniques of Integration/8.1. Integration Using Substitution/Lessons/8.1.8. Integrating Trigonometric Functions Using Substitution.md,vault/MA/Single-Variable-Calculus/CBC/8. Techniques of Integration/8.1. Integration Using Substitution/Source/8.1.8. Integrating Trigonometric Functions Using Substitution
70,1161,CBC.8.1.9,Integrating Logarithmic Functions Using Substitution,vault/MA/Single-Variable-Calculus/CBC/8. Techniques of Integration/8.1. Integration Using Substitution/Lessons/8.1.9. Integrating Logarithmic Functions Using Substitution.md,vault/MA/Single-Variable-Calculus/CBC/8. Techniques of Integration/8.1. Integration Using Substitution/Source/8.1.9. Integrating Logarithmic Functions Using Substitution
69,315,CBC.8.1.10,Integration by Substitution With Inverse Trigonometric Functions,vault/MA/Single-Variable-Calculus/CBC/8. Techniques of Integration/8.1. Integration Using Substitution/Lessons/8.1.10. Integration by Substitution With Inverse Trigonometric Functions.md,vault/MA/Single-Variable-Calculus/CBC/8. Techniques of Integration/8.1. Integration Using Substitution/Source/8.1.10. Integration by Substitution With Inverse Trigonometric Functions
70,282,CBC.8.2.1,Integration Using Basic Trigonometric Identities,vault/MA/Single-Variable-Calculus/CBC/8. Techniques of Integration/8.2. Integration Using Trigonometric Identities/Lessons/8.2.1. Integration Using Basic Trigonometric Identities.md,vault/MA/Single-Variable-Calculus/CBC/8. Techniques of Integration/8.2. Integration Using Trigonometric Identities/Source/8.2.1. Integration Using Basic Trigonometric Identities
71,1037,CBC.8.2.2,Integration Using the Pythagorean Identities,vault/MA/Single-Variable-Calculus/CBC/8. Techniques of Integration/8.2. Integration Using Trigonometric Identities/Lessons/8.2.2. Integration Using the Pythagorean Identities.md,vault/MA/Single-Variable-Calculus/CBC/8. Techniques of Integration/8.2. Integration Using Trigonometric Identities/Source/8.2.2. Integration Using the Pythagorean Identities
72,1038,CBC.8.2.3,Integration Using the Double-Angle Formulas,vault/MA/Single-Variable-Calculus/CBC/8. Techniques of Integration/8.2. Integration Using Trigonometric Identities/Lessons/8.2.3. Integration Using the Double-Angle Formulas.md,vault/MA/Single-Variable-Calculus/CBC/8. Techniques of Integration/8.2. Integration Using Trigonometric Identities/Source/8.2.3. Integration Using the Double-Angle Formulas
69,338,CBC.8.3.1,Integrating Functions Using Polynomial Division,vault/MA/Single-Variable-Calculus/CBC/8. Techniques of Integration/8.3. Special Techniques for Integration/Lessons/8.3.1. Integrating Functions Using Polynomial Division.md,vault/MA/Single-Variable-Calculus/CBC/8. Techniques of Integration/8.3. Special Techniques for Integration/Source/8.3.1. Integrating Functions Using Polynomial Division
70,444,CBC.8.3.2,Integrating Functions by Completing the Square,vault/MA/Single-Variable-Calculus/CBC/8. Techniques of Integration/8.3. Special Techniques for Integration/Lessons/8.3.2. Integrating Functions by Completing the Square.md,vault/MA/Single-Variable-Calculus/CBC/8. Techniques of Integration/8.3. Special Techniques for Integration/Source/8.3.2. Integrating Functions by Completing the Square
71,317,CBC.8.4.1,Introduction to Integration by Parts,vault/MA/Single-Variable-Calculus/CBC/8. Techniques of Integration/8.4. Integration by Parts/Lessons/8.4.1. Introduction to Integration by Parts.md,vault/MA/Single-Variable-Calculus/CBC/8. Techniques of Integration/8.4. Integration by Parts/Source/8.4.1. Introduction to Integration by Parts
72,1140,CBC.8.4.2,Using Integration by Parts to Calculate Integrals With Logarithms,vault/MA/Single-Variable-Calculus/CBC/8. Techniques of Integration/8.4. Integration by Parts/Lessons/8.4.2. Using Integration by Parts to Calculate Integrals With Logarithms.md,vault/MA/Single-Variable-Calculus/CBC/8. Techniques of Integration/8.4. Integration by Parts/Source/8.4.2. Using Integration by Parts to Calculate Integrals With Logarithms
73,416,CBC.8.4.3,Applying the Integration By Parts Twice,vault/MA/Single-Variable-Calculus/CBC/8. Techniques of Integration/8.4. Integration by Parts/Lessons/8.4.3. Applying the Integration By Parts Twice.md,vault/MA/Single-Variable-Calculus/CBC/8. Techniques of Integration/8.4. Integration by Parts/Source/8.4.3. Applying the Integration By Parts Twice
74,1141,CBC.8.4.4,The Tabular Method of Integration by Parts,vault/MA/Single-Variable-Calculus/CBC/8. Techniques of Integration/8.4. Integration by Parts/Lessons/8.4.4. The Tabular Method of Integration by Parts.md,vault/MA/Single-Variable-Calculus/CBC/8. Techniques of Integration/8.4. Integration by Parts/Source/8.4.4. The Tabular Method of Integration by Parts
74,424,CBC.8.4.5,Integration by Parts in Cyclic Cases,vault/MA/Single-Variable-Calculus/CBC/8. Techniques of Integration/8.4. Integration by Parts/Lessons/8.4.5. Integration by Parts in Cyclic Cases.md,vault/MA/Single-Variable-Calculus/CBC/8. Techniques of Integration/8.4. Integration by Parts/Source/8.4.5. Integration by Parts in Cyclic Cases
68,1060,CBC.8.5.1,Expressing Rational Functions as Sums of Partial Fractions,vault/MA/Single-Variable-Calculus/CBC/8. Techniques of Integration/8.5. Integration Using Partial Fractions/Lessons/8.5.1. Expressing Rational Functions as Sums of Partial Fractions.md,vault/MA/Single-Variable-Calculus/CBC/8. Techniques of Integration/8.5. Integration Using Partial Fractions/Source/8.5.1. Expressing Rational Functions as Sums of Partial Fractions
69,1062,CBC.8.5.2,Expressing Rational Functions with Repeated Factors as Sums of Partial Fractions,vault/MA/Single-Variable-Calculus/CBC/8. Techniques of Integration/8.5. Integration Using Partial Fractions/Lessons/8.5.2. Expressing Rational Functions with Repeated Factors as Sums of Partial Fractions.md,vault/MA/Single-Variable-Calculus/CBC/8. Techniques of Integration/8.5. Integration Using Partial Fractions/Source/8.5.2. Expressing Rational Functions with Repeated Factors as Sums of Partial Fractions
69,1063,CBC.8.5.3,Expressing Rational Functions with Irreducible Quadratic Factors as Sums of Partial Fractions,vault/MA/Single-Variable-Calculus/CBC/8. Techniques of Integration/8.5. Integration Using Partial Fractions/Lessons/8.5.3. Expressing Rational Functions with Irreducible Quadratic Factors as Sums of Partial Fractions.md,vault/MA/Single-Variable-Calculus/CBC/8. Techniques of Integration/8.5. Integration Using Partial Fractions/Source/8.5.3. Expressing Rational Functions with Irreducible Quadratic Factors as Sums of Partial Fractions
69,445,CBC.8.5.4,Integrating Rational Functions Using Partial Fractions,vault/MA/Single-Variable-Calculus/CBC/8. Techniques of Integration/8.5. Integration Using Partial Fractions/Lessons/8.5.4. Integrating Rational Functions Using Partial Fractions.md,vault/MA/Single-Variable-Calculus/CBC/8. Techniques of Integration/8.5. Integration Using Partial Fractions/Source/8.5.4. Integrating Rational Functions Using Partial Fractions
70,446,CBC.8.5.5,Integrating Rational Functions with Repeated Factors,vault/MA/Single-Variable-Calculus/CBC/8. Techniques of Integration/8.5. Integration Using Partial Fractions/Lessons/8.5.5. Integrating Rational Functions with Repeated Factors.md,vault/MA/Single-Variable-Calculus/CBC/8. Techniques of Integration/8.5. Integration Using Partial Fractions/Source/8.5.5. Integrating Rational Functions with Repeated Factors
70,447,CBC.8.5.6,Integrating Rational Functions with Irreducible Quadratic Factors,vault/MA/Single-Variable-Calculus/CBC/8. Techniques of Integration/8.5. Integration Using Partial Fractions/Lessons/8.5.6. Integrating Rational Functions with Irreducible Quadratic Factors.md,vault/MA/Single-Variable-Calculus/CBC/8. Techniques of Integration/8.5. Integration Using Partial Fractions/Source/8.5.6. Integrating Rational Functions with Irreducible Quadratic Factors
69,758,CBC.8.6.1,Improper Integrals,vault/MA/Single-Variable-Calculus/CBC/8. Techniques of Integration/8.6. Improper Integrals/Lessons/8.6.1. Improper Integrals.md,vault/MA/Single-Variable-Calculus/CBC/8. Techniques of Integration/8.6. Improper Integrals/Source/8.6.1. Improper Integrals
71,4004,CBC.8.6.2,Improper Integrals Involving Exponential Functions,vault/MA/Single-Variable-Calculus/CBC/8. Techniques of Integration/8.6. Improper Integrals/Lessons/8.6.2. Improper Integrals Involving Exponential Functions.md,vault/MA/Single-Variable-Calculus/CBC/8. Techniques of Integration/8.6. Improper Integrals/Source/8.6.2. Improper Integrals Involving Exponential Functions
70,4005,CBC.8.6.3,Improper Integrals Involving Arctangent,vault/MA/Single-Variable-Calculus/CBC/8. Techniques of Integration/8.6. Improper Integrals/Lessons/8.6.3. Improper Integrals Involving Arctangent.md,vault/MA/Single-Variable-Calculus/CBC/8. Techniques of Integration/8.6. Improper Integrals/Source/8.6.3. Improper Integrals Involving Arctangent
72,1382,CBC.8.6.4,Improper Integrals Over the Real Line,vault/MA/Single-Variable-Calculus/CBC/8. Techniques of Integration/8.6. Improper Integrals/Lessons/8.6.4. Improper Integrals Over the Real Line.md,vault/MA/Single-Variable-Calculus/CBC/8. Techniques of Integration/8.6. Improper Integrals/Source/8.6.4. Improper Integrals Over the Real Line
71,759,CBC.8.6.5,Improper Integrals of the Second Kind,vault/MA/Single-Variable-Calculus/CBC/8. Techniques of Integration/8.6. Improper Integrals/Lessons/8.6.5. Improper Integrals of the Second Kind.md,vault/MA/Single-Variable-Calculus/CBC/8. Techniques of Integration/8.6. Improper Integrals/Source/8.6.5. Improper Integrals of the Second Kind
72,3550,CBC.8.6.6,Improper Integrals of the Second Kind: Discontinuities at Interior Points,vault/MA/Single-Variable-Calculus/CBC/8. Techniques of Integration/8.6. Improper Integrals/Lessons/8.6.6. Improper Integrals of the Second Kind- Discontinuities at Interior Points.md,vault/MA/Single-Variable-Calculus/CBC/8. Techniques of Integration/8.6. Improper Integrals/Source/8.6.6. Improper Integrals of the Second Kind- Discontinuities at Interior Points
69,3215,CBC.9.1.1,Introduction to Differential Equations,vault/MA/Single-Variable-Calculus/CBC/9. Differential Equations/9.1. Introduction to Differential Equations/Lessons/9.1.1. Introduction to Differential Equations.md,vault/MA/Single-Variable-Calculus/CBC/9. Differential Equations/9.1. Introduction to Differential Equations/Source/9.1.1. Introduction to Differential Equations
70,1181,CBC.9.1.2,Verifying Solutions of Differential Equations,vault/MA/Single-Variable-Calculus/CBC/9. Differential Equations/9.1. Introduction to Differential Equations/Lessons/9.1.2. Verifying Solutions of Differential Equations.md,vault/MA/Single-Variable-Calculus/CBC/9. Differential Equations/9.1. Introduction to Differential Equations/Source/9.1.2. Verifying Solutions of Differential Equations
71,1061,CBC.9.1.3,Solving First-Order ODEs Using Direct Integration,vault/MA/Single-Variable-Calculus/CBC/9. Differential Equations/9.1. Introduction to Differential Equations/Lessons/9.1.3. Solving First-Order ODEs Using Direct Integration.md,vault/MA/Single-Variable-Calculus/CBC/9. Differential Equations/9.1. Introduction to Differential Equations/Source/9.1.3. Solving First-Order ODEs Using Direct Integration
72,466,CBC.9.1.4,Solving First-Order ODEs Using Separation of Variables,vault/MA/Single-Variable-Calculus/CBC/9. Differential Equations/9.1. Introduction to Differential Equations/Lessons/9.1.4. Solving First-Order ODEs Using Separation of Variables.md,vault/MA/Single-Variable-Calculus/CBC/9. Differential Equations/9.1. Introduction to Differential Equations/Source/9.1.4. Solving First-Order ODEs Using Separation of Variables
73,1179,CBC.9.1.5,Solving First-Order IVPs Using Separation of Variables,vault/MA/Single-Variable-Calculus/CBC/9. Differential Equations/9.1. Introduction to Differential Equations/Lessons/9.1.5. Solving First-Order IVPs Using Separation of Variables.md,vault/MA/Single-Variable-Calculus/CBC/9. Differential Equations/9.1. Introduction to Differential Equations/Source/9.1.5. Solving First-Order IVPs Using Separation of Variables
70,2023,CBC.9.1.6,Modeling With First-Order ODEs,vault/MA/Single-Variable-Calculus/CBC/9. Differential Equations/9.1. Introduction to Differential Equations/Lessons/9.1.6. Modeling With First-Order ODEs.md,vault/MA/Single-Variable-Calculus/CBC/9. Differential Equations/9.1. Introduction to Differential Equations/Source/9.1.6. Modeling With First-Order ODEs
71,3860,CBC.9.1.7,Further Modeling With First-Order ODEs,vault/MA/Single-Variable-Calculus/CBC/9. Differential Equations/9.1. Introduction to Differential Equations/Lessons/9.1.7. Further Modeling With First-Order ODEs.md,vault/MA/Single-Variable-Calculus/CBC/9. Differential Equations/9.1. Introduction to Differential Equations/Source/9.1.7. Further Modeling With First-Order ODEs
72,2976,CBC.9.2.1,Qualitative Analysis of First-Order ODEs,vault/MA/Single-Variable-Calculus/CBC/9. Differential Equations/9.2. Qualitative Techniques for Differential Equations/Lessons/9.2.1. Qualitative Analysis of First-Order ODEs.md,vault/MA/Single-Variable-Calculus/CBC/9. Differential Equations/9.2. Qualitative Techniques for Differential Equations/Source/9.2.1. Qualitative Analysis of First-Order ODEs
74,3184,CBC.9.2.2,Equilibrium Solutions of First-Order ODEs,vault/MA/Single-Variable-Calculus/CBC/9. Differential Equations/9.2. Qualitative Techniques for Differential Equations/Lessons/9.2.2. Equilibrium Solutions of First-Order ODEs.md,vault/MA/Single-Variable-Calculus/CBC/9. Differential Equations/9.2. Qualitative Techniques for Differential Equations/Source/9.2.2. Equilibrium Solutions of First-Order ODEs
74,876,CBC.9.3.1,Exponential Growth and Decay Models With First-Order ODEs,vault/MA/Single-Variable-Calculus/CBC/9. Differential Equations/9.3. Modeling Exponential Growth and Decay With Differential Equations/Lessons/9.3.1. Exponential Growth and Decay Models With First-Order ODEs.md,vault/MA/Single-Variable-Calculus/CBC/9. Differential Equations/9.3. Modeling Exponential Growth and Decay With Differential Equations/Source/9.3.1. Exponential Growth and Decay Models With First-Order ODEs
75,3672,CBC.9.3.2,Exponential Growth and Decay Models With First-Order ODEs: Calculating Unknown Times and Initial Values,vault/MA/Single-Variable-Calculus/CBC/9. Differential Equations/9.3. Modeling Exponential Growth and Decay With Differential Equations/Lessons/9.3.2. Exponential Growth and Decay Models With First-Order ODEs- Calculating Unknown Times and Initial Values.md,vault/MA/Single-Variable-Calculus/CBC/9. Differential Equations/9.3. Modeling Exponential Growth and Decay With Differential Equations/Source/9.3.2. Exponential Growth and Decay Models With First-Order ODEs- Calculating Unknown Times and Initial Values
76,3673,CBC.9.3.3,Exponential Growth and Decay Models With First-Order ODEs: Half-Life Problems,vault/MA/Single-Variable-Calculus/CBC/9. Differential Equations/9.3. Modeling Exponential Growth and Decay With Differential Equations/Lessons/9.3.3. Exponential Growth and Decay Models With First-Order ODEs- Half-Life Problems.md,vault/MA/Single-Variable-Calculus/CBC/9. Differential Equations/9.3. Modeling Exponential Growth and Decay With Differential Equations/Source/9.3.3. Exponential Growth and Decay Models With First-Order ODEs- Half-Life Problems
75,1163,CBC.9.4.1,Logistic Growth Models With First-Order ODEs,vault/MA/Single-Variable-Calculus/CBC/9. Differential Equations/9.4. Modeling Logistic Growth With Differential Equations/Lessons/9.4.1. Logistic Growth Models With First-Order ODEs.md,vault/MA/Single-Variable-Calculus/CBC/9. Differential Equations/9.4. Modeling Logistic Growth With Differential Equations/Source/9.4.1. Logistic Growth Models With First-Order ODEs
76,3551,CBC.9.4.2,Qualitative Analysis of the Logistic Growth Equation,vault/MA/Single-Variable-Calculus/CBC/9. Differential Equations/9.4. Modeling Logistic Growth With Differential Equations/Lessons/9.4.2. Qualitative Analysis of the Logistic Growth Equation.md,vault/MA/Single-Variable-Calculus/CBC/9. Differential Equations/9.4. Modeling Logistic Growth With Differential Equations/Source/9.4.2. Qualitative Analysis of the Logistic Growth Equation
76,3674,CBC.9.4.3,Solving the Logistic Growth Equation,vault/MA/Single-Variable-Calculus/CBC/9. Differential Equations/9.4. Modeling Logistic Growth With Differential Equations/Lessons/9.4.3. Solving the Logistic Growth Equation.md,vault/MA/Single-Variable-Calculus/CBC/9. Differential Equations/9.4. Modeling Logistic Growth With Differential Equations/Source/9.4.3. Solving the Logistic Growth Equation
73,3276,CBC.9.5.1,Slope Fields for Directly Integrable Differential Equations,vault/MA/Single-Variable-Calculus/CBC/9. Differential Equations/9.5. Slope Fields/Lessons/9.5.1. Slope Fields for Directly Integrable Differential Equations.md,vault/MA/Single-Variable-Calculus/CBC/9. Differential Equations/9.5. Slope Fields/Source/9.5.1. Slope Fields for Directly Integrable Differential Equations
74,3351,CBC.9.5.2,Slope Fields for Autonomous Differential Equations,vault/MA/Single-Variable-Calculus/CBC/9. Differential Equations/9.5. Slope Fields/Lessons/9.5.2. Slope Fields for Autonomous Differential Equations.md,vault/MA/Single-Variable-Calculus/CBC/9. Differential Equations/9.5. Slope Fields/Source/9.5.2. Slope Fields for Autonomous Differential Equations
75,3352,CBC.9.5.3,Slope Fields for Nonautonomous Differential Equations,vault/MA/Single-Variable-Calculus/CBC/9. Differential Equations/9.5. Slope Fields/Lessons/9.5.3. Slope Fields for Nonautonomous Differential Equations.md,vault/MA/Single-Variable-Calculus/CBC/9. Differential Equations/9.5. Slope Fields/Source/9.5.3. Slope Fields for Nonautonomous Differential Equations
74,3219,CBC.9.5.4,Analyzing Slope Fields for Directly Integrable Differential Equations,vault/MA/Single-Variable-Calculus/CBC/9. Differential Equations/9.5. Slope Fields/Lessons/9.5.4. Analyzing Slope Fields for Directly Integrable Differential Equations.md,vault/MA/Single-Variable-Calculus/CBC/9. Differential Equations/9.5. Slope Fields/Source/9.5.4. Analyzing Slope Fields for Directly Integrable Differential Equations
75,3220,CBC.9.5.5,Analyzing Slope Fields for Autonomous Differential Equations,vault/MA/Single-Variable-Calculus/CBC/9. Differential Equations/9.5. Slope Fields/Lessons/9.5.5. Analyzing Slope Fields for Autonomous Differential Equations.md,vault/MA/Single-Variable-Calculus/CBC/9. Differential Equations/9.5. Slope Fields/Source/9.5.5. Analyzing Slope Fields for Autonomous Differential Equations
76,3350,CBC.9.5.6,Analyzing Slope Fields for Nonautonomous Differential Equations,vault/MA/Single-Variable-Calculus/CBC/9. Differential Equations/9.5. Slope Fields/Lessons/9.5.6. Analyzing Slope Fields for Nonautonomous Differential Equations.md,vault/MA/Single-Variable-Calculus/CBC/9. Differential Equations/9.5. Slope Fields/Source/9.5.6. Analyzing Slope Fields for Nonautonomous Differential Equations
73,602,CBC.9.6.1,Euler's Method: Calculating One Step,vault/MA/Single-Variable-Calculus/CBC/9. Differential Equations/9.6. Numerical Solutions of Differential Equations/Lessons/9.6.1. Euler's Method- Calculating One Step.md,vault/MA/Single-Variable-Calculus/CBC/9. Differential Equations/9.6. Numerical Solutions of Differential Equations/Source/9.6.1. Euler's Method- Calculating One Step
74,3668,CBC.9.6.2,Euler's Method: Calculating Multiple Steps,vault/MA/Single-Variable-Calculus/CBC/9. Differential Equations/9.6. Numerical Solutions of Differential Equations/Lessons/9.6.2. Euler's Method- Calculating Multiple Steps.md,vault/MA/Single-Variable-Calculus/CBC/9. Differential Equations/9.6. Numerical Solutions of Differential Equations/Source/9.6.2. Euler's Method- Calculating Multiple Steps
70,1203,CBC.10.1.1,The Average Value of a Function,vault/MA/Single-Variable-Calculus/CBC/10. Applications of Integration/10.1. Applications of Integration/Lessons/10.1.1. The Average Value of a Function.md,vault/MA/Single-Variable-Calculus/CBC/10. Applications of Integration/10.1. Applications of Integration/Source/10.1.1. The Average Value of a Function
70,395,CBC.10.1.2,The Area Between Curves Expressed as Functions of X,vault/MA/Single-Variable-Calculus/CBC/10. Applications of Integration/10.1. Applications of Integration/Lessons/10.1.2. The Area Between Curves Expressed as Functions of X.md,vault/MA/Single-Variable-Calculus/CBC/10. Applications of Integration/10.1. Applications of Integration/Source/10.1.2. The Area Between Curves Expressed as Functions of X
71,402,CBC.10.1.3,The Area Between Curves Expressed as Functions of Y,vault/MA/Single-Variable-Calculus/CBC/10. Applications of Integration/10.1. Applications of Integration/Lessons/10.1.3. The Area Between Curves Expressed as Functions of Y.md,vault/MA/Single-Variable-Calculus/CBC/10. Applications of Integration/10.1. Applications of Integration/Source/10.1.3. The Area Between Curves Expressed as Functions of Y
72,311,CBC.10.1.4,Finding Areas Between Curves that Intersect at More Than Two Points,vault/MA/Single-Variable-Calculus/CBC/10. Applications of Integration/10.1. Applications of Integration/Lessons/10.1.4. Finding Areas Between Curves that Intersect at More Than Two Points.md,vault/MA/Single-Variable-Calculus/CBC/10. Applications of Integration/10.1. Applications of Integration/Source/10.1.4. Finding Areas Between Curves that Intersect at More Than Two Points
71,760,CBC.10.1.5,The Arc Length of a Planar Curve,vault/MA/Single-Variable-Calculus/CBC/10. Applications of Integration/10.1. Applications of Integration/Lessons/10.1.5. The Arc Length of a Planar Curve.md,vault/MA/Single-Variable-Calculus/CBC/10. Applications of Integration/10.1. Applications of Integration/Source/10.1.5. The Arc Length of a Planar Curve
72,1083,CBC.10.2.1,Volumes of Solids with Square Cross Sections,vault/MA/Single-Variable-Calculus/CBC/10. Applications of Integration/10.2. Volumes of Solids With Known Cross Sections/Lessons/10.2.1. Volumes of Solids with Square Cross Sections.md,vault/MA/Single-Variable-Calculus/CBC/10. Applications of Integration/10.2. Volumes of Solids With Known Cross Sections/Source/10.2.1. Volumes of Solids with Square Cross Sections
73,1248,CBC.10.2.2,Volumes of Solids with Rectangular Cross Sections,vault/MA/Single-Variable-Calculus/CBC/10. Applications of Integration/10.2. Volumes of Solids With Known Cross Sections/Lessons/10.2.2. Volumes of Solids with Rectangular Cross Sections.md,vault/MA/Single-Variable-Calculus/CBC/10. Applications of Integration/10.2. Volumes of Solids With Known Cross Sections/Source/10.2.2. Volumes of Solids with Rectangular Cross Sections
73,1276,CBC.10.2.3,Volumes of Solids with Triangular Cross Sections,vault/MA/Single-Variable-Calculus/CBC/10. Applications of Integration/10.2. Volumes of Solids With Known Cross Sections/Lessons/10.2.3. Volumes of Solids with Triangular Cross Sections.md,vault/MA/Single-Variable-Calculus/CBC/10. Applications of Integration/10.2. Volumes of Solids With Known Cross Sections/Source/10.2.3. Volumes of Solids with Triangular Cross Sections
73,1280,CBC.10.2.4,Volumes of Solids with Circular Cross Sections,vault/MA/Single-Variable-Calculus/CBC/10. Applications of Integration/10.2. Volumes of Solids With Known Cross Sections/Lessons/10.2.4. Volumes of Solids with Circular Cross Sections.md,vault/MA/Single-Variable-Calculus/CBC/10. Applications of Integration/10.2. Volumes of Solids With Known Cross Sections/Source/10.2.4. Volumes of Solids with Circular Cross Sections
71,413,CBC.10.3.1,Volumes of Revolution Using the Disc Method: Rotation About the Coordinate Axes,vault/MA/Single-Variable-Calculus/CBC/10. Applications of Integration/10.3. Volumes of Revolution/Lessons/10.3.1. Volumes of Revolution Using the Disc Method- Rotation About the Coordinate Axes.md,vault/MA/Single-Variable-Calculus/CBC/10. Applications of Integration/10.3. Volumes of Revolution/Source/10.3.1. Volumes of Revolution Using the Disc Method- Rotation About the Coordinate Axes
72,1677,CBC.10.3.2,Volumes of Revolution Using the Disc Method: Rotation About Other Axes,vault/MA/Single-Variable-Calculus/CBC/10. Applications of Integration/10.3. Volumes of Revolution/Lessons/10.3.2. Volumes of Revolution Using the Disc Method- Rotation About Other Axes.md,vault/MA/Single-Variable-Calculus/CBC/10. Applications of Integration/10.3. Volumes of Revolution/Source/10.3.2. Volumes of Revolution Using the Disc Method- Rotation About Other Axes
72,414,CBC.10.3.3,Volumes of Revolution Using the Washer Method: Rotation About the Coordinate Axes,vault/MA/Single-Variable-Calculus/CBC/10. Applications of Integration/10.3. Volumes of Revolution/Lessons/10.3.3. Volumes of Revolution Using the Washer Method- Rotation About the Coordinate Axes.md,vault/MA/Single-Variable-Calculus/CBC/10. Applications of Integration/10.3. Volumes of Revolution/Source/10.3.3. Volumes of Revolution Using the Washer Method- Rotation About the Coordinate Axes
73,1082,CBC.10.3.4,Volumes of Revolution Using the Washer Method: Rotation About Other Axes,vault/MA/Single-Variable-Calculus/CBC/10. Applications of Integration/10.3. Volumes of Revolution/Lessons/10.3.4. Volumes of Revolution Using the Washer Method- Rotation About Other Axes.md,vault/MA/Single-Variable-Calculus/CBC/10. Applications of Integration/10.3. Volumes of Revolution/Source/10.3.4. Volumes of Revolution Using the Washer Method- Rotation About Other Axes
63,798,CBC.11.1.1,Differentiating Parametric Curves,vault/MA/Single-Variable-Calculus/CBC/11. Parametric Equations/11.1. Parametric Equations/Lessons/11.1.1. Differentiating Parametric Curves.md,vault/MA/Single-Variable-Calculus/CBC/11. Parametric Equations/11.1. Parametric Equations/Source/11.1.1. Differentiating Parametric Curves
64,799,CBC.11.1.2,Calculating Tangent and Normal Lines with Parametric Equations,vault/MA/Single-Variable-Calculus/CBC/11. Parametric Equations/11.1. Parametric Equations/Lessons/11.1.2. Calculating Tangent and Normal Lines with Parametric Equations.md,vault/MA/Single-Variable-Calculus/CBC/11. Parametric Equations/11.1. Parametric Equations/Source/11.1.2. Calculating Tangent and Normal Lines with Parametric Equations
64,431,CBC.11.1.3,Second Derivatives of Parametric Equations,vault/MA/Single-Variable-Calculus/CBC/11. Parametric Equations/11.1. Parametric Equations/Lessons/11.1.3. Second Derivatives of Parametric Equations.md,vault/MA/Single-Variable-Calculus/CBC/11. Parametric Equations/11.1. Parametric Equations/Source/11.1.3. Second Derivatives of Parametric Equations
73,997,CBC.11.1.4,The Arc Length of a Parametric Curve,vault/MA/Single-Variable-Calculus/CBC/11. Parametric Equations/11.1. Parametric Equations/Lessons/11.1.4. The Arc Length of a Parametric Curve.md,vault/MA/Single-Variable-Calculus/CBC/11. Parametric Equations/11.1. Parametric Equations/Source/11.1.4. The Arc Length of a Parametric Curve
61,475,CBC.11.2.1,Defining Vector-Valued Functions,vault/MA/Single-Variable-Calculus/CBC/11. Parametric Equations/11.2. Vector-Valued Functions/Lessons/11.2.1. Defining Vector-Valued Functions.md,vault/MA/Single-Variable-Calculus/CBC/11. Parametric Equations/11.2. Vector-Valued Functions/Source/11.2.1. Defining Vector-Valued Functions
66,4139,CBC.11.2.2,Differentiating Vector-Valued Functions,vault/MA/Single-Variable-Calculus/CBC/11. Parametric Equations/11.2. Vector-Valued Functions/Lessons/11.2.2. Differentiating Vector-Valued Functions.md,vault/MA/Single-Variable-Calculus/CBC/11. Parametric Equations/11.2. Vector-Valued Functions/Source/11.2.2. Differentiating Vector-Valued Functions
71,1085,CBC.11.2.3,Integrating Vector-Valued Functions,vault/MA/Single-Variable-Calculus/CBC/11. Parametric Equations/11.2. Vector-Valued Functions/Lessons/11.2.3. Integrating Vector-Valued Functions.md,vault/MA/Single-Variable-Calculus/CBC/11. Parametric Equations/11.2. Vector-Valued Functions/Source/11.2.3. Integrating Vector-Valued Functions
65,998,CBC.12.1.1,Differentiating Curves Given in Polar Form,vault/MA/Single-Variable-Calculus/CBC/12. Polar Equations/12.1. Polar Coordinates/Lessons/12.1.1. Differentiating Curves Given in Polar Form.md,vault/MA/Single-Variable-Calculus/CBC/12. Polar Equations/12.1. Polar Coordinates/Source/12.1.1. Differentiating Curves Given in Polar Form
70,3854,CBC.12.1.2,Further Differentiation of Curves Given in Polar Form,vault/MA/Single-Variable-Calculus/CBC/12. Polar Equations/12.1. Polar Coordinates/Lessons/12.1.2. Further Differentiation of Curves Given in Polar Form.md,vault/MA/Single-Variable-Calculus/CBC/12. Polar Equations/12.1. Polar Coordinates/Source/12.1.2. Further Differentiation of Curves Given in Polar Form
68,3584,CBC.12.1.3,Horizontal and Vertical Tangents to Polar Curves,vault/MA/Single-Variable-Calculus/CBC/12. Polar Equations/12.1. Polar Coordinates/Lessons/12.1.3. Horizontal and Vertical Tangents to Polar Curves.md,vault/MA/Single-Variable-Calculus/CBC/12. Polar Equations/12.1. Polar Coordinates/Source/12.1.3. Horizontal and Vertical Tangents to Polar Curves
69,3895,CBC.12.1.4,Horizontal and Vertical Tangents to Polar Curves in Non-Differentiable Cases,vault/MA/Single-Variable-Calculus/CBC/12. Polar Equations/12.1. Polar Coordinates/Lessons/12.1.4. Horizontal and Vertical Tangents to Polar Curves in Non-Differentiable Cases.md,vault/MA/Single-Variable-Calculus/CBC/12. Polar Equations/12.1. Polar Coordinates/Source/12.1.4. Horizontal and Vertical Tangents to Polar Curves in Non-Differentiable Cases
66,3834,CBC.12.1.5,Tangent and Normal Lines to Polar Curves,vault/MA/Single-Variable-Calculus/CBC/12. Polar Equations/12.1. Polar Coordinates/Lessons/12.1.5. Tangent and Normal Lines to Polar Curves.md,vault/MA/Single-Variable-Calculus/CBC/12. Polar Equations/12.1. Polar Coordinates/Source/12.1.5. Tangent and Normal Lines to Polar Curves
73,1000,CBC.12.1.6,Finding the Area of a Polar Region,vault/MA/Single-Variable-Calculus/CBC/12. Polar Equations/12.1. Polar Coordinates/Lessons/12.1.6. Finding the Area of a Polar Region.md,vault/MA/Single-Variable-Calculus/CBC/12. Polar Equations/12.1. Polar Coordinates/Source/12.1.6. Finding the Area of a Polar Region
74,1345,CBC.12.1.7,Finding the Limits of Integration For a Given Polar Region,vault/MA/Single-Variable-Calculus/CBC/12. Polar Equations/12.1. Polar Coordinates/Lessons/12.1.7. Finding the Limits of Integration For a Given Polar Region.md,vault/MA/Single-Variable-Calculus/CBC/12. Polar Equations/12.1. Polar Coordinates/Source/12.1.7. Finding the Limits of Integration For a Given Polar Region
75,2833,CBC.12.1.8,The Total Area Bounded by a Single Polar Curve,vault/MA/Single-Variable-Calculus/CBC/12. Polar Equations/12.1. Polar Coordinates/Lessons/12.1.8. The Total Area Bounded by a Single Polar Curve.md,vault/MA/Single-Variable-Calculus/CBC/12. Polar Equations/12.1. Polar Coordinates/Source/12.1.8. The Total Area Bounded by a Single Polar Curve
76,1001,CBC.12.1.9,The Area Bounded by Two Polar Curves,vault/MA/Single-Variable-Calculus/CBC/12. Polar Equations/12.1. Polar Coordinates/Lessons/12.1.9. The Area Bounded by Two Polar Curves.md,vault/MA/Single-Variable-Calculus/CBC/12. Polar Equations/12.1. Polar Coordinates/Source/12.1.9. The Area Bounded by Two Polar Curves
72,999,CBC.12.1.10,The Arc Length of a Polar Curve,vault/MA/Single-Variable-Calculus/CBC/12. Polar Equations/12.1. Polar Coordinates/Lessons/12.1.10. The Arc Length of a Polar Curve.md,vault/MA/Single-Variable-Calculus/CBC/12. Polar Equations/12.1. Polar Coordinates/Source/12.1.10. The Arc Length of a Polar Curve
63,284,CBC.13.1.1,Calculating Velocity for Straight-Line Motion Using Differentiation,"vault/MA/Single-Variable-Calculus/CBC/13. Particle Dynamics/13.1. Displacement, Velocity, and Acceleration/Lessons/13.1.1. Calculating Velocity for Straight-Line Motion Using Differentiation.md","vault/MA/Single-Variable-Calculus/CBC/13. Particle Dynamics/13.1. Displacement, Velocity, and Acceleration/Source/13.1.1. Calculating Velocity for Straight-Line Motion Using Differentiation"
64,824,CBC.13.1.2,Calculating Acceleration for Straight-Line Motion Using Differentiation,"vault/MA/Single-Variable-Calculus/CBC/13. Particle Dynamics/13.1. Displacement, Velocity, and Acceleration/Lessons/13.1.2. Calculating Acceleration for Straight-Line Motion Using Differentiation.md","vault/MA/Single-Variable-Calculus/CBC/13. Particle Dynamics/13.1. Displacement, Velocity, and Acceleration/Source/13.1.2. Calculating Acceleration for Straight-Line Motion Using Differentiation"
65,3581,CBC.13.1.3,Determining Characteristics of Moving Objects Using Differentiation,"vault/MA/Single-Variable-Calculus/CBC/13. Particle Dynamics/13.1. Displacement, Velocity, and Acceleration/Lessons/13.1.3. Determining Characteristics of Moving Objects Using Differentiation.md","vault/MA/Single-Variable-Calculus/CBC/13. Particle Dynamics/13.1. Displacement, Velocity, and Acceleration/Source/13.1.3. Determining Characteristics of Moving Objects Using Differentiation"
71,762,CBC.13.2.1,Calculating Velocity Using Integration,"vault/MA/Single-Variable-Calculus/CBC/13. Particle Dynamics/13.2. Connecting Position, Velocity and Acceleration Using Integrals/Lessons/13.2.1. Calculating Velocity Using Integration.md","vault/MA/Single-Variable-Calculus/CBC/13. Particle Dynamics/13.2. Connecting Position, Velocity and Acceleration Using Integrals/Source/13.2.1. Calculating Velocity Using Integration"
72,3582,CBC.13.2.2,Determining Characteristics of Moving Objects Using Integration,"vault/MA/Single-Variable-Calculus/CBC/13. Particle Dynamics/13.2. Connecting Position, Velocity and Acceleration Using Integrals/Lessons/13.2.2. Determining Characteristics of Moving Objects Using Integration.md","vault/MA/Single-Variable-Calculus/CBC/13. Particle Dynamics/13.2. Connecting Position, Velocity and Acceleration Using Integrals/Source/13.2.2. Determining Characteristics of Moving Objects Using Integration"
72,335,CBC.13.2.3,Calculating the Position Function of a Particle Using Integration,"vault/MA/Single-Variable-Calculus/CBC/13. Particle Dynamics/13.2. Connecting Position, Velocity and Acceleration Using Integrals/Lessons/13.2.3. Calculating the Position Function of a Particle Using Integration.md","vault/MA/Single-Variable-Calculus/CBC/13. Particle Dynamics/13.2. Connecting Position, Velocity and Acceleration Using Integrals/Source/13.2.3. Calculating the Position Function of a Particle Using Integration"
73,3576,CBC.13.2.4,Calculating the Displacement of a Particle Using Integration,"vault/MA/Single-Variable-Calculus/CBC/13. Particle Dynamics/13.2. Connecting Position, Velocity and Acceleration Using Integrals/Lessons/13.2.4. Calculating the Displacement of a Particle Using Integration.md","vault/MA/Single-Variable-Calculus/CBC/13. Particle Dynamics/13.2. Connecting Position, Velocity and Acceleration Using Integrals/Source/13.2.4. Calculating the Displacement of a Particle Using Integration"
74,636,CBC.13.2.5,Calculating the Total Distance Traveled by a Particle,"vault/MA/Single-Variable-Calculus/CBC/13. Particle Dynamics/13.2. Connecting Position, Velocity and Acceleration Using Integrals/Lessons/13.2.5. Calculating the Total Distance Traveled by a Particle.md","vault/MA/Single-Variable-Calculus/CBC/13. Particle Dynamics/13.2. Connecting Position, Velocity and Acceleration Using Integrals/Source/13.2.5. Calculating the Total Distance Traveled by a Particle"
71,1079,CBC.13.2.6,"Average Position, Velocity, and Acceleration","vault/MA/Single-Variable-Calculus/CBC/13. Particle Dynamics/13.2. Connecting Position, Velocity and Acceleration Using Integrals/Lessons/13.2.6. Average Position, Velocity, and Acceleration.md","vault/MA/Single-Variable-Calculus/CBC/13. Particle Dynamics/13.2. Connecting Position, Velocity and Acceleration Using Integrals/Source/13.2.6. Average Position, Velocity, and Acceleration"
67,763,CBC.13.3.1,Calculating Velocity for Plane Motion Using Differentiation,vault/MA/Single-Variable-Calculus/CBC/13. Particle Dynamics/13.3. The Planar Motion of a Particle/Lessons/13.3.1. Calculating Velocity for Plane Motion Using Differentiation.md,vault/MA/Single-Variable-Calculus/CBC/13. Particle Dynamics/13.3. The Planar Motion of a Particle/Source/13.3.1. Calculating Velocity for Plane Motion Using Differentiation
72,825,CBC.13.3.2,Calculating Acceleration for Plane Motion Using Differentiation,vault/MA/Single-Variable-Calculus/CBC/13. Particle Dynamics/13.3. The Planar Motion of a Particle/Lessons/13.3.2. Calculating Acceleration for Plane Motion Using Differentiation.md,vault/MA/Single-Variable-Calculus/CBC/13. Particle Dynamics/13.3. The Planar Motion of a Particle/Source/13.3.2. Calculating Acceleration for Plane Motion Using Differentiation
73,826,CBC.13.3.3,Finding Velocity Vectors in Two Dimensions Using Integration,vault/MA/Single-Variable-Calculus/CBC/13. Particle Dynamics/13.3. The Planar Motion of a Particle/Lessons/13.3.3. Finding Velocity Vectors in Two Dimensions Using Integration.md,vault/MA/Single-Variable-Calculus/CBC/13. Particle Dynamics/13.3. The Planar Motion of a Particle/Source/13.3.3. Finding Velocity Vectors in Two Dimensions Using Integration
74,648,CBC.13.3.4,Finding Displacement Vectors in Two Dimensions Using Integration,vault/MA/Single-Variable-Calculus/CBC/13. Particle Dynamics/13.3. The Planar Motion of a Particle/Lessons/13.3.4. Finding Displacement Vectors in Two Dimensions Using Integration.md,vault/MA/Single-Variable-Calculus/CBC/13. Particle Dynamics/13.3. The Planar Motion of a Particle/Source/13.3.4. Finding Displacement Vectors in Two Dimensions Using Integration
65,1087,CBC.14.1.1,Limits of Sequences,vault/MA/Single-Variable-Calculus/CBC/14. Sequences & Series/14.1. Sequences/Lessons/14.1.1. Limits of Sequences.md,vault/MA/Single-Variable-Calculus/CBC/14. Sequences & Series/14.1. Sequences/Source/14.1.1. Limits of Sequences
64,1088,CBC.14.1.2,Convergence of Geometric Sequences,vault/MA/Single-Variable-Calculus/CBC/14. Sequences & Series/14.1. Sequences/Lessons/14.1.2. Convergence of Geometric Sequences.md,vault/MA/Single-Variable-Calculus/CBC/14. Sequences & Series/14.1. Sequences/Source/14.1.2. Convergence of Geometric Sequences
65,3838,CBC.14.1.3,Further Convergence of Geometric Sequences,vault/MA/Single-Variable-Calculus/CBC/14. Sequences & Series/14.1. Sequences/Lessons/14.1.3. Further Convergence of Geometric Sequences.md,vault/MA/Single-Variable-Calculus/CBC/14. Sequences & Series/14.1. Sequences/Source/14.1.3. Further Convergence of Geometric Sequences
66,1089,CBC.14.1.4,Limits of Sequences With Factorials,vault/MA/Single-Variable-Calculus/CBC/14. Sequences & Series/14.1. Sequences/Lessons/14.1.4. Limits of Sequences With Factorials.md,vault/MA/Single-Variable-Calculus/CBC/14. Sequences & Series/14.1. Sequences/Source/14.1.4. Limits of Sequences With Factorials
66,1245,CBC.14.1.5,Determining Limits of Sequences Using Relative Magnitudes,vault/MA/Single-Variable-Calculus/CBC/14. Sequences & Series/14.1. Sequences/Lessons/14.1.5. Determining Limits of Sequences Using Relative Magnitudes.md,vault/MA/Single-Variable-Calculus/CBC/14. Sequences & Series/14.1. Sequences/Source/14.1.5. Determining Limits of Sequences Using Relative Magnitudes
67,3539,CBC.14.1.6,Further Determining Limits of Sequences Using Relative Magnitudes,vault/MA/Single-Variable-Calculus/CBC/14. Sequences & Series/14.1. Sequences/Lessons/14.1.6. Further Determining Limits of Sequences Using Relative Magnitudes.md,vault/MA/Single-Variable-Calculus/CBC/14. Sequences & Series/14.1. Sequences/Source/14.1.6. Further Determining Limits of Sequences Using Relative Magnitudes
60,1096,CBC.14.2.1,Monotonic Sequences,vault/MA/Single-Variable-Calculus/CBC/14. Sequences & Series/14.2. Monotonic Sequences/Lessons/14.2.1. Monotonic Sequences.md,vault/MA/Single-Variable-Calculus/CBC/14. Sequences & Series/14.2. Monotonic Sequences/Source/14.2.1. Monotonic Sequences
69,3844,CBC.14.2.2,Identifying Monotonic Sequences Using Differentiation,vault/MA/Single-Variable-Calculus/CBC/14. Sequences & Series/14.2. Monotonic Sequences/Lessons/14.2.2. Identifying Monotonic Sequences Using Differentiation.md,vault/MA/Single-Variable-Calculus/CBC/14. Sequences & Series/14.2. Monotonic Sequences/Source/14.2.2. Identifying Monotonic Sequences Using Differentiation
61,3861,CBC.14.2.3,Identifying Monotonic Sequences Using Ratios,vault/MA/Single-Variable-Calculus/CBC/14. Sequences & Series/14.2. Monotonic Sequences/Lessons/14.2.3. Identifying Monotonic Sequences Using Ratios.md,vault/MA/Single-Variable-Calculus/CBC/14. Sequences & Series/14.2. Monotonic Sequences/Source/14.2.3. Identifying Monotonic Sequences Using Ratios
64,981,CBC.14.3.1,Infinite Series and Partial Sums,vault/MA/Single-Variable-Calculus/CBC/14. Sequences & Series/14.3. Infinite Series/Lessons/14.3.1. Infinite Series and Partial Sums.md,vault/MA/Single-Variable-Calculus/CBC/14. Sequences & Series/14.3. Infinite Series/Source/14.3.1. Infinite Series and Partial Sums
65,982,CBC.14.3.2,Convergent and Divergent Infinite Series,vault/MA/Single-Variable-Calculus/CBC/14. Sequences & Series/14.3. Infinite Series/Lessons/14.3.2. Convergent and Divergent Infinite Series.md,vault/MA/Single-Variable-Calculus/CBC/14. Sequences & Series/14.3. Infinite Series/Source/14.3.2. Convergent and Divergent Infinite Series
66,983,CBC.14.3.3,Properties of Infinite Series,vault/MA/Single-Variable-Calculus/CBC/14. Sequences & Series/14.3. Infinite Series/Lessons/14.3.3. Properties of Infinite Series.md,vault/MA/Single-Variable-Calculus/CBC/14. Sequences & Series/14.3. Infinite Series/Source/14.3.3. Properties of Infinite Series
67,4052,CBC.14.3.4,Further Properties of Infinite Series,vault/MA/Single-Variable-Calculus/CBC/14. Sequences & Series/14.3. Infinite Series/Lessons/14.3.4. Further Properties of Infinite Series.md,vault/MA/Single-Variable-Calculus/CBC/14. Sequences & Series/14.3. Infinite Series/Source/14.3.4. Further Properties of Infinite Series
69,1176,CBC.14.3.5,Telescoping Series,vault/MA/Single-Variable-Calculus/CBC/14. Sequences & Series/14.3. Infinite Series/Lessons/14.3.5. Telescoping Series.md,vault/MA/Single-Variable-Calculus/CBC/14. Sequences & Series/14.3. Infinite Series/Source/14.3.5. Telescoping Series
65,691,CBC.14.4.1,Finding the Sum of an Infinite Geometric Series,vault/MA/Single-Variable-Calculus/CBC/14. Sequences & Series/14.4. Geometric Series/Lessons/14.4.1. Finding the Sum of an Infinite Geometric Series.md,vault/MA/Single-Variable-Calculus/CBC/14. Sequences & Series/14.4. Geometric Series/Source/14.4.1. Finding the Sum of an Infinite Geometric Series
65,686,CBC.14.4.2,Writing an Infinite Geometric Series in Sigma Notation,vault/MA/Single-Variable-Calculus/CBC/14. Sequences & Series/14.4. Geometric Series/Lessons/14.4.2. Writing an Infinite Geometric Series in Sigma Notation.md,vault/MA/Single-Variable-Calculus/CBC/14. Sequences & Series/14.4. Geometric Series/Source/14.4.2. Writing an Infinite Geometric Series in Sigma Notation
66,1020,CBC.14.4.3,Sums of Infinite Geometric Series Given in Sigma Notation,vault/MA/Single-Variable-Calculus/CBC/14. Sequences & Series/14.4. Geometric Series/Lessons/14.4.3. Sums of Infinite Geometric Series Given in Sigma Notation.md,vault/MA/Single-Variable-Calculus/CBC/14. Sequences & Series/14.4. Geometric Series/Source/14.4.3. Sums of Infinite Geometric Series Given in Sigma Notation
68,684,CBC.14.4.4,Convergence of Geometric Series,vault/MA/Single-Variable-Calculus/CBC/14. Sequences & Series/14.4. Geometric Series/Lessons/14.4.4. Convergence of Geometric Series.md,vault/MA/Single-Variable-Calculus/CBC/14. Sequences & Series/14.4. Geometric Series/Source/14.4.4. Convergence of Geometric Series
66,689,CBC.14.4.5,Repeating Decimals as Infinite Geometric Series,vault/MA/Single-Variable-Calculus/CBC/14. Sequences & Series/14.4. Geometric Series/Lessons/14.4.5. Repeating Decimals as Infinite Geometric Series.md,vault/MA/Single-Variable-Calculus/CBC/14. Sequences & Series/14.4. Geometric Series/Source/14.4.5. Repeating Decimals as Infinite Geometric Series
68,743,CBC.14.5.1,The Nth Term Test for Divergence,vault/MA/Single-Variable-Calculus/CBC/14. Sequences & Series/14.5. Infinite Series Convergence Tests/Lessons/14.5.1. The Nth Term Test for Divergence.md,vault/MA/Single-Variable-Calculus/CBC/14. Sequences & Series/14.5. Infinite Series Convergence Tests/Source/14.5.1. The Nth Term Test for Divergence
70,744,CBC.14.5.2,The Integral Test,vault/MA/Single-Variable-Calculus/CBC/14. Sequences & Series/14.5. Infinite Series Convergence Tests/Lessons/14.5.2. The Integral Test.md,vault/MA/Single-Variable-Calculus/CBC/14. Sequences & Series/14.5. Infinite Series Convergence Tests/Source/14.5.2. The Integral Test
68,860,CBC.14.5.3,Harmonic Series and p-Series,vault/MA/Single-Variable-Calculus/CBC/14. Sequences & Series/14.5. Infinite Series Convergence Tests/Lessons/14.5.3. Harmonic Series and p-Series.md,vault/MA/Single-Variable-Calculus/CBC/14. Sequences & Series/14.5. Infinite Series Convergence Tests/Source/14.5.3. Harmonic Series and p-Series
69,745,CBC.14.5.4,The Comparison Test,vault/MA/Single-Variable-Calculus/CBC/14. Sequences & Series/14.5. Infinite Series Convergence Tests/Lessons/14.5.4. The Comparison Test.md,vault/MA/Single-Variable-Calculus/CBC/14. Sequences & Series/14.5. Infinite Series Convergence Tests/Source/14.5.4. The Comparison Test
70,750,CBC.14.5.5,The Limit Comparison Test,vault/MA/Single-Variable-Calculus/CBC/14. Sequences & Series/14.5. Infinite Series Convergence Tests/Lessons/14.5.5. The Limit Comparison Test.md,vault/MA/Single-Variable-Calculus/CBC/14. Sequences & Series/14.5. Infinite Series Convergence Tests/Source/14.5.5. The Limit Comparison Test
70,747,CBC.14.5.6,The Alternating Series Test,vault/MA/Single-Variable-Calculus/CBC/14. Sequences & Series/14.5. Infinite Series Convergence Tests/Lessons/14.5.6. The Alternating Series Test.md,vault/MA/Single-Variable-Calculus/CBC/14. Sequences & Series/14.5. Infinite Series Convergence Tests/Source/14.5.6. The Alternating Series Test
67,746,CBC.14.5.7,The Ratio Test,vault/MA/Single-Variable-Calculus/CBC/14. Sequences & Series/14.5. Infinite Series Convergence Tests/Lessons/14.5.7. The Ratio Test.md,vault/MA/Single-Variable-Calculus/CBC/14. Sequences & Series/14.5. Infinite Series Convergence Tests/Source/14.5.7. The Ratio Test
71,748,CBC.14.5.8,Absolute and Conditional Convergence,vault/MA/Single-Variable-Calculus/CBC/14. Sequences & Series/14.5. Infinite Series Convergence Tests/Lessons/14.5.8. Absolute and Conditional Convergence.md,vault/MA/Single-Variable-Calculus/CBC/14. Sequences & Series/14.5. Infinite Series Convergence Tests/Source/14.5.8. Absolute and Conditional Convergence
71,1174,CBC.14.5.9,The Alternating Series Error Bound,vault/MA/Single-Variable-Calculus/CBC/14. Sequences & Series/14.5. Infinite Series Convergence Tests/Lessons/14.5.9. The Alternating Series Error Bound.md,vault/MA/Single-Variable-Calculus/CBC/14. Sequences & Series/14.5. Infinite Series Convergence Tests/Source/14.5.9. The Alternating Series Error Bound
71,3858,CBC.14.5.10,Determining Convergence Parameters for Infinite Series,vault/MA/Single-Variable-Calculus/CBC/14. Sequences & Series/14.5. Infinite Series Convergence Tests/Lessons/14.5.10. Determining Convergence Parameters for Infinite Series.md,vault/MA/Single-Variable-Calculus/CBC/14. Sequences & Series/14.5. Infinite Series Convergence Tests/Source/14.5.10. Determining Convergence Parameters for Infinite Series
71,1172,CBC.14.5.11,Selecting Procedures for Analyzing Infinite Series,vault/MA/Single-Variable-Calculus/CBC/14. Sequences & Series/14.5. Infinite Series Convergence Tests/Lessons/14.5.11. Selecting Procedures for Analyzing Infinite Series.md,vault/MA/Single-Variable-Calculus/CBC/14. Sequences & Series/14.5. Infinite Series Convergence Tests/Source/14.5.11. Selecting Procedures for Analyzing Infinite Series
71,1177,CBC.15.1.1,Second-Degree Taylor Polynomials,vault/MA/Single-Variable-Calculus/CBC/15. Power Series/15.1. Taylor Polynomials/Lessons/15.1.1. Second-Degree Taylor Polynomials.md,vault/MA/Single-Variable-Calculus/CBC/15. Power Series/15.1. Taylor Polynomials/Source/15.1.1. Second-Degree Taylor Polynomials
72,3825,CBC.15.1.2,Analyzing Second-Degree Taylor Polynomials,vault/MA/Single-Variable-Calculus/CBC/15. Power Series/15.1. Taylor Polynomials/Lessons/15.1.2. Analyzing Second-Degree Taylor Polynomials.md,vault/MA/Single-Variable-Calculus/CBC/15. Power Series/15.1. Taylor Polynomials/Source/15.1.2. Analyzing Second-Degree Taylor Polynomials
73,1222,CBC.15.1.3,Third-Degree Taylor Polynomials,vault/MA/Single-Variable-Calculus/CBC/15. Power Series/15.1. Taylor Polynomials/Lessons/15.1.3. Third-Degree Taylor Polynomials.md,vault/MA/Single-Variable-Calculus/CBC/15. Power Series/15.1. Taylor Polynomials/Source/15.1.3. Third-Degree Taylor Polynomials
74,3771,CBC.15.1.4,Higher-Degree Taylor Polynomials,vault/MA/Single-Variable-Calculus/CBC/15. Power Series/15.1. Taylor Polynomials/Lessons/15.1.4. Higher-Degree Taylor Polynomials.md,vault/MA/Single-Variable-Calculus/CBC/15. Power Series/15.1. Taylor Polynomials/Source/15.1.4. Higher-Degree Taylor Polynomials
75,1080,CBC.15.1.5,The Lagrange Error Bound,vault/MA/Single-Variable-Calculus/CBC/15. Power Series/15.1. Taylor Polynomials/Lessons/15.1.5. The Lagrange Error Bound.md,vault/MA/Single-Variable-Calculus/CBC/15. Power Series/15.1. Taylor Polynomials/Source/15.1.5. The Lagrange Error Bound
76,984,CBC.15.2.1,Radius of Convergence of Power Series Centered at the Origin,vault/MA/Single-Variable-Calculus/CBC/15. Power Series/15.2. Taylor Series/Lessons/15.2.1. Radius of Convergence of Power Series Centered at the Origin.md,vault/MA/Single-Variable-Calculus/CBC/15. Power Series/15.2. Taylor Series/Source/15.2.1. Radius of Convergence of Power Series Centered at the Origin
77,3560,CBC.15.2.2,Radius of Convergence of Power Series,vault/MA/Single-Variable-Calculus/CBC/15. Power Series/15.2. Taylor Series/Lessons/15.2.2. Radius of Convergence of Power Series.md,vault/MA/Single-Variable-Calculus/CBC/15. Power Series/15.2. Taylor Series/Source/15.2.2. Radius of Convergence of Power Series
75,340,CBC.15.2.3,Maclaurin Series,vault/MA/Single-Variable-Calculus/CBC/15. Power Series/15.2. Taylor Series/Lessons/15.2.3. Maclaurin Series.md,vault/MA/Single-Variable-Calculus/CBC/15. Power Series/15.2. Taylor Series/Source/15.2.3. Maclaurin Series
76,3826,CBC.15.2.4,Taylor Series,vault/MA/Single-Variable-Calculus/CBC/15. Power Series/15.2. Taylor Series/Lessons/15.2.4. Taylor Series.md,vault/MA/Single-Variable-Calculus/CBC/15. Power Series/15.2. Taylor Series/Source/15.2.4. Taylor Series
77,885,CBC.15.2.5,Representing Functions as Power Series,vault/MA/Single-Variable-Calculus/CBC/15. Power Series/15.2. Taylor Series/Lessons/15.2.5. Representing Functions as Power Series.md,vault/MA/Single-Variable-Calculus/CBC/15. Power Series/15.2. Taylor Series/Source/15.2.5. Representing Functions as Power Series
78,884,CBC.15.2.6,Recognizing Standard Maclaurin Series,vault/MA/Single-Variable-Calculus/CBC/15. Power Series/15.2. Taylor Series/Lessons/15.2.6. Recognizing Standard Maclaurin Series.md,vault/MA/Single-Variable-Calculus/CBC/15. Power Series/15.2. Taylor Series/Source/15.2.6. Recognizing Standard Maclaurin Series
79,3573,CBC.15.2.7,Recognizing Standard Maclaurin Series for Trigonometric Functions,vault/MA/Single-Variable-Calculus/CBC/15. Power Series/15.2. Taylor Series/Lessons/15.2.7. Recognizing Standard Maclaurin Series for Trigonometric Functions.md,vault/MA/Single-Variable-Calculus/CBC/15. Power Series/15.2. Taylor Series/Source/15.2.7. Recognizing Standard Maclaurin Series for Trigonometric Functions
77,36,CBC.15.2.8,Differentiating Taylor Series,vault/MA/Single-Variable-Calculus/CBC/15. Power Series/15.2. Taylor Series/Lessons/15.2.8. Differentiating Taylor Series.md,vault/MA/Single-Variable-Calculus/CBC/15. Power Series/15.2. Taylor Series/Source/15.2.8. Differentiating Taylor Series
78,886,CBC.15.2.9,Approximating Integrals Using Taylor Series,vault/MA/Single-Variable-Calculus/CBC/15. Power Series/15.2. Taylor Series/Lessons/15.2.9. Approximating Integrals Using Taylor Series.md,vault/MA/Single-Variable-Calculus/CBC/15. Power Series/15.2. Taylor Series/Source/15.2.9. Approximating Integrals Using Taylor Series
56,1832,CBC.16.1.1,Evaluating Expressions Using a Graphing Calculator,vault/MA/Single-Variable-Calculus/CBC/16. Applications of Technology/16.1. Using Graphing Calculators/Lessons/16.1.1. Evaluating Expressions Using a Graphing Calculator.md,vault/MA/Single-Variable-Calculus/CBC/16. Applications of Technology/16.1. Using Graphing Calculators/Source/16.1.1. Evaluating Expressions Using a Graphing Calculator
57,3116,CBC.16.1.2,Finding Roots of Functions Using a Graphing Calculator,vault/MA/Single-Variable-Calculus/CBC/16. Applications of Technology/16.1. Using Graphing Calculators/Lessons/16.1.2. Finding Roots of Functions Using a Graphing Calculator.md,vault/MA/Single-Variable-Calculus/CBC/16. Applications of Technology/16.1. Using Graphing Calculators/Source/16.1.2. Finding Roots of Functions Using a Graphing Calculator
58,3956,CBC.16.1.3,Finding Intersections of Functions Using a Graphing Calculator,vault/MA/Single-Variable-Calculus/CBC/16. Applications of Technology/16.1. Using Graphing Calculators/Lessons/16.1.3. Finding Intersections of Functions Using a Graphing Calculator.md,vault/MA/Single-Variable-Calculus/CBC/16. Applications of Technology/16.1. Using Graphing Calculators/Source/16.1.3. Finding Intersections of Functions Using a Graphing Calculator
67,3128,CBC.16.1.4,Finding Extrema of Functions Using a Graphing Calculator,vault/MA/Single-Variable-Calculus/CBC/16. Applications of Technology/16.1. Using Graphing Calculators/Lessons/16.1.4. Finding Extrema of Functions Using a Graphing Calculator.md,vault/MA/Single-Variable-Calculus/CBC/16. Applications of Technology/16.1. Using Graphing Calculators/Source/16.1.4. Finding Extrema of Functions Using a Graphing Calculator
58,3172,CBC.16.1.5,Finding Derivatives Using a Graphing Calculator,vault/MA/Single-Variable-Calculus/CBC/16. Applications of Technology/16.1. Using Graphing Calculators/Lessons/16.1.5. Finding Derivatives Using a Graphing Calculator.md,vault/MA/Single-Variable-Calculus/CBC/16. Applications of Technology/16.1. Using Graphing Calculators/Source/16.1.5. Finding Derivatives Using a Graphing Calculator
69,4080,CBC.16.1.6,Finding Definite Integrals Using a Graphing Calculator,vault/MA/Single-Variable-Calculus/CBC/16. Applications of Technology/16.1. Using Graphing Calculators/Lessons/16.1.6. Finding Definite Integrals Using a Graphing Calculator.md,vault/MA/Single-Variable-Calculus/CBC/16. Applications of Technology/16.1. Using Graphing Calculators/Source/16.1.6. Finding Definite Integrals Using a Graphing Calculator
73,4084,CBC.16.1.7,Finding Improper Integrals Using a Graphing Calculator,vault/MA/Single-Variable-Calculus/CBC/16. Applications of Technology/16.1. Using Graphing Calculators/Lessons/16.1.7. Finding Improper Integrals Using a Graphing Calculator.md,vault/MA/Single-Variable-Calculus/CBC/16. Applications of Technology/16.1. Using Graphing Calculators/Source/16.1.7. Finding Improper Integrals Using a Graphing Calculator
70,3213,CBC.16.1.8,Exploring Functions Using Technology,vault/MA/Single-Variable-Calculus/CBC/16. Applications of Technology/16.1. Using Graphing Calculators/Lessons/16.1.8. Exploring Functions Using Technology.md,vault/MA/Single-Variable-Calculus/CBC/16. Applications of Technology/16.1. Using Graphing Calculators/Source/16.1.8. Exploring Functions Using Technology
61,3812,CBC.16.1.9,Plotting Parametric and Polar Curves Using Technology,vault/MA/Single-Variable-Calculus/CBC/16. Applications of Technology/16.1. Using Graphing Calculators/Lessons/16.1.9. Plotting Parametric and Polar Curves Using Technology.md,vault/MA/Single-Variable-Calculus/CBC/16. Applications of Technology/16.1. Using Graphing Calculators/Source/16.1.9. Plotting Parametric and Polar Curves Using Technology
61,967,CA1.1.1.1,The Hyperbolic Functions,vault/MA/Single-Variable-Calculus/CA1/1. Preliminaries/1.1. The Hyperbolic Functions/Lessons/1.1.1. The Hyperbolic Functions.md,vault/MA/Single-Variable-Calculus/CA1/1. Preliminaries/1.1. The Hyperbolic Functions/Source/1.1.1. The Hyperbolic Functions
62,3265,CA1.1.1.2,The Reciprocal Hyperbolic Functions,vault/MA/Single-Variable-Calculus/CA1/1. Preliminaries/1.1. The Hyperbolic Functions/Lessons/1.1.2. The Reciprocal Hyperbolic Functions.md,vault/MA/Single-Variable-Calculus/CA1/1. Preliminaries/1.1. The Hyperbolic Functions/Source/1.1.2. The Reciprocal Hyperbolic Functions
62,972,CA1.1.1.3,Solving Equations Containing Hyperbolic Functions,vault/MA/Single-Variable-Calculus/CA1/1. Preliminaries/1.1. The Hyperbolic Functions/Lessons/1.1.3. Solving Equations Containing Hyperbolic Functions.md,vault/MA/Single-Variable-Calculus/CA1/1. Preliminaries/1.1. The Hyperbolic Functions/Source/1.1.3. Solving Equations Containing Hyperbolic Functions
62,1831,CA1.1.1.4,Graphs of the Hyperbolic Functions,vault/MA/Single-Variable-Calculus/CA1/1. Preliminaries/1.1. The Hyperbolic Functions/Lessons/1.1.4. Graphs of the Hyperbolic Functions.md,vault/MA/Single-Variable-Calculus/CA1/1. Preliminaries/1.1. The Hyperbolic Functions/Source/1.1.4. Graphs of the Hyperbolic Functions
63,3267,CA1.1.1.5,Graphs of the Reciprocal Hyperbolic Functions,vault/MA/Single-Variable-Calculus/CA1/1. Preliminaries/1.1. The Hyperbolic Functions/Lessons/1.1.5. Graphs of the Reciprocal Hyperbolic Functions.md,vault/MA/Single-Variable-Calculus/CA1/1. Preliminaries/1.1. The Hyperbolic Functions/Source/1.1.5. Graphs of the Reciprocal Hyperbolic Functions
62,969,CA1.1.1.6,The Inverse Hyperbolic Functions,vault/MA/Single-Variable-Calculus/CA1/1. Preliminaries/1.1. The Hyperbolic Functions/Lessons/1.1.6. The Inverse Hyperbolic Functions.md,vault/MA/Single-Variable-Calculus/CA1/1. Preliminaries/1.1. The Hyperbolic Functions/Source/1.1.6. The Inverse Hyperbolic Functions
44,461,CA1.2.1.1,The Finite Limit of a Function,vault/MA/Single-Variable-Calculus/CA1/2. Limits/2.1. Estimating Limits from Graphs/Lessons/2.1.1. The Finite Limit of a Function.md,vault/MA/Single-Variable-Calculus/CA1/2. Limits/2.1. Estimating Limits from Graphs/Source/2.1.1. The Finite Limit of a Function
45,472,CA1.2.1.2,The Left and Right-Sided Limits of a Function,vault/MA/Single-Variable-Calculus/CA1/2. Limits/2.1. Estimating Limits from Graphs/Lessons/2.1.2. The Left and Right-Sided Limits of a Function.md,vault/MA/Single-Variable-Calculus/CA1/2. Limits/2.1. Estimating Limits from Graphs/Source/2.1.2. The Left and Right-Sided Limits of a Function
46,625,CA1.2.1.3,Finding the Existence of a Limit Using One-Sided Limits,vault/MA/Single-Variable-Calculus/CA1/2. Limits/2.1. Estimating Limits from Graphs/Lessons/2.1.3. Finding the Existence of a Limit Using One-Sided Limits.md,vault/MA/Single-Variable-Calculus/CA1/2. Limits/2.1. Estimating Limits from Graphs/Source/2.1.3. Finding the Existence of a Limit Using One-Sided Limits
57,1873,CA1.2.1.4,Limits at Infinity from Graphs,vault/MA/Single-Variable-Calculus/CA1/2. Limits/2.1. Estimating Limits from Graphs/Lessons/2.1.4. Limits at Infinity from Graphs.md,vault/MA/Single-Variable-Calculus/CA1/2. Limits/2.1. Estimating Limits from Graphs/Source/2.1.4. Limits at Infinity from Graphs
57,1814,CA1.2.1.5,Infinite Limits from Graphs,vault/MA/Single-Variable-Calculus/CA1/2. Limits/2.1. Estimating Limits from Graphs/Lessons/2.1.5. Infinite Limits from Graphs.md,vault/MA/Single-Variable-Calculus/CA1/2. Limits/2.1. Estimating Limits from Graphs/Source/2.1.5. Infinite Limits from Graphs
47,1716,CA1.2.2.1,"Limits of Power Functions, and the Constant Rule for Limits","vault/MA/Single-Variable-Calculus/CA1/2. Limits/2.2. The Algebra of Limits/Lessons/2.2.1. Limits of Power Functions, and the Constant Rule for Limits.md","vault/MA/Single-Variable-Calculus/CA1/2. Limits/2.2. The Algebra of Limits/Source/2.2.1. Limits of Power Functions, and the Constant Rule for Limits"
48,1914,CA1.2.2.2,The Sum Rule for Limits,vault/MA/Single-Variable-Calculus/CA1/2. Limits/2.2. The Algebra of Limits/Lessons/2.2.2. The Sum Rule for Limits.md,vault/MA/Single-Variable-Calculus/CA1/2. Limits/2.2. The Algebra of Limits/Source/2.2.2. The Sum Rule for Limits
49,1246,CA1.2.2.3,The Product and Quotient Rules for Limits,vault/MA/Single-Variable-Calculus/CA1/2. Limits/2.2. The Algebra of Limits/Lessons/2.2.3. The Product and Quotient Rules for Limits.md,vault/MA/Single-Variable-Calculus/CA1/2. Limits/2.2. The Algebra of Limits/Source/2.2.3. The Product and Quotient Rules for Limits
57,37,CA1.2.2.4,The Power and Root Rules for Limits,vault/MA/Single-Variable-Calculus/CA1/2. Limits/2.2. The Algebra of Limits/Lessons/2.2.4. The Power and Root Rules for Limits.md,vault/MA/Single-Variable-Calculus/CA1/2. Limits/2.2. The Algebra of Limits/Source/2.2.4. The Power and Root Rules for Limits
58,1263,CA1.2.3.1,Limits at Infinity of Polynomials,vault/MA/Single-Variable-Calculus/CA1/2. Limits/2.3. Limits of Functions/Lessons/2.3.1. Limits at Infinity of Polynomials.md,vault/MA/Single-Variable-Calculus/CA1/2. Limits/2.3. Limits of Functions/Source/2.3.1. Limits at Infinity of Polynomials
59,1905,CA1.2.3.2,Limits of Reciprocal Functions,vault/MA/Single-Variable-Calculus/CA1/2. Limits/2.3. Limits of Functions/Lessons/2.3.2. Limits of Reciprocal Functions.md,vault/MA/Single-Variable-Calculus/CA1/2. Limits/2.3. Limits of Functions/Source/2.3.2. Limits of Reciprocal Functions
58,1717,CA1.2.3.3,Limits of Exponential Functions,vault/MA/Single-Variable-Calculus/CA1/2. Limits/2.3. Limits of Functions/Lessons/2.3.3. Limits of Exponential Functions.md,vault/MA/Single-Variable-Calculus/CA1/2. Limits/2.3. Limits of Functions/Source/2.3.3. Limits of Exponential Functions
59,1377,CA1.2.3.4,Limits of Logarithmic Functions,vault/MA/Single-Variable-Calculus/CA1/2. Limits/2.3. Limits of Functions/Lessons/2.3.4. Limits of Logarithmic Functions.md,vault/MA/Single-Variable-Calculus/CA1/2. Limits/2.3. Limits of Functions/Source/2.3.4. Limits of Logarithmic Functions
59,1986,CA1.2.3.5,Limits of Radical Functions,vault/MA/Single-Variable-Calculus/CA1/2. Limits/2.3. Limits of Functions/Lessons/2.3.5. Limits of Radical Functions.md,vault/MA/Single-Variable-Calculus/CA1/2. Limits/2.3. Limits of Functions/Source/2.3.5. Limits of Radical Functions
58,1719,CA1.2.3.6,Limits of Trigonometric Functions,vault/MA/Single-Variable-Calculus/CA1/2. Limits/2.3. Limits of Functions/Lessons/2.3.6. Limits of Trigonometric Functions.md,vault/MA/Single-Variable-Calculus/CA1/2. Limits/2.3. Limits of Functions/Source/2.3.6. Limits of Trigonometric Functions
59,1958,CA1.2.3.7,Limits of Reciprocal Trigonometric Functions,vault/MA/Single-Variable-Calculus/CA1/2. Limits/2.3. Limits of Functions/Lessons/2.3.7. Limits of Reciprocal Trigonometric Functions.md,vault/MA/Single-Variable-Calculus/CA1/2. Limits/2.3. Limits of Functions/Source/2.3.7. Limits of Reciprocal Trigonometric Functions
59,3811,CA1.2.3.8,Limits of Inverse Trigonometric Functions,vault/MA/Single-Variable-Calculus/CA1/2. Limits/2.3. Limits of Functions/Lessons/2.3.8. Limits of Inverse Trigonometric Functions.md,vault/MA/Single-Variable-Calculus/CA1/2. Limits/2.3. Limits of Functions/Source/2.3.8. Limits of Inverse Trigonometric Functions
60,1262,CA1.2.3.9,Limits of Piecewise Functions,vault/MA/Single-Variable-Calculus/CA1/2. Limits/2.3. Limits of Functions/Lessons/2.3.9. Limits of Piecewise Functions.md,vault/MA/Single-Variable-Calculus/CA1/2. Limits/2.3. Limits of Functions/Source/2.3.9. Limits of Piecewise Functions
50,1813,CA1.2.4.1,Calculating Limits of Rational Functions by Factoring,vault/MA/Single-Variable-Calculus/CA1/2. Limits/2.4. Determining Limits Using Algebraic Manipulation/Lessons/2.4.1. Calculating Limits of Rational Functions by Factoring.md,vault/MA/Single-Variable-Calculus/CA1/2. Limits/2.4. Determining Limits Using Algebraic Manipulation/Source/2.4.1. Calculating Limits of Rational Functions by Factoring
61,605,CA1.2.4.2,Limits of Absolute Value Functions,vault/MA/Single-Variable-Calculus/CA1/2. Limits/2.4. Determining Limits Using Algebraic Manipulation/Lessons/2.4.2. Limits of Absolute Value Functions.md,vault/MA/Single-Variable-Calculus/CA1/2. Limits/2.4. Determining Limits Using Algebraic Manipulation/Source/2.4.2. Limits of Absolute Value Functions
58,604,CA1.2.4.3,Calculating Limits of Radical Functions Using Conjugate Multiplication,vault/MA/Single-Variable-Calculus/CA1/2. Limits/2.4. Determining Limits Using Algebraic Manipulation/Lessons/2.4.3. Calculating Limits of Radical Functions Using Conjugate Multiplication.md,vault/MA/Single-Variable-Calculus/CA1/2. Limits/2.4. Determining Limits Using Algebraic Manipulation/Source/2.4.3. Calculating Limits of Radical Functions Using Conjugate Multiplication
70,107,CA1.2.4.4,Calculating Limits Using Trigonometric Identities,vault/MA/Single-Variable-Calculus/CA1/2. Limits/2.4. Determining Limits Using Algebraic Manipulation/Lessons/2.4.4. Calculating Limits Using Trigonometric Identities.md,vault/MA/Single-Variable-Calculus/CA1/2. Limits/2.4. Determining Limits Using Algebraic Manipulation/Source/2.4.4. Calculating Limits Using Trigonometric Identities
60,1903,CA1.2.4.5,Limits at Infinity and Horizontal Asymptotes of Rational Functions,vault/MA/Single-Variable-Calculus/CA1/2. Limits/2.4. Determining Limits Using Algebraic Manipulation/Lessons/2.4.5. Limits at Infinity and Horizontal Asymptotes of Rational Functions.md,vault/MA/Single-Variable-Calculus/CA1/2. Limits/2.4. Determining Limits Using Algebraic Manipulation/Source/2.4.5. Limits at Infinity and Horizontal Asymptotes of Rational Functions
60,607,CA1.2.4.6,Evaluating Limits at Infinity by Comparing Relative Magnitudes of Functions,vault/MA/Single-Variable-Calculus/CA1/2. Limits/2.4. Determining Limits Using Algebraic Manipulation/Lessons/2.4.6. Evaluating Limits at Infinity by Comparing Relative Magnitudes of Functions.md,vault/MA/Single-Variable-Calculus/CA1/2. Limits/2.4. Determining Limits Using Algebraic Manipulation/Source/2.4.6. Evaluating Limits at Infinity by Comparing Relative Magnitudes of Functions
61,616,CA1.2.4.7,Evaluating Limits at Infinity of Radical Functions,vault/MA/Single-Variable-Calculus/CA1/2. Limits/2.4. Determining Limits Using Algebraic Manipulation/Lessons/2.4.7. Evaluating Limits at Infinity of Radical Functions.md,vault/MA/Single-Variable-Calculus/CA1/2. Limits/2.4. Determining Limits Using Algebraic Manipulation/Source/2.4.7. Evaluating Limits at Infinity of Radical Functions
59,1815,CA1.2.4.8,Vertical Asymptotes of Rational Functions,vault/MA/Single-Variable-Calculus/CA1/2. Limits/2.4. Determining Limits Using Algebraic Manipulation/Lessons/2.4.8. Vertical Asymptotes of Rational Functions.md,vault/MA/Single-Variable-Calculus/CA1/2. Limits/2.4. Determining Limits Using Algebraic Manipulation/Source/2.4.8. Vertical Asymptotes of Rational Functions
60,1384,CA1.2.4.9,Connecting Infinite Limits and Vertical Asymptotes of Rational Functions,vault/MA/Single-Variable-Calculus/CA1/2. Limits/2.4. Determining Limits Using Algebraic Manipulation/Lessons/2.4.9. Connecting Infinite Limits and Vertical Asymptotes of Rational Functions.md,vault/MA/Single-Variable-Calculus/CA1/2. Limits/2.4. Determining Limits Using Algebraic Manipulation/Source/2.4.9. Connecting Infinite Limits and Vertical Asymptotes of Rational Functions
62,473,CA1.2.5.1,The Squeeze Theorem,vault/MA/Single-Variable-Calculus/CA1/2. Limits/2.5. Special Limits/Lessons/2.5.1. The Squeeze Theorem.md,vault/MA/Single-Variable-Calculus/CA1/2. Limits/2.5. Special Limits/Source/2.5.1. The Squeeze Theorem
60,606,CA1.2.5.2,Special Limits Involving Sine,vault/MA/Single-Variable-Calculus/CA1/2. Limits/2.5. Special Limits/Lessons/2.5.2. Special Limits Involving Sine.md,vault/MA/Single-Variable-Calculus/CA1/2. Limits/2.5. Special Limits/Source/2.5.2. Special Limits Involving Sine
61,3678,CA1.2.5.3,Evaluating Special Limits Involving Sine Using a Substitution,vault/MA/Single-Variable-Calculus/CA1/2. Limits/2.5. Special Limits/Lessons/2.5.3. Evaluating Special Limits Involving Sine Using a Substitution.md,vault/MA/Single-Variable-Calculus/CA1/2. Limits/2.5. Special Limits/Source/2.5.3. Evaluating Special Limits Involving Sine Using a Substitution
62,292,CA1.2.5.4,Special Limits Involving Cosine,vault/MA/Single-Variable-Calculus/CA1/2. Limits/2.5. Special Limits/Lessons/2.5.4. Special Limits Involving Cosine.md,vault/MA/Single-Variable-Calculus/CA1/2. Limits/2.5. Special Limits/Source/2.5.4. Special Limits Involving Cosine
59,2610,CA1.2.5.5,Limits Involving the Exponential Function,vault/MA/Single-Variable-Calculus/CA1/2. Limits/2.5. Special Limits/Lessons/2.5.5. Limits Involving the Exponential Function.md,vault/MA/Single-Variable-Calculus/CA1/2. Limits/2.5. Special Limits/Source/2.5.5. Limits Involving the Exponential Function
60,3671,CA1.2.5.6,Further Limits Involving the Exponential Function,vault/MA/Single-Variable-Calculus/CA1/2. Limits/2.5. Special Limits/Lessons/2.5.6. Further Limits Involving the Exponential Function.md,vault/MA/Single-Variable-Calculus/CA1/2. Limits/2.5. Special Limits/Source/2.5.6. Further Limits Involving the Exponential Function
59,462,CA1.3.1.1,Determining Continuity from Graphs,vault/MA/Single-Variable-Calculus/CA1/3. Continuity/3.1. Continuity/Lessons/3.1.1. Determining Continuity from Graphs.md,vault/MA/Single-Variable-Calculus/CA1/3. Continuity/3.1. Continuity/Source/3.1.1. Determining Continuity from Graphs
61,314,CA1.3.1.2,Defining Continuity at a Point,vault/MA/Single-Variable-Calculus/CA1/3. Continuity/3.1. Continuity/Lessons/3.1.2. Defining Continuity at a Point.md,vault/MA/Single-Variable-Calculus/CA1/3. Continuity/3.1. Continuity/Source/3.1.2. Defining Continuity at a Point
62,474,CA1.3.1.3,Left and Right Continuity,vault/MA/Single-Variable-Calculus/CA1/3. Continuity/3.1. Continuity/Lessons/3.1.3. Left and Right Continuity.md,vault/MA/Single-Variable-Calculus/CA1/3. Continuity/3.1. Continuity/Source/3.1.3. Left and Right Continuity
63,3831,CA1.3.1.4,Further Continuity of Piecewise Functions,vault/MA/Single-Variable-Calculus/CA1/3. Continuity/3.1. Continuity/Lessons/3.1.4. Further Continuity of Piecewise Functions.md,vault/MA/Single-Variable-Calculus/CA1/3. Continuity/3.1. Continuity/Source/3.1.4. Further Continuity of Piecewise Functions
62,2002,CA1.3.1.5,Point Discontinuities,vault/MA/Single-Variable-Calculus/CA1/3. Continuity/3.1. Continuity/Lessons/3.1.5. Point Discontinuities.md,vault/MA/Single-Variable-Calculus/CA1/3. Continuity/3.1. Continuity/Source/3.1.5. Point Discontinuities
63,2003,CA1.3.1.6,Jump Discontinuities,vault/MA/Single-Variable-Calculus/CA1/3. Continuity/3.1. Continuity/Lessons/3.1.6. Jump Discontinuities.md,vault/MA/Single-Variable-Calculus/CA1/3. Continuity/3.1. Continuity/Source/3.1.6. Jump Discontinuities
62,2004,CA1.3.1.7,Discontinuities Due to Vertical Asymptotes,vault/MA/Single-Variable-Calculus/CA1/3. Continuity/3.1. Continuity/Lessons/3.1.7. Discontinuities Due to Vertical Asymptotes.md,vault/MA/Single-Variable-Calculus/CA1/3. Continuity/3.1. Continuity/Source/3.1.7. Discontinuities Due to Vertical Asymptotes
63,612,CA1.3.1.8,Continuity Over an Interval,vault/MA/Single-Variable-Calculus/CA1/3. Continuity/3.1. Continuity/Lessons/3.1.8. Continuity Over an Interval.md,vault/MA/Single-Variable-Calculus/CA1/3. Continuity/3.1. Continuity/Source/3.1.8. Continuity Over an Interval
64,2006,CA1.3.1.9,Continuity of Functions,vault/MA/Single-Variable-Calculus/CA1/3. Continuity/3.1. Continuity/Lessons/3.1.9. Continuity of Functions.md,vault/MA/Single-Variable-Calculus/CA1/3. Continuity/3.1. Continuity/Source/3.1.9. Continuity of Functions
65,2150,CA1.3.1.10,The Intermediate Value Theorem,vault/MA/Single-Variable-Calculus/CA1/3. Continuity/3.1. Continuity/Lessons/3.1.10. The Intermediate Value Theorem.md,vault/MA/Single-Variable-Calculus/CA1/3. Continuity/3.1. Continuity/Source/3.1.10. The Intermediate Value Theorem
63,341,CA1.3.2.1,Removing Point Discontinuities,vault/MA/Single-Variable-Calculus/CA1/3. Continuity/3.2. Removing Discontinuities/Lessons/3.2.1. Removing Point Discontinuities.md,vault/MA/Single-Variable-Calculus/CA1/3. Continuity/3.2. Removing Discontinuities/Source/3.2.1. Removing Point Discontinuities
64,638,CA1.3.2.2,Removing Jump Discontinuities,vault/MA/Single-Variable-Calculus/CA1/3. Continuity/3.2. Removing Discontinuities/Lessons/3.2.2. Removing Jump Discontinuities.md,vault/MA/Single-Variable-Calculus/CA1/3. Continuity/3.2. Removing Discontinuities/Source/3.2.2. Removing Jump Discontinuities
65,1225,CA1.3.2.3,Removing Discontinuities From Rational Functions,vault/MA/Single-Variable-Calculus/CA1/3. Continuity/3.2. Removing Discontinuities/Lessons/3.2.3. Removing Discontinuities From Rational Functions.md,vault/MA/Single-Variable-Calculus/CA1/3. Continuity/3.2. Removing Discontinuities/Source/3.2.3. Removing Discontinuities From Rational Functions
39,336,CA1.4.1.1,The Average Rate of Change of a Function,vault/MA/Single-Variable-Calculus/CA1/4. Introduction to Differentiation/4.1. Introduction to Differentiation/Lessons/4.1.1. The Average Rate of Change of a Function.md,vault/MA/Single-Variable-Calculus/CA1/4. Introduction to Differentiation/4.1. Introduction to Differentiation/Source/4.1.1. The Average Rate of Change of a Function
50,1208,CA1.4.1.2,The Average Rate of Change of a Function over a Varying Interval,vault/MA/Single-Variable-Calculus/CA1/4. Introduction to Differentiation/4.1. Introduction to Differentiation/Lessons/4.1.2. The Average Rate of Change of a Function over a Varying Interval.md,vault/MA/Single-Variable-Calculus/CA1/4. Introduction to Differentiation/4.1. Introduction to Differentiation/Source/4.1.2. The Average Rate of Change of a Function over a Varying Interval
51,337,CA1.4.1.3,The Instantaneous Rate of Change of a Function at a Point,vault/MA/Single-Variable-Calculus/CA1/4. Introduction to Differentiation/4.1. Introduction to Differentiation/Lessons/4.1.3. The Instantaneous Rate of Change of a Function at a Point.md,vault/MA/Single-Variable-Calculus/CA1/4. Introduction to Differentiation/4.1. Introduction to Differentiation/Source/4.1.3. The Instantaneous Rate of Change of a Function at a Point
52,812,CA1.4.1.4,Defining the Derivative Using Derivative Notation,vault/MA/Single-Variable-Calculus/CA1/4. Introduction to Differentiation/4.1. Introduction to Differentiation/Lessons/4.1.4. Defining the Derivative Using Derivative Notation.md,vault/MA/Single-Variable-Calculus/CA1/4. Introduction to Differentiation/4.1. Introduction to Differentiation/Source/4.1.4. Defining the Derivative Using Derivative Notation
65,1691,CA1.4.1.5,Continuity and Differentiability of Functions,vault/MA/Single-Variable-Calculus/CA1/4. Introduction to Differentiation/4.1. Introduction to Differentiation/Lessons/4.1.5. Continuity and Differentiability of Functions.md,vault/MA/Single-Variable-Calculus/CA1/4. Introduction to Differentiation/4.1. Introduction to Differentiation/Source/4.1.5. Continuity and Differentiability of Functions
53,35,CA1.4.1.6,The Power Rule for Differentiation,vault/MA/Single-Variable-Calculus/CA1/4. Introduction to Differentiation/4.1. Introduction to Differentiation/Lessons/4.1.6. The Power Rule for Differentiation.md,vault/MA/Single-Variable-Calculus/CA1/4. Introduction to Differentiation/4.1. Introduction to Differentiation/Source/4.1.6. The Power Rule for Differentiation
54,278,CA1.4.1.7,The Sum and Constant Multiple Rules for Differentiation,vault/MA/Single-Variable-Calculus/CA1/4. Introduction to Differentiation/4.1. Introduction to Differentiation/Lessons/4.1.7. The Sum and Constant Multiple Rules for Differentiation.md,vault/MA/Single-Variable-Calculus/CA1/4. Introduction to Differentiation/4.1. Introduction to Differentiation/Source/4.1.7. The Sum and Constant Multiple Rules for Differentiation
55,332,CA1.4.1.8,Calculating the Slope of a Tangent Line Using Differentiation,vault/MA/Single-Variable-Calculus/CA1/4. Introduction to Differentiation/4.1. Introduction to Differentiation/Lessons/4.1.8. Calculating the Slope of a Tangent Line Using Differentiation.md,vault/MA/Single-Variable-Calculus/CA1/4. Introduction to Differentiation/4.1. Introduction to Differentiation/Source/4.1.8. Calculating the Slope of a Tangent Line Using Differentiation
56,986,CA1.4.1.9,Calculating the Equation of a Tangent Line Using Differentiation,vault/MA/Single-Variable-Calculus/CA1/4. Introduction to Differentiation/4.1. Introduction to Differentiation/Lessons/4.1.9. Calculating the Equation of a Tangent Line Using Differentiation.md,vault/MA/Single-Variable-Calculus/CA1/4. Introduction to Differentiation/4.1. Introduction to Differentiation/Source/4.1.9. Calculating the Equation of a Tangent Line Using Differentiation
57,987,CA1.4.1.10,Calculating the Equation of a Normal Line Using Differentiation,vault/MA/Single-Variable-Calculus/CA1/4. Introduction to Differentiation/4.1. Introduction to Differentiation/Lessons/4.1.10. Calculating the Equation of a Normal Line Using Differentiation.md,vault/MA/Single-Variable-Calculus/CA1/4. Introduction to Differentiation/4.1. Introduction to Differentiation/Source/4.1.10. Calculating the Equation of a Normal Line Using Differentiation
56,1114,CA1.4.2.1,Differentiating Exponential Functions,vault/MA/Single-Variable-Calculus/CA1/4. Introduction to Differentiation/4.2. Derivatives of Functions and the Rules of Differentiation/Lessons/4.2.1. Differentiating Exponential Functions.md,vault/MA/Single-Variable-Calculus/CA1/4. Introduction to Differentiation/4.2. Derivatives of Functions and the Rules of Differentiation/Source/4.2.1. Differentiating Exponential Functions
57,1116,CA1.4.2.2,Differentiating Logarithmic Functions,vault/MA/Single-Variable-Calculus/CA1/4. Introduction to Differentiation/4.2. Derivatives of Functions and the Rules of Differentiation/Lessons/4.2.2. Differentiating Logarithmic Functions.md,vault/MA/Single-Variable-Calculus/CA1/4. Introduction to Differentiation/4.2. Derivatives of Functions and the Rules of Differentiation/Source/4.2.2. Differentiating Logarithmic Functions
57,280,CA1.4.2.3,Differentiating Trigonometric Functions,vault/MA/Single-Variable-Calculus/CA1/4. Introduction to Differentiation/4.2. Derivatives of Functions and the Rules of Differentiation/Lessons/4.2.3. Differentiating Trigonometric Functions.md,vault/MA/Single-Variable-Calculus/CA1/4. Introduction to Differentiation/4.2. Derivatives of Functions and the Rules of Differentiation/Source/4.2.3. Differentiating Trigonometric Functions
63,1362,CA1.4.2.4,Differentiating Hyperbolic Functions,vault/MA/Single-Variable-Calculus/CA1/4. Introduction to Differentiation/4.2. Derivatives of Functions and the Rules of Differentiation/Lessons/4.2.4. Differentiating Hyperbolic Functions.md,vault/MA/Single-Variable-Calculus/CA1/4. Introduction to Differentiation/4.2. Derivatives of Functions and the Rules of Differentiation/Source/4.2.4. Differentiating Hyperbolic Functions
64,3251,CA1.4.2.5,Differentiating Reciprocal Hyperbolic Functions,vault/MA/Single-Variable-Calculus/CA1/4. Introduction to Differentiation/4.2. Derivatives of Functions and the Rules of Differentiation/Lessons/4.2.5. Differentiating Reciprocal Hyperbolic Functions.md,vault/MA/Single-Variable-Calculus/CA1/4. Introduction to Differentiation/4.2. Derivatives of Functions and the Rules of Differentiation/Source/4.2.5. Differentiating Reciprocal Hyperbolic Functions
61,281,CA1.4.2.6,Second and Higher-Order Derivatives,vault/MA/Single-Variable-Calculus/CA1/4. Introduction to Differentiation/4.2. Derivatives of Functions and the Rules of Differentiation/Lessons/4.2.6. Second and Higher-Order Derivatives.md,vault/MA/Single-Variable-Calculus/CA1/4. Introduction to Differentiation/4.2. Derivatives of Functions and the Rules of Differentiation/Source/4.2.6. Second and Higher-Order Derivatives
58,1109,CA1.4.2.7,The Product Rule for Differentiation,vault/MA/Single-Variable-Calculus/CA1/4. Introduction to Differentiation/4.2. Derivatives of Functions and the Rules of Differentiation/Lessons/4.2.7. The Product Rule for Differentiation.md,vault/MA/Single-Variable-Calculus/CA1/4. Introduction to Differentiation/4.2. Derivatives of Functions and the Rules of Differentiation/Source/4.2.7. The Product Rule for Differentiation
59,1110,CA1.4.2.8,The Quotient Rule for Differentiation,vault/MA/Single-Variable-Calculus/CA1/4. Introduction to Differentiation/4.2. Derivatives of Functions and the Rules of Differentiation/Lessons/4.2.8. The Quotient Rule for Differentiation.md,vault/MA/Single-Variable-Calculus/CA1/4. Introduction to Differentiation/4.2. Derivatives of Functions and the Rules of Differentiation/Source/4.2.8. The Quotient Rule for Differentiation
60,1686,CA1.4.2.9,Differentiating Reciprocal Trigonometric Functions,vault/MA/Single-Variable-Calculus/CA1/4. Introduction to Differentiation/4.2. Derivatives of Functions and the Rules of Differentiation/Lessons/4.2.9. Differentiating Reciprocal Trigonometric Functions.md,vault/MA/Single-Variable-Calculus/CA1/4. Introduction to Differentiation/4.2. Derivatives of Functions and the Rules of Differentiation/Source/4.2.9. Differentiating Reciprocal Trigonometric Functions
61,1249,CA1.4.2.10,Calculating Derivatives From Data and Tables,vault/MA/Single-Variable-Calculus/CA1/4. Introduction to Differentiation/4.2. Derivatives of Functions and the Rules of Differentiation/Lessons/4.2.10. Calculating Derivatives From Data and Tables.md,vault/MA/Single-Variable-Calculus/CA1/4. Introduction to Differentiation/4.2. Derivatives of Functions and the Rules of Differentiation/Source/4.2.10. Calculating Derivatives From Data and Tables
62,1117,CA1.4.2.11,Calculating Derivatives From Graphs,vault/MA/Single-Variable-Calculus/CA1/4. Introduction to Differentiation/4.2. Derivatives of Functions and the Rules of Differentiation/Lessons/4.2.11. Calculating Derivatives From Graphs.md,vault/MA/Single-Variable-Calculus/CA1/4. Introduction to Differentiation/4.2. Derivatives of Functions and the Rules of Differentiation/Source/4.2.11. Calculating Derivatives From Graphs
63,637,CA1.4.2.12,Recognizing Derivatives in Limits,vault/MA/Single-Variable-Calculus/CA1/4. Introduction to Differentiation/4.2. Derivatives of Functions and the Rules of Differentiation/Lessons/4.2.12. Recognizing Derivatives in Limits.md,vault/MA/Single-Variable-Calculus/CA1/4. Introduction to Differentiation/4.2. Derivatives of Functions and the Rules of Differentiation/Source/4.2.12. Recognizing Derivatives in Limits
60,1108,CA1.5.1.1,The Chain Rule for Differentiation,vault/MA/Single-Variable-Calculus/CA1/5. Advanced Differentiation/5.1. Differentiating Composite Functions/Lessons/5.1.1. The Chain Rule for Differentiation.md,vault/MA/Single-Variable-Calculus/CA1/5. Advanced Differentiation/5.1. Differentiating Composite Functions/Source/5.1.1. The Chain Rule for Differentiation
61,1007,CA1.5.1.2,The Chain Rule With Exponential Functions,vault/MA/Single-Variable-Calculus/CA1/5. Advanced Differentiation/5.1. Differentiating Composite Functions/Lessons/5.1.2. The Chain Rule With Exponential Functions.md,vault/MA/Single-Variable-Calculus/CA1/5. Advanced Differentiation/5.1. Differentiating Composite Functions/Source/5.1.2. The Chain Rule With Exponential Functions
61,1036,CA1.5.1.3,The Chain Rule With Logarithmic Functions,vault/MA/Single-Variable-Calculus/CA1/5. Advanced Differentiation/5.1. Differentiating Composite Functions/Lessons/5.1.3. The Chain Rule With Logarithmic Functions.md,vault/MA/Single-Variable-Calculus/CA1/5. Advanced Differentiation/5.1. Differentiating Composite Functions/Source/5.1.3. The Chain Rule With Logarithmic Functions
61,305,CA1.5.1.4,The Chain Rule With Trigonometric Functions,vault/MA/Single-Variable-Calculus/CA1/5. Advanced Differentiation/5.1. Differentiating Composite Functions/Lessons/5.1.4. The Chain Rule With Trigonometric Functions.md,vault/MA/Single-Variable-Calculus/CA1/5. Advanced Differentiation/5.1. Differentiating Composite Functions/Source/5.1.4. The Chain Rule With Trigonometric Functions
62,1282,CA1.5.1.5,Calculating Derivatives From Data Using the Chain Rule,vault/MA/Single-Variable-Calculus/CA1/5. Advanced Differentiation/5.1. Differentiating Composite Functions/Lessons/5.1.5. Calculating Derivatives From Data Using the Chain Rule.md,vault/MA/Single-Variable-Calculus/CA1/5. Advanced Differentiation/5.1. Differentiating Composite Functions/Source/5.1.5. Calculating Derivatives From Data Using the Chain Rule
63,4057,CA1.5.1.6,Calculating Derivatives From Graphs Using the Chain Rule,vault/MA/Single-Variable-Calculus/CA1/5. Advanced Differentiation/5.1. Differentiating Composite Functions/Lessons/5.1.6. Calculating Derivatives From Graphs Using the Chain Rule.md,vault/MA/Single-Variable-Calculus/CA1/5. Advanced Differentiation/5.1. Differentiating Composite Functions/Source/5.1.6. Calculating Derivatives From Graphs Using the Chain Rule
62,1115,CA1.5.1.7,Selecting Procedures for Calculating Derivatives,vault/MA/Single-Variable-Calculus/CA1/5. Advanced Differentiation/5.1. Differentiating Composite Functions/Lessons/5.1.7. Selecting Procedures for Calculating Derivatives.md,vault/MA/Single-Variable-Calculus/CA1/5. Advanced Differentiation/5.1. Differentiating Composite Functions/Source/5.1.7. Selecting Procedures for Calculating Derivatives
63,57,CA1.5.2.1,Implicit Differentiation,vault/MA/Single-Variable-Calculus/CA1/5. Advanced Differentiation/5.2. Differentiating Implicit and Inverse Functions/Lessons/5.2.1. Implicit Differentiation.md,vault/MA/Single-Variable-Calculus/CA1/5. Advanced Differentiation/5.2. Differentiating Implicit and Inverse Functions/Source/5.2.1. Implicit Differentiation
64,3216,CA1.5.2.2,"Calculating Slopes of Circles, Ellipses, and Parabolas","vault/MA/Single-Variable-Calculus/CA1/5. Advanced Differentiation/5.2. Differentiating Implicit and Inverse Functions/Lessons/5.2.2. Calculating Slopes of Circles, Ellipses, and Parabolas.md","vault/MA/Single-Variable-Calculus/CA1/5. Advanced Differentiation/5.2. Differentiating Implicit and Inverse Functions/Source/5.2.2. Calculating Slopes of Circles, Ellipses, and Parabolas"
57,1784,CA1.5.2.3,Calculating dy/dx Using dx/dy,vault/MA/Single-Variable-Calculus/CA1/5. Advanced Differentiation/5.2. Differentiating Implicit and Inverse Functions/Lessons/5.2.3. Calculating dy-dx Using dx-dy.md,vault/MA/Single-Variable-Calculus/CA1/5. Advanced Differentiation/5.2. Differentiating Implicit and Inverse Functions/Source/5.2.3. Calculating dy-dx Using dx-dy
62,1785,CA1.5.2.4,Differentiating Inverse Functions,vault/MA/Single-Variable-Calculus/CA1/5. Advanced Differentiation/5.2. Differentiating Implicit and Inverse Functions/Lessons/5.2.4. Differentiating Inverse Functions.md,vault/MA/Single-Variable-Calculus/CA1/5. Advanced Differentiation/5.2. Differentiating Implicit and Inverse Functions/Source/5.2.4. Differentiating Inverse Functions
63,291,CA1.5.2.5,Differentiating an Inverse Function at a Point,vault/MA/Single-Variable-Calculus/CA1/5. Advanced Differentiation/5.2. Differentiating Implicit and Inverse Functions/Lessons/5.2.5. Differentiating an Inverse Function at a Point.md,vault/MA/Single-Variable-Calculus/CA1/5. Advanced Differentiation/5.2. Differentiating Implicit and Inverse Functions/Source/5.2.5. Differentiating an Inverse Function at a Point
64,303,CA1.5.2.6,Differentiating Inverse Trigonometric Functions,vault/MA/Single-Variable-Calculus/CA1/5. Advanced Differentiation/5.2. Differentiating Implicit and Inverse Functions/Lessons/5.2.6. Differentiating Inverse Trigonometric Functions.md,vault/MA/Single-Variable-Calculus/CA1/5. Advanced Differentiation/5.2. Differentiating Implicit and Inverse Functions/Source/5.2.6. Differentiating Inverse Trigonometric Functions
65,1721,CA1.5.2.7,Differentiating Inverse Reciprocal Trigonometric Functions,vault/MA/Single-Variable-Calculus/CA1/5. Advanced Differentiation/5.2. Differentiating Implicit and Inverse Functions/Lessons/5.2.7. Differentiating Inverse Reciprocal Trigonometric Functions.md,vault/MA/Single-Variable-Calculus/CA1/5. Advanced Differentiation/5.2. Differentiating Implicit and Inverse Functions/Source/5.2.7. Differentiating Inverse Reciprocal Trigonometric Functions
65,3252,CA1.5.2.8,Differentiating Inverse Hyperbolic Functions,vault/MA/Single-Variable-Calculus/CA1/5. Advanced Differentiation/5.2. Differentiating Implicit and Inverse Functions/Lessons/5.2.8. Differentiating Inverse Hyperbolic Functions.md,vault/MA/Single-Variable-Calculus/CA1/5. Advanced Differentiation/5.2. Differentiating Implicit and Inverse Functions/Source/5.2.8. Differentiating Inverse Hyperbolic Functions
66,3255,CA1.5.2.9,Differentiating Inverse Reciprocal Hyperbolic Functions,vault/MA/Single-Variable-Calculus/CA1/5. Advanced Differentiation/5.2. Differentiating Implicit and Inverse Functions/Lessons/5.2.9. Differentiating Inverse Reciprocal Hyperbolic Functions.md,vault/MA/Single-Variable-Calculus/CA1/5. Advanced Differentiation/5.2. Differentiating Implicit and Inverse Functions/Source/5.2.9. Differentiating Inverse Reciprocal Hyperbolic Functions
64,294,CA1.5.3.1,Logarithmic Differentiation,vault/MA/Single-Variable-Calculus/CA1/5. Advanced Differentiation/5.3. Differentiation Using Logarithms/Lessons/5.3.1. Logarithmic Differentiation.md,vault/MA/Single-Variable-Calculus/CA1/5. Advanced Differentiation/5.3. Differentiation Using Logarithms/Source/5.3.1. Logarithmic Differentiation
65,344,CA1.5.3.2,Further Logarithmic Differentiation,vault/MA/Single-Variable-Calculus/CA1/5. Advanced Differentiation/5.3. Differentiation Using Logarithms/Lessons/5.3.2. Further Logarithmic Differentiation.md,vault/MA/Single-Variable-Calculus/CA1/5. Advanced Differentiation/5.3. Differentiation Using Logarithms/Source/5.3.2. Further Logarithmic Differentiation
53,296,CA1.6.1.1,Interpreting the Meaning of the Derivative in Context,vault/MA/Single-Variable-Calculus/CA1/6. Contextual Applications of Differentiation/6.1. Contextual Applications of Differentiation/Lessons/6.1.1. Interpreting the Meaning of the Derivative in Context.md,vault/MA/Single-Variable-Calculus/CA1/6. Contextual Applications of Differentiation/6.1. Contextual Applications of Differentiation/Source/6.1.1. Interpreting the Meaning of the Derivative in Context
63,620,CA1.6.1.2,Rates of Change in Applied Contexts,vault/MA/Single-Variable-Calculus/CA1/6. Contextual Applications of Differentiation/6.1. Contextual Applications of Differentiation/Lessons/6.1.2. Rates of Change in Applied Contexts.md,vault/MA/Single-Variable-Calculus/CA1/6. Contextual Applications of Differentiation/6.1. Contextual Applications of Differentiation/Source/6.1.2. Rates of Change in Applied Contexts
54,992,CA1.6.2.1,Estimating Derivatives Using a Forward Difference Quotient,vault/MA/Single-Variable-Calculus/CA1/6. Contextual Applications of Differentiation/6.2. Estimating Derivatives/Lessons/6.2.1. Estimating Derivatives Using a Forward Difference Quotient.md,vault/MA/Single-Variable-Calculus/CA1/6. Contextual Applications of Differentiation/6.2. Estimating Derivatives/Source/6.2.1. Estimating Derivatives Using a Forward Difference Quotient
54,993,CA1.6.2.2,Estimating Derivatives Using a Backward Difference Quotient,vault/MA/Single-Variable-Calculus/CA1/6. Contextual Applications of Differentiation/6.2. Estimating Derivatives/Lessons/6.2.2. Estimating Derivatives Using a Backward Difference Quotient.md,vault/MA/Single-Variable-Calculus/CA1/6. Contextual Applications of Differentiation/6.2. Estimating Derivatives/Source/6.2.2. Estimating Derivatives Using a Backward Difference Quotient
55,640,CA1.6.2.3,Estimating Derivatives Using a Central Difference Quotient,vault/MA/Single-Variable-Calculus/CA1/6. Contextual Applications of Differentiation/6.2. Estimating Derivatives/Lessons/6.2.3. Estimating Derivatives Using a Central Difference Quotient.md,vault/MA/Single-Variable-Calculus/CA1/6. Contextual Applications of Differentiation/6.2. Estimating Derivatives/Source/6.2.3. Estimating Derivatives Using a Central Difference Quotient
64,1044,CA1.6.3.1,Introduction to Related Rates,vault/MA/Single-Variable-Calculus/CA1/6. Contextual Applications of Differentiation/6.3. Related Rates of Change/Lessons/6.3.1. Introduction to Related Rates.md,vault/MA/Single-Variable-Calculus/CA1/6. Contextual Applications of Differentiation/6.3. Related Rates of Change/Source/6.3.1. Introduction to Related Rates
65,4059,CA1.6.3.2,Related Rates With Implicit Functions,vault/MA/Single-Variable-Calculus/CA1/6. Contextual Applications of Differentiation/6.3. Related Rates of Change/Lessons/6.3.2. Related Rates With Implicit Functions.md,vault/MA/Single-Variable-Calculus/CA1/6. Contextual Applications of Differentiation/6.3. Related Rates of Change/Source/6.3.2. Related Rates With Implicit Functions
68,287,CA1.6.3.3,Calculating Related Rates With Circles and Spheres,vault/MA/Single-Variable-Calculus/CA1/6. Contextual Applications of Differentiation/6.3. Related Rates of Change/Lessons/6.3.3. Calculating Related Rates With Circles and Spheres.md,vault/MA/Single-Variable-Calculus/CA1/6. Contextual Applications of Differentiation/6.3. Related Rates of Change/Source/6.3.3. Calculating Related Rates With Circles and Spheres
66,368,CA1.6.3.4,Calculating Related Rates With Squares,vault/MA/Single-Variable-Calculus/CA1/6. Contextual Applications of Differentiation/6.3. Related Rates of Change/Lessons/6.3.4. Calculating Related Rates With Squares.md,vault/MA/Single-Variable-Calculus/CA1/6. Contextual Applications of Differentiation/6.3. Related Rates of Change/Source/6.3.4. Calculating Related Rates With Squares
67,365,CA1.6.3.5,Calculating Related Rates With Rectangular Solids,vault/MA/Single-Variable-Calculus/CA1/6. Contextual Applications of Differentiation/6.3. Related Rates of Change/Lessons/6.3.5. Calculating Related Rates With Rectangular Solids.md,vault/MA/Single-Variable-Calculus/CA1/6. Contextual Applications of Differentiation/6.3. Related Rates of Change/Source/6.3.5. Calculating Related Rates With Rectangular Solids
66,345,CA1.6.3.6,Calculating Related Rates Using the Pythagorean Theorem,vault/MA/Single-Variable-Calculus/CA1/6. Contextual Applications of Differentiation/6.3. Related Rates of Change/Lessons/6.3.6. Calculating Related Rates Using the Pythagorean Theorem.md,vault/MA/Single-Variable-Calculus/CA1/6. Contextual Applications of Differentiation/6.3. Related Rates of Change/Source/6.3.6. Calculating Related Rates Using the Pythagorean Theorem
66,367,CA1.6.3.7,Calculating Related Rates Using Similar Triangles,vault/MA/Single-Variable-Calculus/CA1/6. Contextual Applications of Differentiation/6.3. Related Rates of Change/Lessons/6.3.7. Calculating Related Rates Using Similar Triangles.md,vault/MA/Single-Variable-Calculus/CA1/6. Contextual Applications of Differentiation/6.3. Related Rates of Change/Source/6.3.7. Calculating Related Rates Using Similar Triangles
66,369,CA1.6.3.8,Calculating Related Rates Using Trigonometry,vault/MA/Single-Variable-Calculus/CA1/6. Contextual Applications of Differentiation/6.3. Related Rates of Change/Lessons/6.3.8. Calculating Related Rates Using Trigonometry.md,vault/MA/Single-Variable-Calculus/CA1/6. Contextual Applications of Differentiation/6.3. Related Rates of Change/Source/6.3.8. Calculating Related Rates Using Trigonometry
68,346,CA1.6.3.9,Calculating Related Rates With Cones,vault/MA/Single-Variable-Calculus/CA1/6. Contextual Applications of Differentiation/6.3. Related Rates of Change/Lessons/6.3.9. Calculating Related Rates With Cones.md,vault/MA/Single-Variable-Calculus/CA1/6. Contextual Applications of Differentiation/6.3. Related Rates of Change/Source/6.3.9. Calculating Related Rates With Cones
63,463,CA1.6.4.1,L'Hopital's Rule,vault/MA/Single-Variable-Calculus/CA1/6. Contextual Applications of Differentiation/6.4. L'Hopital's Rule/Lessons/6.4.1. L'Hopital's Rule.md,vault/MA/Single-Variable-Calculus/CA1/6. Contextual Applications of Differentiation/6.4. L'Hopital's Rule/Source/6.4.1. L'Hopital's Rule
64,1210,CA1.6.4.2,L'Hopital's Rule Applied to Tables,vault/MA/Single-Variable-Calculus/CA1/6. Contextual Applications of Differentiation/6.4. L'Hopital's Rule/Lessons/6.4.2. L'Hopital's Rule Applied to Tables.md,vault/MA/Single-Variable-Calculus/CA1/6. Contextual Applications of Differentiation/6.4. L'Hopital's Rule/Source/6.4.2. L'Hopital's Rule Applied to Tables
66,288,CA1.7.1.1,The Mean Value Theorem,vault/MA/Single-Variable-Calculus/CA1/7. Analytical Applications of Differentiation/7.1. Analytical Applications of Differentiation/Lessons/7.1.1. The Mean Value Theorem.md,vault/MA/Single-Variable-Calculus/CA1/7. Analytical Applications of Differentiation/7.1. Analytical Applications of Differentiation/Source/7.1.1. The Mean Value Theorem
66,313,CA1.7.1.2,Global vs. Local Extrema and Critical Points,vault/MA/Single-Variable-Calculus/CA1/7. Analytical Applications of Differentiation/7.1. Analytical Applications of Differentiation/Lessons/7.1.2. Global vs. Local Extrema and Critical Points.md,vault/MA/Single-Variable-Calculus/CA1/7. Analytical Applications of Differentiation/7.1. Analytical Applications of Differentiation/Source/7.1.2. Global vs. Local Extrema and Critical Points
65,3571,CA1.7.1.3,The Extreme Value Theorem,vault/MA/Single-Variable-Calculus/CA1/7. Analytical Applications of Differentiation/7.1. Analytical Applications of Differentiation/Lessons/7.1.3. The Extreme Value Theorem.md,vault/MA/Single-Variable-Calculus/CA1/7. Analytical Applications of Differentiation/7.1. Analytical Applications of Differentiation/Source/7.1.3. The Extreme Value Theorem
67,752,CA1.7.1.4,Using Differentiation to Calculate Critical Points,vault/MA/Single-Variable-Calculus/CA1/7. Analytical Applications of Differentiation/7.1. Analytical Applications of Differentiation/Lessons/7.1.4. Using Differentiation to Calculate Critical Points.md,vault/MA/Single-Variable-Calculus/CA1/7. Analytical Applications of Differentiation/7.1. Analytical Applications of Differentiation/Source/7.1.4. Using Differentiation to Calculate Critical Points
68,1359,CA1.7.1.5,Determining Intervals on Which a Function Is Increasing or Decreasing,vault/MA/Single-Variable-Calculus/CA1/7. Analytical Applications of Differentiation/7.1. Analytical Applications of Differentiation/Lessons/7.1.5. Determining Intervals on Which a Function Is Increasing or Decreasing.md,vault/MA/Single-Variable-Calculus/CA1/7. Analytical Applications of Differentiation/7.1. Analytical Applications of Differentiation/Source/7.1.5. Determining Intervals on Which a Function Is Increasing or Decreasing
70,1360,CA1.7.1.6,Using the First Derivative Test to Classify Local Extrema,vault/MA/Single-Variable-Calculus/CA1/7. Analytical Applications of Differentiation/7.1. Analytical Applications of Differentiation/Lessons/7.1.6. Using the First Derivative Test to Classify Local Extrema.md,vault/MA/Single-Variable-Calculus/CA1/7. Analytical Applications of Differentiation/7.1. Analytical Applications of Differentiation/Source/7.1.6. Using the First Derivative Test to Classify Local Extrema
72,364,CA1.7.1.7,The Candidates Test,vault/MA/Single-Variable-Calculus/CA1/7. Analytical Applications of Differentiation/7.1. Analytical Applications of Differentiation/Lessons/7.1.7. The Candidates Test.md,vault/MA/Single-Variable-Calculus/CA1/7. Analytical Applications of Differentiation/7.1. Analytical Applications of Differentiation/Source/7.1.7. The Candidates Test
69,363,CA1.7.1.8,Intervals of Concavity,vault/MA/Single-Variable-Calculus/CA1/7. Analytical Applications of Differentiation/7.1. Analytical Applications of Differentiation/Lessons/7.1.8. Intervals of Concavity.md,vault/MA/Single-Variable-Calculus/CA1/7. Analytical Applications of Differentiation/7.1. Analytical Applications of Differentiation/Source/7.1.8. Intervals of Concavity
70,3846,CA1.7.1.9,Relating Concavity to the Second Derivative,vault/MA/Single-Variable-Calculus/CA1/7. Analytical Applications of Differentiation/7.1. Analytical Applications of Differentiation/Lessons/7.1.9. Relating Concavity to the Second Derivative.md,vault/MA/Single-Variable-Calculus/CA1/7. Analytical Applications of Differentiation/7.1. Analytical Applications of Differentiation/Source/7.1.9. Relating Concavity to the Second Derivative
71,1046,CA1.7.1.10,Points of Inflection,vault/MA/Single-Variable-Calculus/CA1/7. Analytical Applications of Differentiation/7.1. Analytical Applications of Differentiation/Lessons/7.1.10. Points of Inflection.md,vault/MA/Single-Variable-Calculus/CA1/7. Analytical Applications of Differentiation/7.1. Analytical Applications of Differentiation/Source/7.1.10. Points of Inflection
71,339,CA1.7.1.11,The Second Derivative Test,vault/MA/Single-Variable-Calculus/CA1/7. Analytical Applications of Differentiation/7.1. Analytical Applications of Differentiation/Lessons/7.1.11. The Second Derivative Test.md,vault/MA/Single-Variable-Calculus/CA1/7. Analytical Applications of Differentiation/7.1. Analytical Applications of Differentiation/Source/7.1.11. The Second Derivative Test
72,1204,CA1.7.2.1,Sketching the Derivative of a Function From the Function's Graph,vault/MA/Single-Variable-Calculus/CA1/7. Analytical Applications of Differentiation/7.2. Analysis of Curves/Lessons/7.2.1. Sketching the Derivative of a Function From the Function's Graph.md,vault/MA/Single-Variable-Calculus/CA1/7. Analytical Applications of Differentiation/7.2. Analysis of Curves/Source/7.2.1. Sketching the Derivative of a Function From the Function's Graph
73,624,CA1.7.2.2,Interpreting the Graph of a Function's Derivative,vault/MA/Single-Variable-Calculus/CA1/7. Analytical Applications of Differentiation/7.2. Analysis of Curves/Lessons/7.2.2. Interpreting the Graph of a Function's Derivative.md,vault/MA/Single-Variable-Calculus/CA1/7. Analytical Applications of Differentiation/7.2. Analysis of Curves/Source/7.2.2. Interpreting the Graph of a Function's Derivative
74,3548,CA1.7.2.3,Interpreting the Graph of a Function's Derivative: Concavity and Points of Inflection,vault/MA/Single-Variable-Calculus/CA1/7. Analytical Applications of Differentiation/7.2. Analysis of Curves/Lessons/7.2.3. Interpreting the Graph of a Function's Derivative- Concavity and Points of Inflection.md,vault/MA/Single-Variable-Calculus/CA1/7. Analytical Applications of Differentiation/7.2. Analysis of Curves/Source/7.2.3. Interpreting the Graph of a Function's Derivative- Concavity and Points of Inflection
75,1206,CA1.7.2.4,Sketching a Function From the Graph of its Derivative,vault/MA/Single-Variable-Calculus/CA1/7. Analytical Applications of Differentiation/7.2. Analysis of Curves/Lessons/7.2.4. Sketching a Function From the Graph of its Derivative.md,vault/MA/Single-Variable-Calculus/CA1/7. Analytical Applications of Differentiation/7.2. Analysis of Curves/Source/7.2.4. Sketching a Function From the Graph of its Derivative
71,1207,CA1.7.2.5,Sketching a Function Given Some Derivative Properties,vault/MA/Single-Variable-Calculus/CA1/7. Analytical Applications of Differentiation/7.2. Analysis of Curves/Lessons/7.2.5. Sketching a Function Given Some Derivative Properties.md,vault/MA/Single-Variable-Calculus/CA1/7. Analytical Applications of Differentiation/7.2. Analysis of Curves/Source/7.2.5. Sketching a Function Given Some Derivative Properties
70,621,CA1.7.3.1,Approximating Functions Using Local Linearity and Linearization,vault/MA/Single-Variable-Calculus/CA1/7. Analytical Applications of Differentiation/7.3. Approximating Values of a Function/Lessons/7.3.1. Approximating Functions Using Local Linearity and Linearization.md,vault/MA/Single-Variable-Calculus/CA1/7. Analytical Applications of Differentiation/7.3. Approximating Values of a Function/Source/7.3.1. Approximating Functions Using Local Linearity and Linearization
71,622,CA1.7.3.2,Approximating the Roots of a Number Using Local Linearity,vault/MA/Single-Variable-Calculus/CA1/7. Analytical Applications of Differentiation/7.3. Approximating Values of a Function/Lessons/7.3.2. Approximating the Roots of a Number Using Local Linearity.md,vault/MA/Single-Variable-Calculus/CA1/7. Analytical Applications of Differentiation/7.3. Approximating Values of a Function/Source/7.3.2. Approximating the Roots of a Number Using Local Linearity
71,623,CA1.7.3.3,Approximating Trigonometric Functions Using Local Linearity,vault/MA/Single-Variable-Calculus/CA1/7. Analytical Applications of Differentiation/7.3. Approximating Values of a Function/Lessons/7.3.3. Approximating Trigonometric Functions Using Local Linearity.md,vault/MA/Single-Variable-Calculus/CA1/7. Analytical Applications of Differentiation/7.3. Approximating Values of a Function/Source/7.3.3. Approximating Trigonometric Functions Using Local Linearity
72,1211,CA1.7.4.1,Solving Optimization Problems Using Derivatives,vault/MA/Single-Variable-Calculus/CA1/7. Analytical Applications of Differentiation/7.4. Optimization/Lessons/7.4.1. Solving Optimization Problems Using Derivatives.md,vault/MA/Single-Variable-Calculus/CA1/7. Analytical Applications of Differentiation/7.4. Optimization/Source/7.4.1. Solving Optimization Problems Using Derivatives
73,1212,CA1.7.4.2,Optimization Problems Involving Sectors of Circles,vault/MA/Single-Variable-Calculus/CA1/7. Analytical Applications of Differentiation/7.4. Optimization/Lessons/7.4.2. Optimization Problems Involving Sectors of Circles.md,vault/MA/Single-Variable-Calculus/CA1/7. Analytical Applications of Differentiation/7.4. Optimization/Source/7.4.2. Optimization Problems Involving Sectors of Circles
73,1213,CA1.7.4.3,Optimization Problems Involving Boxes and Trays,vault/MA/Single-Variable-Calculus/CA1/7. Analytical Applications of Differentiation/7.4. Optimization/Lessons/7.4.3. Optimization Problems Involving Boxes and Trays.md,vault/MA/Single-Variable-Calculus/CA1/7. Analytical Applications of Differentiation/7.4. Optimization/Source/7.4.3. Optimization Problems Involving Boxes and Trays
73,1214,CA1.7.4.4,Optimization Problems Involving Cylinders,vault/MA/Single-Variable-Calculus/CA1/7. Analytical Applications of Differentiation/7.4. Optimization/Lessons/7.4.4. Optimization Problems Involving Cylinders.md,vault/MA/Single-Variable-Calculus/CA1/7. Analytical Applications of Differentiation/7.4. Optimization/Source/7.4.4. Optimization Problems Involving Cylinders
73,1216,CA1.7.4.5,Optimizing Distances,vault/MA/Single-Variable-Calculus/CA1/7. Analytical Applications of Differentiation/7.4. Optimization/Lessons/7.4.5. Optimizing Distances.md,vault/MA/Single-Variable-Calculus/CA1/7. Analytical Applications of Differentiation/7.4. Optimization/Source/7.4.5. Optimizing Distances
74,4218,CA1.7.4.6,Optimizing Distances to Curves,vault/MA/Single-Variable-Calculus/CA1/7. Analytical Applications of Differentiation/7.4. Optimization/Lessons/7.4.6. Optimizing Distances to Curves.md,vault/MA/Single-Variable-Calculus/CA1/7. Analytical Applications of Differentiation/7.4. Optimization/Source/7.4.6. Optimizing Distances to Curves
72,1217,CA1.7.4.7,Optimization Problems With Inscribed Shapes,vault/MA/Single-Variable-Calculus/CA1/7. Analytical Applications of Differentiation/7.4. Optimization/Lessons/7.4.7. Optimization Problems With Inscribed Shapes.md,vault/MA/Single-Variable-Calculus/CA1/7. Analytical Applications of Differentiation/7.4. Optimization/Source/7.4.7. Optimization Problems With Inscribed Shapes
73,1218,CA1.7.4.8,Optimization Problems in Economics,vault/MA/Single-Variable-Calculus/CA1/7. Analytical Applications of Differentiation/7.4. Optimization/Lessons/7.4.8. Optimization Problems in Economics.md,vault/MA/Single-Variable-Calculus/CA1/7. Analytical Applications of Differentiation/7.4. Optimization/Source/7.4.8. Optimization Problems in Economics
73,912,CA1.7.4.9,Newton's Method,vault/MA/Single-Variable-Calculus/CA1/7. Analytical Applications of Differentiation/7.4. Optimization/Lessons/7.4.9. Newton's Method.md,vault/MA/Single-Variable-Calculus/CA1/7. Analytical Applications of Differentiation/7.4. Optimization/Source/7.4.9. Newton's Method
77,2926,CA1.7.4.10,Newton's Method for Optimizing Single-Variable Functions,vault/MA/Single-Variable-Calculus/CA1/7. Analytical Applications of Differentiation/7.4. Optimization/Lessons/7.4.10. Newton's Method for Optimizing Single-Variable Functions.md,vault/MA/Single-Variable-Calculus/CA1/7. Analytical Applications of Differentiation/7.4. Optimization/Source/7.4.10. Newton's Method for Optimizing Single-Variable Functions
63,284,CA1.7.5.1,Calculating Velocity for Straight-Line Motion Using Differentiation,"vault/MA/Single-Variable-Calculus/CA1/7. Analytical Applications of Differentiation/7.5. Displacement, Velocity, and Acceleration/Lessons/7.5.1. Calculating Velocity for Straight-Line Motion Using Differentiation.md","vault/MA/Single-Variable-Calculus/CA1/7. Analytical Applications of Differentiation/7.5. Displacement, Velocity, and Acceleration/Source/7.5.1. Calculating Velocity for Straight-Line Motion Using Differentiation"
64,824,CA1.7.5.2,Calculating Acceleration for Straight-Line Motion Using Differentiation,"vault/MA/Single-Variable-Calculus/CA1/7. Analytical Applications of Differentiation/7.5. Displacement, Velocity, and Acceleration/Lessons/7.5.2. Calculating Acceleration for Straight-Line Motion Using Differentiation.md","vault/MA/Single-Variable-Calculus/CA1/7. Analytical Applications of Differentiation/7.5. Displacement, Velocity, and Acceleration/Source/7.5.2. Calculating Acceleration for Straight-Line Motion Using Differentiation"
65,3581,CA1.7.5.3,Determining Characteristics of Moving Objects Using Differentiation,"vault/MA/Single-Variable-Calculus/CA1/7. Analytical Applications of Differentiation/7.5. Displacement, Velocity, and Acceleration/Lessons/7.5.3. Determining Characteristics of Moving Objects Using Differentiation.md","vault/MA/Single-Variable-Calculus/CA1/7. Analytical Applications of Differentiation/7.5. Displacement, Velocity, and Acceleration/Source/7.5.3. Determining Characteristics of Moving Objects Using Differentiation"
73,2722,CA1.7.5.4,Newton's Second Law,"vault/MA/Single-Variable-Calculus/CA1/7. Analytical Applications of Differentiation/7.5. Displacement, Velocity, and Acceleration/Lessons/7.5.4. Newton's Second Law.md","vault/MA/Single-Variable-Calculus/CA1/7. Analytical Applications of Differentiation/7.5. Displacement, Velocity, and Acceleration/Source/7.5.4. Newton's Second Law"
61,308,CA1.8.1.1,The Antiderivative,vault/MA/Single-Variable-Calculus/CA1/8. Integration/8.1. Indefinite Integrals/Lessons/8.1.1. The Antiderivative.md,vault/MA/Single-Variable-Calculus/CA1/8. Integration/8.1. Indefinite Integrals/Source/8.1.1. The Antiderivative
62,43,CA1.8.1.2,The Constant Multiple Rule for Indefinite Integrals,vault/MA/Single-Variable-Calculus/CA1/8. Integration/8.1. Indefinite Integrals/Lessons/8.1.2. The Constant Multiple Rule for Indefinite Integrals.md,vault/MA/Single-Variable-Calculus/CA1/8. Integration/8.1. Indefinite Integrals/Source/8.1.2. The Constant Multiple Rule for Indefinite Integrals
63,3769,CA1.8.1.3,The Sum Rule for Indefinite Integrals,vault/MA/Single-Variable-Calculus/CA1/8. Integration/8.1. Indefinite Integrals/Lessons/8.1.3. The Sum Rule for Indefinite Integrals.md,vault/MA/Single-Variable-Calculus/CA1/8. Integration/8.1. Indefinite Integrals/Source/8.1.3. The Sum Rule for Indefinite Integrals
64,1361,CA1.8.1.4,Integrating the Reciprocal Function,vault/MA/Single-Variable-Calculus/CA1/8. Integration/8.1. Indefinite Integrals/Lessons/8.1.4. Integrating the Reciprocal Function.md,vault/MA/Single-Variable-Calculus/CA1/8. Integration/8.1. Indefinite Integrals/Source/8.1.4. Integrating the Reciprocal Function
65,312,CA1.8.1.5,Integrating Exponential Functions,vault/MA/Single-Variable-Calculus/CA1/8. Integration/8.1. Indefinite Integrals/Lessons/8.1.5. Integrating Exponential Functions.md,vault/MA/Single-Variable-Calculus/CA1/8. Integration/8.1. Indefinite Integrals/Source/8.1.5. Integrating Exponential Functions
64,285,CA1.8.1.6,Integrating Trigonometric Functions,vault/MA/Single-Variable-Calculus/CA1/8. Integration/8.1. Indefinite Integrals/Lessons/8.1.6. Integrating Trigonometric Functions.md,vault/MA/Single-Variable-Calculus/CA1/8. Integration/8.1. Indefinite Integrals/Source/8.1.6. Integrating Trigonometric Functions
66,342,CA1.8.1.7,Integration Using Inverse Trigonometric Functions,vault/MA/Single-Variable-Calculus/CA1/8. Integration/8.1. Indefinite Integrals/Lessons/8.1.7. Integration Using Inverse Trigonometric Functions.md,vault/MA/Single-Variable-Calculus/CA1/8. Integration/8.1. Indefinite Integrals/Source/8.1.7. Integration Using Inverse Trigonometric Functions
66,304,CA1.8.1.8,Integrating Hyperbolic Functions,vault/MA/Single-Variable-Calculus/CA1/8. Integration/8.1. Indefinite Integrals/Lessons/8.1.8. Integrating Hyperbolic Functions.md,vault/MA/Single-Variable-Calculus/CA1/8. Integration/8.1. Indefinite Integrals/Source/8.1.8. Integrating Hyperbolic Functions
67,3253,CA1.8.1.9,Integration Using Inverse Hyperbolic Functions,vault/MA/Single-Variable-Calculus/CA1/8. Integration/8.1. Indefinite Integrals/Lessons/8.1.9. Integration Using Inverse Hyperbolic Functions.md,vault/MA/Single-Variable-Calculus/CA1/8. Integration/8.1. Indefinite Integrals/Source/8.1.9. Integration Using Inverse Hyperbolic Functions
68,3256,CA1.8.1.10,Integration Using Inverse Reciprocal Hyperbolic Functions,vault/MA/Single-Variable-Calculus/CA1/8. Integration/8.1. Indefinite Integrals/Lessons/8.1.10. Integration Using Inverse Reciprocal Hyperbolic Functions.md,vault/MA/Single-Variable-Calculus/CA1/8. Integration/8.1. Indefinite Integrals/Source/8.1.10. Integration Using Inverse Reciprocal Hyperbolic Functions
68,477,CA1.8.2.1,Approximating Areas With the Left Riemann Sum,vault/MA/Single-Variable-Calculus/CA1/8. Integration/8.2. Approximating Areas with Riemann Sums/Lessons/8.2.1. Approximating Areas With the Left Riemann Sum.md,vault/MA/Single-Variable-Calculus/CA1/8. Integration/8.2. Approximating Areas with Riemann Sums/Source/8.2.1. Approximating Areas With the Left Riemann Sum
68,1281,CA1.8.2.2,Approximating Areas With the Right Riemann Sum,vault/MA/Single-Variable-Calculus/CA1/8. Integration/8.2. Approximating Areas with Riemann Sums/Lessons/8.2.2. Approximating Areas With the Right Riemann Sum.md,vault/MA/Single-Variable-Calculus/CA1/8. Integration/8.2. Approximating Areas with Riemann Sums/Source/8.2.2. Approximating Areas With the Right Riemann Sum
70,944,CA1.8.2.3,Approximating Areas With the Midpoint Riemann Sum,vault/MA/Single-Variable-Calculus/CA1/8. Integration/8.2. Approximating Areas with Riemann Sums/Lessons/8.2.3. Approximating Areas With the Midpoint Riemann Sum.md,vault/MA/Single-Variable-Calculus/CA1/8. Integration/8.2. Approximating Areas with Riemann Sums/Source/8.2.3. Approximating Areas With the Midpoint Riemann Sum
70,945,CA1.8.2.4,Approximating Areas With the Trapezoidal Rule,vault/MA/Single-Variable-Calculus/CA1/8. Integration/8.2. Approximating Areas with Riemann Sums/Lessons/8.2.4. Approximating Areas With the Trapezoidal Rule.md,vault/MA/Single-Variable-Calculus/CA1/8. Integration/8.2. Approximating Areas with Riemann Sums/Source/8.2.4. Approximating Areas With the Trapezoidal Rule
69,1042,CA1.8.2.5,Left and Right Riemann Sums in Sigma Notation,vault/MA/Single-Variable-Calculus/CA1/8. Integration/8.2. Approximating Areas with Riemann Sums/Lessons/8.2.5. Left and Right Riemann Sums in Sigma Notation.md,vault/MA/Single-Variable-Calculus/CA1/8. Integration/8.2. Approximating Areas with Riemann Sums/Source/8.2.5. Left and Right Riemann Sums in Sigma Notation
71,2611,CA1.8.2.6,Midpoint and Trapezoidal Rules in Sigma Notation,vault/MA/Single-Variable-Calculus/CA1/8. Integration/8.2. Approximating Areas with Riemann Sums/Lessons/8.2.6. Midpoint and Trapezoidal Rules in Sigma Notation.md,vault/MA/Single-Variable-Calculus/CA1/8. Integration/8.2. Approximating Areas with Riemann Sums/Source/8.2.6. Midpoint and Trapezoidal Rules in Sigma Notation
69,3950,CA1.8.2.7,Approximating Areas Under Graphs of Composite Functions,vault/MA/Single-Variable-Calculus/CA1/8. Integration/8.2. Approximating Areas with Riemann Sums/Lessons/8.2.7. Approximating Areas Under Graphs of Composite Functions.md,vault/MA/Single-Variable-Calculus/CA1/8. Integration/8.2. Approximating Areas with Riemann Sums/Source/8.2.7. Approximating Areas Under Graphs of Composite Functions
70,1086,CA1.8.3.1,Defining Definite Integrals Using Left and Right Riemann Sums,vault/MA/Single-Variable-Calculus/CA1/8. Integration/8.3. Definite Integrals/Lessons/8.3.1. Defining Definite Integrals Using Left and Right Riemann Sums.md,vault/MA/Single-Variable-Calculus/CA1/8. Integration/8.3. Definite Integrals/Source/8.3.1. Defining Definite Integrals Using Left and Right Riemann Sums
65,283,CA1.8.3.2,The Fundamental Theorem of Calculus,vault/MA/Single-Variable-Calculus/CA1/8. Integration/8.3. Definite Integrals/Lessons/8.3.2. The Fundamental Theorem of Calculus.md,vault/MA/Single-Variable-Calculus/CA1/8. Integration/8.3. Definite Integrals/Source/8.3.2. The Fundamental Theorem of Calculus
66,3575,CA1.8.3.3,Applying the Fundamental Theorem of Calculus to Exponential and Trigonometric Functions,vault/MA/Single-Variable-Calculus/CA1/8. Integration/8.3. Definite Integrals/Lessons/8.3.3. Applying the Fundamental Theorem of Calculus to Exponential and Trigonometric Functions.md,vault/MA/Single-Variable-Calculus/CA1/8. Integration/8.3. Definite Integrals/Source/8.3.3. Applying the Fundamental Theorem of Calculus to Exponential and Trigonometric Functions
67,1685,CA1.8.3.4,The Sum and Constant Multiple Rules for Definite Integrals,vault/MA/Single-Variable-Calculus/CA1/8. Integration/8.3. Definite Integrals/Lessons/8.3.4. The Sum and Constant Multiple Rules for Definite Integrals.md,vault/MA/Single-Variable-Calculus/CA1/8. Integration/8.3. Definite Integrals/Source/8.3.4. The Sum and Constant Multiple Rules for Definite Integrals
68,632,CA1.8.3.5,Properties of Definite Integrals Involving the Limits of Integration,vault/MA/Single-Variable-Calculus/CA1/8. Integration/8.3. Definite Integrals/Lessons/8.3.5. Properties of Definite Integrals Involving the Limits of Integration.md,vault/MA/Single-Variable-Calculus/CA1/8. Integration/8.3. Definite Integrals/Source/8.3.5. Properties of Definite Integrals Involving the Limits of Integration
68,1040,CA1.8.4.1,The Area Bounded by a Curve and the X-Axis,vault/MA/Single-Variable-Calculus/CA1/8. Integration/8.4. The Area Under a Curve/Lessons/8.4.1. The Area Bounded by a Curve and the X-Axis.md,vault/MA/Single-Variable-Calculus/CA1/8. Integration/8.4. The Area Under a Curve/Source/8.4.1. The Area Bounded by a Curve and the X-Axis
69,2975,CA1.8.4.2,Evaluating Definite Integrals Using Symmetry,vault/MA/Single-Variable-Calculus/CA1/8. Integration/8.4. The Area Under a Curve/Lessons/8.4.2. Evaluating Definite Integrals Using Symmetry.md,vault/MA/Single-Variable-Calculus/CA1/8. Integration/8.4. The Area Under a Curve/Source/8.4.2. Evaluating Definite Integrals Using Symmetry
69,1432,CA1.8.4.3,Finding the Area Between a Curve and the X-Axis When They Intersect,vault/MA/Single-Variable-Calculus/CA1/8. Integration/8.4. The Area Under a Curve/Lessons/8.4.3. Finding the Area Between a Curve and the X-Axis When They Intersect.md,vault/MA/Single-Variable-Calculus/CA1/8. Integration/8.4. The Area Under a Curve/Source/8.4.3. Finding the Area Between a Curve and the X-Axis When They Intersect
70,1041,CA1.8.4.4,The Area Bounded by a Curve and the Y-Axis,vault/MA/Single-Variable-Calculus/CA1/8. Integration/8.4. The Area Under a Curve/Lessons/8.4.4. The Area Bounded by a Curve and the Y-Axis.md,vault/MA/Single-Variable-Calculus/CA1/8. Integration/8.4. The Area Under a Curve/Source/8.4.4. The Area Bounded by a Curve and the Y-Axis
69,1200,CA1.8.4.5,Calculating the Definite Integral of a Function Given Its Graph,vault/MA/Single-Variable-Calculus/CA1/8. Integration/8.4. The Area Under a Curve/Lessons/8.4.5. Calculating the Definite Integral of a Function Given Its Graph.md,vault/MA/Single-Variable-Calculus/CA1/8. Integration/8.4. The Area Under a Curve/Source/8.4.5. Calculating the Definite Integral of a Function Given Its Graph
73,1201,CA1.8.4.6,Calculating the Definite Integral of a Function's Derivative Given its Graph,vault/MA/Single-Variable-Calculus/CA1/8. Integration/8.4. The Area Under a Curve/Lessons/8.4.6. Calculating the Definite Integral of a Function's Derivative Given its Graph.md,vault/MA/Single-Variable-Calculus/CA1/8. Integration/8.4. The Area Under a Curve/Source/8.4.6. Calculating the Definite Integral of a Function's Derivative Given its Graph
70,626,CA1.8.4.7,Definite Integrals of Piecewise Functions,vault/MA/Single-Variable-Calculus/CA1/8. Integration/8.4. The Area Under a Curve/Lessons/8.4.7. Definite Integrals of Piecewise Functions.md,vault/MA/Single-Variable-Calculus/CA1/8. Integration/8.4. The Area Under a Curve/Source/8.4.7. Definite Integrals of Piecewise Functions
70,333,CA1.8.5.1,The Integral as an Accumulation Function,vault/MA/Single-Variable-Calculus/CA1/8. Integration/8.5. Accumulation Functions/Lessons/8.5.1. The Integral as an Accumulation Function.md,vault/MA/Single-Variable-Calculus/CA1/8. Integration/8.5. Accumulation Functions/Source/8.5.1. The Integral as an Accumulation Function
71,613,CA1.8.5.2,The Second Fundamental Theorem of Calculus,vault/MA/Single-Variable-Calculus/CA1/8. Integration/8.5. Accumulation Functions/Lessons/8.5.2. The Second Fundamental Theorem of Calculus.md,vault/MA/Single-Variable-Calculus/CA1/8. Integration/8.5. Accumulation Functions/Source/8.5.2. The Second Fundamental Theorem of Calculus
74,1230,CA1.8.5.3,Maximizing a Function Using the Graph of Its Derivative,vault/MA/Single-Variable-Calculus/CA1/8. Integration/8.5. Accumulation Functions/Lessons/8.5.3. Maximizing a Function Using the Graph of Its Derivative.md,vault/MA/Single-Variable-Calculus/CA1/8. Integration/8.5. Accumulation Functions/Source/8.5.3. Maximizing a Function Using the Graph of Its Derivative
74,1250,CA1.8.5.4,Minimizing a Function Using the Graph of its Derivative,vault/MA/Single-Variable-Calculus/CA1/8. Integration/8.5. Accumulation Functions/Lessons/8.5.4. Minimizing a Function Using the Graph of its Derivative.md,vault/MA/Single-Variable-Calculus/CA1/8. Integration/8.5. Accumulation Functions/Source/8.5.4. Minimizing a Function Using the Graph of its Derivative
75,3896,CA1.8.5.5,Further Optimizing Functions Using Graphs of Derivatives,vault/MA/Single-Variable-Calculus/CA1/8. Integration/8.5. Accumulation Functions/Lessons/8.5.5. Further Optimizing Functions Using Graphs of Derivatives.md,vault/MA/Single-Variable-Calculus/CA1/8. Integration/8.5. Accumulation Functions/Source/8.5.5. Further Optimizing Functions Using Graphs of Derivatives
64,334,CA2.1.1.1,Integrating Algebraic Functions Using Substitution,vault/MA/Single-Variable-Calculus/CA2/1. Integration Techniques/1.1. Integration Using Substitution/Lessons/1.1.1. Integrating Algebraic Functions Using Substitution.md,vault/MA/Single-Variable-Calculus/CA2/1. Integration Techniques/1.1. Integration Using Substitution/Source/1.1.1. Integrating Algebraic Functions Using Substitution
65,331,CA2.1.1.2,Integrating Linear Rational Functions Using Substitution,vault/MA/Single-Variable-Calculus/CA2/1. Integration Techniques/1.1. Integration Using Substitution/Lessons/1.1.2. Integrating Linear Rational Functions Using Substitution.md,vault/MA/Single-Variable-Calculus/CA2/1. Integration Techniques/1.1. Integration Using Substitution/Source/1.1.2. Integrating Linear Rational Functions Using Substitution
67,443,CA2.1.1.3,Integration Using Substitution,vault/MA/Single-Variable-Calculus/CA2/1. Integration Techniques/1.1. Integration Using Substitution/Lessons/1.1.3. Integration Using Substitution.md,vault/MA/Single-Variable-Calculus/CA2/1. Integration Techniques/1.1. Integration Using Substitution/Source/1.1.3. Integration Using Substitution
68,1159,CA2.1.1.4,Calculating Definite Integrals Using Substitution,vault/MA/Single-Variable-Calculus/CA2/1. Integration Techniques/1.1. Integration Using Substitution/Lessons/1.1.4. Calculating Definite Integrals Using Substitution.md,vault/MA/Single-Variable-Calculus/CA2/1. Integration Techniques/1.1. Integration Using Substitution/Source/1.1.4. Calculating Definite Integrals Using Substitution
69,316,CA2.1.1.5,Further Integration of Algebraic Functions Using Substitution,vault/MA/Single-Variable-Calculus/CA2/1. Integration Techniques/1.1. Integration Using Substitution/Lessons/1.1.5. Further Integration of Algebraic Functions Using Substitution.md,vault/MA/Single-Variable-Calculus/CA2/1. Integration Techniques/1.1. Integration Using Substitution/Source/1.1.5. Further Integration of Algebraic Functions Using Substitution
69,1112,CA2.1.1.6,Integrating Exponential Functions Using Linear Substitution,vault/MA/Single-Variable-Calculus/CA2/1. Integration Techniques/1.1. Integration Using Substitution/Lessons/1.1.6. Integrating Exponential Functions Using Linear Substitution.md,vault/MA/Single-Variable-Calculus/CA2/1. Integration Techniques/1.1. Integration Using Substitution/Source/1.1.6. Integrating Exponential Functions Using Linear Substitution
70,3770,CA2.1.1.7,Integrating Exponential Functions Using Substitution,vault/MA/Single-Variable-Calculus/CA2/1. Integration Techniques/1.1. Integration Using Substitution/Lessons/1.1.7. Integrating Exponential Functions Using Substitution.md,vault/MA/Single-Variable-Calculus/CA2/1. Integration Techniques/1.1. Integration Using Substitution/Source/1.1.7. Integrating Exponential Functions Using Substitution
69,478,CA2.1.1.8,Integrating Trigonometric Functions Using Substitution,vault/MA/Single-Variable-Calculus/CA2/1. Integration Techniques/1.1. Integration Using Substitution/Lessons/1.1.8. Integrating Trigonometric Functions Using Substitution.md,vault/MA/Single-Variable-Calculus/CA2/1. Integration Techniques/1.1. Integration Using Substitution/Source/1.1.8. Integrating Trigonometric Functions Using Substitution
70,1161,CA2.1.1.9,Integrating Logarithmic Functions Using Substitution,vault/MA/Single-Variable-Calculus/CA2/1. Integration Techniques/1.1. Integration Using Substitution/Lessons/1.1.9. Integrating Logarithmic Functions Using Substitution.md,vault/MA/Single-Variable-Calculus/CA2/1. Integration Techniques/1.1. Integration Using Substitution/Source/1.1.9. Integrating Logarithmic Functions Using Substitution
69,315,CA2.1.1.10,Integration by Substitution With Inverse Trigonometric Functions,vault/MA/Single-Variable-Calculus/CA2/1. Integration Techniques/1.1. Integration Using Substitution/Lessons/1.1.10. Integration by Substitution With Inverse Trigonometric Functions.md,vault/MA/Single-Variable-Calculus/CA2/1. Integration Techniques/1.1. Integration Using Substitution/Source/1.1.10. Integration by Substitution With Inverse Trigonometric Functions
70,3257,CA2.1.1.11,Integrating Hyperbolic Functions Using Substitution,vault/MA/Single-Variable-Calculus/CA2/1. Integration Techniques/1.1. Integration Using Substitution/Lessons/1.1.11. Integrating Hyperbolic Functions Using Substitution.md,vault/MA/Single-Variable-Calculus/CA2/1. Integration Techniques/1.1. Integration Using Substitution/Source/1.1.11. Integrating Hyperbolic Functions Using Substitution
70,3258,CA2.1.1.12,Integration by Substitution With Inverse Hyperbolic Functions,vault/MA/Single-Variable-Calculus/CA2/1. Integration Techniques/1.1. Integration Using Substitution/Lessons/1.1.12. Integration by Substitution With Inverse Hyperbolic Functions.md,vault/MA/Single-Variable-Calculus/CA2/1. Integration Techniques/1.1. Integration Using Substitution/Source/1.1.12. Integration by Substitution With Inverse Hyperbolic Functions
71,3259,CA2.1.1.13,Integration by Substitution With Inverse Reciprocal Hyperbolic Functions,vault/MA/Single-Variable-Calculus/CA2/1. Integration Techniques/1.1. Integration Using Substitution/Lessons/1.1.13. Integration by Substitution With Inverse Reciprocal Hyperbolic Functions.md,vault/MA/Single-Variable-Calculus/CA2/1. Integration Techniques/1.1. Integration Using Substitution/Source/1.1.13. Integration by Substitution With Inverse Reciprocal Hyperbolic Functions
69,338,CA2.1.2.1,Integrating Functions Using Polynomial Division,vault/MA/Single-Variable-Calculus/CA2/1. Integration Techniques/1.2. Special Techniques for Integration/Lessons/1.2.1. Integrating Functions Using Polynomial Division.md,vault/MA/Single-Variable-Calculus/CA2/1. Integration Techniques/1.2. Special Techniques for Integration/Source/1.2.1. Integrating Functions Using Polynomial Division
70,444,CA2.1.2.2,Integrating Functions by Completing the Square,vault/MA/Single-Variable-Calculus/CA2/1. Integration Techniques/1.2. Special Techniques for Integration/Lessons/1.2.2. Integrating Functions by Completing the Square.md,vault/MA/Single-Variable-Calculus/CA2/1. Integration Techniques/1.2. Special Techniques for Integration/Source/1.2.2. Integrating Functions by Completing the Square
71,3263,CA2.1.2.3,Integration Using Hyperbolic Functions and Completing the Square,vault/MA/Single-Variable-Calculus/CA2/1. Integration Techniques/1.2. Special Techniques for Integration/Lessons/1.2.3. Integration Using Hyperbolic Functions and Completing the Square.md,vault/MA/Single-Variable-Calculus/CA2/1. Integration Techniques/1.2. Special Techniques for Integration/Source/1.2.3. Integration Using Hyperbolic Functions and Completing the Square
72,3264,CA2.1.2.4,Integration Using Inverse Reciprocal Hyperbolic Functions and Completing the Square,vault/MA/Single-Variable-Calculus/CA2/1. Integration Techniques/1.2. Special Techniques for Integration/Lessons/1.2.4. Integration Using Inverse Reciprocal Hyperbolic Functions and Completing the Square.md,vault/MA/Single-Variable-Calculus/CA2/1. Integration Techniques/1.2. Special Techniques for Integration/Source/1.2.4. Integration Using Inverse Reciprocal Hyperbolic Functions and Completing the Square
70,282,CA2.1.3.1,Integration Using Basic Trigonometric Identities,vault/MA/Single-Variable-Calculus/CA2/1. Integration Techniques/1.3. Integration Using Trigonometric Identities/Lessons/1.3.1. Integration Using Basic Trigonometric Identities.md,vault/MA/Single-Variable-Calculus/CA2/1. Integration Techniques/1.3. Integration Using Trigonometric Identities/Source/1.3.1. Integration Using Basic Trigonometric Identities
71,1037,CA2.1.3.2,Integration Using the Pythagorean Identities,vault/MA/Single-Variable-Calculus/CA2/1. Integration Techniques/1.3. Integration Using Trigonometric Identities/Lessons/1.3.2. Integration Using the Pythagorean Identities.md,vault/MA/Single-Variable-Calculus/CA2/1. Integration Techniques/1.3. Integration Using Trigonometric Identities/Source/1.3.2. Integration Using the Pythagorean Identities
72,1038,CA2.1.3.3,Integration Using the Double-Angle Formulas,vault/MA/Single-Variable-Calculus/CA2/1. Integration Techniques/1.3. Integration Using Trigonometric Identities/Lessons/1.3.3. Integration Using the Double-Angle Formulas.md,vault/MA/Single-Variable-Calculus/CA2/1. Integration Techniques/1.3. Integration Using Trigonometric Identities/Source/1.3.3. Integration Using the Double-Angle Formulas
71,3224,CA2.1.3.4,Integrating Products of Trigonometric Functions,vault/MA/Single-Variable-Calculus/CA2/1. Integration Techniques/1.3. Integration Using Trigonometric Identities/Lessons/1.3.4. Integrating Products of Trigonometric Functions.md,vault/MA/Single-Variable-Calculus/CA2/1. Integration Techniques/1.3. Integration Using Trigonometric Identities/Source/1.3.4. Integrating Products of Trigonometric Functions
70,3260,CA2.1.4.1,Integration Using Basic Hyperbolic Identities,vault/MA/Single-Variable-Calculus/CA2/1. Integration Techniques/1.4. Integration Using Hyperbolic Identities/Lessons/1.4.1. Integration Using Basic Hyperbolic Identities.md,vault/MA/Single-Variable-Calculus/CA2/1. Integration Techniques/1.4. Integration Using Hyperbolic Identities/Source/1.4.1. Integration Using Basic Hyperbolic Identities
72,3261,CA2.1.4.2,Integration Using the Hyperbolic Pythagorean Identities,vault/MA/Single-Variable-Calculus/CA2/1. Integration Techniques/1.4. Integration Using Hyperbolic Identities/Lessons/1.4.2. Integration Using the Hyperbolic Pythagorean Identities.md,vault/MA/Single-Variable-Calculus/CA2/1. Integration Techniques/1.4. Integration Using Hyperbolic Identities/Source/1.4.2. Integration Using the Hyperbolic Pythagorean Identities
73,3262,CA2.1.4.3,Integration Using the Hyperbolic Double-Angle Formulas,vault/MA/Single-Variable-Calculus/CA2/1. Integration Techniques/1.4. Integration Using Hyperbolic Identities/Lessons/1.4.3. Integration Using the Hyperbolic Double-Angle Formulas.md,vault/MA/Single-Variable-Calculus/CA2/1. Integration Techniques/1.4. Integration Using Hyperbolic Identities/Source/1.4.3. Integration Using the Hyperbolic Double-Angle Formulas
71,317,CA2.1.5.1,Introduction to Integration by Parts,vault/MA/Single-Variable-Calculus/CA2/1. Integration Techniques/1.5. Integration by Parts/Lessons/1.5.1. Introduction to Integration by Parts.md,vault/MA/Single-Variable-Calculus/CA2/1. Integration Techniques/1.5. Integration by Parts/Source/1.5.1. Introduction to Integration by Parts
72,1140,CA2.1.5.2,Using Integration by Parts to Calculate Integrals With Logarithms,vault/MA/Single-Variable-Calculus/CA2/1. Integration Techniques/1.5. Integration by Parts/Lessons/1.5.2. Using Integration by Parts to Calculate Integrals With Logarithms.md,vault/MA/Single-Variable-Calculus/CA2/1. Integration Techniques/1.5. Integration by Parts/Source/1.5.2. Using Integration by Parts to Calculate Integrals With Logarithms
73,416,CA2.1.5.3,Applying the Integration By Parts Twice,vault/MA/Single-Variable-Calculus/CA2/1. Integration Techniques/1.5. Integration by Parts/Lessons/1.5.3. Applying the Integration By Parts Twice.md,vault/MA/Single-Variable-Calculus/CA2/1. Integration Techniques/1.5. Integration by Parts/Source/1.5.3. Applying the Integration By Parts Twice
74,1141,CA2.1.5.4,The Tabular Method of Integration by Parts,vault/MA/Single-Variable-Calculus/CA2/1. Integration Techniques/1.5. Integration by Parts/Lessons/1.5.4. The Tabular Method of Integration by Parts.md,vault/MA/Single-Variable-Calculus/CA2/1. Integration Techniques/1.5. Integration by Parts/Source/1.5.4. The Tabular Method of Integration by Parts
74,424,CA2.1.5.5,Integration by Parts in Cyclic Cases,vault/MA/Single-Variable-Calculus/CA2/1. Integration Techniques/1.5. Integration by Parts/Lessons/1.5.5. Integration by Parts in Cyclic Cases.md,vault/MA/Single-Variable-Calculus/CA2/1. Integration Techniques/1.5. Integration by Parts/Source/1.5.5. Integration by Parts in Cyclic Cases
68,1060,CA2.1.6.1,Expressing Rational Functions as Sums of Partial Fractions,vault/MA/Single-Variable-Calculus/CA2/1. Integration Techniques/1.6. Integration Using Partial Fractions/Lessons/1.6.1. Expressing Rational Functions as Sums of Partial Fractions.md,vault/MA/Single-Variable-Calculus/CA2/1. Integration Techniques/1.6. Integration Using Partial Fractions/Source/1.6.1. Expressing Rational Functions as Sums of Partial Fractions
69,1062,CA2.1.6.2,Expressing Rational Functions with Repeated Factors as Sums of Partial Fractions,vault/MA/Single-Variable-Calculus/CA2/1. Integration Techniques/1.6. Integration Using Partial Fractions/Lessons/1.6.2. Expressing Rational Functions with Repeated Factors as Sums of Partial Fractions.md,vault/MA/Single-Variable-Calculus/CA2/1. Integration Techniques/1.6. Integration Using Partial Fractions/Source/1.6.2. Expressing Rational Functions with Repeated Factors as Sums of Partial Fractions
69,1063,CA2.1.6.3,Expressing Rational Functions with Irreducible Quadratic Factors as Sums of Partial Fractions,vault/MA/Single-Variable-Calculus/CA2/1. Integration Techniques/1.6. Integration Using Partial Fractions/Lessons/1.6.3. Expressing Rational Functions with Irreducible Quadratic Factors as Sums of Partial Fractions.md,vault/MA/Single-Variable-Calculus/CA2/1. Integration Techniques/1.6. Integration Using Partial Fractions/Source/1.6.3. Expressing Rational Functions with Irreducible Quadratic Factors as Sums of Partial Fractions
69,445,CA2.1.6.4,Integrating Rational Functions Using Partial Fractions,vault/MA/Single-Variable-Calculus/CA2/1. Integration Techniques/1.6. Integration Using Partial Fractions/Lessons/1.6.4. Integrating Rational Functions Using Partial Fractions.md,vault/MA/Single-Variable-Calculus/CA2/1. Integration Techniques/1.6. Integration Using Partial Fractions/Source/1.6.4. Integrating Rational Functions Using Partial Fractions
70,446,CA2.1.6.5,Integrating Rational Functions with Repeated Factors,vault/MA/Single-Variable-Calculus/CA2/1. Integration Techniques/1.6. Integration Using Partial Fractions/Lessons/1.6.5. Integrating Rational Functions with Repeated Factors.md,vault/MA/Single-Variable-Calculus/CA2/1. Integration Techniques/1.6. Integration Using Partial Fractions/Source/1.6.5. Integrating Rational Functions with Repeated Factors
70,447,CA2.1.6.6,Integrating Rational Functions with Irreducible Quadratic Factors,vault/MA/Single-Variable-Calculus/CA2/1. Integration Techniques/1.6. Integration Using Partial Fractions/Lessons/1.6.6. Integrating Rational Functions with Irreducible Quadratic Factors.md,vault/MA/Single-Variable-Calculus/CA2/1. Integration Techniques/1.6. Integration Using Partial Fractions/Source/1.6.6. Integrating Rational Functions with Irreducible Quadratic Factors
69,758,CA2.1.7.1,Improper Integrals,vault/MA/Single-Variable-Calculus/CA2/1. Integration Techniques/1.7. Improper Integrals/Lessons/1.7.1. Improper Integrals.md,vault/MA/Single-Variable-Calculus/CA2/1. Integration Techniques/1.7. Improper Integrals/Source/1.7.1. Improper Integrals
71,4004,CA2.1.7.2,Improper Integrals Involving Exponential Functions,vault/MA/Single-Variable-Calculus/CA2/1. Integration Techniques/1.7. Improper Integrals/Lessons/1.7.2. Improper Integrals Involving Exponential Functions.md,vault/MA/Single-Variable-Calculus/CA2/1. Integration Techniques/1.7. Improper Integrals/Source/1.7.2. Improper Integrals Involving Exponential Functions
70,4005,CA2.1.7.3,Improper Integrals Involving Arctangent,vault/MA/Single-Variable-Calculus/CA2/1. Integration Techniques/1.7. Improper Integrals/Lessons/1.7.3. Improper Integrals Involving Arctangent.md,vault/MA/Single-Variable-Calculus/CA2/1. Integration Techniques/1.7. Improper Integrals/Source/1.7.3. Improper Integrals Involving Arctangent
72,1382,CA2.1.7.4,Improper Integrals Over the Real Line,vault/MA/Single-Variable-Calculus/CA2/1. Integration Techniques/1.7. Improper Integrals/Lessons/1.7.4. Improper Integrals Over the Real Line.md,vault/MA/Single-Variable-Calculus/CA2/1. Integration Techniques/1.7. Improper Integrals/Source/1.7.4. Improper Integrals Over the Real Line
71,759,CA2.1.7.5,Improper Integrals of the Second Kind,vault/MA/Single-Variable-Calculus/CA2/1. Integration Techniques/1.7. Improper Integrals/Lessons/1.7.5. Improper Integrals of the Second Kind.md,vault/MA/Single-Variable-Calculus/CA2/1. Integration Techniques/1.7. Improper Integrals/Source/1.7.5. Improper Integrals of the Second Kind
72,3550,CA2.1.7.6,Improper Integrals of the Second Kind: Discontinuities at Interior Points,vault/MA/Single-Variable-Calculus/CA2/1. Integration Techniques/1.7. Improper Integrals/Lessons/1.7.6. Improper Integrals of the Second Kind- Discontinuities at Interior Points.md,vault/MA/Single-Variable-Calculus/CA2/1. Integration Techniques/1.7. Improper Integrals/Source/1.7.6. Improper Integrals of the Second Kind- Discontinuities at Interior Points
72,2512,CA2.2.1.1,Integrating Rates of Change,vault/MA/Single-Variable-Calculus/CA2/2. Applications of Integration/2.1. Applications of Integration/Lessons/2.1.1. Integrating Rates of Change.md,vault/MA/Single-Variable-Calculus/CA2/2. Applications of Integration/2.1. Applications of Integration/Source/2.1.1. Integrating Rates of Change
72,2513,CA2.2.1.2,Integrating Density Functions,vault/MA/Single-Variable-Calculus/CA2/2. Applications of Integration/2.1. Applications of Integration/Lessons/2.1.2. Integrating Density Functions.md,vault/MA/Single-Variable-Calculus/CA2/2. Applications of Integration/2.1. Applications of Integration/Source/2.1.2. Integrating Density Functions
70,1203,CA2.2.1.3,The Average Value of a Function,vault/MA/Single-Variable-Calculus/CA2/2. Applications of Integration/2.1. Applications of Integration/Lessons/2.1.3. The Average Value of a Function.md,vault/MA/Single-Variable-Calculus/CA2/2. Applications of Integration/2.1. Applications of Integration/Source/2.1.3. The Average Value of a Function
70,395,CA2.2.1.4,The Area Between Curves Expressed as Functions of X,vault/MA/Single-Variable-Calculus/CA2/2. Applications of Integration/2.1. Applications of Integration/Lessons/2.1.4. The Area Between Curves Expressed as Functions of X.md,vault/MA/Single-Variable-Calculus/CA2/2. Applications of Integration/2.1. Applications of Integration/Source/2.1.4. The Area Between Curves Expressed as Functions of X
71,402,CA2.2.1.5,The Area Between Curves Expressed as Functions of Y,vault/MA/Single-Variable-Calculus/CA2/2. Applications of Integration/2.1. Applications of Integration/Lessons/2.1.5. The Area Between Curves Expressed as Functions of Y.md,vault/MA/Single-Variable-Calculus/CA2/2. Applications of Integration/2.1. Applications of Integration/Source/2.1.5. The Area Between Curves Expressed as Functions of Y
72,311,CA2.2.1.6,Finding Areas Between Curves that Intersect at More Than Two Points,vault/MA/Single-Variable-Calculus/CA2/2. Applications of Integration/2.1. Applications of Integration/Lessons/2.1.6. Finding Areas Between Curves that Intersect at More Than Two Points.md,vault/MA/Single-Variable-Calculus/CA2/2. Applications of Integration/2.1. Applications of Integration/Source/2.1.6. Finding Areas Between Curves that Intersect at More Than Two Points
71,760,CA2.2.1.7,The Arc Length of a Planar Curve,vault/MA/Single-Variable-Calculus/CA2/2. Applications of Integration/2.1. Applications of Integration/Lessons/2.1.7. The Arc Length of a Planar Curve.md,vault/MA/Single-Variable-Calculus/CA2/2. Applications of Integration/2.1. Applications of Integration/Source/2.1.7. The Arc Length of a Planar Curve
72,1083,CA2.2.2.1,Volumes of Solids with Square Cross Sections,vault/MA/Single-Variable-Calculus/CA2/2. Applications of Integration/2.2. Volumes of Solids With Known Cross Sections/Lessons/2.2.1. Volumes of Solids with Square Cross Sections.md,vault/MA/Single-Variable-Calculus/CA2/2. Applications of Integration/2.2. Volumes of Solids With Known Cross Sections/Source/2.2.1. Volumes of Solids with Square Cross Sections
73,1248,CA2.2.2.2,Volumes of Solids with Rectangular Cross Sections,vault/MA/Single-Variable-Calculus/CA2/2. Applications of Integration/2.2. Volumes of Solids With Known Cross Sections/Lessons/2.2.2. Volumes of Solids with Rectangular Cross Sections.md,vault/MA/Single-Variable-Calculus/CA2/2. Applications of Integration/2.2. Volumes of Solids With Known Cross Sections/Source/2.2.2. Volumes of Solids with Rectangular Cross Sections
73,1276,CA2.2.2.3,Volumes of Solids with Triangular Cross Sections,vault/MA/Single-Variable-Calculus/CA2/2. Applications of Integration/2.2. Volumes of Solids With Known Cross Sections/Lessons/2.2.3. Volumes of Solids with Triangular Cross Sections.md,vault/MA/Single-Variable-Calculus/CA2/2. Applications of Integration/2.2. Volumes of Solids With Known Cross Sections/Source/2.2.3. Volumes of Solids with Triangular Cross Sections
73,1280,CA2.2.2.4,Volumes of Solids with Circular Cross Sections,vault/MA/Single-Variable-Calculus/CA2/2. Applications of Integration/2.2. Volumes of Solids With Known Cross Sections/Lessons/2.2.4. Volumes of Solids with Circular Cross Sections.md,vault/MA/Single-Variable-Calculus/CA2/2. Applications of Integration/2.2. Volumes of Solids With Known Cross Sections/Source/2.2.4. Volumes of Solids with Circular Cross Sections
71,413,CA2.2.3.1,Volumes of Revolution Using the Disc Method: Rotation About the Coordinate Axes,vault/MA/Single-Variable-Calculus/CA2/2. Applications of Integration/2.3. Volumes of Revolution/Lessons/2.3.1. Volumes of Revolution Using the Disc Method- Rotation About the Coordinate Axes.md,vault/MA/Single-Variable-Calculus/CA2/2. Applications of Integration/2.3. Volumes of Revolution/Source/2.3.1. Volumes of Revolution Using the Disc Method- Rotation About the Coordinate Axes
72,1677,CA2.2.3.2,Volumes of Revolution Using the Disc Method: Rotation About Other Axes,vault/MA/Single-Variable-Calculus/CA2/2. Applications of Integration/2.3. Volumes of Revolution/Lessons/2.3.2. Volumes of Revolution Using the Disc Method- Rotation About Other Axes.md,vault/MA/Single-Variable-Calculus/CA2/2. Applications of Integration/2.3. Volumes of Revolution/Source/2.3.2. Volumes of Revolution Using the Disc Method- Rotation About Other Axes
72,414,CA2.2.3.3,Volumes of Revolution Using the Washer Method: Rotation About the Coordinate Axes,vault/MA/Single-Variable-Calculus/CA2/2. Applications of Integration/2.3. Volumes of Revolution/Lessons/2.3.3. Volumes of Revolution Using the Washer Method- Rotation About the Coordinate Axes.md,vault/MA/Single-Variable-Calculus/CA2/2. Applications of Integration/2.3. Volumes of Revolution/Source/2.3.3. Volumes of Revolution Using the Washer Method- Rotation About the Coordinate Axes
73,1082,CA2.2.3.4,Volumes of Revolution Using the Washer Method: Rotation About Other Axes,vault/MA/Single-Variable-Calculus/CA2/2. Applications of Integration/2.3. Volumes of Revolution/Lessons/2.3.4. Volumes of Revolution Using the Washer Method- Rotation About Other Axes.md,vault/MA/Single-Variable-Calculus/CA2/2. Applications of Integration/2.3. Volumes of Revolution/Source/2.3.4. Volumes of Revolution Using the Washer Method- Rotation About Other Axes
73,415,CA2.2.3.5,The Shell Method: Rotating a Region About the X-Axis,vault/MA/Single-Variable-Calculus/CA2/2. Applications of Integration/2.3. Volumes of Revolution/Lessons/2.3.5. The Shell Method- Rotating a Region About the X-Axis.md,vault/MA/Single-Variable-Calculus/CA2/2. Applications of Integration/2.3. Volumes of Revolution/Source/2.3.5. The Shell Method- Rotating a Region About the X-Axis
74,3641,CA2.2.3.6,The Shell Method: Rotating a Region Between Two Curves About the X-Axis,vault/MA/Single-Variable-Calculus/CA2/2. Applications of Integration/2.3. Volumes of Revolution/Lessons/2.3.6. The Shell Method- Rotating a Region Between Two Curves About the X-Axis.md,vault/MA/Single-Variable-Calculus/CA2/2. Applications of Integration/2.3. Volumes of Revolution/Source/2.3.6. The Shell Method- Rotating a Region Between Two Curves About the X-Axis
75,1084,CA2.2.3.7,The Shell Method: Rotation About the Y-Axis,vault/MA/Single-Variable-Calculus/CA2/2. Applications of Integration/2.3. Volumes of Revolution/Lessons/2.3.7. The Shell Method- Rotation About the Y-Axis.md,vault/MA/Single-Variable-Calculus/CA2/2. Applications of Integration/2.3. Volumes of Revolution/Source/2.3.7. The Shell Method- Rotation About the Y-Axis
72,1994,CA2.2.4.1,Surface Areas of Revolution: Rotation About the X-Axis,vault/MA/Single-Variable-Calculus/CA2/2. Applications of Integration/2.4. Surface Areas of Revolution/Lessons/2.4.1. Surface Areas of Revolution- Rotation About the X-Axis.md,vault/MA/Single-Variable-Calculus/CA2/2. Applications of Integration/2.4. Surface Areas of Revolution/Source/2.4.1. Surface Areas of Revolution- Rotation About the X-Axis
73,3632,CA2.2.4.2,Surface Areas of Revolution: Rotation About the Y-Axis,vault/MA/Single-Variable-Calculus/CA2/2. Applications of Integration/2.4. Surface Areas of Revolution/Lessons/2.4.2. Surface Areas of Revolution- Rotation About the Y-Axis.md,vault/MA/Single-Variable-Calculus/CA2/2. Applications of Integration/2.4. Surface Areas of Revolution/Source/2.4.2. Surface Areas of Revolution- Rotation About the Y-Axis
74,1995,CA2.2.4.3,Surface Areas of Revolution for Parametric Curves,vault/MA/Single-Variable-Calculus/CA2/2. Applications of Integration/2.4. Surface Areas of Revolution/Lessons/2.4.3. Surface Areas of Revolution for Parametric Curves.md,vault/MA/Single-Variable-Calculus/CA2/2. Applications of Integration/2.4. Surface Areas of Revolution/Source/2.4.3. Surface Areas of Revolution for Parametric Curves
71,762,CA2.2.5.1,Calculating Velocity Using Integration,"vault/MA/Single-Variable-Calculus/CA2/2. Applications of Integration/2.5. Connecting Position, Velocity and Acceleration Using Integrals/Lessons/2.5.1. Calculating Velocity Using Integration.md","vault/MA/Single-Variable-Calculus/CA2/2. Applications of Integration/2.5. Connecting Position, Velocity and Acceleration Using Integrals/Source/2.5.1. Calculating Velocity Using Integration"
72,3582,CA2.2.5.2,Determining Characteristics of Moving Objects Using Integration,"vault/MA/Single-Variable-Calculus/CA2/2. Applications of Integration/2.5. Connecting Position, Velocity and Acceleration Using Integrals/Lessons/2.5.2. Determining Characteristics of Moving Objects Using Integration.md","vault/MA/Single-Variable-Calculus/CA2/2. Applications of Integration/2.5. Connecting Position, Velocity and Acceleration Using Integrals/Source/2.5.2. Determining Characteristics of Moving Objects Using Integration"
72,335,CA2.2.5.3,Calculating the Position Function of a Particle Using Integration,"vault/MA/Single-Variable-Calculus/CA2/2. Applications of Integration/2.5. Connecting Position, Velocity and Acceleration Using Integrals/Lessons/2.5.3. Calculating the Position Function of a Particle Using Integration.md","vault/MA/Single-Variable-Calculus/CA2/2. Applications of Integration/2.5. Connecting Position, Velocity and Acceleration Using Integrals/Source/2.5.3. Calculating the Position Function of a Particle Using Integration"
73,3576,CA2.2.5.4,Calculating the Displacement of a Particle Using Integration,"vault/MA/Single-Variable-Calculus/CA2/2. Applications of Integration/2.5. Connecting Position, Velocity and Acceleration Using Integrals/Lessons/2.5.4. Calculating the Displacement of a Particle Using Integration.md","vault/MA/Single-Variable-Calculus/CA2/2. Applications of Integration/2.5. Connecting Position, Velocity and Acceleration Using Integrals/Source/2.5.4. Calculating the Displacement of a Particle Using Integration"
74,636,CA2.2.5.5,Calculating the Total Distance Traveled by a Particle,"vault/MA/Single-Variable-Calculus/CA2/2. Applications of Integration/2.5. Connecting Position, Velocity and Acceleration Using Integrals/Lessons/2.5.5. Calculating the Total Distance Traveled by a Particle.md","vault/MA/Single-Variable-Calculus/CA2/2. Applications of Integration/2.5. Connecting Position, Velocity and Acceleration Using Integrals/Source/2.5.5. Calculating the Total Distance Traveled by a Particle"
71,1079,CA2.2.5.6,"Average Position, Velocity, and Acceleration","vault/MA/Single-Variable-Calculus/CA2/2. Applications of Integration/2.5. Connecting Position, Velocity and Acceleration Using Integrals/Lessons/2.5.6. Average Position, Velocity, and Acceleration.md","vault/MA/Single-Variable-Calculus/CA2/2. Applications of Integration/2.5. Connecting Position, Velocity and Acceleration Using Integrals/Source/2.5.6. Average Position, Velocity, and Acceleration"
63,798,CA2.3.1.1,Differentiating Parametric Curves,vault/MA/Single-Variable-Calculus/CA2/3. Parametric & Polar Equations/3.1. Parametric Equations/Lessons/3.1.1. Differentiating Parametric Curves.md,vault/MA/Single-Variable-Calculus/CA2/3. Parametric & Polar Equations/3.1. Parametric Equations/Source/3.1.1. Differentiating Parametric Curves
64,799,CA2.3.1.2,Calculating Tangent and Normal Lines with Parametric Equations,vault/MA/Single-Variable-Calculus/CA2/3. Parametric & Polar Equations/3.1. Parametric Equations/Lessons/3.1.2. Calculating Tangent and Normal Lines with Parametric Equations.md,vault/MA/Single-Variable-Calculus/CA2/3. Parametric & Polar Equations/3.1. Parametric Equations/Source/3.1.2. Calculating Tangent and Normal Lines with Parametric Equations
64,431,CA2.3.1.3,Second Derivatives of Parametric Equations,vault/MA/Single-Variable-Calculus/CA2/3. Parametric & Polar Equations/3.1. Parametric Equations/Lessons/3.1.3. Second Derivatives of Parametric Equations.md,vault/MA/Single-Variable-Calculus/CA2/3. Parametric & Polar Equations/3.1. Parametric Equations/Source/3.1.3. Second Derivatives of Parametric Equations
73,997,CA2.3.1.4,The Arc Length of a Parametric Curve,vault/MA/Single-Variable-Calculus/CA2/3. Parametric & Polar Equations/3.1. Parametric Equations/Lessons/3.1.4. The Arc Length of a Parametric Curve.md,vault/MA/Single-Variable-Calculus/CA2/3. Parametric & Polar Equations/3.1. Parametric Equations/Source/3.1.4. The Arc Length of a Parametric Curve
72,1043,CA2.3.1.5,Calculating Areas Bounded by Parametric Functions,vault/MA/Single-Variable-Calculus/CA2/3. Parametric & Polar Equations/3.1. Parametric Equations/Lessons/3.1.5. Calculating Areas Bounded by Parametric Functions.md,vault/MA/Single-Variable-Calculus/CA2/3. Parametric & Polar Equations/3.1. Parametric Equations/Source/3.1.5. Calculating Areas Bounded by Parametric Functions
61,475,CA2.3.2.1,Defining Vector-Valued Functions,vault/MA/Single-Variable-Calculus/CA2/3. Parametric & Polar Equations/3.2. Vector-Valued Functions/Lessons/3.2.1. Defining Vector-Valued Functions.md,vault/MA/Single-Variable-Calculus/CA2/3. Parametric & Polar Equations/3.2. Vector-Valued Functions/Source/3.2.1. Defining Vector-Valued Functions
66,4139,CA2.3.2.2,Differentiating Vector-Valued Functions,vault/MA/Single-Variable-Calculus/CA2/3. Parametric & Polar Equations/3.2. Vector-Valued Functions/Lessons/3.2.2. Differentiating Vector-Valued Functions.md,vault/MA/Single-Variable-Calculus/CA2/3. Parametric & Polar Equations/3.2. Vector-Valued Functions/Source/3.2.2. Differentiating Vector-Valued Functions
71,1085,CA2.3.2.3,Integrating Vector-Valued Functions,vault/MA/Single-Variable-Calculus/CA2/3. Parametric & Polar Equations/3.2. Vector-Valued Functions/Lessons/3.2.3. Integrating Vector-Valued Functions.md,vault/MA/Single-Variable-Calculus/CA2/3. Parametric & Polar Equations/3.2. Vector-Valued Functions/Source/3.2.3. Integrating Vector-Valued Functions
67,763,CA2.3.3.1,Calculating Velocity for Plane Motion Using Differentiation,vault/MA/Single-Variable-Calculus/CA2/3. Parametric & Polar Equations/3.3. The Planar Motion of a Particle/Lessons/3.3.1. Calculating Velocity for Plane Motion Using Differentiation.md,vault/MA/Single-Variable-Calculus/CA2/3. Parametric & Polar Equations/3.3. The Planar Motion of a Particle/Source/3.3.1. Calculating Velocity for Plane Motion Using Differentiation
72,825,CA2.3.3.2,Calculating Acceleration for Plane Motion Using Differentiation,vault/MA/Single-Variable-Calculus/CA2/3. Parametric & Polar Equations/3.3. The Planar Motion of a Particle/Lessons/3.3.2. Calculating Acceleration for Plane Motion Using Differentiation.md,vault/MA/Single-Variable-Calculus/CA2/3. Parametric & Polar Equations/3.3. The Planar Motion of a Particle/Source/3.3.2. Calculating Acceleration for Plane Motion Using Differentiation
73,826,CA2.3.3.3,Finding Velocity Vectors in Two Dimensions Using Integration,vault/MA/Single-Variable-Calculus/CA2/3. Parametric & Polar Equations/3.3. The Planar Motion of a Particle/Lessons/3.3.3. Finding Velocity Vectors in Two Dimensions Using Integration.md,vault/MA/Single-Variable-Calculus/CA2/3. Parametric & Polar Equations/3.3. The Planar Motion of a Particle/Source/3.3.3. Finding Velocity Vectors in Two Dimensions Using Integration
74,648,CA2.3.3.4,Finding Displacement Vectors in Two Dimensions Using Integration,vault/MA/Single-Variable-Calculus/CA2/3. Parametric & Polar Equations/3.3. The Planar Motion of a Particle/Lessons/3.3.4. Finding Displacement Vectors in Two Dimensions Using Integration.md,vault/MA/Single-Variable-Calculus/CA2/3. Parametric & Polar Equations/3.3. The Planar Motion of a Particle/Source/3.3.4. Finding Displacement Vectors in Two Dimensions Using Integration
74,3340,CA2.3.3.5,Applying Newton's Second Law in the Plane,vault/MA/Single-Variable-Calculus/CA2/3. Parametric & Polar Equations/3.3. The Planar Motion of a Particle/Lessons/3.3.5. Applying Newton's Second Law in the Plane.md,vault/MA/Single-Variable-Calculus/CA2/3. Parametric & Polar Equations/3.3. The Planar Motion of a Particle/Source/3.3.5. Applying Newton's Second Law in the Plane
65,998,CA2.3.4.1,Differentiating Curves Given in Polar Form,vault/MA/Single-Variable-Calculus/CA2/3. Parametric & Polar Equations/3.4. Polar Coordinates/Lessons/3.4.1. Differentiating Curves Given in Polar Form.md,vault/MA/Single-Variable-Calculus/CA2/3. Parametric & Polar Equations/3.4. Polar Coordinates/Source/3.4.1. Differentiating Curves Given in Polar Form
70,3854,CA2.3.4.2,Further Differentiation of Curves Given in Polar Form,vault/MA/Single-Variable-Calculus/CA2/3. Parametric & Polar Equations/3.4. Polar Coordinates/Lessons/3.4.2. Further Differentiation of Curves Given in Polar Form.md,vault/MA/Single-Variable-Calculus/CA2/3. Parametric & Polar Equations/3.4. Polar Coordinates/Source/3.4.2. Further Differentiation of Curves Given in Polar Form
68,3584,CA2.3.4.3,Horizontal and Vertical Tangents to Polar Curves,vault/MA/Single-Variable-Calculus/CA2/3. Parametric & Polar Equations/3.4. Polar Coordinates/Lessons/3.4.3. Horizontal and Vertical Tangents to Polar Curves.md,vault/MA/Single-Variable-Calculus/CA2/3. Parametric & Polar Equations/3.4. Polar Coordinates/Source/3.4.3. Horizontal and Vertical Tangents to Polar Curves
69,3895,CA2.3.4.4,Horizontal and Vertical Tangents to Polar Curves in Non-Differentiable Cases,vault/MA/Single-Variable-Calculus/CA2/3. Parametric & Polar Equations/3.4. Polar Coordinates/Lessons/3.4.4. Horizontal and Vertical Tangents to Polar Curves in Non-Differentiable Cases.md,vault/MA/Single-Variable-Calculus/CA2/3. Parametric & Polar Equations/3.4. Polar Coordinates/Source/3.4.4. Horizontal and Vertical Tangents to Polar Curves in Non-Differentiable Cases
66,3834,CA2.3.4.5,Tangent and Normal Lines to Polar Curves,vault/MA/Single-Variable-Calculus/CA2/3. Parametric & Polar Equations/3.4. Polar Coordinates/Lessons/3.4.5. Tangent and Normal Lines to Polar Curves.md,vault/MA/Single-Variable-Calculus/CA2/3. Parametric & Polar Equations/3.4. Polar Coordinates/Source/3.4.5. Tangent and Normal Lines to Polar Curves
73,1000,CA2.3.4.6,Finding the Area of a Polar Region,vault/MA/Single-Variable-Calculus/CA2/3. Parametric & Polar Equations/3.4. Polar Coordinates/Lessons/3.4.6. Finding the Area of a Polar Region.md,vault/MA/Single-Variable-Calculus/CA2/3. Parametric & Polar Equations/3.4. Polar Coordinates/Source/3.4.6. Finding the Area of a Polar Region
74,1345,CA2.3.4.7,Finding the Limits of Integration For a Given Polar Region,vault/MA/Single-Variable-Calculus/CA2/3. Parametric & Polar Equations/3.4. Polar Coordinates/Lessons/3.4.7. Finding the Limits of Integration For a Given Polar Region.md,vault/MA/Single-Variable-Calculus/CA2/3. Parametric & Polar Equations/3.4. Polar Coordinates/Source/3.4.7. Finding the Limits of Integration For a Given Polar Region
75,2833,CA2.3.4.8,The Total Area Bounded by a Single Polar Curve,vault/MA/Single-Variable-Calculus/CA2/3. Parametric & Polar Equations/3.4. Polar Coordinates/Lessons/3.4.8. The Total Area Bounded by a Single Polar Curve.md,vault/MA/Single-Variable-Calculus/CA2/3. Parametric & Polar Equations/3.4. Polar Coordinates/Source/3.4.8. The Total Area Bounded by a Single Polar Curve
76,1001,CA2.3.4.9,The Area Bounded by Two Polar Curves,vault/MA/Single-Variable-Calculus/CA2/3. Parametric & Polar Equations/3.4. Polar Coordinates/Lessons/3.4.9. The Area Bounded by Two Polar Curves.md,vault/MA/Single-Variable-Calculus/CA2/3. Parametric & Polar Equations/3.4. Polar Coordinates/Source/3.4.9. The Area Bounded by Two Polar Curves
72,999,CA2.3.4.10,The Arc Length of a Polar Curve,vault/MA/Single-Variable-Calculus/CA2/3. Parametric & Polar Equations/3.4. Polar Coordinates/Lessons/3.4.10. The Arc Length of a Polar Curve.md,vault/MA/Single-Variable-Calculus/CA2/3. Parametric & Polar Equations/3.4. Polar Coordinates/Source/3.4.10. The Arc Length of a Polar Curve
65,1087,CA2.4.1.1,Limits of Sequences,vault/MA/Single-Variable-Calculus/CA2/4. Sequences & Series/4.1. Sequences/Lessons/4.1.1. Limits of Sequences.md,vault/MA/Single-Variable-Calculus/CA2/4. Sequences & Series/4.1. Sequences/Source/4.1.1. Limits of Sequences
64,1088,CA2.4.1.2,Convergence of Geometric Sequences,vault/MA/Single-Variable-Calculus/CA2/4. Sequences & Series/4.1. Sequences/Lessons/4.1.2. Convergence of Geometric Sequences.md,vault/MA/Single-Variable-Calculus/CA2/4. Sequences & Series/4.1. Sequences/Source/4.1.2. Convergence of Geometric Sequences
65,3838,CA2.4.1.3,Further Convergence of Geometric Sequences,vault/MA/Single-Variable-Calculus/CA2/4. Sequences & Series/4.1. Sequences/Lessons/4.1.3. Further Convergence of Geometric Sequences.md,vault/MA/Single-Variable-Calculus/CA2/4. Sequences & Series/4.1. Sequences/Source/4.1.3. Further Convergence of Geometric Sequences
66,1089,CA2.4.1.4,Limits of Sequences With Factorials,vault/MA/Single-Variable-Calculus/CA2/4. Sequences & Series/4.1. Sequences/Lessons/4.1.4. Limits of Sequences With Factorials.md,vault/MA/Single-Variable-Calculus/CA2/4. Sequences & Series/4.1. Sequences/Source/4.1.4. Limits of Sequences With Factorials
66,1245,CA2.4.1.5,Determining Limits of Sequences Using Relative Magnitudes,vault/MA/Single-Variable-Calculus/CA2/4. Sequences & Series/4.1. Sequences/Lessons/4.1.5. Determining Limits of Sequences Using Relative Magnitudes.md,vault/MA/Single-Variable-Calculus/CA2/4. Sequences & Series/4.1. Sequences/Source/4.1.5. Determining Limits of Sequences Using Relative Magnitudes
67,3539,CA2.4.1.6,Further Determining Limits of Sequences Using Relative Magnitudes,vault/MA/Single-Variable-Calculus/CA2/4. Sequences & Series/4.1. Sequences/Lessons/4.1.6. Further Determining Limits of Sequences Using Relative Magnitudes.md,vault/MA/Single-Variable-Calculus/CA2/4. Sequences & Series/4.1. Sequences/Source/4.1.6. Further Determining Limits of Sequences Using Relative Magnitudes
60,1096,CA2.4.2.1,Monotonic Sequences,vault/MA/Single-Variable-Calculus/CA2/4. Sequences & Series/4.2. Monotonic Sequences/Lessons/4.2.1. Monotonic Sequences.md,vault/MA/Single-Variable-Calculus/CA2/4. Sequences & Series/4.2. Monotonic Sequences/Source/4.2.1. Monotonic Sequences
69,3844,CA2.4.2.2,Identifying Monotonic Sequences Using Differentiation,vault/MA/Single-Variable-Calculus/CA2/4. Sequences & Series/4.2. Monotonic Sequences/Lessons/4.2.2. Identifying Monotonic Sequences Using Differentiation.md,vault/MA/Single-Variable-Calculus/CA2/4. Sequences & Series/4.2. Monotonic Sequences/Source/4.2.2. Identifying Monotonic Sequences Using Differentiation
61,3861,CA2.4.2.3,Identifying Monotonic Sequences Using Ratios,vault/MA/Single-Variable-Calculus/CA2/4. Sequences & Series/4.2. Monotonic Sequences/Lessons/4.2.3. Identifying Monotonic Sequences Using Ratios.md,vault/MA/Single-Variable-Calculus/CA2/4. Sequences & Series/4.2. Monotonic Sequences/Source/4.2.3. Identifying Monotonic Sequences Using Ratios
64,981,CA2.4.3.1,Infinite Series and Partial Sums,vault/MA/Single-Variable-Calculus/CA2/4. Sequences & Series/4.3. Infinite Series/Lessons/4.3.1. Infinite Series and Partial Sums.md,vault/MA/Single-Variable-Calculus/CA2/4. Sequences & Series/4.3. Infinite Series/Source/4.3.1. Infinite Series and Partial Sums
65,982,CA2.4.3.2,Convergent and Divergent Infinite Series,vault/MA/Single-Variable-Calculus/CA2/4. Sequences & Series/4.3. Infinite Series/Lessons/4.3.2. Convergent and Divergent Infinite Series.md,vault/MA/Single-Variable-Calculus/CA2/4. Sequences & Series/4.3. Infinite Series/Source/4.3.2. Convergent and Divergent Infinite Series
66,983,CA2.4.3.3,Properties of Infinite Series,vault/MA/Single-Variable-Calculus/CA2/4. Sequences & Series/4.3. Infinite Series/Lessons/4.3.3. Properties of Infinite Series.md,vault/MA/Single-Variable-Calculus/CA2/4. Sequences & Series/4.3. Infinite Series/Source/4.3.3. Properties of Infinite Series
67,4052,CA2.4.3.4,Further Properties of Infinite Series,vault/MA/Single-Variable-Calculus/CA2/4. Sequences & Series/4.3. Infinite Series/Lessons/4.3.4. Further Properties of Infinite Series.md,vault/MA/Single-Variable-Calculus/CA2/4. Sequences & Series/4.3. Infinite Series/Source/4.3.4. Further Properties of Infinite Series
69,1176,CA2.4.3.5,Telescoping Series,vault/MA/Single-Variable-Calculus/CA2/4. Sequences & Series/4.3. Infinite Series/Lessons/4.3.5. Telescoping Series.md,vault/MA/Single-Variable-Calculus/CA2/4. Sequences & Series/4.3. Infinite Series/Source/4.3.5. Telescoping Series
65,691,CA2.4.4.1,Finding the Sum of an Infinite Geometric Series,vault/MA/Single-Variable-Calculus/CA2/4. Sequences & Series/4.4. Geometric Series/Lessons/4.4.1. Finding the Sum of an Infinite Geometric Series.md,vault/MA/Single-Variable-Calculus/CA2/4. Sequences & Series/4.4. Geometric Series/Source/4.4.1. Finding the Sum of an Infinite Geometric Series
65,686,CA2.4.4.2,Writing an Infinite Geometric Series in Sigma Notation,vault/MA/Single-Variable-Calculus/CA2/4. Sequences & Series/4.4. Geometric Series/Lessons/4.4.2. Writing an Infinite Geometric Series in Sigma Notation.md,vault/MA/Single-Variable-Calculus/CA2/4. Sequences & Series/4.4. Geometric Series/Source/4.4.2. Writing an Infinite Geometric Series in Sigma Notation
66,1020,CA2.4.4.3,Sums of Infinite Geometric Series Given in Sigma Notation,vault/MA/Single-Variable-Calculus/CA2/4. Sequences & Series/4.4. Geometric Series/Lessons/4.4.3. Sums of Infinite Geometric Series Given in Sigma Notation.md,vault/MA/Single-Variable-Calculus/CA2/4. Sequences & Series/4.4. Geometric Series/Source/4.4.3. Sums of Infinite Geometric Series Given in Sigma Notation
68,684,CA2.4.4.4,Convergence of Geometric Series,vault/MA/Single-Variable-Calculus/CA2/4. Sequences & Series/4.4. Geometric Series/Lessons/4.4.4. Convergence of Geometric Series.md,vault/MA/Single-Variable-Calculus/CA2/4. Sequences & Series/4.4. Geometric Series/Source/4.4.4. Convergence of Geometric Series
66,689,CA2.4.4.5,Repeating Decimals as Infinite Geometric Series,vault/MA/Single-Variable-Calculus/CA2/4. Sequences & Series/4.4. Geometric Series/Lessons/4.4.5. Repeating Decimals as Infinite Geometric Series.md,vault/MA/Single-Variable-Calculus/CA2/4. Sequences & Series/4.4. Geometric Series/Source/4.4.5. Repeating Decimals as Infinite Geometric Series
68,743,CA2.4.5.1,The Nth Term Test for Divergence,vault/MA/Single-Variable-Calculus/CA2/4. Sequences & Series/4.5. Infinite Series Convergence Tests/Lessons/4.5.1. The Nth Term Test for Divergence.md,vault/MA/Single-Variable-Calculus/CA2/4. Sequences & Series/4.5. Infinite Series Convergence Tests/Source/4.5.1. The Nth Term Test for Divergence
70,744,CA2.4.5.2,The Integral Test,vault/MA/Single-Variable-Calculus/CA2/4. Sequences & Series/4.5. Infinite Series Convergence Tests/Lessons/4.5.2. The Integral Test.md,vault/MA/Single-Variable-Calculus/CA2/4. Sequences & Series/4.5. Infinite Series Convergence Tests/Source/4.5.2. The Integral Test
71,1173,CA2.4.5.3,The Remainder Estimate for the Integral Test,vault/MA/Single-Variable-Calculus/CA2/4. Sequences & Series/4.5. Infinite Series Convergence Tests/Lessons/4.5.3. The Remainder Estimate for the Integral Test.md,vault/MA/Single-Variable-Calculus/CA2/4. Sequences & Series/4.5. Infinite Series Convergence Tests/Source/4.5.3. The Remainder Estimate for the Integral Test
68,860,CA2.4.5.4,Harmonic Series and p-Series,vault/MA/Single-Variable-Calculus/CA2/4. Sequences & Series/4.5. Infinite Series Convergence Tests/Lessons/4.5.4. Harmonic Series and p-Series.md,vault/MA/Single-Variable-Calculus/CA2/4. Sequences & Series/4.5. Infinite Series Convergence Tests/Source/4.5.4. Harmonic Series and p-Series
69,745,CA2.4.5.5,The Comparison Test,vault/MA/Single-Variable-Calculus/CA2/4. Sequences & Series/4.5. Infinite Series Convergence Tests/Lessons/4.5.5. The Comparison Test.md,vault/MA/Single-Variable-Calculus/CA2/4. Sequences & Series/4.5. Infinite Series Convergence Tests/Source/4.5.5. The Comparison Test
70,750,CA2.4.5.6,The Limit Comparison Test,vault/MA/Single-Variable-Calculus/CA2/4. Sequences & Series/4.5. Infinite Series Convergence Tests/Lessons/4.5.6. The Limit Comparison Test.md,vault/MA/Single-Variable-Calculus/CA2/4. Sequences & Series/4.5. Infinite Series Convergence Tests/Source/4.5.6. The Limit Comparison Test
70,747,CA2.4.5.7,The Alternating Series Test,vault/MA/Single-Variable-Calculus/CA2/4. Sequences & Series/4.5. Infinite Series Convergence Tests/Lessons/4.5.7. The Alternating Series Test.md,vault/MA/Single-Variable-Calculus/CA2/4. Sequences & Series/4.5. Infinite Series Convergence Tests/Source/4.5.7. The Alternating Series Test
67,746,CA2.4.5.8,The Ratio Test,vault/MA/Single-Variable-Calculus/CA2/4. Sequences & Series/4.5. Infinite Series Convergence Tests/Lessons/4.5.8. The Ratio Test.md,vault/MA/Single-Variable-Calculus/CA2/4. Sequences & Series/4.5. Infinite Series Convergence Tests/Source/4.5.8. The Ratio Test
66,749,CA2.4.5.9,The Root Test,vault/MA/Single-Variable-Calculus/CA2/4. Sequences & Series/4.5. Infinite Series Convergence Tests/Lessons/4.5.9. The Root Test.md,vault/MA/Single-Variable-Calculus/CA2/4. Sequences & Series/4.5. Infinite Series Convergence Tests/Source/4.5.9. The Root Test
71,748,CA2.4.5.10,Absolute and Conditional Convergence,vault/MA/Single-Variable-Calculus/CA2/4. Sequences & Series/4.5. Infinite Series Convergence Tests/Lessons/4.5.10. Absolute and Conditional Convergence.md,vault/MA/Single-Variable-Calculus/CA2/4. Sequences & Series/4.5. Infinite Series Convergence Tests/Source/4.5.10. Absolute and Conditional Convergence
71,1174,CA2.4.5.11,The Alternating Series Error Bound,vault/MA/Single-Variable-Calculus/CA2/4. Sequences & Series/4.5. Infinite Series Convergence Tests/Lessons/4.5.11. The Alternating Series Error Bound.md,vault/MA/Single-Variable-Calculus/CA2/4. Sequences & Series/4.5. Infinite Series Convergence Tests/Source/4.5.11. The Alternating Series Error Bound
71,3858,CA2.4.5.12,Determining Convergence Parameters for Infinite Series,vault/MA/Single-Variable-Calculus/CA2/4. Sequences & Series/4.5. Infinite Series Convergence Tests/Lessons/4.5.12. Determining Convergence Parameters for Infinite Series.md,vault/MA/Single-Variable-Calculus/CA2/4. Sequences & Series/4.5. Infinite Series Convergence Tests/Source/4.5.12. Determining Convergence Parameters for Infinite Series
71,1172,CA2.4.5.13,Selecting Procedures for Analyzing Infinite Series,vault/MA/Single-Variable-Calculus/CA2/4. Sequences & Series/4.5. Infinite Series Convergence Tests/Lessons/4.5.13. Selecting Procedures for Analyzing Infinite Series.md,vault/MA/Single-Variable-Calculus/CA2/4. Sequences & Series/4.5. Infinite Series Convergence Tests/Source/4.5.13. Selecting Procedures for Analyzing Infinite Series
71,1177,CA2.4.6.1,Second-Degree Taylor Polynomials,vault/MA/Single-Variable-Calculus/CA2/4. Sequences & Series/4.6. Taylor Polynomials/Lessons/4.6.1. Second-Degree Taylor Polynomials.md,vault/MA/Single-Variable-Calculus/CA2/4. Sequences & Series/4.6. Taylor Polynomials/Source/4.6.1. Second-Degree Taylor Polynomials
72,3825,CA2.4.6.2,Analyzing Second-Degree Taylor Polynomials,vault/MA/Single-Variable-Calculus/CA2/4. Sequences & Series/4.6. Taylor Polynomials/Lessons/4.6.2. Analyzing Second-Degree Taylor Polynomials.md,vault/MA/Single-Variable-Calculus/CA2/4. Sequences & Series/4.6. Taylor Polynomials/Source/4.6.2. Analyzing Second-Degree Taylor Polynomials
73,1222,CA2.4.6.3,Third-Degree Taylor Polynomials,vault/MA/Single-Variable-Calculus/CA2/4. Sequences & Series/4.6. Taylor Polynomials/Lessons/4.6.3. Third-Degree Taylor Polynomials.md,vault/MA/Single-Variable-Calculus/CA2/4. Sequences & Series/4.6. Taylor Polynomials/Source/4.6.3. Third-Degree Taylor Polynomials
74,3771,CA2.4.6.4,Higher-Degree Taylor Polynomials,vault/MA/Single-Variable-Calculus/CA2/4. Sequences & Series/4.6. Taylor Polynomials/Lessons/4.6.4. Higher-Degree Taylor Polynomials.md,vault/MA/Single-Variable-Calculus/CA2/4. Sequences & Series/4.6. Taylor Polynomials/Source/4.6.4. Higher-Degree Taylor Polynomials
75,1080,CA2.4.6.5,The Lagrange Error Bound,vault/MA/Single-Variable-Calculus/CA2/4. Sequences & Series/4.6. Taylor Polynomials/Lessons/4.6.5. The Lagrange Error Bound.md,vault/MA/Single-Variable-Calculus/CA2/4. Sequences & Series/4.6. Taylor Polynomials/Source/4.6.5. The Lagrange Error Bound
76,984,CA2.4.7.1,Radius of Convergence of Power Series Centered at the Origin,vault/MA/Single-Variable-Calculus/CA2/4. Sequences & Series/4.7. Taylor Series/Lessons/4.7.1. Radius of Convergence of Power Series Centered at the Origin.md,vault/MA/Single-Variable-Calculus/CA2/4. Sequences & Series/4.7. Taylor Series/Source/4.7.1. Radius of Convergence of Power Series Centered at the Origin
77,3560,CA2.4.7.2,Radius of Convergence of Power Series,vault/MA/Single-Variable-Calculus/CA2/4. Sequences & Series/4.7. Taylor Series/Lessons/4.7.2. Radius of Convergence of Power Series.md,vault/MA/Single-Variable-Calculus/CA2/4. Sequences & Series/4.7. Taylor Series/Source/4.7.2. Radius of Convergence of Power Series
75,340,CA2.4.7.3,Maclaurin Series,vault/MA/Single-Variable-Calculus/CA2/4. Sequences & Series/4.7. Taylor Series/Lessons/4.7.3. Maclaurin Series.md,vault/MA/Single-Variable-Calculus/CA2/4. Sequences & Series/4.7. Taylor Series/Source/4.7.3. Maclaurin Series
76,3826,CA2.4.7.4,Taylor Series,vault/MA/Single-Variable-Calculus/CA2/4. Sequences & Series/4.7. Taylor Series/Lessons/4.7.4. Taylor Series.md,vault/MA/Single-Variable-Calculus/CA2/4. Sequences & Series/4.7. Taylor Series/Source/4.7.4. Taylor Series
77,885,CA2.4.7.5,Representing Functions as Power Series,vault/MA/Single-Variable-Calculus/CA2/4. Sequences & Series/4.7. Taylor Series/Lessons/4.7.5. Representing Functions as Power Series.md,vault/MA/Single-Variable-Calculus/CA2/4. Sequences & Series/4.7. Taylor Series/Source/4.7.5. Representing Functions as Power Series
78,884,CA2.4.7.6,Recognizing Standard Maclaurin Series,vault/MA/Single-Variable-Calculus/CA2/4. Sequences & Series/4.7. Taylor Series/Lessons/4.7.6. Recognizing Standard Maclaurin Series.md,vault/MA/Single-Variable-Calculus/CA2/4. Sequences & Series/4.7. Taylor Series/Source/4.7.6. Recognizing Standard Maclaurin Series
79,3573,CA2.4.7.7,Recognizing Standard Maclaurin Series for Trigonometric Functions,vault/MA/Single-Variable-Calculus/CA2/4. Sequences & Series/4.7. Taylor Series/Lessons/4.7.7. Recognizing Standard Maclaurin Series for Trigonometric Functions.md,vault/MA/Single-Variable-Calculus/CA2/4. Sequences & Series/4.7. Taylor Series/Source/4.7.7. Recognizing Standard Maclaurin Series for Trigonometric Functions
77,36,CA2.4.7.8,Differentiating Taylor Series,vault/MA/Single-Variable-Calculus/CA2/4. Sequences & Series/4.7. Taylor Series/Lessons/4.7.8. Differentiating Taylor Series.md,vault/MA/Single-Variable-Calculus/CA2/4. Sequences & Series/4.7. Taylor Series/Source/4.7.8. Differentiating Taylor Series
78,886,CA2.4.7.9,Approximating Integrals Using Taylor Series,vault/MA/Single-Variable-Calculus/CA2/4. Sequences & Series/4.7. Taylor Series/Lessons/4.7.9. Approximating Integrals Using Taylor Series.md,vault/MA/Single-Variable-Calculus/CA2/4. Sequences & Series/4.7. Taylor Series/Source/4.7.9. Approximating Integrals Using Taylor Series
69,3215,CA2.5.1.1,Introduction to Differential Equations,vault/MA/Single-Variable-Calculus/CA2/5. Differential Equations/5.1. Introduction to Differential Equations/Lessons/5.1.1. Introduction to Differential Equations.md,vault/MA/Single-Variable-Calculus/CA2/5. Differential Equations/5.1. Introduction to Differential Equations/Source/5.1.1. Introduction to Differential Equations
70,1181,CA2.5.1.2,Verifying Solutions of Differential Equations,vault/MA/Single-Variable-Calculus/CA2/5. Differential Equations/5.1. Introduction to Differential Equations/Lessons/5.1.2. Verifying Solutions of Differential Equations.md,vault/MA/Single-Variable-Calculus/CA2/5. Differential Equations/5.1. Introduction to Differential Equations/Source/5.1.2. Verifying Solutions of Differential Equations
71,1061,CA2.5.1.3,Solving First-Order ODEs Using Direct Integration,vault/MA/Single-Variable-Calculus/CA2/5. Differential Equations/5.1. Introduction to Differential Equations/Lessons/5.1.3. Solving First-Order ODEs Using Direct Integration.md,vault/MA/Single-Variable-Calculus/CA2/5. Differential Equations/5.1. Introduction to Differential Equations/Source/5.1.3. Solving First-Order ODEs Using Direct Integration
72,466,CA2.5.1.4,Solving First-Order ODEs Using Separation of Variables,vault/MA/Single-Variable-Calculus/CA2/5. Differential Equations/5.1. Introduction to Differential Equations/Lessons/5.1.4. Solving First-Order ODEs Using Separation of Variables.md,vault/MA/Single-Variable-Calculus/CA2/5. Differential Equations/5.1. Introduction to Differential Equations/Source/5.1.4. Solving First-Order ODEs Using Separation of Variables
73,1179,CA2.5.1.5,Solving First-Order IVPs Using Separation of Variables,vault/MA/Single-Variable-Calculus/CA2/5. Differential Equations/5.1. Introduction to Differential Equations/Lessons/5.1.5. Solving First-Order IVPs Using Separation of Variables.md,vault/MA/Single-Variable-Calculus/CA2/5. Differential Equations/5.1. Introduction to Differential Equations/Source/5.1.5. Solving First-Order IVPs Using Separation of Variables
70,2023,CA2.5.1.6,Modeling With First-Order ODEs,vault/MA/Single-Variable-Calculus/CA2/5. Differential Equations/5.1. Introduction to Differential Equations/Lessons/5.1.6. Modeling With First-Order ODEs.md,vault/MA/Single-Variable-Calculus/CA2/5. Differential Equations/5.1. Introduction to Differential Equations/Source/5.1.6. Modeling With First-Order ODEs
71,3860,CA2.5.1.7,Further Modeling With First-Order ODEs,vault/MA/Single-Variable-Calculus/CA2/5. Differential Equations/5.1. Introduction to Differential Equations/Lessons/5.1.7. Further Modeling With First-Order ODEs.md,vault/MA/Single-Variable-Calculus/CA2/5. Differential Equations/5.1. Introduction to Differential Equations/Source/5.1.7. Further Modeling With First-Order ODEs
72,2976,CA2.5.2.1,Qualitative Analysis of First-Order ODEs,vault/MA/Single-Variable-Calculus/CA2/5. Differential Equations/5.2. Qualitative Techniques for Differential Equations/Lessons/5.2.1. Qualitative Analysis of First-Order ODEs.md,vault/MA/Single-Variable-Calculus/CA2/5. Differential Equations/5.2. Qualitative Techniques for Differential Equations/Source/5.2.1. Qualitative Analysis of First-Order ODEs
74,3184,CA2.5.2.2,Equilibrium Solutions of First-Order ODEs,vault/MA/Single-Variable-Calculus/CA2/5. Differential Equations/5.2. Qualitative Techniques for Differential Equations/Lessons/5.2.2. Equilibrium Solutions of First-Order ODEs.md,vault/MA/Single-Variable-Calculus/CA2/5. Differential Equations/5.2. Qualitative Techniques for Differential Equations/Source/5.2.2. Equilibrium Solutions of First-Order ODEs
74,876,CA2.5.3.1,Exponential Growth and Decay Models With First-Order ODEs,vault/MA/Single-Variable-Calculus/CA2/5. Differential Equations/5.3. Modeling Exponential Growth and Decay With Differential Equations/Lessons/5.3.1. Exponential Growth and Decay Models With First-Order ODEs.md,vault/MA/Single-Variable-Calculus/CA2/5. Differential Equations/5.3. Modeling Exponential Growth and Decay With Differential Equations/Source/5.3.1. Exponential Growth and Decay Models With First-Order ODEs
75,3672,CA2.5.3.2,Exponential Growth and Decay Models With First-Order ODEs: Calculating Unknown Times and Initial Values,vault/MA/Single-Variable-Calculus/CA2/5. Differential Equations/5.3. Modeling Exponential Growth and Decay With Differential Equations/Lessons/5.3.2. Exponential Growth and Decay Models With First-Order ODEs- Calculating Unknown Times and Initial Values.md,vault/MA/Single-Variable-Calculus/CA2/5. Differential Equations/5.3. Modeling Exponential Growth and Decay With Differential Equations/Source/5.3.2. Exponential Growth and Decay Models With First-Order ODEs- Calculating Unknown Times and Initial Values
76,3673,CA2.5.3.3,Exponential Growth and Decay Models With First-Order ODEs: Half-Life Problems,vault/MA/Single-Variable-Calculus/CA2/5. Differential Equations/5.3. Modeling Exponential Growth and Decay With Differential Equations/Lessons/5.3.3. Exponential Growth and Decay Models With First-Order ODEs- Half-Life Problems.md,vault/MA/Single-Variable-Calculus/CA2/5. Differential Equations/5.3. Modeling Exponential Growth and Decay With Differential Equations/Source/5.3.3. Exponential Growth and Decay Models With First-Order ODEs- Half-Life Problems
75,1163,CA2.5.4.1,Logistic Growth Models With First-Order ODEs,vault/MA/Single-Variable-Calculus/CA2/5. Differential Equations/5.4. Modeling Logistic Growth With Differential Equations/Lessons/5.4.1. Logistic Growth Models With First-Order ODEs.md,vault/MA/Single-Variable-Calculus/CA2/5. Differential Equations/5.4. Modeling Logistic Growth With Differential Equations/Source/5.4.1. Logistic Growth Models With First-Order ODEs
76,3551,CA2.5.4.2,Qualitative Analysis of the Logistic Growth Equation,vault/MA/Single-Variable-Calculus/CA2/5. Differential Equations/5.4. Modeling Logistic Growth With Differential Equations/Lessons/5.4.2. Qualitative Analysis of the Logistic Growth Equation.md,vault/MA/Single-Variable-Calculus/CA2/5. Differential Equations/5.4. Modeling Logistic Growth With Differential Equations/Source/5.4.2. Qualitative Analysis of the Logistic Growth Equation
76,3674,CA2.5.4.3,Solving the Logistic Growth Equation,vault/MA/Single-Variable-Calculus/CA2/5. Differential Equations/5.4. Modeling Logistic Growth With Differential Equations/Lessons/5.4.3. Solving the Logistic Growth Equation.md,vault/MA/Single-Variable-Calculus/CA2/5. Differential Equations/5.4. Modeling Logistic Growth With Differential Equations/Source/5.4.3. Solving the Logistic Growth Equation
73,3276,CA2.5.5.1,Slope Fields for Directly Integrable Differential Equations,vault/MA/Single-Variable-Calculus/CA2/5. Differential Equations/5.5. Slope Fields/Lessons/5.5.1. Slope Fields for Directly Integrable Differential Equations.md,vault/MA/Single-Variable-Calculus/CA2/5. Differential Equations/5.5. Slope Fields/Source/5.5.1. Slope Fields for Directly Integrable Differential Equations
74,3351,CA2.5.5.2,Slope Fields for Autonomous Differential Equations,vault/MA/Single-Variable-Calculus/CA2/5. Differential Equations/5.5. Slope Fields/Lessons/5.5.2. Slope Fields for Autonomous Differential Equations.md,vault/MA/Single-Variable-Calculus/CA2/5. Differential Equations/5.5. Slope Fields/Source/5.5.2. Slope Fields for Autonomous Differential Equations
75,3352,CA2.5.5.3,Slope Fields for Nonautonomous Differential Equations,vault/MA/Single-Variable-Calculus/CA2/5. Differential Equations/5.5. Slope Fields/Lessons/5.5.3. Slope Fields for Nonautonomous Differential Equations.md,vault/MA/Single-Variable-Calculus/CA2/5. Differential Equations/5.5. Slope Fields/Source/5.5.3. Slope Fields for Nonautonomous Differential Equations
74,3219,CA2.5.5.4,Analyzing Slope Fields for Directly Integrable Differential Equations,vault/MA/Single-Variable-Calculus/CA2/5. Differential Equations/5.5. Slope Fields/Lessons/5.5.4. Analyzing Slope Fields for Directly Integrable Differential Equations.md,vault/MA/Single-Variable-Calculus/CA2/5. Differential Equations/5.5. Slope Fields/Source/5.5.4. Analyzing Slope Fields for Directly Integrable Differential Equations
75,3220,CA2.5.5.5,Analyzing Slope Fields for Autonomous Differential Equations,vault/MA/Single-Variable-Calculus/CA2/5. Differential Equations/5.5. Slope Fields/Lessons/5.5.5. Analyzing Slope Fields for Autonomous Differential Equations.md,vault/MA/Single-Variable-Calculus/CA2/5. Differential Equations/5.5. Slope Fields/Source/5.5.5. Analyzing Slope Fields for Autonomous Differential Equations
76,3350,CA2.5.5.6,Analyzing Slope Fields for Nonautonomous Differential Equations,vault/MA/Single-Variable-Calculus/CA2/5. Differential Equations/5.5. Slope Fields/Lessons/5.5.6. Analyzing Slope Fields for Nonautonomous Differential Equations.md,vault/MA/Single-Variable-Calculus/CA2/5. Differential Equations/5.5. Slope Fields/Source/5.5.6. Analyzing Slope Fields for Nonautonomous Differential Equations
73,602,CA2.5.6.1,Euler's Method: Calculating One Step,vault/MA/Single-Variable-Calculus/CA2/5. Differential Equations/5.6. Numerical Solutions of Differential Equations/Lessons/5.6.1. Euler's Method- Calculating One Step.md,vault/MA/Single-Variable-Calculus/CA2/5. Differential Equations/5.6. Numerical Solutions of Differential Equations/Source/5.6.1. Euler's Method- Calculating One Step
74,3668,CA2.5.6.2,Euler's Method: Calculating Multiple Steps,vault/MA/Single-Variable-Calculus/CA2/5. Differential Equations/5.6. Numerical Solutions of Differential Equations/Lessons/5.6.2. Euler's Method- Calculating Multiple Steps.md,vault/MA/Single-Variable-Calculus/CA2/5. Differential Equations/5.6. Numerical Solutions of Differential Equations/Source/5.6.2. Euler's Method- Calculating Multiple Steps
