topic-id,step-id,question-id,question-type,answer-cardinality,quiz-block-format,quiz-block-type,quiz-answer-labels,quiz-updated-courses,quiz-status,quiz-answer-source,quiz-answer-rule
35,626,290,multiple-choice,single,obsidian-quiz-blocks,radio,a,CAB;CBC;CA1;MF2,converted-and-verified,manual,label
35,626,284,multiple-choice,single,obsidian-quiz-blocks,radio,a,CAB;CBC;CA1;MF2,converted-and-verified,manual,label
35,629,47845,multiple-choice,single,obsidian-quiz-blocks,radio,b,CAB;CBC;CA1;MF2,converted-and-verified,manual,label
35,629,47830,multiple-choice,single,obsidian-quiz-blocks,radio,b,CAB;CBC;CA1;MF2,converted-and-verified,manual,label
35,631,47843,multiple-choice,single,obsidian-quiz-blocks,radio,a,CAB;CBC;CA1;MF2,converted-and-verified,manual,label
35,631,47840,multiple-choice,single,obsidian-quiz-blocks,radio,e,CAB;CBC;CA1;MF2,converted-and-verified,manual,label
35,634,47824,multiple-choice,single,obsidian-quiz-blocks,radio,c,CAB;CBC;CA1;MF2,converted-and-verified,manual,label
35,634,47826,multiple-choice,single,obsidian-quiz-blocks,radio,c,CAB;CBC;CA1;MF2,converted-and-verified,manual,label
36,2592,50893,multiple-choice,single,obsidian-quiz-blocks,radio,e,CBC;CA2,converted-and-verified,manual,label
36,2592,50858,multiple-choice,single,obsidian-quiz-blocks,radio,d,CBC;CA2,converted-and-verified,manual,label
36,2595,50859,multiple-choice,single,obsidian-quiz-blocks,radio,b,CBC;CA2,converted-and-verified,manual,label
36,2595,50880,multiple-choice,single,obsidian-quiz-blocks,radio,e,CBC;CA2,converted-and-verified,manual,label
36,2598,50910,multiple-choice,single,obsidian-quiz-blocks,radio,e,CBC;CA2,converted-and-verified,manual,label
36,2598,50907,multiple-choice,single,obsidian-quiz-blocks,radio,c,CBC;CA2,converted-and-verified,manual,label
37,345,35281,multiple-choice,single,obsidian-quiz-blocks,radio,d,CAB;CBC;CA1;MF2,converted-and-verified,manual,label
37,345,54406,multiple-choice,single,obsidian-quiz-blocks,radio,a,CAB;CBC;CA1;MF2,converted-and-verified,manual,label
37,346,35616,multiple-choice,single,obsidian-quiz-blocks,radio,a,CAB;CBC;CA1;MF2,converted-and-verified,manual,label
37,346,35294,multiple-choice,single,obsidian-quiz-blocks,radio,a,CAB;CBC;CA1;MF2,converted-and-verified,manual,label
37,12007,17279,multiple-choice,single,obsidian-quiz-blocks,radio,b,CAB;CBC;CA1;MF2,converted-and-verified,manual,label
37,12007,4458,multiple-choice,single,obsidian-quiz-blocks,radio,c,CAB;CBC;CA1;MF2,converted-and-verified,manual,label
37,12008,35644,multiple-choice,single,obsidian-quiz-blocks,radio,e,CAB;CBC;CA1;MF2,converted-and-verified,manual,label
37,12008,35641,multiple-choice,single,obsidian-quiz-blocks,radio,a,CAB;CBC;CA1;MF2,converted-and-verified,manual,label
43,1347,2028,multiple-choice,single,obsidian-quiz-blocks,radio,b,CAB;CBC;CA1;MF2,converted-and-verified,manual,label
43,1347,2030,multiple-choice,single,obsidian-quiz-blocks,radio,e,CAB;CBC;CA1;MF2,converted-and-verified,manual,label
43,1349,71142,multiple-choice,single,obsidian-quiz-blocks,radio,b,CAB;CBC;CA1;MF2,converted-and-verified,manual,label
43,1349,71143,multiple-choice,single,obsidian-quiz-blocks,radio,e,CAB;CBC;CA1;MF2,converted-and-verified,manual,label
57,807,2282,multiple-choice,single,obsidian-quiz-blocks,radio,c,CAB;CBC;MF3;CA1,converted-and-verified,manual,label
57,807,2284,multiple-choice,single,obsidian-quiz-blocks,radio,a,CAB;CBC;MF3;CA1,converted-and-verified,manual,label
57,810,15134,multiple-choice,single,obsidian-quiz-blocks,radio,b,CAB;CBC;MF3;CA1,converted-and-verified,manual,label
57,810,53746,multiple-choice,single,obsidian-quiz-blocks,radio,e,CAB;CBC;MF3;CA1,converted-and-verified,manual,label
57,814,15140,multiple-choice,single,obsidian-quiz-blocks,radio,d,CAB;CBC;MF3;CA1,converted-and-verified,manual,label
57,814,15259,multiple-choice,single,obsidian-quiz-blocks,radio,b,CAB;CBC;MF3;CA1,converted-and-verified,manual,label
57,22699,2286,multiple-choice,single,obsidian-quiz-blocks,radio,a,CAB;CBC;MF3;CA1,converted-and-verified,manual,label
57,22699,2287,multiple-choice,single,obsidian-quiz-blocks,radio,c,CAB;CBC;MF3;CA1,converted-and-verified,manual,label
107,462,46861,multiple-choice,single,obsidian-quiz-blocks,radio,b,CA1;CAB;CBC,converted-and-verified,manual,label
107,462,46863,multiple-choice,single,obsidian-quiz-blocks,radio,c,CA1;CAB;CBC,converted-and-verified,manual,label
107,465,46864,multiple-choice,single,obsidian-quiz-blocks,radio,d,CA1;CAB;CBC,converted-and-verified,manual,label
107,465,46851,multiple-choice,single,obsidian-quiz-blocks,radio,e,CA1;CAB;CBC,converted-and-verified,manual,label
107,467,46852,multiple-choice,single,obsidian-quiz-blocks,radio,c,CA1;CAB;CBC,converted-and-verified,manual,label
107,467,46879,multiple-choice,single,obsidian-quiz-blocks,radio,a,CA1;CAB;CBC,converted-and-verified,manual,label
107,469,46877,multiple-choice,single,obsidian-quiz-blocks,radio,d,CA1;CAB;CBC,converted-and-verified,manual,label
107,469,46883,multiple-choice,single,obsidian-quiz-blocks,radio,d,CA1;CAB;CBC,converted-and-verified,manual,label
278,639,1214,multiple-choice,single,obsidian-quiz-blocks,radio,a,CAB;CBC;CA1;MF2,converted-and-verified,manual,label
278,639,272,multiple-choice,single,obsidian-quiz-blocks,radio,a,CAB;CBC;CA1;MF2,converted-and-verified,manual,label
278,642,10739,multiple-choice,single,obsidian-quiz-blocks,radio,c,CAB;CBC;CA1;MF2,converted-and-verified,manual,label
278,642,10737,multiple-choice,single,obsidian-quiz-blocks,radio,a,CAB;CBC;CA1;MF2,converted-and-verified,manual,label
278,645,1867,multiple-choice,single,obsidian-quiz-blocks,radio,d,CAB;CBC;CA1;MF2,converted-and-verified,manual,label
278,645,10291,multiple-choice,single,obsidian-quiz-blocks,radio,a,CAB;CBC;CA1;MF2,converted-and-verified,manual,label
278,647,1856,multiple-choice,single,obsidian-quiz-blocks,radio,c,CAB;CBC;CA1;MF2,converted-and-verified,manual,label
278,647,1860,multiple-choice,single,obsidian-quiz-blocks,radio,d,CAB;CBC;CA1;MF2,converted-and-verified,manual,label
280,12321,47908,multiple-choice,single,obsidian-quiz-blocks,radio,a,CAB;CBC;CA1;MF2,converted-and-verified,manual,label
280,12321,47906,multiple-choice,single,obsidian-quiz-blocks,radio,b,CAB;CBC;CA1;MF2,converted-and-verified,manual,label
280,12322,47905,multiple-choice,single,obsidian-quiz-blocks,radio,e,CAB;CBC;CA1;MF2,converted-and-verified,manual,label
280,12322,30990,multiple-choice,single,obsidian-quiz-blocks,radio,a,CAB;CBC;CA1;MF2,converted-and-verified,manual,label
281,12358,1851,multiple-choice,single,obsidian-quiz-blocks,radio,a,CAB;CBC;CA1;MF2,converted-and-verified,manual,label
281,12358,10573,multiple-choice,single,obsidian-quiz-blocks,radio,b,CAB;CBC;CA1;MF2,converted-and-verified,manual,label
281,12360,10894,multiple-choice,single,obsidian-quiz-blocks,radio,e,CAB;CBC;CA1;MF2,converted-and-verified,manual,label
281,12360,10903,multiple-choice,single,obsidian-quiz-blocks,radio,b,CAB;CBC;CA1;MF2,converted-and-verified,manual,label
281,12362,28546,multiple-choice,single,obsidian-quiz-blocks,radio,e,CAB;CBC;CA1;MF2,converted-and-verified,manual,label
281,12362,28550,multiple-choice,single,obsidian-quiz-blocks,radio,d,CAB;CBC;CA1;MF2,converted-and-verified,manual,label
282,1676,49271,multiple-choice,single,obsidian-quiz-blocks,radio,e,CA2;CAB;CBC;MF3,converted-and-verified,manual,label
282,1676,49070,multiple-choice,single,obsidian-quiz-blocks,radio,a,CA2;CAB;CBC;MF3,converted-and-verified,manual,label
282,1679,49273,multiple-choice,single,obsidian-quiz-blocks,radio,c,CA2;CAB;CBC;MF3,converted-and-verified,manual,label
282,1679,49275,multiple-choice,single,obsidian-quiz-blocks,radio,c,CA2;CAB;CBC;MF3,converted-and-verified,manual,label
282,1681,2622,multiple-choice,single,obsidian-quiz-blocks,radio,c,CA2;CAB;CBC;MF3,converted-and-verified,manual,label
282,1681,49259,multiple-choice,single,obsidian-quiz-blocks,radio,c,CA2;CAB;CBC;MF3,converted-and-verified,manual,label
283,1470,29634,multiple-choice,single,obsidian-quiz-blocks,radio,e,CA1;CAB;CBC,converted-and-verified,manual,label
283,1470,29744,multiple-choice,single,obsidian-quiz-blocks,radio,e,CA1;CAB;CBC,converted-and-verified,manual,label
283,1473,49224,multiple-choice,single,obsidian-quiz-blocks,radio,b,CA1;CAB;CBC,converted-and-verified,manual,label
283,1473,49222,multiple-choice,single,obsidian-quiz-blocks,radio,a,CA1;CAB;CBC,converted-and-verified,manual,label
283,1475,29639,multiple-choice,single,obsidian-quiz-blocks,radio,b,CA1;CAB;CBC,converted-and-verified,manual,label
283,1475,49228,multiple-choice,single,obsidian-quiz-blocks,radio,a,CA1;CAB;CBC,converted-and-verified,manual,label
284,862,19297,multiple-choice,single,obsidian-quiz-blocks,radio,a,CA1;CAB;CBC;MF3,converted-and-verified,manual,label
284,862,7167,multiple-choice,single,obsidian-quiz-blocks,radio,a,CA1;CAB;CBC;MF3,converted-and-verified,manual,label
284,866,2350,multiple-choice,single,obsidian-quiz-blocks,radio,a,CA1;CAB;CBC;MF3,converted-and-verified,manual,label
284,866,7168,multiple-choice,single,obsidian-quiz-blocks,radio,c,CA1;CAB;CBC;MF3,converted-and-verified,manual,label
284,872,7173,multiple-choice,single,obsidian-quiz-blocks,radio,d,CA1;CAB;CBC;MF3,converted-and-verified,manual,label
284,872,7175,multiple-choice,single,obsidian-quiz-blocks,radio,a,CA1;CAB;CBC;MF3,converted-and-verified,manual,label
285,1382,2033,multiple-choice,single,obsidian-quiz-blocks,radio,e,CA1;CAB;CBC;MF2,converted-and-verified,manual,label
285,1382,2034,multiple-choice,single,obsidian-quiz-blocks,radio,b,CA1;CAB;CBC;MF2,converted-and-verified,manual,label
285,1385,2044,multiple-choice,single,obsidian-quiz-blocks,radio,c,CA1;CAB;CBC;MF2,converted-and-verified,manual,label
285,1385,2042,multiple-choice,single,obsidian-quiz-blocks,radio,c,CA1;CAB;CBC;MF2,converted-and-verified,manual,label
285,1387,49118,multiple-choice,single,obsidian-quiz-blocks,radio,a,CA1;CAB;CBC;MF2,converted-and-verified,manual,label
285,1387,2035,multiple-choice,single,obsidian-quiz-blocks,radio,b,CA1;CAB;CBC;MF2,converted-and-verified,manual,label
285,1389,49093,multiple-choice,single,obsidian-quiz-blocks,radio,b,CA1;CAB;CBC;MF2,converted-and-verified,manual,label
285,1389,2037,multiple-choice,single,obsidian-quiz-blocks,radio,d,CA1;CAB;CBC;MF2,converted-and-verified,manual,label
287,907,2554,multiple-choice,single,obsidian-quiz-blocks,radio,a,CA1;CAB;CBC;MF3,converted-and-verified,manual,label
287,907,2547,multiple-choice,single,obsidian-quiz-blocks,radio,d,CA1;CAB;CBC;MF3,converted-and-verified,manual,label
287,910,48519,multiple-choice,single,obsidian-quiz-blocks,radio,d,CA1;CAB;CBC;MF3,converted-and-verified,manual,label
287,910,48395,multiple-choice,single,obsidian-quiz-blocks,radio,b,CA1;CAB;CBC;MF3,converted-and-verified,manual,label
287,913,22980,multiple-choice,single,obsidian-quiz-blocks,radio,d,CA1;CAB;CBC;MF3,converted-and-verified,manual,label
287,913,22996,multiple-choice,single,obsidian-quiz-blocks,radio,b,CA1;CAB;CBC;MF3,converted-and-verified,manual,label
288,12771,2344,multiple-choice,single,obsidian-quiz-blocks,radio,a,CAB;CBC;MF3;CA1,converted-and-verified,manual,label
288,12771,2341,multiple-choice,single,obsidian-quiz-blocks,radio,c,CAB;CBC;MF3;CA1,converted-and-verified,manual,label
288,12772,48554,multiple-choice,single,obsidian-quiz-blocks,radio,e,CAB;CBC;MF3;CA1,converted-and-verified,manual,label
288,12772,48556,multiple-choice,single,obsidian-quiz-blocks,radio,c,CAB;CBC;MF3;CA1,converted-and-verified,manual,label
288,12774,48350,multiple-choice,single,obsidian-quiz-blocks,radio,d,CAB;CBC;MF3;CA1,converted-and-verified,image-id,answer-image-id-1
288,12774,77891,multiple-choice,single,obsidian-quiz-blocks,radio,e,CAB;CBC;MF3;CA1,converted-and-verified,image-id,answer-image-id-1
288,24870,48352,multiple-choice,single,obsidian-quiz-blocks,radio,c,CAB;CBC;MF3;CA1,converted-and-verified,manual,label
288,24870,48499,multiple-choice,single,obsidian-quiz-blocks,radio,b,CAB;CBC;MF3;CA1,converted-and-verified,manual,label
291,187681,15656,multiple-choice,single,obsidian-quiz-blocks,radio,d,CA1;CAB;CBC;MF3,converted-and-verified,manual,label
291,187681,15667,multiple-choice,single,obsidian-quiz-blocks,radio,c,CA1;CAB;CBC;MF3,converted-and-verified,manual,label
291,187684,2294,multiple-choice,single,obsidian-quiz-blocks,radio,e,CA1;CAB;CBC;MF3,converted-and-verified,manual,label
291,187684,5028,multiple-choice,single,obsidian-quiz-blocks,radio,a,CA1;CAB;CBC;MF3,converted-and-verified,manual,label
291,187688,16097,multiple-choice,single,obsidian-quiz-blocks,radio,c,CA1;CAB;CBC;MF3,converted-and-verified,manual,label
291,187688,19201,multiple-choice,single,obsidian-quiz-blocks,radio,c,CA1;CAB;CBC;MF3,converted-and-verified,manual,label
291,187691,76114,multiple-choice,single,obsidian-quiz-blocks,radio,c,CA1;CAB;CBC;MF3,converted-and-verified,manual,label
291,187691,75986,multiple-choice,single,obsidian-quiz-blocks,radio,d,CA1;CAB;CBC;MF3,converted-and-verified,manual,label
292,516,47163,multiple-choice,single,obsidian-quiz-blocks,radio,c,CAB;CBC;CA1,converted-and-verified,manual,label
292,516,51049,multiple-choice,single,obsidian-quiz-blocks,radio,e,CAB;CBC;CA1,converted-and-verified,manual,label
292,519,47113,multiple-choice,single,obsidian-quiz-blocks,radio,a,CAB;CBC;CA1,converted-and-verified,manual,label
292,519,47114,multiple-choice,single,obsidian-quiz-blocks,radio,e,CAB;CBC;CA1,converted-and-verified,manual,label
292,522,47156,multiple-choice,single,obsidian-quiz-blocks,radio,b,CAB;CBC;CA1,converted-and-verified,manual,label
292,522,47118,multiple-choice,single,obsidian-quiz-blocks,radio,e,CAB;CBC;CA1,converted-and-verified,manual,label
294,37026,2296,multiple-choice,single,obsidian-quiz-blocks,radio,e,CA1;MML;PAS,converted-and-verified,manual,label
294,37026,2520,multiple-choice,single,obsidian-quiz-blocks,radio,a,CA1;MML;PAS,converted-and-verified,manual,label
294,37027,2519,multiple-choice,single,obsidian-quiz-blocks,radio,d,CA1;MML;PAS,converted-and-verified,manual,label
294,37027,2522,multiple-choice,single,obsidian-quiz-blocks,radio,d,CA1;MML;PAS,converted-and-verified,manual,label
294,37028,2298,multiple-choice,single,obsidian-quiz-blocks,radio,c,CA1;MML;PAS,converted-and-verified,manual,label
294,37028,138671,multiple-choice,single,obsidian-quiz-blocks,radio,c,CA1;MML;PAS,converted-and-verified,manual,label
296,1041,48616,multiple-choice,single,obsidian-quiz-blocks,radio,a,CAB;CBC;CA1;MF2,converted-and-verified,manual,label
296,1041,48684,multiple-choice,single,obsidian-quiz-blocks,radio,e,CAB;CBC;CA1;MF2,converted-and-verified,manual,label
296,1044,48615,multiple-choice,single,obsidian-quiz-blocks,radio,b,CAB;CBC;CA1;MF2,converted-and-verified,manual,label
296,1044,48571,multiple-choice,single,obsidian-quiz-blocks,radio,b,CAB;CBC;CA1;MF2,converted-and-verified,manual,label
296,1048,48936,multiple-choice,single,obsidian-quiz-blocks,radio,b,CAB;CBC;CA1;MF2,converted-and-verified,manual,label
296,1048,48935,multiple-choice,single,obsidian-quiz-blocks,radio,c,CAB;CBC;CA1;MF2,converted-and-verified,manual,label
296,22692,48613,multiple-choice,single,obsidian-quiz-blocks,radio,d,CAB;CBC;CA1;MF2,converted-and-verified,manual,label
296,22692,48557,multiple-choice,single,obsidian-quiz-blocks,radio,b,CAB;CBC;CA1;MF2,converted-and-verified,manual,label
296,22693,48707,multiple-choice,single,obsidian-quiz-blocks,radio,b,CAB;CBC;CA1;MF2,converted-and-verified,manual,label
296,22693,72004,multiple-choice,single,obsidian-quiz-blocks,radio,c,CAB;CBC;CA1;MF2,converted-and-verified,manual,label
303,846,31699,multiple-choice,single,obsidian-quiz-blocks,radio,d,CA1;CAB;CBC;MF3,converted-and-verified,manual,label
303,846,31713,multiple-choice,single,obsidian-quiz-blocks,radio,e,CA1;CAB;CBC;MF3,converted-and-verified,manual,label
303,847,31692,multiple-choice,single,obsidian-quiz-blocks,radio,a,CA1;CAB;CBC;MF3,converted-and-verified,manual,label
303,847,31708,multiple-choice,single,obsidian-quiz-blocks,radio,e,CA1;CAB;CBC;MF3,converted-and-verified,manual,label
303,848,2486,multiple-choice,single,obsidian-quiz-blocks,radio,d,CA1;CAB;CBC;MF3,converted-and-verified,manual,label
303,848,2488,multiple-choice,single,obsidian-quiz-blocks,radio,e,CA1;CAB;CBC;MF3,converted-and-verified,manual,label
303,850,73506,multiple-choice,single,obsidian-quiz-blocks,radio,b,CA1;CAB;CBC;MF3,converted-and-verified,manual,label
303,850,31705,multiple-choice,single,obsidian-quiz-blocks,radio,a,CA1;CAB;CBC;MF3,converted-and-verified,manual,label
304,31160,95254,multiple-choice,single,obsidian-quiz-blocks,radio,d,CA1,converted-and-verified,manual,label
304,31160,95255,multiple-choice,single,obsidian-quiz-blocks,radio,e,CA1,converted-and-verified,manual,label
304,31161,95256,multiple-choice,single,obsidian-quiz-blocks,radio,c,CA1,converted-and-verified,manual,label
304,31161,95259,multiple-choice,single,obsidian-quiz-blocks,radio,b,CA1,converted-and-verified,manual,label
304,31162,96021,multiple-choice,single,obsidian-quiz-blocks,radio,b,CA1,converted-and-verified,manual,label
304,31162,95257,multiple-choice,single,obsidian-quiz-blocks,radio,b,CA1,converted-and-verified,manual,label
304,31163,96057,multiple-choice,single,obsidian-quiz-blocks,radio,b,CA1,converted-and-verified,manual,label
304,31163,95260,multiple-choice,single,obsidian-quiz-blocks,radio,d,CA1,converted-and-verified,manual,label
305,2509,1946,multiple-choice,single,obsidian-quiz-blocks,radio,d,CAB;CBC;CA1;MF2,converted-and-verified,manual,label
305,2509,1943,multiple-choice,single,obsidian-quiz-blocks,radio,d,CAB;CBC;CA1;MF2,converted-and-verified,manual,label
305,2511,48640,multiple-choice,single,obsidian-quiz-blocks,radio,e,CAB;CBC;CA1;MF2,converted-and-verified,manual,label
305,2511,31330,multiple-choice,single,obsidian-quiz-blocks,radio,a,CAB;CBC;CA1;MF2,converted-and-verified,manual,label
305,2513,72154,multiple-choice,single,obsidian-quiz-blocks,radio,c,CAB;CBC;CA1;MF2,converted-and-verified,manual,label
305,2513,48562,multiple-choice,single,obsidian-quiz-blocks,radio,d,CAB;CBC;CA1;MF2,converted-and-verified,manual,label
305,2515,31356,multiple-choice,single,obsidian-quiz-blocks,radio,c,CAB;CBC;CA1;MF2,converted-and-verified,manual,label
305,2515,48643,multiple-choice,single,obsidian-quiz-blocks,radio,b,CAB;CBC;CA1;MF2,converted-and-verified,manual,label
308,1335,2022,multiple-choice,single,obsidian-quiz-blocks,radio,e,CAB;CBC;CA1;MF2,converted-and-verified,manual,label
308,1335,2005,multiple-choice,single,obsidian-quiz-blocks,radio,a,CAB;CBC;CA1;MF2,converted-and-verified,manual,label
308,1341,2023,multiple-choice,single,obsidian-quiz-blocks,radio,c,CAB;CBC;CA1;MF2,converted-and-verified,manual,label
308,1341,29635,multiple-choice,single,obsidian-quiz-blocks,radio,e,CAB;CBC;CA1;MF2,converted-and-verified,manual,label
308,1343,29989,multiple-choice,single,obsidian-quiz-blocks,radio,d,CAB;CBC;CA1;MF2,converted-and-verified,manual,label
308,1343,29987,multiple-choice,single,obsidian-quiz-blocks,radio,a,CAB;CBC;CA1;MF2,converted-and-verified,manual,label
311,1967,50640,multiple-choice,single,obsidian-quiz-blocks,radio,d,CA2;CAB;CBC,converted-and-verified,manual,label
311,1967,50614,multiple-choice,single,obsidian-quiz-blocks,radio,b,CA2;CAB;CBC,converted-and-verified,manual,label
311,1971,49899,multiple-choice,single,obsidian-quiz-blocks,radio,d,CA2;CAB;CBC,converted-and-verified,manual,label
311,1971,50247,multiple-choice,single,obsidian-quiz-blocks,radio,d,CA2;CAB;CBC,converted-and-verified,manual,label
311,27313,50475,multiple-choice,single,obsidian-quiz-blocks,radio,d,CA2;CAB;CBC,converted-and-verified,manual,label
311,27313,50182,multiple-choice,single,obsidian-quiz-blocks,radio,a,CA2;CAB;CBC,converted-and-verified,manual,label
312,1370,31244,multiple-choice,single,obsidian-quiz-blocks,radio,d,CA1;CAB;CBC,converted-and-verified,manual,label
312,1370,31245,multiple-choice,single,obsidian-quiz-blocks,radio,a,CA1;CAB;CBC,converted-and-verified,manual,label
312,1377,31248,multiple-choice,single,obsidian-quiz-blocks,radio,d,CA1;CAB;CBC,converted-and-verified,manual,label
312,1377,66139,multiple-choice,single,obsidian-quiz-blocks,radio,c,CA1;CAB;CBC,converted-and-verified,manual,label
312,1379,51102,multiple-choice,single,obsidian-quiz-blocks,radio,a,CA1;CAB;CBC,converted-and-verified,manual,label
312,1379,31311,multiple-choice,single,obsidian-quiz-blocks,radio,e,CA1;CAB;CBC,converted-and-verified,manual,label
313,12789,47694,multiple-choice,single,obsidian-quiz-blocks,radio,a,CAB;CBC;MF3;CA1,converted-and-verified,image-id,answer-image-id-1
313,12789,48689,multiple-choice,single,obsidian-quiz-blocks,radio,d,CAB;CBC;MF3;CA1,converted-and-verified,manual,label
313,23042,47913,multiple-choice,single,obsidian-quiz-blocks,radio,a,CAB;CBC;MF3;CA1,converted-and-verified,manual,label
313,23042,47692,multiple-choice,single,obsidian-quiz-blocks,radio,b,CAB;CBC;MF3;CA1,converted-and-verified,manual,label
314,40542,152832,multiple-choice,single,obsidian-quiz-blocks,radio,e,CA1;CAB;CBC;MF2,converted-and-verified,manual,label
314,40542,152834,multiple-choice,single,obsidian-quiz-blocks,radio,b,CA1;CAB;CBC;MF2,converted-and-verified,manual,label
314,40545,48053,multiple-choice,single,obsidian-quiz-blocks,radio,d,CA1;CAB;CBC;MF2,converted-and-verified,manual,label
314,40545,51054,multiple-choice,single,obsidian-quiz-blocks,radio,d,CA1;CAB;CBC;MF2,converted-and-verified,manual,label
314,40548,38451,multiple-choice,single,obsidian-quiz-blocks,radio,b,CA1;CAB;CBC;MF2,converted-and-verified,manual,label
314,40548,38450,multiple-choice,single,obsidian-quiz-blocks,radio,d,CA1;CAB;CBC;MF2,converted-and-verified,manual,label
315,1667,2505,multiple-choice,single,obsidian-quiz-blocks,radio,a,CA2;CAB;CBC;MF3,converted-and-verified,manual,label
315,1667,49547,multiple-choice,single,obsidian-quiz-blocks,radio,e,CA2;CAB;CBC;MF3,converted-and-verified,manual,label
315,1670,49540,multiple-choice,single,obsidian-quiz-blocks,radio,c,CA2;CAB;CBC;MF3,converted-and-verified,manual,label
315,1670,49548,multiple-choice,single,obsidian-quiz-blocks,radio,a,CA2;CAB;CBC;MF3,converted-and-verified,manual,label
315,1673,19397,multiple-choice,single,obsidian-quiz-blocks,radio,a,CA2;CAB;CBC;MF3,converted-and-verified,manual,label
315,1673,19394,multiple-choice,single,obsidian-quiz-blocks,radio,c,CA2;CAB;CBC;MF3,converted-and-verified,manual,label
315,18406,69476,multiple-choice,single,obsidian-quiz-blocks,radio,b,CA2;CAB;CBC;MF3,converted-and-verified,manual,label
315,18406,73717,multiple-choice,single,obsidian-quiz-blocks,radio,c,CA2;CAB;CBC;MF3,converted-and-verified,manual,label
316,1627,12910,multiple-choice,single,obsidian-quiz-blocks,radio,b,CA2;CAB;CBC;MF3,converted-and-verified,manual,label
316,1627,13191,multiple-choice,single,obsidian-quiz-blocks,radio,d,CA2;CAB;CBC;MF3,converted-and-verified,manual,label
316,1631,3567,multiple-choice,single,obsidian-quiz-blocks,radio,c,CA2;CAB;CBC;MF3,converted-and-verified,manual,label
316,1631,49389,multiple-choice,single,obsidian-quiz-blocks,radio,e,CA2;CAB;CBC;MF3,converted-and-verified,manual,label
317,1726,2425,multiple-choice,single,obsidian-quiz-blocks,radio,a,CA2;CBC;MF3,converted-and-verified,manual,label
317,1726,14434,multiple-choice,single,obsidian-quiz-blocks,radio,b,CA2;CBC;MF3,converted-and-verified,manual,label
317,1730,12564,multiple-choice,single,obsidian-quiz-blocks,radio,a,CA2;CBC;MF3,converted-and-verified,manual,label
317,1730,14437,multiple-choice,single,obsidian-quiz-blocks,radio,a,CA2;CBC;MF3,converted-and-verified,manual,label
317,23242,49684,multiple-choice,single,obsidian-quiz-blocks,radio,d,CA2;CBC;MF3,converted-and-verified,manual,label
317,23242,49664,multiple-choice,single,obsidian-quiz-blocks,radio,e,CA2;CBC;MF3,converted-and-verified,manual,label
331,1599,49511,multiple-choice,single,obsidian-quiz-blocks,radio,d,CA2;CAB;CBC;MF3,converted-and-verified,manual,label
331,1599,15707,multiple-choice,single,obsidian-quiz-blocks,radio,b,CA2;CAB;CBC;MF3,converted-and-verified,manual,label
331,1602,49516,multiple-choice,single,obsidian-quiz-blocks,radio,a,CA2;CAB;CBC;MF3,converted-and-verified,manual,label
331,1602,49513,multiple-choice,single,obsidian-quiz-blocks,radio,d,CA2;CAB;CBC;MF3,converted-and-verified,manual,label
331,1606,49524,multiple-choice,single,obsidian-quiz-blocks,radio,b,CA2;CAB;CBC;MF3,converted-and-verified,manual,label
331,1606,49521,multiple-choice,single,obsidian-quiz-blocks,radio,e,CA2;CAB;CBC;MF3,converted-and-verified,manual,label
332,650,1896,multiple-choice,single,obsidian-quiz-blocks,radio,b,CAB;CBC;CA1;MF2,converted-and-verified,manual,label
332,650,1899,multiple-choice,single,obsidian-quiz-blocks,radio,b,CAB;CBC;CA1;MF2,converted-and-verified,manual,label
332,654,1894,multiple-choice,single,obsidian-quiz-blocks,radio,b,CAB;CBC;CA1;MF2,converted-and-verified,manual,label
332,654,1906,multiple-choice,single,obsidian-quiz-blocks,radio,a,CAB;CBC;CA1;MF2,converted-and-verified,manual,label
332,19581,48692,multiple-choice,single,obsidian-quiz-blocks,radio,a,CAB;CBC;CA1;MF2,converted-and-verified,manual,label
332,19581,48816,multiple-choice,single,obsidian-quiz-blocks,radio,b,CAB;CBC;CA1;MF2,converted-and-verified,manual,label
333,41228,155514,multiple-choice,single,obsidian-quiz-blocks,radio,d,CA1;CAB;CBC,converted-and-verified,manual,label
333,41228,155515,multiple-choice,single,obsidian-quiz-blocks,radio,e,CA1;CAB;CBC,converted-and-verified,manual,label
333,41232,2370,multiple-choice,single,obsidian-quiz-blocks,radio,a,CA1;CAB;CBC,converted-and-verified,manual,label
333,41232,2368,multiple-choice,single,obsidian-quiz-blocks,radio,b,CA1;CAB;CBC,converted-and-verified,manual,label
333,41269,155717,multiple-choice,single,obsidian-quiz-blocks,radio,e,CA1;CAB;CBC,converted-and-verified,manual,label
333,41269,155948,multiple-choice,single,obsidian-quiz-blocks,radio,d,CA1;CAB;CBC,converted-and-verified,manual,label
334,1589,12015,multiple-choice,single,obsidian-quiz-blocks,radio,a,CA2;CAB;CBC;MF3,converted-and-verified,manual,label
334,1589,12493,multiple-choice,single,obsidian-quiz-blocks,radio,e,CA2;CAB;CBC;MF3,converted-and-verified,manual,label
334,1592,12019,multiple-choice,single,obsidian-quiz-blocks,radio,b,CA2;CAB;CBC;MF3,converted-and-verified,manual,label
334,1592,12499,multiple-choice,single,obsidian-quiz-blocks,radio,d,CA2;CAB;CBC;MF3,converted-and-verified,manual,label
334,1595,49392,multiple-choice,single,obsidian-quiz-blocks,radio,d,CA2;CAB;CBC;MF3,converted-and-verified,manual,label
334,1595,49391,multiple-choice,single,obsidian-quiz-blocks,radio,b,CA2;CAB;CBC;MF3,converted-and-verified,manual,label
335,1994,7110,multiple-choice,single,obsidian-quiz-blocks,radio,e,CA2;CAB;CBC,converted-and-verified,manual,label
335,1994,7282,multiple-choice,single,obsidian-quiz-blocks,radio,d,CA2;CAB;CBC,converted-and-verified,manual,label
335,1997,81439,multiple-choice,single,obsidian-quiz-blocks,radio,d,CA2;CAB;CBC,converted-and-verified,manual,label
335,1997,7226,multiple-choice,single,obsidian-quiz-blocks,radio,d,CA2;CAB;CBC,converted-and-verified,manual,label
336,206315,20832,multiple-choice,single,obsidian-quiz-blocks,radio,c,CA1;MF2,converted-and-verified,manual,label
336,206315,2430,multiple-choice,single,obsidian-quiz-blocks,radio,d,CA1;MF2,converted-and-verified,manual,label
336,206318,15938,multiple-choice,single,obsidian-quiz-blocks,radio,d,CA1;MF2,converted-and-verified,manual,label
336,206318,19153,multiple-choice,single,obsidian-quiz-blocks,radio,d,CA1;MF2,converted-and-verified,manual,label
336,206321,21121,multiple-choice,single,obsidian-quiz-blocks,radio,b,CA1;MF2,converted-and-verified,manual,label
336,206321,2434,multiple-choice,single,obsidian-quiz-blocks,radio,c,CA1;MF2,converted-and-verified,manual,label
336,206324,15942,multiple-choice,single,obsidian-quiz-blocks,radio,b,CA1;MF2,converted-and-verified,manual,label
336,206324,15941,multiple-choice,single,obsidian-quiz-blocks,radio,a,CA1;MF2,converted-and-verified,manual,label
337,596,47290,multiple-choice,single,obsidian-quiz-blocks,radio,a,CAB;CBC;CA1;MF2,converted-and-verified,manual,label
337,596,47289,multiple-choice,single,obsidian-quiz-blocks,radio,b,CAB;CBC;CA1;MF2,converted-and-verified,manual,label
337,600,47292,multiple-choice,single,obsidian-quiz-blocks,radio,e,CAB;CBC;CA1;MF2,converted-and-verified,manual,label
337,600,47287,multiple-choice,single,obsidian-quiz-blocks,radio,e,CAB;CBC;CA1;MF2,converted-and-verified,manual,label
338,1708,49401,multiple-choice,single,obsidian-quiz-blocks,radio,d,CA2;CAB;CBC;MF3,converted-and-verified,manual,label
338,1708,49409,multiple-choice,single,obsidian-quiz-blocks,radio,d,CA2;CAB;CBC;MF3,converted-and-verified,manual,label
338,1711,49459,multiple-choice,single,obsidian-quiz-blocks,radio,a,CA2;CAB;CBC;MF3,converted-and-verified,manual,label
338,1711,49458,multiple-choice,single,obsidian-quiz-blocks,radio,c,CA2;CAB;CBC;MF3,converted-and-verified,manual,label
338,1714,49467,multiple-choice,single,obsidian-quiz-blocks,radio,e,CA2;CAB;CBC;MF3,converted-and-verified,manual,label
338,1714,49461,multiple-choice,single,obsidian-quiz-blocks,radio,d,CA2;CAB;CBC;MF3,converted-and-verified,manual,label
339,12807,2459,multiple-choice,single,obsidian-quiz-blocks,radio,b,CA1;CAB;CBC;MF3,converted-and-verified,manual,label
339,12807,21502,multiple-choice,single,obsidian-quiz-blocks,radio,d,CA1;CAB;CBC;MF3,converted-and-verified,manual,label
339,12808,21528,multiple-choice,single,obsidian-quiz-blocks,radio,d,CA1;CAB;CBC;MF3,converted-and-verified,manual,label
339,12808,21538,multiple-choice,single,obsidian-quiz-blocks,radio,a,CA1;CAB;CBC;MF3,converted-and-verified,manual,label
340,2560,12231,multiple-choice,single,obsidian-quiz-blocks,radio,d,CA2;CBC;MF3,converted-and-verified,manual,label
340,2560,8207,multiple-choice,single,obsidian-quiz-blocks,radio,e,CA2;CBC;MF3,converted-and-verified,manual,label
340,2563,9949,multiple-choice,single,obsidian-quiz-blocks,radio,d,CA2;CBC;MF3,converted-and-verified,manual,label
340,2563,11715,multiple-choice,single,obsidian-quiz-blocks,radio,e,CA2;CBC;MF3,converted-and-verified,manual,label
341,1004,48536,multiple-choice,single,obsidian-quiz-blocks,radio,c,CA1;CAB;CBC,converted-and-verified,manual,label
341,1004,48452,multiple-choice,single,obsidian-quiz-blocks,radio,b,CA1;CAB;CBC,converted-and-verified,manual,label
341,1008,48542,multiple-choice,single,obsidian-quiz-blocks,radio,c,CA1;CAB;CBC,converted-and-verified,manual,label
341,1008,48286,multiple-choice,single,obsidian-quiz-blocks,radio,d,CA1;CAB;CBC,converted-and-verified,manual,label
341,23759,48281,multiple-choice,single,obsidian-quiz-blocks,radio,b,CA1;CAB;CBC,converted-and-verified,manual,label
341,23759,38461,multiple-choice,single,obsidian-quiz-blocks,radio,e,CA1;CAB;CBC,converted-and-verified,manual,label
342,1392,19090,multiple-choice,single,obsidian-quiz-blocks,radio,c,CA1;CAB;CBC;MF3,converted-and-verified,manual,label
342,1392,2493,multiple-choice,single,obsidian-quiz-blocks,radio,b,CA1;CAB;CBC;MF3,converted-and-verified,manual,label
342,1395,2497,multiple-choice,single,obsidian-quiz-blocks,radio,c,CA1;CAB;CBC;MF3,converted-and-verified,manual,label
342,1395,2498,multiple-choice,single,obsidian-quiz-blocks,radio,b,CA1;CAB;CBC;MF3,converted-and-verified,manual,label
342,1398,19102,multiple-choice,single,obsidian-quiz-blocks,radio,b,CA1;CAB;CBC;MF3,converted-and-verified,manual,label
342,1398,49149,multiple-choice,single,obsidian-quiz-blocks,radio,e,CA1;CAB;CBC;MF3,converted-and-verified,manual,label
342,13473,49077,multiple-choice,single,obsidian-quiz-blocks,radio,d,CA1;CAB;CBC;MF3,converted-and-verified,manual,label
342,13473,19100,multiple-choice,single,obsidian-quiz-blocks,radio,c,CA1;CAB;CBC;MF3,converted-and-verified,manual,label
344,37036,2539,multiple-choice,single,obsidian-quiz-blocks,radio,c,CA1,converted-and-verified,manual,label
344,37036,2568,multiple-choice,single,obsidian-quiz-blocks,radio,a,CA1,converted-and-verified,manual,label
344,37037,2537,multiple-choice,single,obsidian-quiz-blocks,radio,d,CA1,converted-and-verified,manual,label
344,37037,2570,multiple-choice,single,obsidian-quiz-blocks,radio,b,CA1,converted-and-verified,manual,label
344,37038,2536,multiple-choice,single,obsidian-quiz-blocks,radio,c,CA1,converted-and-verified,manual,label
344,37038,2538,multiple-choice,single,obsidian-quiz-blocks,radio,b,CA1,converted-and-verified,manual,label
345,916,49018,multiple-choice,single,obsidian-quiz-blocks,radio,b,CA1;CAB;CBC;MF3,converted-and-verified,manual,label
345,916,2941,multiple-choice,single,obsidian-quiz-blocks,radio,e,CA1;CAB;CBC;MF3,converted-and-verified,manual,label
345,920,2589,multiple-choice,single,obsidian-quiz-blocks,radio,d,CA1;CAB;CBC;MF3,converted-and-verified,manual,label
345,920,2943,multiple-choice,single,obsidian-quiz-blocks,radio,b,CA1;CAB;CBC;MF3,converted-and-verified,manual,label
346,944,2528,multiple-choice,single,obsidian-quiz-blocks,radio,e,CA1;CAB;CBC,converted-and-verified,manual,label
346,944,2562,multiple-choice,single,obsidian-quiz-blocks,radio,a,CA1;CAB;CBC,converted-and-verified,manual,label
346,948,85876,multiple-choice,single,obsidian-quiz-blocks,radio,d,CA1;CAB;CBC,converted-and-verified,manual,label
346,948,2859,multiple-choice,single,obsidian-quiz-blocks,radio,c,CA1;CAB;CBC,converted-and-verified,manual,label
346,28082,2862,multiple-choice,single,obsidian-quiz-blocks,radio,e,CA1;CAB;CBC,converted-and-verified,manual,label
346,28082,51397,multiple-choice,single,obsidian-quiz-blocks,radio,e,CA1;CAB;CBC,converted-and-verified,manual,label
346,28084,85823,multiple-choice,single,obsidian-quiz-blocks,radio,a,CA1;CAB;CBC,converted-and-verified,manual,label
346,28084,23069,multiple-choice,single,obsidian-quiz-blocks,radio,e,CA1;CAB;CBC,converted-and-verified,manual,label
363,25177,51431,multiple-choice,single,obsidian-quiz-blocks,radio,b,CA1;CAB;CBC;MF3,converted-and-verified,manual,label
363,25177,51250,multiple-choice,single,obsidian-quiz-blocks,radio,a,CA1;CAB;CBC;MF3,converted-and-verified,manual,label
363,37683,141508,multiple-choice,single,obsidian-quiz-blocks,radio,d,CA1;CAB;CBC;MF3,converted-and-verified,manual,label
363,37683,141753,multiple-choice,single,obsidian-quiz-blocks,radio,d,CA1;CAB;CBC;MF3,converted-and-verified,manual,label
363,37688,48995,multiple-choice,single,obsidian-quiz-blocks,radio,a,CA1;CAB;CBC;MF3,converted-and-verified,manual,label
363,37688,48999,multiple-choice,single,obsidian-quiz-blocks,radio,a,CA1;CAB;CBC;MF3,converted-and-verified,manual,label
364,12798,22428,multiple-choice,single,obsidian-quiz-blocks,radio,c,CA1;CAB;CBC;MF3,converted-and-verified,manual,label
364,12798,20948,multiple-choice,single,obsidian-quiz-blocks,radio,d,CA1;CAB;CBC;MF3,converted-and-verified,manual,label
364,12799,2692,multiple-choice,single,obsidian-quiz-blocks,radio,d,CA1;CAB;CBC;MF3,converted-and-verified,manual,label
364,12799,20938,multiple-choice,single,obsidian-quiz-blocks,radio,e,CA1;CAB;CBC;MF3,converted-and-verified,manual,label
365,898,30091,multiple-choice,single,obsidian-quiz-blocks,radio,b,CA1;CAB;CBC,converted-and-verified,manual,label
365,898,24801,multiple-choice,single,obsidian-quiz-blocks,radio,b,CA1;CAB;CBC,converted-and-verified,manual,label
365,901,2790,multiple-choice,single,obsidian-quiz-blocks,radio,b,CA1;CAB;CBC,converted-and-verified,manual,label
365,901,30090,multiple-choice,single,obsidian-quiz-blocks,radio,e,CA1;CAB;CBC,converted-and-verified,manual,label
365,904,30022,multiple-choice,single,obsidian-quiz-blocks,radio,c,CA1;CAB;CBC,converted-and-verified,manual,label
365,904,49009,multiple-choice,single,obsidian-quiz-blocks,radio,d,CA1;CAB;CBC,converted-and-verified,manual,label
367,924,30324,multiple-choice,single,obsidian-quiz-blocks,radio,b,CA1;CAB;CBC,converted-and-verified,manual,label
367,924,2546,multiple-choice,single,obsidian-quiz-blocks,radio,d,CA1;CAB;CBC,converted-and-verified,manual,label
367,29097,2889,multiple-choice,single,obsidian-quiz-blocks,radio,d,CA1;CAB;CBC,converted-and-verified,manual,label
367,29097,2901,multiple-choice,single,obsidian-quiz-blocks,radio,e,CA1;CAB;CBC,converted-and-verified,manual,label
368,887,24800,multiple-choice,single,obsidian-quiz-blocks,radio,e,CA1;CAB;CBC,converted-and-verified,manual,label
368,887,2770,multiple-choice,single,obsidian-quiz-blocks,radio,c,CA1;CAB;CBC,converted-and-verified,manual,label
368,890,48370,multiple-choice,single,obsidian-quiz-blocks,radio,d,CA1;CAB;CBC,converted-and-verified,manual,label
368,890,48339,multiple-choice,single,obsidian-quiz-blocks,radio,b,CA1;CAB;CBC,converted-and-verified,manual,label
368,893,48323,multiple-choice,single,obsidian-quiz-blocks,radio,c,CA1;CAB;CBC,converted-and-verified,manual,label
368,893,48340,multiple-choice,single,obsidian-quiz-blocks,radio,e,CA1;CAB;CBC,converted-and-verified,manual,label
368,895,48380,multiple-choice,single,obsidian-quiz-blocks,radio,e,CA1;CAB;CBC,converted-and-verified,manual,label
368,895,48379,multiple-choice,single,obsidian-quiz-blocks,radio,c,CA1;CAB;CBC,converted-and-verified,manual,label
369,935,53195,multiple-choice,single,obsidian-quiz-blocks,radio,b,CA1;CAB;CBC,converted-and-verified,manual,label
369,935,30487,multiple-choice,single,obsidian-quiz-blocks,radio,a,CA1;CAB;CBC,converted-and-verified,manual,label
369,940,49056,multiple-choice,single,obsidian-quiz-blocks,radio,a,CA1;CAB;CBC,converted-and-verified,manual,label
369,940,53190,multiple-choice,single,obsidian-quiz-blocks,radio,e,CA1;CAB;CBC,converted-and-verified,manual,label
369,27273,49137,multiple-choice,single,obsidian-quiz-blocks,radio,e,CA1;CAB;CBC,converted-and-verified,manual,label
369,27273,49138,multiple-choice,single,obsidian-quiz-blocks,radio,d,CA1;CAB;CBC,converted-and-verified,manual,label
395,1947,49879,multiple-choice,single,obsidian-quiz-blocks,radio,a,CA2;CAB;CBC;MF3,converted-and-verified,manual,label
395,1947,54085,multiple-choice,single,obsidian-quiz-blocks,radio,b,CA2;CAB;CBC;MF3,converted-and-verified,manual,label
395,1950,49897,multiple-choice,single,obsidian-quiz-blocks,radio,a,CA2;CAB;CBC;MF3,converted-and-verified,manual,label
395,1950,11506,multiple-choice,single,obsidian-quiz-blocks,radio,a,CA2;CAB;CBC;MF3,converted-and-verified,manual,label
395,1953,49885,multiple-choice,single,obsidian-quiz-blocks,radio,e,CA2;CAB;CBC;MF3,converted-and-verified,manual,label
395,1953,3144,multiple-choice,single,obsidian-quiz-blocks,radio,b,CA2;CAB;CBC;MF3,converted-and-verified,manual,label
402,1958,11159,multiple-choice,single,obsidian-quiz-blocks,radio,c,CA2;CAB;CBC,converted-and-verified,manual,label
402,1958,49815,multiple-choice,single,obsidian-quiz-blocks,radio,d,CA2;CAB;CBC,converted-and-verified,manual,label
402,1961,11146,multiple-choice,single,obsidian-quiz-blocks,radio,c,CA2;CAB;CBC,converted-and-verified,manual,label
402,1961,10152,multiple-choice,single,obsidian-quiz-blocks,radio,b,CA2;CAB;CBC,converted-and-verified,manual,label
402,1964,11148,multiple-choice,single,obsidian-quiz-blocks,radio,a,CA2;CAB;CBC,converted-and-verified,manual,label
402,1964,49816,multiple-choice,single,obsidian-quiz-blocks,radio,a,CA2;CAB;CBC,converted-and-verified,manual,label
413,2063,49999,multiple-choice,single,obsidian-quiz-blocks,radio,e,CA2;CAB;CBC,converted-and-verified,manual,label
413,2063,49887,multiple-choice,single,obsidian-quiz-blocks,radio,e,CA2;CAB;CBC,converted-and-verified,manual,label
413,25639,3375,multiple-choice,single,obsidian-quiz-blocks,radio,a,CA2;CAB;CBC,converted-and-verified,manual,label
413,25639,16718,multiple-choice,single,obsidian-quiz-blocks,radio,a,CA2;CAB;CBC,converted-and-verified,manual,label
413,25642,16792,multiple-choice,single,obsidian-quiz-blocks,radio,c,CA2;CAB;CBC,converted-and-verified,manual,label
413,25642,49998,multiple-choice,single,obsidian-quiz-blocks,radio,b,CA2;CAB;CBC,converted-and-verified,manual,label
413,26013,16796,multiple-choice,single,obsidian-quiz-blocks,radio,b,CA2;CAB;CBC,converted-and-verified,manual,label
413,26013,10958,multiple-choice,single,obsidian-quiz-blocks,radio,c,CA2;CAB;CBC,converted-and-verified,manual,label
414,2083,16879,multiple-choice,single,obsidian-quiz-blocks,radio,a,CA2;CAB;CBC,converted-and-verified,manual,label
414,2083,3384,multiple-choice,single,obsidian-quiz-blocks,radio,a,CA2;CAB;CBC,converted-and-verified,manual,label
414,2089,11100,multiple-choice,single,obsidian-quiz-blocks,radio,b,CA2;CAB;CBC,converted-and-verified,manual,label
414,2089,11102,multiple-choice,single,obsidian-quiz-blocks,radio,a,CA2;CAB;CBC,converted-and-verified,manual,label
414,27071,50237,multiple-choice,single,obsidian-quiz-blocks,radio,c,CA2;CAB;CBC,converted-and-verified,manual,label
414,27071,11096,multiple-choice,single,obsidian-quiz-blocks,radio,c,CA2;CAB;CBC,converted-and-verified,manual,label
414,27072,50223,multiple-choice,single,obsidian-quiz-blocks,radio,b,CA2;CAB;CBC,converted-and-verified,manual,label
414,27072,50236,multiple-choice,single,obsidian-quiz-blocks,radio,b,CA2;CAB;CBC,converted-and-verified,manual,label
415,33074,17025,multiple-choice,single,obsidian-quiz-blocks,radio,c,CA2,converted-and-verified,manual,label
415,33074,17027,multiple-choice,single,obsidian-quiz-blocks,radio,b,CA2,converted-and-verified,manual,label
415,33082,11402,multiple-choice,single,obsidian-quiz-blocks,radio,d,CA2,converted-and-verified,manual,label
415,33082,11403,multiple-choice,single,obsidian-quiz-blocks,radio,a,CA2,converted-and-verified,manual,label
416,618538,12707,multiple-choice,single,obsidian-quiz-blocks,radio,c,CA2;CBC;MF3,converted-and-verified,manual,label
416,618538,12700,multiple-choice,single,obsidian-quiz-blocks,radio,b,CA2;CBC;MF3,converted-and-verified,manual,label
416,618541,49931,multiple-choice,single,obsidian-quiz-blocks,radio,e,CA2;CBC;MF3,converted-and-verified,manual,label
416,618541,14736,multiple-choice,single,obsidian-quiz-blocks,radio,a,CA2;CBC;MF3,converted-and-verified,manual,label
416,618544,3400,multiple-choice,single,obsidian-quiz-blocks,radio,b,CA2;CBC;MF3,converted-and-verified,manual,label
416,618544,12706,multiple-choice,single,obsidian-quiz-blocks,radio,c,CA2;CBC;MF3,converted-and-verified,manual,label
424,1753,49976,multiple-choice,single,obsidian-quiz-blocks,radio,a,CA2;CBC;MF3,converted-and-verified,manual,label
424,1753,12926,multiple-choice,single,obsidian-quiz-blocks,radio,b,CA2;CBC;MF3,converted-and-verified,manual,label
424,1757,15431,multiple-choice,single,obsidian-quiz-blocks,radio,b,CA2;CBC;MF3,converted-and-verified,manual,label
424,1757,14878,multiple-choice,single,obsidian-quiz-blocks,radio,d,CA2;CBC;MF3,converted-and-verified,manual,label
424,27070,49922,multiple-choice,single,obsidian-quiz-blocks,radio,a,CA2;CBC;MF3,converted-and-verified,manual,label
424,27070,49820,multiple-choice,single,obsidian-quiz-blocks,radio,a,CA2;CBC;MF3,converted-and-verified,manual,label
431,2118,50328,multiple-choice,single,obsidian-quiz-blocks,radio,d,CA2;CBC;MF3,converted-and-verified,manual,label
431,2118,54159,multiple-choice,single,obsidian-quiz-blocks,radio,c,CA2;CBC;MF3,converted-and-verified,manual,label
431,2121,50326,multiple-choice,single,obsidian-quiz-blocks,radio,a,CA2;CBC;MF3,converted-and-verified,manual,label
431,2121,50021,multiple-choice,single,obsidian-quiz-blocks,radio,c,CA2;CBC;MF3,converted-and-verified,manual,label
431,25163,50009,multiple-choice,single,obsidian-quiz-blocks,radio,a,CA2;CBC;MF3,converted-and-verified,manual,label
431,25163,54155,multiple-choice,single,obsidian-quiz-blocks,radio,c,CA2;CBC;MF3,converted-and-verified,manual,label
443,1609,2189,multiple-choice,single,obsidian-quiz-blocks,radio,b,CA2;CAB;CBC;MF3,converted-and-verified,manual,label
443,1609,2195,multiple-choice,single,obsidian-quiz-blocks,radio,d,CA2;CAB;CBC;MF3,converted-and-verified,manual,label
443,1612,12496,multiple-choice,single,obsidian-quiz-blocks,radio,d,CA2;CAB;CBC;MF3,converted-and-verified,manual,label
443,1612,12494,multiple-choice,single,obsidian-quiz-blocks,radio,d,CA2;CAB;CBC;MF3,converted-and-verified,manual,label
443,1616,12500,multiple-choice,single,obsidian-quiz-blocks,radio,c,CA2;CAB;CBC;MF3,converted-and-verified,manual,label
443,1616,72566,multiple-choice,single,obsidian-quiz-blocks,radio,c,CA2;CAB;CBC;MF3,converted-and-verified,manual,label
443,22929,49636,multiple-choice,single,obsidian-quiz-blocks,radio,c,CA2;CAB;CBC;MF3,converted-and-verified,manual,label
443,22929,2389,multiple-choice,single,obsidian-quiz-blocks,radio,b,CA2;CAB;CBC;MF3,converted-and-verified,manual,label
444,442845,114906,multiple-choice,single,obsidian-quiz-blocks,radio,b,CA2;CAB;CBC;MF3,converted-and-verified,manual,label
444,442845,49534,multiple-choice,single,obsidian-quiz-blocks,radio,d,CA2;CAB;CBC;MF3,converted-and-verified,manual,label
444,442845,49686,multiple-choice,single,obsidian-quiz-blocks,radio,c,CA2;CAB;CBC;MF3,converted-and-verified,manual,label
444,442849,3596,multiple-choice,single,obsidian-quiz-blocks,radio,d,CA2;CAB;CBC;MF3,converted-and-verified,manual,label
444,442849,49937,multiple-choice,single,obsidian-quiz-blocks,radio,b,CA2;CAB;CBC;MF3,converted-and-verified,manual,label
444,442852,3591,multiple-choice,single,obsidian-quiz-blocks,radio,b,CA2;CAB;CBC;MF3,converted-and-verified,manual,label
444,442852,238056,multiple-choice,single,obsidian-quiz-blocks,radio,a,CA2;CAB;CBC;MF3,converted-and-verified,manual,label
444,442855,3597,multiple-choice,single,obsidian-quiz-blocks,radio,b,CA2;CAB;CBC;MF3,converted-and-verified,manual,label
444,442855,238092,multiple-choice,single,obsidian-quiz-blocks,radio,b,CA2;CAB;CBC;MF3,converted-and-verified,manual,label
445,618569,49904,multiple-choice,single,obsidian-quiz-blocks,radio,c,CA2;CBC;MF3,converted-and-verified,manual,label
445,618569,49604,multiple-choice,single,obsidian-quiz-blocks,radio,e,CA2;CBC;MF3,converted-and-verified,manual,label
445,618572,49766,multiple-choice,single,obsidian-quiz-blocks,radio,b,CA2;CBC;MF3,converted-and-verified,manual,label
445,618572,49761,multiple-choice,single,obsidian-quiz-blocks,radio,b,CA2;CBC;MF3,converted-and-verified,manual,label
446,1801,49781,multiple-choice,single,obsidian-quiz-blocks,radio,a,CA2;CBC;MF3,converted-and-verified,manual,label
446,1801,3608,multiple-choice,single,obsidian-quiz-blocks,radio,a,CA2;CBC;MF3,converted-and-verified,manual,label
446,1805,82892,multiple-choice,single,obsidian-quiz-blocks,radio,a,CA2;CBC;MF3,converted-and-verified,manual,label
446,1805,3618,multiple-choice,single,obsidian-quiz-blocks,radio,d,CA2;CBC;MF3,converted-and-verified,manual,label
446,26940,49900,multiple-choice,single,obsidian-quiz-blocks,radio,a,CA2;CBC;MF3,converted-and-verified,manual,label
446,26940,82889,multiple-choice,single,obsidian-quiz-blocks,radio,c,CA2;CBC;MF3,converted-and-verified,manual,label
446,27007,11340,multiple-choice,single,obsidian-quiz-blocks,radio,c,CA2;CBC;MF3,converted-and-verified,manual,label
446,27007,49782,multiple-choice,single,obsidian-quiz-blocks,radio,e,CA2;CBC;MF3,converted-and-verified,manual,label
447,1809,49872,multiple-choice,single,obsidian-quiz-blocks,radio,b,CA2;CBC;MF3,converted-and-verified,manual,label
447,1809,3638,multiple-choice,single,obsidian-quiz-blocks,radio,e,CA2;CBC;MF3,converted-and-verified,manual,label
447,14541,49789,multiple-choice,single,obsidian-quiz-blocks,radio,a,CA2;CBC;MF3,converted-and-verified,manual,label
447,14541,49919,multiple-choice,single,obsidian-quiz-blocks,radio,d,CA2;CBC;MF3,converted-and-verified,manual,label
447,27082,51177,multiple-choice,single,obsidian-quiz-blocks,radio,b,CA2;CBC;MF3,converted-and-verified,manual,label
447,27082,51176,multiple-choice,single,obsidian-quiz-blocks,radio,d,CA2;CBC;MF3,converted-and-verified,manual,label
461,257,16220,multiple-choice,single,obsidian-quiz-blocks,radio,b,CA1;CAB;CBC;MF2,converted-and-verified,manual,label
461,257,16218,multiple-choice,single,obsidian-quiz-blocks,radio,c,CA1;CAB;CBC;MF2,converted-and-verified,manual,label
461,260,16261,multiple-choice,single,obsidian-quiz-blocks,radio,d,CA1;CAB;CBC;MF2,converted-and-verified,manual,label
461,260,16266,multiple-choice,single,obsidian-quiz-blocks,radio,e,CA1;CAB;CBC;MF2,converted-and-verified,manual,label
461,263,34932,multiple-choice,single,obsidian-quiz-blocks,radio,a,CA1;CAB;CBC;MF2,converted-and-verified,manual,label
461,263,34840,multiple-choice,single,obsidian-quiz-blocks,radio,c,CA1;CAB;CBC;MF2,converted-and-verified,manual,label
462,12021,48039,multiple-choice,single,obsidian-quiz-blocks,radio,e,CA1;CAB;CBC;MF2,converted-and-verified,image-id,answer-image-id-1
462,12021,48081,multiple-choice,single,obsidian-quiz-blocks,radio,a,CA1;CAB;CBC;MF2,converted-and-verified,image-id,answer-image-id-1
462,12022,48090,multiple-choice,single,obsidian-quiz-blocks,radio,d,CA1;CAB;CBC;MF2,converted-and-verified,manual,label
462,12022,48080,multiple-choice,single,obsidian-quiz-blocks,radio,a,CA1;CAB;CBC;MF2,converted-and-verified,manual,label
462,12023,48042,multiple-choice,single,obsidian-quiz-blocks,radio,c,CA1;CAB;CBC;MF2,converted-and-verified,manual,label
462,12023,48064,multiple-choice,single,obsidian-quiz-blocks,radio,e,CA1;CAB;CBC;MF2,converted-and-verified,manual,label
463,1126,31596,multiple-choice,single,obsidian-quiz-blocks,radio,e,CA1;CAB;CBC;MF3,converted-and-verified,manual,label
463,1126,3770,multiple-choice,single,obsidian-quiz-blocks,radio,b,CA1;CAB;CBC;MF3,converted-and-verified,manual,label
463,1129,31518,multiple-choice,single,obsidian-quiz-blocks,radio,e,CA1;CAB;CBC;MF3,converted-and-verified,manual,label
463,1129,31268,multiple-choice,single,obsidian-quiz-blocks,radio,e,CA1;CAB;CBC;MF3,converted-and-verified,manual,label
463,1132,65731,multiple-choice,single,obsidian-quiz-blocks,radio,b,CA1;CAB;CBC;MF3,converted-and-verified,manual,label
463,1132,72339,multiple-choice,single,obsidian-quiz-blocks,radio,a,CA1;CAB;CBC;MF3,converted-and-verified,manual,label
463,1135,31597,multiple-choice,single,obsidian-quiz-blocks,radio,d,CA1;CAB;CBC;MF3,converted-and-verified,manual,label
463,1135,31273,multiple-choice,single,obsidian-quiz-blocks,radio,e,CA1;CAB;CBC;MF3,converted-and-verified,manual,label
466,41053,14257,multiple-choice,single,obsidian-quiz-blocks,radio,e,CAB;CBC;MF3;CA2;DEQ;PS1,converted-and-verified,manual,label
466,41053,14244,multiple-choice,single,obsidian-quiz-blocks,radio,c,CAB;CBC;MF3;CA2;DEQ;PS1,converted-and-verified,manual,label
466,41056,8303,multiple-choice,single,obsidian-quiz-blocks,radio,c,CAB;CBC;MF3;CA2;DEQ;PS1,converted-and-verified,manual,label
466,41056,8305,multiple-choice,single,obsidian-quiz-blocks,radio,a,CAB;CBC;MF3;CA2;DEQ;PS1,converted-and-verified,manual,label
466,41115,154678,multiple-choice,single,obsidian-quiz-blocks,radio,d,CAB;CBC;MF3;CA2;DEQ;PS1,converted-and-verified,manual,label
466,41115,157692,multiple-choice,single,obsidian-quiz-blocks,radio,d,CAB;CBC;MF3;CA2;DEQ;PS1,converted-and-verified,manual,label
466,41758,154359,multiple-choice,single,obsidian-quiz-blocks,radio,b,CAB;CBC;MF3;CA2;DEQ;PS1,converted-and-verified,manual,label
466,41758,154367,multiple-choice,single,obsidian-quiz-blocks,radio,e,CAB;CBC;MF3;CA2;DEQ;PS1,converted-and-verified,manual,label
472,597763,16340,multiple-choice,single,obsidian-quiz-blocks,radio,c,CA1;CAB;CBC;MF2,converted-and-verified,manual,label
472,597763,300664,free-response,multi,obsidian-quiz-blocks,blank,,CA1;CAB;CBC;MF2,converted-and-verified,canonical-exact-blank,exact-match
472,597763,16545,multiple-choice,single,obsidian-quiz-blocks,radio,a,CA1;CAB;CBC;MF2,converted-and-verified,manual,label
472,597767,16384,multiple-choice,single,obsidian-quiz-blocks,radio,d,CA1;CAB;CBC;MF2,converted-and-verified,manual,label
472,597767,16602,multiple-choice,single,obsidian-quiz-blocks,radio,c,CA1;CAB;CBC;MF2,converted-and-verified,manual,label
472,597771,47600,multiple-choice,single,obsidian-quiz-blocks,radio,b,CA1;CAB;CBC;MF2,converted-and-verified,manual,label
472,597771,54183,multiple-choice,single,obsidian-quiz-blocks,radio,a,CA1;CAB;CBC;MF2,converted-and-verified,manual,label
473,494,46935,multiple-choice,single,obsidian-quiz-blocks,radio,a,CAB;CBC;CA1,converted-and-verified,manual,label
473,494,46934,multiple-choice,single,obsidian-quiz-blocks,radio,b,CAB;CBC;CA1,converted-and-verified,manual,label
473,496,3998,multiple-choice,single,obsidian-quiz-blocks,radio,d,CAB;CBC;CA1,converted-and-verified,manual,label
473,496,3994,multiple-choice,single,obsidian-quiz-blocks,radio,b,CAB;CBC;CA1,converted-and-verified,manual,label
473,500,46944,multiple-choice,single,obsidian-quiz-blocks,radio,e,CAB;CBC;CA1,converted-and-verified,manual,label
473,500,3992,multiple-choice,single,obsidian-quiz-blocks,radio,a,CAB;CBC;CA1,converted-and-verified,manual,label
473,502,46948,multiple-choice,single,obsidian-quiz-blocks,radio,b,CAB;CBC;CA1,converted-and-verified,manual,label
473,502,46917,multiple-choice,single,obsidian-quiz-blocks,radio,e,CAB;CBC;CA1,converted-and-verified,manual,label
474,12118,48199,multiple-choice,single,obsidian-quiz-blocks,radio,d,CA1;CAB;CBC;MF2,converted-and-verified,image-id,answer-image-id-1
474,12118,48262,multiple-choice,single,obsidian-quiz-blocks,radio,c,CA1;CAB;CBC;MF2,converted-and-verified,image-id,answer-image-id-1
474,12120,38328,multiple-choice,single,obsidian-quiz-blocks,radio,b,CA1;CAB;CBC;MF2,converted-and-verified,manual,label
474,12120,38711,multiple-choice,single,obsidian-quiz-blocks,radio,c,CA1;CAB;CBC;MF2,converted-and-verified,manual,label
474,12121,38548,multiple-choice,single,obsidian-quiz-blocks,radio,c,CA1;CAB;CBC;MF2,converted-and-verified,manual,label
474,12121,38547,multiple-choice,single,obsidian-quiz-blocks,radio,b,CA1;CAB;CBC;MF2,converted-and-verified,manual,label
475,44769,50359,multiple-choice,single,obsidian-quiz-blocks,radio,d,CBC;CA2;MF3,converted-and-verified,manual,label
475,44769,50083,multiple-choice,single,obsidian-quiz-blocks,radio,a,CBC;CA2;MF3,converted-and-verified,manual,label
475,44773,50360,multiple-choice,single,obsidian-quiz-blocks,radio,b,CBC;CA2;MF3,converted-and-verified,manual,label
475,44773,50362,multiple-choice,single,obsidian-quiz-blocks,radio,e,CBC;CA2;MF3,converted-and-verified,manual,label
475,44776,160766,multiple-choice,single,obsidian-quiz-blocks,radio,b,CBC;CA2;MF3,converted-and-verified,manual,label
475,44776,160790,multiple-choice,single,obsidian-quiz-blocks,radio,c,CBC;CA2;MF3,converted-and-verified,manual,label
475,44776,160793,multiple-choice,single,obsidian-quiz-blocks,radio,e,CBC;CA2;MF3,converted-and-verified,manual,label
477,1401,71860,multiple-choice,single,obsidian-quiz-blocks,radio,b,CAB;CBC;MF3;CA1,converted-and-verified,manual,label
477,1401,4412,multiple-choice,single,obsidian-quiz-blocks,radio,c,CAB;CBC;MF3;CA1,converted-and-verified,manual,label
477,1406,20754,multiple-choice,single,obsidian-quiz-blocks,radio,c,CAB;CBC;MF3;CA1,converted-and-verified,manual,label
477,1406,20333,multiple-choice,single,obsidian-quiz-blocks,radio,c,CAB;CBC;MF3;CA1,converted-and-verified,manual,label
477,26738,49079,multiple-choice,single,obsidian-quiz-blocks,radio,b,CAB;CBC;MF3;CA1,converted-and-verified,manual,label
477,26738,49074,multiple-choice,single,obsidian-quiz-blocks,radio,a,CAB;CBC;MF3;CA1,converted-and-verified,manual,label
477,26741,49105,multiple-choice,single,obsidian-quiz-blocks,radio,b,CAB;CBC;MF3;CA1,converted-and-verified,image-id,answer-image-id-1
477,26741,49109,multiple-choice,single,obsidian-quiz-blocks,radio,e,CAB;CBC;MF3;CA1,converted-and-verified,image-id,answer-image-id-1
478,617130,2204,multiple-choice,single,obsidian-quiz-blocks,radio,b,CA2;CAB;CBC;MF3,converted-and-verified,manual,label
478,617130,13647,multiple-choice,single,obsidian-quiz-blocks,radio,e,CA2;CAB;CBC;MF3,converted-and-verified,manual,label
478,617133,10143,multiple-choice,single,obsidian-quiz-blocks,radio,e,CA2;CAB;CBC;MF3,converted-and-verified,manual,label
478,617133,10157,multiple-choice,single,obsidian-quiz-blocks,radio,e,CA2;CAB;CBC;MF3,converted-and-verified,manual,label
478,617137,13461,multiple-choice,single,obsidian-quiz-blocks,radio,c,CA2;CAB;CBC;MF3,converted-and-verified,manual,label
478,617137,13474,multiple-choice,single,obsidian-quiz-blocks,radio,c,CA2;CAB;CBC;MF3,converted-and-verified,manual,label
478,617140,49557,multiple-choice,single,obsidian-quiz-blocks,radio,a,CA2;CAB;CBC;MF3,converted-and-verified,manual,label
478,617140,10046,multiple-choice,single,obsidian-quiz-blocks,radio,b,CA2;CAB;CBC;MF3,converted-and-verified,manual,label
602,1889,50119,multiple-choice,single,obsidian-quiz-blocks,radio,b,CBC;MF3;CA2;DEQ;PS2,converted-and-verified,manual,label
602,1889,53846,multiple-choice,single,obsidian-quiz-blocks,radio,d,CBC;MF3;CA2;DEQ;PS2,converted-and-verified,manual,label
602,28637,86967,multiple-choice,single,obsidian-quiz-blocks,radio,a,CBC;MF3;CA2;DEQ;PS2,converted-and-verified,manual,label
602,28637,86900,multiple-choice,single,obsidian-quiz-blocks,radio,e,CBC;MF3;CA2;DEQ;PS2,converted-and-verified,manual,label
602,34949,116746,multiple-choice,single,obsidian-quiz-blocks,radio,b,CBC;MF3;CA2;DEQ;PS2,converted-and-verified,manual,label
602,34949,86975,multiple-choice,single,obsidian-quiz-blocks,radio,a,CBC;MF3;CA2;DEQ;PS2,converted-and-verified,manual,label
604,454,4463,multiple-choice,single,obsidian-quiz-blocks,radio,b,CAB;CBC;CA1;MF3,converted-and-verified,manual,label
604,454,4466,multiple-choice,single,obsidian-quiz-blocks,radio,a,CAB;CBC;CA1;MF3,converted-and-verified,manual,label
604,458,4464,multiple-choice,single,obsidian-quiz-blocks,radio,c,CAB;CBC;CA1;MF3,converted-and-verified,manual,label
604,458,46840,multiple-choice,single,obsidian-quiz-blocks,radio,c,CAB;CBC;CA1;MF3,converted-and-verified,manual,label
605,436,36753,multiple-choice,single,obsidian-quiz-blocks,radio,c,CAB;CBC;CA1,converted-and-verified,manual,label
605,436,38065,multiple-choice,single,obsidian-quiz-blocks,radio,a,CAB;CBC;CA1,converted-and-verified,manual,label
605,439,38014,multiple-choice,single,obsidian-quiz-blocks,radio,c,CAB;CBC;CA1,converted-and-verified,manual,label
605,439,4474,multiple-choice,single,obsidian-quiz-blocks,radio,a,CAB;CBC;CA1,converted-and-verified,manual,label
605,442,4476,multiple-choice,single,obsidian-quiz-blocks,radio,e,CAB;CBC;CA1,converted-and-verified,manual,label
605,442,4477,multiple-choice,single,obsidian-quiz-blocks,radio,d,CAB;CBC;CA1,converted-and-verified,manual,label
605,16516,3944,multiple-choice,single,obsidian-quiz-blocks,radio,d,CAB;CBC;CA1,converted-and-verified,manual,label
605,16516,4482,multiple-choice,single,obsidian-quiz-blocks,radio,b,CAB;CBC;CA1,converted-and-verified,manual,label
606,505,4485,multiple-choice,single,obsidian-quiz-blocks,radio,b,CAB;CBC;CA1;MF3,converted-and-verified,manual,label
606,505,4487,multiple-choice,single,obsidian-quiz-blocks,radio,a,CAB;CBC;CA1;MF3,converted-and-verified,manual,label
606,23031,73173,multiple-choice,single,obsidian-quiz-blocks,radio,d,CAB;CBC;CA1;MF3,converted-and-verified,manual,label
606,23031,73167,multiple-choice,single,obsidian-quiz-blocks,radio,e,CAB;CBC;CA1;MF3,converted-and-verified,manual,label
607,952,48222,multiple-choice,single,obsidian-quiz-blocks,radio,a,CAB;CBC;CA1;MF3,converted-and-verified,manual,label
607,952,48220,multiple-choice,single,obsidian-quiz-blocks,radio,e,CAB;CBC;CA1;MF3,converted-and-verified,manual,label
607,954,48217,multiple-choice,single,obsidian-quiz-blocks,radio,a,CAB;CBC;CA1;MF3,converted-and-verified,manual,label
607,954,48215,multiple-choice,single,obsidian-quiz-blocks,radio,a,CAB;CBC;CA1;MF3,converted-and-verified,manual,label
607,956,48203,multiple-choice,single,obsidian-quiz-blocks,radio,e,CAB;CBC;CA1;MF3,converted-and-verified,manual,label
607,956,48210,multiple-choice,single,obsidian-quiz-blocks,radio,b,CAB;CBC;CA1;MF3,converted-and-verified,manual,label
607,960,48868,multiple-choice,single,obsidian-quiz-blocks,radio,e,CAB;CBC;CA1;MF3,converted-and-verified,manual,label
607,960,48870,multiple-choice,single,obsidian-quiz-blocks,radio,b,CAB;CBC;CA1;MF3,converted-and-verified,manual,label
612,12124,48349,multiple-choice,single,obsidian-quiz-blocks,radio,c,CAB;CBC;CA1;MF2,converted-and-verified,image-id,answer-image-id-1
612,12124,48233,multiple-choice,single,obsidian-quiz-blocks,radio,c,CA1;CAB;CBC;MF2,converted-and-verified,manual,label
612,12126,48238,multiple-choice,single,obsidian-quiz-blocks,radio,a,CA1;CAB;CBC;MF2,converted-and-verified,manual,label
612,12126,48293,multiple-choice,single,obsidian-quiz-blocks,radio,a,CAB;CBC;CA1;MF2,converted-and-verified,image-id,answer-image-id-1
612,22999,48364,multiple-choice,single,obsidian-quiz-blocks,radio,d,CAB;CBC;CA1;MF2,converted-and-verified,image-id,answer-image-id-1
612,22999,48276,multiple-choice,single,obsidian-quiz-blocks,radio,d,CAB;CBC;CA1;MF2,converted-and-verified,image-id,answer-image-id-1
612,23000,48346,multiple-choice,single,obsidian-quiz-blocks,radio,b,CA1;CAB;CBC;MF2,converted-and-verified,manual,label
612,23000,48344,multiple-choice,single,obsidian-quiz-blocks,radio,a,CA1;CAB;CBC;MF2,converted-and-verified,manual,label
613,1563,4552,multiple-choice,single,obsidian-quiz-blocks,radio,c,CA1;CAB;CBC;MF3,converted-and-verified,manual,label
613,1563,30614,multiple-choice,single,obsidian-quiz-blocks,radio,e,CA1;CAB;CBC;MF3,converted-and-verified,manual,label
613,1566,30626,multiple-choice,single,obsidian-quiz-blocks,radio,c,CA1;CAB;CBC;MF3,converted-and-verified,manual,label
613,1566,30625,multiple-choice,single,obsidian-quiz-blocks,radio,d,CA1;CAB;CBC;MF3,converted-and-verified,manual,label
613,1568,4777,multiple-choice,single,obsidian-quiz-blocks,radio,d,CA1;CAB;CBC;MF3,converted-and-verified,manual,label
613,1568,4555,multiple-choice,single,obsidian-quiz-blocks,radio,c,CA1;CAB;CBC;MF3,converted-and-verified,manual,label
613,1570,4718,multiple-choice,single,obsidian-quiz-blocks,radio,e,CA1;CAB;CBC;MF3,converted-and-verified,manual,label
613,1570,117275,multiple-choice,single,obsidian-quiz-blocks,radio,e,CA1;CAB;CBC;MF3,converted-and-verified,manual,label
616,588307,48416,multiple-choice,single,obsidian-quiz-blocks,radio,c,CAB;CBC;CA1,converted-and-verified,manual,label
616,588307,48465,multiple-choice,single,obsidian-quiz-blocks,radio,d,CAB;CBC;CA1,converted-and-verified,manual,label
616,588310,48464,multiple-choice,single,obsidian-quiz-blocks,radio,e,CAB;CBC;CA1,converted-and-verified,manual,label
616,588310,48488,multiple-choice,single,obsidian-quiz-blocks,radio,b,CAB;CBC;CA1,converted-and-verified,manual,label
616,588313,48480,multiple-choice,single,obsidian-quiz-blocks,radio,d,CAB;CBC;CA1,converted-and-verified,manual,label
616,588313,48478,multiple-choice,single,obsidian-quiz-blocks,radio,e,CAB;CBC;CA1,converted-and-verified,manual,label
616,588313,336053,free-response,single,obsidian-quiz-blocks,blank,,CA1;CAB;CBC,converted-and-verified,canonical-exact-blank,exact-match
620,1054,48725,multiple-choice,single,obsidian-quiz-blocks,radio,c,CA1;CAB;CBC;MF3,converted-and-verified,manual,label
620,1054,48712,multiple-choice,single,obsidian-quiz-blocks,radio,d,CA1;CAB;CBC;MF3,converted-and-verified,manual,label
620,1057,48744,multiple-choice,single,obsidian-quiz-blocks,radio,b,CA1;CAB;CBC;MF3,converted-and-verified,manual,label
620,1057,2436,multiple-choice,single,obsidian-quiz-blocks,radio,e,CA1;CAB;CBC;MF3,converted-and-verified,manual,label
620,23077,72353,multiple-choice,single,obsidian-quiz-blocks,radio,e,CA1;CAB;CBC;MF3,converted-and-verified,manual,label
620,23077,48696,multiple-choice,single,obsidian-quiz-blocks,radio,a,CA1;CAB;CBC;MF3,converted-and-verified,manual,label
621,4826,4808,multiple-choice,single,obsidian-quiz-blocks,radio,d,CA1;CAB;CBC;MF3,converted-and-verified,manual,label
621,4826,4805,multiple-choice,single,obsidian-quiz-blocks,radio,e,CA1;CAB;CBC;MF3,converted-and-verified,manual,label
621,4829,4804,multiple-choice,single,obsidian-quiz-blocks,radio,b,CA1;CAB;CBC;MF3,converted-and-verified,manual,label
621,4829,4802,multiple-choice,single,obsidian-quiz-blocks,radio,a,CA1;CAB;CBC;MF3,converted-and-verified,manual,label
621,4833,48402,multiple-choice,single,obsidian-quiz-blocks,radio,c,CA1;CAB;CBC;MF3,converted-and-verified,manual,label
621,4833,47782,multiple-choice,single,obsidian-quiz-blocks,radio,c,CA1;CAB;CBC;MF3,converted-and-verified,manual,label
622,617535,48051,multiple-choice,single,obsidian-quiz-blocks,radio,b,CA1;CAB;CBC,converted-and-verified,manual,label
622,617535,48073,multiple-choice,single,obsidian-quiz-blocks,radio,a,CA1;CAB;CBC,converted-and-verified,manual,label
622,617538,51260,multiple-choice,single,obsidian-quiz-blocks,radio,e,CA1;CAB;CBC,converted-and-verified,manual,label
622,617538,48023,multiple-choice,single,obsidian-quiz-blocks,radio,d,CA1;CAB;CBC,converted-and-verified,manual,label
622,617541,48025,multiple-choice,single,obsidian-quiz-blocks,radio,d,CA1;CAB;CBC,converted-and-verified,manual,label
622,617541,48058,multiple-choice,single,obsidian-quiz-blocks,radio,a,CA1;CAB;CBC,converted-and-verified,manual,label
623,1117,48360,multiple-choice,single,obsidian-quiz-blocks,radio,b,CA1;CAB;CBC,converted-and-verified,manual,label
623,1117,48674,multiple-choice,single,obsidian-quiz-blocks,radio,d,CA1;CAB;CBC,converted-and-verified,manual,label
623,1120,48420,multiple-choice,single,obsidian-quiz-blocks,radio,d,CA1;CAB;CBC,converted-and-verified,manual,label
623,1120,48409,multiple-choice,single,obsidian-quiz-blocks,radio,b,CA1;CAB;CBC,converted-and-verified,manual,label
623,1123,48704,multiple-choice,single,obsidian-quiz-blocks,radio,a,CA1;CAB;CBC,converted-and-verified,manual,label
623,1123,48703,multiple-choice,single,obsidian-quiz-blocks,radio,a,CA1;CAB;CBC,converted-and-verified,manual,label
623,27312,48359,multiple-choice,single,obsidian-quiz-blocks,radio,b,CA1;CAB;CBC,converted-and-verified,manual,label
623,27312,48411,multiple-choice,single,obsidian-quiz-blocks,radio,a,CA1;CAB;CBC,converted-and-verified,manual,label
624,1233,30681,multiple-choice,single,obsidian-quiz-blocks,radio,a,CA1;CAB;CBC,converted-and-verified,manual,label
624,1233,5215,multiple-choice,single,obsidian-quiz-blocks,radio,c,CA1;CAB;CBC,converted-and-verified,manual,label
624,1236,30675,multiple-choice,single,obsidian-quiz-blocks,radio,c,CA1;CAB;CBC,converted-and-verified,manual,label
624,1236,30594,multiple-choice,single,obsidian-quiz-blocks,radio,d,CA1;CAB;CBC,converted-and-verified,manual,label
624,1239,5223,multiple-choice,single,obsidian-quiz-blocks,radio,c,CA1;CAB;CBC,converted-and-verified,manual,label
624,1239,30678,multiple-choice,single,obsidian-quiz-blocks,radio,c,CA1;CAB;CBC,converted-and-verified,manual,label
625,276,54404,multiple-choice,single,obsidian-quiz-blocks,radio,b,CA1;CAB;CBC;MF2,converted-and-verified,manual,label
625,276,16604,multiple-choice,single,obsidian-quiz-blocks,radio,c,CA1;CAB;CBC;MF2,converted-and-verified,manual,label
625,279,16785,multiple-choice,single,obsidian-quiz-blocks,radio,e,CA1;CAB;CBC;MF2,converted-and-verified,manual,label
625,279,16784,multiple-choice,single,obsidian-quiz-blocks,radio,b,CA1;CAB;CBC;MF2,converted-and-verified,manual,label
625,11988,34942,multiple-choice,single,obsidian-quiz-blocks,radio,a,CA1;CAB;CBC;MF2,converted-and-verified,manual,label
625,11988,47596,multiple-choice,single,obsidian-quiz-blocks,radio,d,CA1;CAB;CBC;MF2,converted-and-verified,manual,label
626,613820,5046,multiple-choice,single,obsidian-quiz-blocks,radio,c,CA1;CAB;CBC,converted-and-verified,manual,label
626,613820,29741,multiple-choice,single,obsidian-quiz-blocks,radio,b,CA1;CAB;CBC,converted-and-verified,manual,label
626,613823,49207,multiple-choice,single,obsidian-quiz-blocks,radio,c,CA1;CAB;CBC,converted-and-verified,manual,label
626,613823,49212,multiple-choice,single,obsidian-quiz-blocks,radio,d,CA1;CAB;CBC,converted-and-verified,manual,label
626,613826,49176,multiple-choice,single,obsidian-quiz-blocks,radio,e,CA1;CAB;CBC,converted-and-verified,manual,label
626,613826,14785,multiple-choice,single,obsidian-quiz-blocks,radio,a,CA1;CAB;CBC,converted-and-verified,manual,label
632,1494,49240,multiple-choice,single,obsidian-quiz-blocks,radio,d,CA1;CAB;CBC;MF3,converted-and-verified,manual,label
632,1494,49160,multiple-choice,single,obsidian-quiz-blocks,radio,b,CA1;CAB;CBC;MF3,converted-and-verified,manual,label
632,1498,49245,multiple-choice,single,obsidian-quiz-blocks,radio,b,CA1;CAB;CBC;MF3,converted-and-verified,manual,label
632,1498,49244,multiple-choice,single,obsidian-quiz-blocks,radio,a,CA1;CAB;CBC;MF3,converted-and-verified,manual,label
632,1501,49248,multiple-choice,single,obsidian-quiz-blocks,radio,b,CA1;CAB;CBC;MF3,converted-and-verified,manual,label
632,1501,49247,multiple-choice,single,obsidian-quiz-blocks,radio,e,CA1;CAB;CBC;MF3,converted-and-verified,manual,label
632,1503,4798,multiple-choice,single,obsidian-quiz-blocks,radio,a,CA1;CAB;CBC;MF3,converted-and-verified,manual,label
632,1503,4799,multiple-choice,single,obsidian-quiz-blocks,radio,b,CA1;CAB;CBC;MF3,converted-and-verified,manual,label
636,2004,19928,multiple-choice,single,obsidian-quiz-blocks,radio,c,CA2;CAB;CBC,converted-and-verified,manual,label
636,2004,19934,multiple-choice,single,obsidian-quiz-blocks,radio,c,CA2;CAB;CBC,converted-and-verified,manual,label
636,2008,83139,multiple-choice,single,obsidian-quiz-blocks,radio,d,CA2;CAB;CBC,converted-and-verified,manual,label
636,2008,49924,multiple-choice,single,obsidian-quiz-blocks,radio,b,CA2;CAB;CBC,converted-and-verified,manual,label
636,27024,19495,multiple-choice,single,obsidian-quiz-blocks,radio,b,CA2;CAB;CBC,converted-and-verified,manual,label
636,27024,19929,multiple-choice,single,obsidian-quiz-blocks,radio,c,CA2;CAB;CBC,converted-and-verified,manual,label
636,27029,50112,multiple-choice,single,obsidian-quiz-blocks,radio,a,CA2;CAB;CBC,converted-and-verified,manual,label
636,27029,50096,multiple-choice,single,obsidian-quiz-blocks,radio,b,CA2;CAB;CBC,converted-and-verified,manual,label
637,12353,48438,multiple-choice,single,obsidian-quiz-blocks,radio,c,CA1;CAB;CBC,converted-and-verified,manual,label
637,12353,4738,multiple-choice,single,obsidian-quiz-blocks,radio,b,CA1;CAB;CBC,converted-and-verified,manual,label
637,12355,4767,multiple-choice,single,obsidian-quiz-blocks,radio,e,CA1;CAB;CBC,converted-and-verified,manual,label
637,12355,48446,multiple-choice,single,obsidian-quiz-blocks,radio,d,CA1;CAB;CBC,converted-and-verified,manual,label
637,12356,48457,multiple-choice,single,obsidian-quiz-blocks,radio,a,CA1;CAB;CBC,converted-and-verified,manual,label
637,12356,48460,multiple-choice,single,obsidian-quiz-blocks,radio,d,CA1;CAB;CBC,converted-and-verified,manual,label
638,1022,48583,multiple-choice,single,obsidian-quiz-blocks,radio,a,CA1;CAB;CBC,converted-and-verified,manual,label
638,1022,48585,multiple-choice,single,obsidian-quiz-blocks,radio,d,CA1;CAB;CBC,converted-and-verified,manual,label
638,1025,48579,multiple-choice,single,obsidian-quiz-blocks,radio,d,CA1;CAB;CBC,converted-and-verified,manual,label
638,1025,4591,multiple-choice,single,obsidian-quiz-blocks,radio,a,CA1;CAB;CBC,converted-and-verified,manual,label
638,1027,48647,multiple-choice,single,obsidian-quiz-blocks,radio,b,CA1;CAB;CBC,converted-and-verified,manual,label
638,1027,48651,multiple-choice,single,obsidian-quiz-blocks,radio,d,CA1;CAB;CBC,converted-and-verified,manual,label
638,23595,48620,multiple-choice,single,obsidian-quiz-blocks,radio,d,CA1;CAB;CBC,converted-and-verified,manual,label
638,23595,48646,multiple-choice,single,obsidian-quiz-blocks,radio,d,CA1;CAB;CBC,converted-and-verified,manual,label
640,699,65677,multiple-choice,single,obsidian-quiz-blocks,radio,d,CAB;CBC;CA1;MF3,converted-and-verified,manual,label
640,699,32535,multiple-choice,single,obsidian-quiz-blocks,radio,d,CAB;CBC;CA1;MF3,converted-and-verified,manual,label
640,701,47362,multiple-choice,single,obsidian-quiz-blocks,radio,b,CAB;CBC;CA1;MF3,converted-and-verified,manual,label
640,701,47534,multiple-choice,single,obsidian-quiz-blocks,radio,e,CAB;CBC;CA1;MF3,converted-and-verified,manual,label
640,703,47512,multiple-choice,single,obsidian-quiz-blocks,radio,d,CAB;CBC;CA1;MF3,converted-and-verified,manual,label
640,703,47510,multiple-choice,single,obsidian-quiz-blocks,radio,a,CAB;CBC;CA1;MF3,converted-and-verified,manual,label
648,2194,6390,multiple-choice,single,obsidian-quiz-blocks,radio,c,CA2;CBC;MF3,converted-and-verified,manual,label
648,2194,7211,multiple-choice,single,obsidian-quiz-blocks,radio,c,CA2;CBC;MF3,converted-and-verified,manual,label
648,2197,50420,multiple-choice,single,obsidian-quiz-blocks,radio,c,CA2;CBC;MF3,converted-and-verified,manual,label
648,2197,50512,multiple-choice,single,obsidian-quiz-blocks,radio,c,CA2;CBC;MF3,converted-and-verified,manual,label
648,2200,83460,multiple-choice,single,obsidian-quiz-blocks,radio,c,CA2;CBC;MF3,converted-and-verified,manual,label
648,2200,50417,multiple-choice,single,obsidian-quiz-blocks,radio,c,CA2;CBC;MF3,converted-and-verified,manual,label
648,27228,7221,multiple-choice,single,obsidian-quiz-blocks,radio,c,CA2;CBC;MF3,converted-and-verified,manual,label
648,27228,7224,multiple-choice,single,obsidian-quiz-blocks,radio,a,CA2;CBC;MF3,converted-and-verified,manual,label
684,2370,40574,multiple-choice,single,obsidian-quiz-blocks,radio,e,CA2;CBC,converted-and-verified,manual,label
684,2370,14101,multiple-choice,single,obsidian-quiz-blocks,radio,c,CA2;CBC,converted-and-verified,manual,label
684,2374,13583,multiple-choice,single,obsidian-quiz-blocks,radio,a,CA2;CBC,converted-and-verified,manual,label
684,2374,5456,multiple-choice,single,obsidian-quiz-blocks,radio,b,CA2;CBC,converted-and-verified,manual,label
684,2378,50487,multiple-choice,single,obsidian-quiz-blocks,radio,a,CA2;CBC,converted-and-verified,manual,label
684,2378,50508,multiple-choice,single,obsidian-quiz-blocks,radio,d,CA2;CBC,converted-and-verified,manual,label
684,25027,40667,multiple-choice,single,obsidian-quiz-blocks,radio,c,CA2;CBC,converted-and-verified,manual,label
684,25027,50611,multiple-choice,single,obsidian-quiz-blocks,radio,a,CA2;CBC,converted-and-verified,manual,label
686,2351,10094,multiple-choice,single,obsidian-quiz-blocks,radio,c,CA2;CBC;DSM,converted-and-verified,manual,label
686,2351,5321,multiple-choice,single,obsidian-quiz-blocks,radio,c,CA2;CBC;DSM,converted-and-verified,manual,label
686,2354,40417,multiple-choice,single,obsidian-quiz-blocks,radio,b,CA2;CBC;DSM,converted-and-verified,manual,label
686,2354,40415,multiple-choice,single,obsidian-quiz-blocks,radio,c,CA2;CBC;DSM,converted-and-verified,manual,label
689,2381,5402,multiple-choice,single,obsidian-quiz-blocks,radio,e,CA2;CBC,converted-and-verified,manual,label
689,2381,5409,multiple-choice,single,obsidian-quiz-blocks,radio,e,CA2;CBC,converted-and-verified,manual,label
689,2385,40687,multiple-choice,single,obsidian-quiz-blocks,radio,a,CA2;CBC,converted-and-verified,manual,label
689,2385,13588,multiple-choice,single,obsidian-quiz-blocks,radio,c,CA2;CBC,converted-and-verified,manual,label
691,2342,10017,multiple-choice,single,obsidian-quiz-blocks,radio,a,CA2;CBC;DSM,converted-and-verified,manual,label
691,2342,14056,multiple-choice,single,obsidian-quiz-blocks,radio,a,CA2;CBC;DSM,converted-and-verified,manual,label
691,2345,14059,multiple-choice,single,obsidian-quiz-blocks,radio,b,CA2;CBC;DSM,converted-and-verified,manual,label
691,2345,9982,multiple-choice,single,obsidian-quiz-blocks,radio,b,CA2;CBC;DSM,converted-and-verified,manual,label
691,2348,67204,multiple-choice,single,obsidian-quiz-blocks,radio,c,CA2;CBC;DSM,converted-and-verified,manual,label
691,2348,67203,multiple-choice,single,obsidian-quiz-blocks,radio,a,CA2;CBC;DSM,converted-and-verified,manual,label
743,216663,50886,multiple-choice,single,obsidian-quiz-blocks,radio,b,CA2;CBC,converted-and-verified,manual,label
743,216663,50646,multiple-choice,single,obsidian-quiz-blocks,radio,e,CA2;CBC,converted-and-verified,manual,label
743,216666,50642,multiple-choice,single,obsidian-quiz-blocks,radio,c,CA2;CBC,converted-and-verified,manual,label
743,216666,50645,multiple-choice,single,obsidian-quiz-blocks,radio,b,CA2;CBC,converted-and-verified,manual,label
743,216669,50901,multiple-choice,single,obsidian-quiz-blocks,radio,c,CA2;CBC,converted-and-verified,manual,label
743,216669,50446,multiple-choice,single,obsidian-quiz-blocks,radio,b,CA2;CBC,converted-and-verified,manual,label
744,2399,50579,multiple-choice,single,obsidian-quiz-blocks,radio,e,CA2;CBC,converted-and-verified,manual,label
744,2399,50572,multiple-choice,single,obsidian-quiz-blocks,radio,b,CA2;CBC,converted-and-verified,manual,label
744,2402,50574,multiple-choice,single,obsidian-quiz-blocks,radio,a,CA2;CBC,converted-and-verified,manual,label
744,2402,50584,multiple-choice,single,obsidian-quiz-blocks,radio,e,CA2;CBC,converted-and-verified,manual,label
744,2406,50605,multiple-choice,single,obsidian-quiz-blocks,radio,e,CA2;CBC,converted-and-verified,manual,label
744,2406,50472,multiple-choice,single,obsidian-quiz-blocks,radio,c,CA2;CBC,converted-and-verified,manual,label
745,2424,50441,multiple-choice,single,obsidian-quiz-blocks,radio,b,CA2;CBC,converted-and-verified,manual,label
745,2424,50519,multiple-choice,single,obsidian-quiz-blocks,radio,a,CA2;CBC,converted-and-verified,manual,label
745,2429,50516,multiple-choice,single,obsidian-quiz-blocks,radio,c,CA2;CBC,converted-and-verified,manual,label
745,2429,50667,multiple-choice,single,obsidian-quiz-blocks,radio,b,CA2;CBC,converted-and-verified,manual,label
745,27018,50670,multiple-choice,single,obsidian-quiz-blocks,radio,a,CA2;CBC,converted-and-verified,manual,label
745,27018,50669,multiple-choice,single,obsidian-quiz-blocks,radio,d,CA2;CBC,converted-and-verified,manual,label
745,27022,82900,multiple-choice,single,obsidian-quiz-blocks,radio,e,CA2;CBC,converted-and-verified,manual,label
745,27022,82901,multiple-choice,single,obsidian-quiz-blocks,radio,e,CA2;CBC,converted-and-verified,manual,label
746,2453,50795,multiple-choice,single,obsidian-quiz-blocks,radio,e,CA2;CBC,converted-and-verified,manual,label
746,2453,50727,multiple-choice,single,obsidian-quiz-blocks,radio,c,CA2;CBC,converted-and-verified,manual,label
746,2456,50726,multiple-choice,single,obsidian-quiz-blocks,radio,d,CA2;CBC,converted-and-verified,manual,label
746,2456,50789,multiple-choice,single,obsidian-quiz-blocks,radio,c,CA2;CBC,converted-and-verified,manual,label
746,2459,50725,multiple-choice,single,obsidian-quiz-blocks,radio,e,CA2;CBC,converted-and-verified,manual,label
746,2459,50742,multiple-choice,single,obsidian-quiz-blocks,radio,d,CA2;CBC,converted-and-verified,manual,label
747,2447,50500,multiple-choice,single,obsidian-quiz-blocks,radio,e,CA2;CBC,converted-and-verified,manual,label
747,2447,50504,multiple-choice,single,obsidian-quiz-blocks,radio,b,CA2;CBC,converted-and-verified,manual,label
747,26887,50494,multiple-choice,single,obsidian-quiz-blocks,radio,a,CA2;CBC,converted-and-verified,manual,label
747,26887,50800,multiple-choice,single,obsidian-quiz-blocks,radio,c,CA2;CBC,converted-and-verified,manual,label
747,26888,50492,multiple-choice,single,obsidian-quiz-blocks,radio,b,CA2;CBC,converted-and-verified,manual,label
747,26888,50710,multiple-choice,single,obsidian-quiz-blocks,radio,d,CA2;CBC,converted-and-verified,manual,label
748,41480,16050,multiple-choice,single,obsidian-quiz-blocks,radio,c,CA2;CBC,converted-and-verified,manual,label
748,41480,15991,multiple-choice,single,obsidian-quiz-blocks,radio,c,CA2;CBC,converted-and-verified,manual,label
748,41483,16041,multiple-choice,single,obsidian-quiz-blocks,radio,c,CA2;CBC,converted-and-verified,manual,label
748,41483,125471,multiple-choice,single,obsidian-quiz-blocks,radio,d,CA2;CBC,converted-and-verified,manual,label
748,41488,51782,multiple-choice,single,obsidian-quiz-blocks,radio,a,CA2;CBC,converted-and-verified,manual,label
748,41488,51788,multiple-choice,single,obsidian-quiz-blocks,radio,b,CA2;CBC,converted-and-verified,manual,label
748,41493,51781,multiple-choice,single,obsidian-quiz-blocks,radio,b,CA2;CBC,converted-and-verified,manual,label
748,41493,82924,multiple-choice,single,obsidian-quiz-blocks,radio,d,CA2;CBC,converted-and-verified,manual,label
749,37149,138989,multiple-choice,single,obsidian-quiz-blocks,radio,a,CA2,converted-and-verified,manual,label
749,37149,5936,multiple-choice,single,obsidian-quiz-blocks,radio,b,CA2,converted-and-verified,manual,label
749,37150,6005,multiple-choice,single,obsidian-quiz-blocks,radio,a,CA2,converted-and-verified,manual,label
749,37150,14950,multiple-choice,single,obsidian-quiz-blocks,radio,b,CA2,converted-and-verified,manual,label
750,41993,50810,multiple-choice,single,obsidian-quiz-blocks,radio,c,CA2;CBC,converted-and-verified,manual,label
750,41993,50814,multiple-choice,single,obsidian-quiz-blocks,radio,d,CA2;CBC,converted-and-verified,manual,label
750,41996,50444,multiple-choice,single,obsidian-quiz-blocks,radio,c,CA2;CBC,converted-and-verified,manual,label
750,41996,50811,multiple-choice,single,obsidian-quiz-blocks,radio,d,CA2;CBC,converted-and-verified,manual,label
750,41999,125456,multiple-choice,single,obsidian-quiz-blocks,radio,b,CA2;CBC,converted-and-verified,manual,label
750,41999,50941,multiple-choice,single,obsidian-quiz-blocks,radio,a,CA2;CBC,converted-and-verified,manual,label
750,42004,158523,multiple-choice,single,obsidian-quiz-blocks,radio,b,CA2;CBC,converted-and-verified,manual,label
750,42004,158525,multiple-choice,single,obsidian-quiz-blocks,radio,e,CA2;CBC,converted-and-verified,manual,label
752,24657,99031,multiple-choice,single,obsidian-quiz-blocks,radio,a,CA1;CAB;CBC;MF3,converted-and-verified,manual,label
752,24657,21495,multiple-choice,single,obsidian-quiz-blocks,radio,c,CA1;CAB;CBC;MF3,converted-and-verified,manual,label
752,24660,48790,multiple-choice,single,obsidian-quiz-blocks,radio,d,CA1;CAB;CBC;MF3,converted-and-verified,manual,label
752,24660,48677,multiple-choice,single,obsidian-quiz-blocks,radio,c,CA1;CAB;CBC;MF3,converted-and-verified,manual,label
752,32617,48741,multiple-choice,single,obsidian-quiz-blocks,radio,a,CA1;CAB;CBC;MF3,converted-and-verified,manual,label
752,32617,98990,multiple-choice,single,obsidian-quiz-blocks,radio,c,CA1;CAB;CBC;MF3,converted-and-verified,manual,label
752,35882,127349,multiple-choice,single,obsidian-quiz-blocks,radio,b,CA1;CAB;CBC;MF3,converted-and-verified,manual,label
752,35882,127353,multiple-choice,single,obsidian-quiz-blocks,radio,a,CA1;CAB;CBC;MF3,converted-and-verified,manual,label
758,1816,5962,multiple-choice,single,obsidian-quiz-blocks,radio,b,CA2;CBC,converted-and-verified,manual,label
758,1816,152777,multiple-choice,single,obsidian-quiz-blocks,radio,d,CA2;CBC,converted-and-verified,manual,label
758,1819,20872,multiple-choice,single,obsidian-quiz-blocks,radio,a,CA2;CBC,converted-and-verified,manual,label
758,1819,20884,multiple-choice,single,obsidian-quiz-blocks,radio,e,CA2;CBC,converted-and-verified,manual,label
758,1819,100495,multiple-choice,single,obsidian-quiz-blocks,radio,a,CA2;CBC,converted-and-verified,manual,label
758,1823,6294,multiple-choice,single,obsidian-quiz-blocks,radio,a,CA2;CBC,converted-and-verified,manual,label
758,1823,6032,multiple-choice,single,obsidian-quiz-blocks,radio,e,CA2;CBC,converted-and-verified,manual,label
758,40594,6297,multiple-choice,single,obsidian-quiz-blocks,radio,a,CA2;CBC,converted-and-verified,manual,label
758,40594,118619,multiple-choice,single,obsidian-quiz-blocks,radio,b,CA2;CBC,converted-and-verified,manual,label
759,1835,5982,multiple-choice,single,obsidian-quiz-blocks,radio,d,CA2;CBC,converted-and-verified,manual,label
759,1835,6039,multiple-choice,single,obsidian-quiz-blocks,radio,a,CA2;CBC,converted-and-verified,manual,label
759,26996,49796,multiple-choice,single,obsidian-quiz-blocks,radio,f,CA2;CBC;MF3,converted-and-verified,manual-mathematical-repair,label
759,26996,141226,multiple-choice,single,obsidian-quiz-blocks,radio,c,CA2;CBC,converted-and-verified,manual,label
759,37504,49795,multiple-choice,single,obsidian-quiz-blocks,radio,e,CA2;CBC,converted-and-verified,manual,label
759,37504,82704,multiple-choice,single,obsidian-quiz-blocks,radio,c,CA2;CBC,converted-and-verified,manual,label
760,1975,5983,multiple-choice,single,obsidian-quiz-blocks,radio,e,CA2;CBC;MF3,converted-and-verified,manual,label
760,1975,85665,multiple-choice,single,obsidian-quiz-blocks,radio,e,CA2;CBC;MF3,converted-and-verified,manual,label
760,1979,82624,multiple-choice,single,obsidian-quiz-blocks,radio,d,CA2;CBC;MF3,converted-and-verified,manual,label
760,1979,6002,multiple-choice,single,obsidian-quiz-blocks,radio,c,CA2;CBC;MF3,converted-and-verified,manual,label
760,26917,15397,multiple-choice,single,obsidian-quiz-blocks,radio,a,CA2;CBC;MF3,converted-and-verified,manual,label
760,26917,51267,multiple-choice,single,obsidian-quiz-blocks,radio,c,CA2;CBC;MF3,converted-and-verified,manual,label
762,617657,7112,multiple-choice,single,obsidian-quiz-blocks,radio,b,CA2;CAB;CBC,converted-and-verified,manual,label
762,617657,7194,multiple-choice,single,obsidian-quiz-blocks,radio,e,CA2;CAB;CBC,converted-and-verified,manual,label
762,617660,19486,multiple-choice,single,obsidian-quiz-blocks,radio,a,CA2;CAB;CBC,converted-and-verified,manual,label
762,617660,19484,multiple-choice,single,obsidian-quiz-blocks,radio,a,CA2;CAB;CBC,converted-and-verified,manual,label
763,2165,31637,multiple-choice,single,obsidian-quiz-blocks,radio,b,CA2;CBC;MF3,converted-and-verified,manual,label
763,2165,7146,multiple-choice,single,obsidian-quiz-blocks,radio,a,CA2;CBC;MF3,converted-and-verified,manual,label
763,2168,6387,multiple-choice,single,obsidian-quiz-blocks,radio,e,CA2;CBC;MF3,converted-and-verified,manual,label
763,2168,6388,multiple-choice,single,obsidian-quiz-blocks,radio,c,CA2;CBC;MF3,converted-and-verified,manual,label
763,2171,31646,multiple-choice,single,obsidian-quiz-blocks,radio,c,CA2;CBC;MF3,converted-and-verified,manual,label
763,2171,7151,multiple-choice,single,obsidian-quiz-blocks,radio,b,CA2;CBC;MF3,converted-and-verified,manual,label
763,2174,7155,multiple-choice,single,obsidian-quiz-blocks,radio,b,CA2;CBC;MF3,converted-and-verified,manual,label
763,2174,51304,multiple-choice,single,obsidian-quiz-blocks,radio,d,CA2;CBC;MF3,converted-and-verified,manual,label
798,2102,6809,multiple-choice,single,obsidian-quiz-blocks,radio,d,CA2;CBC;MF3,converted-and-verified,manual,label
798,2102,6731,multiple-choice,single,obsidian-quiz-blocks,radio,d,CA2;CBC;MF3,converted-and-verified,manual,label
798,2106,20991,multiple-choice,single,obsidian-quiz-blocks,radio,c,CA2;CBC;MF3,converted-and-verified,manual,label
798,2106,6808,multiple-choice,single,obsidian-quiz-blocks,radio,e,CA2;CBC;MF3,converted-and-verified,manual,label
799,2110,6862,multiple-choice,single,obsidian-quiz-blocks,radio,d,CA2;CBC;MF3,converted-and-verified,manual,label
799,2110,6857,multiple-choice,single,obsidian-quiz-blocks,radio,c,CA2;CBC;MF3,converted-and-verified,manual,label
799,2114,15558,multiple-choice,single,obsidian-quiz-blocks,radio,d,CA2;CBC;MF3,converted-and-verified,manual,label
799,2114,15570,multiple-choice,single,obsidian-quiz-blocks,radio,a,CA2;CBC;MF3,converted-and-verified,manual,label
799,23435,21081,multiple-choice,single,obsidian-quiz-blocks,radio,d,CA2;CBC;MF3,converted-and-verified,manual,label
799,23435,21206,multiple-choice,single,obsidian-quiz-blocks,radio,e,CA2;CBC;MF3,converted-and-verified,manual,label
799,23462,21080,multiple-choice,single,obsidian-quiz-blocks,radio,a,CA2;CBC;MF3,converted-and-verified,manual,label
799,23462,21207,multiple-choice,single,obsidian-quiz-blocks,radio,a,CA2;CBC;MF3,converted-and-verified,manual,label
812,606,47877,multiple-choice,single,obsidian-quiz-blocks,radio,a,CAB;CBC;CA1;MF2,converted-and-verified,manual,label
812,606,47876,multiple-choice,single,obsidian-quiz-blocks,radio,d,CAB;CBC;CA1;MF2,converted-and-verified,manual,label
812,613,47332,multiple-choice,single,obsidian-quiz-blocks,radio,a,CAB;CBC;CA1;MF2,converted-and-verified,manual,label
812,613,47335,multiple-choice,single,obsidian-quiz-blocks,radio,b,CAB;CBC;CA1;MF2,converted-and-verified,manual,label
824,875,7184,multiple-choice,single,obsidian-quiz-blocks,radio,e,CA1;CAB;CBC;MF3,converted-and-verified,manual,label
824,875,7108,multiple-choice,single,obsidian-quiz-blocks,radio,d,CA1;CAB;CBC;MF3,converted-and-verified,manual,label
824,880,2359,multiple-choice,single,obsidian-quiz-blocks,radio,d,CA1;CAB;CBC;MF3,converted-and-verified,manual,label
824,880,2351,multiple-choice,single,obsidian-quiz-blocks,radio,a,CA1;CAB;CBC;MF3,converted-and-verified,manual,label
825,2177,7157,multiple-choice,single,obsidian-quiz-blocks,radio,b,CA2;CBC;MF3,converted-and-verified,manual,label
825,2177,7156,multiple-choice,single,obsidian-quiz-blocks,radio,e,CA2;CBC;MF3,converted-and-verified,manual,label
825,2181,31678,multiple-choice,single,obsidian-quiz-blocks,radio,d,CA2;CBC;MF3,converted-and-verified,manual,label
825,2181,31679,multiple-choice,single,obsidian-quiz-blocks,radio,e,CA2;CBC;MF3,converted-and-verified,manual,label
825,26726,31675,multiple-choice,single,obsidian-quiz-blocks,radio,e,CA2;CBC;MF3,converted-and-verified,manual,label
825,26726,6392,multiple-choice,single,obsidian-quiz-blocks,radio,b,CA2;CBC;MF3,converted-and-verified,manual,label
825,26727,31683,multiple-choice,single,obsidian-quiz-blocks,radio,e,CA2;CBC;MF3,converted-and-verified,manual,label
825,26727,31685,multiple-choice,single,obsidian-quiz-blocks,radio,c,CA2;CBC;MF3,converted-and-verified,manual,label
826,2185,51343,multiple-choice,single,obsidian-quiz-blocks,radio,d,CA2;CBC;MF3,converted-and-verified,manual,label
826,2185,7201,multiple-choice,single,obsidian-quiz-blocks,radio,d,CA2;CBC;MF3,converted-and-verified,manual,label
826,2188,31628,multiple-choice,single,obsidian-quiz-blocks,radio,e,CA2;CBC;MF3,converted-and-verified,manual,label
826,2188,31631,multiple-choice,single,obsidian-quiz-blocks,radio,d,CA2;CBC;MF3,converted-and-verified,manual,label
826,2191,31632,multiple-choice,single,obsidian-quiz-blocks,radio,e,CA2;CBC;MF3,converted-and-verified,manual,label
826,2191,7208,multiple-choice,single,obsidian-quiz-blocks,radio,a,CA2;CBC;MF3,converted-and-verified,manual,label
860,2411,81425,multiple-choice,single,obsidian-quiz-blocks,radio,e,CA2;CBC,converted-and-verified,manual,label
860,2411,14179,multiple-choice,single,obsidian-quiz-blocks,radio,e,CA2;CBC,converted-and-verified,manual,label
860,2414,50458,multiple-choice,single,obsidian-quiz-blocks,radio,b,CA2;CBC,converted-and-verified,manual,label
860,2414,14184,multiple-choice,single,obsidian-quiz-blocks,radio,d,CA2;CBC,converted-and-verified,manual,label
860,26232,50630,multiple-choice,single,obsidian-quiz-blocks,radio,c,CA2;CBC,converted-and-verified,manual,label
860,26232,50457,multiple-choice,single,obsidian-quiz-blocks,radio,a,CA2;CBC,converted-and-verified,manual,label
860,37950,50624,multiple-choice,single,obsidian-quiz-blocks,radio,d,CA2;CBC,converted-and-verified,manual,label
860,37950,50622,multiple-choice,single,obsidian-quiz-blocks,radio,e,CA2;CBC,converted-and-verified,manual,label
876,613703,83143,multiple-choice,single,obsidian-quiz-blocks,radio,e,CAB;CBC;CA2;DEQ;PS1,converted-and-verified,manual,label
876,613703,8363,multiple-choice,single,obsidian-quiz-blocks,radio,a,CAB;CBC;CA2;DEQ;PS1,converted-and-verified,manual,label
876,613707,15208,multiple-choice,single,obsidian-quiz-blocks,radio,d,CAB;CBC;CA2;DEQ;PS1,converted-and-verified,manual,label
876,613707,83140,multiple-choice,single,obsidian-quiz-blocks,radio,d,CAB;CBC;CA2;DEQ;PS1,converted-and-verified,manual,label
876,613710,83151,multiple-choice,single,obsidian-quiz-blocks,radio,c,CAB;CBC;CA2;DEQ;PS1,converted-and-verified,manual,label
876,613710,15219,multiple-choice,single,obsidian-quiz-blocks,radio,a,CAB;CBC;CA2;DEQ;PS1,converted-and-verified,manual,label
884,2581,50917,multiple-choice,single,obsidian-quiz-blocks,radio,d,CA2;CBC;MF3,converted-and-verified,manual,label
884,2581,50894,multiple-choice,single,obsidian-quiz-blocks,radio,a,CA2;CBC;MF3,converted-and-verified,manual,label
884,2588,50965,multiple-choice,single,obsidian-quiz-blocks,radio,e,CA2;CBC;MF3,converted-and-verified,manual,label
884,2588,50961,multiple-choice,single,obsidian-quiz-blocks,radio,a,CA2;CBC;MF3,converted-and-verified,manual,label
884,27212,50939,multiple-choice,single,obsidian-quiz-blocks,radio,a,CA2;CBC;MF3,converted-and-verified,manual,label
884,27212,50928,multiple-choice,single,obsidian-quiz-blocks,radio,d,CA2;CBC;MF3,converted-and-verified,manual,label
885,2571,8276,multiple-choice,single,obsidian-quiz-blocks,radio,e,CA2;CBC;MF3,converted-and-verified,manual,label
885,2571,12303,multiple-choice,single,obsidian-quiz-blocks,radio,d,CA2;CBC;MF3,converted-and-verified,manual,label
885,2574,12437,multiple-choice,single,obsidian-quiz-blocks,radio,b,CA2;CBC;MF3,converted-and-verified,manual,label
885,2574,18951,multiple-choice,single,obsidian-quiz-blocks,radio,e,CA2;CBC;MF3,converted-and-verified,manual,label
885,2576,8157,multiple-choice,single,obsidian-quiz-blocks,radio,c,CA2;CBC;MF3,converted-and-verified,manual,label
885,2576,10072,multiple-choice,single,obsidian-quiz-blocks,radio,e,CA2;CBC;MF3,converted-and-verified,manual,label
885,2578,8156,multiple-choice,single,obsidian-quiz-blocks,radio,c,CA2;CBC;MF3,converted-and-verified,manual,label
885,2578,11713,multiple-choice,single,obsidian-quiz-blocks,radio,c,CA2;CBC;MF3,converted-and-verified,manual,label
886,2601,12352,multiple-choice,single,obsidian-quiz-blocks,radio,a,CA2;CBC,converted-and-verified,manual,label
886,2601,103961,multiple-choice,single,obsidian-quiz-blocks,radio,c,CA2;CBC,converted-and-verified,manual,label
886,2604,103968,multiple-choice,single,obsidian-quiz-blocks,radio,e,CA2;CBC,converted-and-verified,manual,label
886,2604,8280,multiple-choice,single,obsidian-quiz-blocks,radio,a,CA2;CBC,converted-and-verified,manual,label
912,593953,255853,free-response,single,,,,,,,
912,593953,256518,free-response,single,,,,,,,
912,593953,256514,free-response,single,,,,,,,
912,593957,255771,free-response,single,,,,,,,
912,593957,255772,free-response,multi,,,,,,,
912,593960,255829,free-response,single,,,,,,,
912,593960,256616,free-response,single,,,,,,,
944,1423,49166,multiple-choice,single,obsidian-quiz-blocks,radio,b,CA1;CAB;CBC,converted-and-verified,manual,label
944,1423,49167,multiple-choice,single,obsidian-quiz-blocks,radio,d,CA1;CAB;CBC,converted-and-verified,manual,label
944,1431,21006,multiple-choice,single,obsidian-quiz-blocks,radio,c,CA1;CAB;CBC,converted-and-verified,manual,label
944,1431,51061,multiple-choice,single,obsidian-quiz-blocks,radio,e,CA1;CAB;CBC,converted-and-verified,manual,label
944,13296,19739,multiple-choice,single,obsidian-quiz-blocks,radio,a,CA1;CAB;CBC,converted-and-verified,manual,label
944,13296,21001,multiple-choice,single,obsidian-quiz-blocks,radio,e,CA1;CAB;CBC,converted-and-verified,manual,label
945,1434,49196,multiple-choice,single,obsidian-quiz-blocks,radio,b,CAB;CBC;MF3;CA1,converted-and-verified,manual,label
945,1434,49211,multiple-choice,single,obsidian-quiz-blocks,radio,e,CAB;CBC;MF3;CA1,converted-and-verified,manual,label
945,1439,85265,multiple-choice,single,obsidian-quiz-blocks,radio,b,CAB;CBC;MF3;CA1,converted-and-verified,manual,label
945,1439,49197,multiple-choice,single,obsidian-quiz-blocks,radio,e,CAB;CBC;MF3;CA1,converted-and-verified,manual,label
945,1442,49204,multiple-choice,single,obsidian-quiz-blocks,radio,d,CAB;CBC;MF3;CA1,converted-and-verified,manual,label
945,1442,49241,multiple-choice,single,obsidian-quiz-blocks,radio,a,CAB;CBC;MF3;CA1,converted-and-verified,manual,label
945,27893,49159,multiple-choice,single,obsidian-quiz-blocks,radio,d,CAB;CBC;MF3;CA1,converted-and-verified,image-id,answer-image-id-1
945,27893,49157,multiple-choice,single,obsidian-quiz-blocks,radio,a,CAB;CBC;MF3;CA1,converted-and-verified,image-id,answer-image-id-1
967,31232,9403,multiple-choice,single,obsidian-quiz-blocks,radio,c,CA1,converted-and-verified,manual,label
967,31232,9444,multiple-choice,single,obsidian-quiz-blocks,radio,e,CA1,converted-and-verified,manual,label
967,31233,9411,multiple-choice,single,obsidian-quiz-blocks,radio,a,CA1,converted-and-verified,manual,label
967,31233,9387,multiple-choice,single,obsidian-quiz-blocks,radio,a,CA1,converted-and-verified,manual,label
967,32508,9446,multiple-choice,single,obsidian-quiz-blocks,radio,b,CA1,converted-and-verified,manual,label
967,32508,9386,multiple-choice,single,obsidian-quiz-blocks,radio,e,CA1,converted-and-verified,manual,label
969,31243,95606,multiple-choice,single,obsidian-quiz-blocks,radio,e,CA1,converted-and-verified,manual,label
969,31243,9589,multiple-choice,single,obsidian-quiz-blocks,radio,e,CA1,converted-and-verified,manual,label
969,31244,9586,multiple-choice,single,obsidian-quiz-blocks,radio,e,CA1,converted-and-verified,manual,label
969,31244,95613,multiple-choice,single,obsidian-quiz-blocks,radio,a,CA1,converted-and-verified,manual,label
969,31245,95620,multiple-choice,single,obsidian-quiz-blocks,radio,d,CA1,converted-and-verified,manual,label
969,31245,9594,multiple-choice,single,obsidian-quiz-blocks,radio,d,CA1,converted-and-verified,manual,label
969,32687,9624,multiple-choice,single,obsidian-quiz-blocks,radio,b,CA1,converted-and-verified,manual,label
969,32687,9625,multiple-choice,single,obsidian-quiz-blocks,radio,b,CA1,converted-and-verified,manual,label
972,37045,138673,multiple-choice,single,obsidian-quiz-blocks,radio,e,CA1,converted-and-verified,manual,label
972,37045,138870,multiple-choice,single,obsidian-quiz-blocks,radio,d,CA1,converted-and-verified,manual,label
972,37046,9673,multiple-choice,single,obsidian-quiz-blocks,radio,c,CA1,converted-and-verified,manual,label
972,37046,138677,multiple-choice,single,obsidian-quiz-blocks,radio,a,CA1,converted-and-verified,manual,label
972,37074,9679,multiple-choice,single,obsidian-quiz-blocks,radio,b,CA1,converted-and-verified,manual,label
972,37074,138672,multiple-choice,single,obsidian-quiz-blocks,radio,e,CA1,converted-and-verified,manual,label
981,2304,13859,multiple-choice,single,obsidian-quiz-blocks,radio,e,CA2;CBC;DSM;MF3,converted-and-verified,manual,label
981,2304,49531,multiple-choice,single,obsidian-quiz-blocks,radio,d,CA2;CBC;DSM;MF3,converted-and-verified,manual,label
981,2307,49600,multiple-choice,single,obsidian-quiz-blocks,radio,e,CA2;CBC;DSM;MF3,converted-and-verified,manual,label
981,2307,49601,multiple-choice,single,obsidian-quiz-blocks,radio,d,CA2;CBC;DSM;MF3,converted-and-verified,manual,label
981,2309,49542,multiple-choice,single,obsidian-quiz-blocks,radio,e,CA2;CBC;DSM;MF3,converted-and-verified,manual,label
981,2309,49594,multiple-choice,single,obsidian-quiz-blocks,radio,b,CA2;CBC;DSM;MF3,converted-and-verified,manual,label
981,2311,49629,multiple-choice,single,obsidian-quiz-blocks,radio,e,CA2;CBC;DSM;MF3,converted-and-verified,manual,label
981,2311,49544,multiple-choice,single,obsidian-quiz-blocks,radio,e,CA2;CBC;DSM;MF3,converted-and-verified,manual,label
982,2314,49640,multiple-choice,single,obsidian-quiz-blocks,radio,e,CA2;CBC;DSM;MF3,converted-and-verified,manual,label
982,2314,49639,multiple-choice,single,obsidian-quiz-blocks,radio,a,CA2;CBC;DSM;MF3,converted-and-verified,manual,label
982,2316,49643,multiple-choice,single,obsidian-quiz-blocks,radio,d,CA2;CBC;DSM;MF3,converted-and-verified,manual,label
982,2316,49641,multiple-choice,single,obsidian-quiz-blocks,radio,d,CA2;CBC;DSM;MF3,converted-and-verified,manual,label
982,2318,49646,multiple-choice,single,obsidian-quiz-blocks,radio,a,CA2;CBC;DSM;MF3,converted-and-verified,manual,label
982,2318,49648,multiple-choice,single,obsidian-quiz-blocks,radio,b,CA2;CBC;DSM;MF3,converted-and-verified,manual,label
982,2322,49691,multiple-choice,single,obsidian-quiz-blocks,radio,b,CA2;CBC;DSM;MF3,converted-and-verified,manual,label
982,2322,49693,multiple-choice,single,obsidian-quiz-blocks,radio,b,CA2;CBC;DSM;MF3,converted-and-verified,manual,label
983,41211,9288,multiple-choice,single,obsidian-quiz-blocks,radio,c,CA2;CBC,converted-and-verified,manual,label
983,41211,13888,multiple-choice,single,obsidian-quiz-blocks,radio,e,CA2;CBC,converted-and-verified,manual,label
983,41215,156153,multiple-choice,single,obsidian-quiz-blocks,radio,a,CA2;CBC,converted-and-verified,manual,label
983,41215,76435,multiple-choice,single,obsidian-quiz-blocks,radio,c,CA2;CBC,converted-and-verified,manual,label
983,41627,124070,multiple-choice,single,obsidian-quiz-blocks,radio,d,CA2;CBC,converted-and-verified,manual,label
983,41627,124071,multiple-choice,single,obsidian-quiz-blocks,radio,c,CA2;CBC,converted-and-verified,manual,label
984,2550,9899,multiple-choice,single,obsidian-quiz-blocks,radio,a,CA2;CBC,converted-and-verified,manual,label
984,2550,82848,multiple-choice,single,obsidian-quiz-blocks,radio,d,CA2;CBC,converted-and-verified,manual,label
984,2554,11617,multiple-choice,single,obsidian-quiz-blocks,radio,e,CA2;CBC,converted-and-verified,manual,label
984,2554,9921,multiple-choice,single,obsidian-quiz-blocks,radio,c,CA2;CBC,converted-and-verified,manual,label
984,26935,9917,multiple-choice,single,obsidian-quiz-blocks,radio,d,CA2;CBC,converted-and-verified,manual,label
984,26935,9903,multiple-choice,single,obsidian-quiz-blocks,radio,e,CA2;CBC,converted-and-verified,manual,label
986,658,2332,multiple-choice,single,obsidian-quiz-blocks,radio,e,CAB;CBC;CA1;MF2,converted-and-verified,manual,label
986,658,10832,multiple-choice,single,obsidian-quiz-blocks,radio,a,CAB;CBC;CA1;MF2,converted-and-verified,manual,label
986,663,10752,multiple-choice,single,obsidian-quiz-blocks,radio,b,CAB;CBC;CA1;MF2,converted-and-verified,manual,label
986,663,10831,multiple-choice,single,obsidian-quiz-blocks,radio,b,CAB;CBC;CA1;MF2,converted-and-verified,manual,label
987,668,47413,multiple-choice,single,obsidian-quiz-blocks,radio,d,CAB;CBC;CA1;MF2,converted-and-verified,manual,label
987,668,47407,multiple-choice,single,obsidian-quiz-blocks,radio,e,CAB;CBC;CA1;MF2,converted-and-verified,manual,label
987,671,10871,multiple-choice,single,obsidian-quiz-blocks,radio,e,CAB;CBC;CA1;MF2,converted-and-verified,manual,label
987,671,11124,multiple-choice,single,obsidian-quiz-blocks,radio,c,CAB;CBC;CA1;MF2,converted-and-verified,manual,label
987,22383,47408,multiple-choice,single,obsidian-quiz-blocks,radio,b,CAB;CBC;CA1;MF2,converted-and-verified,manual,label
987,22383,47406,multiple-choice,single,obsidian-quiz-blocks,radio,d,CAB;CBC;CA1;MF2,converted-and-verified,manual,label
992,677,9439,multiple-choice,single,obsidian-quiz-blocks,radio,d,CAB;CBC;CA1;MF3,converted-and-verified,manual,label
992,677,9430,multiple-choice,single,obsidian-quiz-blocks,radio,e,CAB;CBC;CA1;MF3,converted-and-verified,manual,label
992,680,47386,multiple-choice,single,obsidian-quiz-blocks,radio,e,CAB;CBC;CA1;MF3,converted-and-verified,manual,label
992,680,47385,multiple-choice,single,obsidian-quiz-blocks,radio,e,CAB;CBC;CA1;MF3,converted-and-verified,manual,label
992,682,47380,multiple-choice,single,obsidian-quiz-blocks,radio,c,CAB;CBC;CA1;MF3,converted-and-verified,manual,label
992,682,47379,multiple-choice,single,obsidian-quiz-blocks,radio,b,CAB;CBC;CA1;MF3,converted-and-verified,manual,label
992,684,47383,multiple-choice,single,obsidian-quiz-blocks,radio,e,CAB;CBC;CA1;MF3,converted-and-verified,manual,label
992,684,47389,multiple-choice,single,obsidian-quiz-blocks,radio,c,CAB;CBC;CA1;MF3,converted-and-verified,manual,label
993,687,9517,multiple-choice,single,obsidian-quiz-blocks,radio,b,CAB;CBC;CA1;MF3,converted-and-verified,manual,label
993,687,9522,multiple-choice,single,obsidian-quiz-blocks,radio,d,CAB;CBC;CA1;MF3,converted-and-verified,manual,label
993,691,47486,multiple-choice,single,obsidian-quiz-blocks,radio,c,CAB;CBC;CA1;MF3,converted-and-verified,manual,label
993,691,47490,multiple-choice,single,obsidian-quiz-blocks,radio,a,CAB;CBC;CA1;MF3,converted-and-verified,manual,label
993,22597,47358,multiple-choice,single,obsidian-quiz-blocks,radio,e,CAB;CBC;CA1;MF3,converted-and-verified,manual,label
993,22597,47547,multiple-choice,single,obsidian-quiz-blocks,radio,c,CAB;CBC;CA1;MF3,converted-and-verified,manual,label
993,22598,47948,multiple-choice,single,obsidian-quiz-blocks,radio,e,CAB;CBC;CA1;MF3,converted-and-verified,manual,label
993,22598,47542,multiple-choice,single,obsidian-quiz-blocks,radio,e,CAB;CBC;CA1;MF3,converted-and-verified,manual,label
997,618774,81437,multiple-choice,single,obsidian-quiz-blocks,radio,e,CA2;CBC;MF3,converted-and-verified,manual,label
997,618774,15172,multiple-choice,single,obsidian-quiz-blocks,radio,d,CA2;CBC;MF3,converted-and-verified,manual,label
997,618777,15185,multiple-choice,single,obsidian-quiz-blocks,radio,c,CA2;CBC;MF3,converted-and-verified,manual,label
997,618777,15155,multiple-choice,single,obsidian-quiz-blocks,radio,e,CA2;CBC;MF3,converted-and-verified,manual,label
997,618780,10260,multiple-choice,single,obsidian-quiz-blocks,radio,e,CA2;CBC;MF3,converted-and-verified,manual,label
997,618780,10255,multiple-choice,single,obsidian-quiz-blocks,radio,b,CA2;CBC;MF3,converted-and-verified,manual,label
998,2203,17115,multiple-choice,single,obsidian-quiz-blocks,radio,d,CA2;CBC;MF3,converted-and-verified,manual,label
998,2203,9393,multiple-choice,single,obsidian-quiz-blocks,radio,d,CA2;CBC;MF3,converted-and-verified,manual,label
998,37474,75274,multiple-choice,single,obsidian-quiz-blocks,radio,d,CA2;CBC;MF3,converted-and-verified,manual,label
998,37474,75273,multiple-choice,single,obsidian-quiz-blocks,radio,b,CA2;CBC;MF3,converted-and-verified,manual,label
998,37475,17112,multiple-choice,single,obsidian-quiz-blocks,radio,b,CA2;CBC;MF3,converted-and-verified,manual,label
998,37475,50351,multiple-choice,single,obsidian-quiz-blocks,radio,e,CA2;CBC;MF3,converted-and-verified,manual,label
998,37859,141126,multiple-choice,single,obsidian-quiz-blocks,radio,a,CA2;CBC;MF3,converted-and-verified,manual,label
998,37859,142387,multiple-choice,single,obsidian-quiz-blocks,radio,b,CA2;CBC;MF3,converted-and-verified,manual,label
999,617630,51198,multiple-choice,single,obsidian-quiz-blocks,radio,c,CA2;CBC;MF3,converted-and-verified,manual,label
999,617630,15144,multiple-choice,single,obsidian-quiz-blocks,radio,a,CA2;CBC;MF3,converted-and-verified,manual,label
999,617633,9532,multiple-choice,single,obsidian-quiz-blocks,radio,d,CA2;CBC;MF3,converted-and-verified,manual,label
999,617633,9536,multiple-choice,single,obsidian-quiz-blocks,radio,d,CA2;CBC;MF3,converted-and-verified,manual,label
1000,2215,9638,multiple-choice,single,obsidian-quiz-blocks,radio,c,CA2;CBC;MF3,converted-and-verified,manual,label
1000,2215,20625,multiple-choice,single,obsidian-quiz-blocks,radio,a,CA2;CBC;MF3,converted-and-verified,manual,label
1000,2219,20640,multiple-choice,single,obsidian-quiz-blocks,radio,b,CA2;CBC;MF3,converted-and-verified,manual,label
1000,2219,14866,multiple-choice,single,obsidian-quiz-blocks,radio,a,CA2;CBC;MF3,converted-and-verified,manual,label
1000,25306,20630,multiple-choice,single,obsidian-quiz-blocks,radio,d,CA2;CBC;MF3,converted-and-verified,manual,label
1000,25306,14869,multiple-choice,single,obsidian-quiz-blocks,radio,d,CA2;CBC;MF3,converted-and-verified,manual,label
1001,2237,9718,multiple-choice,single,obsidian-quiz-blocks,radio,d,CA2;CBC,converted-and-verified,manual,label
1001,2237,83580,multiple-choice,single,obsidian-quiz-blocks,radio,e,CA2;CBC,converted-and-verified,manual,label
1001,2241,9709,multiple-choice,single,obsidian-quiz-blocks,radio,c,CA2;CBC,converted-and-verified,manual,label
1001,2241,51271,multiple-choice,single,obsidian-quiz-blocks,radio,a,CA2;CBC,converted-and-verified,manual,label
1001,27317,15080,multiple-choice,single,obsidian-quiz-blocks,radio,e,CA2;CBC,converted-and-verified,manual,label
1001,27317,51268,multiple-choice,single,obsidian-quiz-blocks,radio,d,CA2;CBC,converted-and-verified,manual,label
1001,27318,15064,multiple-choice,single,obsidian-quiz-blocks,radio,c,CA2;CBC,converted-and-verified,manual,label
1001,27318,14999,multiple-choice,single,obsidian-quiz-blocks,radio,c,CA2;CBC,converted-and-verified,manual,label
1007,2492,11817,multiple-choice,single,obsidian-quiz-blocks,radio,e,CAB;CBC;CA1;MF2,converted-and-verified,manual,label
1007,2492,11816,multiple-choice,single,obsidian-quiz-blocks,radio,d,CAB;CBC;CA1;MF2,converted-and-verified,manual,label
1007,2495,48631,multiple-choice,single,obsidian-quiz-blocks,radio,a,CAB;CBC;CA1;MF2,converted-and-verified,manual,label
1007,2495,48565,multiple-choice,single,obsidian-quiz-blocks,radio,d,CAB;CBC;CA1;MF2,converted-and-verified,manual,label
1007,2498,48628,multiple-choice,single,obsidian-quiz-blocks,radio,a,CAB;CBC;CA1;MF2,converted-and-verified,manual,label
1007,2498,1953,multiple-choice,single,obsidian-quiz-blocks,radio,e,CAB;CBC;CA1;MF2,converted-and-verified,manual,label
1020,2360,14092,multiple-choice,single,obsidian-quiz-blocks,radio,b,CA2;CBC;DSM;MF3,converted-and-verified,manual,label
1020,2360,13581,multiple-choice,single,obsidian-quiz-blocks,radio,b,CA2;CBC;DSM;MF3,converted-and-verified,manual,label
1020,2363,50484,multiple-choice,single,obsidian-quiz-blocks,radio,b,CA2;CBC;DSM;MF3,converted-and-verified,manual,label
1020,2363,50495,multiple-choice,single,obsidian-quiz-blocks,radio,d,CA2;CBC;DSM;MF3,converted-and-verified,manual,label
1020,2365,5365,multiple-choice,single,obsidian-quiz-blocks,radio,a,CA2;CBC;DSM;MF3,converted-and-verified,manual,label
1020,2365,13580,multiple-choice,single,obsidian-quiz-blocks,radio,d,CA2;CBC;DSM;MF3,converted-and-verified,manual,label
1020,15387,40404,multiple-choice,single,obsidian-quiz-blocks,radio,b,CA2;CBC;DSM;MF3,converted-and-verified,manual,label
1020,15387,67228,multiple-choice,single,obsidian-quiz-blocks,radio,d,CA2;CBC;DSM;MF3,converted-and-verified,manual,label
1036,2501,28632,multiple-choice,single,obsidian-quiz-blocks,radio,a,CAB;CBC;CA1;MF2,converted-and-verified,manual,label
1036,2501,11934,multiple-choice,single,obsidian-quiz-blocks,radio,e,CAB;CBC;CA1;MF2,converted-and-verified,manual,label
1036,2505,48008,multiple-choice,single,obsidian-quiz-blocks,radio,d,CAB;CBC;CA1;MF2,converted-and-verified,manual,label
1036,2505,1948,multiple-choice,single,obsidian-quiz-blocks,radio,a,CAB;CBC;CA1;MF2,converted-and-verified,manual,label
1037,613617,51122,multiple-choice,single,obsidian-quiz-blocks,radio,c,CA2;CAB;CBC;MF3,converted-and-verified,manual,label
1037,613617,49447,multiple-choice,single,obsidian-quiz-blocks,radio,d,CA2;CAB;CBC;MF3,converted-and-verified,manual,label
1037,613621,10563,multiple-choice,single,obsidian-quiz-blocks,radio,c,CA2;CAB;CBC;MF3,converted-and-verified,manual,label
1037,613621,49326,multiple-choice,single,obsidian-quiz-blocks,radio,e,CA2;CAB;CBC;MF3,converted-and-verified,manual,label
1037,613624,10561,multiple-choice,single,obsidian-quiz-blocks,radio,c,CA2;CAB;CBC;MF3,converted-and-verified,manual,label
1037,613624,49329,multiple-choice,single,obsidian-quiz-blocks,radio,e,CA2;CAB;CBC;MF3,converted-and-verified,manual,label
1037,613627,49268,multiple-choice,single,obsidian-quiz-blocks,radio,b,CA2;CAB;CBC;MF3,converted-and-verified,manual,label
1037,613627,49327,multiple-choice,single,obsidian-quiz-blocks,radio,b,CA2;CAB;CBC;MF3,converted-and-verified,manual,label
1038,1697,10440,multiple-choice,single,obsidian-quiz-blocks,radio,b,CA2;CAB;CBC;MF3,converted-and-verified,manual,label
1038,1697,10423,multiple-choice,single,obsidian-quiz-blocks,radio,d,CA2;CAB;CBC;MF3,converted-and-verified,manual,label
1038,1701,49297,multiple-choice,single,obsidian-quiz-blocks,radio,e,CA2;CAB;CBC;MF3,converted-and-verified,manual,label
1038,1701,10559,multiple-choice,single,obsidian-quiz-blocks,radio,c,CA2;CAB;CBC;MF3,converted-and-verified,manual,label
1038,1703,10463,multiple-choice,single,obsidian-quiz-blocks,radio,b,CA2;CAB;CBC;MF3,converted-and-verified,manual,label
1038,1703,51127,multiple-choice,single,obsidian-quiz-blocks,radio,a,CA2;CAB;CBC;MF3,converted-and-verified,manual,label
1038,1705,49302,multiple-choice,single,obsidian-quiz-blocks,radio,e,CA2;CAB;CBC;MF3,converted-and-verified,manual,label
1038,1705,10452,multiple-choice,single,obsidian-quiz-blocks,radio,e,CA2;CAB;CBC;MF3,converted-and-verified,manual,label
1040,2673,9974,multiple-choice,single,obsidian-quiz-blocks,radio,d,CA1;CAB;CBC,converted-and-verified,manual,label
1040,2673,11005,multiple-choice,single,obsidian-quiz-blocks,radio,c,CA1;CAB;CBC,converted-and-verified,manual,label
1040,2678,9972,multiple-choice,single,obsidian-quiz-blocks,radio,b,CA1;CAB;CBC,converted-and-verified,manual,label
1040,2678,49348,multiple-choice,single,obsidian-quiz-blocks,radio,e,CA1;CAB;CBC,converted-and-verified,manual,label
1041,1518,10029,multiple-choice,single,obsidian-quiz-blocks,radio,e,CA1;CAB;CBC;MF3,converted-and-verified,manual,label
1041,1518,11187,multiple-choice,single,obsidian-quiz-blocks,radio,a,CA1;CAB;CBC;MF3,converted-and-verified,manual,label
1041,1521,11669,multiple-choice,single,obsidian-quiz-blocks,radio,c,CA1;CAB;CBC;MF3,converted-and-verified,manual,label
1041,1521,11308,multiple-choice,single,obsidian-quiz-blocks,radio,b,CA1;CAB;CBC;MF3,converted-and-verified,manual,label
1041,25120,11312,multiple-choice,single,obsidian-quiz-blocks,radio,d,CA1;CAB;CBC;MF3,converted-and-verified,manual,label
1041,25120,10030,multiple-choice,single,obsidian-quiz-blocks,radio,b,CA1;CAB;CBC;MF3,converted-and-verified,manual,label
1042,1445,49264,multiple-choice,single,obsidian-quiz-blocks,radio,d,CA1;CAB;CBC,converted-and-verified,manual,label
1042,1445,49185,multiple-choice,single,obsidian-quiz-blocks,radio,d,CA1;CAB;CBC,converted-and-verified,manual,label
1042,1449,49184,multiple-choice,single,obsidian-quiz-blocks,radio,b,CA1;CAB;CBC,converted-and-verified,manual,label
1042,1449,49186,multiple-choice,single,obsidian-quiz-blocks,radio,b,CA1;CAB;CBC,converted-and-verified,manual,label
1043,2138,37370,multiple-choice,single,obsidian-quiz-blocks,radio,c,CA2,converted-and-verified,manual,label
1043,2138,10215,multiple-choice,single,obsidian-quiz-blocks,radio,b,CA2,converted-and-verified,manual,label
1043,27495,15688,multiple-choice,single,obsidian-quiz-blocks,radio,a,CA2,converted-and-verified,manual,label
1043,27495,15696,multiple-choice,single,obsidian-quiz-blocks,radio,b,CA2,converted-and-verified,manual,label
1044,41328,48771,multiple-choice,single,obsidian-quiz-blocks,radio,a,CA1;CAB;CBC;MF3,converted-and-verified,manual,label
1044,41328,48765,multiple-choice,single,obsidian-quiz-blocks,radio,a,CA1;CAB;CBC;MF3,converted-and-verified,manual,label
1044,41334,48802,multiple-choice,single,obsidian-quiz-blocks,radio,d,CA1;CAB;CBC;MF3,converted-and-verified,manual,label
1044,41334,48806,multiple-choice,single,obsidian-quiz-blocks,radio,b,CA1;CAB;CBC;MF3,converted-and-verified,manual,label
1044,41337,48811,multiple-choice,single,obsidian-quiz-blocks,radio,b,CA1;CAB;CBC;MF3,converted-and-verified,manual,label
1044,41337,48814,multiple-choice,single,obsidian-quiz-blocks,radio,c,CA1;CAB;CBC;MF3,converted-and-verified,manual,label
1046,12805,51428,multiple-choice,single,obsidian-quiz-blocks,radio,a,CA1;CAB;CBC;MF3,converted-and-verified,manual,label
1046,12805,79214,multiple-choice,single,obsidian-quiz-blocks,radio,d,CA1;CAB;CBC;MF3,converted-and-verified,manual,label
1046,12810,31213,multiple-choice,single,obsidian-quiz-blocks,radio,e,CA1;CAB;CBC;MF3,converted-and-verified,manual,label
1046,12810,114418,multiple-choice,single,obsidian-quiz-blocks,radio,a,CA1;CAB;CBC;MF3,converted-and-verified,manual,label
1046,12812,20985,multiple-choice,single,obsidian-quiz-blocks,radio,e,CA1;CAB;CBC;MF3,converted-and-verified,manual,label
1046,12812,20984,multiple-choice,single,obsidian-quiz-blocks,radio,d,CA1;CAB;CBC;MF3,converted-and-verified,manual,label
1046,12813,20850,multiple-choice,single,obsidian-quiz-blocks,radio,b,CA1;CAB;CBC;MF3,converted-and-verified,manual,label
1046,12813,114407,multiple-choice,single,obsidian-quiz-blocks,radio,a,CA1;CAB;CBC;MF3,converted-and-verified,manual,label
1060,1769,10964,multiple-choice,single,obsidian-quiz-blocks,radio,c,CA2;CBC;MF2,converted-and-verified,manual,label
1060,1769,10975,multiple-choice,single,obsidian-quiz-blocks,radio,b,CA2;CBC;MF2,converted-and-verified,manual,label
1060,1773,10981,multiple-choice,single,obsidian-quiz-blocks,radio,d,CA2;CBC;MF2,converted-and-verified,manual,label
1060,1773,10989,multiple-choice,single,obsidian-quiz-blocks,radio,a,CA2;CBC;MF2,converted-and-verified,manual,label
1061,1866,14245,multiple-choice,single,obsidian-quiz-blocks,radio,c,CAB;CBC;MF3;CA2,converted-and-verified,manual,label
1061,1866,50136,multiple-choice,single,obsidian-quiz-blocks,radio,b,CAB;CBC;MF3;CA2,converted-and-verified,manual,label
1061,1869,50139,multiple-choice,single,obsidian-quiz-blocks,radio,d,CAB;CBC;MF3;CA2,converted-and-verified,manual,label
1061,1869,50148,multiple-choice,single,obsidian-quiz-blocks,radio,b,CAB;CBC;MF3;CA2,converted-and-verified,manual,label
1061,1872,50195,multiple-choice,single,obsidian-quiz-blocks,radio,e,CAB;CBC;MF3;CA2,converted-and-verified,image-id,answer-image-id-1
1061,1872,50196,multiple-choice,single,obsidian-quiz-blocks,radio,e,CAB;CBC;MF3;CA2,converted-and-verified,image-id,answer-image-id-1
1061,1875,49942,multiple-choice,single,obsidian-quiz-blocks,radio,c,CAB;CBC;MF3;CA2,converted-and-verified,manual,label
1061,1875,119078,multiple-choice,single,obsidian-quiz-blocks,radio,e,CAB;CBC;MF3;CA2,converted-and-verified,manual,label
1062,44190,73194,multiple-choice,single,obsidian-quiz-blocks,radio,d,CA2;CBC;MF3,converted-and-verified,manual,label
1062,44190,73193,multiple-choice,single,obsidian-quiz-blocks,radio,d,CA2;CBC;MF3,converted-and-verified,manual,label
1062,44193,73200,multiple-choice,single,obsidian-quiz-blocks,radio,a,CA2;CBC;MF3,converted-and-verified,manual,label
1062,44193,73204,multiple-choice,single,obsidian-quiz-blocks,radio,a,CA2;CBC;MF3,converted-and-verified,manual,label
1062,44196,50045,multiple-choice,single,obsidian-quiz-blocks,radio,c,CA2;CBC;MF3,converted-and-verified,manual,label
1062,44196,50053,multiple-choice,single,obsidian-quiz-blocks,radio,e,CA2;CBC;MF3,converted-and-verified,manual,label
1062,44196,10999,multiple-choice,single,obsidian-quiz-blocks,radio,a,CA2;CBC;MF3,converted-and-verified,manual,label
1062,44200,50047,multiple-choice,single,obsidian-quiz-blocks,radio,c,CA2;CBC;MF3,converted-and-verified,manual,label
1062,44200,50055,multiple-choice,single,obsidian-quiz-blocks,radio,b,CA2;CBC;MF3,converted-and-verified,manual,label
1063,1785,11014,multiple-choice,single,obsidian-quiz-blocks,radio,d,CA2;CBC;MF3,converted-and-verified,manual,label
1063,1785,11012,multiple-choice,single,obsidian-quiz-blocks,radio,b,CA2;CBC;MF3,converted-and-verified,manual,label
1063,14304,49718,multiple-choice,single,obsidian-quiz-blocks,radio,d,CA2;CBC;MF3,converted-and-verified,manual,label
1063,14304,51147,multiple-choice,single,obsidian-quiz-blocks,radio,e,CA2;CBC;MF3,converted-and-verified,manual,label
1079,2012,2449,multiple-choice,single,obsidian-quiz-blocks,radio,d,CA2;CAB;CBC,converted-and-verified,manual,label
1079,2012,49876,multiple-choice,single,obsidian-quiz-blocks,radio,b,CA2;CAB;CBC,converted-and-verified,manual,label
1079,2014,50024,multiple-choice,single,obsidian-quiz-blocks,radio,b,CA2;CAB;CBC,converted-and-verified,manual,label
1079,2014,49874,multiple-choice,single,obsidian-quiz-blocks,radio,c,CA2;CAB;CBC,converted-and-verified,manual,label
1079,2017,50034,multiple-choice,single,obsidian-quiz-blocks,radio,a,CA2;CAB;CBC,converted-and-verified,manual,label
1079,2017,50036,multiple-choice,single,obsidian-quiz-blocks,radio,c,CA2;CAB;CBC,converted-and-verified,manual,label
1079,2019,49878,multiple-choice,single,obsidian-quiz-blocks,radio,c,CA2;CAB;CBC,converted-and-verified,manual,label
1079,2019,50029,multiple-choice,single,obsidian-quiz-blocks,radio,d,CA2;CAB;CBC,converted-and-verified,manual,label
1080,4845,51342,multiple-choice,single,obsidian-quiz-blocks,radio,a,CA2;CBC,converted-and-verified,manual,label
1080,4845,11412,multiple-choice,single,obsidian-quiz-blocks,radio,d,CA2;CBC,converted-and-verified,manual,label
1080,4850,11275,multiple-choice,single,obsidian-quiz-blocks,radio,d,CA2;CBC,converted-and-verified,manual,label
1080,4850,11585,multiple-choice,single,obsidian-quiz-blocks,radio,b,CA2;CBC,converted-and-verified,manual,label
1082,2093,3385,multiple-choice,single,obsidian-quiz-blocks,radio,c,CA2;CAB;CBC,converted-and-verified,manual,label
1082,2093,3380,multiple-choice,single,obsidian-quiz-blocks,radio,a,CA2;CAB;CBC,converted-and-verified,manual,label
1082,2098,30079,multiple-choice,single,obsidian-quiz-blocks,radio,c,CA2;CAB;CBC,converted-and-verified,manual,label
1082,2098,30118,multiple-choice,single,obsidian-quiz-blocks,radio,d,CA2;CAB;CBC,converted-and-verified,manual,label
1082,27864,30008,multiple-choice,single,obsidian-quiz-blocks,radio,c,CA2;CAB;CBC,converted-and-verified,manual,label
1082,27864,30002,multiple-choice,single,obsidian-quiz-blocks,radio,e,CA2;CAB;CBC,converted-and-verified,manual,label
1082,27865,50433,multiple-choice,single,obsidian-quiz-blocks,radio,d,CA2;CAB;CBC,converted-and-verified,manual,label
1082,27865,30345,multiple-choice,single,obsidian-quiz-blocks,radio,b,CA2;CAB;CBC,converted-and-verified,manual,label
1083,2024,19542,multiple-choice,single,obsidian-quiz-blocks,radio,b,CA2;CAB;CBC,converted-and-verified,manual,label
1083,2024,50483,multiple-choice,single,obsidian-quiz-blocks,radio,d,CA2;CAB;CBC,converted-and-verified,manual,label
1083,2027,50822,multiple-choice,single,obsidian-quiz-blocks,radio,e,CA2;CAB;CBC,converted-and-verified,manual,label
1083,2027,50595,multiple-choice,single,obsidian-quiz-blocks,radio,c,CA2;CAB;CBC,converted-and-verified,manual,label
1083,2031,18764,multiple-choice,single,obsidian-quiz-blocks,radio,a,CA2;CAB;CBC,converted-and-verified,manual,label
1083,2031,19810,multiple-choice,single,obsidian-quiz-blocks,radio,d,CA2;CAB;CBC,converted-and-verified,manual,label
1083,25296,50597,multiple-choice,single,obsidian-quiz-blocks,radio,d,CA2;CAB;CBC,converted-and-verified,manual,label
1083,25296,50596,multiple-choice,single,obsidian-quiz-blocks,radio,e,CA2;CAB;CBC,converted-and-verified,manual,label
1084,613462,17091,multiple-choice,single,obsidian-quiz-blocks,radio,d,CA2,converted-and-verified,manual,label
1084,613462,3437,multiple-choice,single,obsidian-quiz-blocks,radio,e,CA2,converted-and-verified,manual,label
1084,613466,11484,multiple-choice,single,obsidian-quiz-blocks,radio,c,CA2,converted-and-verified,manual,label
1084,613466,3438,multiple-choice,single,obsidian-quiz-blocks,radio,d,CA2,converted-and-verified,manual,label
1084,613466,139296,multiple-choice,single,obsidian-quiz-blocks,radio,d,CA2,converted-and-verified,manual,label
1084,613466,139282,multiple-choice,single,obsidian-quiz-blocks,radio,e,CA2,converted-and-verified,manual,label
1084,613466,348215,free-response,single,,,,,,,
1085,618799,80460,multiple-choice,single,obsidian-quiz-blocks,radio,a,CA2;CBC;MF3,converted-and-verified,manual,label
1085,618799,50202,multiple-choice,single,obsidian-quiz-blocks,radio,c,CA2;CBC;MF3,converted-and-verified,manual,label
1085,618802,50201,multiple-choice,single,obsidian-quiz-blocks,radio,b,CA2;CBC;MF3,converted-and-verified,manual,label
1085,618802,50204,multiple-choice,single,obsidian-quiz-blocks,radio,b,CA2;CBC;MF3,converted-and-verified,manual,label
1085,618805,80950,multiple-choice,single,obsidian-quiz-blocks,radio,b,CA2;CBC;MF3,converted-and-verified,manual,label
1085,618805,99361,multiple-choice,single,obsidian-quiz-blocks,radio,a,CA2;CBC;MF3,converted-and-verified,manual,label
1085,618808,99520,multiple-choice,single,obsidian-quiz-blocks,radio,d,CA2;CBC;MF3,converted-and-verified,manual,label
1085,618808,80962,multiple-choice,single,obsidian-quiz-blocks,radio,d,CA2;CBC;MF3,converted-and-verified,manual,label
1086,1458,30265,multiple-choice,single,obsidian-quiz-blocks,radio,a,CA1;CAB;CBC,converted-and-verified,manual,label
1086,1458,30273,multiple-choice,single,obsidian-quiz-blocks,radio,a,CA1;CAB;CBC,converted-and-verified,manual,label
1086,1462,49179,multiple-choice,single,obsidian-quiz-blocks,radio,b,CA1;CAB;CBC,converted-and-verified,manual,label
1086,1462,49190,multiple-choice,single,obsidian-quiz-blocks,radio,e,CA1;CAB;CBC,converted-and-verified,manual,label
1086,1464,49141,multiple-choice,single,obsidian-quiz-blocks,radio,c,CA1;CAB;CBC,converted-and-verified,manual,label
1086,1464,49231,multiple-choice,single,obsidian-quiz-blocks,radio,e,CA1;CAB;CBC,converted-and-verified,manual,label
1086,1467,49193,multiple-choice,single,obsidian-quiz-blocks,radio,c,CA1;CAB;CBC,converted-and-verified,manual,label
1086,1467,49142,multiple-choice,single,obsidian-quiz-blocks,radio,a,CA1;CAB;CBC,converted-and-verified,manual,label
1087,2254,74054,multiple-choice,single,obsidian-quiz-blocks,radio,b,CA2;CBC,converted-and-verified,manual,label
1087,2254,74055,multiple-choice,single,obsidian-quiz-blocks,radio,d,CA2;CBC,converted-and-verified,manual,label
1087,2257,18635,multiple-choice,single,obsidian-quiz-blocks,radio,d,CA2;CBC,converted-and-verified,manual,label
1087,2257,49471,multiple-choice,single,obsidian-quiz-blocks,radio,a,CA2;CBC,converted-and-verified,manual,label
1087,2260,11110,multiple-choice,single,obsidian-quiz-blocks,radio,a,CA2;CBC,converted-and-verified,manual,label
1087,2260,18638,multiple-choice,single,obsidian-quiz-blocks,radio,e,CA2;CBC,converted-and-verified,manual,label
1088,2263,40234,multiple-choice,single,obsidian-quiz-blocks,radio,d,CA2;CBC,converted-and-verified,manual,label
1088,2263,74624,multiple-choice,single,obsidian-quiz-blocks,radio,e,CA2;CBC,converted-and-verified,manual,label
1088,37514,140782,multiple-choice,single,obsidian-quiz-blocks,radio,c,CA2;CBC,converted-and-verified,manual,label
1088,37514,140783,multiple-choice,single,obsidian-quiz-blocks,radio,b,CA2;CBC,converted-and-verified,manual,label
1088,37628,49562,multiple-choice,single,obsidian-quiz-blocks,radio,b,CA2;CBC,converted-and-verified,manual,label
1088,37628,66763,multiple-choice,single,obsidian-quiz-blocks,radio,a,CA2;CBC,converted-and-verified,manual,label
1089,41201,49917,multiple-choice,single,obsidian-quiz-blocks,radio,d,CA2;CBC,converted-and-verified,manual,label
1089,41201,76267,multiple-choice,single,obsidian-quiz-blocks,radio,c,CA2;CBC,converted-and-verified,manual,label
1089,41574,10864,multiple-choice,single,obsidian-quiz-blocks,radio,e,CA2;CBC,converted-and-verified,manual,label
1089,41574,49916,multiple-choice,single,obsidian-quiz-blocks,radio,b,CA2;CBC,converted-and-verified,manual,label
1089,41578,156721,multiple-choice,single,obsidian-quiz-blocks,radio,a,CA2;CBC,converted-and-verified,manual,label
1089,41578,17586,multiple-choice,single,obsidian-quiz-blocks,radio,c,CA2;CBC,converted-and-verified,manual,label
1096,26139,81083,multiple-choice,single,obsidian-quiz-blocks,radio,a,CA2;CBC,converted-and-verified,manual,label
1096,26139,123828,multiple-choice,single,obsidian-quiz-blocks,radio,c,CA2;CBC,converted-and-verified,manual,label
1096,37690,141510,multiple-choice,single,obsidian-quiz-blocks,radio,a,CA2;CBC,converted-and-verified,manual,label
1096,37690,141868,multiple-choice,single,obsidian-quiz-blocks,radio,c,CA2;CBC,converted-and-verified,manual,label
1096,37715,141614,multiple-choice,single,obsidian-quiz-blocks,radio,a,CA2;CBC,converted-and-verified,manual,label
1096,37715,142037,multiple-choice,single,obsidian-quiz-blocks,radio,b,CA2;CBC,converted-and-verified,manual,label
1108,774,48625,multiple-choice,single,obsidian-quiz-blocks,radio,b,CAB;CBC;CA1;MF2,converted-and-verified,manual,label
1108,774,666,multiple-choice,single,obsidian-quiz-blocks,radio,e,CAB;CBC;CA1;MF2,converted-and-verified,manual,label
1108,777,48730,multiple-choice,single,obsidian-quiz-blocks,radio,b,CAB;CBC;CA1;MF2,converted-and-verified,manual,label
1108,777,48846,multiple-choice,single,obsidian-quiz-blocks,radio,a,CAB;CBC;CA1;MF2,converted-and-verified,manual,label
1108,781,48850,multiple-choice,single,obsidian-quiz-blocks,radio,a,CAB;CBC;CA1;MF2,converted-and-verified,manual,label
1108,781,11414,multiple-choice,single,obsidian-quiz-blocks,radio,e,CAB;CBC;CA1;MF2,converted-and-verified,manual,label
1109,12328,47965,multiple-choice,single,obsidian-quiz-blocks,radio,c,CAB;CBC;CA1;MF2,converted-and-verified,manual,label
1109,12328,1907,multiple-choice,single,obsidian-quiz-blocks,radio,a,CAB;CBC;CA1;MF2,converted-and-verified,manual,label
1109,12329,47966,multiple-choice,single,obsidian-quiz-blocks,radio,d,CAB;CBC;CA1;MF2,converted-and-verified,manual,label
1109,12329,1933,multiple-choice,single,obsidian-quiz-blocks,radio,a,CAB;CBC;CA1;MF2,converted-and-verified,manual,label
1109,12331,48901,multiple-choice,single,obsidian-quiz-blocks,radio,c,CAB;CBC;CA1;MF2,converted-and-verified,manual,label
1109,12331,48391,multiple-choice,single,obsidian-quiz-blocks,radio,a,CAB;CBC;CA1;MF2,converted-and-verified,manual,label
1110,12333,11966,multiple-choice,single,obsidian-quiz-blocks,radio,d,CAB;CBC;CA1;MF2,converted-and-verified,manual,label
1110,12333,11955,multiple-choice,single,obsidian-quiz-blocks,radio,a,CAB;CBC;CA1;MF2,converted-and-verified,manual,label
1110,12334,17921,multiple-choice,single,obsidian-quiz-blocks,radio,a,CAB;CBC;CA1;MF2,converted-and-verified,manual,label
1110,12334,47999,multiple-choice,single,obsidian-quiz-blocks,radio,a,CAB;CBC;CA1;MF2,converted-and-verified,manual,label
1110,12336,11944,multiple-choice,single,obsidian-quiz-blocks,radio,c,CAB;CBC;CA1;MF2,converted-and-verified,manual,label
1110,12336,9909,multiple-choice,single,obsidian-quiz-blocks,radio,d,CAB;CBC;CA1;MF2,converted-and-verified,manual,label
1112,1635,13733,multiple-choice,single,obsidian-quiz-blocks,radio,e,CA2;CAB;CBC;MF3,converted-and-verified,manual,label
1112,1635,30923,multiple-choice,single,obsidian-quiz-blocks,radio,a,CA2;CAB;CBC;MF3,converted-and-verified,manual,label
1112,1637,31418,multiple-choice,single,obsidian-quiz-blocks,radio,b,CA2;CAB;CBC;MF3,converted-and-verified,manual,label
1112,1637,31405,multiple-choice,single,obsidian-quiz-blocks,radio,b,CA2;CAB;CBC;MF3,converted-and-verified,manual,label
1114,12307,1927,multiple-choice,single,obsidian-quiz-blocks,radio,d,CAB;CBC;CA1;MF2,converted-and-verified,manual,label
1114,12307,51208,multiple-choice,single,obsidian-quiz-blocks,radio,a,CAB;CBC;CA1;MF2,converted-and-verified,manual,label
1114,12308,11730,multiple-choice,single,obsidian-quiz-blocks,radio,c,CAB;CBC;CA1;MF2,converted-and-verified,manual,label
1114,12308,11728,multiple-choice,single,obsidian-quiz-blocks,radio,d,CAB;CBC;CA1;MF2,converted-and-verified,manual,label
1114,12310,1917,multiple-choice,single,obsidian-quiz-blocks,radio,c,CAB;CBC;CA1;MF2,converted-and-verified,manual,label
1114,12310,11732,multiple-choice,single,obsidian-quiz-blocks,radio,e,CAB;CBC;CA1;MF2,converted-and-verified,manual,label
1115,787,11973,multiple-choice,single,obsidian-quiz-blocks,radio,c,CAB;CBC;CA1;MF2,converted-and-verified,manual,label
1115,787,2396,multiple-choice,single,obsidian-quiz-blocks,radio,c,CAB;CBC;CA1;MF2,converted-and-verified,manual,label
1115,790,31240,multiple-choice,single,obsidian-quiz-blocks,radio,a,CAB;CBC;CA1;MF2,converted-and-verified,manual,label
1115,790,11599,multiple-choice,single,obsidian-quiz-blocks,radio,d,CAB;CBC;CA1;MF2,converted-and-verified,manual,label
1115,22585,48570,multiple-choice,single,obsidian-quiz-blocks,radio,b,CAB;CBC;CA1;MF2,converted-and-verified,manual,label
1115,22585,48569,multiple-choice,single,obsidian-quiz-blocks,radio,a,CAB;CBC;CA1;MF2,converted-and-verified,manual,label
1116,12314,11910,multiple-choice,single,obsidian-quiz-blocks,radio,b,CAB;CBC;CA1;MF2,converted-and-verified,manual,label
1116,12314,11909,multiple-choice,single,obsidian-quiz-blocks,radio,e,CAB;CBC;CA1;MF2,converted-and-verified,manual,label
1116,12315,1919,multiple-choice,single,obsidian-quiz-blocks,radio,a,CAB;CBC;CA1;MF2,converted-and-verified,manual,label
1116,12315,1920,multiple-choice,single,obsidian-quiz-blocks,radio,b,CAB;CBC;CA1;MF2,converted-and-verified,manual,label
1116,12317,11907,multiple-choice,single,obsidian-quiz-blocks,radio,d,CAB;CBC;CA1;MF2,converted-and-verified,manual,label
1116,12317,11903,multiple-choice,single,obsidian-quiz-blocks,radio,b,CAB;CBC;CA1;MF2,converted-and-verified,manual,label
1116,12319,17395,multiple-choice,single,obsidian-quiz-blocks,radio,a,CAB;CBC;CA1;MF2,converted-and-verified,manual,label
1116,12319,17373,multiple-choice,single,obsidian-quiz-blocks,radio,b,CAB;CBC;CA1;MF2,converted-and-verified,manual,label
1117,41292,72974,multiple-choice,single,obsidian-quiz-blocks,radio,b,CAB;CBC;CA1;MF2,converted-and-verified,manual,label
1117,41292,72975,multiple-choice,single,obsidian-quiz-blocks,radio,e,CAB;CBC;CA1;MF2,converted-and-verified,manual,label
1117,41295,18607,multiple-choice,single,obsidian-quiz-blocks,radio,d,CAB;CBC;CA1;MF2,converted-and-verified,manual,label
1117,41295,73001,multiple-choice,single,obsidian-quiz-blocks,radio,a,CAB;CBC;CA1;MF2,converted-and-verified,manual,label
1117,41298,18595,multiple-choice,single,obsidian-quiz-blocks,radio,e,CAB;CBC;CA1;MF2,converted-and-verified,manual,label
1117,41298,73072,multiple-choice,single,obsidian-quiz-blocks,radio,b,CAB;CBC;CA1;MF2,converted-and-verified,manual,label
1117,41301,15663,multiple-choice,single,obsidian-quiz-blocks,radio,c,CAB;CBC;CA1;MF2,converted-and-verified,manual,label
1117,41301,48944,multiple-choice,single,obsidian-quiz-blocks,radio,b,CAB;CBC;CA1;MF2,converted-and-verified,manual,label
1140,618389,14730,multiple-choice,single,obsidian-quiz-blocks,radio,c,CA2;CBC;MF3,converted-and-verified,manual,label
1140,618389,49662,multiple-choice,single,obsidian-quiz-blocks,radio,a,CA2;CBC;MF3,converted-and-verified,manual,label
1140,618392,12568,multiple-choice,single,obsidian-quiz-blocks,radio,b,CA2;CBC;MF3,converted-and-verified,manual,label
1140,618392,12570,multiple-choice,single,obsidian-quiz-blocks,radio,e,CA2;CBC;MF3,converted-and-verified,manual,label
1140,618395,30482,multiple-choice,single,obsidian-quiz-blocks,radio,e,CA2;CBC;MF3,converted-and-verified,manual,label
1140,618395,49714,multiple-choice,single,obsidian-quiz-blocks,radio,d,CA2;CBC;MF3,converted-and-verified,manual,label
1141,1761,13166,multiple-choice,single,obsidian-quiz-blocks,radio,e,CA2;CBC,converted-and-verified,manual,label
1141,1761,12947,multiple-choice,single,obsidian-quiz-blocks,radio,d,CA2;CBC,converted-and-verified,manual,label
1141,1765,20068,multiple-choice,single,obsidian-quiz-blocks,radio,a,CA2;CBC,converted-and-verified,manual,label
1141,1765,14780,multiple-choice,single,obsidian-quiz-blocks,radio,a,CA2;CBC,converted-and-verified,manual,label
1159,1619,49527,multiple-choice,single,obsidian-quiz-blocks,radio,c,CA2;CAB;CBC,converted-and-verified,manual,label
1159,1619,49610,multiple-choice,single,obsidian-quiz-blocks,radio,d,CA2;CAB;CBC,converted-and-verified,manual,label
1159,1623,12912,multiple-choice,single,obsidian-quiz-blocks,radio,a,CA2;CAB;CBC,converted-and-verified,manual,label
1159,1623,12917,multiple-choice,single,obsidian-quiz-blocks,radio,a,CA2;CAB;CBC,converted-and-verified,manual,label
1161,118774,2202,multiple-choice,single,obsidian-quiz-blocks,radio,e,CA2;CAB;CBC;MF3,converted-and-verified,manual,label
1161,118774,13814,multiple-choice,single,obsidian-quiz-blocks,radio,d,CA2;CAB;CBC;MF3,converted-and-verified,manual,label
1161,118774,13802,multiple-choice,single,obsidian-quiz-blocks,radio,d,CA2;CAB;CBC;MF3,converted-and-verified,manual,label
1161,118778,31329,multiple-choice,single,obsidian-quiz-blocks,radio,e,CA2;CAB;CBC;MF3,converted-and-verified,manual,label
1161,118778,31401,multiple-choice,single,obsidian-quiz-blocks,radio,c,CA2;CAB;CBC;MF3,converted-and-verified,manual,label
1161,118778,73659,multiple-choice,single,obsidian-quiz-blocks,radio,d,CA2;CAB;CBC;MF3,converted-and-verified,manual,label
1161,118783,49605,multiple-choice,single,obsidian-quiz-blocks,radio,c,CA2;CAB;CBC;MF3,converted-and-verified,manual,label
1161,118783,49607,multiple-choice,single,obsidian-quiz-blocks,radio,c,CA2;CAB;CBC;MF3,converted-and-verified,manual,label
1161,118783,73654,multiple-choice,single,obsidian-quiz-blocks,radio,e,CA2;CAB;CBC;MF3,converted-and-verified,manual,label
1163,27104,15399,multiple-choice,single,obsidian-quiz-blocks,radio,b,CA2;CBC;DEQ;PS1,converted-and-verified,manual,label
1163,27104,83865,multiple-choice,single,obsidian-quiz-blocks,radio,a,CA2;CBC;DEQ;PS1,converted-and-verified,manual,label
1163,27468,83754,multiple-choice,single,obsidian-quiz-blocks,radio,b,CA2;CBC;DEQ;PS1,converted-and-verified,manual,label
1163,27468,83756,multiple-choice,single,obsidian-quiz-blocks,radio,a,CA2;CBC;DEQ;PS1,converted-and-verified,manual,label
1172,2486,50969,multiple-choice,single,obsidian-quiz-blocks,radio,b,CA2;CBC,converted-and-verified,manual,label
1172,2486,50598,multiple-choice,single,obsidian-quiz-blocks,radio,c,CA2;CBC,converted-and-verified,manual,label
1172,2489,50951,multiple-choice,single,obsidian-quiz-blocks,radio,c,CA2;CBC,converted-and-verified,manual,label
1172,2489,50946,multiple-choice,single,obsidian-quiz-blocks,radio,a,CA2;CBC,converted-and-verified,manual,label
1173,37157,14254,multiple-choice,single,obsidian-quiz-blocks,radio,e,CA2,converted-and-verified,manual,label
1173,37157,14255,multiple-choice,single,obsidian-quiz-blocks,radio,d,CA2,converted-and-verified,manual,label
1173,37158,14261,multiple-choice,single,obsidian-quiz-blocks,radio,e,CA2,converted-and-verified,manual,label
1173,37158,165997,multiple-choice,single,obsidian-quiz-blocks,radio,b,CA2,converted-and-verified,manual,label
1173,37169,14250,multiple-choice,single,obsidian-quiz-blocks,radio,a,CA2,converted-and-verified,manual,label
1173,37169,138974,multiple-choice,single,obsidian-quiz-blocks,radio,d,CA2,converted-and-verified,manual,label
1174,2474,50830,multiple-choice,single,obsidian-quiz-blocks,radio,e,CA2;CBC,converted-and-verified,manual,label
1174,2474,15170,multiple-choice,single,obsidian-quiz-blocks,radio,c,CA2;CBC,converted-and-verified,manual,label
1174,2480,50507,multiple-choice,single,obsidian-quiz-blocks,radio,a,CA2;CBC,converted-and-verified,manual,label
1174,2480,15112,multiple-choice,single,obsidian-quiz-blocks,radio,b,CA2;CBC,converted-and-verified,manual,label
1176,41060,53560,multiple-choice,single,obsidian-quiz-blocks,radio,d,CA2;CBC,converted-and-verified,manual,label
1176,41060,53570,multiple-choice,single,obsidian-quiz-blocks,radio,b,CA2;CBC,converted-and-verified,manual,label
1176,41063,49675,multiple-choice,single,obsidian-quiz-blocks,radio,c,CA2;CBC,converted-and-verified,manual,label
1176,41063,16122,multiple-choice,single,obsidian-quiz-blocks,radio,b,CA2;CBC,converted-and-verified,manual,label
1176,41063,49685,multiple-choice,single,obsidian-quiz-blocks,radio,a,CA2;CBC,converted-and-verified,manual,label
1176,41066,83586,multiple-choice,single,obsidian-quiz-blocks,radio,d,CA2;CBC,converted-and-verified,manual,label
1176,41066,83567,multiple-choice,single,obsidian-quiz-blocks,radio,b,CA2;CBC,converted-and-verified,manual,label
1176,41066,83570,multiple-choice,single,obsidian-quiz-blocks,radio,b,CA2;CBC,converted-and-verified,manual,label
1177,2520,8179,multiple-choice,single,obsidian-quiz-blocks,radio,d,CA2;CBC;MF3,converted-and-verified,manual,label
1177,2520,8155,multiple-choice,single,obsidian-quiz-blocks,radio,a,CA2;CBC;MF3,converted-and-verified,manual,label
1177,26148,50690,multiple-choice,single,obsidian-quiz-blocks,radio,c,CA2;CBC;MF3,converted-and-verified,manual,label
1177,26148,15426,multiple-choice,single,obsidian-quiz-blocks,radio,b,CA2;CBC;MF3,converted-and-verified,manual,label
1179,1908,8310,multiple-choice,single,obsidian-quiz-blocks,radio,a,CAB;CBC;MF3;CA2;DEQ;PS1,converted-and-verified,manual,label
1179,1908,4019,multiple-choice,single,obsidian-quiz-blocks,radio,e,CAB;CBC;MF3;CA2;DEQ;PS1,converted-and-verified,manual,label
1179,1912,79372,multiple-choice,single,obsidian-quiz-blocks,radio,a,CAB;CBC;MF3;CA2;DEQ;PS1,converted-and-verified,manual,label
1179,1912,20071,multiple-choice,single,obsidian-quiz-blocks,radio,d,CAB;CBC;MF3;CA2;DEQ;PS1,converted-and-verified,manual,label
1181,1856,140631,multiple-choice,single,obsidian-quiz-blocks,radio,d,CA2;CAB;CBC;MF3,converted-and-verified,manual,label
1181,1856,141078,multiple-choice,single,obsidian-quiz-blocks,radio,b,CA2;CAB;CBC;MF3,converted-and-verified,manual,label
1181,32470,141055,multiple-choice,single,obsidian-quiz-blocks,radio,c,CA2;CAB;CBC;MF3,converted-and-verified,manual,label
1181,32470,141117,multiple-choice,single,obsidian-quiz-blocks,radio,c,CA2;CAB;CBC;MF3,converted-and-verified,manual,label
1181,37572,79335,multiple-choice,single,obsidian-quiz-blocks,radio,c,CA2;CAB;CBC;MF3,converted-and-verified,manual,label
1181,37572,141096,multiple-choice,single,obsidian-quiz-blocks,radio,a,CA2;CAB;CBC;MF3,converted-and-verified,manual,label
1200,1528,14783,multiple-choice,single,obsidian-quiz-blocks,radio,d,CA1;CAB;CBC,converted-and-verified,manual,label
1200,1528,75314,multiple-choice,single,obsidian-quiz-blocks,radio,d,CA1;CAB;CBC,converted-and-verified,manual,label
1200,1532,17996,multiple-choice,single,obsidian-quiz-blocks,radio,e,CA1;CAB;CBC,converted-and-verified,manual,label
1200,1532,51422,multiple-choice,single,obsidian-quiz-blocks,radio,b,CA1;CAB;CBC,converted-and-verified,manual,label
1201,1536,19600,multiple-choice,single,obsidian-quiz-blocks,radio,e,CA1;CAB;CBC,converted-and-verified,manual,label
1201,1536,19602,multiple-choice,single,obsidian-quiz-blocks,radio,b,CA1;CAB;CBC,converted-and-verified,manual,label
1201,1540,18066,multiple-choice,single,obsidian-quiz-blocks,radio,b,CA1;CAB;CBC,converted-and-verified,manual,label
1201,1540,83002,multiple-choice,single,obsidian-quiz-blocks,radio,e,CA1;CAB;CBC,converted-and-verified,manual,label
1203,618890,2473,multiple-choice,single,obsidian-quiz-blocks,radio,a,CA2;CAB;CBC,converted-and-verified,manual,label
1203,618890,344692,free-response,single,obsidian-quiz-blocks,blank,,MF3,converted-and-verified,canonical-exact-blank,exact-match
1203,618890,2491,multiple-choice,single,obsidian-quiz-blocks,radio,b,CA2;CAB;CBC,converted-and-verified,manual,label
1203,618895,3290,multiple-choice,single,obsidian-quiz-blocks,radio,a,CA2;CAB;CBC,converted-and-verified,manual,label
1203,618895,30752,multiple-choice,single,obsidian-quiz-blocks,radio,c,CA2;CAB;CBC,converted-and-verified,manual,label
1203,618898,30869,multiple-choice,single,obsidian-quiz-blocks,radio,b,CA2;CAB;CBC,converted-and-verified,manual,label
1203,618898,3293,multiple-choice,single,obsidian-quiz-blocks,radio,c,CA2;CAB;CBC,converted-and-verified,manual,label
1203,618901,15993,multiple-choice,single,obsidian-quiz-blocks,radio,c,CA2;CAB;CBC,converted-and-verified,manual,label
1203,618901,18144,multiple-choice,single,obsidian-quiz-blocks,radio,a,CA2;CAB;CBC,converted-and-verified,manual,label
1204,1225,20253,multiple-choice,single,obsidian-quiz-blocks,radio,c,CA1;CAB;CBC,converted-and-verified,image-id,answer-image-id-1
1204,1225,20235,multiple-choice,single,obsidian-quiz-blocks,radio,a,CA1;CAB;CBC,converted-and-verified,image-id,answer-image-id-1
1204,1229,20244,multiple-choice,single,obsidian-quiz-blocks,radio,e,CA1;CAB;CBC,converted-and-verified,image-id,answer-image-id-1
1204,1229,20252,multiple-choice,single,obsidian-quiz-blocks,radio,c,CA1;CAB;CBC,converted-and-verified,image-id,answer-image-id-1
1204,25278,20237,multiple-choice,single,obsidian-quiz-blocks,radio,e,CA1;CAB;CBC,converted-and-verified,image-id,answer-image-id-1
1204,25278,20250,multiple-choice,single,obsidian-quiz-blocks,radio,c,CA1;CAB;CBC,converted-and-verified,image-id,answer-image-id-1
1204,25279,51327,multiple-choice,single,obsidian-quiz-blocks,radio,a,CA1;CAB;CBC,converted-and-verified,image-id,answer-image-id-1
1204,25279,51415,multiple-choice,single,obsidian-quiz-blocks,radio,a,CA1;CAB;CBC,converted-and-verified,image-id,answer-image-id-1
1206,1245,20540,multiple-choice,single,obsidian-quiz-blocks,radio,e,CA1;CAB;CBC,converted-and-verified,image-id,answer-image-id-1
1206,1245,20510,multiple-choice,single,obsidian-quiz-blocks,radio,d,CA1;CAB;CBC,converted-and-verified,image-id,answer-image-id-1
1206,1250,20522,multiple-choice,single,obsidian-quiz-blocks,radio,d,CA1;CAB;CBC,converted-and-verified,image-id,answer-image-id-1
1206,1250,51323,multiple-choice,single,obsidian-quiz-blocks,radio,e,CA1;CAB;CBC,converted-and-verified,image-id,answer-image-id-1
1206,25582,20541,multiple-choice,single,obsidian-quiz-blocks,radio,d,CA1;CAB;CBC,converted-and-verified,image-id,answer-image-id-1
1206,25582,20509,multiple-choice,single,obsidian-quiz-blocks,radio,d,CA1;CAB;CBC,converted-and-verified,image-id,answer-image-id-1
1206,25585,49036,multiple-choice,single,obsidian-quiz-blocks,radio,e,CA1;CAB;CBC,converted-and-verified,image-id,answer-image-id-1
1206,25585,49037,multiple-choice,single,obsidian-quiz-blocks,radio,c,CA1;CAB;CBC,converted-and-verified,image-id,answer-image-id-1
1207,1254,15553,multiple-choice,single,obsidian-quiz-blocks,radio,b,CA1;CAB;CBC,converted-and-verified,image-id,answer-image-id-1
1207,1254,15552,multiple-choice,single,obsidian-quiz-blocks,radio,e,CA1;CAB;CBC,converted-and-verified,image-id,answer-image-id-1
1207,1257,51131,multiple-choice,single,obsidian-quiz-blocks,radio,c,CA1;CAB;CBC,converted-and-verified,image-id,answer-image-id-1
1207,1257,15498,multiple-choice,single,obsidian-quiz-blocks,radio,c,CA1;CAB;CBC,converted-and-verified,image-id,answer-image-id-1
1207,26716,20234,multiple-choice,single,obsidian-quiz-blocks,radio,d,CA1;CAB;CBC,converted-and-verified,image-id,answer-image-id-1
1207,26716,51068,multiple-choice,single,obsidian-quiz-blocks,radio,a,CA1;CAB;CBC,converted-and-verified,image-id,answer-image-id-1
1208,587,47351,multiple-choice,single,obsidian-quiz-blocks,radio,a,CAB;CBC;CA1;MF2,converted-and-verified,manual,label
1208,587,47962,multiple-choice,single,obsidian-quiz-blocks,radio,a,CAB;CBC;CA1;MF2,converted-and-verified,manual,label
1208,592,20846,multiple-choice,single,obsidian-quiz-blocks,radio,e,CAB;CBC;CA1;MF2,converted-and-verified,manual,label
1208,592,101944,multiple-choice,single,obsidian-quiz-blocks,radio,e,CAB;CBC;CA1;MF2,converted-and-verified,manual,label
1208,12591,47956,multiple-choice,single,obsidian-quiz-blocks,radio,a,CAB;CBC;CA1;MF2,converted-and-verified,manual,label
1208,12591,47959,multiple-choice,single,obsidian-quiz-blocks,radio,b,CAB;CBC;CA1;MF2,converted-and-verified,manual,label
1210,1138,16172,multiple-choice,single,obsidian-quiz-blocks,radio,d,CA1;CAB;CBC,converted-and-verified,manual,label
1210,1138,16150,multiple-choice,single,obsidian-quiz-blocks,radio,d,CA1;CAB;CBC,converted-and-verified,manual,label
1210,1142,16175,multiple-choice,single,obsidian-quiz-blocks,radio,e,CA1;CAB;CBC,converted-and-verified,manual,label
1210,1142,16174,multiple-choice,single,obsidian-quiz-blocks,radio,a,CA1;CAB;CBC,converted-and-verified,manual,label
1211,1267,17810,multiple-choice,single,obsidian-quiz-blocks,radio,d,CA1;CAB;CBC;MF3,converted-and-verified,manual,label
1211,1267,14625,multiple-choice,single,obsidian-quiz-blocks,radio,a,CA1;CAB;CBC;MF3,converted-and-verified,manual,label
1211,1270,80070,multiple-choice,single,obsidian-quiz-blocks,radio,d,CA1;CAB;CBC;MF3,converted-and-verified,manual,label
1211,1270,14631,multiple-choice,single,obsidian-quiz-blocks,radio,b,CA1;CAB;CBC;MF3,converted-and-verified,manual,label
1212,1273,51212,multiple-choice,single,obsidian-quiz-blocks,radio,e,CA1;CAB;CBC,converted-and-verified,manual,label
1212,1273,15070,multiple-choice,single,obsidian-quiz-blocks,radio,b,CA1;CAB;CBC,converted-and-verified,manual,label
1212,1278,15078,multiple-choice,single,obsidian-quiz-blocks,radio,d,CA1;CAB;CBC,converted-and-verified,manual,label
1212,1278,17946,multiple-choice,single,obsidian-quiz-blocks,radio,e,CA1;CAB;CBC,converted-and-verified,manual,label
1213,1282,30561,multiple-choice,single,obsidian-quiz-blocks,radio,d,CA1;CAB;CBC,converted-and-verified,manual,label
1213,1282,16144,multiple-choice,single,obsidian-quiz-blocks,radio,c,CA1;CAB;CBC,converted-and-verified,manual,label
1213,1287,18394,multiple-choice,single,obsidian-quiz-blocks,radio,b,CA1;CAB;CBC,converted-and-verified,manual,label
1213,1287,16143,multiple-choice,single,obsidian-quiz-blocks,radio,c,CA1;CAB;CBC,converted-and-verified,manual,label
1213,26330,18399,multiple-choice,single,obsidian-quiz-blocks,radio,d,CA1;CAB;CBC,converted-and-verified,manual,label
1213,26330,3446,multiple-choice,single,obsidian-quiz-blocks,radio,d,CA1;CAB;CBC,converted-and-verified,manual,label
1213,26332,16145,multiple-choice,single,obsidian-quiz-blocks,radio,a,CA1;CAB;CBC,converted-and-verified,manual,label
1213,26332,81729,multiple-choice,single,obsidian-quiz-blocks,radio,c,CA1;CAB;CBC,converted-and-verified,manual,label
1214,1291,18447,multiple-choice,single,obsidian-quiz-blocks,radio,d,CA1;CAB;CBC,converted-and-verified,manual,label
1214,1291,30558,multiple-choice,single,obsidian-quiz-blocks,radio,e,CA1;CAB;CBC,converted-and-verified,manual,label
1214,1296,18446,multiple-choice,single,obsidian-quiz-blocks,radio,d,CA1;CAB;CBC,converted-and-verified,manual,label
1214,1296,18444,multiple-choice,single,obsidian-quiz-blocks,radio,c,CA1;CAB;CBC,converted-and-verified,manual,label
1214,27954,16255,multiple-choice,single,obsidian-quiz-blocks,radio,e,CA1;CAB;CBC,converted-and-verified,manual,label
1214,27954,85333,multiple-choice,single,obsidian-quiz-blocks,radio,b,CA1;CAB;CBC,converted-and-verified,manual,label
1216,117676,31519,multiple-choice,single,obsidian-quiz-blocks,radio,c,CA1;CAB;CBC;MF3,converted-and-verified,manual,label
1216,117676,117434,multiple-choice,single,obsidian-quiz-blocks,radio,a,CA1;CAB;CBC;MF3,converted-and-verified,manual,label
1216,117679,210774,multiple-choice,single,obsidian-quiz-blocks,radio,b,CA1;CAB;CBC;MF3,converted-and-verified,manual,label
1216,117679,117438,multiple-choice,single,obsidian-quiz-blocks,radio,c,CA1;CAB;CBC;MF3,converted-and-verified,manual,label
1216,117683,31427,multiple-choice,single,obsidian-quiz-blocks,radio,e,CA1;CAB;CBC;MF3,converted-and-verified,manual,label
1216,117683,31504,multiple-choice,single,obsidian-quiz-blocks,radio,a,CA1;CAB;CBC;MF3,converted-and-verified,manual,label
1217,1308,18646,multiple-choice,single,obsidian-quiz-blocks,radio,a,CA1;CAB;CBC,converted-and-verified,manual,label
1217,1308,51320,multiple-choice,single,obsidian-quiz-blocks,radio,b,CA1;CAB;CBC,converted-and-verified,manual,label
1217,1312,3448,multiple-choice,single,obsidian-quiz-blocks,radio,d,CA1;CAB;CBC,converted-and-verified,manual,label
1217,1312,84635,multiple-choice,single,obsidian-quiz-blocks,radio,b,CA1;CAB;CBC,converted-and-verified,manual,label
1217,27666,16202,multiple-choice,single,obsidian-quiz-blocks,radio,a,CA1;CAB;CBC,converted-and-verified,manual,label
1217,27666,18565,multiple-choice,single,obsidian-quiz-blocks,radio,b,CA1;CAB;CBC,converted-and-verified,manual,label
1218,606253,51329,multiple-choice,single,obsidian-quiz-blocks,radio,d,CA1;CAB;CBC,converted-and-verified,manual,label
1218,606253,15326,multiple-choice,single,obsidian-quiz-blocks,radio,b,CA1;CAB;CBC,converted-and-verified,manual,label
1218,606257,87467,multiple-choice,single,obsidian-quiz-blocks,radio,d,CA1;CAB;CBC,converted-and-verified,manual,label
1218,606257,87566,multiple-choice,single,obsidian-quiz-blocks,radio,a,CA1;CAB;CBC,converted-and-verified,manual,label
1218,606260,65866,multiple-choice,single,obsidian-quiz-blocks,radio,d,CA1;CAB;CBC,converted-and-verified,manual,label
1218,606260,65867,multiple-choice,single,obsidian-quiz-blocks,radio,e,CA1;CAB;CBC,converted-and-verified,manual,label
1218,606260,119066,multiple-choice,single,obsidian-quiz-blocks,radio,e,CA1;CAB;CBC,converted-and-verified,manual,label
1218,606260,87573,multiple-choice,single,obsidian-quiz-blocks,radio,b,CA1;CAB;CBC,converted-and-verified,manual,label
1218,606260,119061,multiple-choice,single,obsidian-quiz-blocks,radio,d,CA1;CAB;CBC,converted-and-verified,manual,label
1218,606266,15331,multiple-choice,single,obsidian-quiz-blocks,radio,e,CA1;CAB;CBC,converted-and-verified,manual,label
1218,606266,119091,multiple-choice,single,obsidian-quiz-blocks,radio,d,CA1;CAB;CBC,converted-and-verified,manual,label
1218,606266,51356,multiple-choice,single,obsidian-quiz-blocks,radio,a,CA1;CAB;CBC,converted-and-verified,manual,label
1218,606266,316191,free-response,single,,,,,,,
1218,606266,18673,multiple-choice,single,obsidian-quiz-blocks,radio,a,CA1;CAB;CBC,converted-and-verified,manual,label
1222,2530,9360,multiple-choice,single,obsidian-quiz-blocks,radio,b,CA2;CBC;MF3,converted-and-verified,manual,label
1222,2530,9361,multiple-choice,single,obsidian-quiz-blocks,radio,d,CA2;CBC;MF3,converted-and-verified,manual,label
1222,2533,15480,multiple-choice,single,obsidian-quiz-blocks,radio,a,CA2;CBC;MF3,converted-and-verified,manual,label
1222,2533,15484,multiple-choice,single,obsidian-quiz-blocks,radio,e,CA2;CBC;MF3,converted-and-verified,manual,label
1222,26162,51236,multiple-choice,single,obsidian-quiz-blocks,radio,b,CA2;CBC;MF3,converted-and-verified,manual,label
1222,26162,51235,multiple-choice,single,obsidian-quiz-blocks,radio,d,CA2;CBC;MF3,converted-and-verified,manual,label
1225,1032,48321,multiple-choice,single,obsidian-quiz-blocks,radio,b,CA1;CAB;CBC,converted-and-verified,manual,label
1225,1032,48743,multiple-choice,single,obsidian-quiz-blocks,radio,d,CA1;CAB;CBC,converted-and-verified,manual,label
1225,1035,48752,multiple-choice,single,obsidian-quiz-blocks,radio,e,CA1;CAB;CBC,converted-and-verified,manual,label
1225,1035,48885,multiple-choice,single,obsidian-quiz-blocks,radio,c,CA1;CAB;CBC,converted-and-verified,manual,label
1230,1573,144823,multiple-choice,single,obsidian-quiz-blocks,radio,b,CA1;CAB;CBC,converted-and-verified,manual,label
1230,1573,18644,multiple-choice,single,obsidian-quiz-blocks,radio,a,CA1;CAB;CBC,converted-and-verified,manual,label
1230,1577,144818,multiple-choice,single,obsidian-quiz-blocks,radio,a,CA1;CAB;CBC,converted-and-verified,manual,label
1230,1577,18650,multiple-choice,single,obsidian-quiz-blocks,radio,d,CA1;CAB;CBC,converted-and-verified,manual,label
1230,37716,141616,multiple-choice,single,obsidian-quiz-blocks,radio,a,CA1;CAB;CBC,converted-and-verified,manual,label
1230,37716,141862,multiple-choice,single,obsidian-quiz-blocks,radio,a,CA1;CAB;CBC,converted-and-verified,manual,label
1245,2273,49504,multiple-choice,single,obsidian-quiz-blocks,radio,e,CA2;CBC,converted-and-verified,manual,label
1245,2273,49670,multiple-choice,single,obsidian-quiz-blocks,radio,e,CA2;CBC,converted-and-verified,manual,label
1245,2275,49728,multiple-choice,single,obsidian-quiz-blocks,radio,e,CA2;CBC,converted-and-verified,manual,label
1245,2275,49661,multiple-choice,single,obsidian-quiz-blocks,radio,b,CA2;CBC,converted-and-verified,manual,label
1245,2277,49657,multiple-choice,single,obsidian-quiz-blocks,radio,b,CA2;CBC,converted-and-verified,manual,label
1245,2277,49503,multiple-choice,single,obsidian-quiz-blocks,radio,c,CA2;CBC,converted-and-verified,manual,label
1246,340,4454,multiple-choice,single,obsidian-quiz-blocks,radio,a,CAB;CBC;CA1;MF2,converted-and-verified,manual,label
1246,340,35465,multiple-choice,single,obsidian-quiz-blocks,radio,e,CAB;CBC;CA1;MF2,converted-and-verified,manual,label
1246,342,17283,multiple-choice,single,obsidian-quiz-blocks,radio,a,CAB;CBC;CA1;MF2,converted-and-verified,manual,label
1246,342,17281,multiple-choice,single,obsidian-quiz-blocks,radio,d,CAB;CBC;CA1;MF2,converted-and-verified,manual,label
1246,12001,35443,multiple-choice,single,obsidian-quiz-blocks,radio,c,CAB;CBC;CA1;MF2,converted-and-verified,manual,label
1246,12001,35441,multiple-choice,single,obsidian-quiz-blocks,radio,d,CAB;CBC;CA1;MF2,converted-and-verified,manual,label
1246,12002,35402,multiple-choice,single,obsidian-quiz-blocks,radio,c,CAB;CBC;CA1;MF2,converted-and-verified,manual,label
1246,12002,35182,multiple-choice,single,obsidian-quiz-blocks,radio,c,CAB;CBC;CA1;MF2,converted-and-verified,manual,label
1248,2034,18013,multiple-choice,single,obsidian-quiz-blocks,radio,a,CA2;CAB;CBC,converted-and-verified,manual,label
1248,2034,50332,multiple-choice,single,obsidian-quiz-blocks,radio,d,CA2;CAB;CBC,converted-and-verified,manual,label
1248,2038,11658,multiple-choice,single,obsidian-quiz-blocks,radio,e,CA2;CAB;CBC,converted-and-verified,manual,label
1248,2038,50429,multiple-choice,single,obsidian-quiz-blocks,radio,d,CA2;CAB;CBC,converted-and-verified,manual,label
1248,2041,19803,multiple-choice,single,obsidian-quiz-blocks,radio,d,CA2;CAB;CBC,converted-and-verified,manual,label
1248,2041,50425,multiple-choice,single,obsidian-quiz-blocks,radio,c,CA2;CAB;CBC,converted-and-verified,manual,label
1248,25319,50436,multiple-choice,single,obsidian-quiz-blocks,radio,d,CA2;CAB;CBC,converted-and-verified,manual,label
1248,25319,69561,multiple-choice,single,obsidian-quiz-blocks,radio,c,CA2;CAB;CBC,converted-and-verified,manual,label
1249,12339,48844,multiple-choice,single,obsidian-quiz-blocks,radio,d,CAB;CBC;CA1;MF2,converted-and-verified,manual,label
1249,12339,16091,multiple-choice,single,obsidian-quiz-blocks,radio,c,CAB;CBC;CA1;MF2,converted-and-verified,manual,label
1249,12340,72964,multiple-choice,single,obsidian-quiz-blocks,radio,a,CAB;CBC;CA1;MF2,converted-and-verified,manual,label
1249,12340,4957,multiple-choice,single,obsidian-quiz-blocks,radio,b,CAB;CBC;CA1;MF2,converted-and-verified,manual,label
1249,22970,19200,multiple-choice,single,obsidian-quiz-blocks,radio,d,CAB;CBC;CA1;MF2,converted-and-verified,manual,label
1249,22970,16090,multiple-choice,single,obsidian-quiz-blocks,radio,a,CAB;CBC;CA1;MF2,converted-and-verified,manual,label
1249,22971,48721,multiple-choice,single,obsidian-quiz-blocks,radio,c,CAB;CBC;CA1;MF2,converted-and-verified,manual,label
1249,22971,48919,multiple-choice,single,obsidian-quiz-blocks,radio,e,CAB;CBC;CA1;MF2,converted-and-verified,manual,label
1250,1581,51232,multiple-choice,single,obsidian-quiz-blocks,radio,c,CA1;CAB;CBC,converted-and-verified,manual,label
1250,1581,15773,multiple-choice,single,obsidian-quiz-blocks,radio,a,CA1;CAB;CBC,converted-and-verified,manual,label
1250,1585,51219,multiple-choice,single,obsidian-quiz-blocks,radio,c,CA1;CAB;CBC,converted-and-verified,manual,label
1250,1585,19085,multiple-choice,single,obsidian-quiz-blocks,radio,b,CA1;CAB;CBC,converted-and-verified,manual,label
1250,38636,144824,multiple-choice,single,obsidian-quiz-blocks,radio,e,CA1;CAB;CBC,converted-and-verified,manual,label
1250,38636,144825,multiple-choice,single,obsidian-quiz-blocks,radio,c,CA1;CAB;CBC,converted-and-verified,manual,label
1262,425,36699,multiple-choice,single,obsidian-quiz-blocks,radio,a,CAB;CBC;CA1;MF2,converted-and-verified,manual,label
1262,425,36702,multiple-choice,single,obsidian-quiz-blocks,radio,e,CAB;CBC;CA1;MF2,converted-and-verified,manual,label
1262,428,36707,multiple-choice,single,obsidian-quiz-blocks,radio,d,CAB;CBC;CA1;MF2,converted-and-verified,manual,label
1262,428,36703,multiple-choice,single,obsidian-quiz-blocks,radio,e,CAB;CBC;CA1;MF2,converted-and-verified,manual,label
1262,431,36716,multiple-choice,single,obsidian-quiz-blocks,radio,a,CAB;CBC;CA1;MF2,converted-and-verified,manual,label
1262,431,36691,multiple-choice,single,obsidian-quiz-blocks,radio,d,CAB;CBC;CA1;MF2,converted-and-verified,manual,label
1262,433,36714,multiple-choice,single,obsidian-quiz-blocks,radio,c,CAB;CBC;CA1;MF2,converted-and-verified,manual,label
1262,433,36709,multiple-choice,single,obsidian-quiz-blocks,radio,e,CAB;CBC;CA1;MF2,converted-and-verified,manual,label
1263,354,35196,multiple-choice,single,obsidian-quiz-blocks,radio,d,CAB;CBC;CA1;MF2,converted-and-verified,manual,label
1263,354,35378,multiple-choice,single,obsidian-quiz-blocks,radio,c,CAB;CBC;CA1;MF2,converted-and-verified,manual,label
1263,358,35241,multiple-choice,single,obsidian-quiz-blocks,radio,a,CAB;CBC;CA1;MF2,converted-and-verified,manual,label
1263,358,35192,multiple-choice,single,obsidian-quiz-blocks,radio,a,CAB;CBC;CA1;MF2,converted-and-verified,manual,label
1263,364,54411,multiple-choice,single,obsidian-quiz-blocks,radio,d,CAB;CBC;CA1;MF2,converted-and-verified,manual,label
1263,364,3756,multiple-choice,single,obsidian-quiz-blocks,radio,d,CAB;CBC;CA1;MF2,converted-and-verified,manual,label
1263,12016,35197,multiple-choice,single,obsidian-quiz-blocks,radio,d,CAB;CBC;CA1;MF2,converted-and-verified,manual,label
1263,12016,65470,multiple-choice,single,obsidian-quiz-blocks,radio,e,CAB;CBC;CA1;MF2,converted-and-verified,manual,label
1276,2044,19586,multiple-choice,single,obsidian-quiz-blocks,radio,e,CA2;CAB;CBC,converted-and-verified,manual,label
1276,2044,50693,multiple-choice,single,obsidian-quiz-blocks,radio,c,CA2;CAB;CBC,converted-and-verified,manual,label
1276,2047,19537,multiple-choice,single,obsidian-quiz-blocks,radio,c,CA2;CAB;CBC,converted-and-verified,manual,label
1276,2047,50445,multiple-choice,single,obsidian-quiz-blocks,radio,c,CA2;CAB;CBC,converted-and-verified,manual,label
1276,2051,19733,multiple-choice,single,obsidian-quiz-blocks,radio,c,CA2;CAB;CBC,converted-and-verified,manual,label
1276,2051,50684,multiple-choice,single,obsidian-quiz-blocks,radio,d,CA2;CAB;CBC,converted-and-verified,manual,label
1276,27058,19875,multiple-choice,single,obsidian-quiz-blocks,radio,d,CA2;CAB;CBC,converted-and-verified,manual,label
1276,27058,19878,multiple-choice,single,obsidian-quiz-blocks,radio,b,CA2;CAB;CBC,converted-and-verified,manual,label
1280,2054,19402,multiple-choice,single,obsidian-quiz-blocks,radio,a,CA2;CAB;CBC,converted-and-verified,manual,label
1280,2054,50784,multiple-choice,single,obsidian-quiz-blocks,radio,c,CA2;CAB;CBC,converted-and-verified,manual,label
1280,2059,18869,multiple-choice,single,obsidian-quiz-blocks,radio,e,CA2;CAB;CBC,converted-and-verified,manual,label
1280,2059,50783,multiple-choice,single,obsidian-quiz-blocks,radio,e,CA2;CAB;CBC,converted-and-verified,manual,label
1280,27337,19589,multiple-choice,single,obsidian-quiz-blocks,radio,d,CA2;CAB;CBC,converted-and-verified,manual,label
1280,27337,4872,multiple-choice,single,obsidian-quiz-blocks,radio,c,CA2;CAB;CBC,converted-and-verified,manual,label
1280,27338,19811,multiple-choice,single,obsidian-quiz-blocks,radio,a,CA2;CAB;CBC,converted-and-verified,manual,label
1280,27338,50776,multiple-choice,single,obsidian-quiz-blocks,radio,b,CA2;CAB;CBC,converted-and-verified,manual,label
1281,1412,74324,multiple-choice,single,obsidian-quiz-blocks,radio,d,CAB;CBC;MF3;CA1,converted-and-verified,manual,label
1281,1412,4411,multiple-choice,single,obsidian-quiz-blocks,radio,c,CAB;CBC;MF3;CA1,converted-and-verified,manual,label
1281,1420,49111,multiple-choice,single,obsidian-quiz-blocks,radio,b,CAB;CBC;MF3;CA1,converted-and-verified,manual,label
1281,1420,49107,multiple-choice,single,obsidian-quiz-blocks,radio,c,CAB;CBC;MF3;CA1,converted-and-verified,manual,label
1281,26749,49090,multiple-choice,single,obsidian-quiz-blocks,radio,d,CAB;CBC;MF3;CA1,converted-and-verified,manual,label
1281,26749,74343,multiple-choice,single,obsidian-quiz-blocks,radio,d,CAB;CBC;MF3;CA1,converted-and-verified,manual,label
1281,26752,49117,multiple-choice,single,obsidian-quiz-blocks,radio,d,CAB;CBC;MF3;CA1,converted-and-verified,image-id,answer-image-id-1
1281,26752,49120,multiple-choice,single,obsidian-quiz-blocks,radio,c,CAB;CBC;MF3;CA1,converted-and-verified,image-id,answer-image-id-1
1282,41305,72542,multiple-choice,single,obsidian-quiz-blocks,radio,e,CAB;CBC;CA1,converted-and-verified,manual,label
1282,41305,72538,multiple-choice,single,obsidian-quiz-blocks,radio,b,CAB;CBC;CA1,converted-and-verified,manual,label
1282,41305,48727,multiple-choice,single,obsidian-quiz-blocks,radio,a,CAB;CBC;CA1,converted-and-verified,manual,label
1282,41308,16094,multiple-choice,single,obsidian-quiz-blocks,radio,b,CAB;CBC;CA1,converted-and-verified,manual,label
1282,41308,16092,multiple-choice,single,obsidian-quiz-blocks,radio,b,CAB;CBC;CA1,converted-and-verified,manual,label
1282,41413,98943,multiple-choice,single,obsidian-quiz-blocks,radio,c,CAB;CBC;CA1,converted-and-verified,manual,label
1282,41413,48880,multiple-choice,single,obsidian-quiz-blocks,radio,d,CAB;CBC;CA1,converted-and-verified,manual,label
1282,41416,48998,multiple-choice,single,obsidian-quiz-blocks,radio,e,CAB;CBC;CA1,converted-and-verified,manual,label
1282,41416,72255,multiple-choice,single,obsidian-quiz-blocks,radio,b,CAB;CBC;CA1,converted-and-verified,manual,label
1345,2226,20905,multiple-choice,single,obsidian-quiz-blocks,radio,e,CA2;CBC,converted-and-verified,manual,label
1345,2226,20764,multiple-choice,single,obsidian-quiz-blocks,radio,e,CA2;CBC,converted-and-verified,manual,label
1345,2228,20901,multiple-choice,single,obsidian-quiz-blocks,radio,b,CA2;CBC,converted-and-verified,manual,label
1345,2228,20799,multiple-choice,single,obsidian-quiz-blocks,radio,e,CA2;CBC,converted-and-verified,manual,label
1345,35741,20768,multiple-choice,single,obsidian-quiz-blocks,radio,d,CA2;CBC,converted-and-verified,manual,label
1345,35741,124423,multiple-choice,single,obsidian-quiz-blocks,radio,a,CA2;CBC,converted-and-verified,manual,label
1359,12783,18227,multiple-choice,single,obsidian-quiz-blocks,radio,b,CA1;CAB;CBC,converted-and-verified,manual,label
1359,12783,16039,multiple-choice,single,obsidian-quiz-blocks,radio,a,CA1;CAB;CBC,converted-and-verified,manual,label
1359,12790,21021,multiple-choice,single,obsidian-quiz-blocks,radio,d,CA1;CAB;CBC;MF3,converted-and-verified,manual,label
1359,12790,21029,multiple-choice,single,obsidian-quiz-blocks,radio,a,CA1;CAB;CBC;MF3,converted-and-verified,manual,label
1359,12793,48592,multiple-choice,single,obsidian-quiz-blocks,radio,e,CA1;CAB;CBC;MF3,converted-and-verified,manual,label
1359,12793,21018,multiple-choice,single,obsidian-quiz-blocks,radio,e,CA1;CAB;CBC;MF3,converted-and-verified,manual,label
1359,12796,49005,multiple-choice,single,obsidian-quiz-blocks,radio,e,CA1;CAB;CBC,converted-and-verified,manual,label
1359,12796,48996,multiple-choice,single,obsidian-quiz-blocks,radio,e,CA1;CAB;CBC,converted-and-verified,manual,label
1360,12786,78915,multiple-choice,single,obsidian-quiz-blocks,radio,d,CA1;CAB;CBC;MF3,converted-and-verified,manual,label
1360,12786,21455,multiple-choice,single,obsidian-quiz-blocks,radio,e,CA1;CAB;CBC;MF3,converted-and-verified,manual,label
1360,12787,21465,multiple-choice,single,obsidian-quiz-blocks,radio,c,CA1;CAB;CBC;MF3,converted-and-verified,manual,label
1360,12787,49030,multiple-choice,single,obsidian-quiz-blocks,radio,e,CA1;CAB;CBC;MF3,converted-and-verified,manual,label
1360,12788,22810,multiple-choice,single,obsidian-quiz-blocks,radio,d,CA1;CAB;CBC;MF3,converted-and-verified,manual,label
1360,12788,49022,multiple-choice,single,obsidian-quiz-blocks,radio,a,CA1;CAB;CBC;MF3,converted-and-verified,manual,label
1361,1360,29934,multiple-choice,single,obsidian-quiz-blocks,radio,a,CA1;CAB;CBC;MF2,converted-and-verified,manual,label
1361,1360,49097,multiple-choice,single,obsidian-quiz-blocks,radio,a,CA1;CAB;CBC;MF2,converted-and-verified,manual,label
1361,1363,29857,multiple-choice,single,obsidian-quiz-blocks,radio,d,CA1;CAB;CBC;MF2,converted-and-verified,manual,label
1361,1363,29836,multiple-choice,single,obsidian-quiz-blocks,radio,e,CA1;CAB;CBC;MF2,converted-and-verified,manual,label
1361,1367,49096,multiple-choice,single,obsidian-quiz-blocks,radio,c,CA1;CAB;CBC;MF2,converted-and-verified,manual,label
1361,1367,15717,multiple-choice,single,obsidian-quiz-blocks,radio,a,CA1;CAB;CBC;MF2,converted-and-verified,manual,label
1362,31128,95672,multiple-choice,single,obsidian-quiz-blocks,radio,b,CA1,converted-and-verified,manual,label
1362,31128,95231,multiple-choice,single,obsidian-quiz-blocks,radio,a,CA1,converted-and-verified,manual,label
1362,31129,95278,multiple-choice,single,obsidian-quiz-blocks,radio,b,CA1,converted-and-verified,manual,label
1362,31129,95234,multiple-choice,single,obsidian-quiz-blocks,radio,c,CA1,converted-and-verified,manual,label
1362,31130,95320,multiple-choice,single,obsidian-quiz-blocks,radio,d,CA1,converted-and-verified,manual,label
1362,31130,95235,multiple-choice,single,obsidian-quiz-blocks,radio,d,CA1,converted-and-verified,manual,label
1362,31133,95686,multiple-choice,single,obsidian-quiz-blocks,radio,a,CA1,converted-and-verified,manual,label
1362,31133,95232,multiple-choice,single,obsidian-quiz-blocks,radio,c,CA1,converted-and-verified,manual,label
1377,15582,54465,multiple-choice,single,obsidian-quiz-blocks,radio,d,CAB;CBC;CA1;MF2,converted-and-verified,manual,label
1377,15582,54492,multiple-choice,single,obsidian-quiz-blocks,radio,b,CAB;CBC;CA1;MF2,converted-and-verified,manual,label
1377,15585,54458,multiple-choice,single,obsidian-quiz-blocks,radio,c,CAB;CBC;CA1;MF2,converted-and-verified,manual,label
1377,15585,54463,multiple-choice,single,obsidian-quiz-blocks,radio,b,CAB;CBC;CA1;MF2,converted-and-verified,manual,label
1377,15586,54451,multiple-choice,single,obsidian-quiz-blocks,radio,a,CAB;CBC;CA1;MF2,converted-and-verified,manual,label
1377,15586,54452,multiple-choice,single,obsidian-quiz-blocks,radio,a,CAB;CBC;CA1;MF2,converted-and-verified,manual,label
1377,15587,54515,multiple-choice,single,obsidian-quiz-blocks,radio,b,CAB;CBC;CA1;MF2,converted-and-verified,manual,label
1377,15587,54454,multiple-choice,single,obsidian-quiz-blocks,radio,b,CAB;CBC;CA1;MF2,converted-and-verified,manual,label
1382,618350,51075,multiple-choice,single,obsidian-quiz-blocks,radio,a,CA2;CBC,converted-and-verified,manual,label
1382,618350,81373,multiple-choice,single,obsidian-quiz-blocks,radio,b,CA2;CBC,converted-and-verified,manual,label
1382,618354,20801,multiple-choice,single,obsidian-quiz-blocks,radio,e,CA2;CBC,converted-and-verified,manual,label
1382,618354,20705,multiple-choice,single,obsidian-quiz-blocks,radio,e,CA2;CBC,converted-and-verified,manual,label
1382,618357,81168,multiple-choice,single,obsidian-quiz-blocks,radio,d,CA2;CBC,converted-and-verified,manual,label
1382,618357,30967,multiple-choice,single,obsidian-quiz-blocks,radio,a,CA2;CBC,converted-and-verified,manual,label
1384,2652,54267,multiple-choice,single,obsidian-quiz-blocks,radio,e,CAB;CBC;CA1,converted-and-verified,manual,label
1384,2652,54266,multiple-choice,single,obsidian-quiz-blocks,radio,c,CAB;CBC;CA1,converted-and-verified,manual,label
1384,2654,54272,multiple-choice,single,obsidian-quiz-blocks,radio,a,CAB;CBC;CA1,converted-and-verified,manual,label
1384,2654,54270,multiple-choice,single,obsidian-quiz-blocks,radio,a,CAB;CBC;CA1,converted-and-verified,manual,label
1384,2656,54354,multiple-choice,single,obsidian-quiz-blocks,radio,c,CAB;CBC;CA1,converted-and-verified,manual,label
1384,2656,54352,multiple-choice,single,obsidian-quiz-blocks,radio,c,CAB;CBC;CA1,converted-and-verified,manual,label
1384,2660,54308,multiple-choice,single,obsidian-quiz-blocks,radio,d,CAB;CBC;CA1,converted-and-verified,manual,label
1384,2660,54349,multiple-choice,single,obsidian-quiz-blocks,radio,c,CAB;CBC;CA1,converted-and-verified,manual,label
1432,13448,54483,multiple-choice,single,obsidian-quiz-blocks,radio,a,CA1;CAB;CBC,converted-and-verified,manual,label
1432,13448,54475,multiple-choice,single,obsidian-quiz-blocks,radio,b,CA1;CAB;CBC,converted-and-verified,manual,label
1432,13449,54527,multiple-choice,single,obsidian-quiz-blocks,radio,c,CA1;CAB;CBC,converted-and-verified,manual,label
1432,13449,54478,multiple-choice,single,obsidian-quiz-blocks,radio,b,CA1;CAB;CBC,converted-and-verified,manual,label
1432,13450,54482,multiple-choice,single,obsidian-quiz-blocks,radio,d,CA1;CAB;CBC,converted-and-verified,manual,label
1432,13450,54513,multiple-choice,single,obsidian-quiz-blocks,radio,d,CA1;CAB;CBC,converted-and-verified,manual,label
1677,2073,81671,multiple-choice,single,obsidian-quiz-blocks,radio,c,CA2;CAB;CBC,converted-and-verified,manual,label
1677,2073,81663,multiple-choice,single,obsidian-quiz-blocks,radio,a,CA2;CAB;CBC,converted-and-verified,manual,label
1677,2078,50084,multiple-choice,single,obsidian-quiz-blocks,radio,b,CA2;CAB;CBC,converted-and-verified,manual,label
1677,2078,50015,multiple-choice,single,obsidian-quiz-blocks,radio,e,CA2;CAB;CBC,converted-and-verified,manual,label
1677,26335,50014,multiple-choice,single,obsidian-quiz-blocks,radio,a,CA2;CAB;CBC,converted-and-verified,manual,label
1677,26335,50003,multiple-choice,single,obsidian-quiz-blocks,radio,c,CA2;CAB;CBC,converted-and-verified,manual,label
1677,26336,49892,multiple-choice,single,obsidian-quiz-blocks,radio,c,CA2;CAB;CBC,converted-and-verified,manual,label
1677,26336,49888,multiple-choice,single,obsidian-quiz-blocks,radio,c,CA2;CAB;CBC,converted-and-verified,manual,label
1685,1480,65996,multiple-choice,single,obsidian-quiz-blocks,radio,e,CA1;CAB;CBC,converted-and-verified,manual,label
1685,1480,65997,multiple-choice,single,obsidian-quiz-blocks,radio,c,CA1;CAB;CBC,converted-and-verified,manual,label
1685,1483,17842,multiple-choice,single,obsidian-quiz-blocks,radio,a,CA1;CAB;CBC,converted-and-verified,manual,label
1685,1483,2006,multiple-choice,single,obsidian-quiz-blocks,radio,b,CA1;CAB;CBC,converted-and-verified,manual,label
1685,1486,2167,multiple-choice,single,obsidian-quiz-blocks,radio,b,CA1;CAB;CBC,converted-and-verified,manual,label
1685,1486,51064,multiple-choice,single,obsidian-quiz-blocks,radio,e,CA1;CAB;CBC,converted-and-verified,manual,label
1685,1488,29781,multiple-choice,single,obsidian-quiz-blocks,radio,c,CA1;CAB;CBC,converted-and-verified,manual,label
1685,1488,29784,multiple-choice,single,obsidian-quiz-blocks,radio,d,CA1;CAB;CBC,converted-and-verified,manual,label
1686,12345,1889,multiple-choice,single,obsidian-quiz-blocks,radio,e,CAB;CBC;CA1;MF2,converted-and-verified,manual,label
1686,12345,31283,multiple-choice,single,obsidian-quiz-blocks,radio,c,CAB;CBC;CA1;MF2,converted-and-verified,manual,label
1686,12346,17639,multiple-choice,single,obsidian-quiz-blocks,radio,a,CAB;CBC;CA1;MF2,converted-and-verified,manual,label
1686,12346,31279,multiple-choice,single,obsidian-quiz-blocks,radio,e,CAB;CBC;CA1;MF2,converted-and-verified,manual,label
1686,12347,1892,multiple-choice,single,obsidian-quiz-blocks,radio,a,CAB;CBC;CA1;MF2,converted-and-verified,manual,label
1686,12347,31280,multiple-choice,single,obsidian-quiz-blocks,radio,d,CAB;CBC;CA1;MF2,converted-and-verified,manual,label
1686,12348,1886,multiple-choice,single,obsidian-quiz-blocks,radio,a,CAB;CBC;CA1;MF2,converted-and-verified,manual,label
1686,12348,1905,multiple-choice,single,obsidian-quiz-blocks,radio,a,CAB;CBC;CA1;MF2,converted-and-verified,manual,label
1691,616,47684,multiple-choice,single,obsidian-quiz-blocks,radio,d,CAB;CBC;MF3;CA1,converted-and-verified,manual,label
1691,616,47683,multiple-choice,single,obsidian-quiz-blocks,radio,c,CAB;CBC;MF3;CA1,converted-and-verified,manual,label
1691,619,47678,multiple-choice,single,obsidian-quiz-blocks,radio,b,CAB;CBC;MF3;CA1,converted-and-verified,manual,label
1691,619,47367,multiple-choice,single,obsidian-quiz-blocks,radio,e,CAB;CBC;MF3;CA1,converted-and-verified,manual,label
1691,623,47650,multiple-choice,single,obsidian-quiz-blocks,radio,a,CAB;CBC;MF3;CA1,converted-and-verified,manual,label
1691,623,47669,multiple-choice,single,obsidian-quiz-blocks,radio,b,CAB;CBC;MF3;CA1,converted-and-verified,image-id,answer-image-id-1
1716,312,35389,multiple-choice,single,obsidian-quiz-blocks,radio,e,CA1;CAB;CBC;MF2,converted-and-verified,manual,label
1716,312,35058,multiple-choice,single,obsidian-quiz-blocks,radio,d,CA1;CAB;CBC;MF2,converted-and-verified,manual,label
1716,317,35056,multiple-choice,single,obsidian-quiz-blocks,radio,a,CA1;CAB;CBC;MF2,converted-and-verified,manual,label
1716,317,35055,multiple-choice,single,obsidian-quiz-blocks,radio,d,CA1;CAB;CBC;MF2,converted-and-verified,manual,label
1716,320,35398,multiple-choice,single,obsidian-quiz-blocks,radio,c,CA1;CAB;CBC;MF2,converted-and-verified,manual,label
1716,320,35397,multiple-choice,single,obsidian-quiz-blocks,radio,b,CA1;CAB;CBC;MF2,converted-and-verified,manual,label
1716,322,35395,multiple-choice,single,obsidian-quiz-blocks,radio,a,CA1;CAB;CBC;MF2,converted-and-verified,manual,label
1716,322,35390,multiple-choice,single,obsidian-quiz-blocks,radio,a,CA1;CAB;CBC;MF2,converted-and-verified,manual,label
1717,586016,47069,multiple-choice,single,obsidian-quiz-blocks,radio,d,CAB;CBC;CA1;MF2,converted-and-verified,manual,label
1717,586016,36435,multiple-choice,single,obsidian-quiz-blocks,radio,a,CAB;CBC;CA1;MF2,converted-and-verified,manual,label
1717,586020,54486,multiple-choice,single,obsidian-quiz-blocks,radio,a,CAB;CBC;CA1;MF2,converted-and-verified,manual,label
1717,586020,47080,multiple-choice,single,obsidian-quiz-blocks,radio,a,CAB;CBC;CA1;MF2,converted-and-verified,manual,label
1717,586023,47071,multiple-choice,single,obsidian-quiz-blocks,radio,a,CAB;CBC;CA1;MF2,converted-and-verified,manual,label
1717,586023,47081,multiple-choice,single,obsidian-quiz-blocks,radio,a,CAB;CBC;CA1;MF2,converted-and-verified,manual,label
1719,12175,17287,multiple-choice,single,obsidian-quiz-blocks,radio,e,CAB;CBC;CA1;MF2,converted-and-verified,manual,label
1719,12175,4456,multiple-choice,single,obsidian-quiz-blocks,radio,c,CAB;CBC;CA1;MF2,converted-and-verified,manual,label
1719,12176,47007,multiple-choice,single,obsidian-quiz-blocks,radio,d,CAB;CBC;CA1;MF2,converted-and-verified,manual,label
1719,12176,47045,multiple-choice,single,obsidian-quiz-blocks,radio,b,CAB;CBC;CA1;MF2,converted-and-verified,manual,label
1719,12180,47044,multiple-choice,single,obsidian-quiz-blocks,radio,b,CAB;CBC;CA1;MF2,converted-and-verified,manual,label
1719,12180,47008,multiple-choice,single,obsidian-quiz-blocks,radio,c,CAB;CBC;CA1;MF2,converted-and-verified,manual,label
1719,12181,47049,multiple-choice,single,obsidian-quiz-blocks,radio,c,CAB;CBC;CA1;MF2,converted-and-verified,manual,label
1719,12181,47047,multiple-choice,single,obsidian-quiz-blocks,radio,c,CAB;CBC;CA1;MF2,converted-and-verified,manual,label
1721,852,31790,multiple-choice,single,obsidian-quiz-blocks,radio,c,CA1;CAB;CBC;MF3,converted-and-verified,manual,label
1721,852,31939,multiple-choice,single,obsidian-quiz-blocks,radio,a,CA1;CAB;CBC;MF3,converted-and-verified,manual,label
1721,855,19070,multiple-choice,single,obsidian-quiz-blocks,radio,c,CA1;CAB;CBC;MF3,converted-and-verified,manual,label
1721,855,2487,multiple-choice,single,obsidian-quiz-blocks,radio,b,CA1;CAB;CBC;MF3,converted-and-verified,manual,label
1721,857,19066,multiple-choice,single,obsidian-quiz-blocks,radio,b,CA1;CAB;CBC;MF3,converted-and-verified,manual,label
1721,857,19081,multiple-choice,single,obsidian-quiz-blocks,radio,e,CA1;CAB;CBC;MF3,converted-and-verified,manual,label
1721,859,31949,multiple-choice,single,obsidian-quiz-blocks,radio,c,CA1;CAB;CBC;MF3,converted-and-verified,manual,label
1721,859,32000,multiple-choice,single,obsidian-quiz-blocks,radio,d,CA1;CAB;CBC;MF3,converted-and-verified,manual,label
1784,44887,32703,multiple-choice,single,obsidian-quiz-blocks,radio,d,CAB;CBC;CA1;MF3,converted-and-verified,manual,label
1784,44887,32705,multiple-choice,single,obsidian-quiz-blocks,radio,c,CAB;CBC;CA1;MF3,converted-and-verified,manual,label
1784,44890,32589,multiple-choice,single,obsidian-quiz-blocks,radio,c,CAB;CBC;CA1;MF3,converted-and-verified,manual,label
1784,44890,32595,multiple-choice,single,obsidian-quiz-blocks,radio,e,CAB;CBC;CA1;MF3,converted-and-verified,manual,label
1784,44893,32596,multiple-choice,single,obsidian-quiz-blocks,radio,b,CAB;CBC;CA1;MF3,converted-and-verified,manual,label
1784,44893,72147,multiple-choice,single,obsidian-quiz-blocks,radio,d,CAB;CBC;CA1;MF3,converted-and-verified,manual,label
1785,827,3303,multiple-choice,single,obsidian-quiz-blocks,radio,c,CAB;CBC;CA1;MF3,converted-and-verified,manual,label
1785,827,32629,multiple-choice,single,obsidian-quiz-blocks,radio,e,CAB;CBC;CA1;MF3,converted-and-verified,manual,label
1785,831,32637,multiple-choice,single,obsidian-quiz-blocks,radio,a,CAB;CBC;CA1;MF3,converted-and-verified,manual,label
1785,831,32586,multiple-choice,single,obsidian-quiz-blocks,radio,e,CAB;CBC;CA1;MF3,converted-and-verified,manual,label
1813,445,14547,multiple-choice,single,obsidian-quiz-blocks,radio,e,CAB;CBC;CA1;MF2,converted-and-verified,manual,label
1813,445,4462,multiple-choice,single,obsidian-quiz-blocks,radio,a,CAB;CBC;CA1;MF2,converted-and-verified,manual,label
1813,448,36278,multiple-choice,single,obsidian-quiz-blocks,radio,a,CAB;CBC;CA1;MF2,converted-and-verified,manual,label
1813,448,36277,multiple-choice,single,obsidian-quiz-blocks,radio,e,CAB;CBC;CA1;MF2,converted-and-verified,manual,label
1813,451,36275,multiple-choice,single,obsidian-quiz-blocks,radio,b,CAB;CBC;CA1;MF2,converted-and-verified,manual,label
1813,451,14391,multiple-choice,single,obsidian-quiz-blocks,radio,e,CAB;CBC;CA1;MF2,converted-and-verified,manual,label
1814,295,35510,multiple-choice,single,obsidian-quiz-blocks,radio,a,CAB;CBC;CA1;MF2,converted-and-verified,manual,label
1814,295,35501,multiple-choice,single,obsidian-quiz-blocks,radio,c,CAB;CBC;CA1;MF2,converted-and-verified,manual,label
1814,299,35511,multiple-choice,single,obsidian-quiz-blocks,radio,e,CAB;CBC;CA1;MF2,converted-and-verified,manual,label
1814,299,35499,multiple-choice,single,obsidian-quiz-blocks,radio,b,CAB;CBC;CA1;MF2,converted-and-verified,manual,label
1815,486584,47852,multiple-choice,single,obsidian-quiz-blocks,radio,b,CAB;CBC;CA1;MF3,converted-and-verified,manual,label
1815,486584,47859,multiple-choice,single,obsidian-quiz-blocks,radio,b,CAB;CBC;CA1;MF3,converted-and-verified,manual,label
1815,486587,37066,multiple-choice,single,obsidian-quiz-blocks,radio,d,CAB;CBC;CA1;MF3,converted-and-verified,manual,label
1815,486587,73011,multiple-choice,single,obsidian-quiz-blocks,radio,e,CAB;CBC;CA1;MF3,converted-and-verified,manual,label
1815,486590,37070,multiple-choice,single,obsidian-quiz-blocks,radio,d,CAB;CBC;CA1;MF3,converted-and-verified,manual,label
1815,486590,4631,multiple-choice,single,obsidian-quiz-blocks,radio,a,CAB;CBC;CA1;MF3,converted-and-verified,manual,label
1815,486593,37072,multiple-choice,single,obsidian-quiz-blocks,radio,c,CAB;CBC;CA1;MF3,converted-and-verified,manual,label
1815,486593,36811,multiple-choice,single,obsidian-quiz-blocks,radio,c,CAB;CBC;CA1;MF3,converted-and-verified,manual,label
1831,37064,138697,multiple-choice,single,obsidian-quiz-blocks,radio,b,CA1,converted-and-verified,image-id,answer-image-id-1
1831,37064,138698,multiple-choice,single,obsidian-quiz-blocks,radio,b,CA1,converted-and-verified,manual,label
1831,37067,138699,multiple-choice,single,obsidian-quiz-blocks,radio,e,CA1,converted-and-verified,image-id,answer-image-id-1
1831,37067,138702,multiple-choice,single,obsidian-quiz-blocks,radio,b,CA1,converted-and-verified,manual,label
1831,37072,138704,multiple-choice,single,obsidian-quiz-blocks,radio,d,CA1,converted-and-verified,image-id,answer-image-id-1
1831,37072,138707,multiple-choice,single,obsidian-quiz-blocks,radio,b,CA1,converted-and-verified,manual,label
1832,38176,143725,multiple-choice,single,obsidian-quiz-blocks,radio,c,CAB;CBC,converted-and-verified,manual,label
1832,38176,143726,multiple-choice,single,obsidian-quiz-blocks,radio,b,CAB;CBC,converted-and-verified,manual,label
1832,38179,143727,multiple-choice,single,obsidian-quiz-blocks,radio,a,CAB;CBC,converted-and-verified,manual,label
1832,38179,143731,multiple-choice,single,obsidian-quiz-blocks,radio,d,CAB;CBC,converted-and-verified,manual,label
1832,38182,143732,multiple-choice,single,obsidian-quiz-blocks,radio,e,CAB;CBC,converted-and-verified,manual,label
1832,38182,144052,multiple-choice,single,obsidian-quiz-blocks,radio,c,CAB;CBC,converted-and-verified,manual,label
1832,38182,143733,multiple-choice,single,obsidian-quiz-blocks,radio,c,CAB;CBC,converted-and-verified,manual,label
1832,38185,144139,multiple-choice,single,obsidian-quiz-blocks,radio,a,CAB;CBC,converted-and-verified,manual,label
1832,38185,143735,multiple-choice,single,obsidian-quiz-blocks,radio,e,CAB;CBC,converted-and-verified,manual,label
1873,286,47580,multiple-choice,single,obsidian-quiz-blocks,radio,c,CAB;CBC;CA1;MF2,converted-and-verified,manual,label
1873,286,35809,multiple-choice,single,obsidian-quiz-blocks,radio,c,CAB;CBC;CA1;MF2,converted-and-verified,manual,label
1873,11991,35817,multiple-choice,single,obsidian-quiz-blocks,radio,b,CAB;CBC;CA1;MF2,converted-and-verified,manual,label
1873,11991,35042,multiple-choice,single,obsidian-quiz-blocks,radio,c,CAB;CBC;CA1;MF2,converted-and-verified,manual,label
1903,472,35720,multiple-choice,single,obsidian-quiz-blocks,radio,d,CAB;CBC;CA1;MF3,converted-and-verified,manual,label
1903,472,3759,multiple-choice,single,obsidian-quiz-blocks,radio,c,CAB;CBC;CA1;MF3,converted-and-verified,manual,label
1903,475,3761,multiple-choice,single,obsidian-quiz-blocks,radio,d,CAB;CBC;CA1;MF3,converted-and-verified,manual,label
1903,475,3949,multiple-choice,single,obsidian-quiz-blocks,radio,c,CAB;CBC;CA1;MF3,converted-and-verified,manual,label
1903,478,35828,multiple-choice,single,obsidian-quiz-blocks,radio,b,CAB;CBC;CA1;MF3,converted-and-verified,manual,label
1903,478,35763,multiple-choice,single,obsidian-quiz-blocks,radio,b,CAB;CBC;CA1;MF3,converted-and-verified,manual,label
1903,480,35834,multiple-choice,single,obsidian-quiz-blocks,radio,a,CAB;CBC;CA1;MF3,converted-and-verified,manual,label
1903,480,35832,multiple-choice,single,obsidian-quiz-blocks,radio,e,CAB;CBC;CA1;MF3,converted-and-verified,manual,label
1905,370,36454,multiple-choice,single,obsidian-quiz-blocks,radio,b,CAB;CBC;CA1;MF2,converted-and-verified,manual,label
1905,370,3930,multiple-choice,single,obsidian-quiz-blocks,radio,c,CAB;CBC;CA1;MF2,converted-and-verified,manual,label
1905,375,36098,multiple-choice,single,obsidian-quiz-blocks,radio,c,CAB;CBC;CA1;MF2,converted-and-verified,manual,label
1905,375,46972,multiple-choice,single,obsidian-quiz-blocks,radio,c,CAB;CBC;CA1;MF2,converted-and-verified,manual,label
1905,2644,54436,multiple-choice,single,obsidian-quiz-blocks,radio,a,CAB;CBC;CA1;MF2,converted-and-verified,manual,label
1905,2644,67509,multiple-choice,single,obsidian-quiz-blocks,radio,d,CAB;CBC;CA1;MF2,converted-and-verified,manual,label
1905,2645,67574,multiple-choice,single,obsidian-quiz-blocks,radio,d,CAB;CBC;CA1;MF2,converted-and-verified,manual,label
1905,2645,35089,multiple-choice,single,obsidian-quiz-blocks,radio,c,CAB;CBC;CA1;MF2,converted-and-verified,manual,label
1914,330,54403,multiple-choice,single,obsidian-quiz-blocks,radio,a,CAB;CBC;CA1;MF2,converted-and-verified,manual,label
1914,330,17153,multiple-choice,single,obsidian-quiz-blocks,radio,b,CAB;CBC;CA1;MF2,converted-and-verified,manual,label
1914,12000,34867,multiple-choice,single,obsidian-quiz-blocks,radio,e,CAB;CBC;CA1;MF2,converted-and-verified,manual,label
1914,12000,4455,multiple-choice,single,obsidian-quiz-blocks,radio,e,CAB;CBC;CA1;MF2,converted-and-verified,manual,label
1958,584183,67610,multiple-choice,single,obsidian-quiz-blocks,radio,d,CAB;CBC;CA1;MF2,converted-and-verified,manual,label
1958,584183,47038,multiple-choice,single,obsidian-quiz-blocks,radio,e,CAB;CBC;CA1;MF2,converted-and-verified,manual,label
1958,584187,67609,multiple-choice,single,obsidian-quiz-blocks,radio,a,CAB;CBC;CA1;MF2,converted-and-verified,manual,label
1958,584187,47036,multiple-choice,single,obsidian-quiz-blocks,radio,c,CAB;CBC;CA1;MF2,converted-and-verified,manual,label
1958,584191,67611,multiple-choice,single,obsidian-quiz-blocks,radio,c,CAB;CBC;CA1;MF2,converted-and-verified,manual,label
1958,584191,47041,multiple-choice,single,obsidian-quiz-blocks,radio,c,CAB;CBC;CA1;MF2,converted-and-verified,manual,label
1986,393,3922,multiple-choice,single,obsidian-quiz-blocks,radio,e,CAB;CBC;CA1;MF2,converted-and-verified,manual,label
1986,393,54442,multiple-choice,single,obsidian-quiz-blocks,radio,c,CAB;CBC;CA1;MF2,converted-and-verified,manual,label
1986,397,35864,multiple-choice,single,obsidian-quiz-blocks,radio,c,CAB;CBC;CA1;MF2,converted-and-verified,manual,label
1986,397,46982,multiple-choice,single,obsidian-quiz-blocks,radio,a,CAB;CBC;CA1;MF2,converted-and-verified,manual,label
1986,400,46991,multiple-choice,single,obsidian-quiz-blocks,radio,e,CAB;CBC;CA1;MF2,converted-and-verified,manual,label
1986,400,16390,multiple-choice,single,obsidian-quiz-blocks,radio,b,CAB;CBC;CA1;MF2,converted-and-verified,manual,label
1986,2666,46989,multiple-choice,single,obsidian-quiz-blocks,radio,b,CAB;CBC;CA1;MF2,converted-and-verified,manual,label
1986,2666,46992,multiple-choice,single,obsidian-quiz-blocks,radio,c,CAB;CBC;CA1;MF2,converted-and-verified,manual,label
1994,33265,104502,multiple-choice,single,obsidian-quiz-blocks,radio,c,CA2;MVC;PS2,converted-and-verified,manual,label
1994,33265,104492,multiple-choice,single,obsidian-quiz-blocks,radio,e,CA2;MVC;PS2,converted-and-verified,manual,label
1994,33278,108985,multiple-choice,single,obsidian-quiz-blocks,radio,e,CA2;MVC;PS2,converted-and-verified,manual,label
1994,33278,109325,multiple-choice,single,obsidian-quiz-blocks,radio,d,CA2;MVC;PS2,converted-and-verified,manual,label
1994,33991,104533,multiple-choice,single,obsidian-quiz-blocks,radio,c,CA2;MVC;PS2,converted-and-verified,manual,label
1994,33991,109179,multiple-choice,single,obsidian-quiz-blocks,radio,c,CA2;MVC;PS2,converted-and-verified,manual,label
1995,618751,139069,multiple-choice,single,obsidian-quiz-blocks,radio,e,CA2;MVC;PS2,converted-and-verified,manual,label
1995,618751,138944,multiple-choice,single,obsidian-quiz-blocks,radio,a,CA2;MVC;PS2,converted-and-verified,manual,label
1995,618755,138945,multiple-choice,single,obsidian-quiz-blocks,radio,d,CA2;MVC;PS2,converted-and-verified,manual,label
1995,618755,138981,multiple-choice,single,obsidian-quiz-blocks,radio,a,CA2;MVC;PS2,converted-and-verified,manual,label
1995,618758,138970,multiple-choice,single,obsidian-quiz-blocks,radio,e,CA2;MVC;PS2,converted-and-verified,manual,label
1995,618758,138946,multiple-choice,single,obsidian-quiz-blocks,radio,d,CA2;MVC;PS2,converted-and-verified,manual,label
2002,12105,48126,multiple-choice,single,obsidian-quiz-blocks,radio,c,CA1;CAB;CBC,converted-and-verified,manual,label
2002,12105,48127,multiple-choice,single,obsidian-quiz-blocks,radio,d,CA1;CAB;CBC,converted-and-verified,manual,label
2002,12106,48115,multiple-choice,single,obsidian-quiz-blocks,radio,b,CAB;CBC;CA1,converted-and-verified,image-id,answer-image-id-1
2002,12106,48083,multiple-choice,single,obsidian-quiz-blocks,radio,e,CAB;CBC;CA1,converted-and-verified,image-id,answer-image-id-1
2002,12107,71181,multiple-choice,single,obsidian-quiz-blocks,radio,c,CA1;CAB;CBC,converted-and-verified,manual,label
2002,12107,48085,multiple-choice,single,obsidian-quiz-blocks,radio,b,CA1;CAB;CBC,converted-and-verified,manual,label
2003,12109,48141,multiple-choice,single,obsidian-quiz-blocks,radio,a,CAB;CBC;CA1,converted-and-verified,image-id,answer-image-id-1
2003,12109,48079,multiple-choice,single,obsidian-quiz-blocks,radio,b,CAB;CBC;CA1,converted-and-verified,image-id,answer-image-id-1
2003,12110,48118,multiple-choice,single,obsidian-quiz-blocks,radio,d,CA1;CAB;CBC,converted-and-verified,manual,label
2003,12110,48119,multiple-choice,single,obsidian-quiz-blocks,radio,a,CA1;CAB;CBC,converted-and-verified,manual,label
2003,12419,48116,multiple-choice,single,obsidian-quiz-blocks,radio,c,CA1;CAB;CBC,converted-and-verified,manual,label
2003,12419,48084,multiple-choice,single,obsidian-quiz-blocks,radio,c,CA1;CAB;CBC,converted-and-verified,manual,label
2004,12113,38909,multiple-choice,single,obsidian-quiz-blocks,radio,a,CA1;CAB;CBC,converted-and-verified,manual,label
2004,12113,38904,multiple-choice,single,obsidian-quiz-blocks,radio,c,CA1;CAB;CBC,converted-and-verified,manual,label
2004,12114,48239,multiple-choice,single,obsidian-quiz-blocks,radio,a,CA1;CAB;CBC,converted-and-verified,manual,label
2004,12114,48241,multiple-choice,single,obsidian-quiz-blocks,radio,a,CA1;CAB;CBC,converted-and-verified,manual,label
2004,12115,48246,multiple-choice,single,obsidian-quiz-blocks,radio,a,CA1;CAB;CBC,converted-and-verified,manual,label
2004,12115,48251,multiple-choice,single,obsidian-quiz-blocks,radio,e,CA1;CAB;CBC,converted-and-verified,manual,label
2004,12116,38219,multiple-choice,single,obsidian-quiz-blocks,radio,b,CA1;CAB;CBC,converted-and-verified,manual,label
2004,12116,38556,multiple-choice,single,obsidian-quiz-blocks,radio,c,CA1;CAB;CBC,converted-and-verified,manual,label
2006,12131,48354,multiple-choice,single,obsidian-quiz-blocks,radio,c,CA1;CAB;CBC;MF3,converted-and-verified,manual,label
2006,12131,48324,multiple-choice,single,obsidian-quiz-blocks,radio,c,CA1;CAB;CBC;MF3,converted-and-verified,manual,label
2006,12132,48332,multiple-choice,single,obsidian-quiz-blocks,radio,c,CA1;CAB;CBC;MF3,converted-and-verified,manual,label
2006,12132,48333,multiple-choice,single,obsidian-quiz-blocks,radio,a,CA1;CAB;CBC;MF3,converted-and-verified,manual,label
2006,12133,39423,multiple-choice,single,obsidian-quiz-blocks,radio,b,CA1;CAB;CBC;MF3,converted-and-verified,manual,label
2006,12133,48322,multiple-choice,single,obsidian-quiz-blocks,radio,c,CA1;CAB;CBC;MF3,converted-and-verified,manual,label
2006,12134,39765,multiple-choice,single,obsidian-quiz-blocks,radio,b,CA1;CAB;CBC;MF3,converted-and-verified,manual,label
2006,12134,40084,multiple-choice,single,obsidian-quiz-blocks,radio,b,CA1;CAB;CBC;MF3,converted-and-verified,manual,label
2023,1846,51251,multiple-choice,single,obsidian-quiz-blocks,radio,e,CAB;CBC;MF3;CA2;DEQ;PS1,converted-and-verified,manual,label
2023,1846,79302,multiple-choice,single,obsidian-quiz-blocks,radio,c,CAB;CBC;MF3;CA2;DEQ;PS1,converted-and-verified,manual,label
2023,1849,38595,multiple-choice,single,obsidian-quiz-blocks,radio,d,CAB;CBC;MF3;CA2;DEQ;PS1,converted-and-verified,manual,label
2023,1849,38310,multiple-choice,single,obsidian-quiz-blocks,radio,c,CAB;CBC;MF3;CA2;DEQ;PS1,converted-and-verified,manual,label
2023,37996,51247,multiple-choice,single,obsidian-quiz-blocks,radio,b,CAB;CBC;MF3;CA2;DEQ;PS1,converted-and-verified,manual,label
2023,37996,38313,multiple-choice,single,obsidian-quiz-blocks,radio,b,CAB;CBC;MF3;CA2;DEQ;PS1,converted-and-verified,manual,label
2023,38003,143053,multiple-choice,single,obsidian-quiz-blocks,radio,e,CAB;CBC;MF3;CA2;DEQ;PS1,converted-and-verified,manual,label
2023,38003,143076,multiple-choice,single,obsidian-quiz-blocks,radio,a,CAB;CBC;MF3;CA2;DEQ;PS1,converted-and-verified,manual,label
2150,565,47058,multiple-choice,single,obsidian-quiz-blocks,radio,e,CA1;CAB;CBC;MF3,converted-and-verified,manual,label
2150,565,47013,multiple-choice,single,obsidian-quiz-blocks,radio,c,CA1;CAB;CBC;MF3,converted-and-verified,manual,label
2150,568,47011,multiple-choice,single,obsidian-quiz-blocks,radio,a,CA1;CAB;CBC;MF3,converted-and-verified,manual,label
2150,568,78457,multiple-choice,single,obsidian-quiz-blocks,radio,c,CA1;CAB;CBC;MF3,converted-and-verified,manual,label
2150,571,47019,multiple-choice,single,obsidian-quiz-blocks,radio,c,CA1;CAB;CBC;MF3,converted-and-verified,manual,label
2150,571,47054,multiple-choice,single,obsidian-quiz-blocks,radio,d,CA1;CAB;CBC;MF3,converted-and-verified,manual,label
2150,24962,48357,multiple-choice,single,obsidian-quiz-blocks,radio,d,CA1;CAB;CBC;MF3,converted-and-verified,manual,label
2150,24962,48343,multiple-choice,single,obsidian-quiz-blocks,radio,e,CA1;CAB;CBC;MF3,converted-and-verified,manual,label
2512,13519,62807,multiple-choice,single,obsidian-quiz-blocks,radio,b,CA2;CAB;CBC,converted-and-verified,manual,label
2512,13519,62799,multiple-choice,single,obsidian-quiz-blocks,radio,b,CA2;CAB;CBC,converted-and-verified,manual,label
2512,13521,62817,multiple-choice,single,obsidian-quiz-blocks,radio,c,CA2;CAB;CBC,converted-and-verified,manual,label
2512,13521,62822,multiple-choice,single,obsidian-quiz-blocks,radio,a,CA2;CAB;CBC,converted-and-verified,manual,label
2512,13522,62837,multiple-choice,single,obsidian-quiz-blocks,radio,d,CA2;CAB;CBC,converted-and-verified,manual,label
2512,13522,62828,multiple-choice,single,obsidian-quiz-blocks,radio,a,CA2;CAB;CBC,converted-and-verified,manual,label
2513,13533,62814,multiple-choice,single,obsidian-quiz-blocks,radio,a,CA2;CAB;CBC,converted-and-verified,manual,label
2513,13533,62847,multiple-choice,single,obsidian-quiz-blocks,radio,e,CA2;CAB;CBC,converted-and-verified,manual,label
2513,13534,62883,multiple-choice,single,obsidian-quiz-blocks,radio,a,CA2;CAB;CBC,converted-and-verified,manual,label
2513,13534,62818,multiple-choice,single,obsidian-quiz-blocks,radio,a,CA2;CAB;CBC,converted-and-verified,manual,label
2513,13536,62802,multiple-choice,single,obsidian-quiz-blocks,radio,a,CA2;CAB;CBC,converted-and-verified,manual,label
2513,13536,62806,multiple-choice,single,obsidian-quiz-blocks,radio,c,CA2;CAB;CBC,converted-and-verified,manual,label
2513,13537,62809,multiple-choice,single,obsidian-quiz-blocks,radio,b,CA2;CAB;CBC,converted-and-verified,manual,label
2513,13537,62836,multiple-choice,single,obsidian-quiz-blocks,radio,b,CA2;CAB;CBC,converted-and-verified,manual,label
2610,35041,117922,multiple-choice,single,obsidian-quiz-blocks,radio,c,CBC;CA1;MF3,converted-and-verified,manual,label
2610,35041,118076,multiple-choice,single,obsidian-quiz-blocks,radio,d,CBC;CA1;MF3,converted-and-verified,manual,label
2610,35042,118030,multiple-choice,single,obsidian-quiz-blocks,radio,e,CBC;CA1;MF3,converted-and-verified,manual,label
2610,35042,118052,multiple-choice,single,obsidian-quiz-blocks,radio,c,CBC;CA1;MF3,converted-and-verified,manual,label
2610,35053,118031,multiple-choice,single,obsidian-quiz-blocks,radio,e,CBC;CA1;MF3,converted-and-verified,manual,label
2610,35053,118088,multiple-choice,single,obsidian-quiz-blocks,radio,b,CBC;CA1;MF3,converted-and-verified,manual,label
2611,22984,49265,multiple-choice,single,obsidian-quiz-blocks,radio,c,CA1;CAB;CBC,converted-and-verified,manual,label
2611,22984,51062,multiple-choice,single,obsidian-quiz-blocks,radio,d,CA1;CAB;CBC,converted-and-verified,manual,label
2611,22986,49262,multiple-choice,single,obsidian-quiz-blocks,radio,a,CA1;CAB;CBC,converted-and-verified,manual,label
2611,22986,85784,multiple-choice,single,obsidian-quiz-blocks,radio,d,CA1;CAB;CBC,converted-and-verified,manual,label
2611,28033,49361,multiple-choice,single,obsidian-quiz-blocks,radio,a,CA1;CAB;CBC,converted-and-verified,manual,label
2611,28033,49384,multiple-choice,single,obsidian-quiz-blocks,radio,c,CA1;CAB;CBC,converted-and-verified,manual,label
2611,28034,49385,multiple-choice,single,obsidian-quiz-blocks,radio,a,CA1;CAB;CBC,converted-and-verified,manual,label
2611,28034,49368,multiple-choice,single,obsidian-quiz-blocks,radio,a,CA1;CAB;CBC,converted-and-verified,manual,label
2722,35389,138759,multiple-choice,single,obsidian-quiz-blocks,radio,e,CA1;MVC;PS2,converted-and-verified,manual,label
2722,35389,138758,multiple-choice,single,obsidian-quiz-blocks,radio,d,CA1;MVC;PS2,converted-and-verified,manual,label
2722,37095,138760,multiple-choice,single,obsidian-quiz-blocks,radio,d,CA1;MVC;PS2,converted-and-verified,manual,label
2722,37095,138767,multiple-choice,single,obsidian-quiz-blocks,radio,a,CA1;MVC;PS2,converted-and-verified,manual,label
2722,37098,138769,multiple-choice,single,obsidian-quiz-blocks,radio,e,CA1;MVC;PS2,converted-and-verified,manual,label
2722,37098,138770,multiple-choice,single,obsidian-quiz-blocks,radio,a,CA1;MVC;PS2,converted-and-verified,manual,label
2833,27332,83365,multiple-choice,single,obsidian-quiz-blocks,radio,a,CA2;CBC,converted-and-verified,manual,label
2833,27332,83521,multiple-choice,single,obsidian-quiz-blocks,radio,a,CA2;CBC,converted-and-verified,manual,label
2833,27333,83388,multiple-choice,single,obsidian-quiz-blocks,radio,d,CA2;CBC,converted-and-verified,manual,label
2833,27333,83369,multiple-choice,single,obsidian-quiz-blocks,radio,a,CA2;CBC,converted-and-verified,manual,label
2833,27334,83671,multiple-choice,single,obsidian-quiz-blocks,radio,c,CA2;CBC,converted-and-verified,manual,label
2833,27334,83527,multiple-choice,single,obsidian-quiz-blocks,radio,e,CA2;CBC,converted-and-verified,manual,label
2926,459712,256772,free-response,single,,,,,,,
2926,459712,256810,free-response,single,,,,,,,
2926,459715,256464,free-response,single,,,,,,,
2926,459715,256463,free-response,multi,,,,,,,
2926,459718,256475,free-response,single,,,,,,,
2926,459718,256865,free-response,single,,,,,,,
2975,41320,88207,multiple-choice,single,obsidian-quiz-blocks,radio,a,CA1;CAB;CBC;MF3,converted-and-verified,manual,label
2975,41320,88206,multiple-choice,single,obsidian-quiz-blocks,radio,e,CA1;CAB;CBC;MF3,converted-and-verified,manual,label
2975,41324,88209,multiple-choice,single,obsidian-quiz-blocks,radio,a,CA1;CAB;CBC;MF3,converted-and-verified,manual,label
2975,41324,88686,multiple-choice,single,obsidian-quiz-blocks,radio,f,CA1;CAB;CBC;MF3,converted-and-verified,manual-mathematical-repair,label
2975,41371,155949,multiple-choice,single,obsidian-quiz-blocks,radio,e,CA1;CAB;CBC;MF3,converted-and-verified,manual,label
2975,41371,155950,multiple-choice,single,obsidian-quiz-blocks,radio,a,CA1;CAB;CBC;MF3,converted-and-verified,manual,label
2976,29507,89413,multiple-choice,single,obsidian-quiz-blocks,radio,d,CAB;CBC;MF3;CA2;DEQ,converted-and-verified,manual,label
2976,29507,89414,multiple-choice,single,obsidian-quiz-blocks,radio,a,CAB;CBC;MF3;CA2;DEQ,converted-and-verified,manual,label
2976,29524,89424,multiple-choice,single,obsidian-quiz-blocks,radio,c,CAB;CBC;MF3;CA2;DEQ,converted-and-verified,manual,label
2976,29524,89425,multiple-choice,single,obsidian-quiz-blocks,radio,c,CAB;CBC;MF3;CA2;DEQ,converted-and-verified,manual,label
2976,29527,89891,multiple-choice,single,obsidian-quiz-blocks,radio,c,CAB;CBC;MF3;CA2;DEQ,converted-and-verified,manual,label
2976,29527,89428,multiple-choice,single,obsidian-quiz-blocks,radio,e,CAB;CBC;MF3;CA2;DEQ,converted-and-verified,manual,label
3116,38202,143741,multiple-choice,single,obsidian-quiz-blocks,radio,c,CAB;CBC,converted-and-verified,manual,label
3116,38202,157057,multiple-choice,single,obsidian-quiz-blocks,radio,c,CAB;CBC,converted-and-verified,manual,label
3116,39686,149235,multiple-choice,single,obsidian-quiz-blocks,radio,c,CAB;CBC,converted-and-verified,manual,label
3116,39686,149248,multiple-choice,single,obsidian-quiz-blocks,radio,a,CAB;CBC,converted-and-verified,manual,label
3116,41661,157193,multiple-choice,single,obsidian-quiz-blocks,radio,b,CAB;CBC,converted-and-verified,manual,label
3116,41661,143738,multiple-choice,single,obsidian-quiz-blocks,radio,d,CAB;CBC,converted-and-verified,manual,label
3128,38223,143791,multiple-choice,single,obsidian-quiz-blocks,radio,d,CAB;CBC,converted-and-verified,manual,label
3128,38223,143837,multiple-choice,single,obsidian-quiz-blocks,radio,a,CAB;CBC,converted-and-verified,manual,label
3128,38226,143838,multiple-choice,single,obsidian-quiz-blocks,radio,e,CAB;CBC,converted-and-verified,manual,label
3128,38226,157134,multiple-choice,single,obsidian-quiz-blocks,radio,a,CAB;CBC,converted-and-verified,manual,label
3128,41672,144352,multiple-choice,single,obsidian-quiz-blocks,radio,c,CAB;CBC,converted-and-verified,manual,label
3128,41672,149512,multiple-choice,single,obsidian-quiz-blocks,radio,a,CAB;CBC,converted-and-verified,manual,label
3172,38228,143807,multiple-choice,single,obsidian-quiz-blocks,radio,a,CAB;CBC,converted-and-verified,manual,label
3172,38228,143808,multiple-choice,single,obsidian-quiz-blocks,radio,b,CAB;CBC,converted-and-verified,manual,label
3172,39684,149266,multiple-choice,single,obsidian-quiz-blocks,radio,e,CAB;CBC,converted-and-verified,manual,label
3172,39684,157273,multiple-choice,single,obsidian-quiz-blocks,radio,c,CAB;CBC,converted-and-verified,manual,label
3172,41680,149270,multiple-choice,single,obsidian-quiz-blocks,radio,d,CAB;CBC,converted-and-verified,manual,label
3172,41680,157302,multiple-choice,single,obsidian-quiz-blocks,radio,b,CAB;CBC,converted-and-verified,manual,label
3184,31319,96071,multiple-choice,single,obsidian-quiz-blocks,radio,e,CA2;CAB;CBC;DEQ,converted-and-verified,manual,label
3184,31319,95572,multiple-choice,single,obsidian-quiz-blocks,radio,e,CA2;CAB;CBC;DEQ,converted-and-verified,manual,label
3184,31320,95732,multiple-choice,single,obsidian-quiz-blocks,radio,a,CA2;CAB;CBC;DEQ,converted-and-verified,manual,label
3184,31320,95576,multiple-choice,single,obsidian-quiz-blocks,radio,e,CA2;CAB;CBC;DEQ,converted-and-verified,manual,label
3184,31321,95733,multiple-choice,single,obsidian-quiz-blocks,radio,c,CA2;CAB;CBC;DEQ,converted-and-verified,manual,label
3184,31321,95578,multiple-choice,single,obsidian-quiz-blocks,radio,e,CA2;CAB;CBC;DEQ,converted-and-verified,manual,label
3213,38285,143897,multiple-choice,single,obsidian-quiz-blocks,radio,c,CAB;CBC,converted-and-verified,manual,label
3213,38285,144364,multiple-choice,single,obsidian-quiz-blocks,radio,a,CAB;CBC,converted-and-verified,manual,label
3213,38286,143900,multiple-choice,single,obsidian-quiz-blocks,radio,d,CAB;CBC,converted-and-verified,manual,label
3213,38286,144436,multiple-choice,single,obsidian-quiz-blocks,radio,c,CAB;CBC,converted-and-verified,manual,label
3213,38287,157276,multiple-choice,single,obsidian-quiz-blocks,radio,a,CAB;CBC,converted-and-verified,manual,label
3213,38287,157279,multiple-choice,single,obsidian-quiz-blocks,radio,e,CAB;CBC,converted-and-verified,manual,label
3215,31505,95983,multiple-choice,single,obsidian-quiz-blocks,radio,c,CA2;CAB;CBC;MF3,converted-and-verified,manual,label
3215,31505,95982,multiple-choice,single,obsidian-quiz-blocks,radio,d,CA2;CAB;CBC;MF3,converted-and-verified,manual,label
3215,31506,96387,multiple-choice,single,obsidian-quiz-blocks,radio,c,CA2;CAB;CBC;MF3,converted-and-verified,manual,label
3215,31506,95984,multiple-choice,single,obsidian-quiz-blocks,radio,c,CA2;CAB;CBC;MF3,converted-and-verified,manual,label
3215,31507,96986,multiple-choice,single,obsidian-quiz-blocks,radio,e,CA2;CAB;CBC;MF3,converted-and-verified,manual,label
3215,31507,95985,multiple-choice,single,obsidian-quiz-blocks,radio,e,CA2;CAB;CBC;MF3,converted-and-verified,manual,label
3216,35886,127359,multiple-choice,single,obsidian-quiz-blocks,radio,a,CA1;CBC;MF3,converted-and-verified,manual,label
3216,35886,127360,multiple-choice,single,obsidian-quiz-blocks,radio,a,CA1;CBC;MF3,converted-and-verified,manual,label
3216,35887,127362,multiple-choice,single,obsidian-quiz-blocks,radio,d,CA1;CBC;MF3,converted-and-verified,manual,label
3216,35887,127364,multiple-choice,single,obsidian-quiz-blocks,radio,e,CA1;CBC;MF3,converted-and-verified,manual,label
3216,35888,127372,multiple-choice,single,obsidian-quiz-blocks,radio,c,CA1;CBC;MF3,converted-and-verified,manual,label
3216,35888,127374,multiple-choice,single,obsidian-quiz-blocks,radio,a,CA1;CBC;MF3,converted-and-verified,manual,label
3219,31566,96093,multiple-choice,single,obsidian-quiz-blocks,radio,d,CA2;CAB;CBC;DEQ,converted-and-verified,manual,label
3219,31566,96092,multiple-choice,single,obsidian-quiz-blocks,radio,b,CA2;CAB;CBC;DEQ,converted-and-verified,manual,label
3219,31567,96094,multiple-choice,single,obsidian-quiz-blocks,radio,e,CA2;CAB;CBC;DEQ,converted-and-verified,manual,label
3219,31567,96095,multiple-choice,single,obsidian-quiz-blocks,radio,d,CA2;CAB;CBC;DEQ,converted-and-verified,manual,label
3219,31569,96098,multiple-choice,single,obsidian-quiz-blocks,radio,a,CA2;CAB;CBC;DEQ,converted-and-verified,manual,label
3219,31569,96097,multiple-choice,single,obsidian-quiz-blocks,radio,a,CA2;CAB;CBC;DEQ,converted-and-verified,manual,label
3219,34828,115548,multiple-choice,single,obsidian-quiz-blocks,radio,a,CA2;CAB;CBC;DEQ,converted-and-verified,manual,label
3219,34828,96096,multiple-choice,single,obsidian-quiz-blocks,radio,b,CA2;CAB;CBC;DEQ,converted-and-verified,manual,label
3220,34804,115464,multiple-choice,single,obsidian-quiz-blocks,radio,d,CA2;CAB;CBC;DEQ,converted-and-verified,manual,label
3220,34804,115463,multiple-choice,single,obsidian-quiz-blocks,radio,b,CA2;CAB;CBC;DEQ,converted-and-verified,manual,label
3220,34805,115465,multiple-choice,single,obsidian-quiz-blocks,radio,e,CA2;CAB;CBC;DEQ,converted-and-verified,manual,label
3220,34805,115466,multiple-choice,single,obsidian-quiz-blocks,radio,b,CA2;CAB;CBC;DEQ,converted-and-verified,manual,label
3220,34806,115479,multiple-choice,single,obsidian-quiz-blocks,radio,c,CA2;CAB;CBC;DEQ,converted-and-verified,manual,label
3220,34806,116024,multiple-choice,single,obsidian-quiz-blocks,radio,d,CA2;CAB;CBC;DEQ,converted-and-verified,manual,label
3220,34844,115856,multiple-choice,single,obsidian-quiz-blocks,radio,e,CA2;CAB;CBC;DEQ,converted-and-verified,manual,label
3220,34844,115467,multiple-choice,single,obsidian-quiz-blocks,radio,d,CA2;CAB;CBC;DEQ,converted-and-verified,manual,label
3224,594774,340377,multiple-choice,single,obsidian-quiz-blocks,radio,e,CA2,converted-and-verified,manual,label
3224,594774,340375,free-response,single,obsidian-quiz-blocks,blank,,CA2,converted-and-verified,manual-solution,exact-match
3224,594778,340384,multiple-choice,single,obsidian-quiz-blocks,radio,d,CA2,converted-and-verified,manual,label
3224,594778,340386,free-response,single,obsidian-quiz-blocks,blank,,CA2,converted-and-verified,manual-solution,exact-match
3224,594782,340388,multiple-choice,single,obsidian-quiz-blocks,radio,b,CA2,converted-and-verified,manual,label
3224,594782,340390,free-response,single,obsidian-quiz-blocks,blank,,CA2,converted-and-verified,manual-solution,exact-match
3251,31178,95451,multiple-choice,single,obsidian-quiz-blocks,radio,a,CA1,converted-and-verified,manual,label
3251,31178,95282,multiple-choice,single,obsidian-quiz-blocks,radio,c,CA1,converted-and-verified,manual,label
3251,31180,95574,multiple-choice,single,obsidian-quiz-blocks,radio,e,CA1,converted-and-verified,manual,label
3251,31180,95284,multiple-choice,single,obsidian-quiz-blocks,radio,c,CA1,converted-and-verified,manual,label
3251,31181,95584,multiple-choice,single,obsidian-quiz-blocks,radio,b,CA1,converted-and-verified,manual,label
3251,31181,95285,multiple-choice,single,obsidian-quiz-blocks,radio,a,CA1,converted-and-verified,manual,label
3251,31182,95891,multiple-choice,single,obsidian-quiz-blocks,radio,a,CA1,converted-and-verified,manual,label
3251,31182,95287,multiple-choice,single,obsidian-quiz-blocks,radio,d,CA1,converted-and-verified,manual,label
3252,31144,95426,multiple-choice,single,obsidian-quiz-blocks,radio,c,CA1,converted-and-verified,manual,label
3252,31144,95242,multiple-choice,single,obsidian-quiz-blocks,radio,c,CA1,converted-and-verified,manual,label
3252,31145,95498,multiple-choice,single,obsidian-quiz-blocks,radio,d,CA1,converted-and-verified,manual,label
3252,31145,95243,multiple-choice,single,obsidian-quiz-blocks,radio,b,CA1,converted-and-verified,manual,label
3252,31146,95246,multiple-choice,single,obsidian-quiz-blocks,radio,b,CA1,converted-and-verified,manual,label
3252,31146,95421,multiple-choice,single,obsidian-quiz-blocks,radio,b,CA1,converted-and-verified,manual,label
3252,31147,95252,multiple-choice,single,obsidian-quiz-blocks,radio,e,CA1,converted-and-verified,manual,label
3252,31147,95248,multiple-choice,single,obsidian-quiz-blocks,radio,d,CA1,converted-and-verified,manual,label
3253,31170,95631,multiple-choice,single,obsidian-quiz-blocks,radio,b,CA1,converted-and-verified,manual,label
3253,31170,95263,multiple-choice,single,obsidian-quiz-blocks,radio,a,CA1,converted-and-verified,manual,label
3253,31171,95645,multiple-choice,single,obsidian-quiz-blocks,radio,b,CA1,converted-and-verified,manual,label
3253,31171,95264,multiple-choice,single,obsidian-quiz-blocks,radio,b,CA1,converted-and-verified,manual,label
3253,31172,95655,multiple-choice,single,obsidian-quiz-blocks,radio,d,CA1,converted-and-verified,manual,label
3253,31172,95265,multiple-choice,single,obsidian-quiz-blocks,radio,c,CA1,converted-and-verified,manual,label
3255,31204,95517,multiple-choice,single,obsidian-quiz-blocks,radio,c,CA1,converted-and-verified,manual,label
3255,31204,95318,multiple-choice,single,obsidian-quiz-blocks,radio,c,CA1,converted-and-verified,manual,label
3255,31205,95523,multiple-choice,single,obsidian-quiz-blocks,radio,d,CA1,converted-and-verified,manual,label
3255,31205,95335,multiple-choice,single,obsidian-quiz-blocks,radio,a,CA1,converted-and-verified,manual,label
3255,31206,95545,multiple-choice,single,obsidian-quiz-blocks,radio,c,CA1,converted-and-verified,manual,label
3255,31206,95341,multiple-choice,single,obsidian-quiz-blocks,radio,b,CA1,converted-and-verified,manual,label
3255,31207,95345,multiple-choice,single,obsidian-quiz-blocks,radio,d,CA1,converted-and-verified,manual,label
3255,31207,95343,multiple-choice,single,obsidian-quiz-blocks,radio,a,CA1,converted-and-verified,manual,label
3256,31215,95761,multiple-choice,single,obsidian-quiz-blocks,radio,e,CA1,converted-and-verified,manual,label
3256,31215,95355,multiple-choice,single,obsidian-quiz-blocks,radio,b,CA1,converted-and-verified,manual,label
3256,31216,95819,multiple-choice,single,obsidian-quiz-blocks,radio,e,CA1,converted-and-verified,manual,label
3256,31216,95356,multiple-choice,single,obsidian-quiz-blocks,radio,a,CA1,converted-and-verified,manual,label
3256,31217,95831,multiple-choice,single,obsidian-quiz-blocks,radio,d,CA1,converted-and-verified,manual,label
3256,31217,95358,multiple-choice,single,obsidian-quiz-blocks,radio,e,CA1,converted-and-verified,manual,label
3257,31302,95533,multiple-choice,single,obsidian-quiz-blocks,radio,a,CA2,converted-and-verified,manual,label
3257,31302,95532,multiple-choice,single,obsidian-quiz-blocks,radio,c,CA2,converted-and-verified,manual,label
3257,31303,95535,multiple-choice,single,obsidian-quiz-blocks,radio,e,CA2,converted-and-verified,manual,label
3257,31303,95534,multiple-choice,single,obsidian-quiz-blocks,radio,e,CA2,converted-and-verified,manual,label
3257,31304,95543,multiple-choice,single,obsidian-quiz-blocks,radio,e,CA2,converted-and-verified,manual,label
3257,31304,95537,multiple-choice,single,obsidian-quiz-blocks,radio,a,CA2,converted-and-verified,manual,label
3257,31305,95551,multiple-choice,single,obsidian-quiz-blocks,radio,c,CA2,converted-and-verified,manual,label
3257,31305,95548,multiple-choice,single,obsidian-quiz-blocks,radio,c,CA2,converted-and-verified,manual,label
3258,31265,95431,multiple-choice,single,obsidian-quiz-blocks,radio,a,CA2,converted-and-verified,manual,label
3258,31265,95430,multiple-choice,single,obsidian-quiz-blocks,radio,c,CA2,converted-and-verified,manual,label
3258,31266,95433,multiple-choice,single,obsidian-quiz-blocks,radio,c,CA2,converted-and-verified,manual,label
3258,31266,95432,multiple-choice,single,obsidian-quiz-blocks,radio,a,CA2,converted-and-verified,manual,label
3258,31267,95435,multiple-choice,single,obsidian-quiz-blocks,radio,c,CA2,converted-and-verified,manual,label
3258,31267,95434,multiple-choice,single,obsidian-quiz-blocks,radio,d,CA2,converted-and-verified,manual,label
3258,31268,95437,multiple-choice,single,obsidian-quiz-blocks,radio,e,CA2,converted-and-verified,manual,label
3258,31268,95436,multiple-choice,single,obsidian-quiz-blocks,radio,a,CA2,converted-and-verified,manual,label
3259,31278,95445,multiple-choice,single,obsidian-quiz-blocks,radio,c,CA2,converted-and-verified,manual,label
3259,31278,95443,multiple-choice,single,obsidian-quiz-blocks,radio,e,CA2,converted-and-verified,manual,label
3259,31279,95441,multiple-choice,single,obsidian-quiz-blocks,radio,a,CA2,converted-and-verified,manual,label
3259,31279,95440,multiple-choice,single,obsidian-quiz-blocks,radio,c,CA2,converted-and-verified,manual,label
3259,31280,95453,multiple-choice,single,obsidian-quiz-blocks,radio,a,CA2,converted-and-verified,manual,label
3259,31280,95448,multiple-choice,single,obsidian-quiz-blocks,radio,a,CA2,converted-and-verified,manual,label
3259,31281,96219,multiple-choice,single,obsidian-quiz-blocks,radio,a,CA2,converted-and-verified,manual,label
3259,31281,95456,multiple-choice,single,obsidian-quiz-blocks,radio,b,CA2,converted-and-verified,manual,label
3260,31368,165866,multiple-choice,single,obsidian-quiz-blocks,radio,c,CA2,converted-and-verified,manual,label
3260,31368,95742,multiple-choice,single,obsidian-quiz-blocks,radio,c,CA2,converted-and-verified,manual,label
3260,31369,95744,multiple-choice,single,obsidian-quiz-blocks,radio,a,CA2,converted-and-verified,manual,label
3260,31369,95748,multiple-choice,single,obsidian-quiz-blocks,radio,e,CA2,converted-and-verified,manual,label
3260,31370,95754,multiple-choice,single,obsidian-quiz-blocks,radio,e,CA2,converted-and-verified,manual,label
3260,31370,95755,multiple-choice,single,obsidian-quiz-blocks,radio,e,CA2,converted-and-verified,manual,label
3260,37165,9631,multiple-choice,single,obsidian-quiz-blocks,radio,c,CA2,converted-and-verified,manual,label
3260,37165,9628,multiple-choice,single,obsidian-quiz-blocks,radio,e,CA2,converted-and-verified,manual,label
3261,31414,95837,multiple-choice,single,obsidian-quiz-blocks,radio,c,CA2,converted-and-verified,manual,label
3261,31414,95838,multiple-choice,single,obsidian-quiz-blocks,radio,c,CA2,converted-and-verified,manual,label
3261,31415,95839,multiple-choice,single,obsidian-quiz-blocks,radio,a,CA2,converted-and-verified,manual,label
3261,31415,95840,multiple-choice,single,obsidian-quiz-blocks,radio,e,CA2,converted-and-verified,manual,label
3261,31416,95842,multiple-choice,single,obsidian-quiz-blocks,radio,b,CA2,converted-and-verified,manual,label
3261,31416,95843,multiple-choice,single,obsidian-quiz-blocks,radio,a,CA2,converted-and-verified,manual,label
3261,31417,95844,multiple-choice,single,obsidian-quiz-blocks,radio,d,CA2,converted-and-verified,manual,label
3261,31417,95845,multiple-choice,single,obsidian-quiz-blocks,radio,c,CA2,converted-and-verified,manual,label
3262,31435,95871,multiple-choice,single,obsidian-quiz-blocks,radio,a,CA2,converted-and-verified,manual,label
3262,31435,95872,multiple-choice,single,obsidian-quiz-blocks,radio,e,CA2,converted-and-verified,manual,label
3262,31436,95873,multiple-choice,single,obsidian-quiz-blocks,radio,d,CA2,converted-and-verified,manual,label
3262,31436,95874,multiple-choice,single,obsidian-quiz-blocks,radio,e,CA2,converted-and-verified,manual,label
3262,31437,95875,multiple-choice,single,obsidian-quiz-blocks,radio,b,CA2,converted-and-verified,manual,label
3262,31437,95876,multiple-choice,single,obsidian-quiz-blocks,radio,c,CA2,converted-and-verified,manual,label
3262,31438,95878,multiple-choice,single,obsidian-quiz-blocks,radio,d,CA2,converted-and-verified,manual,label
3262,31438,95881,multiple-choice,single,obsidian-quiz-blocks,radio,a,CA2,converted-and-verified,manual,label
3263,31290,96062,multiple-choice,single,obsidian-quiz-blocks,radio,a,CA2,converted-and-verified,manual,label
3263,31290,95464,multiple-choice,single,obsidian-quiz-blocks,radio,d,CA2,converted-and-verified,manual,label
3263,31291,96082,multiple-choice,single,obsidian-quiz-blocks,radio,d,CA2,converted-and-verified,manual,label
3263,31291,95466,multiple-choice,single,obsidian-quiz-blocks,radio,b,CA2,converted-and-verified,manual,label
3263,31292,95468,multiple-choice,single,obsidian-quiz-blocks,radio,c,CA2,converted-and-verified,manual,label
3263,31292,95469,multiple-choice,single,obsidian-quiz-blocks,radio,c,CA2,converted-and-verified,manual,label
3263,31301,95461,multiple-choice,single,obsidian-quiz-blocks,radio,d,CA2,converted-and-verified,manual,label
3263,31301,95465,multiple-choice,single,obsidian-quiz-blocks,radio,b,CA2,converted-and-verified,manual,label
3264,31484,97776,multiple-choice,single,obsidian-quiz-blocks,radio,d,CA2,converted-and-verified,manual,label
3264,31484,95976,multiple-choice,single,obsidian-quiz-blocks,radio,c,CA2,converted-and-verified,manual,label
3264,31485,95975,multiple-choice,single,obsidian-quiz-blocks,radio,b,CA2,converted-and-verified,manual,label
3264,31485,95973,multiple-choice,single,obsidian-quiz-blocks,radio,d,CA2,converted-and-verified,manual,label
3264,31486,97903,multiple-choice,single,obsidian-quiz-blocks,radio,b,CA2,converted-and-verified,manual,label
3264,31486,95977,multiple-choice,single,obsidian-quiz-blocks,radio,a,CA2,converted-and-verified,manual,label
3264,31487,95979,multiple-choice,single,obsidian-quiz-blocks,radio,d,CA2,converted-and-verified,manual,label
3264,31487,95978,multiple-choice,single,obsidian-quiz-blocks,radio,e,CA2,converted-and-verified,manual,label
3265,31488,95948,multiple-choice,single,obsidian-quiz-blocks,radio,d,CA1,converted-and-verified,manual,label
3265,31488,95947,multiple-choice,single,obsidian-quiz-blocks,radio,b,CA1,converted-and-verified,manual,label
3265,31489,95946,multiple-choice,single,obsidian-quiz-blocks,radio,d,CA1,converted-and-verified,manual,label
3265,31489,95945,multiple-choice,single,obsidian-quiz-blocks,radio,d,CA1,converted-and-verified,manual,label
3265,31490,95951,multiple-choice,single,obsidian-quiz-blocks,radio,d,CA1,converted-and-verified,manual,label
3265,31490,95952,multiple-choice,single,obsidian-quiz-blocks,radio,a,CA1,converted-and-verified,manual,label
3267,37077,138719,multiple-choice,single,obsidian-quiz-blocks,radio,e,CA1,converted-and-verified,image-id,answer-image-id-1
3267,37077,138720,multiple-choice,single,obsidian-quiz-blocks,radio,c,CA1,converted-and-verified,manual,label
3267,37080,138721,multiple-choice,single,obsidian-quiz-blocks,radio,c,CA1,converted-and-verified,image-id,answer-image-id-1
3267,37080,138722,multiple-choice,single,obsidian-quiz-blocks,radio,c,CA1,converted-and-verified,manual,label
3267,37084,138723,multiple-choice,single,obsidian-quiz-blocks,radio,e,CA1,converted-and-verified,image-id,answer-image-id-1
3267,37084,138724,multiple-choice,single,obsidian-quiz-blocks,radio,e,CA1,converted-and-verified,manual,label
3276,1878,96626,multiple-choice,single,obsidian-quiz-blocks,radio,a,CAB;CBC;CA2;DEQ,converted-and-verified,image-id,answer-image-id-1
3276,1878,96083,multiple-choice,single,obsidian-quiz-blocks,radio,a,CAB;CBC;CA2;DEQ,converted-and-verified,image-id,answer-image-id-1
3276,31609,96086,multiple-choice,single,obsidian-quiz-blocks,radio,c,CAB;CBC;CA2;DEQ,converted-and-verified,manual,label
3276,31609,96173,multiple-choice,single,obsidian-quiz-blocks,radio,e,CAB;CBC;CA2;DEQ,converted-and-verified,manual,label
3276,31614,96166,multiple-choice,single,obsidian-quiz-blocks,radio,d,CAB;CBC;CA2;DEQ,converted-and-verified,image-id,answer-image-id-1
3276,31614,96172,multiple-choice,single,obsidian-quiz-blocks,radio,d,CAB;CBC;CA2;DEQ,converted-and-verified,image-id,answer-image-id-1
3340,37175,139003,multiple-choice,single,obsidian-quiz-blocks,radio,b,CA2;MVC;PS2,converted-and-verified,manual,label
3340,37175,139062,multiple-choice,single,obsidian-quiz-blocks,radio,d,CA2;MVC;PS2,converted-and-verified,manual,label
3340,37176,139120,multiple-choice,single,obsidian-quiz-blocks,radio,d,CA2;MVC;PS2,converted-and-verified,manual,label
3340,37176,139005,multiple-choice,single,obsidian-quiz-blocks,radio,a,CA2;MVC;PS2,converted-and-verified,manual,label
3340,37178,139136,multiple-choice,single,obsidian-quiz-blocks,radio,b,CA2;MVC;PS2,converted-and-verified,manual,label
3340,37178,139004,multiple-choice,single,obsidian-quiz-blocks,radio,d,CA2;MVC;PS2,converted-and-verified,manual,label
3350,25710,50350,multiple-choice,single,obsidian-quiz-blocks,radio,a,CA2;CAB;CBC;DEQ,converted-and-verified,manual,label
3350,25710,49940,multiple-choice,single,obsidian-quiz-blocks,radio,e,CA2;CAB;CBC;DEQ,converted-and-verified,manual,label
3350,25712,80708,multiple-choice,single,obsidian-quiz-blocks,radio,c,CA2;CAB;CBC;DEQ,converted-and-verified,manual,label
3350,25712,49808,multiple-choice,single,obsidian-quiz-blocks,radio,c,CA2;CAB;CBC;DEQ,converted-and-verified,manual,label
3350,26196,50189,multiple-choice,single,obsidian-quiz-blocks,radio,a,CA2;CAB;CBC;DEQ,converted-and-verified,manual,label
3350,26196,50160,multiple-choice,single,obsidian-quiz-blocks,radio,d,CA2;CAB;CBC;DEQ,converted-and-verified,manual,label
3350,35034,50108,multiple-choice,single,obsidian-quiz-blocks,radio,a,CA2;CAB;CBC;DEQ,converted-and-verified,manual,label
3350,35034,50161,multiple-choice,single,obsidian-quiz-blocks,radio,b,CA2;CAB;CBC;DEQ,converted-and-verified,manual,label
3351,31615,97622,multiple-choice,single,obsidian-quiz-blocks,radio,a,CAB;CBC;CA2;DEQ,converted-and-verified,image-id,answer-image-id-1
3351,31615,96087,multiple-choice,single,obsidian-quiz-blocks,radio,d,CAB;CBC;CA2;DEQ,converted-and-verified,image-id,answer-image-id-1
3351,31616,96088,multiple-choice,single,obsidian-quiz-blocks,radio,a,CAB;CBC;CA2;DEQ,converted-and-verified,manual,label
3351,31616,96472,multiple-choice,single,obsidian-quiz-blocks,radio,b,CAB;CBC;CA2;DEQ,converted-and-verified,manual,label
3351,31617,96167,multiple-choice,single,obsidian-quiz-blocks,radio,c,CAB;CBC;CA2;DEQ,converted-and-verified,image-id,answer-image-id-1
3351,31617,96369,multiple-choice,single,obsidian-quiz-blocks,radio,a,CAB;CBC;CA2;DEQ,converted-and-verified,image-id,answer-image-id-1
3352,31618,80494,multiple-choice,single,obsidian-quiz-blocks,radio,d,CAB;CBC;CA2;DEQ,converted-and-verified,image-id,answer-image-id-1
3352,31618,50099,multiple-choice,single,obsidian-quiz-blocks,radio,e,CAB;CBC;CA2;DEQ,converted-and-verified,image-id,answer-image-id-1
3352,31619,96767,multiple-choice,single,obsidian-quiz-blocks,radio,b,CAB;CBC;CA2;DEQ,converted-and-verified,manual,label
3352,31619,97483,multiple-choice,single,obsidian-quiz-blocks,radio,e,CAB;CBC;CA2;DEQ,converted-and-verified,manual,label
3352,31620,96476,multiple-choice,single,obsidian-quiz-blocks,radio,b,CAB;CBC;CA2;DEQ,converted-and-verified,image-id,answer-image-id-1
3352,31620,96477,multiple-choice,single,obsidian-quiz-blocks,radio,e,CAB;CBC;CA2;DEQ,converted-and-verified,image-id,answer-image-id-1
3352,31856,96475,multiple-choice,single,obsidian-quiz-blocks,radio,b,CAB;CBC;CA2;DEQ,converted-and-verified,manual,label
3352,31856,97538,multiple-choice,single,obsidian-quiz-blocks,radio,e,CAB;CBC;CA2;DEQ,converted-and-verified,manual,label
3539,2279,49671,multiple-choice,single,obsidian-quiz-blocks,radio,c,CA2;CBC,converted-and-verified,manual,label
3539,2279,49672,multiple-choice,single,obsidian-quiz-blocks,radio,c,CA2;CBC,converted-and-verified,manual,label
3539,2281,49667,multiple-choice,single,obsidian-quiz-blocks,radio,c,CA2;CBC,converted-and-verified,manual,label
3539,2281,49666,multiple-choice,single,obsidian-quiz-blocks,radio,b,CA2;CBC,converted-and-verified,manual,label
3539,23502,50966,multiple-choice,single,obsidian-quiz-blocks,radio,b,CA2;CBC,converted-and-verified,manual,label
3539,23502,50962,multiple-choice,single,obsidian-quiz-blocks,radio,a,CA2;CBC,converted-and-verified,manual,label
3548,1242,49094,multiple-choice,single,obsidian-quiz-blocks,radio,a,CA1;CAB;CBC,converted-and-verified,manual,label
3548,1242,49073,multiple-choice,single,obsidian-quiz-blocks,radio,b,CA1;CAB;CBC,converted-and-verified,manual,label
3548,25381,51408,multiple-choice,single,obsidian-quiz-blocks,radio,a,CA1;CAB;CBC,converted-and-verified,manual,label
3548,25381,80032,multiple-choice,single,obsidian-quiz-blocks,radio,a,CA1;CAB;CBC,converted-and-verified,manual,label
3550,1841,53781,multiple-choice,single,obsidian-quiz-blocks,radio,c,CA2;CBC,converted-and-verified,manual,label
3550,1841,53778,multiple-choice,single,obsidian-quiz-blocks,radio,e,CA2;CBC,converted-and-verified,manual,label
3550,1843,53782,multiple-choice,single,obsidian-quiz-blocks,radio,c,CA2;CBC,converted-and-verified,manual,label
3550,1843,53738,multiple-choice,single,obsidian-quiz-blocks,radio,e,CA2;CBC,converted-and-verified,manual,label
3551,27108,15486,multiple-choice,single,obsidian-quiz-blocks,radio,b,CA2;CBC;DEQ;PS1,converted-and-verified,manual,label
3551,27108,15414,multiple-choice,single,obsidian-quiz-blocks,radio,e,CA2;CBC;DEQ;PS1,converted-and-verified,manual,label
3551,35102,118557,multiple-choice,single,obsidian-quiz-blocks,radio,e,CA2;CBC;DEQ;PS1,converted-and-verified,manual,label
3551,35102,118473,multiple-choice,single,obsidian-quiz-blocks,radio,c,CA2;CBC;DEQ;PS1,converted-and-verified,manual,label
3551,35103,118472,multiple-choice,single,obsidian-quiz-blocks,radio,a,CA2;CBC;DEQ;PS1,converted-and-verified,manual,label
3551,35103,118474,multiple-choice,single,obsidian-quiz-blocks,radio,c,CA2;CBC;DEQ;PS1,converted-and-verified,manual,label
3560,2557,13956,multiple-choice,single,obsidian-quiz-blocks,radio,d,CA2;CBC,converted-and-verified,manual,label
3560,2557,13832,multiple-choice,single,obsidian-quiz-blocks,radio,b,CA2;CBC,converted-and-verified,manual,label
3560,26731,50878,multiple-choice,single,obsidian-quiz-blocks,radio,a,CA2;CBC,converted-and-verified,manual,label
3560,26731,50850,multiple-choice,single,obsidian-quiz-blocks,radio,d,CA2;CBC,converted-and-verified,manual,label
3571,12792,47779,multiple-choice,single,obsidian-quiz-blocks,radio,a,CA1;CAB;CBC;MF3,converted-and-verified,manual,label
3571,12792,47922,multiple-choice,single,obsidian-quiz-blocks,radio,e,CA1;CAB;CBC;MF3,converted-and-verified,manual,label
3571,12794,47780,multiple-choice,single,obsidian-quiz-blocks,radio,b,CA1;CAB;CBC;MF3,converted-and-verified,manual,label
3571,12794,47781,multiple-choice,single,obsidian-quiz-blocks,radio,e,CA1;CAB;CBC;MF3,converted-and-verified,manual,label
3571,12795,47787,multiple-choice,single,obsidian-quiz-blocks,radio,c,CA1;CAB;CBC;MF3,converted-and-verified,manual,label
3571,12795,48019,multiple-choice,single,obsidian-quiz-blocks,radio,d,CA1;CAB;CBC;MF3,converted-and-verified,manual,label
3573,2584,50897,multiple-choice,single,obsidian-quiz-blocks,radio,d,CA2;CBC,converted-and-verified,manual,label
3573,2584,50935,multiple-choice,single,obsidian-quiz-blocks,radio,c,CA2;CBC,converted-and-verified,manual,label
3573,2586,50929,multiple-choice,single,obsidian-quiz-blocks,radio,a,CA2;CBC,converted-and-verified,manual,label
3573,2586,50940,multiple-choice,single,obsidian-quiz-blocks,radio,b,CA2;CBC,converted-and-verified,manual,label
3575,1477,17821,multiple-choice,single,obsidian-quiz-blocks,radio,a,CA1;CAB;CBC,converted-and-verified,manual,label
3575,1477,17818,multiple-choice,single,obsidian-quiz-blocks,radio,c,CA1;CAB;CBC,converted-and-verified,manual,label
3575,23036,73236,multiple-choice,single,obsidian-quiz-blocks,radio,a,CA1;CAB;CBC,converted-and-verified,manual,label
3575,23036,73235,multiple-choice,single,obsidian-quiz-blocks,radio,d,CA1;CAB;CBC,converted-and-verified,manual,label
3576,2001,2409,multiple-choice,single,obsidian-quiz-blocks,radio,d,CA2;CAB;CBC,converted-and-verified,manual,label
3576,2001,2410,multiple-choice,single,obsidian-quiz-blocks,radio,e,CA2;CAB;CBC,converted-and-verified,manual,label
3576,26222,81505,multiple-choice,single,obsidian-quiz-blocks,radio,c,CA2;CAB;CBC,converted-and-verified,manual,label
3576,26222,7113,multiple-choice,single,obsidian-quiz-blocks,radio,e,CA2;CAB;CBC,converted-and-verified,manual,label
3576,26224,81515,multiple-choice,single,obsidian-quiz-blocks,radio,a,CA2;CAB;CBC,converted-and-verified,manual,label
3576,26224,49319,multiple-choice,single,obsidian-quiz-blocks,radio,d,CA2;CAB;CBC,converted-and-verified,manual,label
3581,869,7171,multiple-choice,single,obsidian-quiz-blocks,radio,a,CA1;CAB;CBC;MF3,converted-and-verified,manual,label
3581,869,7103,multiple-choice,single,obsidian-quiz-blocks,radio,d,CA1;CAB;CBC;MF3,converted-and-verified,manual,label
3581,884,7109,multiple-choice,single,obsidian-quiz-blocks,radio,b,CA1;CAB;CBC;MF3,converted-and-verified,manual,label
3581,884,73334,multiple-choice,single,obsidian-quiz-blocks,radio,c,CA1;CAB;CBC;MF3,converted-and-verified,manual,label
3581,22993,73209,multiple-choice,single,obsidian-quiz-blocks,radio,e,CA1;CAB;CBC;MF3,converted-and-verified,manual,label
3581,22993,48909,multiple-choice,single,obsidian-quiz-blocks,radio,c,CA1;CAB;CBC;MF3,converted-and-verified,manual,label
3582,1988,19490,multiple-choice,single,obsidian-quiz-blocks,radio,a,CA2;CAB;CBC;MF3,converted-and-verified,manual,label
3582,1988,19483,multiple-choice,single,obsidian-quiz-blocks,radio,d,CA2;CAB;CBC;MF3,converted-and-verified,manual,label
3582,1990,49951,multiple-choice,single,obsidian-quiz-blocks,radio,a,CA2;CAB;CBC;MF3,converted-and-verified,manual,label
3582,1990,49949,multiple-choice,single,obsidian-quiz-blocks,radio,b,CA2;CAB;CBC;MF3,converted-and-verified,manual,label
3582,26730,7213,multiple-choice,single,obsidian-quiz-blocks,radio,c,CA2;CAB;CBC;MF3,converted-and-verified,manual,label
3582,26730,7219,multiple-choice,single,obsidian-quiz-blocks,radio,e,CA2;CAB;CBC;MF3,converted-and-verified,manual,label
3584,2209,20551,multiple-choice,single,obsidian-quiz-blocks,radio,c,CA2;CBC,converted-and-verified,manual,label
3584,2209,142981,multiple-choice,single,obsidian-quiz-blocks,radio,e,CA2;CBC,converted-and-verified,manual,label
3584,38616,143020,multiple-choice,single,obsidian-quiz-blocks,radio,e,CA2;CBC,converted-and-verified,manual,label
3584,38616,103807,multiple-choice,single,obsidian-quiz-blocks,radio,c,CA2;CBC,converted-and-verified,manual,label
3632,33266,104529,multiple-choice,single,obsidian-quiz-blocks,radio,e,CA2;MVC;PS2,converted-and-verified,manual,label
3632,33266,109413,multiple-choice,single,obsidian-quiz-blocks,radio,e,CA2;MVC;PS2,converted-and-verified,manual,label
3632,33268,104513,multiple-choice,single,obsidian-quiz-blocks,radio,c,CA2;MVC;PS2,converted-and-verified,manual,label
3632,33268,109253,multiple-choice,single,obsidian-quiz-blocks,radio,c,CA2;MVC;PS2,converted-and-verified,manual,label
3632,33994,104518,multiple-choice,single,obsidian-quiz-blocks,radio,c,CA2;MVC;PS2,converted-and-verified,manual,label
3632,33994,109424,multiple-choice,single,obsidian-quiz-blocks,radio,e,CA2;MVC;PS2,converted-and-verified,manual,label
3641,33080,17032,multiple-choice,single,obsidian-quiz-blocks,radio,c,CA2,converted-and-verified,manual,label
3641,33080,17029,multiple-choice,single,obsidian-quiz-blocks,radio,e,CA2,converted-and-verified,manual,label
3641,33083,17023,multiple-choice,single,obsidian-quiz-blocks,radio,a,CA2,converted-and-verified,manual,label
3641,33083,107098,multiple-choice,single,obsidian-quiz-blocks,radio,b,CA2,converted-and-verified,manual,label
3668,1894,53876,multiple-choice,single,obsidian-quiz-blocks,radio,a,CBC;MF3;CA2;DEQ;PS2,converted-and-verified,manual,label
3668,1894,50118,multiple-choice,single,obsidian-quiz-blocks,radio,a,CBC;MF3;CA2;DEQ;PS2,converted-and-verified,manual,label
3668,28638,87081,multiple-choice,single,obsidian-quiz-blocks,radio,b,CBC;MF3;CA2;DEQ;PS2,converted-and-verified,manual,label
3668,28638,87004,multiple-choice,single,obsidian-quiz-blocks,radio,c,CBC;MF3;CA2;DEQ;PS2,converted-and-verified,manual,label
3668,35018,117765,multiple-choice,single,obsidian-quiz-blocks,radio,d,CBC;MF3;CA2;DEQ;PS2,converted-and-verified,manual,label
3668,35018,117984,multiple-choice,single,obsidian-quiz-blocks,radio,b,CBC;MF3;CA2;DEQ;PS2,converted-and-verified,manual,label
3671,35060,118045,multiple-choice,single,obsidian-quiz-blocks,radio,e,CA1,converted-and-verified,manual,label
3671,35060,118646,multiple-choice,single,obsidian-quiz-blocks,radio,a,CA1,converted-and-verified,manual,label
3671,35066,118044,multiple-choice,single,obsidian-quiz-blocks,radio,c,CA1,converted-and-verified,manual,label
3671,35066,118053,multiple-choice,single,obsidian-quiz-blocks,radio,b,CA1,converted-and-verified,manual,label
3671,35109,118043,multiple-choice,single,obsidian-quiz-blocks,radio,c,CA1,converted-and-verified,manual,label
3671,35109,118616,multiple-choice,single,obsidian-quiz-blocks,radio,a,CA1,converted-and-verified,manual,label
3672,614743,339269,multiple-choice,single,obsidian-quiz-blocks,radio,b,CAB;CBC;CA2;DEQ;PS1,converted-and-verified,manual,label
3672,614743,339289,multiple-choice,single,obsidian-quiz-blocks,radio,c,CAB;CBC;CA2;DEQ;PS1,converted-and-verified,manual,label
3672,614747,339309,multiple-choice,single,obsidian-quiz-blocks,radio,b,CAB;CBC;CA2;DEQ;PS1,converted-and-verified,manual,label
3672,614747,339321,multiple-choice,single,obsidian-quiz-blocks,radio,a,CAB;CBC;CA2;DEQ;PS1,converted-and-verified,manual,label
3672,614750,339217,multiple-choice,single,obsidian-quiz-blocks,radio,e,CAB;CBC;CA2;DEQ;PS1,converted-and-verified,manual,label
3672,614750,339225,multiple-choice,single,obsidian-quiz-blocks,radio,e,CAB;CBC;CA2;DEQ;PS1,converted-and-verified,manual,label
3672,614753,339244,multiple-choice,single,obsidian-quiz-blocks,radio,e,CAB;CBC;CA2;DEQ;PS1,converted-and-verified,manual,label
3672,614753,339241,multiple-choice,single,obsidian-quiz-blocks,radio,c,CAB;CBC;CA2;DEQ;PS1,converted-and-verified,manual,label
3673,616795,118386,multiple-choice,single,obsidian-quiz-blocks,radio,a,CAB;CBC;CA2;DEQ;PS1,converted-and-verified,manual,label
3673,616795,15575,multiple-choice,single,obsidian-quiz-blocks,radio,e,CAB;CBC;CA2;DEQ;PS1,converted-and-verified,manual,label
3673,616798,118600,multiple-choice,single,obsidian-quiz-blocks,radio,e,CAB;CBC;CA2;DEQ;PS1,converted-and-verified,manual,label
3673,616798,15574,multiple-choice,single,obsidian-quiz-blocks,radio,c,CAB;CBC;CA2;DEQ;PS1,converted-and-verified,manual,label
3673,616801,353607,free-response,single,obsidian-quiz-blocks,blank,,CA2;CAB;CBC;DEQ;PS1,converted-and-verified,canonical-exact-blank,exact-match
3673,616801,118730,multiple-choice,single,obsidian-quiz-blocks,radio,c,CAB;CBC;CA2;DEQ;PS1,converted-and-verified,manual,label
3674,27476,83764,multiple-choice,single,obsidian-quiz-blocks,radio,b,CA2;CBC;DEQ;PS1,converted-and-verified,manual,label
3674,27476,83771,multiple-choice,single,obsidian-quiz-blocks,radio,c,CA2;CBC;DEQ;PS1,converted-and-verified,manual,label
3674,27483,15492,multiple-choice,single,obsidian-quiz-blocks,radio,c,CA2;CBC;DEQ;PS1,converted-and-verified,manual,label
3674,27483,15420,multiple-choice,single,obsidian-quiz-blocks,radio,d,CA2;CBC;DEQ;PS1,converted-and-verified,manual,label
3678,510,4499,multiple-choice,single,obsidian-quiz-blocks,radio,c,CAB;CBC;CA1,converted-and-verified,manual,label
3678,510,35821,multiple-choice,single,obsidian-quiz-blocks,radio,b,CAB;CBC;CA1,converted-and-verified,manual,label
3678,512,47851,multiple-choice,single,obsidian-quiz-blocks,radio,e,CAB;CBC;CA1,converted-and-verified,manual,label
3678,512,4491,multiple-choice,single,obsidian-quiz-blocks,radio,e,CAB;CBC;CA1,converted-and-verified,manual,label
3769,1352,2159,multiple-choice,single,obsidian-quiz-blocks,radio,e,CA1;CAB;CBC;MF2,converted-and-verified,manual,label
3769,1352,29828,multiple-choice,single,obsidian-quiz-blocks,radio,b,CA1;CAB;CBC;MF2,converted-and-verified,manual,label
3769,1355,211,multiple-choice,single,obsidian-quiz-blocks,radio,c,CA1;CAB;CBC;MF2,converted-and-verified,manual,label
3769,1355,2166,multiple-choice,single,obsidian-quiz-blocks,radio,d,CA1;CAB;CBC;MF2,converted-and-verified,manual,label
3769,1357,2250,multiple-choice,single,obsidian-quiz-blocks,radio,b,CA1;CAB;CBC;MF2,converted-and-verified,manual,label
3769,1357,29830,multiple-choice,single,obsidian-quiz-blocks,radio,d,CA1;CAB;CBC;MF2,converted-and-verified,manual,label
3770,617463,73663,multiple-choice,single,obsidian-quiz-blocks,radio,d,CA2;CAB;CBC,converted-and-verified,manual,label
3770,617463,13737,multiple-choice,single,obsidian-quiz-blocks,radio,a,CA2;CAB;CBC,converted-and-verified,manual,label
3770,617466,31420,multiple-choice,single,obsidian-quiz-blocks,radio,a,CA2;CAB;CBC,converted-and-verified,manual,label
3770,617466,73800,multiple-choice,single,obsidian-quiz-blocks,radio,d,CA2;CAB;CBC,converted-and-verified,manual,label
3770,617469,113852,multiple-choice,single,obsidian-quiz-blocks,radio,d,CA2;CAB;CBC,converted-and-verified,manual,label
3770,617469,113876,multiple-choice,single,obsidian-quiz-blocks,radio,e,CA2;CAB;CBC,converted-and-verified,manual,label
3770,617473,13751,multiple-choice,single,obsidian-quiz-blocks,radio,a,CA2;CAB;CBC,converted-and-verified,manual,label
3770,617473,30977,multiple-choice,single,obsidian-quiz-blocks,radio,a,CA2;CAB;CBC,converted-and-verified,manual,label
3771,2536,9964,multiple-choice,single,obsidian-quiz-blocks,radio,c,CA2;CBC;MF3,converted-and-verified,manual,label
3771,2536,8174,multiple-choice,single,obsidian-quiz-blocks,radio,e,CA2;CBC;MF3,converted-and-verified,manual,label
3771,2538,81160,multiple-choice,single,obsidian-quiz-blocks,radio,b,CA2;CBC;MF3,converted-and-verified,manual,label
3771,2538,81163,multiple-choice,single,obsidian-quiz-blocks,radio,c,CA2;CBC;MF3,converted-and-verified,manual,label
3811,39811,149953,multiple-choice,single,obsidian-quiz-blocks,radio,a,CBC;CA1;MF3,converted-and-verified,manual,label
3811,39811,149954,multiple-choice,single,obsidian-quiz-blocks,radio,a,CBC;CA1;MF3,converted-and-verified,manual,label
3811,39814,149956,multiple-choice,single,obsidian-quiz-blocks,radio,d,CBC;CA1;MF3,converted-and-verified,manual,label
3811,39814,149955,multiple-choice,single,obsidian-quiz-blocks,radio,a,CBC;CA1;MF3,converted-and-verified,manual,label
3811,39823,149958,multiple-choice,single,obsidian-quiz-blocks,radio,d,CBC;CA1;MF3,converted-and-verified,manual,label
3811,39823,149957,multiple-choice,single,obsidian-quiz-blocks,radio,d,CBC;CA1;MF3,converted-and-verified,manual,label
3812,38295,144030,multiple-choice,single,obsidian-quiz-blocks,radio,c,CBC,converted-and-verified,image-id,answer-image-id-1
3812,38295,157417,multiple-choice,single,obsidian-quiz-blocks,radio,a,CBC,converted-and-verified,image-id,answer-image-id-1
3812,41685,144032,multiple-choice,single,obsidian-quiz-blocks,radio,d,CBC,converted-and-verified,image-id,answer-image-id-1
3812,41685,157456,multiple-choice,single,obsidian-quiz-blocks,radio,a,CBC,converted-and-verified,image-id,answer-image-id-1
3825,2523,50977,multiple-choice,single,obsidian-quiz-blocks,radio,c,CA2;CBC;MF3,converted-and-verified,manual,label
3825,2523,50974,multiple-choice,single,obsidian-quiz-blocks,radio,e,CA2;CBC;MF3,converted-and-verified,manual,label
3825,2525,50687,multiple-choice,single,obsidian-quiz-blocks,radio,a,CA2;CBC;MF3,converted-and-verified,manual,label
3825,2525,15523,multiple-choice,single,obsidian-quiz-blocks,radio,a,CA2;CBC;MF3,converted-and-verified,manual,label
3826,613839,13816,multiple-choice,single,obsidian-quiz-blocks,radio,d,CA2;CBC;MF3,converted-and-verified,manual,label
3826,613839,18903,multiple-choice,single,obsidian-quiz-blocks,radio,a,CA2;CBC;MF3,converted-and-verified,manual,label
3826,613842,9608,multiple-choice,single,obsidian-quiz-blocks,radio,c,CA2;CBC;MF3,converted-and-verified,manual,label
3826,613842,9597,multiple-choice,single,obsidian-quiz-blocks,radio,c,CA2;CBC;MF3,converted-and-verified,manual,label
3831,37528,104366,multiple-choice,single,obsidian-quiz-blocks,radio,d,CA1;CAB;CBC,converted-and-verified,manual,label
3831,37528,73110,multiple-choice,single,obsidian-quiz-blocks,radio,c,CA1;CAB;CBC,converted-and-verified,manual,label
3831,37555,104380,multiple-choice,single,obsidian-quiz-blocks,radio,d,CA1;CAB;CBC,converted-and-verified,manual,label
3831,37555,47521,multiple-choice,single,obsidian-quiz-blocks,radio,a,CA1;CAB;CBC,converted-and-verified,manual,label
3834,2206,50415,multiple-choice,single,obsidian-quiz-blocks,radio,d,CA2;CBC,converted-and-verified,manual,label
3834,2206,17178,multiple-choice,single,obsidian-quiz-blocks,radio,b,CA2;CBC,converted-and-verified,manual,label
3834,37487,103835,multiple-choice,single,obsidian-quiz-blocks,radio,e,CA2;CBC,converted-and-verified,manual,label
3834,37487,17181,multiple-choice,single,obsidian-quiz-blocks,radio,e,CA2;CBC,converted-and-verified,manual,label
3838,2266,49566,multiple-choice,single,obsidian-quiz-blocks,radio,e,CA2;CBC,converted-and-verified,manual,label
3838,2266,17584,multiple-choice,single,obsidian-quiz-blocks,radio,b,CA2;CBC,converted-and-verified,manual,label
3838,2270,49571,multiple-choice,single,obsidian-quiz-blocks,radio,e,CA2;CBC,converted-and-verified,manual,label
3838,2270,141267,multiple-choice,single,obsidian-quiz-blocks,radio,b,CA2;CBC,converted-and-verified,manual,label
3838,37632,40144,multiple-choice,single,obsidian-quiz-blocks,radio,d,CA2;CBC,converted-and-verified,manual,label
3838,37632,49569,multiple-choice,single,obsidian-quiz-blocks,radio,a,CA2;CBC,converted-and-verified,manual,label
3844,2297,81057,multiple-choice,single,obsidian-quiz-blocks,radio,a,CA2;CBC,converted-and-verified,manual,label
3844,2297,143175,multiple-choice,single,obsidian-quiz-blocks,radio,c,CA2;CBC,converted-and-verified,manual,label
3844,37691,80989,multiple-choice,single,obsidian-quiz-blocks,radio,a,CA2;CBC,converted-and-verified,manual,label
3844,37691,143222,multiple-choice,single,obsidian-quiz-blocks,radio,d,CA2;CBC,converted-and-verified,manual,label
3844,37729,123820,multiple-choice,single,obsidian-quiz-blocks,radio,e,CA2;CBC,converted-and-verified,manual,label
3844,37729,123813,multiple-choice,single,obsidian-quiz-blocks,radio,e,CA2;CBC,converted-and-verified,manual,label
3846,12804,2452,multiple-choice,single,obsidian-quiz-blocks,radio,b,CA1;CAB;CBC;MF3,converted-and-verified,manual,label
3846,12804,22794,multiple-choice,single,obsidian-quiz-blocks,radio,e,CA1;CAB;CBC;MF3,converted-and-verified,manual,label
3846,12809,22703,multiple-choice,single,obsidian-quiz-blocks,radio,c,CA1;CAB;CBC;MF3,converted-and-verified,manual,label
3846,12809,22809,multiple-choice,single,obsidian-quiz-blocks,radio,d,CA1;CAB;CBC;MF3,converted-and-verified,manual,label
3846,12814,31214,multiple-choice,single,obsidian-quiz-blocks,radio,b,CA1;CAB;CBC;MF3,converted-and-verified,manual,label
3846,12814,31229,multiple-choice,single,obsidian-quiz-blocks,radio,a,CA1;CAB;CBC;MF3,converted-and-verified,manual,label
3854,2212,75305,multiple-choice,single,obsidian-quiz-blocks,radio,a,CA2;CBC;MF3,converted-and-verified,manual,label
3854,2212,50476,multiple-choice,single,obsidian-quiz-blocks,radio,c,CA2;CBC;MF3,converted-and-verified,manual,label
3854,37857,9390,multiple-choice,single,obsidian-quiz-blocks,radio,d,CA2;CBC;MF3,converted-and-verified,manual,label
3854,37857,9388,multiple-choice,single,obsidian-quiz-blocks,radio,e,CA2;CBC;MF3,converted-and-verified,manual,label
3858,37945,50954,multiple-choice,single,obsidian-quiz-blocks,radio,d,CA2;CBC,converted-and-verified,manual,label
3858,37945,50534,multiple-choice,single,obsidian-quiz-blocks,radio,d,CA2;CBC,converted-and-verified,manual,label
3858,37948,50956,multiple-choice,single,obsidian-quiz-blocks,radio,e,CA2;CBC,converted-and-verified,manual,label
3858,37948,125945,multiple-choice,single,obsidian-quiz-blocks,radio,b,CA2;CBC,converted-and-verified,manual,label
3858,37949,50451,multiple-choice,single,obsidian-quiz-blocks,radio,c,CA2;CBC,converted-and-verified,manual,label
3858,37949,50625,multiple-choice,single,obsidian-quiz-blocks,radio,c,CA2;CBC,converted-and-verified,manual,label
3860,1853,119161,multiple-choice,single,obsidian-quiz-blocks,radio,a,CAB;CBC;CA2;DEQ;PS1,converted-and-verified,manual,label
3860,1853,119172,multiple-choice,single,obsidian-quiz-blocks,radio,e,CAB;CBC;CA2;DEQ;PS1,converted-and-verified,manual,label
3860,38002,38324,multiple-choice,single,obsidian-quiz-blocks,radio,a,CAB;CBC;CA2;DEQ;PS1,converted-and-verified,manual,label
3860,38002,38325,multiple-choice,single,obsidian-quiz-blocks,radio,b,CAB;CBC;CA2;DEQ;PS1,converted-and-verified,manual,label
3860,38012,38252,multiple-choice,single,obsidian-quiz-blocks,radio,e,CAB;CBC;CA2;DEQ;PS1,converted-and-verified,manual,label
3860,38012,80491,multiple-choice,single,obsidian-quiz-blocks,radio,d,CAB;CBC;CA2;DEQ;PS1,converted-and-verified,manual,label
3860,38016,38329,multiple-choice,single,obsidian-quiz-blocks,radio,d,CAB;CBC;CA2;DEQ;PS1,converted-and-verified,manual,label
3860,38016,38563,multiple-choice,single,obsidian-quiz-blocks,radio,e,CAB;CBC;CA2;DEQ;PS1,converted-and-verified,manual,label
3861,2301,80992,multiple-choice,single,obsidian-quiz-blocks,radio,e,CA2;CBC,converted-and-verified,manual,label
3861,2301,81072,multiple-choice,single,obsidian-quiz-blocks,radio,b,CA2;CBC,converted-and-verified,manual,label
3861,38023,123831,multiple-choice,single,obsidian-quiz-blocks,radio,e,CA2;CBC,converted-and-verified,manual,label
3861,38023,81152,multiple-choice,single,obsidian-quiz-blocks,radio,d,CA2;CBC,converted-and-verified,manual,label
3861,38024,81066,multiple-choice,single,obsidian-quiz-blocks,radio,e,CA2;CBC,converted-and-verified,manual,label
3861,38024,81067,multiple-choice,single,obsidian-quiz-blocks,radio,c,CA2;CBC,converted-and-verified,manual,label
3895,38154,141479,multiple-choice,single,obsidian-quiz-blocks,radio,d,CA2;CBC,converted-and-verified,manual,label
3895,38154,143555,multiple-choice,single,obsidian-quiz-blocks,radio,b,CA2;CBC,converted-and-verified,manual,label
3895,38614,143587,multiple-choice,single,obsidian-quiz-blocks,radio,d,CA2;CBC,converted-and-verified,manual,label
3895,38614,145085,multiple-choice,single,obsidian-quiz-blocks,radio,b,CA2;CBC,converted-and-verified,manual,label
3896,38627,141884,multiple-choice,single,obsidian-quiz-blocks,radio,d,CA1;CAB;CBC,converted-and-verified,manual,label
3896,38627,104045,multiple-choice,single,obsidian-quiz-blocks,radio,b,CA1;CAB;CBC,converted-and-verified,manual,label
3896,38630,104258,multiple-choice,single,obsidian-quiz-blocks,radio,b,CA1;CAB;CBC,converted-and-verified,manual,label
3896,38630,104274,multiple-choice,single,obsidian-quiz-blocks,radio,b,CA1;CAB;CBC,converted-and-verified,manual,label
3896,38631,18651,multiple-choice,single,obsidian-quiz-blocks,radio,a,CA1;CAB;CBC,converted-and-verified,manual,label
3896,38631,144828,multiple-choice,single,obsidian-quiz-blocks,radio,b,CA1;CAB;CBC,converted-and-verified,manual,label
3896,38632,104262,multiple-choice,single,obsidian-quiz-blocks,radio,d,CA1;CAB;CBC,converted-and-verified,manual,label
3896,38632,104271,multiple-choice,single,obsidian-quiz-blocks,radio,c,CA1;CAB;CBC,converted-and-verified,manual,label
3950,39567,148638,multiple-choice,single,obsidian-quiz-blocks,radio,d,CA1;CAB;CBC,converted-and-verified,manual,label
3950,39567,149413,multiple-choice,single,obsidian-quiz-blocks,radio,a,CA1;CAB;CBC,converted-and-verified,manual,label
3950,39568,148753,multiple-choice,single,obsidian-quiz-blocks,radio,a,CA1;CAB;CBC,converted-and-verified,manual,label
3950,39568,149532,multiple-choice,single,obsidian-quiz-blocks,radio,e,CA1;CAB;CBC,converted-and-verified,manual,label
3950,39569,148766,multiple-choice,single,obsidian-quiz-blocks,radio,f,CA1;CAB;CBC,converted-and-verified,manual-mathematical-repair,label
3950,39569,148768,multiple-choice,single,obsidian-quiz-blocks,radio,d,CA1;CAB;CBC,converted-and-verified,manual,label
3950,39706,148639,multiple-choice,single,obsidian-quiz-blocks,radio,e,CA1;CAB;CBC,converted-and-verified,manual,label
3950,39706,149439,multiple-choice,single,obsidian-quiz-blocks,radio,a,CA1;CAB;CBC,converted-and-verified,manual,label
3956,38209,143778,multiple-choice,single,obsidian-quiz-blocks,radio,b,CAB;CBC,converted-and-verified,manual,label
3956,38209,157065,multiple-choice,single,obsidian-quiz-blocks,radio,b,CAB;CBC,converted-and-verified,manual,label
3956,39687,149242,multiple-choice,single,obsidian-quiz-blocks,radio,e,CAB;CBC,converted-and-verified,manual,label
3956,39687,157167,multiple-choice,single,obsidian-quiz-blocks,radio,b,CAB;CBC,converted-and-verified,manual,label
3956,39699,157089,multiple-choice,single,obsidian-quiz-blocks,radio,c,CAB;CBC,converted-and-verified,manual,label
3956,39699,157092,multiple-choice,single,obsidian-quiz-blocks,radio,b,CAB;CBC,converted-and-verified,manual,label
4004,39874,20891,multiple-choice,single,obsidian-quiz-blocks,radio,b,CA2;CBC,converted-and-verified,manual,label
4004,39874,100494,multiple-choice,single,obsidian-quiz-blocks,radio,b,CA2;CBC,converted-and-verified,manual,label
4004,39875,152878,multiple-choice,single,obsidian-quiz-blocks,radio,d,CA2;CBC,converted-and-verified,manual,label
4004,39875,20383,multiple-choice,single,obsidian-quiz-blocks,radio,c,CA2;CBC,converted-and-verified,manual,label
4004,40780,20699,multiple-choice,single,obsidian-quiz-blocks,radio,e,CA2;CBC,converted-and-verified,manual,label
4004,40780,152231,multiple-choice,single,obsidian-quiz-blocks,radio,a,CA2;CBC,converted-and-verified,manual,label
4005,612755,152085,multiple-choice,single,obsidian-quiz-blocks,radio,b,CA2;CBC,converted-and-verified,manual,label
4005,612755,20873,multiple-choice,single,obsidian-quiz-blocks,radio,c,CA2;CBC,converted-and-verified,manual,label
4005,612759,100358,multiple-choice,single,obsidian-quiz-blocks,radio,b,CA2;CBC,converted-and-verified,manual,label
4005,612759,100493,multiple-choice,single,obsidian-quiz-blocks,radio,b,CA2;CBC,converted-and-verified,manual,label
4005,612762,6037,multiple-choice,single,obsidian-quiz-blocks,radio,c,CA2;CBC,converted-and-verified,manual,label
4005,612762,100492,multiple-choice,single,obsidian-quiz-blocks,radio,a,CA2;CBC,converted-and-verified,manual,label
4005,612765,20502,multiple-choice,single,obsidian-quiz-blocks,radio,d,CA2;CBC,converted-and-verified,manual,label
4005,612765,152667,multiple-choice,single,obsidian-quiz-blocks,radio,b,CA2;CBC,converted-and-verified,manual,label
4052,41219,124082,multiple-choice,single,obsidian-quiz-blocks,radio,a,CA2;CBC,converted-and-verified,manual,label
4052,41219,49828,multiple-choice,single,obsidian-quiz-blocks,radio,d,CA2;CBC,converted-and-verified,manual,label
4052,41223,49834,multiple-choice,single,obsidian-quiz-blocks,radio,e,CA2;CBC,converted-and-verified,manual,label
4052,41223,157080,multiple-choice,single,obsidian-quiz-blocks,radio,b,CA2;CBC,converted-and-verified,manual,label
4052,41633,124079,multiple-choice,single,obsidian-quiz-blocks,radio,d,CA2;CBC,converted-and-verified,manual,label
4052,41633,49624,multiple-choice,single,obsidian-quiz-blocks,radio,a,CA2;CBC,converted-and-verified,manual,label
4052,41634,76692,multiple-choice,single,obsidian-quiz-blocks,radio,a,CA2;CBC,converted-and-verified,manual,label
4052,41634,49833,multiple-choice,single,obsidian-quiz-blocks,radio,e,CA2;CBC,converted-and-verified,manual,label
4057,41311,156651,multiple-choice,single,obsidian-quiz-blocks,radio,e,CA1;CAB;CBC,converted-and-verified,manual,label
4057,41311,72582,multiple-choice,single,obsidian-quiz-blocks,radio,d,CA1;CAB;CBC,converted-and-verified,manual,label
4057,41314,15666,multiple-choice,single,obsidian-quiz-blocks,radio,e,CA1;CAB;CBC,converted-and-verified,manual,label
4057,41314,48959,multiple-choice,single,obsidian-quiz-blocks,radio,a,CA1;CAB;CBC,converted-and-verified,manual,label
4057,41420,48978,multiple-choice,single,obsidian-quiz-blocks,radio,b,CA1;CAB;CBC,converted-and-verified,manual,label
4057,41420,48981,multiple-choice,single,obsidian-quiz-blocks,radio,b,CA1;CAB;CBC,converted-and-verified,manual,label
4057,41527,107517,multiple-choice,single,obsidian-quiz-blocks,radio,c,CA1;CAB;CBC,converted-and-verified,manual,label
4057,41527,72579,multiple-choice,single,obsidian-quiz-blocks,radio,d,CA1;CAB;CBC,converted-and-verified,manual,label
4059,41331,48800,multiple-choice,single,obsidian-quiz-blocks,radio,d,CA1;CAB;CBC;MF3,converted-and-verified,manual,label
4059,41331,72220,multiple-choice,single,obsidian-quiz-blocks,radio,d,CA1;CAB;CBC;MF3,converted-and-verified,manual,label
4059,41375,155952,multiple-choice,single,obsidian-quiz-blocks,radio,c,CA1;CAB;CBC;MF3,converted-and-verified,manual,label
4059,41375,155953,multiple-choice,single,obsidian-quiz-blocks,radio,c,CA1;CAB;CBC;MF3,converted-and-verified,manual,label
4059,41593,48798,multiple-choice,single,obsidian-quiz-blocks,radio,a,CA1;CAB;CBC;MF3,converted-and-verified,manual,label
4059,41593,72219,multiple-choice,single,obsidian-quiz-blocks,radio,b,CA1;CAB;CBC;MF3,converted-and-verified,manual,label
4080,38233,143819,multiple-choice,single,obsidian-quiz-blocks,radio,a,CAB;CBC,converted-and-verified,manual,label
4080,38233,143823,multiple-choice,single,obsidian-quiz-blocks,radio,b,CAB;CBC,converted-and-verified,manual,label
4080,38246,149348,multiple-choice,single,obsidian-quiz-blocks,radio,c,CAB;CBC,converted-and-verified,manual,label
4080,38246,157208,multiple-choice,single,obsidian-quiz-blocks,radio,e,CAB;CBC,converted-and-verified,manual,label
4084,39697,157972,multiple-choice,single,obsidian-quiz-blocks,radio,a,CBC,converted-and-verified,manual,label
4084,39697,157245,multiple-choice,single,obsidian-quiz-blocks,radio,c,CBC,converted-and-verified,manual,label
4084,39698,149347,multiple-choice,single,obsidian-quiz-blocks,radio,c,CBC,converted-and-verified,manual,label
4084,39698,149346,multiple-choice,single,obsidian-quiz-blocks,radio,e,CBC,converted-and-verified,manual,label
4084,41731,157246,multiple-choice,single,obsidian-quiz-blocks,radio,d,CBC,converted-and-verified,manual,label
4084,41731,157249,multiple-choice,single,obsidian-quiz-blocks,radio,a,CBC,converted-and-verified,manual,label
4139,2151,50379,multiple-choice,single,obsidian-quiz-blocks,radio,b,CA2;CBC;MF3,converted-and-verified,manual,label
4139,2151,50408,multiple-choice,single,obsidian-quiz-blocks,radio,b,CA2;CBC;MF3,converted-and-verified,manual,label
4139,2153,50469,multiple-choice,single,obsidian-quiz-blocks,radio,a,CA2;CBC;MF3,converted-and-verified,manual,label
4139,2153,50466,multiple-choice,single,obsidian-quiz-blocks,radio,c,CA2;CBC;MF3,converted-and-verified,manual,label
4139,8191,32415,multiple-choice,single,obsidian-quiz-blocks,radio,b,CA2;CBC;MF3,converted-and-verified,manual,label
4139,8191,32277,multiple-choice,single,obsidian-quiz-blocks,radio,a,CA2;CBC;MF3,converted-and-verified,manual,label
4218,119265,49055,multiple-choice,single,obsidian-quiz-blocks,radio,c,CA1;CAB;CBC;MF3,converted-and-verified,manual,label
4218,119265,118390,multiple-choice,single,obsidian-quiz-blocks,radio,b,CA1;CAB;CBC;MF3,converted-and-verified,manual,label
4218,119269,16977,multiple-choice,single,obsidian-quiz-blocks,radio,d,CA1;CAB;CBC;MF3,converted-and-verified,manual,label
4218,119269,18499,multiple-choice,single,obsidian-quiz-blocks,radio,b,CA1;CAB;CBC;MF3,converted-and-verified,manual,label
4218,119272,3442,multiple-choice,single,obsidian-quiz-blocks,radio,c,CA1;CAB;CBC;MF3,converted-and-verified,manual,label
4218,119272,211243,multiple-choice,single,obsidian-quiz-blocks,radio,d,CA1;CAB;CBC;MF3,converted-and-verified,manual,label
