topic-id,step-id,question-id,question-type,answer-cardinality,quiz-block-format,quiz-block-type,quiz-answer-labels,quiz-updated-courses,quiz-status,quiz-answer-source,quiz-answer-rule
14,14287,58,multiple-choice,single,obsidian-quiz-blocks,radio,c,MF2,converted-and-verified,manual,label
14,14287,57,multiple-choice,single,obsidian-quiz-blocks,radio,b,MF2,converted-and-verified,manual,label
14,14288,66220,multiple-choice,single,obsidian-quiz-blocks,radio,e,MF2,converted-and-verified,manual,label
14,14288,66160,multiple-choice,single,obsidian-quiz-blocks,radio,a,MF2,converted-and-verified,manual,label
14,14289,952,multiple-choice,single,obsidian-quiz-blocks,radio,b,MF2,converted-and-verified,manual,label
14,14289,953,multiple-choice,single,obsidian-quiz-blocks,radio,d,MF2,converted-and-verified,manual,label
14,14290,66238,multiple-choice,single,obsidian-quiz-blocks,radio,b,MF2,converted-and-verified,manual,label
14,14290,66209,multiple-choice,single,obsidian-quiz-blocks,radio,d,MF2,converted-and-verified,manual,label
28,467833,23110,multiple-choice,single,obsidian-quiz-blocks,radio,b,MF2,converted-and-verified,manual,label
28,467833,227371,free-response,single,obsidian-quiz-blocks,radio,b,MF2,converted-and-verified,manual,label
28,467833,28045,multiple-choice,single,obsidian-quiz-blocks,radio,c,MF2,converted-and-verified,manual,label
28,467837,227376,free-response,single,obsidian-quiz-blocks,radio,c,MF2,converted-and-verified,manual,label
28,467837,262868,free-response,single,obsidian-quiz-blocks,radio,b,MF2,converted-and-verified,manual,label
28,467840,957,multiple-choice,single,obsidian-quiz-blocks,radio,c,MF2,converted-and-verified,manual,label
28,467840,262884,free-response,single,obsidian-quiz-blocks,radio,d,MF2,converted-and-verified,manual,label
28,467840,66882,multiple-choice,single,obsidian-quiz-blocks,radio,b,MF2,converted-and-verified,manual,label
29,16080,101,multiple-choice,single,obsidian-quiz-blocks,radio,d,MF3,converted-and-verified,manual,label
29,16080,11440,multiple-choice,single,obsidian-quiz-blocks,radio,c,MF3,converted-and-verified,manual,label
29,16082,108,multiple-choice,single,obsidian-quiz-blocks,radio,e,MF3,converted-and-verified,manual,label
29,16082,11478,multiple-choice,single,obsidian-quiz-blocks,radio,a,MF3,converted-and-verified,manual,label
29,16144,103,multiple-choice,single,obsidian-quiz-blocks,radio,d,MF3,converted-and-verified,manual,label
29,16144,105,multiple-choice,single,obsidian-quiz-blocks,radio,a,MF3,converted-and-verified,manual,label
30,14489,47194,multiple-choice,single,obsidian-quiz-blocks,radio,c,MF2,converted-and-verified,manual,label
30,14489,66907,multiple-choice,single,obsidian-quiz-blocks,radio,c,MF2,converted-and-verified,manual,label
30,14490,1100,multiple-choice,single,obsidian-quiz-blocks,radio,b,MF2,converted-and-verified,manual,label
30,14490,1109,multiple-choice,single,obsidian-quiz-blocks,radio,c,MF2,converted-and-verified,manual,label
30,14492,47203,multiple-choice,single,obsidian-quiz-blocks,radio,d,MF2,converted-and-verified,manual,label
30,14492,47200,multiple-choice,single,obsidian-quiz-blocks,radio,c,MF2,converted-and-verified,manual,label
30,14503,1102,multiple-choice,single,obsidian-quiz-blocks,radio,c,MF2,converted-and-verified,manual,label
30,14503,1111,multiple-choice,single,obsidian-quiz-blocks,radio,c,MF2,converted-and-verified,manual,label
31,14293,118,multiple-choice,single,obsidian-quiz-blocks,radio,b,MF2,converted-and-verified,manual,label
31,14293,588,multiple-choice,single,obsidian-quiz-blocks,radio,c,MF2,converted-and-verified,manual,label
31,14294,121,multiple-choice,single,obsidian-quiz-blocks,radio,b,MF2,converted-and-verified,manual,label
31,14294,595,multiple-choice,single,obsidian-quiz-blocks,radio,a,MF2,converted-and-verified,manual,label
31,14295,126,multiple-choice,single,obsidian-quiz-blocks,radio,d,MF2,converted-and-verified,manual,label
31,14295,617,multiple-choice,single,obsidian-quiz-blocks,radio,c,MF2,converted-and-verified,manual,label
31,14296,66351,multiple-choice,single,obsidian-quiz-blocks,radio,d,MF2,converted-and-verified,manual,label
31,14296,66349,multiple-choice,single,obsidian-quiz-blocks,radio,c,MF2,converted-and-verified,manual,label
32,13779,66304,multiple-choice,single,obsidian-quiz-blocks,radio,d,MF2,converted-and-verified,manual,label
32,13779,544,multiple-choice,single,obsidian-quiz-blocks,radio,c,MF2,converted-and-verified,manual,label
32,13780,925,multiple-choice,single,obsidian-quiz-blocks,radio,d,MF2,converted-and-verified,manual,label
32,13780,547,multiple-choice,single,obsidian-quiz-blocks,radio,c,MF2,converted-and-verified,manual,label
32,13785,928,multiple-choice,single,obsidian-quiz-blocks,radio,a,MF2,converted-and-verified,manual,label
32,13785,571,multiple-choice,single,obsidian-quiz-blocks,radio,e,MF2,converted-and-verified,manual,label
32,13932,66488,multiple-choice,single,obsidian-quiz-blocks,radio,a,MF2,converted-and-verified,manual,label
32,13932,66489,multiple-choice,single,obsidian-quiz-blocks,radio,e,MF2,converted-and-verified,manual,label
33,456603,66360,multiple-choice,single,obsidian-quiz-blocks,radio,d,MF2,converted-and-verified,manual,label
33,456603,66361,multiple-choice,single,obsidian-quiz-blocks,radio,c,MF2,converted-and-verified,manual,label
33,456603,250348,free-response,multi,obsidian-quiz-blocks,radio,c,MF2,converted-and-verified,manual,label
33,456608,250369,free-response,single,obsidian-quiz-blocks,radio,a,MF2,converted-and-verified,manual,label
33,456608,54608,multiple-choice,single,obsidian-quiz-blocks,radio,e,MF2,converted-and-verified,manual,label
33,456608,250386,free-response,single,obsidian-quiz-blocks,radio,a,MF2,converted-and-verified,manual,label
33,456612,66371,multiple-choice,single,obsidian-quiz-blocks,radio,d,MF2,converted-and-verified,manual,label
33,456612,218538,free-response,multi,obsidian-quiz-blocks,radio,a,MF2,converted-and-verified,manual,label
33,456612,86584,multiple-choice,single,obsidian-quiz-blocks,radio,e,MF2,converted-and-verified,manual,label
33,456617,218539,free-response,multi,obsidian-quiz-blocks,radio,a,MF2,converted-and-verified,manual,label
33,456617,539,multiple-choice,single,obsidian-quiz-blocks,radio,a,MF2,converted-and-verified,manual,label
33,456617,250605,free-response,multi,obsidian-quiz-blocks,radio,d,MF2,converted-and-verified,manual,label
34,464643,897,multiple-choice,single,obsidian-quiz-blocks,radio,b,MF2,converted-and-verified,manual,label
34,464643,69686,multiple-choice,single,obsidian-quiz-blocks,radio,d,MF2,converted-and-verified,manual,label
34,464646,70255,multiple-choice,single,obsidian-quiz-blocks,radio,a,MF2,converted-and-verified,manual,label
34,464646,70257,multiple-choice,single,obsidian-quiz-blocks,radio,c,MF2,converted-and-verified,manual,label
34,464649,899,multiple-choice,single,obsidian-quiz-blocks,radio,a,MF2,converted-and-verified,manual,label
34,464649,904,multiple-choice,single,obsidian-quiz-blocks,radio,a,MF2,converted-and-verified,manual,label
35,626,290,multiple-choice,single,obsidian-quiz-blocks,radio,a,CAB;CBC;CA1;MF2,converted-and-verified,manual,label
35,626,284,multiple-choice,single,obsidian-quiz-blocks,radio,a,CAB;CBC;CA1;MF2,converted-and-verified,manual,label
35,629,47845,multiple-choice,single,obsidian-quiz-blocks,radio,b,CAB;CBC;CA1;MF2,converted-and-verified,manual,label
35,629,47830,multiple-choice,single,obsidian-quiz-blocks,radio,b,CAB;CBC;CA1;MF2,converted-and-verified,manual,label
35,631,47843,multiple-choice,single,obsidian-quiz-blocks,radio,a,CAB;CBC;CA1;MF2,converted-and-verified,manual,label
35,631,47840,multiple-choice,single,obsidian-quiz-blocks,radio,e,CAB;CBC;CA1;MF2,converted-and-verified,manual,label
35,634,47824,multiple-choice,single,obsidian-quiz-blocks,radio,c,CAB;CBC;CA1;MF2,converted-and-verified,manual,label
35,634,47826,multiple-choice,single,obsidian-quiz-blocks,radio,c,CAB;CBC;CA1;MF2,converted-and-verified,manual,label
37,345,35281,multiple-choice,single,obsidian-quiz-blocks,radio,d,CAB;CBC;CA1;MF2,converted-and-verified,manual,label
37,345,54406,multiple-choice,single,obsidian-quiz-blocks,radio,a,CAB;CBC;CA1;MF2,converted-and-verified,manual,label
37,346,35616,multiple-choice,single,obsidian-quiz-blocks,radio,a,CAB;CBC;CA1;MF2,converted-and-verified,manual,label
37,346,35294,multiple-choice,single,obsidian-quiz-blocks,radio,a,CAB;CBC;CA1;MF2,converted-and-verified,manual,label
37,12007,17279,multiple-choice,single,obsidian-quiz-blocks,radio,b,CAB;CBC;CA1;MF2,converted-and-verified,manual,label
37,12007,4458,multiple-choice,single,obsidian-quiz-blocks,radio,c,CAB;CBC;CA1;MF2,converted-and-verified,manual,label
37,12008,35644,multiple-choice,single,obsidian-quiz-blocks,radio,e,CAB;CBC;CA1;MF2,converted-and-verified,manual,label
37,12008,35641,multiple-choice,single,obsidian-quiz-blocks,radio,a,CAB;CBC;CA1;MF2,converted-and-verified,manual,label
38,52056,153593,multiple-choice,single,obsidian-quiz-blocks,radio,d,MF1,converted-and-verified,manual,label
38,52056,153592,multiple-choice,single,obsidian-quiz-blocks,radio,e,MF1,converted-and-verified,manual,label
38,52060,3018,multiple-choice,single,obsidian-quiz-blocks,radio,c,MF1,converted-and-verified,manual,label
38,52060,153999,multiple-choice,single,obsidian-quiz-blocks,radio,c,MF1,converted-and-verified,manual,label
38,52063,153984,multiple-choice,single,obsidian-quiz-blocks,radio,b,MF1,converted-and-verified,manual,label
38,52063,154018,multiple-choice,single,obsidian-quiz-blocks,radio,b,MF1,converted-and-verified,manual,label
38,52066,153596,multiple-choice,single,obsidian-quiz-blocks,radio,c,MF1,converted-and-verified,manual,label
38,52066,153985,multiple-choice,single,obsidian-quiz-blocks,radio,e,MF1,converted-and-verified,manual,label
38,52066,153986,multiple-choice,single,obsidian-quiz-blocks,radio,b,MF1,converted-and-verified,manual,label
40,72102,239,multiple-choice,single,obsidian-quiz-blocks,radio,c,MF1,converted-and-verified,manual,label
40,72102,6234,multiple-choice,single,obsidian-quiz-blocks,radio,a,MF1,converted-and-verified,manual,label
40,72105,101702,multiple-choice,single,obsidian-quiz-blocks,radio,e,MF1,converted-and-verified,manual,label
40,72105,44283,multiple-choice,single,obsidian-quiz-blocks,radio,b,MF1,converted-and-verified,manual,label
40,72109,57807,multiple-choice,single,obsidian-quiz-blocks,radio,d,MF1,converted-and-verified,manual,label
40,72109,44284,multiple-choice,single,obsidian-quiz-blocks,radio,e,MF1,converted-and-verified,manual,label
40,72113,170,multiple-choice,single,obsidian-quiz-blocks,radio,c,MF1,converted-and-verified,manual,label
40,72113,430,multiple-choice,single,obsidian-quiz-blocks,radio,a,MF1,converted-and-verified,manual,label
43,1347,2028,multiple-choice,single,obsidian-quiz-blocks,radio,b,CAB;CBC;CA1;MF2,converted-and-verified,manual,label
43,1347,2030,multiple-choice,single,obsidian-quiz-blocks,radio,e,CAB;CBC;CA1;MF2,converted-and-verified,manual,label
43,1349,71142,multiple-choice,single,obsidian-quiz-blocks,radio,b,CAB;CBC;CA1;MF2,converted-and-verified,manual,label
43,1349,71143,multiple-choice,single,obsidian-quiz-blocks,radio,e,CAB;CBC;CA1;MF2,converted-and-verified,manual,label
45,86200,1139,multiple-choice,single,obsidian-quiz-blocks,radio,d,MF2,converted-and-verified,manual,label
45,86200,1150,multiple-choice,single,obsidian-quiz-blocks,radio,d,MF2,converted-and-verified,manual,label
45,86200,36543,multiple-choice,single,obsidian-quiz-blocks,radio,a,MF2,converted-and-verified,manual,label
45,86204,80281,multiple-choice,single,obsidian-quiz-blocks,radio,d,MF2,converted-and-verified,manual,label
45,86204,1138,multiple-choice,single,obsidian-quiz-blocks,radio,c,MF2,converted-and-verified,manual,label
45,86204,1153,multiple-choice,single,obsidian-quiz-blocks,radio,d,MF2,converted-and-verified,manual,label
45,86209,1167,multiple-choice,single,obsidian-quiz-blocks,radio,a,MF2,converted-and-verified,manual,label
45,86209,1166,multiple-choice,single,obsidian-quiz-blocks,radio,d,MF2,converted-and-verified,manual,label
45,86213,1145,multiple-choice,single,obsidian-quiz-blocks,radio,c,MF2,converted-and-verified,manual,label
45,86213,1144,multiple-choice,single,obsidian-quiz-blocks,radio,d,MF2,converted-and-verified,manual,label
57,807,2282,multiple-choice,single,obsidian-quiz-blocks,radio,c,CAB;CBC;MF3;CA1,converted-and-verified,manual,label
57,807,2284,multiple-choice,single,obsidian-quiz-blocks,radio,a,CAB;CBC;MF3;CA1,converted-and-verified,manual,label
57,810,15134,multiple-choice,single,obsidian-quiz-blocks,radio,b,CAB;CBC;MF3;CA1,converted-and-verified,manual,label
57,810,53746,multiple-choice,single,obsidian-quiz-blocks,radio,e,CAB;CBC;MF3;CA1,converted-and-verified,manual,label
57,814,15140,multiple-choice,single,obsidian-quiz-blocks,radio,d,CAB;CBC;MF3;CA1,converted-and-verified,manual,label
57,814,15259,multiple-choice,single,obsidian-quiz-blocks,radio,b,CAB;CBC;MF3;CA1,converted-and-verified,manual,label
57,22699,2286,multiple-choice,single,obsidian-quiz-blocks,radio,a,CAB;CBC;MF3;CA1,converted-and-verified,manual,label
57,22699,2287,multiple-choice,single,obsidian-quiz-blocks,radio,c,CAB;CBC;MF3;CA1,converted-and-verified,manual,label
63,53779,54496,multiple-choice,single,obsidian-quiz-blocks,radio,d,MF1,converted-and-verified,manual,label
63,53779,56609,multiple-choice,single,obsidian-quiz-blocks,radio,a,MF1,converted-and-verified,manual,label
63,53782,21257,multiple-choice,single,obsidian-quiz-blocks,radio,d,MF1,converted-and-verified,manual,label
63,53782,56611,multiple-choice,single,obsidian-quiz-blocks,radio,c,MF1,converted-and-verified,manual,label
63,53786,43958,multiple-choice,single,obsidian-quiz-blocks,radio,a,MF1,converted-and-verified,manual,label
63,53786,56613,multiple-choice,single,obsidian-quiz-blocks,radio,d,MF1,converted-and-verified,manual,label
64,73029,719,multiple-choice,single,obsidian-quiz-blocks,radio,d,MF1,converted-and-verified,manual,label
64,73029,723,multiple-choice,single,obsidian-quiz-blocks,radio,d,MF1,converted-and-verified,manual,label
64,73029,57597,multiple-choice,single,obsidian-quiz-blocks,radio,d,MF1,converted-and-verified,manual,label
64,73033,179512,multiple-choice,single,obsidian-quiz-blocks,radio,b,MF1,converted-and-verified,manual,label
64,73033,44247,multiple-choice,single,obsidian-quiz-blocks,radio,c,MF1,converted-and-verified,manual,label
64,73033,44272,multiple-choice,single,obsidian-quiz-blocks,radio,a,MF1,converted-and-verified,manual,label
64,73038,41206,multiple-choice,single,obsidian-quiz-blocks,radio,c,MF1,converted-and-verified,manual,label
64,73038,41012,multiple-choice,single,obsidian-quiz-blocks,radio,c,MF1,converted-and-verified,manual,label
64,73038,41015,multiple-choice,single,obsidian-quiz-blocks,radio,c,MF1,converted-and-verified,manual,label
64,73043,41202,multiple-choice,single,obsidian-quiz-blocks,radio,c,MF1,converted-and-verified,manual,label
64,73043,41187,multiple-choice,single,obsidian-quiz-blocks,radio,e,MF1,converted-and-verified,manual,label
65,52728,57799,multiple-choice,single,obsidian-quiz-blocks,radio,b,MF1,converted-and-verified,manual,label
65,52728,586,multiple-choice,single,obsidian-quiz-blocks,radio,b,MF1,converted-and-verified,manual,label
65,52731,645,multiple-choice,single,obsidian-quiz-blocks,radio,a,MF1,converted-and-verified,manual,label
65,52731,3167,multiple-choice,single,obsidian-quiz-blocks,radio,d,MF1,converted-and-verified,manual,label
65,52734,44224,multiple-choice,single,obsidian-quiz-blocks,radio,d,MF1,converted-and-verified,manual,label
65,52734,57800,multiple-choice,single,obsidian-quiz-blocks,radio,e,MF1,converted-and-verified,manual,label
65,52737,44226,multiple-choice,single,obsidian-quiz-blocks,radio,d,MF1,converted-and-verified,manual,label
65,52737,57801,multiple-choice,single,obsidian-quiz-blocks,radio,b,MF1,converted-and-verified,manual,label
66,175800,319,multiple-choice,single,obsidian-quiz-blocks,radio,b,MF1,converted-and-verified,manual,label
66,175800,175698,free-response,single,obsidian-quiz-blocks,radio,a,MF1,converted-and-verified,manual,label
66,175800,101792,multiple-choice,single,obsidian-quiz-blocks,radio,d,MF1,converted-and-verified,manual,label
66,175804,175702,free-response,single,obsidian-quiz-blocks,radio,a,MF1,converted-and-verified,manual,label
66,175804,43948,multiple-choice,single,obsidian-quiz-blocks,radio,e,MF1,converted-and-verified,manual,label
66,175804,175707,free-response,single,obsidian-quiz-blocks,radio,b,MF1,converted-and-verified,manual,label
66,175804,175708,free-response,single,obsidian-quiz-blocks,radio,a,MF1,converted-and-verified,manual,label
66,175810,427,multiple-choice,single,obsidian-quiz-blocks,radio,a,MF1,converted-and-verified,manual,label
66,175810,2535,multiple-choice,single,obsidian-quiz-blocks,radio,d,MF1,converted-and-verified,manual,label
66,175813,2540,multiple-choice,single,obsidian-quiz-blocks,radio,a,MF1,converted-and-verified,manual,label
66,175813,57852,multiple-choice,single,obsidian-quiz-blocks,radio,d,MF1,converted-and-verified,manual,label
67,53335,57957,multiple-choice,single,obsidian-quiz-blocks,radio,c,MF1,converted-and-verified,manual,label
67,53335,425,multiple-choice,single,obsidian-quiz-blocks,radio,c,MF1,converted-and-verified,manual,label
67,53339,51676,multiple-choice,single,obsidian-quiz-blocks,radio,e,MF1,converted-and-verified,manual,label
67,53339,21988,multiple-choice,single,obsidian-quiz-blocks,radio,b,MF1,converted-and-verified,manual,label
67,53345,2542,multiple-choice,single,obsidian-quiz-blocks,radio,e,MF1,converted-and-verified,manual,label
67,53345,237,multiple-choice,single,obsidian-quiz-blocks,radio,a,MF1,converted-and-verified,manual,label
68,2841,57733,multiple-choice,single,obsidian-quiz-blocks,radio,d,MF1,converted-and-verified,manual,label
68,2841,57730,multiple-choice,single,obsidian-quiz-blocks,radio,e,MF1,converted-and-verified,manual,label
68,2844,41562,multiple-choice,single,obsidian-quiz-blocks,radio,d,MF1,converted-and-verified,manual,label
68,2844,687,multiple-choice,single,obsidian-quiz-blocks,radio,e,MF1,converted-and-verified,manual,label
68,5177,136,multiple-choice,single,obsidian-quiz-blocks,radio,a,MF1,converted-and-verified,manual,label
68,5177,134,multiple-choice,single,obsidian-quiz-blocks,radio,b,MF1,converted-and-verified,manual,label
68,5178,57770,multiple-choice,single,obsidian-quiz-blocks,radio,b,MF1,converted-and-verified,manual,label
68,5178,57766,multiple-choice,single,obsidian-quiz-blocks,radio,d,MF1,converted-and-verified,manual,label
71,3511,2888,multiple-choice,single,obsidian-quiz-blocks,radio,d,MF1,converted-and-verified,manual,label
71,3511,453,multiple-choice,single,obsidian-quiz-blocks,radio,a,MF1,converted-and-verified,manual,label
71,3513,60566,multiple-choice,single,obsidian-quiz-blocks,radio,a,MF1,converted-and-verified,manual,label
71,3513,22292,multiple-choice,single,obsidian-quiz-blocks,radio,c,MF1,converted-and-verified,manual,label
71,3515,14303,multiple-choice,single,obsidian-quiz-blocks,radio,b,MF1,converted-and-verified,manual,label
71,3515,22278,multiple-choice,single,obsidian-quiz-blocks,radio,c,MF1,converted-and-verified,manual,label
73,193282,51841,multiple-choice,single,obsidian-quiz-blocks,radio,a,MF2,converted-and-verified,manual,label
73,193282,214136,free-response,single,obsidian-quiz-blocks,radio,c,MF2,converted-and-verified,manual,label
73,193282,44963,multiple-choice,single,obsidian-quiz-blocks,radio,a,MF2,converted-and-verified,manual,label
73,193286,237448,free-response,single,obsidian-quiz-blocks,radio,a,MF2,converted-and-verified,manual,label
73,193286,61204,multiple-choice,single,obsidian-quiz-blocks,radio,d,MF2,converted-and-verified,manual,label
73,193286,237455,free-response,single,obsidian-quiz-blocks,radio,c,MF2,converted-and-verified,manual,label
75,3975,52117,multiple-choice,single,obsidian-quiz-blocks,radio,c,MF1,converted-and-verified,manual,label
75,3975,31774,multiple-choice,single,obsidian-quiz-blocks,radio,c,MF1,converted-and-verified,manual,label
75,25121,78824,multiple-choice,single,obsidian-quiz-blocks,radio,e,MF1,converted-and-verified,manual,label
75,25121,31721,multiple-choice,single,obsidian-quiz-blocks,radio,e,MF1,converted-and-verified,manual,label
75,25122,31718,multiple-choice,single,obsidian-quiz-blocks,radio,a,MF1,converted-and-verified,manual,label
75,25122,31736,multiple-choice,single,obsidian-quiz-blocks,radio,d,MF1,converted-and-verified,manual,label
79,40309,44683,multiple-choice,single,obsidian-quiz-blocks,radio,a,MF1,converted-and-verified,manual,label
79,40309,44695,multiple-choice,single,obsidian-quiz-blocks,radio,c,MF1,converted-and-verified,manual,label
79,40313,61927,multiple-choice,single,obsidian-quiz-blocks,radio,b,MF1,converted-and-verified,manual,label
79,40313,51532,multiple-choice,single,obsidian-quiz-blocks,radio,e,MF1,converted-and-verified,manual,label
79,40316,152027,multiple-choice,single,obsidian-quiz-blocks,radio,d,MF1,converted-and-verified,manual,label
79,40316,152263,multiple-choice,single,obsidian-quiz-blocks,radio,c,MF1,converted-and-verified,manual,label
81,521386,111143,multiple-choice,single,obsidian-quiz-blocks,radio,a,MF1,converted-and-verified,manual,label
81,521386,236184,free-response,single,obsidian-quiz-blocks,radio,a,MF1,converted-and-verified,manual,label
81,521386,44666,multiple-choice,single,obsidian-quiz-blocks,radio,a,MF1,converted-and-verified,manual,label
81,521390,215307,free-response,single,obsidian-quiz-blocks,radio,a,MF1,converted-and-verified,manual,label
81,521390,61909,multiple-choice,single,obsidian-quiz-blocks,radio,a,MF1,converted-and-verified,manual,label
81,521390,212969,free-response,single,obsidian-quiz-blocks,radio,a,MF1,converted-and-verified,manual,label
81,521395,705,multiple-choice,single,obsidian-quiz-blocks,radio,b,MF1,converted-and-verified,manual,label
81,521395,215310,free-response,single,obsidian-quiz-blocks,radio,a,MF1,converted-and-verified,manual,label
81,521395,75211,multiple-choice,single,obsidian-quiz-blocks,radio,a,MF1,converted-and-verified,manual,label
81,521399,236421,free-response,single,obsidian-quiz-blocks,radio,a,MF1,converted-and-verified,manual,label
81,521399,212976,free-response,single,obsidian-quiz-blocks,radio,a,MF1,converted-and-verified,manual,label
81,521399,111207,multiple-choice,single,obsidian-quiz-blocks,radio,a,MF1,converted-and-verified,manual,label
84,4547,24633,multiple-choice,single,obsidian-quiz-blocks,radio,a,MF2,converted-and-verified,manual,label
84,4547,24393,multiple-choice,single,obsidian-quiz-blocks,radio,d,MF2,converted-and-verified,manual,label
84,4550,30786,multiple-choice,single,obsidian-quiz-blocks,radio,d,MF2,converted-and-verified,manual,label
84,4550,30788,multiple-choice,single,obsidian-quiz-blocks,radio,e,MF2,converted-and-verified,manual,label
84,4553,24673,multiple-choice,single,obsidian-quiz-blocks,radio,c,MF2,converted-and-verified,image-id,answer-image-id-1
84,4553,24676,multiple-choice,single,obsidian-quiz-blocks,radio,a,MF2,converted-and-verified,image-id,answer-image-id-1
84,27352,56293,multiple-choice,single,obsidian-quiz-blocks,radio,a,MF2,converted-and-verified,manual,label
84,27352,83558,multiple-choice,single,obsidian-quiz-blocks,radio,d,MF2,converted-and-verified,manual,label
85,2780,41033,multiple-choice,single,obsidian-quiz-blocks,radio,a,MF1,converted-and-verified,manual,label
85,2780,57113,multiple-choice,single,obsidian-quiz-blocks,radio,e,MF1,converted-and-verified,manual,label
85,2784,41044,multiple-choice,single,obsidian-quiz-blocks,radio,d,MF1,converted-and-verified,manual,label
85,2784,41041,multiple-choice,single,obsidian-quiz-blocks,radio,e,MF1,converted-and-verified,manual,label
85,4767,41043,multiple-choice,single,obsidian-quiz-blocks,radio,a,MF1,converted-and-verified,manual,label
85,4767,57118,multiple-choice,single,obsidian-quiz-blocks,radio,a,MF1,converted-and-verified,manual,label
85,5150,29713,multiple-choice,single,obsidian-quiz-blocks,radio,c,MF1,converted-and-verified,manual,label
85,5150,57116,multiple-choice,single,obsidian-quiz-blocks,radio,c,MF1,converted-and-verified,manual,label
86,478488,4400,multiple-choice,single,obsidian-quiz-blocks,radio,c,MF2,converted-and-verified,manual,label
86,478488,4402,multiple-choice,single,obsidian-quiz-blocks,radio,e,MF2,converted-and-verified,manual,label
86,478491,111096,multiple-choice,single,obsidian-quiz-blocks,radio,b,MF2,converted-and-verified,manual,label
86,478491,111097,multiple-choice,single,obsidian-quiz-blocks,radio,c,MF2,converted-and-verified,manual,label
86,478494,293312,multiple-choice,single,obsidian-quiz-blocks,radio,d,MF2,converted-and-verified,manual,label
86,478494,4403,multiple-choice,single,obsidian-quiz-blocks,radio,e,MF2,converted-and-verified,manual,label
87,67247,779,multiple-choice,single,obsidian-quiz-blocks,radio,a,MF1,converted-and-verified,manual,label
87,67247,29736,multiple-choice,single,obsidian-quiz-blocks,radio,a,MF1,converted-and-verified,manual,label
87,67247,57127,multiple-choice,single,obsidian-quiz-blocks,radio,e,MF1,converted-and-verified,manual,label
87,67252,29903,multiple-choice,single,obsidian-quiz-blocks,radio,c,MF1,converted-and-verified,manual,label
87,67252,44212,multiple-choice,single,obsidian-quiz-blocks,radio,e,MF1,converted-and-verified,manual,label
87,67252,44214,multiple-choice,single,obsidian-quiz-blocks,radio,b,MF1,converted-and-verified,manual,label
87,67256,110118,multiple-choice,single,obsidian-quiz-blocks,radio,e,MF1,converted-and-verified,manual,label
87,67256,110119,multiple-choice,single,obsidian-quiz-blocks,radio,c,MF1,converted-and-verified,manual,label
87,67256,57128,multiple-choice,single,obsidian-quiz-blocks,radio,c,MF1,converted-and-verified,manual,label
88,472296,38810,multiple-choice,single,obsidian-quiz-blocks,radio,c,MF2,converted-and-verified,manual,label
88,472296,38970,multiple-choice,single,obsidian-quiz-blocks,radio,e,MF2,converted-and-verified,manual,label
88,472299,38974,multiple-choice,single,obsidian-quiz-blocks,radio,d,MF2,converted-and-verified,manual,label
88,472299,74232,multiple-choice,single,obsidian-quiz-blocks,radio,e,MF2,converted-and-verified,manual,label
88,472302,74271,multiple-choice,single,obsidian-quiz-blocks,radio,b,MF2,converted-and-verified,manual,label
88,472302,74272,multiple-choice,single,obsidian-quiz-blocks,radio,c,MF2,converted-and-verified,manual,label
88,472305,74277,multiple-choice,single,obsidian-quiz-blocks,radio,c,MF2,converted-and-verified,manual,label
88,472305,74163,multiple-choice,single,obsidian-quiz-blocks,radio,d,MF2,converted-and-verified,manual,label
89,178073,794,multiple-choice,single,obsidian-quiz-blocks,radio,b,MF1,converted-and-verified,manual,label
89,178073,213453,free-response,single,obsidian-quiz-blocks,radio,b,MF1,converted-and-verified,manual,label
89,178073,80025,multiple-choice,single,obsidian-quiz-blocks,radio,c,MF1,converted-and-verified,manual,label
89,178078,32068,multiple-choice,single,obsidian-quiz-blocks,radio,e,MF1,converted-and-verified,manual,label
89,178078,224589,free-response,single,obsidian-quiz-blocks,radio,a,MF1,converted-and-verified,manual,label
89,178078,33892,multiple-choice,single,obsidian-quiz-blocks,radio,b,MF1,converted-and-verified,manual,label
89,178083,213456,free-response,single,obsidian-quiz-blocks,radio,b,MF1,converted-and-verified,manual,label
89,178083,795,multiple-choice,single,obsidian-quiz-blocks,radio,b,MF1,converted-and-verified,manual,label
89,178083,224876,free-response,single,obsidian-quiz-blocks,radio,a,MF1,converted-and-verified,manual,label
92,607422,61322,multiple-choice,single,obsidian-quiz-blocks,radio,,MF1,needs-answer,,
92,607422,61135,multiple-choice,single,obsidian-quiz-blocks,radio,,MF1,needs-answer,,
92,607425,5745,multiple-choice,single,obsidian-quiz-blocks,radio,,MF1,needs-answer,,
92,607425,61136,multiple-choice,single,obsidian-quiz-blocks,radio,,MF1,needs-answer,,
92,607428,22344,multiple-choice,single,,,,,,,
92,607428,61144,multiple-choice,single,,,,,,,
92,607432,43592,multiple-choice,single,obsidian-quiz-blocks,radio,,MF1,needs-answer,,
92,607432,61164,multiple-choice,single,obsidian-quiz-blocks,radio,,MF1,needs-answer,,
94,3245,22354,multiple-choice,single,obsidian-quiz-blocks,radio,,MF1,needs-answer,,
94,3245,44425,multiple-choice,single,obsidian-quiz-blocks,radio,,MF1,needs-answer,,
94,3248,44430,multiple-choice,single,obsidian-quiz-blocks,radio,,MF1,needs-answer,,
94,3248,44432,multiple-choice,single,obsidian-quiz-blocks,radio,,MF1,needs-answer,,
95,3253,59676,multiple-choice,single,,,,,,,
95,3253,54397,multiple-choice,single,,,,,,,
95,3258,59678,multiple-choice,single,,,,,,,
95,3258,54286,multiple-choice,single,,,,,,,
95,5609,54285,multiple-choice,single,obsidian-quiz-blocks,radio,,MF1,needs-answer,,
95,5609,59732,multiple-choice,single,obsidian-quiz-blocks,radio,,MF1,needs-answer,,
95,22566,22405,multiple-choice,single,obsidian-quiz-blocks,radio,,MF1,needs-answer,,
95,22566,44504,multiple-choice,single,obsidian-quiz-blocks,radio,,MF1,needs-answer,,
96,147766,25213,multiple-choice,single,obsidian-quiz-blocks,radio,a,MF1,converted-and-verified,manual,label
96,147766,212312,free-response,single,,,,,,,
96,147766,215795,free-response,single,,,,,,,
96,147770,212318,free-response,single,,,,,,,
96,147770,215805,free-response,single,,,,,,,
96,147770,212324,free-response,single,,,,,,,
97,191799,5806,multiple-choice,single,obsidian-quiz-blocks,radio,,MF1,needs-answer,,
97,191799,180738,free-response,multi,,,,,,,
97,191803,171679,free-response,multi,,,,,,,
97,191803,5807,multiple-choice,single,obsidian-quiz-blocks,radio,,MF1,needs-answer,,
97,191806,59646,multiple-choice,single,,,,,,,
97,191806,22438,multiple-choice,single,,,,,,,
97,191809,180810,free-response,multi,,,,,,,
97,191809,174301,free-response,multi,,,,,,,
97,191809,44354,multiple-choice,single,obsidian-quiz-blocks,radio,,MF1,needs-answer,,
101,19148,12300,multiple-choice,single,obsidian-quiz-blocks,radio,,MF1,needs-answer,,
101,19148,12329,multiple-choice,single,obsidian-quiz-blocks,radio,,MF1,needs-answer,,
101,19149,40948,multiple-choice,single,obsidian-quiz-blocks,radio,,MF1,needs-answer,,
101,19149,40940,multiple-choice,single,obsidian-quiz-blocks,radio,,MF1,needs-answer,,
104,589649,75709,multiple-choice,single,obsidian-quiz-blocks,radio,,MF2,needs-answer,,
104,589649,75710,multiple-choice,single,obsidian-quiz-blocks,radio,,MF2,needs-answer,,
104,589649,270966,free-response,single,,,,,,,
104,589653,40091,multiple-choice,single,obsidian-quiz-blocks,radio,,MF2,needs-answer,,
104,589653,75795,multiple-choice,single,obsidian-quiz-blocks,radio,,MF2,needs-answer,,
104,589656,75798,multiple-choice,single,obsidian-quiz-blocks,radio,,MF2,needs-answer,,
104,589656,75803,multiple-choice,single,obsidian-quiz-blocks,radio,,MF2,needs-answer,,
112,453944,64328,multiple-choice,single,obsidian-quiz-blocks,radio,,MF2,needs-answer,,
112,453944,64337,multiple-choice,single,obsidian-quiz-blocks,radio,,MF2,needs-answer,,
112,453944,267324,free-response,single,,,,,,,
112,453949,267352,free-response,single,,,,,,,
112,453949,64339,multiple-choice,single,obsidian-quiz-blocks,radio,,MF2,needs-answer,,
112,453952,246763,free-response,single,,,,,,,
112,453952,64970,multiple-choice,single,obsidian-quiz-blocks,radio,,MF2,needs-answer,,
112,453956,64969,multiple-choice,single,obsidian-quiz-blocks,radio,,MF2,needs-answer,,
112,453956,267423,free-response,single,,,,,,,
116,534128,39824,multiple-choice,single,obsidian-quiz-blocks,radio,,MF2,needs-answer,,
116,534128,39821,multiple-choice,single,obsidian-quiz-blocks,radio,,MF2,needs-answer,,
116,534132,70239,multiple-choice,single,obsidian-quiz-blocks,radio,,MF2,needs-answer,,
116,534132,39822,multiple-choice,single,obsidian-quiz-blocks,radio,,MF2,needs-answer,,
116,534135,39829,multiple-choice,single,obsidian-quiz-blocks,radio,,MF2,needs-answer,,
116,534135,70448,multiple-choice,single,obsidian-quiz-blocks,radio,,MF2,needs-answer,,
116,534139,39659,multiple-choice,single,obsidian-quiz-blocks,radio,,MF2,needs-answer,,
116,534139,39758,multiple-choice,single,obsidian-quiz-blocks,radio,,MF2,needs-answer,,
117,157097,30535,multiple-choice,single,,,,,,,
117,157097,30537,multiple-choice,single,,,,,,,
117,157100,30534,multiple-choice,single,,,,,,,
117,157100,22920,multiple-choice,single,,,,,,,
117,157103,30543,multiple-choice,single,obsidian-quiz-blocks,radio,,MF2,needs-answer,,
117,157103,22923,multiple-choice,single,obsidian-quiz-blocks,radio,,MF2,needs-answer,,
118,472418,277702,select-list,multi,,,,,,,
118,472418,278467,select-list,multi,,,,,,,
118,472422,44625,multiple-choice,single,obsidian-quiz-blocks,radio,,MF3,needs-answer,,
118,472422,70918,multiple-choice,single,obsidian-quiz-blocks,radio,,MF3,needs-answer,,
118,472422,70922,multiple-choice,single,obsidian-quiz-blocks,radio,,MF3,needs-answer,,
118,472426,27068,multiple-choice,single,obsidian-quiz-blocks,radio,,MF3,needs-answer,,
118,472426,27069,multiple-choice,single,obsidian-quiz-blocks,radio,,MF3,needs-answer,,
118,472426,27071,multiple-choice,single,obsidian-quiz-blocks,radio,,MF3,needs-answer,,
118,472430,70920,multiple-choice,single,obsidian-quiz-blocks,radio,,MF3,needs-answer,,
118,472430,24369,multiple-choice,single,obsidian-quiz-blocks,radio,,MF3,needs-answer,,
121,132146,41369,multiple-choice,single,obsidian-quiz-blocks,radio,,MF1,needs-answer,,
121,132146,171351,free-response,single,,,,,,,
121,132146,171352,free-response,single,,,,,,,
121,132150,171355,free-response,single,,,,,,,
121,132150,41378,multiple-choice,single,obsidian-quiz-blocks,radio,,MF1,needs-answer,,
121,132150,171356,free-response,single,,,,,,,
121,132154,184057,free-response,single,,,,,,,
121,132154,68933,multiple-choice,single,obsidian-quiz-blocks,radio,,MF1,needs-answer,,
121,132154,184065,free-response,single,,,,,,,
125,74298,1985,multiple-choice,single,obsidian-quiz-blocks,radio,,MF1,needs-answer,,
125,74298,99983,multiple-choice,single,obsidian-quiz-blocks,radio,,MF1,needs-answer,,
125,74298,43207,multiple-choice,single,obsidian-quiz-blocks,radio,,MF1,needs-answer,,
125,74302,2064,multiple-choice,single,obsidian-quiz-blocks,radio,,MF1,needs-answer,,
125,74302,2065,multiple-choice,single,obsidian-quiz-blocks,radio,,MF1,needs-answer,,
125,74302,100117,multiple-choice,single,obsidian-quiz-blocks,radio,,MF1,needs-answer,,
125,74306,14305,multiple-choice,single,obsidian-quiz-blocks,radio,,MF1,needs-answer,,
125,74306,14306,multiple-choice,single,obsidian-quiz-blocks,radio,,MF1,needs-answer,,
126,229361,254665,free-response,single,,,,,,,
126,229361,45852,multiple-choice,single,obsidian-quiz-blocks,radio,,MF2,needs-answer,,
126,229366,253145,free-response,single,,,,,,,
126,229366,253146,free-response,single,,,,,,,
130,45556,46842,multiple-choice,single,obsidian-quiz-blocks,radio,,MF2,needs-answer,,
130,45556,76192,multiple-choice,single,obsidian-quiz-blocks,radio,,MF2,needs-answer,,
130,45556,76191,multiple-choice,single,obsidian-quiz-blocks,radio,,MF2,needs-answer,,
130,45560,46924,multiple-choice,single,obsidian-quiz-blocks,radio,,MF2,needs-answer,,
130,45560,46846,multiple-choice,single,obsidian-quiz-blocks,radio,,MF2,needs-answer,,
130,45563,46933,multiple-choice,single,obsidian-quiz-blocks,radio,,MF2,needs-answer,,
130,45563,46958,multiple-choice,single,obsidian-quiz-blocks,radio,,MF2,needs-answer,,
130,45566,46925,multiple-choice,single,obsidian-quiz-blocks,radio,,MF2,needs-answer,,
130,45566,46870,multiple-choice,single,obsidian-quiz-blocks,radio,,MF2,needs-answer,,
131,18719,47293,multiple-choice,single,obsidian-quiz-blocks,radio,,MF2,needs-answer,,
131,18719,47141,multiple-choice,single,obsidian-quiz-blocks,radio,,MF2,needs-answer,,
131,18720,47121,multiple-choice,single,obsidian-quiz-blocks,radio,,MF2,needs-answer,,
131,18720,47140,multiple-choice,single,obsidian-quiz-blocks,radio,,MF2,needs-answer,,
131,18721,47138,multiple-choice,single,obsidian-quiz-blocks,radio,,MF2,needs-answer,,
131,18721,47300,multiple-choice,single,obsidian-quiz-blocks,radio,,MF2,needs-answer,,
132,20579,48891,multiple-choice,single,obsidian-quiz-blocks,radio,,MF2,needs-answer,,
132,20579,47228,multiple-choice,single,obsidian-quiz-blocks,radio,,MF2,needs-answer,,
132,20581,47164,multiple-choice,single,obsidian-quiz-blocks,radio,,MF2,needs-answer,,
132,20581,47708,multiple-choice,single,obsidian-quiz-blocks,radio,,MF2,needs-answer,,
132,20582,47864,multiple-choice,single,obsidian-quiz-blocks,radio,,MF2,needs-answer,,
132,20582,47865,multiple-choice,single,obsidian-quiz-blocks,radio,,MF2,needs-answer,,
132,28094,47167,multiple-choice,single,obsidian-quiz-blocks,radio,,MF2,needs-answer,,
132,28094,47709,multiple-choice,single,obsidian-quiz-blocks,radio,,MF2,needs-answer,,
133,466119,24667,multiple-choice,single,obsidian-quiz-blocks,radio,,MF2,needs-answer,,
133,466119,70496,multiple-choice,single,obsidian-quiz-blocks,radio,,MF2,needs-answer,,
133,466122,24674,multiple-choice,single,obsidian-quiz-blocks,radio,,MF2,needs-answer,,
133,466122,24969,multiple-choice,single,obsidian-quiz-blocks,radio,,MF2,needs-answer,,
133,466125,24672,multiple-choice,single,obsidian-quiz-blocks,radio,,MF2,needs-answer,,
133,466125,24655,multiple-choice,single,obsidian-quiz-blocks,radio,,MF2,needs-answer,,
133,466125,24671,multiple-choice,single,obsidian-quiz-blocks,radio,,MF2,needs-answer,,
133,466129,24653,multiple-choice,single,obsidian-quiz-blocks,radio,,MF2,needs-answer,,
133,466129,24659,multiple-choice,single,obsidian-quiz-blocks,radio,,MF2,needs-answer,,
134,53081,154775,multiple-choice,single,obsidian-quiz-blocks,radio,b,MF1,converted-and-verified,manual,label
134,53081,56806,multiple-choice,single,obsidian-quiz-blocks,radio,b,MF1,converted-and-verified,manual,label
134,53081,311,multiple-choice,single,obsidian-quiz-blocks,radio,d,MF1,converted-and-verified,manual,label
134,53085,567,multiple-choice,single,obsidian-quiz-blocks,radio,d,MF1,converted-and-verified,manual,label
134,53085,565,multiple-choice,single,obsidian-quiz-blocks,radio,c,MF1,converted-and-verified,manual,label
134,53088,307,multiple-choice,single,obsidian-quiz-blocks,radio,a,MF1,converted-and-verified,manual,label
134,53088,563,multiple-choice,single,obsidian-quiz-blocks,radio,d,MF1,converted-and-verified,manual,label
134,53091,566,multiple-choice,single,obsidian-quiz-blocks,radio,e,MF1,converted-and-verified,manual,label
134,53091,376,multiple-choice,single,obsidian-quiz-blocks,radio,a,MF1,converted-and-verified,manual,label
135,52199,560,multiple-choice,single,obsidian-quiz-blocks,radio,a,MF1,converted-and-verified,manual,label
135,52199,56819,multiple-choice,single,obsidian-quiz-blocks,radio,b,MF1,converted-and-verified,manual,label
135,52202,56821,multiple-choice,single,obsidian-quiz-blocks,radio,c,MF1,converted-and-verified,manual,label
135,52202,3226,multiple-choice,single,obsidian-quiz-blocks,radio,d,MF1,converted-and-verified,manual,label
135,52206,54704,multiple-choice,single,obsidian-quiz-blocks,radio,e,MF1,converted-and-verified,manual,label
135,52206,51604,multiple-choice,single,obsidian-quiz-blocks,radio,b,MF1,converted-and-verified,manual,label
135,52209,392,multiple-choice,single,obsidian-quiz-blocks,radio,d,MF1,converted-and-verified,manual,label
135,52209,141642,multiple-choice,single,obsidian-quiz-blocks,radio,c,MF1,converted-and-verified,manual,label
137,2760,2259,multiple-choice,single,obsidian-quiz-blocks,radio,e,MF1,converted-and-verified,manual,label
137,2760,57029,multiple-choice,single,obsidian-quiz-blocks,radio,e,MF1,converted-and-verified,manual,label
137,4896,3195,multiple-choice,single,obsidian-quiz-blocks,radio,c,MF1,converted-and-verified,manual,label
137,4896,3187,multiple-choice,single,obsidian-quiz-blocks,radio,b,MF1,converted-and-verified,manual,label
137,5140,315,multiple-choice,single,obsidian-quiz-blocks,radio,c,MF1,converted-and-verified,manual,label
137,5140,57028,multiple-choice,single,obsidian-quiz-blocks,radio,b,MF1,converted-and-verified,manual,label
138,52944,2274,multiple-choice,single,obsidian-quiz-blocks,radio,a,MF1,converted-and-verified,manual,label
138,52944,51455,multiple-choice,single,obsidian-quiz-blocks,radio,c,MF1,converted-and-verified,manual,label
138,52947,141872,multiple-choice,single,obsidian-quiz-blocks,radio,a,MF1,converted-and-verified,manual,label
138,52947,141873,multiple-choice,single,obsidian-quiz-blocks,radio,e,MF1,converted-and-verified,manual,label
138,52950,2267,multiple-choice,single,obsidian-quiz-blocks,radio,d,MF1,converted-and-verified,manual,label
138,52950,51456,multiple-choice,single,obsidian-quiz-blocks,radio,d,MF1,converted-and-verified,manual,label
140,13682,4822,multiple-choice,single,obsidian-quiz-blocks,radio,,MF2,needs-answer,,
140,13682,4706,multiple-choice,single,obsidian-quiz-blocks,radio,,MF2,needs-answer,,
140,13683,66434,multiple-choice,single,obsidian-quiz-blocks,radio,,MF2,needs-answer,,
140,13683,4711,multiple-choice,single,obsidian-quiz-blocks,radio,,MF2,needs-answer,,
140,13684,66345,multiple-choice,single,obsidian-quiz-blocks,radio,,MF2,needs-answer,,
140,13684,4705,multiple-choice,single,obsidian-quiz-blocks,radio,,MF2,needs-answer,,
140,15087,66408,multiple-choice,single,obsidian-quiz-blocks,radio,,MF2,needs-answer,,
140,15087,66137,multiple-choice,single,obsidian-quiz-blocks,radio,,MF2,needs-answer,,
141,118631,121220,multiple-choice,single,obsidian-quiz-blocks,radio,,MF2,needs-answer,,
141,118631,26398,multiple-choice,single,obsidian-quiz-blocks,radio,,MF2,needs-answer,,
141,118634,26595,multiple-choice,single,obsidian-quiz-blocks,radio,,MF2,needs-answer,,
141,118634,121405,multiple-choice,single,obsidian-quiz-blocks,radio,,MF2,needs-answer,,
141,118638,121221,multiple-choice,single,obsidian-quiz-blocks,radio,,MF2,needs-answer,,
141,118638,186866,multiple-choice,single,obsidian-quiz-blocks,radio,,MF2,needs-answer,,
142,6998,61792,multiple-choice,single,obsidian-quiz-blocks,radio,,MF1,needs-answer,,
142,6998,1419,multiple-choice,single,obsidian-quiz-blocks,radio,,MF1,needs-answer,,
142,6999,61858,multiple-choice,single,obsidian-quiz-blocks,radio,,MF1,needs-answer,,
142,6999,61853,multiple-choice,single,obsidian-quiz-blocks,radio,,MF1,needs-answer,,
146,16090,986,multiple-choice,single,obsidian-quiz-blocks,radio,,MF3,needs-answer,,
146,16090,979,multiple-choice,single,obsidian-quiz-blocks,radio,,MF3,needs-answer,,
146,16091,981,multiple-choice,single,obsidian-quiz-blocks,radio,,MF3,needs-answer,,
146,16091,11442,multiple-choice,single,obsidian-quiz-blocks,radio,,MF3,needs-answer,,
146,16093,11536,multiple-choice,single,obsidian-quiz-blocks,radio,,MF3,needs-answer,,
146,16093,11534,multiple-choice,single,obsidian-quiz-blocks,radio,,MF3,needs-answer,,
147,16178,1022,multiple-choice,single,obsidian-quiz-blocks,radio,,MF3,needs-answer,,
147,16178,1023,multiple-choice,single,obsidian-quiz-blocks,radio,,MF3,needs-answer,,
147,16179,19850,multiple-choice,single,obsidian-quiz-blocks,radio,,MF3,needs-answer,,
147,16179,11571,multiple-choice,single,obsidian-quiz-blocks,radio,,MF3,needs-answer,,
147,19318,43700,multiple-choice,single,obsidian-quiz-blocks,radio,,MF3,needs-answer,,
147,19318,68290,multiple-choice,single,obsidian-quiz-blocks,radio,,MF3,needs-answer,,
152,16234,11648,multiple-choice,single,obsidian-quiz-blocks,radio,,MF3,needs-answer,,
152,16234,1079,multiple-choice,single,obsidian-quiz-blocks,radio,,MF3,needs-answer,,
152,16235,1089,multiple-choice,single,obsidian-quiz-blocks,radio,,MF3,needs-answer,,
152,16235,1088,multiple-choice,single,obsidian-quiz-blocks,radio,,MF3,needs-answer,,
152,16237,19801,multiple-choice,single,obsidian-quiz-blocks,radio,,MF3,needs-answer,,
152,16237,11651,multiple-choice,single,obsidian-quiz-blocks,radio,,MF3,needs-answer,,
153,464293,9841,multiple-choice,single,obsidian-quiz-blocks,radio,,MF3,needs-answer,,
153,464293,38128,multiple-choice,single,obsidian-quiz-blocks,radio,,MF3,needs-answer,,
153,464297,9838,multiple-choice,single,obsidian-quiz-blocks,radio,,MF3,needs-answer,,
153,464297,128490,multiple-choice,single,obsidian-quiz-blocks,radio,,MF3,needs-answer,,
153,464301,9669,multiple-choice,single,obsidian-quiz-blocks,radio,,MF3,needs-answer,,
153,464301,9657,multiple-choice,single,obsidian-quiz-blocks,radio,,MF3,needs-answer,,
153,464301,9852,multiple-choice,single,obsidian-quiz-blocks,radio,,MF3,needs-answer,,
154,16476,9681,multiple-choice,single,obsidian-quiz-blocks,radio,,MF3,needs-answer,,
154,16476,9965,multiple-choice,single,obsidian-quiz-blocks,radio,,MF3,needs-answer,,
154,16477,9710,multiple-choice,single,obsidian-quiz-blocks,radio,,MF3,needs-answer,,
154,16477,9997,multiple-choice,single,obsidian-quiz-blocks,radio,,MF3,needs-answer,,
154,16479,18280,multiple-choice,single,obsidian-quiz-blocks,radio,,MF3,needs-answer,,
154,16479,18279,multiple-choice,single,obsidian-quiz-blocks,radio,,MF3,needs-answer,,
155,16482,36181,multiple-choice,single,obsidian-quiz-blocks,radio,,MF3,needs-answer,,
155,16482,36184,multiple-choice,single,obsidian-quiz-blocks,radio,,MF3,needs-answer,,
155,16483,10000,multiple-choice,single,obsidian-quiz-blocks,radio,,MF3,needs-answer,,
155,16483,9721,multiple-choice,single,obsidian-quiz-blocks,radio,,MF3,needs-answer,,
157,18486,16398,multiple-choice,single,obsidian-quiz-blocks,radio,,MF2,needs-answer,,
157,18486,8240,multiple-choice,single,obsidian-quiz-blocks,radio,,MF2,needs-answer,,
157,18487,8243,multiple-choice,single,obsidian-quiz-blocks,radio,,MF2,needs-answer,,
157,18487,69768,multiple-choice,single,obsidian-quiz-blocks,radio,,MF2,needs-answer,,
157,18488,69770,multiple-choice,single,obsidian-quiz-blocks,radio,,MF2,needs-answer,,
157,18488,69769,multiple-choice,single,,,,,,,
159,19289,70253,multiple-choice,single,obsidian-quiz-blocks,radio,,MF3,needs-answer,,
159,19289,70251,multiple-choice,single,obsidian-quiz-blocks,radio,,MF3,needs-answer,,
159,19452,16467,multiple-choice,single,obsidian-quiz-blocks,radio,,MF3,needs-answer,,
159,19452,8413,multiple-choice,single,obsidian-quiz-blocks,radio,,MF3,needs-answer,,
159,19548,8036,multiple-choice,single,obsidian-quiz-blocks,radio,,MF3,needs-answer,,
159,19548,8407,multiple-choice,single,obsidian-quiz-blocks,radio,,MF3,needs-answer,,
161,18562,5546,multiple-choice,single,obsidian-quiz-blocks,radio,,MF2,needs-answer,,
161,18562,1806,multiple-choice,single,obsidian-quiz-blocks,radio,,MF2,needs-answer,,
161,18563,1810,multiple-choice,single,obsidian-quiz-blocks,radio,,MF2,needs-answer,,
161,18563,1807,multiple-choice,single,obsidian-quiz-blocks,radio,,MF2,needs-answer,,
161,18710,19759,multiple-choice,single,obsidian-quiz-blocks,radio,,MF2,needs-answer,,
161,18710,19826,multiple-choice,single,obsidian-quiz-blocks,radio,,MF2,needs-answer,,
165,104210,7301,multiple-choice,single,,,,,,,
165,104210,6975,multiple-choice,single,,,,,,,
165,104213,46318,multiple-choice,single,,,,,,,
165,104213,46887,multiple-choice,single,,,,,,,
165,104216,34540,multiple-choice,single,,,,,,,
165,104216,19304,multiple-choice,single,,,,,,,
165,104219,34605,multiple-choice,single,,,,,,,
165,104219,34612,multiple-choice,single,,,,,,,
166,11653,124529,multiple-choice,single,obsidian-quiz-blocks,radio,,MF2,needs-answer,,
166,11653,64773,multiple-choice,single,obsidian-quiz-blocks,radio,,MF2,needs-answer,,
166,37476,124527,multiple-choice,single,obsidian-quiz-blocks,radio,,MF2,needs-answer,,
166,37476,64784,multiple-choice,single,obsidian-quiz-blocks,radio,,MF2,needs-answer,,
166,37480,124528,multiple-choice,single,obsidian-quiz-blocks,radio,,MF2,needs-answer,,
166,37480,64767,multiple-choice,single,obsidian-quiz-blocks,radio,,MF2,needs-answer,,
166,37482,64768,multiple-choice,single,obsidian-quiz-blocks,radio,,MF2,needs-answer,,
166,37482,64750,multiple-choice,single,obsidian-quiz-blocks,radio,,MF2,needs-answer,,
167,10736,64537,multiple-choice,single,,,,,,,
167,10736,64484,multiple-choice,single,,,,,,,
167,10737,64485,multiple-choice,single,,,,,,,
167,10737,65154,multiple-choice,single,,,,,,,
167,10749,64546,multiple-choice,single,,,,,,,
167,10749,34288,multiple-choice,single,,,,,,,
168,472551,6456,multiple-choice,single,obsidian-quiz-blocks,radio,,MF2,needs-answer,,
168,472551,1291,multiple-choice,single,obsidian-quiz-blocks,radio,,MF2,needs-answer,,
168,472555,6444,multiple-choice,single,obsidian-quiz-blocks,radio,,MF2,needs-answer,,
168,472555,14797,multiple-choice,single,obsidian-quiz-blocks,radio,,MF2,needs-answer,,
168,472559,6446,multiple-choice,single,obsidian-quiz-blocks,radio,,MF2,needs-answer,,
168,472559,6471,multiple-choice,single,obsidian-quiz-blocks,radio,,MF2,needs-answer,,
168,472563,81802,multiple-choice,single,obsidian-quiz-blocks,radio,,MF2,needs-answer,,
168,472563,81793,multiple-choice,single,obsidian-quiz-blocks,radio,,MF2,needs-answer,,
169,11025,6415,multiple-choice,single,obsidian-quiz-blocks,radio,,MF2,needs-answer,,
169,11025,6402,multiple-choice,single,obsidian-quiz-blocks,radio,,MF2,needs-answer,,
169,11031,6416,multiple-choice,single,obsidian-quiz-blocks,radio,,MF2,needs-answer,,
169,11031,6404,multiple-choice,single,obsidian-quiz-blocks,radio,,MF2,needs-answer,,
175,15796,19043,multiple-choice,single,obsidian-quiz-blocks,radio,,MF3,needs-answer,,
175,15796,18306,multiple-choice,single,obsidian-quiz-blocks,radio,,MF3,needs-answer,,
175,15797,1385,multiple-choice,single,obsidian-quiz-blocks,radio,,MF3,needs-answer,,
175,15797,1387,multiple-choice,single,obsidian-quiz-blocks,radio,,MF3,needs-answer,,
175,15799,19124,multiple-choice,single,obsidian-quiz-blocks,radio,,MF3,needs-answer,,
175,15799,19122,multiple-choice,single,obsidian-quiz-blocks,radio,,MF3,needs-answer,,
175,15800,19126,multiple-choice,single,obsidian-quiz-blocks,radio,,MF3,needs-answer,,
175,15800,19125,multiple-choice,single,obsidian-quiz-blocks,radio,,MF3,needs-answer,,
176,15730,18046,multiple-choice,single,obsidian-quiz-blocks,radio,,MF2,needs-answer,,
176,15730,1325,multiple-choice,single,obsidian-quiz-blocks,radio,,MF2,needs-answer,,
176,15731,18051,multiple-choice,single,obsidian-quiz-blocks,radio,,MF2,needs-answer,,
176,15731,18052,multiple-choice,single,obsidian-quiz-blocks,radio,,MF2,needs-answer,,
176,15734,17709,multiple-choice,single,obsidian-quiz-blocks,radio,,MF2,needs-answer,,
176,15734,18058,multiple-choice,single,obsidian-quiz-blocks,radio,,MF2,needs-answer,,
177,15816,1355,multiple-choice,single,obsidian-quiz-blocks,radio,,MF3,needs-answer,,
177,15816,1340,multiple-choice,single,obsidian-quiz-blocks,radio,,MF3,needs-answer,,
177,15818,19022,multiple-choice,single,obsidian-quiz-blocks,radio,,MF3,needs-answer,,
177,15818,19021,multiple-choice,single,obsidian-quiz-blocks,radio,,MF3,needs-answer,,
178,53331,59282,multiple-choice,single,obsidian-quiz-blocks,radio,b,MF1,converted-and-verified,manual,label
178,53331,25687,multiple-choice,single,obsidian-quiz-blocks,radio,d,MF1,converted-and-verified,manual,label
178,53342,25852,multiple-choice,single,obsidian-quiz-blocks,radio,e,MF1,converted-and-verified,image-id,answer-image-id-1
178,53342,25869,multiple-choice,single,obsidian-quiz-blocks,radio,b,MF1,converted-and-verified,image-id,answer-image-id-1
183,200212,12968,multiple-choice,single,obsidian-quiz-blocks,radio,,MF3,needs-answer,,
183,200212,12967,multiple-choice,single,obsidian-quiz-blocks,radio,,MF3,needs-answer,,
183,200216,88420,multiple-choice,single,obsidian-quiz-blocks,radio,,MF3,needs-answer,,
183,200216,5744,multiple-choice,single,obsidian-quiz-blocks,radio,,MF3,needs-answer,,
183,200221,1818,multiple-choice,single,obsidian-quiz-blocks,radio,,MF3,needs-answer,,
183,200221,1817,multiple-choice,single,obsidian-quiz-blocks,radio,,MF3,needs-answer,,
203,10689,23501,multiple-choice,single,obsidian-quiz-blocks,radio,,MF3,needs-answer,,
203,10689,24080,multiple-choice,single,obsidian-quiz-blocks,radio,,MF3,needs-answer,,
203,10690,23764,multiple-choice,single,obsidian-quiz-blocks,radio,,MF3,needs-answer,,
203,10690,24082,multiple-choice,single,obsidian-quiz-blocks,radio,,MF3,needs-answer,,
203,10691,23784,multiple-choice,single,obsidian-quiz-blocks,radio,,MF3,needs-answer,,
203,10691,23788,multiple-choice,single,obsidian-quiz-blocks,radio,,MF3,needs-answer,,
203,10692,24081,multiple-choice,single,obsidian-quiz-blocks,radio,,MF3,needs-answer,,
203,10692,23767,multiple-choice,single,obsidian-quiz-blocks,radio,,MF3,needs-answer,,
204,40996,64575,multiple-choice,single,obsidian-quiz-blocks,radio,,MF2,needs-answer,,
204,40996,64580,multiple-choice,single,obsidian-quiz-blocks,radio,,MF2,needs-answer,,
204,41002,1590,multiple-choice,single,obsidian-quiz-blocks,radio,,MF2,needs-answer,,
204,41002,1587,multiple-choice,single,obsidian-quiz-blocks,radio,,MF2,needs-answer,,
204,41006,64634,multiple-choice,single,obsidian-quiz-blocks,radio,,MF2,needs-answer,,
204,41006,64635,multiple-choice,single,obsidian-quiz-blocks,radio,,MF2,needs-answer,,
204,41009,84527,multiple-choice,single,obsidian-quiz-blocks,radio,,MF2,needs-answer,,
204,41009,84529,multiple-choice,single,obsidian-quiz-blocks,radio,,MF2,needs-answer,,
205,10860,23782,multiple-choice,single,obsidian-quiz-blocks,radio,,MF3,needs-answer,,
205,10860,1571,multiple-choice,single,obsidian-quiz-blocks,radio,,MF3,needs-answer,,
205,10864,65182,multiple-choice,single,obsidian-quiz-blocks,radio,,MF3,needs-answer,,
205,10864,65181,multiple-choice,single,obsidian-quiz-blocks,radio,,MF3,needs-answer,,
205,11097,1582,multiple-choice,single,obsidian-quiz-blocks,radio,,MF3,needs-answer,,
205,11097,1559,multiple-choice,single,obsidian-quiz-blocks,radio,,MF3,needs-answer,,
206,11362,6581,multiple-choice,single,obsidian-quiz-blocks,radio,,MF2,needs-answer,,
206,11362,6454,multiple-choice,single,obsidian-quiz-blocks,radio,,MF2,needs-answer,,
206,11363,65274,multiple-choice,single,obsidian-quiz-blocks,radio,,MF2,needs-answer,,
206,11363,28578,multiple-choice,single,obsidian-quiz-blocks,radio,,MF2,needs-answer,,
206,11370,12652,multiple-choice,single,obsidian-quiz-blocks,radio,,MF2,needs-answer,,
206,11370,6487,multiple-choice,single,obsidian-quiz-blocks,radio,,MF2,needs-answer,,
206,11373,9682,multiple-choice,single,obsidian-quiz-blocks,radio,,MF2,needs-answer,,
206,11373,13025,multiple-choice,single,obsidian-quiz-blocks,radio,,MF2,needs-answer,,
207,10653,65163,multiple-choice,single,obsidian-quiz-blocks,radio,,MF3,needs-answer,,
207,10653,65193,multiple-choice,single,obsidian-quiz-blocks,radio,,MF3,needs-answer,,
207,10654,65165,multiple-choice,single,obsidian-quiz-blocks,radio,,MF3,needs-answer,,
207,10654,65166,multiple-choice,single,obsidian-quiz-blocks,radio,,MF3,needs-answer,,
207,10656,1579,multiple-choice,single,obsidian-quiz-blocks,radio,,MF3,needs-answer,,
207,10656,23522,multiple-choice,single,obsidian-quiz-blocks,radio,,MF3,needs-answer,,
207,11084,1578,multiple-choice,single,obsidian-quiz-blocks,radio,,MF3,needs-answer,,
207,11084,65162,multiple-choice,single,obsidian-quiz-blocks,radio,,MF3,needs-answer,,
209,24965,24911,multiple-choice,single,obsidian-quiz-blocks,radio,,MF3,needs-answer,,
209,24965,9083,multiple-choice,single,obsidian-quiz-blocks,radio,,MF3,needs-answer,,
209,24967,24771,multiple-choice,single,obsidian-quiz-blocks,radio,,MF3,needs-answer,,
209,24967,24758,multiple-choice,single,obsidian-quiz-blocks,radio,,MF3,needs-answer,,
209,26694,24760,multiple-choice,single,obsidian-quiz-blocks,radio,,MF3,needs-answer,,
209,26694,24770,multiple-choice,single,obsidian-quiz-blocks,radio,,MF3,needs-answer,,
226,14725,24418,multiple-choice,single,obsidian-quiz-blocks,radio,,MF2,needs-answer,,
226,14725,109,multiple-choice,single,obsidian-quiz-blocks,radio,,MF2,needs-answer,,
226,18774,1120,multiple-choice,single,obsidian-quiz-blocks,radio,,MF2,needs-answer,,
226,18774,1129,multiple-choice,single,obsidian-quiz-blocks,radio,,MF2,needs-answer,,
226,18852,906,multiple-choice,single,obsidian-quiz-blocks,radio,,MF2,needs-answer,,
226,18852,908,multiple-choice,single,obsidian-quiz-blocks,radio,,MF2,needs-answer,,
226,18855,110,multiple-choice,single,obsidian-quiz-blocks,radio,,MF2,needs-answer,,
226,18855,23121,multiple-choice,single,obsidian-quiz-blocks,radio,,MF2,needs-answer,,
227,20986,939,multiple-choice,single,obsidian-quiz-blocks,radio,,MF3,needs-answer,,
227,20986,964,multiple-choice,single,obsidian-quiz-blocks,radio,,MF3,needs-answer,,
227,20987,965,multiple-choice,single,obsidian-quiz-blocks,radio,,MF3,needs-answer,,
227,20987,74363,multiple-choice,single,obsidian-quiz-blocks,radio,,MF3,needs-answer,,
227,23323,16434,multiple-choice,single,obsidian-quiz-blocks,radio,,MF3,needs-answer,,
227,23323,963,multiple-choice,single,obsidian-quiz-blocks,radio,,MF3,needs-answer,,
227,23324,16435,multiple-choice,single,obsidian-quiz-blocks,radio,,MF3,needs-answer,,
227,23324,541,multiple-choice,single,obsidian-quiz-blocks,radio,,MF3,needs-answer,,
232,16100,1046,multiple-choice,single,obsidian-quiz-blocks,radio,,MF3,needs-answer,,
232,16100,11438,multiple-choice,single,obsidian-quiz-blocks,radio,,MF3,needs-answer,,
232,16101,1048,multiple-choice,single,obsidian-quiz-blocks,radio,,MF3,needs-answer,,
232,16101,1045,multiple-choice,single,obsidian-quiz-blocks,radio,,MF3,needs-answer,,
232,16102,11465,multiple-choice,single,obsidian-quiz-blocks,radio,,MF3,needs-answer,,
232,16102,11439,multiple-choice,single,obsidian-quiz-blocks,radio,,MF3,needs-answer,,
233,16243,1094,multiple-choice,single,obsidian-quiz-blocks,radio,,MF3,needs-answer,,
233,16243,1090,multiple-choice,single,obsidian-quiz-blocks,radio,,MF3,needs-answer,,
233,16244,1098,multiple-choice,single,obsidian-quiz-blocks,radio,,MF3,needs-answer,,
233,16244,1099,multiple-choice,single,obsidian-quiz-blocks,radio,,MF3,needs-answer,,
233,16245,18245,multiple-choice,single,obsidian-quiz-blocks,radio,,MF3,needs-answer,,
233,16245,18246,multiple-choice,single,obsidian-quiz-blocks,radio,,MF3,needs-answer,,
236,45083,163311,multiple-choice,single,obsidian-quiz-blocks,radio,,MF1,needs-answer,,
236,45083,164215,multiple-choice,single,obsidian-quiz-blocks,radio,,MF1,needs-answer,,
236,45085,163301,multiple-choice,single,obsidian-quiz-blocks,radio,,MF1,needs-answer,,
236,45085,164229,multiple-choice,single,obsidian-quiz-blocks,radio,,MF1,needs-answer,,
236,45094,163510,multiple-choice,single,obsidian-quiz-blocks,radio,,MF1,needs-answer,,
236,45094,164199,multiple-choice,single,obsidian-quiz-blocks,radio,,MF1,needs-answer,,
236,45095,163545,multiple-choice,single,obsidian-quiz-blocks,radio,,MF1,needs-answer,,
236,45095,164262,multiple-choice,single,obsidian-quiz-blocks,radio,,MF1,needs-answer,,
239,40879,102204,multiple-choice,single,obsidian-quiz-blocks,radio,e,MF1,converted-and-verified,manual,label
239,40879,59294,multiple-choice,single,obsidian-quiz-blocks,radio,b,MF1,converted-and-verified,manual,label
239,40883,1253,multiple-choice,single,obsidian-quiz-blocks,radio,e,MF1,converted-and-verified,manual,label
239,40883,25754,multiple-choice,single,obsidian-quiz-blocks,radio,a,MF1,converted-and-verified,manual,label
239,40887,31762,multiple-choice,single,obsidian-quiz-blocks,radio,b,MF1,converted-and-verified,manual,label
239,40887,28850,multiple-choice,single,obsidian-quiz-blocks,radio,c,MF1,converted-and-verified,manual,label
239,40993,102200,multiple-choice,single,obsidian-quiz-blocks,radio,e,MF1,converted-and-verified,manual,label
239,40993,59295,multiple-choice,single,obsidian-quiz-blocks,radio,d,MF1,converted-and-verified,manual,label
243,15807,18996,multiple-choice,single,obsidian-quiz-blocks,radio,,MF3,needs-answer,,
243,15807,18994,multiple-choice,single,obsidian-quiz-blocks,radio,,MF3,needs-answer,,
243,15808,1365,multiple-choice,single,obsidian-quiz-blocks,radio,,MF3,needs-answer,,
243,15808,1362,multiple-choice,single,obsidian-quiz-blocks,radio,,MF3,needs-answer,,
243,15810,18312,multiple-choice,single,obsidian-quiz-blocks,radio,,MF3,needs-answer,,
243,15810,18989,multiple-choice,single,obsidian-quiz-blocks,radio,,MF3,needs-answer,,
243,15811,1359,multiple-choice,single,obsidian-quiz-blocks,radio,,MF3,needs-answer,,
243,15811,18991,multiple-choice,single,obsidian-quiz-blocks,radio,,MF3,needs-answer,,
244,15719,70402,multiple-choice,single,obsidian-quiz-blocks,radio,,MF2,needs-answer,,
244,15719,70401,multiple-choice,single,obsidian-quiz-blocks,radio,,MF2,needs-answer,,
244,15721,1304,multiple-choice,single,obsidian-quiz-blocks,radio,,MF2,needs-answer,,
244,15721,17611,multiple-choice,single,obsidian-quiz-blocks,radio,,MF2,needs-answer,,
244,15722,18041,multiple-choice,single,obsidian-quiz-blocks,radio,,MF2,needs-answer,,
244,15722,18040,multiple-choice,single,obsidian-quiz-blocks,radio,,MF2,needs-answer,,
244,15727,1386,multiple-choice,single,obsidian-quiz-blocks,radio,,MF2,needs-answer,,
244,15727,1323,multiple-choice,single,obsidian-quiz-blocks,radio,,MF2,needs-answer,,
245,15848,1408,multiple-choice,single,obsidian-quiz-blocks,radio,,MF3,needs-answer,,
245,15848,1405,multiple-choice,single,obsidian-quiz-blocks,radio,,MF3,needs-answer,,
245,15850,19786,multiple-choice,single,obsidian-quiz-blocks,radio,,MF3,needs-answer,,
245,15850,19783,multiple-choice,single,obsidian-quiz-blocks,radio,,MF3,needs-answer,,
246,464747,1394,multiple-choice,single,obsidian-quiz-blocks,radio,,MF3,needs-answer,,
246,464747,77421,multiple-choice,single,obsidian-quiz-blocks,radio,,MF3,needs-answer,,
246,464750,1401,multiple-choice,single,obsidian-quiz-blocks,radio,,MF3,needs-answer,,
246,464750,1400,multiple-choice,single,obsidian-quiz-blocks,radio,,MF3,needs-answer,,
246,464754,146263,multiple-choice,single,obsidian-quiz-blocks,radio,,MF3,needs-answer,,
246,464754,146264,multiple-choice,single,obsidian-quiz-blocks,radio,,MF3,needs-answer,,
259,16985,6574,multiple-choice,single,obsidian-quiz-blocks,radio,,MF2,needs-answer,,
259,16985,6580,multiple-choice,single,obsidian-quiz-blocks,radio,,MF2,needs-answer,,
259,16986,65833,multiple-choice,single,obsidian-quiz-blocks,radio,,MF2,needs-answer,,
259,16986,65831,multiple-choice,single,obsidian-quiz-blocks,radio,,MF2,needs-answer,,
259,16987,6626,multiple-choice,single,obsidian-quiz-blocks,radio,,MF2,needs-answer,,
259,16987,6777,multiple-choice,single,obsidian-quiz-blocks,radio,,MF2,needs-answer,,
259,16994,12674,multiple-choice,single,obsidian-quiz-blocks,radio,,MF2,needs-answer,,
259,16994,66208,multiple-choice,single,obsidian-quiz-blocks,radio,,MF2,needs-answer,,
261,13171,1677,multiple-choice,single,obsidian-quiz-blocks,radio,,MF2,needs-answer,,
261,13171,1681,multiple-choice,single,obsidian-quiz-blocks,radio,,MF2,needs-answer,,
261,13172,23191,multiple-choice,single,obsidian-quiz-blocks,radio,,MF2,needs-answer,,
261,13172,64654,multiple-choice,single,obsidian-quiz-blocks,radio,,MF2,needs-answer,,
261,13173,34403,multiple-choice,single,obsidian-quiz-blocks,radio,,MF2,needs-answer,,
261,13173,34325,multiple-choice,single,obsidian-quiz-blocks,radio,,MF2,needs-answer,,
261,13174,34328,multiple-choice,single,obsidian-quiz-blocks,radio,,MF2,needs-answer,,
261,13174,34323,multiple-choice,single,obsidian-quiz-blocks,radio,,MF2,needs-answer,,
262,10427,53451,multiple-choice,single,obsidian-quiz-blocks,radio,,MF1,needs-answer,,
262,10427,1640,multiple-choice,single,obsidian-quiz-blocks,radio,,MF1,needs-answer,,
262,10432,53473,multiple-choice,single,obsidian-quiz-blocks,radio,,MF1,needs-answer,,
262,10432,53472,multiple-choice,single,obsidian-quiz-blocks,radio,,MF1,needs-answer,,
262,10434,1646,multiple-choice,single,obsidian-quiz-blocks,radio,,MF1,needs-answer,,
262,10434,1639,multiple-choice,single,obsidian-quiz-blocks,radio,,MF1,needs-answer,,
263,10419,53414,multiple-choice,single,obsidian-quiz-blocks,radio,,MF1,needs-answer,,
263,10419,53404,multiple-choice,single,obsidian-quiz-blocks,radio,,MF1,needs-answer,,
263,10420,1671,multiple-choice,single,obsidian-quiz-blocks,radio,,MF1,needs-answer,,
263,10420,4339,multiple-choice,single,obsidian-quiz-blocks,radio,,MF1,needs-answer,,
263,10424,20299,multiple-choice,single,obsidian-quiz-blocks,radio,,MF1,needs-answer,,
263,10424,4330,multiple-choice,single,obsidian-quiz-blocks,radio,,MF1,needs-answer,,
263,10430,23313,multiple-choice,single,obsidian-quiz-blocks,radio,,MF1,needs-answer,,
263,10430,82301,multiple-choice,single,obsidian-quiz-blocks,radio,,MF1,needs-answer,,
265,68166,93922,multiple-choice,single,obsidian-quiz-blocks,radio,,MF3;PAS;PS1,needs-answer,,
265,68166,94088,multiple-choice,single,obsidian-quiz-blocks,radio,,MF3;PAS;PS1,needs-answer,,
265,68169,94141,multiple-choice,single,obsidian-quiz-blocks,radio,,MF3;PAS;PS1,needs-answer,,
265,68169,93902,multiple-choice,single,obsidian-quiz-blocks,radio,,MF3;PAS;PS1,needs-answer,,
265,68172,94195,multiple-choice,single,obsidian-quiz-blocks,radio,,MF3;PAS;PS1,needs-answer,,
265,68172,93903,multiple-choice,single,obsidian-quiz-blocks,radio,,MF3;PAS;PS1,needs-answer,,
266,15458,67308,multiple-choice,single,obsidian-quiz-blocks,radio,,MF1,needs-answer,,
266,15458,67325,multiple-choice,single,obsidian-quiz-blocks,radio,,MF1,needs-answer,,
266,15459,67326,multiple-choice,single,obsidian-quiz-blocks,radio,,MF1,needs-answer,,
266,15459,67355,multiple-choice,single,obsidian-quiz-blocks,radio,,MF1,needs-answer,,
266,15460,67328,multiple-choice,single,obsidian-quiz-blocks,radio,,MF1,needs-answer,,
266,15460,67332,multiple-choice,single,obsidian-quiz-blocks,radio,,MF1,needs-answer,,
266,15461,67329,multiple-choice,single,obsidian-quiz-blocks,radio,,MF1,needs-answer,,
266,15461,67331,multiple-choice,single,obsidian-quiz-blocks,radio,,MF1,needs-answer,,
267,72193,68266,multiple-choice,single,obsidian-quiz-blocks,radio,,MF1,needs-answer,,
267,72193,68264,multiple-choice,single,obsidian-quiz-blocks,radio,,MF1,needs-answer,,
267,72196,68079,multiple-choice,single,obsidian-quiz-blocks,radio,,MF1,needs-answer,,
267,72196,68299,multiple-choice,single,obsidian-quiz-blocks,radio,,MF1,needs-answer,,
267,72200,100314,multiple-choice,single,obsidian-quiz-blocks,radio,,MF1,needs-answer,,
267,72200,100318,multiple-choice,single,obsidian-quiz-blocks,radio,,MF1,needs-answer,,
267,72200,68319,multiple-choice,single,obsidian-quiz-blocks,radio,,MF1,needs-answer,,
268,45530,23387,multiple-choice,single,,,,,,,
268,45530,23388,multiple-choice,single,,,,,,,
268,45533,1695,multiple-choice,single,,,,,,,
268,45533,1684,multiple-choice,single,,,,,,,
268,45536,86323,multiple-choice,single,,,,,,,
268,45536,64948,multiple-choice,single,,,,,,,
268,45539,64945,multiple-choice,single,,,,,,,
268,45539,1692,multiple-choice,single,,,,,,,
269,453668,262318,free-response,single,,,,,,,
269,453668,1699,multiple-choice,single,,,,,,,
269,453671,262382,free-response,single,,,,,,,
269,453671,262448,free-response,single,,,,,,,
269,453671,64865,multiple-choice,single,,,,,,,
269,453675,23417,multiple-choice,single,,,,,,,
269,453675,246828,free-response,single,,,,,,,
270,11729,1778,multiple-choice,single,obsidian-quiz-blocks,radio,,MF3,needs-answer,,
270,11729,65438,multiple-choice,single,obsidian-quiz-blocks,radio,,MF3,needs-answer,,
270,11732,1708,multiple-choice,single,obsidian-quiz-blocks,radio,,MF3,needs-answer,,
270,11732,119175,multiple-choice,single,obsidian-quiz-blocks,radio,,MF3,needs-answer,,
270,37601,1711,multiple-choice,single,obsidian-quiz-blocks,radio,,MF3,needs-answer,,
270,37601,43383,multiple-choice,single,obsidian-quiz-blocks,radio,,MF3,needs-answer,,
271,12231,7326,multiple-choice,single,obsidian-quiz-blocks,radio,,MF3,needs-answer,,
271,12231,7678,multiple-choice,single,obsidian-quiz-blocks,radio,,MF3,needs-answer,,
271,12270,24648,multiple-choice,single,obsidian-quiz-blocks,radio,,MF3,needs-answer,,
271,12270,24361,multiple-choice,single,obsidian-quiz-blocks,radio,,MF3,needs-answer,,
271,12275,24642,multiple-choice,single,obsidian-quiz-blocks,radio,,MF3,needs-answer,,
271,12275,24646,multiple-choice,single,obsidian-quiz-blocks,radio,,MF3,needs-answer,,
271,12302,24788,multiple-choice,single,obsidian-quiz-blocks,radio,,MF3,needs-answer,,
271,12302,7306,multiple-choice,single,obsidian-quiz-blocks,radio,,MF3,needs-answer,,
274,11767,1714,multiple-choice,single,obsidian-quiz-blocks,radio,,MF3,needs-answer,,
274,11767,1710,multiple-choice,single,obsidian-quiz-blocks,radio,,MF3,needs-answer,,
274,11772,1716,multiple-choice,single,obsidian-quiz-blocks,radio,,MF3,needs-answer,,
274,11772,65555,multiple-choice,single,obsidian-quiz-blocks,radio,,MF3,needs-answer,,
274,37636,65505,multiple-choice,single,obsidian-quiz-blocks,radio,,MF3,needs-answer,,
274,37636,65504,multiple-choice,single,obsidian-quiz-blocks,radio,,MF3,needs-answer,,
275,16814,12540,multiple-choice,single,,,,,,,
275,16814,6620,multiple-choice,single,,,,,,,
275,16817,65530,multiple-choice,single,,,,,,,
275,16817,65635,multiple-choice,single,,,,,,,
275,16818,65673,multiple-choice,single,,,,,,,
275,16818,65651,multiple-choice,single,,,,,,,
275,16819,65414,multiple-choice,single,,,,,,,
275,16819,65653,multiple-choice,single,,,,,,,
278,639,1214,multiple-choice,single,obsidian-quiz-blocks,radio,a,CAB;CBC;CA1;MF2,converted-and-verified,manual,label
278,639,272,multiple-choice,single,obsidian-quiz-blocks,radio,a,CAB;CBC;CA1;MF2,converted-and-verified,manual,label
278,642,10739,multiple-choice,single,obsidian-quiz-blocks,radio,c,CAB;CBC;CA1;MF2,converted-and-verified,manual,label
278,642,10737,multiple-choice,single,obsidian-quiz-blocks,radio,a,CAB;CBC;CA1;MF2,converted-and-verified,manual,label
278,645,1867,multiple-choice,single,obsidian-quiz-blocks,radio,d,CAB;CBC;CA1;MF2,converted-and-verified,manual,label
278,645,10291,multiple-choice,single,obsidian-quiz-blocks,radio,a,CAB;CBC;CA1;MF2,converted-and-verified,manual,label
278,647,1856,multiple-choice,single,obsidian-quiz-blocks,radio,c,CAB;CBC;CA1;MF2,converted-and-verified,manual,label
278,647,1860,multiple-choice,single,obsidian-quiz-blocks,radio,d,CAB;CBC;CA1;MF2,converted-and-verified,manual,label
280,12321,47908,multiple-choice,single,obsidian-quiz-blocks,radio,a,CAB;CBC;CA1;MF2,converted-and-verified,manual,label
280,12321,47906,multiple-choice,single,obsidian-quiz-blocks,radio,b,CAB;CBC;CA1;MF2,converted-and-verified,manual,label
280,12322,47905,multiple-choice,single,obsidian-quiz-blocks,radio,e,CAB;CBC;CA1;MF2,converted-and-verified,manual,label
280,12322,30990,multiple-choice,single,obsidian-quiz-blocks,radio,a,CAB;CBC;CA1;MF2,converted-and-verified,manual,label
281,12358,1851,multiple-choice,single,obsidian-quiz-blocks,radio,a,CAB;CBC;CA1;MF2,converted-and-verified,manual,label
281,12358,10573,multiple-choice,single,obsidian-quiz-blocks,radio,b,CAB;CBC;CA1;MF2,converted-and-verified,manual,label
281,12360,10894,multiple-choice,single,obsidian-quiz-blocks,radio,e,CAB;CBC;CA1;MF2,converted-and-verified,manual,label
281,12360,10903,multiple-choice,single,obsidian-quiz-blocks,radio,b,CAB;CBC;CA1;MF2,converted-and-verified,manual,label
281,12362,28546,multiple-choice,single,obsidian-quiz-blocks,radio,e,CAB;CBC;CA1;MF2,converted-and-verified,manual,label
281,12362,28550,multiple-choice,single,obsidian-quiz-blocks,radio,d,CAB;CBC;CA1;MF2,converted-and-verified,manual,label
282,1676,49271,multiple-choice,single,obsidian-quiz-blocks,radio,,CA2;CAB;CBC;MF3,needs-answer,,
282,1676,49070,multiple-choice,single,obsidian-quiz-blocks,radio,,CA2;CAB;CBC;MF3,needs-answer,,
282,1679,49273,multiple-choice,single,obsidian-quiz-blocks,radio,,CA2;CAB;CBC;MF3,needs-answer,,
282,1679,49275,multiple-choice,single,obsidian-quiz-blocks,radio,,CA2;CAB;CBC;MF3,needs-answer,,
282,1681,2622,multiple-choice,single,obsidian-quiz-blocks,radio,,CA2;CAB;CBC;MF3,needs-answer,,
282,1681,49259,multiple-choice,single,obsidian-quiz-blocks,radio,,CA2;CAB;CBC;MF3,needs-answer,,
283,1470,29634,multiple-choice,single,obsidian-quiz-blocks,radio,,CA1;CAB;CBC,needs-answer,,
283,1470,29744,multiple-choice,single,obsidian-quiz-blocks,radio,,CA1;CAB;CBC,needs-answer,,
283,1473,49224,multiple-choice,single,obsidian-quiz-blocks,radio,,CA1;CAB;CBC,needs-answer,,
283,1473,49222,multiple-choice,single,obsidian-quiz-blocks,radio,,CA1;CAB;CBC,needs-answer,,
283,1475,29639,multiple-choice,single,obsidian-quiz-blocks,radio,,CA1;CAB;CBC,needs-answer,,
283,1475,49228,multiple-choice,single,obsidian-quiz-blocks,radio,,CA1;CAB;CBC,needs-answer,,
284,862,19297,multiple-choice,single,obsidian-quiz-blocks,radio,,CA1;CAB;CBC;MF3,needs-answer,,
284,862,7167,multiple-choice,single,obsidian-quiz-blocks,radio,,CA1;CAB;CBC;MF3,needs-answer,,
284,866,2350,multiple-choice,single,obsidian-quiz-blocks,radio,,CA1;CAB;CBC;MF3,needs-answer,,
284,866,7168,multiple-choice,single,obsidian-quiz-blocks,radio,,CA1;CAB;CBC;MF3,needs-answer,,
284,872,7173,multiple-choice,single,obsidian-quiz-blocks,radio,,CA1;CAB;CBC;MF3,needs-answer,,
284,872,7175,multiple-choice,single,obsidian-quiz-blocks,radio,,CA1;CAB;CBC;MF3,needs-answer,,
285,1382,2033,multiple-choice,single,obsidian-quiz-blocks,radio,,CA1;CAB;CBC,needs-answer,,
285,1382,2034,multiple-choice,single,obsidian-quiz-blocks,radio,,CA1;CAB;CBC,needs-answer,,
285,1385,2044,multiple-choice,single,obsidian-quiz-blocks,radio,,CA1;CAB;CBC,needs-answer,,
285,1385,2042,multiple-choice,single,obsidian-quiz-blocks,radio,,CA1;CAB;CBC,needs-answer,,
285,1387,49118,multiple-choice,single,obsidian-quiz-blocks,radio,,CA1;CAB;CBC,needs-answer,,
285,1387,2035,multiple-choice,single,obsidian-quiz-blocks,radio,,CA1;CAB;CBC,needs-answer,,
285,1389,49093,multiple-choice,single,obsidian-quiz-blocks,radio,,CA1;CAB;CBC,needs-answer,,
285,1389,2037,multiple-choice,single,obsidian-quiz-blocks,radio,,CA1;CAB;CBC,needs-answer,,
287,907,2554,multiple-choice,single,obsidian-quiz-blocks,radio,,CA1;CAB;CBC;MF3,needs-answer,,
287,907,2547,multiple-choice,single,obsidian-quiz-blocks,radio,,CA1;CAB;CBC;MF3,needs-answer,,
287,910,48519,multiple-choice,single,obsidian-quiz-blocks,radio,,CA1;CAB;CBC;MF3,needs-answer,,
287,910,48395,multiple-choice,single,obsidian-quiz-blocks,radio,,CA1;CAB;CBC;MF3,needs-answer,,
287,913,22980,multiple-choice,single,obsidian-quiz-blocks,radio,,CA1;CAB;CBC;MF3,needs-answer,,
287,913,22996,multiple-choice,single,obsidian-quiz-blocks,radio,,CA1;CAB;CBC;MF3,needs-answer,,
288,12771,2344,multiple-choice,single,obsidian-quiz-blocks,radio,a,CAB;CBC;MF3;CA1,converted-and-verified,manual,label
288,12771,2341,multiple-choice,single,obsidian-quiz-blocks,radio,c,CAB;CBC;MF3;CA1,converted-and-verified,manual,label
288,12772,48554,multiple-choice,single,obsidian-quiz-blocks,radio,e,CAB;CBC;MF3;CA1,converted-and-verified,manual,label
288,12772,48556,multiple-choice,single,obsidian-quiz-blocks,radio,c,CAB;CBC;MF3;CA1,converted-and-verified,manual,label
288,12774,48350,multiple-choice,single,obsidian-quiz-blocks,radio,d,CAB;CBC;MF3;CA1,converted-and-verified,image-id,answer-image-id-1
288,12774,77891,multiple-choice,single,obsidian-quiz-blocks,radio,e,CAB;CBC;MF3;CA1,converted-and-verified,image-id,answer-image-id-1
288,24870,48352,multiple-choice,single,obsidian-quiz-blocks,radio,c,CAB;CBC;MF3;CA1,converted-and-verified,manual,label
288,24870,48499,multiple-choice,single,obsidian-quiz-blocks,radio,b,CAB;CBC;MF3;CA1,converted-and-verified,manual,label
291,187681,15656,multiple-choice,single,obsidian-quiz-blocks,radio,d,CA1;CAB;CBC;MF3,converted-and-verified,manual,label
291,187681,15667,multiple-choice,single,obsidian-quiz-blocks,radio,c,CA1;CAB;CBC;MF3,converted-and-verified,manual,label
291,187684,2294,multiple-choice,single,obsidian-quiz-blocks,radio,e,CA1;CAB;CBC;MF3,converted-and-verified,manual,label
291,187684,5028,multiple-choice,single,obsidian-quiz-blocks,radio,a,CA1;CAB;CBC;MF3,converted-and-verified,manual,label
291,187688,16097,multiple-choice,single,obsidian-quiz-blocks,radio,c,CA1;CAB;CBC;MF3,converted-and-verified,manual,label
291,187688,19201,multiple-choice,single,obsidian-quiz-blocks,radio,c,CA1;CAB;CBC;MF3,converted-and-verified,manual,label
291,187691,76114,multiple-choice,single,obsidian-quiz-blocks,radio,c,CA1;CAB;CBC;MF3,converted-and-verified,manual,label
291,187691,75986,multiple-choice,single,obsidian-quiz-blocks,radio,d,CA1;CAB;CBC;MF3,converted-and-verified,manual,label
296,1041,48616,multiple-choice,single,obsidian-quiz-blocks,radio,a,CAB;CBC;CA1;MF2,converted-and-verified,manual,label
296,1041,48684,multiple-choice,single,obsidian-quiz-blocks,radio,e,CAB;CBC;CA1;MF2,converted-and-verified,manual,label
296,1044,48615,multiple-choice,single,obsidian-quiz-blocks,radio,b,CAB;CBC;CA1;MF2,converted-and-verified,manual,label
296,1044,48571,multiple-choice,single,obsidian-quiz-blocks,radio,b,CAB;CBC;CA1;MF2,converted-and-verified,manual,label
296,1048,48936,multiple-choice,single,obsidian-quiz-blocks,radio,b,CAB;CBC;CA1;MF2,converted-and-verified,manual,label
296,1048,48935,multiple-choice,single,obsidian-quiz-blocks,radio,c,CAB;CBC;CA1;MF2,converted-and-verified,manual,label
296,22692,48613,multiple-choice,single,obsidian-quiz-blocks,radio,d,CAB;CBC;CA1;MF2,converted-and-verified,manual,label
296,22692,48557,multiple-choice,single,obsidian-quiz-blocks,radio,b,CAB;CBC;CA1;MF2,converted-and-verified,manual,label
296,22693,48707,multiple-choice,single,obsidian-quiz-blocks,radio,b,CAB;CBC;CA1;MF2,converted-and-verified,manual,label
296,22693,72004,multiple-choice,single,obsidian-quiz-blocks,radio,c,CAB;CBC;CA1;MF2,converted-and-verified,manual,label
297,73986,2122,multiple-choice,single,obsidian-quiz-blocks,radio,,MF1,needs-answer,,
297,73986,101327,multiple-choice,single,obsidian-quiz-blocks,radio,,MF1,needs-answer,,
297,73989,1958,multiple-choice,single,obsidian-quiz-blocks,radio,,MF1,needs-answer,,
297,73989,6139,multiple-choice,single,obsidian-quiz-blocks,radio,,MF1,needs-answer,,
297,73992,43162,multiple-choice,single,obsidian-quiz-blocks,radio,,MF1,needs-answer,,
297,73992,43171,multiple-choice,single,obsidian-quiz-blocks,radio,,MF1,needs-answer,,
297,73995,43169,multiple-choice,single,obsidian-quiz-blocks,radio,,MF1,needs-answer,,
297,73995,43180,multiple-choice,single,obsidian-quiz-blocks,radio,,MF1,needs-answer,,
298,82239,1963,multiple-choice,single,obsidian-quiz-blocks,radio,,MF1,needs-answer,,
298,82239,2127,multiple-choice,single,obsidian-quiz-blocks,radio,,MF1,needs-answer,,
298,82242,43025,multiple-choice,single,obsidian-quiz-blocks,radio,,MF1,needs-answer,,
298,82242,99458,multiple-choice,single,obsidian-quiz-blocks,radio,,MF1,needs-answer,,
298,82242,69387,multiple-choice,single,obsidian-quiz-blocks,radio,,MF1,needs-answer,,
299,16957,43153,multiple-choice,single,obsidian-quiz-blocks,radio,a,MF1,converted-and-verified,manual,label
299,16957,6161,multiple-choice,single,obsidian-quiz-blocks,radio,a,MF1,converted-and-verified,manual,label
299,16960,43152,multiple-choice,single,obsidian-quiz-blocks,radio,d,MF1,converted-and-verified,manual,label
299,16960,1967,multiple-choice,single,obsidian-quiz-blocks,radio,d,MF1,converted-and-verified,manual,label
299,16961,43158,multiple-choice,single,obsidian-quiz-blocks,radio,a,MF1,converted-and-verified,manual,label
299,16961,43154,multiple-choice,single,obsidian-quiz-blocks,radio,b,MF1,converted-and-verified,manual,label
299,16963,6165,multiple-choice,single,obsidian-quiz-blocks,radio,c,MF1,converted-and-verified,manual,label
299,16963,1968,multiple-choice,single,obsidian-quiz-blocks,radio,b,MF1,converted-and-verified,manual,label
303,846,31699,multiple-choice,single,obsidian-quiz-blocks,radio,d,CA1;CAB;CBC;MF3,converted-and-verified,manual,label
303,846,31713,multiple-choice,single,obsidian-quiz-blocks,radio,e,CA1;CAB;CBC;MF3,converted-and-verified,manual,label
303,847,31692,multiple-choice,single,obsidian-quiz-blocks,radio,a,CA1;CAB;CBC;MF3,converted-and-verified,manual,label
303,847,31708,multiple-choice,single,obsidian-quiz-blocks,radio,e,CA1;CAB;CBC;MF3,converted-and-verified,manual,label
303,848,2486,multiple-choice,single,obsidian-quiz-blocks,radio,d,CA1;CAB;CBC;MF3,converted-and-verified,manual,label
303,848,2488,multiple-choice,single,obsidian-quiz-blocks,radio,e,CA1;CAB;CBC;MF3,converted-and-verified,manual,label
303,850,73506,multiple-choice,single,obsidian-quiz-blocks,radio,b,CA1;CAB;CBC;MF3,converted-and-verified,manual,label
303,850,31705,multiple-choice,single,obsidian-quiz-blocks,radio,a,CA1;CAB;CBC;MF3,converted-and-verified,manual,label
305,2509,1946,multiple-choice,single,obsidian-quiz-blocks,radio,d,CAB;CBC;CA1;MF2,converted-and-verified,manual,label
305,2509,1943,multiple-choice,single,obsidian-quiz-blocks,radio,d,CAB;CBC;CA1;MF2,converted-and-verified,manual,label
305,2511,48640,multiple-choice,single,obsidian-quiz-blocks,radio,e,CAB;CBC;CA1;MF2,converted-and-verified,manual,label
305,2511,31330,multiple-choice,single,obsidian-quiz-blocks,radio,a,CAB;CBC;CA1;MF2,converted-and-verified,manual,label
305,2513,72154,multiple-choice,single,obsidian-quiz-blocks,radio,c,CAB;CBC;CA1;MF2,converted-and-verified,manual,label
305,2513,48562,multiple-choice,single,obsidian-quiz-blocks,radio,d,CAB;CBC;CA1;MF2,converted-and-verified,manual,label
305,2515,31356,multiple-choice,single,obsidian-quiz-blocks,radio,c,CAB;CBC;CA1;MF2,converted-and-verified,manual,label
305,2515,48643,multiple-choice,single,obsidian-quiz-blocks,radio,b,CAB;CBC;CA1;MF2,converted-and-verified,manual,label
308,1335,2022,multiple-choice,single,obsidian-quiz-blocks,radio,e,CAB;CBC;CA1;MF2,converted-and-verified,manual,label
308,1335,2005,multiple-choice,single,obsidian-quiz-blocks,radio,a,CAB;CBC;CA1;MF2,converted-and-verified,manual,label
308,1341,2023,multiple-choice,single,obsidian-quiz-blocks,radio,c,CAB;CBC;CA1;MF2,converted-and-verified,manual,label
308,1341,29635,multiple-choice,single,obsidian-quiz-blocks,radio,e,CAB;CBC;CA1;MF2,converted-and-verified,manual,label
308,1343,29989,multiple-choice,single,obsidian-quiz-blocks,radio,d,CAB;CBC;CA1;MF2,converted-and-verified,manual,label
308,1343,29987,multiple-choice,single,obsidian-quiz-blocks,radio,a,CAB;CBC;CA1;MF2,converted-and-verified,manual,label
312,1370,31244,multiple-choice,single,obsidian-quiz-blocks,radio,,CA1;CAB;CBC,needs-answer,,
312,1370,31245,multiple-choice,single,obsidian-quiz-blocks,radio,,CA1;CAB;CBC,needs-answer,,
312,1377,31248,multiple-choice,single,obsidian-quiz-blocks,radio,,CA1;CAB;CBC,needs-answer,,
312,1377,66139,multiple-choice,single,obsidian-quiz-blocks,radio,,CA1;CAB;CBC,needs-answer,,
312,1379,51102,multiple-choice,single,obsidian-quiz-blocks,radio,,CA1;CAB;CBC,needs-answer,,
312,1379,31311,multiple-choice,single,obsidian-quiz-blocks,radio,,CA1;CAB;CBC,needs-answer,,
313,12789,47694,multiple-choice,single,obsidian-quiz-blocks,radio,a,CAB;CBC;MF3;CA1,converted-and-verified,image-id,answer-image-id-1
313,12789,48689,multiple-choice,single,obsidian-quiz-blocks,radio,d,CAB;CBC;MF3;CA1,converted-and-verified,manual,label
313,23042,47913,multiple-choice,single,obsidian-quiz-blocks,radio,a,CAB;CBC;MF3;CA1,converted-and-verified,manual,label
313,23042,47692,multiple-choice,single,obsidian-quiz-blocks,radio,b,CAB;CBC;MF3;CA1,converted-and-verified,manual,label
314,40542,152832,multiple-choice,single,obsidian-quiz-blocks,radio,e,CA1;CAB;CBC;MF2,converted-and-verified,manual,label
314,40542,152834,multiple-choice,single,obsidian-quiz-blocks,radio,b,CA1;CAB;CBC;MF2,converted-and-verified,manual,label
314,40545,48053,multiple-choice,single,obsidian-quiz-blocks,radio,d,CA1;CAB;CBC;MF2,converted-and-verified,manual,label
314,40545,51054,multiple-choice,single,obsidian-quiz-blocks,radio,d,CA1;CAB;CBC;MF2,converted-and-verified,manual,label
314,40548,38451,multiple-choice,single,obsidian-quiz-blocks,radio,b,CA1;CAB;CBC;MF2,converted-and-verified,manual,label
314,40548,38450,multiple-choice,single,obsidian-quiz-blocks,radio,d,CA1;CAB;CBC;MF2,converted-and-verified,manual,label
315,1667,2505,multiple-choice,single,obsidian-quiz-blocks,radio,,CA2;CAB;CBC,needs-answer,,
315,1667,49547,multiple-choice,single,obsidian-quiz-blocks,radio,,CA2;CAB;CBC,needs-answer,,
315,1670,49540,multiple-choice,single,obsidian-quiz-blocks,radio,,CA2;CAB;CBC,needs-answer,,
315,1670,49548,multiple-choice,single,obsidian-quiz-blocks,radio,,CA2;CAB;CBC,needs-answer,,
315,1673,19397,multiple-choice,single,obsidian-quiz-blocks,radio,,CA2;CAB;CBC,needs-answer,,
315,1673,19394,multiple-choice,single,obsidian-quiz-blocks,radio,,CA2;CAB;CBC,needs-answer,,
315,18406,69476,multiple-choice,single,obsidian-quiz-blocks,radio,,CA2;CAB;CBC,needs-answer,,
315,18406,73717,multiple-choice,single,obsidian-quiz-blocks,radio,,CA2;CAB;CBC,needs-answer,,
316,1627,12910,multiple-choice,single,obsidian-quiz-blocks,radio,,CA2;CAB;CBC;MF3,needs-answer,,
316,1627,13191,multiple-choice,single,obsidian-quiz-blocks,radio,,CA2;CAB;CBC;MF3,needs-answer,,
316,1631,3567,multiple-choice,single,obsidian-quiz-blocks,radio,,CA2;CAB;CBC;MF3,needs-answer,,
316,1631,49389,multiple-choice,single,obsidian-quiz-blocks,radio,,CA2;CAB;CBC;MF3,needs-answer,,
317,1726,2425,multiple-choice,single,obsidian-quiz-blocks,radio,,CA2;CBC;MF3,needs-answer,,
317,1726,14434,multiple-choice,single,obsidian-quiz-blocks,radio,,CA2;CBC;MF3,needs-answer,,
317,1730,12564,multiple-choice,single,obsidian-quiz-blocks,radio,,CA2;CBC;MF3,needs-answer,,
317,1730,14437,multiple-choice,single,obsidian-quiz-blocks,radio,,CA2;CBC;MF3,needs-answer,,
317,23242,49684,multiple-choice,single,obsidian-quiz-blocks,radio,,CA2;CBC;MF3,needs-answer,,
317,23242,49664,multiple-choice,single,obsidian-quiz-blocks,radio,,CA2;CBC;MF3,needs-answer,,
322,16737,2086,multiple-choice,single,obsidian-quiz-blocks,radio,,MF1,needs-answer,,
322,16737,14466,multiple-choice,single,obsidian-quiz-blocks,radio,,MF1,needs-answer,,
322,16738,6206,multiple-choice,single,obsidian-quiz-blocks,radio,,MF1,needs-answer,,
322,16738,14463,multiple-choice,single,obsidian-quiz-blocks,radio,,MF1,needs-answer,,
322,16739,6204,multiple-choice,single,obsidian-quiz-blocks,radio,,MF1,needs-answer,,
322,16739,2224,multiple-choice,single,obsidian-quiz-blocks,radio,,MF1,needs-answer,,
322,16740,6213,multiple-choice,single,obsidian-quiz-blocks,radio,,MF1,needs-answer,,
322,16740,6214,multiple-choice,single,obsidian-quiz-blocks,radio,,MF1,needs-answer,,
323,79638,2213,multiple-choice,single,obsidian-quiz-blocks,radio,,MF1,needs-answer,,
323,79638,6183,multiple-choice,single,obsidian-quiz-blocks,radio,,MF1,needs-answer,,
323,79638,6181,multiple-choice,single,obsidian-quiz-blocks,radio,,MF1,needs-answer,,
323,79643,43479,multiple-choice,single,obsidian-quiz-blocks,radio,,MF1,needs-answer,,
323,79643,44070,multiple-choice,single,obsidian-quiz-blocks,radio,,MF1,needs-answer,,
323,79643,2220,multiple-choice,single,obsidian-quiz-blocks,radio,,MF1,needs-answer,,
323,79648,43487,multiple-choice,single,obsidian-quiz-blocks,radio,,MF1,needs-answer,,
323,79648,43488,multiple-choice,single,obsidian-quiz-blocks,radio,,MF1,needs-answer,,
323,79648,44064,multiple-choice,single,obsidian-quiz-blocks,radio,,MF1,needs-answer,,
324,20530,47511,multiple-choice,single,obsidian-quiz-blocks,radio,,MF3,needs-answer,,
324,20530,47914,multiple-choice,single,obsidian-quiz-blocks,radio,,MF3,needs-answer,,
324,20531,47930,multiple-choice,single,obsidian-quiz-blocks,radio,,MF3,needs-answer,,
324,20531,47933,multiple-choice,single,obsidian-quiz-blocks,radio,,MF3,needs-answer,,
324,20537,47938,multiple-choice,single,obsidian-quiz-blocks,radio,,MF3,needs-answer,,
324,20537,47691,multiple-choice,single,obsidian-quiz-blocks,radio,,MF3,needs-answer,,
327,188375,2091,multiple-choice,single,obsidian-quiz-blocks,radio,,MF1,needs-answer,,
327,188375,171013,free-response,single,,,,,,,
327,188375,236764,free-response,single,,,,,,,
327,188380,170960,free-response,single,,,,,,,
327,188380,128109,multiple-choice,single,obsidian-quiz-blocks,radio,,MF1,needs-answer,,
327,188380,174309,free-response,single,,,,,,,
328,16380,6121,multiple-choice,single,obsidian-quiz-blocks,radio,,MF1,needs-answer,,
328,16380,2118,multiple-choice,single,obsidian-quiz-blocks,radio,,MF1,needs-answer,,
328,16383,42815,multiple-choice,single,obsidian-quiz-blocks,radio,,MF1,needs-answer,,
328,16383,119458,multiple-choice,single,obsidian-quiz-blocks,radio,,MF1,needs-answer,,
328,16398,42863,multiple-choice,single,obsidian-quiz-blocks,radio,,MF1,needs-answer,,
328,16398,42951,multiple-choice,single,obsidian-quiz-blocks,radio,,MF1,needs-answer,,
329,74976,2021,multiple-choice,single,obsidian-quiz-blocks,radio,,MF1,needs-answer,,
329,74976,128277,multiple-choice,single,obsidian-quiz-blocks,radio,,MF1,needs-answer,,
329,74979,42736,multiple-choice,single,obsidian-quiz-blocks,radio,,MF1,needs-answer,,
329,74979,42778,multiple-choice,single,obsidian-quiz-blocks,radio,,MF1,needs-answer,,
329,74979,128254,multiple-choice,single,obsidian-quiz-blocks,radio,,MF1,needs-answer,,
329,74984,101245,multiple-choice,single,obsidian-quiz-blocks,radio,,MF1,needs-answer,,
329,74984,101250,multiple-choice,single,obsidian-quiz-blocks,radio,,MF1,needs-answer,,
329,74984,128303,multiple-choice,single,obsidian-quiz-blocks,radio,,MF1,needs-answer,,
330,77820,2046,multiple-choice,single,obsidian-quiz-blocks,radio,,MF1,needs-answer,,
330,77820,42847,multiple-choice,single,obsidian-quiz-blocks,radio,,MF1,needs-answer,,
330,77820,128414,multiple-choice,single,obsidian-quiz-blocks,radio,,MF1,needs-answer,,
330,77825,1964,multiple-choice,single,obsidian-quiz-blocks,radio,,MF1,needs-answer,,
330,77825,128420,multiple-choice,single,obsidian-quiz-blocks,radio,,MF1,needs-answer,,
330,77829,1961,multiple-choice,single,obsidian-quiz-blocks,radio,,MF1,needs-answer,,
330,77829,42845,multiple-choice,single,obsidian-quiz-blocks,radio,,MF1,needs-answer,,
330,77829,128434,multiple-choice,single,obsidian-quiz-blocks,radio,,MF1,needs-answer,,
331,1599,49511,multiple-choice,single,obsidian-quiz-blocks,radio,,CA2;CAB;CBC;MF3,needs-answer,,
331,1599,15707,multiple-choice,single,obsidian-quiz-blocks,radio,,CA2;CAB;CBC;MF3,needs-answer,,
331,1602,49516,multiple-choice,single,obsidian-quiz-blocks,radio,,CA2;CAB;CBC;MF3,needs-answer,,
331,1602,49513,multiple-choice,single,obsidian-quiz-blocks,radio,,CA2;CAB;CBC;MF3,needs-answer,,
331,1606,49524,multiple-choice,single,obsidian-quiz-blocks,radio,,CA2;CAB;CBC;MF3,needs-answer,,
331,1606,49521,multiple-choice,single,obsidian-quiz-blocks,radio,,CA2;CAB;CBC;MF3,needs-answer,,
332,650,1896,multiple-choice,single,obsidian-quiz-blocks,radio,b,CAB;CBC;CA1;MF2,converted-and-verified,manual,label
332,650,1899,multiple-choice,single,obsidian-quiz-blocks,radio,b,CAB;CBC;CA1;MF2,converted-and-verified,manual,label
332,654,1894,multiple-choice,single,obsidian-quiz-blocks,radio,b,CAB;CBC;CA1;MF2,converted-and-verified,manual,label
332,654,1906,multiple-choice,single,obsidian-quiz-blocks,radio,a,CAB;CBC;CA1;MF2,converted-and-verified,manual,label
332,19581,48692,multiple-choice,single,obsidian-quiz-blocks,radio,a,CAB;CBC;CA1;MF2,converted-and-verified,manual,label
332,19581,48816,multiple-choice,single,obsidian-quiz-blocks,radio,b,CAB;CBC;CA1;MF2,converted-and-verified,manual,label
333,41228,155514,multiple-choice,single,obsidian-quiz-blocks,radio,,CA1;CAB;CBC,needs-answer,,
333,41228,155515,multiple-choice,single,obsidian-quiz-blocks,radio,,CA1;CAB;CBC,needs-answer,,
333,41232,2370,multiple-choice,single,obsidian-quiz-blocks,radio,,CA1;CAB;CBC,needs-answer,,
333,41232,2368,multiple-choice,single,obsidian-quiz-blocks,radio,,CA1;CAB;CBC,needs-answer,,
333,41269,155717,multiple-choice,single,obsidian-quiz-blocks,radio,,CA1;CAB;CBC,needs-answer,,
333,41269,155948,multiple-choice,single,obsidian-quiz-blocks,radio,,CA1;CAB;CBC,needs-answer,,
334,1589,12015,multiple-choice,single,obsidian-quiz-blocks,radio,,CA2;CAB;CBC;MF3,needs-answer,,
334,1589,12493,multiple-choice,single,obsidian-quiz-blocks,radio,,CA2;CAB;CBC;MF3,needs-answer,,
334,1592,12019,multiple-choice,single,obsidian-quiz-blocks,radio,,CA2;CAB;CBC;MF3,needs-answer,,
334,1592,12499,multiple-choice,single,obsidian-quiz-blocks,radio,,CA2;CAB;CBC;MF3,needs-answer,,
334,1595,49392,multiple-choice,single,obsidian-quiz-blocks,radio,,CA2;CAB;CBC;MF3,needs-answer,,
334,1595,49391,multiple-choice,single,obsidian-quiz-blocks,radio,,CA2;CAB;CBC;MF3,needs-answer,,
335,1994,7110,multiple-choice,single,obsidian-quiz-blocks,radio,,CA2;CAB;CBC,needs-answer,,
335,1994,7282,multiple-choice,single,obsidian-quiz-blocks,radio,,CA2;CAB;CBC,needs-answer,,
335,1997,81439,multiple-choice,single,obsidian-quiz-blocks,radio,,CA2;CAB;CBC,needs-answer,,
335,1997,7226,multiple-choice,single,obsidian-quiz-blocks,radio,,CA2;CAB;CBC,needs-answer,,
336,206315,20832,multiple-choice,single,obsidian-quiz-blocks,radio,c,CA1;MF2,converted-and-verified,manual,label
336,206315,2430,multiple-choice,single,obsidian-quiz-blocks,radio,d,CA1;MF2,converted-and-verified,manual,label
336,206318,15938,multiple-choice,single,obsidian-quiz-blocks,radio,d,CA1;MF2,converted-and-verified,manual,label
336,206318,19153,multiple-choice,single,obsidian-quiz-blocks,radio,d,CA1;MF2,converted-and-verified,manual,label
336,206321,21121,multiple-choice,single,obsidian-quiz-blocks,radio,b,CA1;MF2,converted-and-verified,manual,label
336,206321,2434,multiple-choice,single,obsidian-quiz-blocks,radio,c,CA1;MF2,converted-and-verified,manual,label
336,206324,15942,multiple-choice,single,obsidian-quiz-blocks,radio,b,CA1;MF2,converted-and-verified,manual,label
336,206324,15941,multiple-choice,single,obsidian-quiz-blocks,radio,a,CA1;MF2,converted-and-verified,manual,label
337,596,47290,multiple-choice,single,obsidian-quiz-blocks,radio,a,CAB;CBC;CA1;MF2,converted-and-verified,manual,label
337,596,47289,multiple-choice,single,obsidian-quiz-blocks,radio,b,CAB;CBC;CA1;MF2,converted-and-verified,manual,label
337,600,47292,multiple-choice,single,obsidian-quiz-blocks,radio,e,CAB;CBC;CA1;MF2,converted-and-verified,manual,label
337,600,47287,multiple-choice,single,obsidian-quiz-blocks,radio,e,CAB;CBC;CA1;MF2,converted-and-verified,manual,label
338,1708,49401,multiple-choice,single,obsidian-quiz-blocks,radio,,CA2;CAB;CBC;MF3,needs-answer,,
338,1708,49409,multiple-choice,single,obsidian-quiz-blocks,radio,,CA2;CAB;CBC;MF3,needs-answer,,
338,1711,49459,multiple-choice,single,obsidian-quiz-blocks,radio,,CA2;CAB;CBC;MF3,needs-answer,,
338,1711,49458,multiple-choice,single,obsidian-quiz-blocks,radio,,CA2;CAB;CBC;MF3,needs-answer,,
338,1714,49467,multiple-choice,single,obsidian-quiz-blocks,radio,,CA2;CAB;CBC;MF3,needs-answer,,
338,1714,49461,multiple-choice,single,obsidian-quiz-blocks,radio,,CA2;CAB;CBC;MF3,needs-answer,,
339,12807,2459,multiple-choice,single,obsidian-quiz-blocks,radio,,CA1;CAB;CBC;MF3,needs-answer,,
339,12807,21502,multiple-choice,single,obsidian-quiz-blocks,radio,,CA1;CAB;CBC;MF3,needs-answer,,
339,12808,21528,multiple-choice,single,obsidian-quiz-blocks,radio,,CA1;CAB;CBC;MF3,needs-answer,,
339,12808,21538,multiple-choice,single,obsidian-quiz-blocks,radio,,CA1;CAB;CBC;MF3,needs-answer,,
340,2560,12231,multiple-choice,single,obsidian-quiz-blocks,radio,,CA2;CBC;MF3,needs-answer,,
340,2560,8207,multiple-choice,single,obsidian-quiz-blocks,radio,,CA2;CBC;MF3,needs-answer,,
340,2563,9949,multiple-choice,single,obsidian-quiz-blocks,radio,,CA2;CBC;MF3,needs-answer,,
340,2563,11715,multiple-choice,single,obsidian-quiz-blocks,radio,,CA2;CBC;MF3,needs-answer,,
342,1392,19090,multiple-choice,single,obsidian-quiz-blocks,radio,,CA1;CAB;CBC,needs-answer,,
342,1392,2493,multiple-choice,single,obsidian-quiz-blocks,radio,,CA1;CAB;CBC,needs-answer,,
342,1395,2497,multiple-choice,single,obsidian-quiz-blocks,radio,,CA1;CAB;CBC,needs-answer,,
342,1395,2498,multiple-choice,single,obsidian-quiz-blocks,radio,,CA1;CAB;CBC,needs-answer,,
342,1398,19102,multiple-choice,single,obsidian-quiz-blocks,radio,,CA1;CAB;CBC,needs-answer,,
342,1398,49149,multiple-choice,single,obsidian-quiz-blocks,radio,,CA1;CAB;CBC,needs-answer,,
342,13473,49077,multiple-choice,single,obsidian-quiz-blocks,radio,,CA1;CAB;CBC,needs-answer,,
342,13473,19100,multiple-choice,single,obsidian-quiz-blocks,radio,,CA1;CAB;CBC,needs-answer,,
343,71434,51685,multiple-choice,single,obsidian-quiz-blocks,radio,e,MF1,converted-and-verified,manual,label
343,71434,51686,multiple-choice,single,obsidian-quiz-blocks,radio,d,MF1,converted-and-verified,manual,label
343,71434,519,multiple-choice,single,obsidian-quiz-blocks,radio,c,MF1,converted-and-verified,manual,label
343,71439,51757,multiple-choice,single,obsidian-quiz-blocks,radio,c,MF1,converted-and-verified,manual,label
343,71439,128807,multiple-choice,single,obsidian-quiz-blocks,radio,a,MF1,converted-and-verified,manual,label
343,71439,3205,multiple-choice,single,obsidian-quiz-blocks,radio,e,MF1,converted-and-verified,manual,label
343,71443,22119,multiple-choice,single,obsidian-quiz-blocks,radio,b,MF1,converted-and-verified,manual,label
343,71443,44011,multiple-choice,single,obsidian-quiz-blocks,radio,a,MF1,converted-and-verified,manual,label
343,71443,101629,multiple-choice,single,obsidian-quiz-blocks,radio,b,MF1,converted-and-verified,manual,label
345,916,49018,multiple-choice,single,obsidian-quiz-blocks,radio,,CA1;CAB;CBC;MF3,needs-answer,,
345,916,2941,multiple-choice,single,obsidian-quiz-blocks,radio,,CA1;CAB;CBC;MF3,needs-answer,,
345,920,2589,multiple-choice,single,obsidian-quiz-blocks,radio,,CA1;CAB;CBC;MF3,needs-answer,,
345,920,2943,multiple-choice,single,obsidian-quiz-blocks,radio,,CA1;CAB;CBC;MF3,needs-answer,,
347,137736,44801,multiple-choice,single,obsidian-quiz-blocks,radio,c,MF1,converted-and-verified,image-id,answer-image-id-1
347,137736,44800,multiple-choice,single,obsidian-quiz-blocks,radio,d,MF1,converted-and-verified,image-id,answer-image-id-1
347,137739,208742,free-response,multi,obsidian-quiz-blocks,radio,a,MF1,converted-and-verified,manual,label
347,137739,214604,free-response,multi,obsidian-quiz-blocks,radio,a,MF1,converted-and-verified,manual,label
347,137739,214619,free-response,multi,obsidian-quiz-blocks,radio,a,MF1,converted-and-verified,manual,label
347,137743,102006,multiple-choice,single,obsidian-quiz-blocks,radio,e,MF1,converted-and-verified,manual,label
347,137743,25914,multiple-choice,single,obsidian-quiz-blocks,radio,d,MF1,converted-and-verified,manual,label
347,137746,28909,multiple-choice,single,obsidian-quiz-blocks,radio,d,MF1,converted-and-verified,manual,label
347,137746,25894,multiple-choice,single,obsidian-quiz-blocks,radio,e,MF1,converted-and-verified,manual,label
349,165335,52184,multiple-choice,single,obsidian-quiz-blocks,radio,,MF1,needs-answer,,
349,165335,216988,free-response,single,,,,,,,
349,165335,52089,multiple-choice,single,obsidian-quiz-blocks,radio,,MF1,needs-answer,,
349,165339,52091,multiple-choice,single,obsidian-quiz-blocks,radio,,MF1,needs-answer,,
349,165339,217002,free-response,single,,,,,,,
349,165339,110839,multiple-choice,single,obsidian-quiz-blocks,radio,,MF1,needs-answer,,
349,165343,31502,multiple-choice,single,obsidian-quiz-blocks,radio,,MF1,needs-answer,,
349,165343,217025,free-response,multi,,,,,,,
349,165343,217026,free-response,multi,,,,,,,
349,165347,44735,multiple-choice,single,obsidian-quiz-blocks,radio,,MF1,needs-answer,,
349,165347,74876,multiple-choice,single,obsidian-quiz-blocks,radio,,MF1,needs-answer,,
349,165347,217042,free-response,multi,,,,,,,
350,171169,218675,free-response,multi,obsidian-quiz-blocks,radio,a,MF1,converted-and-verified,manual,label
350,171169,25588,multiple-choice,single,obsidian-quiz-blocks,radio,d,MF1,converted-and-verified,image-id,answer-image-id-1
350,171169,102300,multiple-choice,single,obsidian-quiz-blocks,radio,b,MF1,converted-and-verified,manual,label
350,171173,218740,free-response,multi,obsidian-quiz-blocks,radio,a,MF1,converted-and-verified,manual,label
350,171173,51736,multiple-choice,single,obsidian-quiz-blocks,radio,a,MF1,converted-and-verified,image-id,answer-image-id-1
350,171173,25455,multiple-choice,single,obsidian-quiz-blocks,radio,a,MF1,converted-and-verified,manual,label
350,171177,218794,free-response,multi,obsidian-quiz-blocks,radio,a,MF1,converted-and-verified,manual,label
350,171177,102305,multiple-choice,single,obsidian-quiz-blocks,radio,a,MF1,converted-and-verified,image-id,answer-image-id-1
350,171177,59506,multiple-choice,single,obsidian-quiz-blocks,radio,a,MF1,converted-and-verified,manual,label
350,171181,156132,multiple-choice,single,obsidian-quiz-blocks,radio,a,MF1,converted-and-verified,manual,label
350,171181,220299,free-response,multi,obsidian-quiz-blocks,radio,a,MF1,converted-and-verified,manual,label
352,4227,31857,multiple-choice,single,obsidian-quiz-blocks,radio,,MF1,needs-answer,,
352,4227,2686,multiple-choice,single,obsidian-quiz-blocks,radio,,MF1,needs-answer,,
352,4230,2762,multiple-choice,single,obsidian-quiz-blocks,radio,,MF1,needs-answer,,
352,4230,31856,multiple-choice,single,obsidian-quiz-blocks,radio,,MF1,needs-answer,,
352,4232,78893,multiple-choice,single,obsidian-quiz-blocks,radio,,MF1,needs-answer,,
352,4232,31846,multiple-choice,single,obsidian-quiz-blocks,radio,,MF1,needs-answer,,
353,4217,2733,multiple-choice,single,obsidian-quiz-blocks,radio,,MF1,needs-answer,,
353,4217,29919,multiple-choice,single,obsidian-quiz-blocks,radio,,MF1,needs-answer,,
353,4220,29913,multiple-choice,single,obsidian-quiz-blocks,radio,,MF1,needs-answer,,
353,4220,2672,multiple-choice,single,obsidian-quiz-blocks,radio,,MF1,needs-answer,,
353,4222,52226,multiple-choice,single,obsidian-quiz-blocks,radio,,MF1,needs-answer,,
353,4222,52271,multiple-choice,single,obsidian-quiz-blocks,radio,,MF1,needs-answer,,
353,6208,2671,multiple-choice,single,obsidian-quiz-blocks,radio,,MF1,needs-answer,,
353,6208,29924,multiple-choice,single,obsidian-quiz-blocks,radio,,MF1,needs-answer,,
354,142776,208710,free-response,single,obsidian-quiz-blocks,radio,a,MF1,converted-and-verified,manual,label
354,142776,44312,multiple-choice,single,obsidian-quiz-blocks,radio,a,MF1,converted-and-verified,manual,label
354,142776,214833,free-response,single,obsidian-quiz-blocks,radio,a,MF1,converted-and-verified,manual,label
354,142780,215087,free-response,single,obsidian-quiz-blocks,radio,a,MF1,converted-and-verified,manual,label
354,142780,215097,free-response,single,obsidian-quiz-blocks,radio,a,MF1,converted-and-verified,manual,label
354,142780,101878,multiple-choice,single,obsidian-quiz-blocks,radio,e,MF1,converted-and-verified,manual,label
354,142784,215178,free-response,single,obsidian-quiz-blocks,radio,a,MF1,converted-and-verified,manual,label
354,142784,208715,free-response,single,obsidian-quiz-blocks,radio,a,MF1,converted-and-verified,manual,label
354,142784,215401,free-response,single,obsidian-quiz-blocks,radio,a,MF1,converted-and-verified,manual,label
355,18871,29766,multiple-choice,single,obsidian-quiz-blocks,radio,,MF1,needs-answer,,
355,18871,2577,multiple-choice,single,obsidian-quiz-blocks,radio,,MF1,needs-answer,,
355,18872,2579,multiple-choice,single,obsidian-quiz-blocks,radio,,MF1,needs-answer,,
355,18872,29772,multiple-choice,single,obsidian-quiz-blocks,radio,,MF1,needs-answer,,
356,72729,45319,multiple-choice,single,obsidian-quiz-blocks,radio,c,MF1,converted-and-verified,manual,label
356,72729,45289,multiple-choice,single,obsidian-quiz-blocks,radio,d,MF1,converted-and-verified,manual,label
356,72729,134897,multiple-choice,single,obsidian-quiz-blocks,radio,e,MF1,converted-and-verified,manual,label
356,72733,2608,multiple-choice,single,obsidian-quiz-blocks,radio,c,MF1,converted-and-verified,manual,label
356,72733,135012,multiple-choice,single,obsidian-quiz-blocks,radio,d,MF1,converted-and-verified,manual,label
356,72733,2573,multiple-choice,single,obsidian-quiz-blocks,radio,c,MF1,converted-and-verified,manual,label
356,72737,22230,multiple-choice,single,obsidian-quiz-blocks,radio,d,MF1,converted-and-verified,manual,label
356,72737,21557,multiple-choice,single,obsidian-quiz-blocks,radio,b,MF1,converted-and-verified,manual,label
356,72737,22227,multiple-choice,single,obsidian-quiz-blocks,radio,e,MF1,converted-and-verified,manual,label
360,170780,2677,multiple-choice,single,obsidian-quiz-blocks,radio,,MF1,needs-answer,,
360,170780,215815,free-response,single,,,,,,,
360,170780,33089,multiple-choice,single,obsidian-quiz-blocks,radio,,MF1,needs-answer,,
360,170784,216486,free-response,single,,,,,,,
360,170784,31197,multiple-choice,single,obsidian-quiz-blocks,radio,,MF1,needs-answer,,
360,170784,216503,free-response,multi,,,,,,,
360,170789,2678,multiple-choice,single,obsidian-quiz-blocks,radio,,MF1,needs-answer,,
360,170789,215916,free-response,multi,,,,,,,
360,170789,216525,free-response,single,,,,,,,
361,24548,78045,multiple-choice,single,obsidian-quiz-blocks,radio,,MF1,needs-answer,,
361,24548,78044,multiple-choice,single,obsidian-quiz-blocks,radio,,MF1,needs-answer,,
361,24563,2676,multiple-choice,single,obsidian-quiz-blocks,radio,,MF1,needs-answer,,
361,24563,78046,multiple-choice,single,obsidian-quiz-blocks,radio,,MF1,needs-answer,,
361,24564,31382,multiple-choice,single,obsidian-quiz-blocks,radio,,MF1,needs-answer,,
361,24564,31384,multiple-choice,single,obsidian-quiz-blocks,radio,,MF1,needs-answer,,
362,3530,60576,multiple-choice,single,obsidian-quiz-blocks,radio,,MF1,needs-answer,,
362,3530,2682,multiple-choice,single,obsidian-quiz-blocks,radio,,MF1,needs-answer,,
362,3532,2794,multiple-choice,single,obsidian-quiz-blocks,radio,,MF1,needs-answer,,
362,3532,60578,multiple-choice,single,obsidian-quiz-blocks,radio,,MF1,needs-answer,,
362,3537,60579,multiple-choice,single,obsidian-quiz-blocks,radio,,MF1,needs-answer,,
362,3537,2971,multiple-choice,single,obsidian-quiz-blocks,radio,,MF1,needs-answer,,
362,3539,33710,multiple-choice,single,obsidian-quiz-blocks,radio,,MF1,needs-answer,,
362,3539,60582,multiple-choice,single,obsidian-quiz-blocks,radio,,MF1,needs-answer,,
363,25177,51431,multiple-choice,single,obsidian-quiz-blocks,radio,,CA1;CAB;CBC;MF3,needs-answer,,
363,25177,51250,multiple-choice,single,obsidian-quiz-blocks,radio,,CA1;CAB;CBC;MF3,needs-answer,,
363,37683,141508,multiple-choice,single,obsidian-quiz-blocks,radio,,CA1;CAB;CBC;MF3,needs-answer,,
363,37683,141753,multiple-choice,single,obsidian-quiz-blocks,radio,,CA1;CAB;CBC;MF3,needs-answer,,
363,37688,48995,multiple-choice,single,obsidian-quiz-blocks,radio,,CA1;CAB;CBC;MF3,needs-answer,,
363,37688,48999,multiple-choice,single,obsidian-quiz-blocks,radio,,CA1;CAB;CBC;MF3,needs-answer,,
364,12798,22428,multiple-choice,single,obsidian-quiz-blocks,radio,,CA1;CAB;CBC;MF3,needs-answer,,
364,12798,20948,multiple-choice,single,obsidian-quiz-blocks,radio,,CA1;CAB;CBC;MF3,needs-answer,,
364,12799,2692,multiple-choice,single,obsidian-quiz-blocks,radio,,CA1;CAB;CBC;MF3,needs-answer,,
364,12799,20938,multiple-choice,single,obsidian-quiz-blocks,radio,,CA1;CAB;CBC;MF3,needs-answer,,
370,4251,2813,multiple-choice,single,,,,,,,
370,4251,2685,multiple-choice,single,,,,,,,
370,4253,2761,multiple-choice,single,,,,,,,
370,4253,2834,multiple-choice,single,,,,,,,
370,5061,2856,multiple-choice,single,,,,,,,
370,5061,2851,multiple-choice,single,,,,,,,
370,6061,2835,multiple-choice,single,,,,,,,
370,6061,2833,multiple-choice,single,,,,,,,
371,171385,2673,multiple-choice,single,,,,,,,
371,171385,216683,free-response,single,,,,,,,
371,171388,214088,free-response,single,,,,,,,
371,171388,61930,multiple-choice,single,,,,,,,
371,171391,2746,multiple-choice,single,,,,,,,
371,171391,216734,free-response,multi,,,,,,,
372,177993,224868,multiple-choice,single,obsidian-quiz-blocks,radio,,MF1,needs-answer,,
372,177993,213910,free-response,single,,,,,,,
372,177993,111835,multiple-choice,single,obsidian-quiz-blocks,radio,,MF1,needs-answer,,
372,177997,224927,free-response,single,,,,,,,
372,177997,33887,multiple-choice,single,obsidian-quiz-blocks,radio,,MF1,needs-answer,,
372,177997,2845,multiple-choice,single,obsidian-quiz-blocks,radio,,MF1,needs-answer,,
372,178002,224888,multiple-choice,single,obsidian-quiz-blocks,radio,,MF1,needs-answer,,
372,178002,224896,free-response,single,,,,,,,
372,178002,224920,free-response,single,,,,,,,
374,3522,60572,multiple-choice,single,obsidian-quiz-blocks,radio,,MF1,needs-answer,,
374,3522,325,multiple-choice,single,obsidian-quiz-blocks,radio,,MF1,needs-answer,,
374,3524,60574,multiple-choice,single,obsidian-quiz-blocks,radio,,MF1,needs-answer,,
374,3524,41609,multiple-choice,single,obsidian-quiz-blocks,radio,,MF1,needs-answer,,
374,3526,60575,multiple-choice,single,obsidian-quiz-blocks,radio,,MF1,needs-answer,,
374,3526,497,multiple-choice,single,obsidian-quiz-blocks,radio,,MF1,needs-answer,,
375,4450,23588,multiple-choice,single,obsidian-quiz-blocks,radio,,MF2,needs-answer,,
375,4450,80588,multiple-choice,single,obsidian-quiz-blocks,radio,,MF2,needs-answer,,
375,4456,44459,multiple-choice,single,obsidian-quiz-blocks,radio,,MF2,needs-answer,,
375,4456,23594,multiple-choice,single,obsidian-quiz-blocks,radio,,MF2,needs-answer,,
375,6145,23934,multiple-choice,single,obsidian-quiz-blocks,radio,,MF2,needs-answer,,
375,6145,23884,multiple-choice,single,obsidian-quiz-blocks,radio,,MF2,needs-answer,,
376,4291,52302,multiple-choice,single,obsidian-quiz-blocks,radio,,MF1,needs-answer,,
376,4291,129392,multiple-choice,single,obsidian-quiz-blocks,radio,,MF1,needs-answer,,
376,24828,129395,multiple-choice,single,obsidian-quiz-blocks,radio,,MF1,needs-answer,,
376,24828,2873,multiple-choice,single,obsidian-quiz-blocks,radio,,MF1,needs-answer,,
376,36121,129398,multiple-choice,single,obsidian-quiz-blocks,radio,,MF1,needs-answer,,
376,36121,2920,multiple-choice,single,obsidian-quiz-blocks,radio,,MF1,needs-answer,,
378,14003,25895,multiple-choice,single,obsidian-quiz-blocks,radio,,MF2,needs-answer,,
378,14003,66584,multiple-choice,single,obsidian-quiz-blocks,radio,,MF2,needs-answer,,
378,14004,24412,multiple-choice,single,obsidian-quiz-blocks,radio,,MF2,needs-answer,,
378,14004,24416,multiple-choice,single,obsidian-quiz-blocks,radio,,MF2,needs-answer,,
378,14005,2951,multiple-choice,single,obsidian-quiz-blocks,radio,,MF2,needs-answer,,
378,14005,2946,multiple-choice,single,obsidian-quiz-blocks,radio,,MF2,needs-answer,,
378,14022,25790,multiple-choice,single,obsidian-quiz-blocks,radio,,MF2,needs-answer,,
378,14022,2944,multiple-choice,single,obsidian-quiz-blocks,radio,,MF2,needs-answer,,
379,13972,2958,multiple-choice,single,obsidian-quiz-blocks,radio,,MF2,needs-answer,,
379,13972,2957,multiple-choice,single,obsidian-quiz-blocks,radio,,MF2,needs-answer,,
379,13982,66570,multiple-choice,single,obsidian-quiz-blocks,radio,,MF2,needs-answer,,
379,13982,66502,multiple-choice,single,obsidian-quiz-blocks,radio,,MF2,needs-answer,,
379,13983,66507,multiple-choice,single,obsidian-quiz-blocks,radio,,MF2,needs-answer,,
379,13983,66505,multiple-choice,single,obsidian-quiz-blocks,radio,,MF2,needs-answer,,
379,13984,66500,multiple-choice,single,obsidian-quiz-blocks,radio,,MF2,needs-answer,,
379,13984,66501,multiple-choice,single,obsidian-quiz-blocks,radio,,MF2,needs-answer,,
380,3503,34229,multiple-choice,single,obsidian-quiz-blocks,radio,,MF1,needs-answer,,
380,3503,45201,multiple-choice,single,obsidian-quiz-blocks,radio,,MF1,needs-answer,,
380,3504,60561,multiple-choice,single,obsidian-quiz-blocks,radio,,MF1,needs-answer,,
380,3504,2952,multiple-choice,single,obsidian-quiz-blocks,radio,,MF1,needs-answer,,
380,3505,60563,multiple-choice,single,obsidian-quiz-blocks,radio,,MF1,needs-answer,,
380,3505,45230,multiple-choice,single,obsidian-quiz-blocks,radio,,MF1,needs-answer,,
380,3506,45229,multiple-choice,single,obsidian-quiz-blocks,radio,,MF1,needs-answer,,
380,3506,60565,multiple-choice,single,obsidian-quiz-blocks,radio,,MF1,needs-answer,,
381,4296,2961,multiple-choice,single,obsidian-quiz-blocks,radio,,MF1,needs-answer,,
381,4296,52307,multiple-choice,single,obsidian-quiz-blocks,radio,,MF1,needs-answer,,
381,4299,52492,multiple-choice,single,obsidian-quiz-blocks,radio,,MF1,needs-answer,,
381,4299,52513,multiple-choice,single,obsidian-quiz-blocks,radio,,MF1,needs-answer,,
381,26723,52493,multiple-choice,single,obsidian-quiz-blocks,radio,,MF1,needs-answer,,
381,26723,52514,multiple-choice,single,obsidian-quiz-blocks,radio,,MF1,needs-answer,,
382,4237,31970,multiple-choice,single,obsidian-quiz-blocks,radio,,MF1,needs-answer,,
382,4237,3005,multiple-choice,single,obsidian-quiz-blocks,radio,,MF1,needs-answer,,
382,4242,3009,multiple-choice,single,obsidian-quiz-blocks,radio,,MF1,needs-answer,,
382,4242,3008,multiple-choice,single,obsidian-quiz-blocks,radio,,MF1,needs-answer,,
382,4245,44095,multiple-choice,single,obsidian-quiz-blocks,radio,,MF1,needs-answer,,
382,4245,44096,multiple-choice,single,obsidian-quiz-blocks,radio,,MF1,needs-answer,,
382,5059,3004,multiple-choice,single,obsidian-quiz-blocks,radio,,MF1,needs-answer,,
382,5059,31969,multiple-choice,single,obsidian-quiz-blocks,radio,,MF1,needs-answer,,
384,143134,154551,multiple-choice,single,obsidian-quiz-blocks,radio,,MF1,needs-answer,,
384,143134,212345,free-response,multi,,,,,,,
384,143134,212348,free-response,multi,,,,,,,
384,143138,212350,free-response,multi,,,,,,,
384,143138,212362,free-response,multi,,,,,,,
384,143141,212364,free-response,multi,,,,,,,
384,143141,153973,multiple-choice,single,obsidian-quiz-blocks,radio,,MF1,needs-answer,,
384,143144,215295,free-response,multi,,,,,,,
384,143144,153974,multiple-choice,single,obsidian-quiz-blocks,radio,,MF1,needs-answer,,
387,22846,63548,multiple-choice,single,obsidian-quiz-blocks,radio,c,MF1,converted-and-verified,manual,label
387,22846,63081,multiple-choice,single,obsidian-quiz-blocks,radio,e,MF1,converted-and-verified,manual,label
387,22847,64151,multiple-choice,single,obsidian-quiz-blocks,radio,a,MF1,converted-and-verified,manual,label
387,22847,64152,multiple-choice,single,obsidian-quiz-blocks,radio,c,MF1,converted-and-verified,manual,label
387,22848,64156,multiple-choice,single,obsidian-quiz-blocks,radio,a,MF1,converted-and-verified,manual,label
387,22848,73724,multiple-choice,single,obsidian-quiz-blocks,radio,a,MF1,converted-and-verified,manual,label
387,22850,62952,multiple-choice,single,obsidian-quiz-blocks,radio,e,MF1,converted-and-verified,manual,label
387,22850,63545,multiple-choice,single,obsidian-quiz-blocks,radio,a,MF1,converted-and-verified,manual,label
388,108822,3069,multiple-choice,single,obsidian-quiz-blocks,radio,d,MF1,converted-and-verified,manual,label
388,108822,6348,multiple-choice,single,obsidian-quiz-blocks,radio,d,MF1,converted-and-verified,manual,label
388,108825,3063,multiple-choice,single,obsidian-quiz-blocks,radio,a,MF1,converted-and-verified,manual,label
388,108825,3070,multiple-choice,single,obsidian-quiz-blocks,radio,c,MF1,converted-and-verified,manual,label
388,108828,44745,multiple-choice,single,obsidian-quiz-blocks,radio,d,MF1,converted-and-verified,image-id,answer-image-id-1
388,108828,44758,multiple-choice,single,obsidian-quiz-blocks,radio,a,MF1,converted-and-verified,image-id,answer-image-id-1
389,4311,3054,multiple-choice,single,obsidian-quiz-blocks,radio,,MF1,needs-answer,,
389,4311,3052,multiple-choice,single,obsidian-quiz-blocks,radio,,MF1,needs-answer,,
389,37585,141476,multiple-choice,single,obsidian-quiz-blocks,radio,,MF1,needs-answer,,
389,37585,33540,multiple-choice,single,obsidian-quiz-blocks,radio,,MF1,needs-answer,,
389,37757,141467,multiple-choice,single,obsidian-quiz-blocks,radio,,MF1,needs-answer,,
389,37757,29410,multiple-choice,single,obsidian-quiz-blocks,radio,,MF1,needs-answer,,
390,40520,52457,multiple-choice,single,obsidian-quiz-blocks,radio,,MF1,needs-answer,,
390,40520,162908,multiple-choice,single,obsidian-quiz-blocks,radio,,MF1,needs-answer,,
390,40568,52339,multiple-choice,single,obsidian-quiz-blocks,radio,,MF1,needs-answer,,
390,40568,3094,multiple-choice,single,obsidian-quiz-blocks,radio,,MF1,needs-answer,,
390,40586,152380,multiple-choice,single,obsidian-quiz-blocks,radio,,MF1,needs-answer,,
390,40586,152379,multiple-choice,single,obsidian-quiz-blocks,radio,,MF1,needs-answer,,
391,170032,66,multiple-choice,single,obsidian-quiz-blocks,radio,,MF1,needs-answer,,
391,170032,223134,free-response,single,,,,,,,
391,170036,223140,free-response,single,,,,,,,
391,170036,45485,multiple-choice,single,obsidian-quiz-blocks,radio,,MF1,needs-answer,,
391,170036,223154,free-response,single,,,,,,,
391,170040,77,multiple-choice,single,obsidian-quiz-blocks,radio,,MF1,needs-answer,,
391,170040,223185,free-response,single,,,,,,,
391,170040,212589,free-response,single,,,,,,,
393,193673,223706,free-response,multi,,,,,,,
393,193673,223707,free-response,multi,,,,,,,
393,193673,220340,free-response,multi,,,,,,,
393,193677,220341,free-response,multi,,,,,,,
393,193677,223741,free-response,multi,,,,,,,
393,193680,23712,multiple-choice,single,obsidian-quiz-blocks,radio,d,MF2,converted-and-verified,manual,label
393,193680,223805,free-response,multi,,,,,,,
394,460446,220316,free-response,single,,,,,,,
394,460446,80063,multiple-choice,single,obsidian-quiz-blocks,radio,,MF2,needs-answer,,
394,460446,220319,free-response,multi,,,,,,,
394,460450,12788,multiple-choice,single,obsidian-quiz-blocks,radio,,MF2,needs-answer,,
394,460450,220321,free-response,multi,,,,,,,
394,460450,220322,free-response,multi,,,,,,,
394,460454,220323,free-response,single,,,,,,,
394,460454,250204,free-response,multi,,,,,,,
394,460454,23555,multiple-choice,single,obsidian-quiz-blocks,radio,,MF2,needs-answer,,
395,1947,49879,multiple-choice,single,obsidian-quiz-blocks,radio,,CA2;CAB;CBC;MF3,needs-answer,,
395,1947,54085,multiple-choice,single,obsidian-quiz-blocks,radio,,CA2;CAB;CBC;MF3,needs-answer,,
395,1950,49897,multiple-choice,single,obsidian-quiz-blocks,radio,,CA2;CAB;CBC;MF3,needs-answer,,
395,1950,11506,multiple-choice,single,obsidian-quiz-blocks,radio,,CA2;CAB;CBC;MF3,needs-answer,,
395,1953,49885,multiple-choice,single,obsidian-quiz-blocks,radio,,CA2;CAB;CBC;MF3,needs-answer,,
395,1953,3144,multiple-choice,single,obsidian-quiz-blocks,radio,,CA2;CAB;CBC;MF3,needs-answer,,
396,4855,26642,multiple-choice,single,obsidian-quiz-blocks,radio,,MF1,needs-answer,,
396,4855,59583,multiple-choice,single,obsidian-quiz-blocks,radio,,MF1,needs-answer,,
396,4858,44481,multiple-choice,single,obsidian-quiz-blocks,radio,,MF1,needs-answer,,
396,4858,157,multiple-choice,single,obsidian-quiz-blocks,radio,,MF1,needs-answer,,
396,4860,59584,multiple-choice,single,obsidian-quiz-blocks,radio,,MF1,needs-answer,,
396,4860,7350,multiple-choice,single,obsidian-quiz-blocks,radio,,MF1,needs-answer,,
396,22408,44168,multiple-choice,single,obsidian-quiz-blocks,radio,,MF1,needs-answer,,
396,22408,44162,multiple-choice,single,obsidian-quiz-blocks,radio,,MF1,needs-answer,,
398,67151,6937,multiple-choice,single,obsidian-quiz-blocks,radio,a,MF1,converted-and-verified,manual,label
398,67151,6941,multiple-choice,single,obsidian-quiz-blocks,radio,b,MF1,converted-and-verified,manual,label
398,67151,3176,multiple-choice,single,obsidian-quiz-blocks,radio,b,MF1,converted-and-verified,manual,label
398,67155,6902,multiple-choice,single,obsidian-quiz-blocks,radio,d,MF1,converted-and-verified,manual,label
398,67155,109484,multiple-choice,single,obsidian-quiz-blocks,radio,d,MF1,converted-and-verified,manual,label
398,67155,72624,multiple-choice,single,obsidian-quiz-blocks,radio,d,MF1,converted-and-verified,manual,label
398,67160,13331,multiple-choice,single,obsidian-quiz-blocks,radio,a,MF1,converted-and-verified,manual,label
398,67160,44295,multiple-choice,single,obsidian-quiz-blocks,radio,a,MF1,converted-and-verified,manual,label
398,67160,59657,multiple-choice,single,obsidian-quiz-blocks,radio,e,MF1,converted-and-verified,manual,label
398,67164,59658,multiple-choice,single,obsidian-quiz-blocks,radio,e,MF1,converted-and-verified,manual,label
398,67164,31530,multiple-choice,single,obsidian-quiz-blocks,radio,b,MF1,converted-and-verified,manual,label
398,67164,31609,multiple-choice,single,obsidian-quiz-blocks,radio,d,MF1,converted-and-verified,manual,label
408,143916,208830,free-response,multi,,,,,,,
408,143916,3319,multiple-choice,single,obsidian-quiz-blocks,radio,,MF1,needs-answer,,
408,143916,208840,free-response,multi,,,,,,,
408,143921,75876,multiple-choice,single,obsidian-quiz-blocks,radio,,MF1,needs-answer,,
408,143921,215423,free-response,multi,,,,,,,
408,143921,208847,free-response,multi,,,,,,,
408,143925,24481,multiple-choice,single,obsidian-quiz-blocks,radio,,MF1,needs-answer,,
408,143925,215453,free-response,multi,,,,,,,
410,511595,315140,multiple-choice,single,obsidian-quiz-blocks,radio,,MF2,needs-answer,,
410,511595,315137,free-response,multi,,,,,,,
410,511595,315143,multiple-choice,single,obsidian-quiz-blocks,radio,,MF2,needs-answer,,
410,511599,315144,multiple-choice,single,obsidian-quiz-blocks,radio,,MF2,needs-answer,,
410,511599,315145,free-response,multi,,,,,,,
410,511599,315146,multiple-choice,single,obsidian-quiz-blocks,radio,,MF2,needs-answer,,
410,511604,315337,multiple-choice,single,obsidian-quiz-blocks,radio,,MF2,needs-answer,,
410,511604,315181,multiple-choice,single,obsidian-quiz-blocks,radio,,MF2,needs-answer,,
416,618538,12707,multiple-choice,single,obsidian-quiz-blocks,radio,,CA2;CBC;MF3,needs-answer,,
416,618538,12700,multiple-choice,single,obsidian-quiz-blocks,radio,,CA2;CBC;MF3,needs-answer,,
416,618541,49931,multiple-choice,single,obsidian-quiz-blocks,radio,,CA2;CBC;MF3,needs-answer,,
416,618541,14736,multiple-choice,single,obsidian-quiz-blocks,radio,,CA2;CBC;MF3,needs-answer,,
416,618544,3400,multiple-choice,single,obsidian-quiz-blocks,radio,,CA2;CBC;MF3,needs-answer,,
416,618544,12706,multiple-choice,single,obsidian-quiz-blocks,radio,,CA2;CBC;MF3,needs-answer,,
418,114980,59660,multiple-choice,single,obsidian-quiz-blocks,radio,,MF1,needs-answer,,
418,114980,168,multiple-choice,single,obsidian-quiz-blocks,radio,,MF1,needs-answer,,
418,114983,59663,multiple-choice,single,obsidian-quiz-blocks,radio,,MF1,needs-answer,,
418,114983,59662,multiple-choice,single,obsidian-quiz-blocks,radio,,MF1,needs-answer,,
418,114986,6903,multiple-choice,single,obsidian-quiz-blocks,radio,,MF1,needs-answer,,
418,114986,6956,multiple-choice,single,obsidian-quiz-blocks,radio,,MF1,needs-answer,,
418,114986,6960,multiple-choice,single,obsidian-quiz-blocks,radio,,MF1,needs-answer,,
419,4478,3430,multiple-choice,single,obsidian-quiz-blocks,radio,,MF2,needs-answer,,
419,4478,30052,multiple-choice,single,obsidian-quiz-blocks,radio,,MF2,needs-answer,,
419,4481,112474,multiple-choice,single,obsidian-quiz-blocks,radio,,MF2,needs-answer,,
419,4481,3435,multiple-choice,single,obsidian-quiz-blocks,radio,,MF2,needs-answer,,
419,37721,141624,multiple-choice,single,obsidian-quiz-blocks,radio,,MF2,needs-answer,,
419,37721,141797,multiple-choice,single,obsidian-quiz-blocks,radio,,MF2,needs-answer,,
421,40675,4168,multiple-choice,single,obsidian-quiz-blocks,radio,,MF1,needs-answer,,
421,40675,158614,multiple-choice,single,obsidian-quiz-blocks,radio,,MF1,needs-answer,,
421,41152,76656,multiple-choice,single,obsidian-quiz-blocks,radio,,MF1,needs-answer,,
421,41152,158617,multiple-choice,single,obsidian-quiz-blocks,radio,,MF1,needs-answer,,
421,42008,4176,multiple-choice,single,obsidian-quiz-blocks,radio,,MF1,needs-answer,,
421,42008,4170,multiple-choice,single,obsidian-quiz-blocks,radio,,MF1,needs-answer,,
421,42009,21737,multiple-choice,single,obsidian-quiz-blocks,radio,,MF1,needs-answer,,
421,42009,155555,multiple-choice,single,obsidian-quiz-blocks,radio,,MF1,needs-answer,,
422,4487,52370,multiple-choice,single,obsidian-quiz-blocks,radio,,MF2,needs-answer,,
422,4487,3454,multiple-choice,single,obsidian-quiz-blocks,radio,,MF2,needs-answer,,
422,4490,3458,multiple-choice,single,obsidian-quiz-blocks,radio,,MF2,needs-answer,,
422,4490,3465,multiple-choice,single,obsidian-quiz-blocks,radio,,MF2,needs-answer,,
422,4494,44483,multiple-choice,single,obsidian-quiz-blocks,radio,,MF2,needs-answer,,
422,4494,13094,multiple-choice,single,obsidian-quiz-blocks,radio,,MF2,needs-answer,,
422,26005,63829,multiple-choice,single,obsidian-quiz-blocks,radio,,MF2,needs-answer,,
422,26005,63988,multiple-choice,single,obsidian-quiz-blocks,radio,,MF2,needs-answer,,
423,2854,3484,multiple-choice,single,,,,,,,
423,2854,57781,multiple-choice,single,,,,,,,
423,2857,41531,multiple-choice,single,,,,,,,
423,2857,57786,multiple-choice,single,,,,,,,
423,4770,140,multiple-choice,single,,,,,,,
423,4770,57783,multiple-choice,single,,,,,,,
423,4905,14372,multiple-choice,single,,,,,,,
423,4905,154,multiple-choice,single,,,,,,,
424,1753,49976,multiple-choice,single,obsidian-quiz-blocks,radio,,CA2;CBC;MF3,needs-answer,,
424,1753,12926,multiple-choice,single,obsidian-quiz-blocks,radio,,CA2;CBC;MF3,needs-answer,,
424,1757,15431,multiple-choice,single,obsidian-quiz-blocks,radio,,CA2;CBC;MF3,needs-answer,,
424,1757,14878,multiple-choice,single,obsidian-quiz-blocks,radio,,CA2;CBC;MF3,needs-answer,,
424,27070,49922,multiple-choice,single,obsidian-quiz-blocks,radio,,CA2;CBC;MF3,needs-answer,,
424,27070,49820,multiple-choice,single,obsidian-quiz-blocks,radio,,CA2;CBC;MF3,needs-answer,,
425,40125,7410,multiple-choice,single,,,,,,,
425,40125,7702,multiple-choice,single,,,,,,,
425,40128,52251,multiple-choice,single,,,,,,,
425,40128,7714,multiple-choice,single,,,,,,,
425,40131,10319,multiple-choice,single,,,,,,,
425,40131,44580,multiple-choice,single,,,,,,,
425,40148,150890,multiple-choice,single,,,,,,,
425,40148,150894,multiple-choice,single,,,,,,,
426,3068,3412,multiple-choice,single,obsidian-quiz-blocks,radio,a,MF1,converted-and-verified,manual,label
426,3068,27696,multiple-choice,single,obsidian-quiz-blocks,radio,a,MF1,converted-and-verified,manual,label
426,3073,27705,multiple-choice,single,obsidian-quiz-blocks,radio,c,MF1,converted-and-verified,manual,label
426,3073,24567,multiple-choice,single,obsidian-quiz-blocks,radio,a,MF1,converted-and-verified,manual,label
426,36027,3416,multiple-choice,single,obsidian-quiz-blocks,radio,e,MF1,converted-and-verified,manual,label
426,36027,128877,multiple-choice,single,obsidian-quiz-blocks,radio,c,MF1,converted-and-verified,manual,label
427,18897,37908,multiple-choice,single,obsidian-quiz-blocks,radio,,MF2,needs-answer,,
427,18897,104246,multiple-choice,single,obsidian-quiz-blocks,radio,,MF2,needs-answer,,
427,18898,104250,multiple-choice,single,obsidian-quiz-blocks,radio,,MF2,needs-answer,,
427,18898,3819,multiple-choice,single,obsidian-quiz-blocks,radio,,MF2,needs-answer,,
427,33336,104252,multiple-choice,single,obsidian-quiz-blocks,radio,,MF2,needs-answer,,
427,33336,104257,multiple-choice,single,obsidian-quiz-blocks,radio,,MF2,needs-answer,,
428,18005,784,multiple-choice,single,,,,,,,
428,18005,783,multiple-choice,single,,,,,,,
428,18006,72203,multiple-choice,single,,,,,,,
428,18006,37463,multiple-choice,single,,,,,,,
428,18007,14068,multiple-choice,single,,,,,,,
428,18007,3870,multiple-choice,single,,,,,,,
428,18008,3966,multiple-choice,single,,,,,,,
428,18008,6356,multiple-choice,single,,,,,,,
430,165691,44112,multiple-choice,single,obsidian-quiz-blocks,radio,,MF1,needs-answer,,
430,165691,3406,multiple-choice,single,obsidian-quiz-blocks,radio,,MF1,needs-answer,,
430,165691,30231,multiple-choice,single,obsidian-quiz-blocks,radio,,MF1,needs-answer,,
430,165695,218567,free-response,single,,,,,,,
430,165695,44117,multiple-choice,single,obsidian-quiz-blocks,radio,,MF1,needs-answer,,
430,165695,23831,multiple-choice,single,obsidian-quiz-blocks,radio,,MF1,needs-answer,,
430,165699,12809,multiple-choice,single,obsidian-quiz-blocks,radio,,MF1,needs-answer,,
430,165699,218603,free-response,single,,,,,,,
430,165699,22830,multiple-choice,single,obsidian-quiz-blocks,radio,,MF1,needs-answer,,
431,2118,50328,multiple-choice,single,obsidian-quiz-blocks,radio,,CA2;CBC;MF3,needs-answer,,
431,2118,54159,multiple-choice,single,obsidian-quiz-blocks,radio,,CA2;CBC;MF3,needs-answer,,
431,2121,50326,multiple-choice,single,obsidian-quiz-blocks,radio,,CA2;CBC;MF3,needs-answer,,
431,2121,50021,multiple-choice,single,obsidian-quiz-blocks,radio,,CA2;CBC;MF3,needs-answer,,
431,25163,50009,multiple-choice,single,obsidian-quiz-blocks,radio,,CA2;CBC;MF3,needs-answer,,
431,25163,54155,multiple-choice,single,obsidian-quiz-blocks,radio,,CA2;CBC;MF3,needs-answer,,
433,10410,3696,multiple-choice,single,obsidian-quiz-blocks,radio,,MF1,needs-answer,,
433,10410,3695,multiple-choice,single,obsidian-quiz-blocks,radio,,MF1,needs-answer,,
433,10411,53386,multiple-choice,single,obsidian-quiz-blocks,radio,,MF1,needs-answer,,
433,10411,53385,multiple-choice,single,obsidian-quiz-blocks,radio,,MF1,needs-answer,,
433,10412,3698,multiple-choice,single,obsidian-quiz-blocks,radio,,MF1,needs-answer,,
433,10412,3705,multiple-choice,single,obsidian-quiz-blocks,radio,,MF1,needs-answer,,
434,466046,41968,multiple-choice,single,obsidian-quiz-blocks,radio,,MF2,needs-answer,,
434,466046,4427,multiple-choice,single,obsidian-quiz-blocks,radio,,MF2,needs-answer,,
434,466046,3471,multiple-choice,single,obsidian-quiz-blocks,radio,,MF2,needs-answer,,
434,466051,41957,multiple-choice,single,obsidian-quiz-blocks,radio,,MF2,needs-answer,,
434,466051,86472,multiple-choice,single,obsidian-quiz-blocks,radio,,MF2,needs-answer,,
434,466054,41970,multiple-choice,single,obsidian-quiz-blocks,radio,,MF2,needs-answer,,
434,466054,42000,multiple-choice,single,obsidian-quiz-blocks,radio,,MF2,needs-answer,,
435,18881,69912,multiple-choice,single,obsidian-quiz-blocks,radio,,MF2,needs-answer,,
435,18881,69913,multiple-choice,single,obsidian-quiz-blocks,radio,,MF2,needs-answer,,
435,18882,69910,multiple-choice,single,obsidian-quiz-blocks,radio,,MF2,needs-answer,,
435,18882,69911,multiple-choice,single,obsidian-quiz-blocks,radio,,MF2,needs-answer,,
435,18883,29871,multiple-choice,single,obsidian-quiz-blocks,radio,,MF2,needs-answer,,
435,18883,3492,multiple-choice,single,obsidian-quiz-blocks,radio,,MF2,needs-answer,,
435,18884,29896,multiple-choice,single,obsidian-quiz-blocks,radio,,MF2,needs-answer,,
435,18884,29860,multiple-choice,single,obsidian-quiz-blocks,radio,,MF2,needs-answer,,
436,18886,69925,multiple-choice,single,obsidian-quiz-blocks,radio,,MF2,needs-answer,,
436,18886,69924,multiple-choice,single,obsidian-quiz-blocks,radio,,MF2,needs-answer,,
436,18887,3526,multiple-choice,single,obsidian-quiz-blocks,radio,,MF2,needs-answer,,
436,18887,3497,multiple-choice,single,obsidian-quiz-blocks,radio,,MF2,needs-answer,,
436,19151,69964,multiple-choice,single,obsidian-quiz-blocks,radio,,MF2,needs-answer,,
436,19151,69965,multiple-choice,single,obsidian-quiz-blocks,radio,,MF2,needs-answer,,
436,19152,14456,multiple-choice,single,obsidian-quiz-blocks,radio,,MF2,needs-answer,,
436,19152,29954,multiple-choice,single,obsidian-quiz-blocks,radio,,MF2,needs-answer,,
437,18874,41579,multiple-choice,single,obsidian-quiz-blocks,radio,,MF2,needs-answer,,
437,18874,41567,multiple-choice,single,obsidian-quiz-blocks,radio,,MF2,needs-answer,,
437,18877,41573,multiple-choice,single,obsidian-quiz-blocks,radio,,MF2,needs-answer,,
437,18877,41576,multiple-choice,single,obsidian-quiz-blocks,radio,,MF2,needs-answer,,
437,18878,70254,multiple-choice,single,obsidian-quiz-blocks,radio,,MF2,needs-answer,,
437,18878,69902,multiple-choice,single,obsidian-quiz-blocks,radio,,MF2,needs-answer,,
440,465011,75713,multiple-choice,single,obsidian-quiz-blocks,radio,c,MF2,converted-and-verified,manual,label
440,465011,14741,multiple-choice,single,obsidian-quiz-blocks,radio,e,MF2,converted-and-verified,manual,label
440,465011,75916,multiple-choice,single,obsidian-quiz-blocks,radio,c,MF2,converted-and-verified,manual,label
440,465015,75714,multiple-choice,single,obsidian-quiz-blocks,radio,c,MF2,converted-and-verified,manual,label
440,465015,75578,multiple-choice,single,obsidian-quiz-blocks,radio,d,MF2,converted-and-verified,manual,label
440,465015,115798,multiple-choice,single,obsidian-quiz-blocks,radio,b,MF2,converted-and-verified,manual,label
440,465019,75585,multiple-choice,single,obsidian-quiz-blocks,radio,b,MF2,converted-and-verified,manual,label
440,465019,75938,multiple-choice,single,obsidian-quiz-blocks,radio,c,MF2,converted-and-verified,manual,label
440,465019,3545,multiple-choice,single,obsidian-quiz-blocks,radio,d,MF2,converted-and-verified,manual,label
440,465023,14744,multiple-choice,single,obsidian-quiz-blocks,radio,c,MF2,converted-and-verified,manual,label
440,465023,75953,multiple-choice,single,obsidian-quiz-blocks,radio,d,MF2,converted-and-verified,manual,label
440,465023,3547,multiple-choice,single,obsidian-quiz-blocks,radio,a,MF2,converted-and-verified,manual,label
441,18010,69315,multiple-choice,single,,,,,,,
441,18010,69314,multiple-choice,single,,,,,,,
441,18011,69317,multiple-choice,single,,,,,,,
441,18011,69316,multiple-choice,single,,,,,,,
441,18012,69319,multiple-choice,single,,,,,,,
441,18012,69318,multiple-choice,single,,,,,,,
443,1609,2189,multiple-choice,single,obsidian-quiz-blocks,radio,b,CA2;CAB;CBC;MF3,converted-and-verified,manual,label
443,1609,2195,multiple-choice,single,obsidian-quiz-blocks,radio,d,CA2;CAB;CBC;MF3,converted-and-verified,manual,label
443,1612,12496,multiple-choice,single,obsidian-quiz-blocks,radio,d,CA2;CAB;CBC;MF3,converted-and-verified,manual,label
443,1612,12494,multiple-choice,single,obsidian-quiz-blocks,radio,d,CA2;CAB;CBC;MF3,converted-and-verified,manual,label
443,1616,12500,multiple-choice,single,obsidian-quiz-blocks,radio,c,CA2;CAB;CBC;MF3,converted-and-verified,manual,label
443,1616,72566,multiple-choice,single,obsidian-quiz-blocks,radio,c,CA2;CAB;CBC;MF3,converted-and-verified,manual,label
443,22929,49636,multiple-choice,single,obsidian-quiz-blocks,radio,c,CA2;CAB;CBC;MF3,converted-and-verified,manual,label
443,22929,2389,multiple-choice,single,obsidian-quiz-blocks,radio,b,CA2;CAB;CBC;MF3,converted-and-verified,manual,label
444,442845,114906,multiple-choice,single,obsidian-quiz-blocks,radio,b,CA2;CAB;CBC;MF3,converted-and-verified,manual,label
444,442845,49534,multiple-choice,single,obsidian-quiz-blocks,radio,d,CA2;CAB;CBC;MF3,converted-and-verified,manual,label
444,442845,49686,multiple-choice,single,obsidian-quiz-blocks,radio,c,CA2;CAB;CBC;MF3,converted-and-verified,manual,label
444,442849,3596,multiple-choice,single,obsidian-quiz-blocks,radio,d,CA2;CAB;CBC;MF3,converted-and-verified,manual,label
444,442849,49937,multiple-choice,single,obsidian-quiz-blocks,radio,b,CA2;CAB;CBC;MF3,converted-and-verified,manual,label
444,442852,3591,multiple-choice,single,obsidian-quiz-blocks,radio,b,CA2;CAB;CBC;MF3,converted-and-verified,manual,label
444,442852,238056,multiple-choice,single,obsidian-quiz-blocks,radio,a,CA2;CAB;CBC;MF3,converted-and-verified,manual,label
444,442855,3597,multiple-choice,single,obsidian-quiz-blocks,radio,b,CA2;CAB;CBC;MF3,converted-and-verified,manual,label
444,442855,238092,multiple-choice,single,obsidian-quiz-blocks,radio,b,CA2;CAB;CBC;MF3,converted-and-verified,manual,label
445,618569,49904,multiple-choice,single,obsidian-quiz-blocks,radio,,CA2;CBC;MF3,needs-answer,,
445,618569,49604,multiple-choice,single,obsidian-quiz-blocks,radio,,CA2;CBC;MF3,needs-answer,,
445,618572,49766,multiple-choice,single,obsidian-quiz-blocks,radio,,CA2;CBC;MF3,needs-answer,,
445,618572,49761,multiple-choice,single,obsidian-quiz-blocks,radio,,CA2;CBC;MF3,needs-answer,,
446,1801,49781,multiple-choice,single,obsidian-quiz-blocks,radio,,CA2;CBC;MF3,needs-answer,,
446,1801,3608,multiple-choice,single,obsidian-quiz-blocks,radio,,CA2;CBC;MF3,needs-answer,,
446,1805,82892,multiple-choice,single,obsidian-quiz-blocks,radio,,CA2;CBC;MF3,needs-answer,,
446,1805,3618,multiple-choice,single,obsidian-quiz-blocks,radio,,CA2;CBC;MF3,needs-answer,,
446,26940,49900,multiple-choice,single,obsidian-quiz-blocks,radio,,CA2;CBC;MF3,needs-answer,,
446,26940,82889,multiple-choice,single,obsidian-quiz-blocks,radio,,CA2;CBC;MF3,needs-answer,,
446,27007,11340,multiple-choice,single,obsidian-quiz-blocks,radio,,CA2;CBC;MF3,needs-answer,,
446,27007,49782,multiple-choice,single,obsidian-quiz-blocks,radio,,CA2;CBC;MF3,needs-answer,,
447,1809,49872,multiple-choice,single,obsidian-quiz-blocks,radio,,CA2;CBC;MF3,needs-answer,,
447,1809,3638,multiple-choice,single,obsidian-quiz-blocks,radio,,CA2;CBC;MF3,needs-answer,,
447,14541,49789,multiple-choice,single,obsidian-quiz-blocks,radio,,CA2;CBC;MF3,needs-answer,,
447,14541,49919,multiple-choice,single,obsidian-quiz-blocks,radio,,CA2;CBC;MF3,needs-answer,,
447,27082,51177,multiple-choice,single,obsidian-quiz-blocks,radio,,CA2;CBC;MF3,needs-answer,,
447,27082,51176,multiple-choice,single,obsidian-quiz-blocks,radio,,CA2;CBC;MF3,needs-answer,,
450,458037,140271,multiple-choice,single,obsidian-quiz-blocks,radio,,MF2,needs-answer,,
450,458037,250399,free-response,multi,,,,,,,
450,458037,140186,multiple-choice,single,obsidian-quiz-blocks,radio,,MF2,needs-answer,,
450,458041,250431,free-response,multi,,,,,,,
450,458041,140276,multiple-choice,single,obsidian-quiz-blocks,radio,,MF2,needs-answer,,
450,458045,140221,multiple-choice,single,obsidian-quiz-blocks,radio,,MF2,needs-answer,,
450,458045,250390,free-response,multi,,,,,,,
450,458048,235904,free-response,multi,,,,,,,
450,458048,25253,multiple-choice,single,obsidian-quiz-blocks,radio,,MF2,needs-answer,,
451,145542,3673,multiple-choice,single,obsidian-quiz-blocks,radio,,MF1,needs-answer,,
451,145542,215464,free-response,multi,,,,,,,
451,145542,215466,free-response,multi,,,,,,,
451,145546,3693,multiple-choice,single,obsidian-quiz-blocks,radio,,MF1,needs-answer,,
451,145546,215482,free-response,multi,,,,,,,
451,145546,215489,free-response,multi,,,,,,,
451,145551,3674,multiple-choice,single,obsidian-quiz-blocks,radio,,MF1,needs-answer,,
451,145551,215496,free-response,multi,,,,,,,
451,145551,215707,free-response,multi,,,,,,,
452,169369,221343,free-response,single,,,,,,,
452,169369,78097,multiple-choice,single,obsidian-quiz-blocks,radio,,MF1,needs-answer,,
452,169372,61649,multiple-choice,single,obsidian-quiz-blocks,radio,,MF1,needs-answer,,
452,169372,222227,free-response,multi,,,,,,,
452,169375,222269,free-response,single,,,,,,,
452,169375,15829,multiple-choice,single,obsidian-quiz-blocks,radio,,MF1,needs-answer,,
453,4522,22851,multiple-choice,single,obsidian-quiz-blocks,radio,,MF2,needs-answer,,
453,4522,3688,multiple-choice,single,obsidian-quiz-blocks,radio,,MF2,needs-answer,,
453,6158,30494,multiple-choice,single,obsidian-quiz-blocks,radio,,MF2,needs-answer,,
453,6158,3685,multiple-choice,single,obsidian-quiz-blocks,radio,,MF2,needs-answer,,
453,6159,3683,multiple-choice,single,,,,,,,
453,6159,23217,multiple-choice,single,obsidian-quiz-blocks,radio,,MF2,needs-answer,,
454,29620,89708,multiple-choice,single,obsidian-quiz-blocks,radio,,MF2,needs-answer,,
454,29620,89707,multiple-choice,single,obsidian-quiz-blocks,radio,,MF2,needs-answer,,
454,29621,89712,multiple-choice,single,obsidian-quiz-blocks,radio,,MF2,needs-answer,,
454,29621,89710,multiple-choice,single,obsidian-quiz-blocks,radio,,MF2,needs-answer,,
455,21997,16508,multiple-choice,single,,,,,,,
455,21997,98003,multiple-choice,single,,,,,,,
455,21999,39047,multiple-choice,single,obsidian-quiz-blocks,radio,,MF2,needs-answer,,
455,21999,39046,multiple-choice,single,obsidian-quiz-blocks,radio,,MF2,needs-answer,,
455,32144,99064,multiple-choice,single,,,,,,,
455,32144,16506,multiple-choice,single,,,,,,,
455,32636,97958,multiple-choice,single,,,,,,,
455,32636,97963,multiple-choice,single,,,,,,,
456,3946,27480,multiple-choice,single,,,,,,,
456,3946,27449,multiple-choice,single,,,,,,,
456,3950,31364,multiple-choice,single,obsidian-quiz-blocks,radio,,MF2,needs-answer,,
456,3950,31424,multiple-choice,single,,,,,,,
456,3953,27544,multiple-choice,single,obsidian-quiz-blocks,radio,,MF2,needs-answer,,
456,3953,55433,multiple-choice,single,obsidian-quiz-blocks,radio,,MF2,needs-answer,,
456,5012,27479,multiple-choice,single,obsidian-quiz-blocks,radio,,MF2,needs-answer,,
456,5012,7254,multiple-choice,single,obsidian-quiz-blocks,radio,,MF2,needs-answer,,
457,455502,2948,multiple-choice,single,obsidian-quiz-blocks,radio,,MF2,needs-answer,,
457,455502,66515,multiple-choice,single,obsidian-quiz-blocks,radio,,MF2,needs-answer,,
457,455502,252550,free-response,single,,,,,,,
457,455506,66512,multiple-choice,single,obsidian-quiz-blocks,radio,,MF2,needs-answer,,
457,455506,66511,multiple-choice,single,obsidian-quiz-blocks,radio,,MF2,needs-answer,,
457,455509,252598,free-response,single,,,,,,,
457,455509,66513,multiple-choice,single,obsidian-quiz-blocks,radio,,MF2,needs-answer,,
457,455509,252623,free-response,multi,,,,,,,
457,455513,66517,multiple-choice,single,obsidian-quiz-blocks,radio,,MF2,needs-answer,,
457,455513,252615,free-response,single,,,,,,,
457,455513,66518,multiple-choice,single,obsidian-quiz-blocks,radio,,MF2,needs-answer,,
458,3168,1248,multiple-choice,single,obsidian-quiz-blocks,radio,c,MF1,converted-and-verified,manual,label
458,3168,59464,multiple-choice,single,obsidian-quiz-blocks,radio,a,MF1,converted-and-verified,manual,label
458,3172,28843,multiple-choice,single,obsidian-quiz-blocks,radio,d,MF1,converted-and-verified,manual,label
458,3172,4111,multiple-choice,single,obsidian-quiz-blocks,radio,e,MF1,converted-and-verified,manual,label
458,5562,25768,multiple-choice,single,obsidian-quiz-blocks,radio,d,MF1,converted-and-verified,manual,label
458,5562,59475,multiple-choice,single,obsidian-quiz-blocks,radio,c,MF1,converted-and-verified,manual,label
458,23592,44791,multiple-choice,single,obsidian-quiz-blocks,radio,d,MF1,converted-and-verified,manual,label
458,23592,44865,multiple-choice,single,obsidian-quiz-blocks,radio,d,MF1,converted-and-verified,manual,label
459,147702,3701,multiple-choice,single,obsidian-quiz-blocks,radio,,MF2,needs-answer,,
459,147702,214934,free-response,single,,,,,,,
459,147702,3717,multiple-choice,single,obsidian-quiz-blocks,radio,,MF2,needs-answer,,
459,147706,216298,free-response,single,,,,,,,
459,147706,214936,free-response,single,,,,,,,
459,147706,3702,multiple-choice,single,obsidian-quiz-blocks,radio,,MF2,needs-answer,,
460,10877,32094,multiple-choice,single,obsidian-quiz-blocks,radio,,MF1,needs-answer,,
460,10877,32090,multiple-choice,single,obsidian-quiz-blocks,radio,,MF1,needs-answer,,
460,10878,32099,multiple-choice,single,obsidian-quiz-blocks,radio,,MF1,needs-answer,,
460,10878,32097,multiple-choice,single,obsidian-quiz-blocks,radio,,MF1,needs-answer,,
460,10879,5657,multiple-choice,single,obsidian-quiz-blocks,radio,,MF1,needs-answer,,
460,10879,32084,multiple-choice,single,obsidian-quiz-blocks,radio,,MF1,needs-answer,,
460,10881,53553,multiple-choice,single,obsidian-quiz-blocks,radio,,MF1,needs-answer,,
460,10881,53557,multiple-choice,single,obsidian-quiz-blocks,radio,,MF1,needs-answer,,
461,257,16220,multiple-choice,single,obsidian-quiz-blocks,radio,b,CA1;CAB;CBC;MF2,converted-and-verified,manual,label
461,257,16218,multiple-choice,single,obsidian-quiz-blocks,radio,c,CA1;CAB;CBC;MF2,converted-and-verified,manual,label
461,260,16261,multiple-choice,single,obsidian-quiz-blocks,radio,d,CA1;CAB;CBC;MF2,converted-and-verified,manual,label
461,260,16266,multiple-choice,single,obsidian-quiz-blocks,radio,e,CA1;CAB;CBC;MF2,converted-and-verified,manual,label
461,263,34932,multiple-choice,single,obsidian-quiz-blocks,radio,a,CA1;CAB;CBC;MF2,converted-and-verified,manual,label
461,263,34840,multiple-choice,single,obsidian-quiz-blocks,radio,c,CA1;CAB;CBC;MF2,converted-and-verified,manual,label
462,12021,48039,multiple-choice,single,obsidian-quiz-blocks,radio,e,CA1;CAB;CBC;MF2,converted-and-verified,image-id,answer-image-id-1
462,12021,48081,multiple-choice,single,obsidian-quiz-blocks,radio,a,CA1;CAB;CBC;MF2,converted-and-verified,image-id,answer-image-id-1
462,12022,48090,multiple-choice,single,obsidian-quiz-blocks,radio,d,CA1;CAB;CBC;MF2,converted-and-verified,manual,label
462,12022,48080,multiple-choice,single,obsidian-quiz-blocks,radio,a,CA1;CAB;CBC;MF2,converted-and-verified,manual,label
462,12023,48042,multiple-choice,single,obsidian-quiz-blocks,radio,c,CA1;CAB;CBC;MF2,converted-and-verified,manual,label
462,12023,48064,multiple-choice,single,obsidian-quiz-blocks,radio,e,CA1;CAB;CBC;MF2,converted-and-verified,manual,label
463,1126,31596,multiple-choice,single,obsidian-quiz-blocks,radio,e,CA1;CAB;CBC;MF3,converted-and-verified,manual,label
463,1126,3770,multiple-choice,single,obsidian-quiz-blocks,radio,b,CA1;CAB;CBC;MF3,converted-and-verified,manual,label
463,1129,31518,multiple-choice,single,obsidian-quiz-blocks,radio,e,CA1;CAB;CBC;MF3,converted-and-verified,manual,label
463,1129,31268,multiple-choice,single,obsidian-quiz-blocks,radio,e,CA1;CAB;CBC;MF3,converted-and-verified,manual,label
463,1132,65731,multiple-choice,single,obsidian-quiz-blocks,radio,b,CA1;CAB;CBC;MF3,converted-and-verified,manual,label
463,1132,72339,multiple-choice,single,obsidian-quiz-blocks,radio,a,CA1;CAB;CBC;MF3,converted-and-verified,manual,label
463,1135,31597,multiple-choice,single,obsidian-quiz-blocks,radio,d,CA1;CAB;CBC;MF3,converted-and-verified,manual,label
463,1135,31273,multiple-choice,single,obsidian-quiz-blocks,radio,e,CA1;CAB;CBC;MF3,converted-and-verified,manual,label
464,14282,3811,multiple-choice,single,obsidian-quiz-blocks,radio,,MF2,needs-answer,,
464,14282,3785,multiple-choice,single,obsidian-quiz-blocks,radio,,MF2,needs-answer,,
464,14283,66248,multiple-choice,single,obsidian-quiz-blocks,radio,,MF2,needs-answer,,
464,14283,3812,multiple-choice,single,obsidian-quiz-blocks,radio,,MF2,needs-answer,,
464,14284,66254,multiple-choice,single,obsidian-quiz-blocks,radio,,MF2,needs-answer,,
464,14284,16280,multiple-choice,single,obsidian-quiz-blocks,radio,,MF2,needs-answer,,
464,14285,54630,multiple-choice,single,obsidian-quiz-blocks,radio,,MF2,needs-answer,,
464,14285,54629,multiple-choice,single,obsidian-quiz-blocks,radio,,MF2,needs-answer,,
466,41053,14257,multiple-choice,single,obsidian-quiz-blocks,radio,e,CAB;CBC;MF3;CA2;DEQ;PS1,converted-and-verified,manual,label
466,41053,14244,multiple-choice,single,obsidian-quiz-blocks,radio,c,CAB;CBC;MF3;CA2;DEQ;PS1,converted-and-verified,manual,label
466,41056,8303,multiple-choice,single,obsidian-quiz-blocks,radio,c,CAB;CBC;MF3;CA2;DEQ;PS1,converted-and-verified,manual,label
466,41056,8305,multiple-choice,single,obsidian-quiz-blocks,radio,a,CAB;CBC;MF3;CA2;DEQ;PS1,converted-and-verified,manual,label
466,41115,154678,multiple-choice,single,obsidian-quiz-blocks,radio,d,CAB;CBC;MF3;CA2;DEQ;PS1,converted-and-verified,manual,label
466,41115,157692,multiple-choice,single,obsidian-quiz-blocks,radio,d,CAB;CBC;MF3;CA2;DEQ;PS1,converted-and-verified,manual,label
466,41758,154359,multiple-choice,single,obsidian-quiz-blocks,radio,b,CAB;CBC;MF3;CA2;DEQ;PS1,converted-and-verified,manual,label
466,41758,154367,multiple-choice,single,obsidian-quiz-blocks,radio,e,CAB;CBC;MF3;CA2;DEQ;PS1,converted-and-verified,manual,label
468,18528,24351,multiple-choice,single,obsidian-quiz-blocks,radio,,MF3,needs-answer,,
468,18528,24352,multiple-choice,single,obsidian-quiz-blocks,radio,,MF3,needs-answer,,
468,37410,24336,multiple-choice,single,obsidian-quiz-blocks,radio,,MF3,needs-answer,,
468,37410,31015,multiple-choice,single,obsidian-quiz-blocks,radio,,MF3,needs-answer,,
468,37568,24400,multiple-choice,single,obsidian-quiz-blocks,radio,,MF3,needs-answer,,
468,37568,141118,multiple-choice,single,obsidian-quiz-blocks,radio,,MF3,needs-answer,,
468,37569,115280,multiple-choice,single,obsidian-quiz-blocks,radio,,MF3,needs-answer,,
468,37569,141173,multiple-choice,single,obsidian-quiz-blocks,radio,,MF3,needs-answer,,
469,18473,37655,multiple-choice,single,obsidian-quiz-blocks,radio,,MF2,needs-answer,,
469,18473,3895,multiple-choice,single,obsidian-quiz-blocks,radio,,MF2,needs-answer,,
469,18476,37763,multiple-choice,single,obsidian-quiz-blocks,radio,,MF2,needs-answer,,
469,18476,14237,multiple-choice,single,obsidian-quiz-blocks,radio,,MF2,needs-answer,,
470,138157,12987,multiple-choice,single,obsidian-quiz-blocks,radio,,MF1,needs-answer,,
470,138157,212130,free-response,single,,,,,,,
470,138157,214831,free-response,single,,,,,,,
470,138162,13009,multiple-choice,single,obsidian-quiz-blocks,radio,,MF1,needs-answer,,
470,138162,212133,free-response,single,,,,,,,
470,138162,214906,free-response,single,,,,,,,
472,597763,16340,multiple-choice,single,obsidian-quiz-blocks,radio,c,CA1;CAB;CBC;MF2,converted-and-verified,manual,label
472,597763,300664,free-response,multi,obsidian-quiz-blocks,radio,a,CA1;CAB;CBC,converted-and-verified,manual,label
472,597763,16545,multiple-choice,single,obsidian-quiz-blocks,radio,a,CA1;CAB;CBC;MF2,converted-and-verified,manual,label
472,597767,16384,multiple-choice,single,obsidian-quiz-blocks,radio,d,CA1;CAB;CBC;MF2,converted-and-verified,manual,label
472,597767,16602,multiple-choice,single,obsidian-quiz-blocks,radio,c,CA1;CAB;CBC;MF2,converted-and-verified,manual,label
472,597771,47600,multiple-choice,single,obsidian-quiz-blocks,radio,b,CA1;CAB;CBC;MF2,converted-and-verified,manual,label
472,597771,54183,multiple-choice,single,obsidian-quiz-blocks,radio,a,CA1;CAB;CBC;MF2,converted-and-verified,manual,label
474,12118,48199,multiple-choice,single,obsidian-quiz-blocks,radio,d,CA1;CAB;CBC;MF2,converted-and-verified,image-id,answer-image-id-1
474,12118,48262,multiple-choice,single,obsidian-quiz-blocks,radio,c,CA1;CAB;CBC;MF2,converted-and-verified,image-id,answer-image-id-1
474,12120,38328,multiple-choice,single,obsidian-quiz-blocks,radio,b,CA1;CAB;CBC;MF2,converted-and-verified,manual,label
474,12120,38711,multiple-choice,single,obsidian-quiz-blocks,radio,c,CA1;CAB;CBC;MF2,converted-and-verified,manual,label
474,12121,38548,multiple-choice,single,obsidian-quiz-blocks,radio,c,CA1;CAB;CBC;MF2,converted-and-verified,manual,label
474,12121,38547,multiple-choice,single,obsidian-quiz-blocks,radio,b,CA1;CAB;CBC;MF2,converted-and-verified,manual,label
475,44769,50359,multiple-choice,single,obsidian-quiz-blocks,radio,d,CBC;CA2;MF3,converted-and-verified,manual,label
475,44769,50083,multiple-choice,single,obsidian-quiz-blocks,radio,a,CBC;CA2;MF3,converted-and-verified,manual,label
475,44773,50360,multiple-choice,single,obsidian-quiz-blocks,radio,b,CBC;CA2;MF3,converted-and-verified,manual,label
475,44773,50362,multiple-choice,single,obsidian-quiz-blocks,radio,e,CBC;CA2;MF3,converted-and-verified,manual,label
475,44776,160766,multiple-choice,single,obsidian-quiz-blocks,radio,b,CBC;CA2;MF3,converted-and-verified,manual,label
475,44776,160790,multiple-choice,single,obsidian-quiz-blocks,radio,c,CBC;CA2;MF3,converted-and-verified,manual,label
475,44776,160793,multiple-choice,single,obsidian-quiz-blocks,radio,e,CBC;CA2;MF3,converted-and-verified,manual,label
477,1401,71860,multiple-choice,single,obsidian-quiz-blocks,radio,b,CAB;CBC;MF3;CA1,converted-and-verified,manual,label
477,1401,4412,multiple-choice,single,obsidian-quiz-blocks,radio,c,CAB;CBC;MF3;CA1,converted-and-verified,manual,label
477,1406,20754,multiple-choice,single,obsidian-quiz-blocks,radio,c,CAB;CBC;MF3;CA1,converted-and-verified,manual,label
477,1406,20333,multiple-choice,single,obsidian-quiz-blocks,radio,c,CAB;CBC;MF3;CA1,converted-and-verified,manual,label
477,26738,49079,multiple-choice,single,obsidian-quiz-blocks,radio,b,CAB;CBC;MF3;CA1,converted-and-verified,manual,label
477,26738,49074,multiple-choice,single,obsidian-quiz-blocks,radio,a,CAB;CBC;MF3;CA1,converted-and-verified,manual,label
477,26741,49105,multiple-choice,single,obsidian-quiz-blocks,radio,b,CAB;CBC;MF3;CA1,converted-and-verified,image-id,answer-image-id-1
477,26741,49109,multiple-choice,single,obsidian-quiz-blocks,radio,e,CAB;CBC;MF3;CA1,converted-and-verified,image-id,answer-image-id-1
478,617130,2204,multiple-choice,single,obsidian-quiz-blocks,radio,,CA2;CAB;CBC,needs-answer,,
478,617130,13647,multiple-choice,single,obsidian-quiz-blocks,radio,,CA2;CAB;CBC,needs-answer,,
478,617133,10143,multiple-choice,single,obsidian-quiz-blocks,radio,,CA2;CAB;CBC,needs-answer,,
478,617133,10157,multiple-choice,single,obsidian-quiz-blocks,radio,,CA2;CAB;CBC,needs-answer,,
478,617137,13461,multiple-choice,single,obsidian-quiz-blocks,radio,,CA2;CAB;CBC,needs-answer,,
478,617137,13474,multiple-choice,single,obsidian-quiz-blocks,radio,,CA2;CAB;CBC,needs-answer,,
478,617140,49557,multiple-choice,single,obsidian-quiz-blocks,radio,,CA2;CAB;CBC,needs-answer,,
478,617140,10046,multiple-choice,single,obsidian-quiz-blocks,radio,,CA2;CAB;CBC,needs-answer,,
480,19000,14008,multiple-choice,single,obsidian-quiz-blocks,radio,,MF2,needs-answer,,
480,19000,37614,multiple-choice,single,obsidian-quiz-blocks,radio,,MF2,needs-answer,,
480,19001,13466,multiple-choice,single,obsidian-quiz-blocks,radio,,MF2,needs-answer,,
480,19001,37509,multiple-choice,single,obsidian-quiz-blocks,radio,,MF2,needs-answer,,
480,19002,37652,multiple-choice,single,obsidian-quiz-blocks,radio,,MF2,needs-answer,,
480,19002,37650,multiple-choice,single,obsidian-quiz-blocks,radio,,MF2,needs-answer,,
483,9531,4058,multiple-choice,single,obsidian-quiz-blocks,radio,,MF2,needs-answer,,
483,9531,45186,multiple-choice,single,obsidian-quiz-blocks,radio,,MF2,needs-answer,,
483,9539,45464,multiple-choice,single,obsidian-quiz-blocks,radio,,MF2,needs-answer,,
483,9539,45188,multiple-choice,single,obsidian-quiz-blocks,radio,,MF2,needs-answer,,
483,28860,45397,multiple-choice,single,,,,,,,
483,28860,45184,multiple-choice,single,,,,,,,
483,29004,45171,multiple-choice,single,obsidian-quiz-blocks,radio,,MF2,needs-answer,,
483,29004,88426,multiple-choice,single,obsidian-quiz-blocks,radio,,MF2,needs-answer,,
484,4328,52389,multiple-choice,single,obsidian-quiz-blocks,radio,,MF1,needs-answer,,
484,4328,29317,multiple-choice,single,obsidian-quiz-blocks,radio,,MF1,needs-answer,,
484,36487,134366,multiple-choice,single,obsidian-quiz-blocks,radio,,MF1,needs-answer,,
484,36487,134367,multiple-choice,single,obsidian-quiz-blocks,radio,,MF1,needs-answer,,
484,36491,134363,multiple-choice,single,obsidian-quiz-blocks,radio,,MF1,needs-answer,,
484,36491,134365,multiple-choice,single,obsidian-quiz-blocks,radio,,MF1,needs-answer,,
485,154976,4035,multiple-choice,single,obsidian-quiz-blocks,radio,,MF2,needs-answer,,
485,154976,212643,free-response,multi,,,,,,,
485,154979,212647,free-response,multi,,,,,,,
485,154979,14357,multiple-choice,single,obsidian-quiz-blocks,radio,,MF2,needs-answer,,
485,154979,216932,free-response,multi,,,,,,,
485,154984,212649,free-response,multi,,,,,,,
485,154984,212650,free-response,multi,,,,,,,
487,197420,171690,free-response,multi,,,,,,,
487,197420,5179,multiple-choice,single,obsidian-quiz-blocks,radio,,MF1,needs-answer,,
487,197420,4133,multiple-choice,single,obsidian-quiz-blocks,radio,,MF1,needs-answer,,
487,197424,12444,multiple-choice,single,obsidian-quiz-blocks,radio,,MF1,needs-answer,,
487,197424,18483,multiple-choice,single,obsidian-quiz-blocks,radio,,MF1,needs-answer,,
487,197424,12457,multiple-choice,single,obsidian-quiz-blocks,radio,,MF1,needs-answer,,
490,9637,53654,multiple-choice,single,obsidian-quiz-blocks,radio,,MF2,needs-answer,,
490,9637,53653,multiple-choice,single,obsidian-quiz-blocks,radio,,MF2,needs-answer,,
490,9638,53919,multiple-choice,single,obsidian-quiz-blocks,radio,,MF2,needs-answer,,
490,9638,53867,multiple-choice,single,obsidian-quiz-blocks,radio,,MF2,needs-answer,,
490,9640,53665,multiple-choice,single,obsidian-quiz-blocks,radio,,MF2,needs-answer,,
490,9640,53543,multiple-choice,single,obsidian-quiz-blocks,radio,,MF2,needs-answer,,
490,9641,53668,multiple-choice,single,obsidian-quiz-blocks,radio,,MF2,needs-answer,,
490,9641,53776,multiple-choice,single,obsidian-quiz-blocks,radio,,MF2,needs-answer,,
491,9655,47944,multiple-choice,single,obsidian-quiz-blocks,radio,,MF2,needs-answer,,
491,9655,47940,multiple-choice,single,obsidian-quiz-blocks,radio,,MF2,needs-answer,,
491,9670,53600,multiple-choice,single,obsidian-quiz-blocks,radio,,MF2,needs-answer,,
491,9670,53598,multiple-choice,single,obsidian-quiz-blocks,radio,,MF2,needs-answer,,
491,29494,53706,multiple-choice,single,obsidian-quiz-blocks,radio,,MF2,needs-answer,,
491,29494,53599,multiple-choice,single,obsidian-quiz-blocks,radio,,MF2,needs-answer,,
493,229009,211984,select-list,single,,,,,,,
493,229009,237043,select-list,single,,,,,,,
493,229009,237046,select-list,single,,,,,,,
493,229014,237095,select-list,single,,,,,,,
493,229014,211986,select-list,single,,,,,,,
493,229019,25524,multiple-choice,single,obsidian-quiz-blocks,radio,d,MF1,converted-and-verified,manual,label
493,229019,208832,free-response,single,,,,,,,
496,186751,171867,free-response,single,,,,,,,
496,186751,4181,multiple-choice,single,obsidian-quiz-blocks,radio,,MF1,needs-answer,,
496,186754,171874,free-response,single,,,,,,,
496,186754,4186,multiple-choice,single,obsidian-quiz-blocks,radio,,MF1,needs-answer,,
496,186757,5961,multiple-choice,single,obsidian-quiz-blocks,radio,,MF1,needs-answer,,
496,186757,235937,free-response,single,,,,,,,
496,186757,52859,multiple-choice,single,obsidian-quiz-blocks,radio,,MF1,needs-answer,,
496,186761,171870,free-response,single,,,,,,,
496,186761,67994,multiple-choice,single,obsidian-quiz-blocks,radio,,MF1,needs-answer,,
510,10998,1627,multiple-choice,single,obsidian-quiz-blocks,radio,,MF2,needs-answer,,
510,10998,1617,multiple-choice,single,obsidian-quiz-blocks,radio,,MF2,needs-answer,,
510,10999,54164,multiple-choice,single,obsidian-quiz-blocks,radio,,MF2,needs-answer,,
510,10999,54166,multiple-choice,single,obsidian-quiz-blocks,radio,,MF2,needs-answer,,
510,11001,54182,multiple-choice,single,obsidian-quiz-blocks,radio,,MF2,needs-answer,,
510,11001,23339,multiple-choice,single,obsidian-quiz-blocks,radio,,MF2,needs-answer,,
510,11002,23949,multiple-choice,single,obsidian-quiz-blocks,radio,,MF2,needs-answer,,
510,11002,23396,multiple-choice,single,obsidian-quiz-blocks,radio,,MF2,needs-answer,,
512,453411,97788,multiple-choice,single,obsidian-quiz-blocks,radio,,MF2,needs-answer,,
512,453411,97789,multiple-choice,single,obsidian-quiz-blocks,radio,,MF2,needs-answer,,
512,453414,262211,free-response,single,,,,,,,
512,453414,97790,multiple-choice,single,obsidian-quiz-blocks,radio,,MF2,needs-answer,,
512,453417,241754,free-response,single,,,,,,,
512,453417,97794,multiple-choice,single,obsidian-quiz-blocks,radio,,MF2,needs-answer,,
516,11064,54378,multiple-choice,single,obsidian-quiz-blocks,radio,,MF2,needs-answer,,
516,11064,54380,multiple-choice,single,obsidian-quiz-blocks,radio,,MF2,needs-answer,,
516,11066,54384,multiple-choice,single,obsidian-quiz-blocks,radio,,MF2,needs-answer,,
516,11066,54376,multiple-choice,single,obsidian-quiz-blocks,radio,,MF2,needs-answer,,
516,11067,54367,multiple-choice,single,obsidian-quiz-blocks,radio,,MF2,needs-answer,,
516,11067,54363,multiple-choice,single,obsidian-quiz-blocks,radio,,MF2,needs-answer,,
516,11068,54368,multiple-choice,single,obsidian-quiz-blocks,radio,,MF2,needs-answer,,
516,11068,54369,multiple-choice,single,obsidian-quiz-blocks,radio,,MF2,needs-answer,,
521,73811,53025,multiple-choice,single,obsidian-quiz-blocks,radio,,MF1,needs-answer,,
521,73811,52809,multiple-choice,single,obsidian-quiz-blocks,radio,,MF1,needs-answer,,
521,73815,52978,multiple-choice,single,obsidian-quiz-blocks,radio,,MF1,needs-answer,,
521,73815,52979,multiple-choice,single,obsidian-quiz-blocks,radio,,MF1,needs-answer,,
521,73819,52983,multiple-choice,single,obsidian-quiz-blocks,radio,,MF1,needs-answer,,
521,73819,53024,multiple-choice,single,obsidian-quiz-blocks,radio,,MF1,needs-answer,,
524,53556,68871,multiple-choice,single,obsidian-quiz-blocks,radio,,MF1,needs-answer,,
524,53556,68870,multiple-choice,single,obsidian-quiz-blocks,radio,,MF1,needs-answer,,
524,53560,68881,multiple-choice,single,obsidian-quiz-blocks,radio,,MF1,needs-answer,,
524,53560,68681,multiple-choice,single,obsidian-quiz-blocks,radio,,MF1,needs-answer,,
524,53563,68899,multiple-choice,single,obsidian-quiz-blocks,radio,,MF1,needs-answer,,
524,53563,68896,multiple-choice,single,obsidian-quiz-blocks,radio,,MF1,needs-answer,,
524,53567,68904,multiple-choice,single,,,,,,,
524,53567,68905,multiple-choice,single,,,,,,,
525,135983,57442,multiple-choice,single,obsidian-quiz-blocks,radio,b,MF1,converted-and-verified,manual,label
525,135983,100995,multiple-choice,single,obsidian-quiz-blocks,radio,d,MF1,converted-and-verified,manual,label
525,135986,57447,multiple-choice,single,obsidian-quiz-blocks,radio,a,MF1,converted-and-verified,manual,label
525,135986,172133,free-response,single,obsidian-quiz-blocks,radio,a,MF1,converted-and-verified,manual,label
525,135986,172132,free-response,single,obsidian-quiz-blocks,radio,a,MF1,converted-and-verified,manual,label
525,135990,172134,free-response,single,obsidian-quiz-blocks,radio,a,MF1,converted-and-verified,manual,label
525,135990,212486,free-response,single,obsidian-quiz-blocks,radio,a,MF1,converted-and-verified,manual,label
525,135990,212495,free-response,single,obsidian-quiz-blocks,radio,a,MF1,converted-and-verified,manual,label
525,135994,91850,multiple-choice,single,obsidian-quiz-blocks,radio,a,MF1,converted-and-verified,manual,label
525,135994,212533,free-response,single,obsidian-quiz-blocks,radio,a,MF1,converted-and-verified,manual,label
525,135994,212540,free-response,single,obsidian-quiz-blocks,radio,a,MF1,converted-and-verified,manual,label
526,45230,74034,multiple-choice,single,obsidian-quiz-blocks,radio,,MF2,needs-answer,,
526,45230,74033,multiple-choice,single,obsidian-quiz-blocks,radio,,MF2,needs-answer,,
526,45234,74036,multiple-choice,single,obsidian-quiz-blocks,radio,,MF2,needs-answer,,
526,45234,74037,multiple-choice,single,obsidian-quiz-blocks,radio,,MF2,needs-answer,,
526,45522,74061,multiple-choice,single,obsidian-quiz-blocks,radio,,MF2,needs-answer,,
526,45522,74060,multiple-choice,single,obsidian-quiz-blocks,radio,,MF2,needs-answer,,
528,170370,59543,multiple-choice,single,obsidian-quiz-blocks,radio,b,MF1,converted-and-verified,manual,label
528,170370,222926,free-response,multi,obsidian-quiz-blocks,radio,a,MF1,converted-and-verified,manual,label
528,170373,214729,free-response,single,obsidian-quiz-blocks,radio,a,MF1,converted-and-verified,manual,label
528,170373,61027,multiple-choice,single,obsidian-quiz-blocks,radio,c,MF1,converted-and-verified,manual,label
528,170373,222988,free-response,single,obsidian-quiz-blocks,radio,a,MF1,converted-and-verified,manual,label
528,170377,59756,multiple-choice,single,obsidian-quiz-blocks,radio,c,MF1,converted-and-verified,image-id,answer-image-id-1
528,170377,138169,multiple-choice,single,obsidian-quiz-blocks,radio,d,MF1,converted-and-verified,image-id,answer-image-id-1
528,170380,223003,free-response,single,obsidian-quiz-blocks,radio,a,MF1,converted-and-verified,manual,label
528,170380,138176,multiple-choice,single,obsidian-quiz-blocks,radio,c,MF1,converted-and-verified,manual,label
528,170380,223012,free-response,single,obsidian-quiz-blocks,radio,a,MF1,converted-and-verified,manual,label
529,172319,92036,multiple-choice,single,obsidian-quiz-blocks,radio,a,MF1,converted-and-verified,manual,label
529,172319,174119,free-response,single,obsidian-quiz-blocks,radio,a,MF1,converted-and-verified,manual,label
529,172319,59611,multiple-choice,single,obsidian-quiz-blocks,radio,d,MF1,converted-and-verified,manual,label
529,172324,59624,multiple-choice,single,obsidian-quiz-blocks,radio,d,MF1,converted-and-verified,image-id,answer-image-id-1
529,172324,59833,multiple-choice,single,obsidian-quiz-blocks,radio,a,MF1,converted-and-verified,image-id,answer-image-id-1
529,172327,174120,free-response,multi,obsidian-quiz-blocks,radio,a,MF1,converted-and-verified,manual,label
529,172327,59622,multiple-choice,single,obsidian-quiz-blocks,radio,b,MF1,converted-and-verified,manual,label
529,172330,59860,multiple-choice,single,obsidian-quiz-blocks,radio,c,MF1,converted-and-verified,manual,label
529,172330,222998,free-response,single,obsidian-quiz-blocks,radio,a,MF1,converted-and-verified,manual,label
530,136313,58246,multiple-choice,single,obsidian-quiz-blocks,radio,a,MF1,converted-and-verified,manual,label
530,136313,58393,multiple-choice,single,obsidian-quiz-blocks,radio,d,MF1,converted-and-verified,manual,label
530,136313,196436,free-response,single,obsidian-quiz-blocks,radio,a,MF1,converted-and-verified,manual,label
530,136317,58386,multiple-choice,single,obsidian-quiz-blocks,radio,b,MF1,converted-and-verified,manual,label
530,136317,172182,free-response,single,obsidian-quiz-blocks,radio,a,MF1,converted-and-verified,manual,label
530,136320,58407,multiple-choice,single,obsidian-quiz-blocks,radio,c,MF1,converted-and-verified,manual,label
530,136320,197618,free-response,single,obsidian-quiz-blocks,radio,a,MF1,converted-and-verified,manual,label
533,93404,58250,multiple-choice,single,obsidian-quiz-blocks,radio,b,MF1,converted-and-verified,manual,label
533,93404,58251,multiple-choice,single,obsidian-quiz-blocks,radio,b,MF1,converted-and-verified,manual,label
533,93407,58422,multiple-choice,single,obsidian-quiz-blocks,radio,a,MF1,converted-and-verified,manual,label
533,93407,58427,multiple-choice,single,obsidian-quiz-blocks,radio,a,MF1,converted-and-verified,manual,label
533,93410,58429,multiple-choice,single,obsidian-quiz-blocks,radio,b,MF1,converted-and-verified,manual,label
533,93410,58254,multiple-choice,single,obsidian-quiz-blocks,radio,b,MF1,converted-and-verified,manual,label
534,185366,59970,multiple-choice,single,obsidian-quiz-blocks,radio,,MF1,needs-answer,,
534,185366,235809,free-response,multi,,,,,,,
534,185369,235944,free-response,multi,,,,,,,
534,185369,60083,multiple-choice,single,obsidian-quiz-blocks,radio,,MF1,needs-answer,,
534,185372,101426,multiple-choice,single,obsidian-quiz-blocks,radio,,MF1,needs-answer,,
534,185372,60087,multiple-choice,single,obsidian-quiz-blocks,radio,,MF1,needs-answer,,
539,116988,58996,multiple-choice,single,obsidian-quiz-blocks,radio,e,MF1,converted-and-verified,manual,label
539,116988,59002,multiple-choice,single,obsidian-quiz-blocks,radio,d,MF1,converted-and-verified,manual,label
539,116992,58999,multiple-choice,single,obsidian-quiz-blocks,radio,a,MF1,converted-and-verified,manual,label
539,116992,100267,multiple-choice,single,obsidian-quiz-blocks,radio,b,MF1,converted-and-verified,manual,label
539,116996,59003,multiple-choice,single,obsidian-quiz-blocks,radio,a,MF1,converted-and-verified,manual,label
539,116996,59176,multiple-choice,single,obsidian-quiz-blocks,radio,d,MF1,converted-and-verified,manual,label
543,139262,59385,multiple-choice,single,obsidian-quiz-blocks,radio,a,MF1,converted-and-verified,manual,label
543,139262,214323,free-response,single,obsidian-quiz-blocks,radio,a,MF1,converted-and-verified,manual,label
543,139265,59441,multiple-choice,single,obsidian-quiz-blocks,radio,c,MF1,converted-and-verified,manual,label
543,139265,59268,multiple-choice,single,obsidian-quiz-blocks,radio,d,MF1,converted-and-verified,manual,label
543,139268,59468,multiple-choice,single,obsidian-quiz-blocks,radio,b,MF1,converted-and-verified,manual,label
543,139268,59469,multiple-choice,single,obsidian-quiz-blocks,radio,a,MF1,converted-and-verified,manual,label
544,109116,59274,multiple-choice,single,obsidian-quiz-blocks,radio,d,MF1,converted-and-verified,manual,label
544,109116,59275,multiple-choice,single,obsidian-quiz-blocks,radio,b,MF1,converted-and-verified,manual,label
544,109119,59276,multiple-choice,single,obsidian-quiz-blocks,radio,c,MF1,converted-and-verified,manual,label
544,109119,59447,multiple-choice,single,obsidian-quiz-blocks,radio,a,MF1,converted-and-verified,manual,label
544,109122,59449,multiple-choice,single,obsidian-quiz-blocks,radio,d,MF1,converted-and-verified,manual,label
544,109122,71245,multiple-choice,single,obsidian-quiz-blocks,radio,a,MF1,converted-and-verified,manual,label
545,5813,59051,multiple-choice,single,obsidian-quiz-blocks,radio,a,MF1,converted-and-verified,manual,label
545,5813,59203,multiple-choice,single,obsidian-quiz-blocks,radio,e,MF1,converted-and-verified,manual,label
545,5817,59053,multiple-choice,single,obsidian-quiz-blocks,radio,e,MF1,converted-and-verified,manual,label
545,5817,59050,multiple-choice,single,obsidian-quiz-blocks,radio,e,MF1,converted-and-verified,manual,label
545,5821,59243,multiple-choice,single,obsidian-quiz-blocks,radio,d,MF1,converted-and-verified,manual,label
545,5821,59054,multiple-choice,single,obsidian-quiz-blocks,radio,c,MF1,converted-and-verified,manual,label
552,7778,59794,multiple-choice,single,obsidian-quiz-blocks,radio,,MF1,needs-answer,,
552,7778,60291,multiple-choice,single,obsidian-quiz-blocks,radio,,MF1,needs-answer,,
552,7780,60245,multiple-choice,single,obsidian-quiz-blocks,radio,,MF1,needs-answer,,
552,7780,59796,multiple-choice,single,obsidian-quiz-blocks,radio,,MF1,needs-answer,,
552,30450,59797,multiple-choice,single,obsidian-quiz-blocks,radio,,MF1,needs-answer,,
552,30450,59801,multiple-choice,single,obsidian-quiz-blocks,radio,,MF1,needs-answer,,
553,186683,59874,multiple-choice,single,obsidian-quiz-blocks,radio,,MF1,needs-answer,,
553,186683,236327,free-response,single,,,,,,,
553,186687,170878,free-response,multi,,,,,,,
553,186687,59730,multiple-choice,single,obsidian-quiz-blocks,radio,,MF1,needs-answer,,
553,186690,59740,multiple-choice,single,obsidian-quiz-blocks,radio,,MF1,needs-answer,,
553,186690,59906,multiple-choice,single,obsidian-quiz-blocks,radio,,MF1,needs-answer,,
554,81657,186832,free-response,multi,,,,,,,
554,81657,185056,free-response,multi,,,,,,,
554,81660,160033,multiple-choice,single,obsidian-quiz-blocks,radio,,MF1,needs-answer,,
554,81660,59819,multiple-choice,single,obsidian-quiz-blocks,radio,,MF1,needs-answer,,
554,81663,187327,free-response,multi,,,,,,,
554,81663,101519,multiple-choice,single,obsidian-quiz-blocks,radio,,MF1,needs-answer,,
554,81666,60038,multiple-choice,single,obsidian-quiz-blocks,radio,,MF1,needs-answer,,
554,81666,59821,multiple-choice,single,obsidian-quiz-blocks,radio,,MF1,needs-answer,,
557,7812,60445,multiple-choice,single,obsidian-quiz-blocks,radio,,MF1,needs-answer,,
557,7812,60055,multiple-choice,single,obsidian-quiz-blocks,radio,,MF1,needs-answer,,
557,7813,60452,multiple-choice,single,obsidian-quiz-blocks,radio,,MF1,needs-answer,,
557,7813,60442,multiple-choice,single,obsidian-quiz-blocks,radio,,MF1,needs-answer,,
557,7814,60459,multiple-choice,single,obsidian-quiz-blocks,radio,,MF1,needs-answer,,
557,7814,60131,multiple-choice,single,obsidian-quiz-blocks,radio,,MF1,needs-answer,,
557,7815,60462,multiple-choice,single,obsidian-quiz-blocks,radio,,MF1,needs-answer,,
557,7815,60464,multiple-choice,single,obsidian-quiz-blocks,radio,,MF1,needs-answer,,
558,17329,68629,multiple-choice,single,obsidian-quiz-blocks,radio,,MF1,needs-answer,,
558,17329,60077,multiple-choice,single,obsidian-quiz-blocks,radio,,MF1,needs-answer,,
558,17330,68635,multiple-choice,single,obsidian-quiz-blocks,radio,,MF1,needs-answer,,
558,17330,69020,multiple-choice,single,obsidian-quiz-blocks,radio,,MF1,needs-answer,,
558,17331,68631,multiple-choice,single,obsidian-quiz-blocks,radio,,MF1,needs-answer,,
558,17331,69038,multiple-choice,single,obsidian-quiz-blocks,radio,,MF1,needs-answer,,
561,7804,60209,multiple-choice,single,,,,,,,
561,7804,60208,multiple-choice,single,,,,,,,
561,7807,60300,multiple-choice,single,obsidian-quiz-blocks,radio,,MF1,needs-answer,,
561,7807,60299,multiple-choice,single,obsidian-quiz-blocks,radio,,MF1,needs-answer,,
561,7809,60318,multiple-choice,single,obsidian-quiz-blocks,radio,,MF1,needs-answer,,
561,7809,59984,multiple-choice,single,obsidian-quiz-blocks,radio,,MF1,needs-answer,,
562,7929,61416,multiple-choice,single,obsidian-quiz-blocks,radio,,MF1,needs-answer,,
562,7929,61422,multiple-choice,single,,,,,,,
562,7942,61432,multiple-choice,single,obsidian-quiz-blocks,radio,,MF1,needs-answer,,
562,7942,61561,multiple-choice,single,,,,,,,
562,7949,61711,multiple-choice,single,,,,,,,
562,7949,61564,multiple-choice,single,obsidian-quiz-blocks,radio,,MF1,needs-answer,,
562,7955,61438,multiple-choice,single,,,,,,,
562,7955,61587,multiple-choice,single,,,,,,,
563,7793,59889,multiple-choice,single,obsidian-quiz-blocks,radio,,MF1,needs-answer,,
563,7793,60147,multiple-choice,single,obsidian-quiz-blocks,radio,,MF1,needs-answer,,
563,7794,60158,multiple-choice,single,obsidian-quiz-blocks,radio,,MF1,needs-answer,,
563,7794,59900,multiple-choice,single,obsidian-quiz-blocks,radio,,MF1,needs-answer,,
564,39868,60159,multiple-choice,single,obsidian-quiz-blocks,radio,d,MF1,converted-and-verified,image-id,answer-image-id-1
564,39868,60163,multiple-choice,single,obsidian-quiz-blocks,radio,a,MF1,converted-and-verified,image-id,answer-image-id-1
564,39869,60134,multiple-choice,single,obsidian-quiz-blocks,radio,c,MF1,converted-and-verified,manual,label
564,39869,136849,multiple-choice,single,obsidian-quiz-blocks,radio,e,MF1,converted-and-verified,manual,label
564,39871,60170,multiple-choice,single,obsidian-quiz-blocks,radio,c,MF1,converted-and-verified,manual,label
564,39871,60205,multiple-choice,single,obsidian-quiz-blocks,radio,d,MF1,converted-and-verified,manual,label
564,39885,60126,multiple-choice,single,obsidian-quiz-blocks,radio,a,MF1,converted-and-verified,manual,label
564,39885,60128,multiple-choice,single,obsidian-quiz-blocks,radio,c,MF1,converted-and-verified,manual,label
565,111266,60232,multiple-choice,single,obsidian-quiz-blocks,radio,d,MF1,converted-and-verified,manual,label
565,111266,91885,multiple-choice,single,obsidian-quiz-blocks,radio,d,MF1,converted-and-verified,manual,label
565,111269,60228,multiple-choice,single,obsidian-quiz-blocks,radio,d,MF1,converted-and-verified,manual,label
565,111269,60230,multiple-choice,single,obsidian-quiz-blocks,radio,a,MF1,converted-and-verified,manual,label
565,111272,59967,multiple-choice,single,obsidian-quiz-blocks,radio,e,MF1,converted-and-verified,image-id,answer-image-id-1
565,111272,59963,multiple-choice,single,obsidian-quiz-blocks,radio,e,MF1,converted-and-verified,image-id,answer-image-id-1
565,111275,59953,multiple-choice,single,obsidian-quiz-blocks,radio,d,MF1,converted-and-verified,manual,label
565,111275,60224,multiple-choice,single,obsidian-quiz-blocks,radio,a,MF1,converted-and-verified,manual,label
566,6462,60319,multiple-choice,single,obsidian-quiz-blocks,radio,c,MF1,converted-and-verified,manual,label
566,6462,60113,multiple-choice,single,obsidian-quiz-blocks,radio,c,MF1,converted-and-verified,manual,label
566,39848,60472,multiple-choice,single,obsidian-quiz-blocks,radio,e,MF1,converted-and-verified,manual,label
566,39848,60104,multiple-choice,single,obsidian-quiz-blocks,radio,d,MF1,converted-and-verified,manual,label
566,39849,60466,multiple-choice,single,obsidian-quiz-blocks,radio,d,MF1,converted-and-verified,manual,label
566,39849,60473,multiple-choice,single,obsidian-quiz-blocks,radio,c,MF1,converted-and-verified,manual,label
567,6507,60118,multiple-choice,single,obsidian-quiz-blocks,radio,e,MF1,converted-and-verified,manual,label
567,6507,60406,multiple-choice,single,obsidian-quiz-blocks,radio,b,MF1,converted-and-verified,manual,label
567,6508,60123,multiple-choice,single,obsidian-quiz-blocks,radio,b,MF1,converted-and-verified,manual,label
567,6508,60449,multiple-choice,single,obsidian-quiz-blocks,radio,d,MF1,converted-and-verified,manual,label
573,8890,61240,multiple-choice,single,obsidian-quiz-blocks,radio,,MF1,needs-answer,,
573,8890,61101,multiple-choice,single,obsidian-quiz-blocks,radio,,MF1,needs-answer,,
573,8891,61247,multiple-choice,single,obsidian-quiz-blocks,radio,,MF1,needs-answer,,
573,8891,61224,multiple-choice,single,obsidian-quiz-blocks,radio,,MF1,needs-answer,,
573,8892,61269,multiple-choice,single,obsidian-quiz-blocks,radio,,MF1,needs-answer,,
573,8892,61267,multiple-choice,single,obsidian-quiz-blocks,radio,,MF1,needs-answer,,
577,29132,45124,multiple-choice,single,,,,,,,
577,29132,45123,multiple-choice,single,obsidian-quiz-blocks,radio,,MF2,needs-answer,,
577,29135,44943,multiple-choice,single,,,,,,,
577,29135,45131,multiple-choice,single,,,,,,,
577,29138,44946,multiple-choice,single,obsidian-quiz-blocks,radio,,MF2,needs-answer,,
577,29138,45539,multiple-choice,single,obsidian-quiz-blocks,radio,,MF2,needs-answer,,
577,31778,47950,multiple-choice,single,,,,,,,
577,31778,47811,multiple-choice,single,,,,,,,
589,17678,41356,multiple-choice,single,obsidian-quiz-blocks,radio,,MF1,needs-answer,,
589,17678,68986,multiple-choice,single,obsidian-quiz-blocks,radio,,MF1,needs-answer,,
589,17680,43667,multiple-choice,single,obsidian-quiz-blocks,radio,,MF1,needs-answer,,
589,17680,43669,multiple-choice,single,obsidian-quiz-blocks,radio,,MF1,needs-answer,,
589,17735,69196,multiple-choice,single,obsidian-quiz-blocks,radio,,MF1,needs-answer,,
589,17735,69197,multiple-choice,single,obsidian-quiz-blocks,radio,,MF1,needs-answer,,
589,17875,69264,multiple-choice,single,obsidian-quiz-blocks,radio,,MF1,needs-answer,,
589,17875,69198,multiple-choice,single,obsidian-quiz-blocks,radio,,MF1,needs-answer,,
599,472360,29265,multiple-choice,single,obsidian-quiz-blocks,radio,,MF2,needs-answer,,
599,472360,29267,multiple-choice,single,obsidian-quiz-blocks,radio,,MF2,needs-answer,,
599,472360,5582,multiple-choice,single,obsidian-quiz-blocks,radio,,MF2,needs-answer,,
599,472364,34512,multiple-choice,single,obsidian-quiz-blocks,radio,,MF2,needs-answer,,
599,472364,77872,multiple-choice,single,obsidian-quiz-blocks,radio,,MF2,needs-answer,,
599,472367,34949,multiple-choice,single,obsidian-quiz-blocks,radio,,MF2,needs-answer,,
599,472367,35021,multiple-choice,single,obsidian-quiz-blocks,radio,,MF2,needs-answer,,
599,472367,34957,multiple-choice,single,obsidian-quiz-blocks,radio,,MF2,needs-answer,,
602,1889,50119,multiple-choice,single,obsidian-quiz-blocks,radio,b,CBC;MF3;CA2;DEQ;PS2,converted-and-verified,manual,label
602,1889,53846,multiple-choice,single,obsidian-quiz-blocks,radio,d,CBC;MF3;CA2;DEQ;PS2,converted-and-verified,manual,label
602,28637,86967,multiple-choice,single,obsidian-quiz-blocks,radio,a,CBC;MF3;CA2;DEQ;PS2,converted-and-verified,manual,label
602,28637,86900,multiple-choice,single,obsidian-quiz-blocks,radio,e,CBC;MF3;CA2;DEQ;PS2,converted-and-verified,manual,label
602,34949,116746,multiple-choice,single,obsidian-quiz-blocks,radio,b,CBC;MF3;CA2;DEQ;PS2,converted-and-verified,manual,label
602,34949,86975,multiple-choice,single,obsidian-quiz-blocks,radio,a,CBC;MF3;CA2;DEQ;PS2,converted-and-verified,manual,label
604,454,4463,multiple-choice,single,obsidian-quiz-blocks,radio,b,CAB;CBC;CA1;MF3,converted-and-verified,manual,label
604,454,4466,multiple-choice,single,obsidian-quiz-blocks,radio,a,CAB;CBC;CA1;MF3,converted-and-verified,manual,label
604,458,4464,multiple-choice,single,obsidian-quiz-blocks,radio,c,CAB;CBC;CA1;MF3,converted-and-verified,manual,label
604,458,46840,multiple-choice,single,obsidian-quiz-blocks,radio,c,CAB;CBC;CA1;MF3,converted-and-verified,manual,label
606,505,4485,multiple-choice,single,obsidian-quiz-blocks,radio,b,CAB;CBC;CA1;MF3,converted-and-verified,manual,label
606,505,4487,multiple-choice,single,obsidian-quiz-blocks,radio,a,CAB;CBC;CA1;MF3,converted-and-verified,manual,label
606,23031,73173,multiple-choice,single,obsidian-quiz-blocks,radio,d,CAB;CBC;CA1;MF3,converted-and-verified,manual,label
606,23031,73167,multiple-choice,single,obsidian-quiz-blocks,radio,e,CAB;CBC;CA1;MF3,converted-and-verified,manual,label
607,952,48222,multiple-choice,single,obsidian-quiz-blocks,radio,a,CAB;CBC;CA1;MF3,converted-and-verified,manual,label
607,952,48220,multiple-choice,single,obsidian-quiz-blocks,radio,e,CAB;CBC;CA1;MF3,converted-and-verified,manual,label
607,954,48217,multiple-choice,single,obsidian-quiz-blocks,radio,a,CAB;CBC;CA1;MF3,converted-and-verified,manual,label
607,954,48215,multiple-choice,single,obsidian-quiz-blocks,radio,a,CAB;CBC;CA1;MF3,converted-and-verified,manual,label
607,956,48203,multiple-choice,single,obsidian-quiz-blocks,radio,e,CAB;CBC;CA1;MF3,converted-and-verified,manual,label
607,956,48210,multiple-choice,single,obsidian-quiz-blocks,radio,b,CAB;CBC;CA1;MF3,converted-and-verified,manual,label
607,960,48868,multiple-choice,single,obsidian-quiz-blocks,radio,e,CAB;CBC;CA1;MF3,converted-and-verified,manual,label
607,960,48870,multiple-choice,single,obsidian-quiz-blocks,radio,b,CAB;CBC;CA1;MF3,converted-and-verified,manual,label
609,454274,263317,free-response,single,,,,,,,
609,454274,121617,multiple-choice,single,obsidian-quiz-blocks,radio,,MF2,needs-answer,,
609,454274,54055,multiple-choice,single,obsidian-quiz-blocks,radio,,MF2,needs-answer,,
609,454278,241911,free-response,single,,,,,,,
609,454278,54108,multiple-choice,single,obsidian-quiz-blocks,radio,,MF2,needs-answer,,
609,454278,241912,free-response,single,,,,,,,
609,454282,28037,multiple-choice,single,obsidian-quiz-blocks,radio,,MF2,needs-answer,,
609,454282,264136,free-response,single,,,,,,,
609,454286,241915,free-response,single,,,,,,,
609,454286,54103,multiple-choice,single,obsidian-quiz-blocks,radio,,MF2,needs-answer,,
609,454286,54066,multiple-choice,single,obsidian-quiz-blocks,radio,,MF2,needs-answer,,
610,10976,27902,multiple-choice,single,obsidian-quiz-blocks,radio,,MF2,needs-answer,,
610,10976,27898,multiple-choice,single,obsidian-quiz-blocks,radio,,MF2,needs-answer,,
610,10977,27926,multiple-choice,single,obsidian-quiz-blocks,radio,,MF2,needs-answer,,
610,10977,27925,multiple-choice,single,obsidian-quiz-blocks,radio,,MF2,needs-answer,,
610,10979,14642,multiple-choice,single,obsidian-quiz-blocks,radio,,MF2,needs-answer,,
610,10979,14640,multiple-choice,single,obsidian-quiz-blocks,radio,,MF2,needs-answer,,
611,10987,4644,multiple-choice,single,obsidian-quiz-blocks,radio,,MF2,needs-answer,,
611,10987,4642,multiple-choice,single,obsidian-quiz-blocks,radio,,MF2,needs-answer,,
611,10991,4918,multiple-choice,single,obsidian-quiz-blocks,radio,,MF2,needs-answer,,
611,10991,4927,multiple-choice,single,obsidian-quiz-blocks,radio,,MF2,needs-answer,,
612,12124,48349,multiple-choice,single,obsidian-quiz-blocks,radio,c,CAB;CBC;CA1;MF2,converted-and-verified,image-id,answer-image-id-1
612,12124,48233,multiple-choice,single,obsidian-quiz-blocks,radio,c,CA1;CAB;CBC;MF2,converted-and-verified,manual,label
612,12126,48238,multiple-choice,single,obsidian-quiz-blocks,radio,a,CA1;CAB;CBC;MF2,converted-and-verified,manual,label
612,12126,48293,multiple-choice,single,obsidian-quiz-blocks,radio,a,CAB;CBC;CA1;MF2,converted-and-verified,image-id,answer-image-id-1
612,22999,48364,multiple-choice,single,obsidian-quiz-blocks,radio,d,CAB;CBC;CA1;MF2,converted-and-verified,image-id,answer-image-id-1
612,22999,48276,multiple-choice,single,obsidian-quiz-blocks,radio,d,CAB;CBC;CA1;MF2,converted-and-verified,image-id,answer-image-id-1
612,23000,48346,multiple-choice,single,obsidian-quiz-blocks,radio,b,CA1;CAB;CBC;MF2,converted-and-verified,manual,label
612,23000,48344,multiple-choice,single,obsidian-quiz-blocks,radio,a,CA1;CAB;CBC;MF2,converted-and-verified,manual,label
613,1563,4552,multiple-choice,single,obsidian-quiz-blocks,radio,,CA1;CAB;CBC,needs-answer,,
613,1563,30614,multiple-choice,single,obsidian-quiz-blocks,radio,,CA1;CAB;CBC,needs-answer,,
613,1566,30626,multiple-choice,single,obsidian-quiz-blocks,radio,,CA1;CAB;CBC,needs-answer,,
613,1566,30625,multiple-choice,single,obsidian-quiz-blocks,radio,,CA1;CAB;CBC,needs-answer,,
613,1568,4777,multiple-choice,single,obsidian-quiz-blocks,radio,,CA1;CAB;CBC,needs-answer,,
613,1568,4555,multiple-choice,single,obsidian-quiz-blocks,radio,,CA1;CAB;CBC,needs-answer,,
613,1570,4718,multiple-choice,single,obsidian-quiz-blocks,radio,,CA1;CAB;CBC,needs-answer,,
613,1570,117275,multiple-choice,single,obsidian-quiz-blocks,radio,,CA1;CAB;CBC,needs-answer,,
620,1054,48725,multiple-choice,single,obsidian-quiz-blocks,radio,,CA1;CAB;CBC;MF3,needs-answer,,
620,1054,48712,multiple-choice,single,obsidian-quiz-blocks,radio,,CA1;CAB;CBC;MF3,needs-answer,,
620,1057,48744,multiple-choice,single,obsidian-quiz-blocks,radio,,CA1;CAB;CBC;MF3,needs-answer,,
620,1057,2436,multiple-choice,single,obsidian-quiz-blocks,radio,,CA1;CAB;CBC;MF3,needs-answer,,
620,23077,72353,multiple-choice,single,obsidian-quiz-blocks,radio,,CA1;CAB;CBC;MF3,needs-answer,,
620,23077,48696,multiple-choice,single,obsidian-quiz-blocks,radio,,CA1;CAB;CBC;MF3,needs-answer,,
621,4826,4808,multiple-choice,single,obsidian-quiz-blocks,radio,,CA1;CAB;CBC;MF3,needs-answer,,
621,4826,4805,multiple-choice,single,obsidian-quiz-blocks,radio,,CA1;CAB;CBC;MF3,needs-answer,,
621,4829,4804,multiple-choice,single,obsidian-quiz-blocks,radio,,CA1;CAB;CBC;MF3,needs-answer,,
621,4829,4802,multiple-choice,single,obsidian-quiz-blocks,radio,,CA1;CAB;CBC;MF3,needs-answer,,
621,4833,48402,multiple-choice,single,obsidian-quiz-blocks,radio,,CA1;CAB;CBC;MF3,needs-answer,,
621,4833,47782,multiple-choice,single,obsidian-quiz-blocks,radio,,CA1;CAB;CBC;MF3,needs-answer,,
625,276,54404,multiple-choice,single,obsidian-quiz-blocks,radio,b,CA1;CAB;CBC;MF2,converted-and-verified,manual,label
625,276,16604,multiple-choice,single,obsidian-quiz-blocks,radio,c,CA1;CAB;CBC;MF2,converted-and-verified,manual,label
625,279,16785,multiple-choice,single,obsidian-quiz-blocks,radio,e,CA1;CAB;CBC;MF2,converted-and-verified,manual,label
625,279,16784,multiple-choice,single,obsidian-quiz-blocks,radio,b,CA1;CAB;CBC;MF2,converted-and-verified,manual,label
625,11988,34942,multiple-choice,single,obsidian-quiz-blocks,radio,a,CA1;CAB;CBC;MF2,converted-and-verified,manual,label
625,11988,47596,multiple-choice,single,obsidian-quiz-blocks,radio,d,CA1;CAB;CBC;MF2,converted-and-verified,manual,label
626,613820,5046,multiple-choice,single,obsidian-quiz-blocks,radio,,CA1;CAB;CBC,needs-answer,,
626,613820,29741,multiple-choice,single,obsidian-quiz-blocks,radio,,CA1;CAB;CBC,needs-answer,,
626,613823,49207,multiple-choice,single,obsidian-quiz-blocks,radio,,CA1;CAB;CBC,needs-answer,,
626,613823,49212,multiple-choice,single,obsidian-quiz-blocks,radio,,CA1;CAB;CBC,needs-answer,,
626,613826,49176,multiple-choice,single,obsidian-quiz-blocks,radio,,CA1;CAB;CBC,needs-answer,,
626,613826,14785,multiple-choice,single,obsidian-quiz-blocks,radio,,CA1;CAB;CBC,needs-answer,,
627,13965,7028,multiple-choice,single,obsidian-quiz-blocks,radio,,MF2,needs-answer,,
627,13965,4671,multiple-choice,single,obsidian-quiz-blocks,radio,,MF2,needs-answer,,
627,13968,35231,multiple-choice,single,obsidian-quiz-blocks,radio,,MF2,needs-answer,,
627,13968,35310,multiple-choice,single,obsidian-quiz-blocks,radio,,MF2,needs-answer,,
629,456178,54238,multiple-choice,single,obsidian-quiz-blocks,radio,,MF2,needs-answer,,
629,456178,250716,free-response,single,,,,,,,
629,456178,241926,free-response,single,,,,,,,
629,456182,54251,multiple-choice,single,obsidian-quiz-blocks,radio,,MF2,needs-answer,,
629,456182,1290,multiple-choice,single,obsidian-quiz-blocks,radio,,MF2,needs-answer,,
629,456182,250796,free-response,single,,,,,,,
629,456186,54150,multiple-choice,single,obsidian-quiz-blocks,radio,,MF2,needs-answer,,
629,456186,122360,multiple-choice,single,obsidian-quiz-blocks,radio,,MF2,needs-answer,,
629,456186,4689,multiple-choice,single,obsidian-quiz-blocks,radio,,MF2,needs-answer,,
631,3585,6762,multiple-choice,single,obsidian-quiz-blocks,radio,,MF1,needs-answer,,
631,3585,60621,multiple-choice,single,obsidian-quiz-blocks,radio,,MF1,needs-answer,,
631,37242,4704,multiple-choice,single,obsidian-quiz-blocks,radio,,MF1,needs-answer,,
631,37242,37248,multiple-choice,single,obsidian-quiz-blocks,radio,,MF1,needs-answer,,
632,1494,49240,multiple-choice,single,obsidian-quiz-blocks,radio,,CA1;CAB;CBC,needs-answer,,
632,1494,49160,multiple-choice,single,obsidian-quiz-blocks,radio,,CA1;CAB;CBC,needs-answer,,
632,1498,49245,multiple-choice,single,obsidian-quiz-blocks,radio,,CA1;CAB;CBC,needs-answer,,
632,1498,49244,multiple-choice,single,obsidian-quiz-blocks,radio,,CA1;CAB;CBC,needs-answer,,
632,1501,49248,multiple-choice,single,obsidian-quiz-blocks,radio,,CA1;CAB;CBC,needs-answer,,
632,1501,49247,multiple-choice,single,obsidian-quiz-blocks,radio,,CA1;CAB;CBC,needs-answer,,
632,1503,4798,multiple-choice,single,obsidian-quiz-blocks,radio,,CA1;CAB;CBC,needs-answer,,
632,1503,4799,multiple-choice,single,obsidian-quiz-blocks,radio,,CA1;CAB;CBC,needs-answer,,
633,10965,4763,multiple-choice,single,obsidian-quiz-blocks,radio,,MF2,needs-answer,,
633,10965,14486,multiple-choice,single,obsidian-quiz-blocks,radio,,MF2,needs-answer,,
633,10967,14580,multiple-choice,single,obsidian-quiz-blocks,radio,,MF2,needs-answer,,
633,10967,14581,multiple-choice,single,obsidian-quiz-blocks,radio,,MF2,needs-answer,,
633,10971,65359,multiple-choice,single,obsidian-quiz-blocks,radio,,MF2,needs-answer,,
633,10971,14644,multiple-choice,single,obsidian-quiz-blocks,radio,,MF2,needs-answer,,
634,28411,87490,multiple-choice,single,obsidian-quiz-blocks,radio,,MF2,needs-answer,,
634,28411,87488,multiple-choice,single,obsidian-quiz-blocks,radio,,MF2,needs-answer,,
634,28412,86960,multiple-choice,single,,,,,,,
634,28412,87419,multiple-choice,single,,,,,,,
634,28413,87534,multiple-choice,single,,,,,,,
634,28413,87044,multiple-choice,single,,,,,,,
640,699,65677,multiple-choice,single,obsidian-quiz-blocks,radio,d,CAB;CBC;CA1;MF3,converted-and-verified,manual,label
640,699,32535,multiple-choice,single,obsidian-quiz-blocks,radio,d,CAB;CBC;CA1;MF3,converted-and-verified,manual,label
640,701,47362,multiple-choice,single,obsidian-quiz-blocks,radio,b,CAB;CBC;CA1;MF3,converted-and-verified,manual,label
640,701,47534,multiple-choice,single,obsidian-quiz-blocks,radio,e,CAB;CBC;CA1;MF3,converted-and-verified,manual,label
640,703,47512,multiple-choice,single,obsidian-quiz-blocks,radio,d,CAB;CBC;CA1;MF3,converted-and-verified,manual,label
640,703,47510,multiple-choice,single,obsidian-quiz-blocks,radio,a,CAB;CBC;CA1;MF3,converted-and-verified,manual,label
643,75176,4991,multiple-choice,single,obsidian-quiz-blocks,radio,d,MF1,converted-and-verified,manual,label
643,75176,4988,multiple-choice,single,obsidian-quiz-blocks,radio,d,MF1,converted-and-verified,manual,label
643,75176,241,multiple-choice,single,obsidian-quiz-blocks,radio,e,MF1,converted-and-verified,manual,label
643,75180,40995,multiple-choice,single,obsidian-quiz-blocks,radio,e,MF1,converted-and-verified,manual,label
643,75180,67052,multiple-choice,single,obsidian-quiz-blocks,radio,a,MF1,converted-and-verified,manual,label
643,75180,40993,multiple-choice,single,obsidian-quiz-blocks,radio,e,MF1,converted-and-verified,manual,label
643,75185,175713,multiple-choice,single,obsidian-quiz-blocks,radio,d,MF1,converted-and-verified,manual,label
643,75185,54504,multiple-choice,single,obsidian-quiz-blocks,radio,c,MF1,converted-and-verified,manual,label
643,75185,43974,multiple-choice,single,obsidian-quiz-blocks,radio,d,MF1,converted-and-verified,manual,label
644,2732,54537,multiple-choice,single,obsidian-quiz-blocks,radio,c,MF1,converted-and-verified,manual,label
644,2732,56803,multiple-choice,single,obsidian-quiz-blocks,radio,c,MF1,converted-and-verified,manual,label
644,2735,5010,multiple-choice,single,obsidian-quiz-blocks,radio,c,MF1,converted-and-verified,manual,label
644,2735,56798,multiple-choice,single,obsidian-quiz-blocks,radio,d,MF1,converted-and-verified,manual,label
644,4889,5005,multiple-choice,single,obsidian-quiz-blocks,radio,b,MF1,converted-and-verified,manual,label
644,4889,56781,multiple-choice,single,obsidian-quiz-blocks,radio,b,MF1,converted-and-verified,manual,label
645,71804,41008,multiple-choice,single,obsidian-quiz-blocks,radio,c,MF1,converted-and-verified,manual,label
645,71804,44239,multiple-choice,single,obsidian-quiz-blocks,radio,c,MF1,converted-and-verified,manual,label
645,71804,4995,multiple-choice,single,obsidian-quiz-blocks,radio,b,MF1,converted-and-verified,manual,label
645,71808,44237,multiple-choice,single,obsidian-quiz-blocks,radio,b,MF1,converted-and-verified,manual,label
645,71808,175345,free-response,multi,obsidian-quiz-blocks,radio,a,MF1,converted-and-verified,manual,label
645,71808,108646,multiple-choice,single,obsidian-quiz-blocks,radio,c,MF1,converted-and-verified,manual,label
645,71813,75593,multiple-choice,single,obsidian-quiz-blocks,radio,a,MF1,converted-and-verified,manual,label
645,71813,41001,multiple-choice,single,obsidian-quiz-blocks,radio,b,MF1,converted-and-verified,manual,label
645,71813,56736,multiple-choice,single,obsidian-quiz-blocks,radio,a,MF1,converted-and-verified,manual,label
645,71818,56731,multiple-choice,single,obsidian-quiz-blocks,radio,b,MF1,converted-and-verified,manual,label
645,71818,56740,multiple-choice,single,obsidian-quiz-blocks,radio,d,MF1,converted-and-verified,manual,label
648,2194,6390,multiple-choice,single,obsidian-quiz-blocks,radio,,CA2;CBC;MF3,needs-answer,,
648,2194,7211,multiple-choice,single,obsidian-quiz-blocks,radio,,CA2;CBC;MF3,needs-answer,,
648,2197,50420,multiple-choice,single,obsidian-quiz-blocks,radio,,CA2;CBC;MF3,needs-answer,,
648,2197,50512,multiple-choice,single,obsidian-quiz-blocks,radio,,CA2;CBC;MF3,needs-answer,,
648,2200,83460,multiple-choice,single,obsidian-quiz-blocks,radio,,CA2;CBC;MF3,needs-answer,,
648,2200,50417,multiple-choice,single,obsidian-quiz-blocks,radio,,CA2;CBC;MF3,needs-answer,,
648,27228,7221,multiple-choice,single,obsidian-quiz-blocks,radio,,CA2;CBC;MF3,needs-answer,,
648,27228,7224,multiple-choice,single,obsidian-quiz-blocks,radio,,CA2;CBC;MF3,needs-answer,,
651,52856,334,multiple-choice,single,obsidian-quiz-blocks,radio,c,MF1,converted-and-verified,manual,label
651,52856,44203,multiple-choice,single,obsidian-quiz-blocks,radio,e,MF1,converted-and-verified,manual,label
651,52859,58187,multiple-choice,single,obsidian-quiz-blocks,radio,e,MF1,converted-and-verified,manual,label
651,52859,44320,multiple-choice,single,obsidian-quiz-blocks,radio,d,MF1,converted-and-verified,manual,label
651,52862,3210,multiple-choice,single,obsidian-quiz-blocks,radio,a,MF1,converted-and-verified,manual,label
651,52862,58188,multiple-choice,single,obsidian-quiz-blocks,radio,a,MF1,converted-and-verified,manual,label
651,52865,58189,multiple-choice,single,obsidian-quiz-blocks,radio,c,MF1,converted-and-verified,manual,label
651,52865,3209,multiple-choice,single,obsidian-quiz-blocks,radio,b,MF1,converted-and-verified,manual,label
652,51348,43271,multiple-choice,single,obsidian-quiz-blocks,radio,,MF1,needs-answer,,
652,51348,69426,multiple-choice,single,obsidian-quiz-blocks,radio,,MF1,needs-answer,,
652,51351,751,multiple-choice,single,obsidian-quiz-blocks,radio,,MF1,needs-answer,,
652,51351,43272,multiple-choice,single,obsidian-quiz-blocks,radio,,MF1,needs-answer,,
652,51354,69436,multiple-choice,single,obsidian-quiz-blocks,radio,,MF1,needs-answer,,
652,51354,386,multiple-choice,single,obsidian-quiz-blocks,radio,,MF1,needs-answer,,
653,3347,45551,multiple-choice,single,obsidian-quiz-blocks,radio,,MF1,needs-answer,,
653,3347,45543,multiple-choice,single,obsidian-quiz-blocks,radio,,MF1,needs-answer,,
653,3350,45565,multiple-choice,single,obsidian-quiz-blocks,radio,,MF1,needs-answer,,
653,3350,59798,multiple-choice,single,obsidian-quiz-blocks,radio,,MF1,needs-answer,,
653,5620,45541,multiple-choice,single,obsidian-quiz-blocks,radio,,MF1,needs-answer,,
653,5620,59795,multiple-choice,single,obsidian-quiz-blocks,radio,,MF1,needs-answer,,
654,12375,65532,multiple-choice,single,,,,,,,
654,12375,65450,multiple-choice,single,,,,,,,
654,12382,65545,multiple-choice,single,,,,,,,
654,12382,65493,multiple-choice,single,,,,,,,
654,12388,65451,multiple-choice,single,,,,,,,
654,12388,65494,multiple-choice,single,,,,,,,
655,4107,52124,multiple-choice,single,obsidian-quiz-blocks,radio,,MF1,needs-answer,,
655,4107,61823,multiple-choice,single,obsidian-quiz-blocks,radio,,MF1,needs-answer,,
655,4112,44616,multiple-choice,single,obsidian-quiz-blocks,radio,,MF1,needs-answer,,
655,4112,52125,multiple-choice,single,obsidian-quiz-blocks,radio,,MF1,needs-answer,,
655,4115,30334,multiple-choice,single,obsidian-quiz-blocks,radio,,MF1,needs-answer,,
655,4115,61837,multiple-choice,single,obsidian-quiz-blocks,radio,,MF1,needs-answer,,
655,4117,44674,multiple-choice,single,obsidian-quiz-blocks,radio,,MF1,needs-answer,,
655,4117,61838,multiple-choice,single,obsidian-quiz-blocks,radio,,MF1,needs-answer,,
657,192492,5137,multiple-choice,single,obsidian-quiz-blocks,radio,,MF1,needs-answer,,
657,192492,212651,free-response,single,,,,,,,
657,192492,110617,multiple-choice,single,obsidian-quiz-blocks,radio,,MF1,needs-answer,,
657,192497,110688,multiple-choice,single,obsidian-quiz-blocks,radio,,MF1,needs-answer,,
657,192497,212654,free-response,single,,,,,,,
657,192497,44648,multiple-choice,single,obsidian-quiz-blocks,radio,,MF1,needs-answer,,
657,192502,475,multiple-choice,single,obsidian-quiz-blocks,radio,,MF1,needs-answer,,
657,192502,30360,multiple-choice,single,obsidian-quiz-blocks,radio,,MF1,needs-answer,,
657,192502,51525,multiple-choice,single,obsidian-quiz-blocks,radio,,MF1,needs-answer,,
660,18001,69271,multiple-choice,single,,,,,,,
660,18001,69297,multiple-choice,single,,,,,,,
660,18003,69273,multiple-choice,single,,,,,,,
660,18003,69298,multiple-choice,single,,,,,,,
660,18014,69310,multiple-choice,single,,,,,,,
660,18014,69300,multiple-choice,single,,,,,,,
661,164921,13569,multiple-choice,single,obsidian-quiz-blocks,radio,,MF2,needs-answer,,
661,164921,220277,free-response,single,,,,,,,
661,164924,83742,multiple-choice,single,obsidian-quiz-blocks,radio,,MF2,needs-answer,,
661,164924,222303,free-response,multi,,,,,,,
661,164924,13455,multiple-choice,single,obsidian-quiz-blocks,radio,,MF2,needs-answer,,
661,164928,13458,multiple-choice,single,obsidian-quiz-blocks,radio,,MF2,needs-answer,,
661,164928,13457,multiple-choice,single,obsidian-quiz-blocks,radio,,MF2,needs-answer,,
661,164931,24246,multiple-choice,single,obsidian-quiz-blocks,radio,,MF2,needs-answer,,
661,164931,24258,multiple-choice,single,obsidian-quiz-blocks,radio,,MF2,needs-answer,,
661,164931,24260,multiple-choice,single,obsidian-quiz-blocks,radio,,MF2,needs-answer,,
665,140703,140294,multiple-choice,single,,,,,,,
665,140703,63813,multiple-choice,single,,,,,,,
665,140707,60332,multiple-choice,single,,,,,,,
665,140707,109935,multiple-choice,single,,,,,,,
665,140710,215159,free-response,multi,,,,,,,
665,140710,208855,free-response,multi,,,,,,,
666,10943,5181,multiple-choice,single,obsidian-quiz-blocks,radio,,MF3,needs-answer,,
666,10943,5144,multiple-choice,single,obsidian-quiz-blocks,radio,,MF3,needs-answer,,
666,10944,5195,multiple-choice,single,obsidian-quiz-blocks,radio,,MF3,needs-answer,,
666,10944,76089,multiple-choice,single,obsidian-quiz-blocks,radio,,MF3,needs-answer,,
667,147304,214150,free-response,single,,,,,,,
667,147304,39117,multiple-choice,single,obsidian-quiz-blocks,radio,,MF2,needs-answer,,
667,147304,215846,free-response,single,,,,,,,
667,147308,61274,multiple-choice,single,obsidian-quiz-blocks,radio,,MF2,needs-answer,,
667,147308,39107,multiple-choice,single,obsidian-quiz-blocks,radio,,MF2,needs-answer,,
667,147311,5226,multiple-choice,single,obsidian-quiz-blocks,radio,,MF2,needs-answer,,
667,147311,214151,free-response,single,,,,,,,
667,147311,215860,free-response,single,,,,,,,
668,187825,5286,multiple-choice,single,obsidian-quiz-blocks,radio,,MF2,needs-answer,,
668,187825,214167,free-response,single,,,,,,,
668,187828,236449,free-response,single,,,,,,,
668,187828,5227,multiple-choice,single,obsidian-quiz-blocks,radio,,MF2,needs-answer,,
668,187831,39670,multiple-choice,single,obsidian-quiz-blocks,radio,,MF2,needs-answer,,
668,187831,236630,free-response,single,,,,,,,
668,187834,236646,free-response,single,,,,,,,
668,187834,5427,multiple-choice,single,obsidian-quiz-blocks,radio,,MF2,needs-answer,,
669,148382,5270,multiple-choice,single,obsidian-quiz-blocks,radio,,MF2,needs-answer,,
669,148382,214178,free-response,single,,,,,,,
669,148382,216164,free-response,single,,,,,,,
669,148387,19988,multiple-choice,single,obsidian-quiz-blocks,radio,,MF2,needs-answer,,
669,148387,216501,free-response,single,,,,,,,
669,148387,216516,free-response,single,,,,,,,
672,192028,51863,multiple-choice,single,obsidian-quiz-blocks,radio,,MF2,needs-answer,,
672,192028,236400,free-response,single,,,,,,,
672,192028,5234,multiple-choice,single,obsidian-quiz-blocks,radio,,MF2,needs-answer,,
672,192032,214198,free-response,single,,,,,,,
672,192032,61335,multiple-choice,single,obsidian-quiz-blocks,radio,,MF2,needs-answer,,
672,192035,5235,multiple-choice,single,obsidian-quiz-blocks,radio,,MF2,needs-answer,,
672,192035,236843,free-response,single,,,,,,,
672,192038,214239,free-response,single,,,,,,,
672,192038,51506,multiple-choice,single,obsidian-quiz-blocks,radio,,MF2,needs-answer,,
673,486638,5237,multiple-choice,single,obsidian-quiz-blocks,radio,,MF2,needs-answer,,
673,486638,66987,multiple-choice,single,obsidian-quiz-blocks,radio,,MF2,needs-answer,,
673,486641,5323,multiple-choice,single,obsidian-quiz-blocks,radio,,MF2,needs-answer,,
673,486641,5344,multiple-choice,single,obsidian-quiz-blocks,radio,,MF2,needs-answer,,
673,486645,40272,multiple-choice,single,obsidian-quiz-blocks,radio,,MF2,needs-answer,,
673,486645,6436,multiple-choice,single,obsidian-quiz-blocks,radio,,MF2,needs-answer,,
673,486645,107653,multiple-choice,single,obsidian-quiz-blocks,radio,,MF2,needs-answer,,
675,15176,39227,multiple-choice,single,,,,,,,
675,15176,5298,multiple-choice,single,,,,,,,
675,15177,39170,multiple-choice,single,,,,,,,
675,15177,39218,multiple-choice,single,,,,,,,
675,15178,39226,multiple-choice,single,,,,,,,
675,15178,17379,multiple-choice,single,,,,,,,
675,15199,17401,multiple-choice,single,,,,,,,
675,15199,17403,multiple-choice,single,,,,,,,
676,15222,17478,multiple-choice,single,obsidian-quiz-blocks,radio,,MF3,needs-answer,,
676,15222,67072,multiple-choice,single,obsidian-quiz-blocks,radio,,MF3,needs-answer,,
676,15223,5484,multiple-choice,single,obsidian-quiz-blocks,radio,,MF3,needs-answer,,
676,15223,5446,multiple-choice,single,obsidian-quiz-blocks,radio,,MF3,needs-answer,,
676,15234,67053,multiple-choice,single,obsidian-quiz-blocks,radio,,MF3,needs-answer,,
676,15234,5441,multiple-choice,single,obsidian-quiz-blocks,radio,,MF3,needs-answer,,
677,456060,39254,multiple-choice,single,obsidian-quiz-blocks,radio,,MF3,needs-answer,,
677,456060,233787,free-response,single,,,,,,,
677,456064,5602,multiple-choice,single,obsidian-quiz-blocks,radio,,MF3,needs-answer,,
677,456064,250844,free-response,single,,,,,,,
677,456067,233997,free-response,single,,,,,,,
677,456067,108720,multiple-choice,single,obsidian-quiz-blocks,radio,,MF3,needs-answer,,
677,456067,250879,free-response,single,,,,,,,
679,455929,5310,multiple-choice,single,obsidian-quiz-blocks,radio,,MF2,needs-answer,,
679,455929,250658,free-response,single,,,,,,,
679,455932,5241,multiple-choice,single,obsidian-quiz-blocks,radio,,MF2,needs-answer,,
679,455932,5306,multiple-choice,single,obsidian-quiz-blocks,radio,,MF2,needs-answer,,
679,455932,250674,free-response,single,,,,,,,
679,455936,52482,multiple-choice,single,obsidian-quiz-blocks,radio,,MF2,needs-answer,,
679,455936,250810,free-response,single,,,,,,,
679,455939,52476,multiple-choice,single,obsidian-quiz-blocks,radio,,MF2,needs-answer,,
679,455939,39312,multiple-choice,single,obsidian-quiz-blocks,radio,,MF2,needs-answer,,
680,467474,39439,multiple-choice,single,,,,,,,
680,467474,231754,free-response,single,,,,,,,
680,467474,39440,multiple-choice,single,,,,,,,
680,467478,231755,free-response,single,,,,,,,
680,467478,231756,free-response,single,,,,,,,
680,467478,9469,multiple-choice,single,,,,,,,
680,467482,231757,free-response,single,,,,,,,
680,467482,5357,multiple-choice,single,,,,,,,
680,467482,231759,free-response,single,,,,,,,
681,26345,10421,multiple-choice,single,obsidian-quiz-blocks,radio,,MF2,needs-answer,,
681,26345,107181,multiple-choice,single,obsidian-quiz-blocks,radio,,MF2,needs-answer,,
681,26346,107182,multiple-choice,single,obsidian-quiz-blocks,radio,,MF2,needs-answer,,
681,26346,24313,multiple-choice,single,obsidian-quiz-blocks,radio,,MF2,needs-answer,,
681,33676,107186,multiple-choice,single,obsidian-quiz-blocks,radio,,MF2,needs-answer,,
681,33676,107187,multiple-choice,single,obsidian-quiz-blocks,radio,,MF2,needs-answer,,
684,2370,40574,multiple-choice,single,obsidian-quiz-blocks,radio,,CA2;CBC,needs-answer,,
684,2370,14101,multiple-choice,single,obsidian-quiz-blocks,radio,,CA2;CBC,needs-answer,,
684,2374,13583,multiple-choice,single,obsidian-quiz-blocks,radio,,CA2;CBC,needs-answer,,
684,2374,5456,multiple-choice,single,obsidian-quiz-blocks,radio,,CA2;CBC,needs-answer,,
684,2378,50487,multiple-choice,single,obsidian-quiz-blocks,radio,,CA2;CBC,needs-answer,,
684,2378,50508,multiple-choice,single,obsidian-quiz-blocks,radio,,CA2;CBC,needs-answer,,
684,25027,40667,multiple-choice,single,obsidian-quiz-blocks,radio,,CA2;CBC,needs-answer,,
684,25027,50611,multiple-choice,single,obsidian-quiz-blocks,radio,,CA2;CBC,needs-answer,,
685,4735,5512,multiple-choice,single,,,,,,,
685,4735,5417,multiple-choice,single,,,,,,,
685,4741,5418,multiple-choice,single,,,,,,,
685,4741,39738,multiple-choice,single,,,,,,,
685,15490,51512,multiple-choice,single,,,,,,,
685,15490,63975,multiple-choice,single,,,,,,,
685,15491,63923,multiple-choice,single,,,,,,,
685,15491,63920,multiple-choice,single,,,,,,,
686,2351,10094,multiple-choice,single,obsidian-quiz-blocks,radio,,CA2;CBC;DSM,needs-answer,,
686,2351,5321,multiple-choice,single,obsidian-quiz-blocks,radio,,CA2;CBC;DSM,needs-answer,,
686,2354,40417,multiple-choice,single,obsidian-quiz-blocks,radio,,CA2;CBC;DSM,needs-answer,,
686,2354,40415,multiple-choice,single,obsidian-quiz-blocks,radio,,CA2;CBC;DSM,needs-answer,,
688,466913,10586,multiple-choice,single,obsidian-quiz-blocks,radio,,MF2,needs-answer,,
688,466913,221581,free-response,single,,,,,,,
688,466916,221584,free-response,single,,,,,,,
688,466916,25081,multiple-choice,single,obsidian-quiz-blocks,radio,,MF2,needs-answer,,
688,466916,251709,free-response,single,,,,,,,
688,466920,25080,multiple-choice,single,obsidian-quiz-blocks,radio,,MF2,needs-answer,,
688,466920,251719,free-response,single,,,,,,,
688,466920,135224,multiple-choice,single,obsidian-quiz-blocks,radio,,MF2,needs-answer,,
688,466920,25182,multiple-choice,single,obsidian-quiz-blocks,radio,,MF2,needs-answer,,
690,464214,5352,multiple-choice,single,,,,,,,
690,464214,67133,multiple-choice,single,,,,,,,
690,464217,9809,multiple-choice,single,,,,,,,
690,464217,67138,multiple-choice,single,,,,,,,
690,464220,67140,multiple-choice,single,,,,,,,
690,464220,67145,multiple-choice,single,,,,,,,
690,464220,67143,multiple-choice,single,,,,,,,
690,464225,110336,multiple-choice,single,,,,,,,
690,464225,67151,multiple-choice,single,,,,,,,
691,2342,10017,multiple-choice,single,obsidian-quiz-blocks,radio,,CA2;CBC;DSM,needs-answer,,
691,2342,14056,multiple-choice,single,obsidian-quiz-blocks,radio,,CA2;CBC;DSM,needs-answer,,
691,2345,14059,multiple-choice,single,obsidian-quiz-blocks,radio,,CA2;CBC;DSM,needs-answer,,
691,2345,9982,multiple-choice,single,obsidian-quiz-blocks,radio,,CA2;CBC;DSM,needs-answer,,
691,2348,67204,multiple-choice,single,obsidian-quiz-blocks,radio,,CA2;CBC;DSM,needs-answer,,
691,2348,67203,multiple-choice,single,obsidian-quiz-blocks,radio,,CA2;CBC;DSM,needs-answer,,
692,465028,9747,multiple-choice,single,obsidian-quiz-blocks,radio,,MF3,needs-answer,,
692,465028,5652,multiple-choice,single,obsidian-quiz-blocks,radio,,MF3,needs-answer,,
692,465028,5649,multiple-choice,single,obsidian-quiz-blocks,radio,,MF3,needs-answer,,
692,465032,39995,multiple-choice,single,obsidian-quiz-blocks,radio,,MF3,needs-answer,,
692,465032,39997,multiple-choice,single,obsidian-quiz-blocks,radio,,MF3,needs-answer,,
692,465032,5677,multiple-choice,single,obsidian-quiz-blocks,radio,,MF3,needs-answer,,
692,465036,67098,multiple-choice,single,obsidian-quiz-blocks,radio,,MF3,needs-answer,,
692,465036,5656,multiple-choice,single,obsidian-quiz-blocks,radio,,MF3,needs-answer,,
696,20992,46481,multiple-choice,single,obsidian-quiz-blocks,radio,,MF3,needs-answer,,
696,20992,46476,multiple-choice,single,obsidian-quiz-blocks,radio,,MF3,needs-answer,,
696,20993,46495,multiple-choice,single,obsidian-quiz-blocks,radio,,MF3,needs-answer,,
696,20993,87315,multiple-choice,single,obsidian-quiz-blocks,radio,,MF3,needs-answer,,
696,20994,46536,multiple-choice,single,obsidian-quiz-blocks,radio,,MF3,needs-answer,,
696,20994,46504,multiple-choice,single,obsidian-quiz-blocks,radio,,MF3,needs-answer,,
696,20995,46526,multiple-choice,single,obsidian-quiz-blocks,radio,,MF3,needs-answer,,
696,20995,46525,multiple-choice,single,obsidian-quiz-blocks,radio,,MF3,needs-answer,,
698,170985,5331,multiple-choice,single,obsidian-quiz-blocks,radio,,MF1,needs-answer,,
698,170985,217258,free-response,single,,,,,,,
698,170989,74368,multiple-choice,single,obsidian-quiz-blocks,radio,,MF1,needs-answer,,
698,170989,217272,free-response,single,,,,,,,
698,170992,212111,free-response,single,,,,,,,
698,170992,51490,multiple-choice,single,obsidian-quiz-blocks,radio,,MF1,needs-answer,,
698,170992,51469,multiple-choice,single,obsidian-quiz-blocks,radio,,MF1,needs-answer,,
703,20570,1788,multiple-choice,single,obsidian-quiz-blocks,radio,,MF2,needs-answer,,
703,20570,1790,multiple-choice,single,obsidian-quiz-blocks,radio,,MF2,needs-answer,,
703,20571,5691,multiple-choice,single,obsidian-quiz-blocks,radio,,MF2,needs-answer,,
703,20571,5558,multiple-choice,single,obsidian-quiz-blocks,radio,,MF2,needs-answer,,
703,20573,1783,multiple-choice,single,obsidian-quiz-blocks,radio,,MF2,needs-answer,,
703,20573,5560,multiple-choice,single,obsidian-quiz-blocks,radio,,MF2,needs-answer,,
703,27676,5562,multiple-choice,single,obsidian-quiz-blocks,radio,,MF2,needs-answer,,
703,27676,1793,multiple-choice,single,obsidian-quiz-blocks,radio,,MF2,needs-answer,,
704,165070,30448,multiple-choice,single,obsidian-quiz-blocks,radio,,MF2,needs-answer,,
704,165070,220351,free-response,single,,,,,,,
704,165073,10320,multiple-choice,single,obsidian-quiz-blocks,radio,,MF2,needs-answer,,
704,165073,220360,free-response,multi,,,,,,,
704,165076,220361,free-response,single,,,,,,,
704,165076,52330,multiple-choice,single,obsidian-quiz-blocks,radio,,MF2,needs-answer,,
705,20576,1789,multiple-choice,single,obsidian-quiz-blocks,radio,,MF2,needs-answer,,
705,20576,1798,multiple-choice,single,obsidian-quiz-blocks,radio,,MF2,needs-answer,,
705,20577,1797,multiple-choice,single,obsidian-quiz-blocks,radio,,MF2,needs-answer,,
705,20577,84958,multiple-choice,single,obsidian-quiz-blocks,radio,,MF2,needs-answer,,
705,20706,1787,multiple-choice,single,obsidian-quiz-blocks,radio,,MF2,needs-answer,,
705,20706,1799,multiple-choice,single,obsidian-quiz-blocks,radio,,MF2,needs-answer,,
705,27678,85042,multiple-choice,single,obsidian-quiz-blocks,radio,,MF2,needs-answer,,
705,27678,1801,multiple-choice,single,obsidian-quiz-blocks,radio,,MF2,needs-answer,,
708,21053,14807,multiple-choice,single,,,,,,,
708,21053,117631,multiple-choice,single,,,,,,,
708,21055,98719,multiple-choice,single,,,,,,,
708,21055,3552,multiple-choice,single,,,,,,,
708,35068,117640,multiple-choice,single,,,,,,,
708,35068,3519,multiple-choice,single,,,,,,,
709,22327,5479,multiple-choice,single,obsidian-quiz-blocks,radio,,MF2,needs-answer,,
709,22327,5480,multiple-choice,single,obsidian-quiz-blocks,radio,,MF2,needs-answer,,
709,22328,5481,multiple-choice,single,obsidian-quiz-blocks,radio,,MF2,needs-answer,,
709,22328,5487,multiple-choice,single,obsidian-quiz-blocks,radio,,MF2,needs-answer,,
709,22329,11233,multiple-choice,single,obsidian-quiz-blocks,radio,,MF2,needs-answer,,
709,22329,11502,multiple-choice,single,obsidian-quiz-blocks,radio,,MF2,needs-answer,,
709,22811,5485,multiple-choice,single,obsidian-quiz-blocks,radio,,MF2,needs-answer,,
709,22811,5488,multiple-choice,single,obsidian-quiz-blocks,radio,,MF2,needs-answer,,
711,20614,94452,multiple-choice,single,obsidian-quiz-blocks,radio,,MF2;PAS;PS1,needs-answer,,
711,20614,94450,multiple-choice,single,obsidian-quiz-blocks,radio,,MF2;PAS;PS1,needs-answer,,
711,20616,9849,multiple-choice,single,obsidian-quiz-blocks,radio,,MF2;PAS;PS1,needs-answer,,
711,20616,94470,multiple-choice,single,obsidian-quiz-blocks,radio,,MF2;PAS;PS1,needs-answer,,
711,30811,9786,multiple-choice,single,obsidian-quiz-blocks,radio,,MF2;PAS;PS1,needs-answer,,
711,30811,9784,multiple-choice,single,obsidian-quiz-blocks,radio,,MF2;PAS;PS1,needs-answer,,
711,30812,94396,multiple-choice,single,obsidian-quiz-blocks,radio,,MF2;PAS;PS1,needs-answer,,
711,30812,17236,multiple-choice,single,obsidian-quiz-blocks,radio,,MF2;PAS;PS1,needs-answer,,
715,20534,12460,multiple-choice,single,obsidian-quiz-blocks,radio,,MF3,needs-answer,,
715,20534,12374,multiple-choice,single,obsidian-quiz-blocks,radio,,MF3,needs-answer,,
715,29085,5636,multiple-choice,single,obsidian-quiz-blocks,radio,,MF3,needs-answer,,
715,29085,5472,multiple-choice,single,obsidian-quiz-blocks,radio,,MF3,needs-answer,,
715,29086,88596,multiple-choice,single,obsidian-quiz-blocks,radio,,MF3,needs-answer,,
715,29086,5475,multiple-choice,single,obsidian-quiz-blocks,radio,,MF3,needs-answer,,
715,29088,88371,multiple-choice,single,obsidian-quiz-blocks,radio,,MF3,needs-answer,,
715,29088,88537,multiple-choice,single,obsidian-quiz-blocks,radio,,MF3,needs-answer,,
724,20997,46591,multiple-choice,single,obsidian-quiz-blocks,radio,,MF3,needs-answer,,
724,20997,46583,multiple-choice,single,obsidian-quiz-blocks,radio,,MF3,needs-answer,,
724,20999,46596,multiple-choice,single,obsidian-quiz-blocks,radio,,MF3,needs-answer,,
724,20999,46644,multiple-choice,single,obsidian-quiz-blocks,radio,,MF3,needs-answer,,
724,21001,46658,multiple-choice,single,obsidian-quiz-blocks,radio,,MF3,needs-answer,,
724,21001,46659,multiple-choice,single,obsidian-quiz-blocks,radio,,MF3,needs-answer,,
724,21288,46579,multiple-choice,single,obsidian-quiz-blocks,radio,,MF3,needs-answer,,
724,21288,46580,multiple-choice,single,obsidian-quiz-blocks,radio,,MF3,needs-answer,,
725,14088,36558,multiple-choice,single,obsidian-quiz-blocks,radio,,MF2,needs-answer,,
725,14088,36532,multiple-choice,single,,,,,,,
725,14091,35984,multiple-choice,single,obsidian-quiz-blocks,radio,,MF2,needs-answer,,
725,14091,36592,multiple-choice,single,obsidian-quiz-blocks,radio,,MF2,needs-answer,,
725,15131,36553,multiple-choice,single,obsidian-quiz-blocks,radio,,MF2,needs-answer,,
725,15131,36544,multiple-choice,single,,,,,,,
725,15151,6684,multiple-choice,single,obsidian-quiz-blocks,radio,,MF2,needs-answer,,
725,15151,6681,multiple-choice,single,obsidian-quiz-blocks,radio,,MF2,needs-answer,,
726,14411,66542,multiple-choice,single,obsidian-quiz-blocks,radio,,MF2,needs-answer,,
726,14411,66541,multiple-choice,single,obsidian-quiz-blocks,radio,,MF2,needs-answer,,
726,14412,66531,multiple-choice,single,obsidian-quiz-blocks,radio,,MF2,needs-answer,,
726,14412,66527,multiple-choice,single,obsidian-quiz-blocks,radio,,MF2,needs-answer,,
726,14413,66528,multiple-choice,single,obsidian-quiz-blocks,radio,,MF2,needs-answer,,
726,14413,66532,multiple-choice,single,obsidian-quiz-blocks,radio,,MF2,needs-answer,,
726,14414,47270,multiple-choice,single,obsidian-quiz-blocks,radio,,MF2,needs-answer,,
726,14414,47269,multiple-choice,single,obsidian-quiz-blocks,radio,,MF2,needs-answer,,
727,21147,14081,multiple-choice,single,obsidian-quiz-blocks,radio,,MF2,needs-answer,,
727,21147,14120,multiple-choice,single,obsidian-quiz-blocks,radio,,MF2,needs-answer,,
727,21148,6354,multiple-choice,single,obsidian-quiz-blocks,radio,,MF2,needs-answer,,
727,21148,37617,multiple-choice,single,obsidian-quiz-blocks,radio,,MF2,needs-answer,,
727,22687,72018,multiple-choice,single,obsidian-quiz-blocks,radio,,MF2,needs-answer,,
727,22687,72020,multiple-choice,single,obsidian-quiz-blocks,radio,,MF2,needs-answer,,
727,22689,72031,multiple-choice,single,obsidian-quiz-blocks,radio,,MF2,needs-answer,,
727,22689,37522,multiple-choice,single,obsidian-quiz-blocks,radio,,MF2,needs-answer,,
728,18901,5902,multiple-choice,single,obsidian-quiz-blocks,radio,,MF2,needs-answer,,
728,18901,7670,multiple-choice,single,obsidian-quiz-blocks,radio,,MF2,needs-answer,,
728,18905,19108,multiple-choice,single,obsidian-quiz-blocks,radio,,MF2,needs-answer,,
728,18905,19186,multiple-choice,single,obsidian-quiz-blocks,radio,,MF2,needs-answer,,
729,476834,288811,multiple-choice,single,obsidian-quiz-blocks,radio,,MF2,needs-answer,,
729,476834,288777,multiple-choice,single,obsidian-quiz-blocks,radio,,MF2,needs-answer,,
729,476837,288820,multiple-choice,single,obsidian-quiz-blocks,radio,,MF2,needs-answer,,
729,476837,288815,multiple-choice,single,obsidian-quiz-blocks,radio,,MF2,needs-answer,,
729,476840,288848,free-response,single,,,,,,,
729,476840,288103,free-response,single,,,,,,,
730,22376,5774,multiple-choice,single,obsidian-quiz-blocks,radio,d,MF3;PAS;DSM;MML;PS1,converted-and-verified,manual,label
730,22376,83624,multiple-choice,single,obsidian-quiz-blocks,radio,b,MF3;PAS;DSM;MML;PS1,converted-and-verified,manual,label
730,22377,5778,multiple-choice,single,obsidian-quiz-blocks,radio,c,MF3;PAS;DSM;MML;PS1,converted-and-verified,manual,label
730,22377,5497,multiple-choice,single,obsidian-quiz-blocks,radio,c,MF3;PAS;DSM;MML;PS1,converted-and-verified,manual,label
730,27376,42728,multiple-choice,single,obsidian-quiz-blocks,radio,c,MF3;PAS;DSM;MML;PS1,converted-and-verified,manual,label
730,27376,42729,multiple-choice,single,obsidian-quiz-blocks,radio,e,MF3;PAS;DSM;MML;PS1,converted-and-verified,manual,label
730,27386,83642,multiple-choice,single,obsidian-quiz-blocks,radio,c,MF3;PAS;DSM;MML;PS1,converted-and-verified,manual,label
730,27386,42731,multiple-choice,single,obsidian-quiz-blocks,radio,e,MF3;PAS;DSM;MML;PS1,converted-and-verified,manual,label
733,19789,78381,multiple-choice,single,obsidian-quiz-blocks,radio,,MF3,needs-answer,,
733,19789,16379,multiple-choice,single,obsidian-quiz-blocks,radio,,MF3,needs-answer,,
733,25034,78254,multiple-choice,single,obsidian-quiz-blocks,radio,,MF3,needs-answer,,
733,25034,78354,multiple-choice,single,obsidian-quiz-blocks,radio,,MF3,needs-answer,,
733,25035,78251,multiple-choice,single,obsidian-quiz-blocks,radio,,MF3,needs-answer,,
733,25035,78353,multiple-choice,single,obsidian-quiz-blocks,radio,,MF3,needs-answer,,
733,25040,16382,multiple-choice,single,obsidian-quiz-blocks,radio,,MF3,needs-answer,,
733,25040,16381,multiple-choice,single,obsidian-quiz-blocks,radio,,MF3,needs-answer,,
734,36348,133916,multiple-choice,single,obsidian-quiz-blocks,radio,,MF2,needs-answer,,
734,36348,133917,multiple-choice,single,obsidian-quiz-blocks,radio,,MF2,needs-answer,,
734,36349,133918,multiple-choice,single,obsidian-quiz-blocks,radio,,MF2,needs-answer,,
734,36349,133919,multiple-choice,single,obsidian-quiz-blocks,radio,,MF2,needs-answer,,
734,36350,133921,multiple-choice,single,,,,,,,
734,36350,133923,multiple-choice,single,,,,,,,
735,13803,16288,multiple-choice,single,obsidian-quiz-blocks,radio,,MF2,needs-answer,,
735,13803,16286,multiple-choice,single,obsidian-quiz-blocks,radio,,MF2,needs-answer,,
735,13811,66336,multiple-choice,single,obsidian-quiz-blocks,radio,,MF2,needs-answer,,
735,13811,66334,multiple-choice,single,obsidian-quiz-blocks,radio,,MF2,needs-answer,,
735,13812,66340,multiple-choice,single,obsidian-quiz-blocks,radio,,MF2,needs-answer,,
735,13812,66339,multiple-choice,single,obsidian-quiz-blocks,radio,,MF2,needs-answer,,
735,13813,54605,multiple-choice,single,obsidian-quiz-blocks,radio,,MF2,needs-answer,,
735,13813,54606,multiple-choice,single,obsidian-quiz-blocks,radio,,MF2,needs-answer,,
736,20637,10758,multiple-choice,single,obsidian-quiz-blocks,radio,,MF2,needs-answer,,
736,20637,10760,multiple-choice,single,obsidian-quiz-blocks,radio,,MF2,needs-answer,,
736,20638,10266,multiple-choice,single,,,,,,,
736,20638,17650,multiple-choice,single,,,,,,,
740,200238,12425,multiple-choice,single,obsidian-quiz-blocks,radio,,MF3,needs-answer,,
740,200238,120359,multiple-choice,single,obsidian-quiz-blocks,radio,,MF3,needs-answer,,
740,200241,12422,multiple-choice,single,obsidian-quiz-blocks,radio,,MF3,needs-answer,,
740,200241,87116,multiple-choice,single,obsidian-quiz-blocks,radio,,MF3,needs-answer,,
740,200244,42636,multiple-choice,single,obsidian-quiz-blocks,radio,,MF3,needs-answer,,
740,200244,5534,multiple-choice,single,obsidian-quiz-blocks,radio,,MF3,needs-answer,,
740,200247,123567,multiple-choice,single,obsidian-quiz-blocks,radio,,MF3,needs-answer,,
740,200247,123566,multiple-choice,single,obsidian-quiz-blocks,radio,,MF3,needs-answer,,
742,143347,208809,free-response,multi,,,,,,,
742,143347,73041,multiple-choice,single,obsidian-quiz-blocks,radio,,MF1,needs-answer,,
742,143347,208810,free-response,multi,,,,,,,
742,143351,112394,multiple-choice,single,obsidian-quiz-blocks,radio,,MF1,needs-answer,,
742,143351,208813,free-response,multi,,,,,,,
742,143355,52077,multiple-choice,single,obsidian-quiz-blocks,radio,,MF1,needs-answer,,
742,143355,208814,free-response,single,,,,,,,
742,143355,208815,free-response,single,,,,,,,
742,143359,52139,multiple-choice,single,obsidian-quiz-blocks,radio,,MF1,needs-answer,,
742,143359,170004,multiple-choice,single,obsidian-quiz-blocks,radio,,MF1,needs-answer,,
752,24657,99031,multiple-choice,single,obsidian-quiz-blocks,radio,a,CA1;CAB;CBC;MF3,converted-and-verified,manual,label
752,24657,21495,multiple-choice,single,obsidian-quiz-blocks,radio,c,CA1;CAB;CBC;MF3,converted-and-verified,manual,label
752,24660,48790,multiple-choice,single,obsidian-quiz-blocks,radio,d,CA1;CAB;CBC;MF3,converted-and-verified,manual,label
752,24660,48677,multiple-choice,single,obsidian-quiz-blocks,radio,c,CA1;CAB;CBC;MF3,converted-and-verified,manual,label
752,32617,48741,multiple-choice,single,obsidian-quiz-blocks,radio,a,CA1;CAB;CBC;MF3,converted-and-verified,manual,label
752,32617,98990,multiple-choice,single,obsidian-quiz-blocks,radio,c,CA1;CAB;CBC;MF3,converted-and-verified,manual,label
752,35882,127349,multiple-choice,single,obsidian-quiz-blocks,radio,b,CA1;CAB;CBC;MF3,converted-and-verified,manual,label
752,35882,127353,multiple-choice,single,obsidian-quiz-blocks,radio,a,CA1;CAB;CBC;MF3,converted-and-verified,manual,label
753,41716,66256,multiple-choice,single,obsidian-quiz-blocks,radio,,MF2,needs-answer,,
753,41716,66244,multiple-choice,single,obsidian-quiz-blocks,radio,,MF2,needs-answer,,
753,41719,5733,multiple-choice,single,obsidian-quiz-blocks,radio,,MF2,needs-answer,,
753,41719,98911,multiple-choice,single,obsidian-quiz-blocks,radio,,MF2,needs-answer,,
753,41722,66258,multiple-choice,single,obsidian-quiz-blocks,radio,,MF2,needs-answer,,
753,41722,34879,multiple-choice,single,obsidian-quiz-blocks,radio,,MF2,needs-answer,,
753,41726,157780,multiple-choice,single,obsidian-quiz-blocks,radio,,MF2,needs-answer,,
753,41726,157746,multiple-choice,single,obsidian-quiz-blocks,radio,,MF2,needs-answer,,
753,41726,34814,multiple-choice,single,obsidian-quiz-blocks,radio,,MF2,needs-answer,,
754,150951,34792,multiple-choice,single,obsidian-quiz-blocks,radio,,MF1,needs-answer,,
754,150951,37038,multiple-choice,single,obsidian-quiz-blocks,radio,,MF1,needs-answer,,
754,150954,129320,multiple-choice,single,obsidian-quiz-blocks,radio,,MF1,needs-answer,,
754,150954,79267,multiple-choice,single,obsidian-quiz-blocks,radio,,MF1,needs-answer,,
754,150958,13722,multiple-choice,single,obsidian-quiz-blocks,radio,,MF1,needs-answer,,
754,150958,79996,multiple-choice,single,obsidian-quiz-blocks,radio,,MF1,needs-answer,,
755,33116,40529,multiple-choice,single,obsidian-quiz-blocks,radio,,MF1,needs-answer,,
755,33116,43568,multiple-choice,single,obsidian-quiz-blocks,radio,,MF1,needs-answer,,
755,33118,7553,multiple-choice,single,obsidian-quiz-blocks,radio,,MF1,needs-answer,,
755,33118,40528,multiple-choice,single,obsidian-quiz-blocks,radio,,MF1,needs-answer,,
755,33136,43577,multiple-choice,single,obsidian-quiz-blocks,radio,,MF1,needs-answer,,
755,33136,103763,multiple-choice,single,obsidian-quiz-blocks,radio,,MF1,needs-answer,,
756,13795,35178,multiple-choice,single,,,,,,,
756,13795,35202,multiple-choice,single,,,,,,,
756,13801,35211,multiple-choice,single,obsidian-quiz-blocks,radio,,MF2,needs-answer,,
756,13801,35205,multiple-choice,single,obsidian-quiz-blocks,radio,,MF2,needs-answer,,
757,20966,14145,multiple-choice,single,obsidian-quiz-blocks,radio,,MF2,needs-answer,,
757,20966,14147,multiple-choice,single,obsidian-quiz-blocks,radio,,MF2,needs-answer,,
757,27328,6676,multiple-choice,single,obsidian-quiz-blocks,radio,,MF2,needs-answer,,
757,27328,6671,multiple-choice,single,obsidian-quiz-blocks,radio,,MF2,needs-answer,,
757,27362,14154,multiple-choice,single,obsidian-quiz-blocks,radio,,MF2,needs-answer,,
757,27362,6670,multiple-choice,single,obsidian-quiz-blocks,radio,,MF2,needs-answer,,
757,27497,39033,multiple-choice,single,obsidian-quiz-blocks,radio,,MF2,needs-answer,,
757,27497,39038,multiple-choice,single,obsidian-quiz-blocks,radio,,MF2,needs-answer,,
758,1816,5962,multiple-choice,single,obsidian-quiz-blocks,radio,,CA2;CBC,needs-answer,,
758,1816,152777,multiple-choice,single,obsidian-quiz-blocks,radio,,CA2;CBC,needs-answer,,
758,1819,20872,multiple-choice,single,obsidian-quiz-blocks,radio,,CA2;CBC,needs-answer,,
758,1819,20884,multiple-choice,single,obsidian-quiz-blocks,radio,,CA2;CBC,needs-answer,,
758,1819,100495,multiple-choice,single,obsidian-quiz-blocks,radio,,CA2;CBC,needs-answer,,
758,1823,6294,multiple-choice,single,obsidian-quiz-blocks,radio,,CA2;CBC,needs-answer,,
758,1823,6032,multiple-choice,single,obsidian-quiz-blocks,radio,,CA2;CBC,needs-answer,,
758,40594,6297,multiple-choice,single,obsidian-quiz-blocks,radio,,CA2;CBC,needs-answer,,
758,40594,118619,multiple-choice,single,obsidian-quiz-blocks,radio,,CA2;CBC,needs-answer,,
759,1835,5982,multiple-choice,single,obsidian-quiz-blocks,radio,,CA2;CBC,needs-answer,,
759,1835,6039,multiple-choice,single,obsidian-quiz-blocks,radio,,CA2;CBC,needs-answer,,
759,26996,49796,multiple-choice,single,obsidian-quiz-blocks,radio,,CA2;CBC,needs-answer,,
759,26996,141226,multiple-choice,single,obsidian-quiz-blocks,radio,,CA2;CBC,needs-answer,,
759,37504,49795,multiple-choice,single,obsidian-quiz-blocks,radio,,CA2;CBC,needs-answer,,
759,37504,82704,multiple-choice,single,obsidian-quiz-blocks,radio,,CA2;CBC,needs-answer,,
760,1975,5983,multiple-choice,single,obsidian-quiz-blocks,radio,,CA2;CBC;MF3,needs-answer,,
760,1975,85665,multiple-choice,single,obsidian-quiz-blocks,radio,,CA2;CBC;MF3,needs-answer,,
760,1979,82624,multiple-choice,single,obsidian-quiz-blocks,radio,,CA2;CBC;MF3,needs-answer,,
760,1979,6002,multiple-choice,single,obsidian-quiz-blocks,radio,,CA2;CBC;MF3,needs-answer,,
760,26917,15397,multiple-choice,single,obsidian-quiz-blocks,radio,,CA2;CBC;MF3,needs-answer,,
760,26917,51267,multiple-choice,single,obsidian-quiz-blocks,radio,,CA2;CBC;MF3,needs-answer,,
762,617657,7112,multiple-choice,single,obsidian-quiz-blocks,radio,,CA2;CAB;CBC,needs-answer,,
762,617657,7194,multiple-choice,single,obsidian-quiz-blocks,radio,,CA2;CAB;CBC,needs-answer,,
762,617660,19486,multiple-choice,single,obsidian-quiz-blocks,radio,,CA2;CAB;CBC,needs-answer,,
762,617660,19484,multiple-choice,single,obsidian-quiz-blocks,radio,,CA2;CAB;CBC,needs-answer,,
763,2165,31637,multiple-choice,single,obsidian-quiz-blocks,radio,,CA2;CBC;MF3,needs-answer,,
763,2165,7146,multiple-choice,single,obsidian-quiz-blocks,radio,,CA2;CBC;MF3,needs-answer,,
763,2168,6387,multiple-choice,single,obsidian-quiz-blocks,radio,,CA2;CBC;MF3,needs-answer,,
763,2168,6388,multiple-choice,single,obsidian-quiz-blocks,radio,,CA2;CBC;MF3,needs-answer,,
763,2171,31646,multiple-choice,single,obsidian-quiz-blocks,radio,,CA2;CBC;MF3,needs-answer,,
763,2171,7151,multiple-choice,single,obsidian-quiz-blocks,radio,,CA2;CBC;MF3,needs-answer,,
763,2174,7155,multiple-choice,single,obsidian-quiz-blocks,radio,,CA2;CBC;MF3,needs-answer,,
763,2174,51304,multiple-choice,single,obsidian-quiz-blocks,radio,,CA2;CBC;MF3,needs-answer,,
764,454103,1563,multiple-choice,single,obsidian-quiz-blocks,radio,,MF2,needs-answer,,
764,454103,266844,free-response,single,,,,,,,
764,454103,5975,multiple-choice,single,obsidian-quiz-blocks,radio,,MF2,needs-answer,,
764,454107,266858,free-response,single,,,,,,,
764,454107,1561,multiple-choice,single,obsidian-quiz-blocks,radio,,MF2,needs-answer,,
764,454110,43461,multiple-choice,single,obsidian-quiz-blocks,radio,,MF2,needs-answer,,
764,454110,266878,free-response,single,,,,,,,
764,454113,266889,free-response,single,,,,,,,
764,454113,43447,multiple-choice,single,obsidian-quiz-blocks,radio,,MF2,needs-answer,,
765,453557,28561,multiple-choice,single,obsidian-quiz-blocks,radio,,MF2,needs-answer,,
765,453557,244566,free-response,single,,,,,,,
765,453557,5995,multiple-choice,single,obsidian-quiz-blocks,radio,,MF2,needs-answer,,
765,453562,28775,multiple-choice,single,obsidian-quiz-blocks,radio,,MF2,needs-answer,,
765,453562,266531,free-response,single,,,,,,,
765,453562,5988,multiple-choice,single,obsidian-quiz-blocks,radio,,MF2,needs-answer,,
765,453567,244569,free-response,single,,,,,,,
765,453567,28928,multiple-choice,single,obsidian-quiz-blocks,radio,,MF2,needs-answer,,
765,453571,244571,free-response,single,,,,,,,
765,453571,28932,multiple-choice,single,obsidian-quiz-blocks,radio,,MF2,needs-answer,,
765,453571,28941,multiple-choice,single,obsidian-quiz-blocks,radio,,MF2,needs-answer,,
766,73697,6088,multiple-choice,single,obsidian-quiz-blocks,radio,,MF1,needs-answer,,
766,73697,6086,multiple-choice,single,obsidian-quiz-blocks,radio,,MF1,needs-answer,,
766,73702,6090,multiple-choice,single,obsidian-quiz-blocks,radio,,MF1,needs-answer,,
766,73702,19614,multiple-choice,single,obsidian-quiz-blocks,radio,,MF1,needs-answer,,
766,73705,53065,multiple-choice,single,obsidian-quiz-blocks,radio,,MF1,needs-answer,,
766,73705,53105,multiple-choice,single,obsidian-quiz-blocks,radio,,MF1,needs-answer,,
766,73708,53055,multiple-choice,single,obsidian-quiz-blocks,radio,,MF1,needs-answer,,
766,73708,53066,multiple-choice,single,obsidian-quiz-blocks,radio,,MF1,needs-answer,,
773,29251,88578,multiple-choice,single,obsidian-quiz-blocks,radio,,DSM;MF3;PAS;PS1,needs-answer,,
773,29251,88980,multiple-choice,single,obsidian-quiz-blocks,radio,,DSM;MF3;PAS;PS1,needs-answer,,
773,29254,88579,multiple-choice,single,obsidian-quiz-blocks,radio,,DSM;MF3;PAS;PS1,needs-answer,,
773,29254,88831,multiple-choice,single,obsidian-quiz-blocks,radio,,DSM;MF3;PAS;PS1,needs-answer,,
773,29257,88581,multiple-choice,single,obsidian-quiz-blocks,radio,,DSM;MF3;PAS;PS1,needs-answer,,
773,29257,89054,multiple-choice,single,obsidian-quiz-blocks,radio,,DSM;MF3;PAS;PS1,needs-answer,,
774,20560,5370,multiple-choice,single,,,,,,,
774,20560,73002,multiple-choice,single,,,,,,,
774,20562,19838,multiple-choice,single,,,,,,,
774,20562,5371,multiple-choice,single,,,,,,,
774,35635,124137,multiple-choice,single,,,,,,,
774,35635,124138,multiple-choice,single,,,,,,,
775,20566,6534,multiple-choice,single,obsidian-quiz-blocks,radio,,MF2,needs-answer,,
775,20566,19896,multiple-choice,single,obsidian-quiz-blocks,radio,,MF2,needs-answer,,
775,20568,19907,multiple-choice,single,obsidian-quiz-blocks,radio,,MF2,needs-answer,,
775,20568,5537,multiple-choice,single,obsidian-quiz-blocks,radio,,MF2,needs-answer,,
776,12409,65663,multiple-choice,single,obsidian-quiz-blocks,radio,,MF2,needs-answer,,
776,12409,65510,multiple-choice,single,obsidian-quiz-blocks,radio,,MF2,needs-answer,,
776,13632,65513,multiple-choice,single,obsidian-quiz-blocks,radio,,MF2,needs-answer,,
776,13632,65713,multiple-choice,single,obsidian-quiz-blocks,radio,,MF2,needs-answer,,
776,13638,65718,multiple-choice,single,obsidian-quiz-blocks,radio,,MF2,needs-answer,,
776,13638,65514,multiple-choice,single,obsidian-quiz-blocks,radio,,MF2,needs-answer,,
776,13648,65515,multiple-choice,single,obsidian-quiz-blocks,radio,,MF2,needs-answer,,
776,13648,65670,multiple-choice,single,obsidian-quiz-blocks,radio,,MF2,needs-answer,,
776,13650,65516,multiple-choice,single,obsidian-quiz-blocks,radio,,MF2,needs-answer,,
776,13650,65784,multiple-choice,single,obsidian-quiz-blocks,radio,,MF2,needs-answer,,
778,13344,66028,multiple-choice,single,obsidian-quiz-blocks,radio,,MF2,needs-answer,,
778,13344,65957,multiple-choice,single,obsidian-quiz-blocks,radio,,MF2,needs-answer,,
778,13349,65962,multiple-choice,single,obsidian-quiz-blocks,radio,,MF2,needs-answer,,
778,13349,66055,multiple-choice,single,obsidian-quiz-blocks,radio,,MF2,needs-answer,,
778,13352,66061,multiple-choice,single,obsidian-quiz-blocks,radio,,MF2,needs-answer,,
778,13352,65951,multiple-choice,single,obsidian-quiz-blocks,radio,,MF2,needs-answer,,
778,13355,66083,multiple-choice,single,obsidian-quiz-blocks,radio,,MF2,needs-answer,,
778,13355,66085,multiple-choice,single,obsidian-quiz-blocks,radio,,MF2,needs-answer,,
779,15104,39089,multiple-choice,single,,,,,,,
779,15104,38998,multiple-choice,single,,,,,,,
779,15120,5386,multiple-choice,single,,,,,,,
779,15120,6432,multiple-choice,single,,,,,,,
779,15121,39095,multiple-choice,single,,,,,,,
779,15121,66978,multiple-choice,single,,,,,,,
784,12050,6493,multiple-choice,single,obsidian-quiz-blocks,radio,,MF2,needs-answer,,
784,12050,12538,multiple-choice,single,obsidian-quiz-blocks,radio,,MF2,needs-answer,,
784,12057,65406,multiple-choice,single,obsidian-quiz-blocks,radio,,MF2,needs-answer,,
784,12057,65407,multiple-choice,single,obsidian-quiz-blocks,radio,,MF2,needs-answer,,
784,12058,65458,multiple-choice,single,,,,,,,
784,12058,65415,multiple-choice,single,,,,,,,
784,12059,65464,multiple-choice,single,obsidian-quiz-blocks,radio,,MF2,needs-answer,,
784,12059,65462,multiple-choice,single,obsidian-quiz-blocks,radio,,MF2,needs-answer,,
788,30928,94695,multiple-choice,single,obsidian-quiz-blocks,radio,,MF3;PAS;PS1,needs-answer,,
788,30928,94971,multiple-choice,single,obsidian-quiz-blocks,radio,,MF3;PAS;PS1,needs-answer,,
788,30929,95154,multiple-choice,single,obsidian-quiz-blocks,radio,,MF3;PAS;PS1,needs-answer,,
788,30929,94697,multiple-choice,single,obsidian-quiz-blocks,radio,,MF3;PAS;PS1,needs-answer,,
788,30930,95139,multiple-choice,single,obsidian-quiz-blocks,radio,,MF3;PAS;PS1,needs-answer,,
788,30930,94702,multiple-choice,single,obsidian-quiz-blocks,radio,,MF3;PAS;PS1,needs-answer,,
788,37200,139110,multiple-choice,single,obsidian-quiz-blocks,radio,d,PAS;PS1;MF3,converted-and-verified,image-id,answer-image-id-1
788,37200,139241,multiple-choice,single,obsidian-quiz-blocks,radio,d,PAS;PS1;MF3,converted-and-verified,image-id,answer-image-id-1
790,169444,15819,multiple-choice,single,obsidian-quiz-blocks,radio,,MF1,needs-answer,,
790,169444,221423,free-response,single,,,,,,,
790,169447,221426,free-response,multi,,,,,,,
790,169447,3677,multiple-choice,single,obsidian-quiz-blocks,radio,,MF1,needs-answer,,
790,169451,15567,multiple-choice,single,obsidian-quiz-blocks,radio,,MF1,needs-answer,,
790,169451,222363,free-response,multi,,,,,,,
790,169451,221437,free-response,single,,,,,,,
793,20495,11322,multiple-choice,single,obsidian-quiz-blocks,radio,,MF2,needs-answer,,
793,20495,42068,multiple-choice,single,obsidian-quiz-blocks,radio,,MF2,needs-answer,,
793,20502,11591,multiple-choice,single,obsidian-quiz-blocks,radio,,MF2,needs-answer,,
793,20502,11592,multiple-choice,single,obsidian-quiz-blocks,radio,,MF2,needs-answer,,
793,20504,42072,multiple-choice,single,,,,,,,
793,20504,42071,multiple-choice,single,,,,,,,
793,20705,42069,multiple-choice,single,obsidian-quiz-blocks,radio,,MF2,needs-answer,,
793,20705,11596,multiple-choice,single,obsidian-quiz-blocks,radio,,MF2,needs-answer,,
794,59919,42349,multiple-choice,single,,,,,,,
794,59919,42347,multiple-choice,single,,,,,,,
794,59922,11366,multiple-choice,single,obsidian-quiz-blocks,radio,,MF2,needs-answer,,
794,59922,42337,multiple-choice,single,obsidian-quiz-blocks,radio,,MF2,needs-answer,,
794,59925,179554,multiple-choice,single,obsidian-quiz-blocks,radio,,MF2,needs-answer,,
794,59925,179553,multiple-choice,single,obsidian-quiz-blocks,radio,,MF2,needs-answer,,
798,2102,6809,multiple-choice,single,obsidian-quiz-blocks,radio,,CA2;CBC;MF3,needs-answer,,
798,2102,6731,multiple-choice,single,obsidian-quiz-blocks,radio,,CA2;CBC;MF3,needs-answer,,
798,2106,20991,multiple-choice,single,obsidian-quiz-blocks,radio,,CA2;CBC;MF3,needs-answer,,
798,2106,6808,multiple-choice,single,obsidian-quiz-blocks,radio,,CA2;CBC;MF3,needs-answer,,
799,2110,6862,multiple-choice,single,obsidian-quiz-blocks,radio,,CA2;CBC;MF3,needs-answer,,
799,2110,6857,multiple-choice,single,obsidian-quiz-blocks,radio,,CA2;CBC;MF3,needs-answer,,
799,2114,15558,multiple-choice,single,obsidian-quiz-blocks,radio,,CA2;CBC;MF3,needs-answer,,
799,2114,15570,multiple-choice,single,obsidian-quiz-blocks,radio,,CA2;CBC;MF3,needs-answer,,
799,23435,21081,multiple-choice,single,obsidian-quiz-blocks,radio,,CA2;CBC;MF3,needs-answer,,
799,23435,21206,multiple-choice,single,obsidian-quiz-blocks,radio,,CA2;CBC;MF3,needs-answer,,
799,23462,21080,multiple-choice,single,obsidian-quiz-blocks,radio,,CA2;CBC;MF3,needs-answer,,
799,23462,21207,multiple-choice,single,obsidian-quiz-blocks,radio,,CA2;CBC;MF3,needs-answer,,
802,3595,6785,multiple-choice,single,,,,,,,
802,3595,6734,multiple-choice,single,,,,,,,
802,3599,60699,multiple-choice,single,,,,,,,
802,3599,60698,multiple-choice,single,,,,,,,
802,36133,6837,multiple-choice,single,,,,,,,
802,36133,130228,multiple-choice,single,,,,,,,
803,18548,6827,multiple-choice,single,obsidian-quiz-blocks,radio,,MF3,needs-answer,,
803,18548,6834,multiple-choice,single,obsidian-quiz-blocks,radio,,MF3,needs-answer,,
803,18603,16194,multiple-choice,single,,,,,,,
803,18603,16190,multiple-choice,single,,,,,,,
803,18604,16203,multiple-choice,single,obsidian-quiz-blocks,radio,,MF3,needs-answer,,
803,18604,16205,multiple-choice,single,obsidian-quiz-blocks,radio,,MF3,needs-answer,,
803,19530,70341,multiple-choice,single,obsidian-quiz-blocks,radio,,MF3,needs-answer,,
803,19530,16201,multiple-choice,single,obsidian-quiz-blocks,radio,,MF3,needs-answer,,
806,19852,15804,multiple-choice,single,obsidian-quiz-blocks,radio,,MF3,needs-answer,,
806,19852,15851,multiple-choice,single,obsidian-quiz-blocks,radio,,MF3,needs-answer,,
806,19853,78205,multiple-choice,single,obsidian-quiz-blocks,radio,,MF3,needs-answer,,
806,19853,78204,multiple-choice,single,obsidian-quiz-blocks,radio,,MF3,needs-answer,,
806,25057,79205,multiple-choice,single,obsidian-quiz-blocks,radio,,MF3,needs-answer,,
806,25057,78681,multiple-choice,single,obsidian-quiz-blocks,radio,,MF3,needs-answer,,
806,25242,15799,multiple-choice,single,obsidian-quiz-blocks,radio,,MF3,needs-answer,,
806,25242,6879,multiple-choice,single,obsidian-quiz-blocks,radio,,MF3,needs-answer,,
807,464818,6908,multiple-choice,single,,,,,,,
807,464818,4629,multiple-choice,single,,,,,,,
807,464818,39796,multiple-choice,single,,,,,,,
807,464822,80690,multiple-choice,single,,,,,,,
807,464822,39801,multiple-choice,single,,,,,,,
807,464822,39800,multiple-choice,single,,,,,,,
807,464826,80679,multiple-choice,single,,,,,,,
807,464826,39795,multiple-choice,single,,,,,,,
807,464826,4694,multiple-choice,single,,,,,,,
807,464830,39927,multiple-choice,single,,,,,,,
807,464830,4695,multiple-choice,single,,,,,,,
808,467902,4634,multiple-choice,single,,,,,,,
808,467902,4700,multiple-choice,single,,,,,,,
808,467905,6886,multiple-choice,single,,,,,,,
808,467905,7006,multiple-choice,single,,,,,,,
808,467905,6999,multiple-choice,single,,,,,,,
808,467909,6993,multiple-choice,single,,,,,,,
808,467909,6997,multiple-choice,single,,,,,,,
811,32722,43522,multiple-choice,single,obsidian-quiz-blocks,radio,,MF1,needs-answer,,
811,32722,43516,multiple-choice,single,obsidian-quiz-blocks,radio,,MF1,needs-answer,,
811,32723,40482,multiple-choice,single,obsidian-quiz-blocks,radio,,MF1,needs-answer,,
811,32723,710,multiple-choice,single,obsidian-quiz-blocks,radio,,MF1,needs-answer,,
811,32724,40477,multiple-choice,single,obsidian-quiz-blocks,radio,,MF1,needs-answer,,
811,32724,40476,multiple-choice,single,obsidian-quiz-blocks,radio,,MF1,needs-answer,,
812,606,47877,multiple-choice,single,obsidian-quiz-blocks,radio,a,CAB;CBC;CA1;MF2,converted-and-verified,manual,label
812,606,47876,multiple-choice,single,obsidian-quiz-blocks,radio,d,CAB;CBC;CA1;MF2,converted-and-verified,manual,label
812,613,47332,multiple-choice,single,obsidian-quiz-blocks,radio,a,CAB;CBC;CA1;MF2,converted-and-verified,manual,label
812,613,47335,multiple-choice,single,obsidian-quiz-blocks,radio,b,CAB;CBC;CA1;MF2,converted-and-verified,manual,label
813,169222,22807,multiple-choice,single,obsidian-quiz-blocks,radio,,MF2,needs-answer,,
813,169222,30245,multiple-choice,single,obsidian-quiz-blocks,radio,,MF2,needs-answer,,
813,169222,221823,free-response,single,,,,,,,
813,169226,44077,multiple-choice,single,obsidian-quiz-blocks,radio,,MF2,needs-answer,,
813,169226,23535,multiple-choice,single,obsidian-quiz-blocks,radio,,MF2,needs-answer,,
813,169229,218426,free-response,single,,,,,,,
813,169229,44036,multiple-choice,single,obsidian-quiz-blocks,radio,,MF2,needs-answer,,
813,169229,221838,free-response,single,,,,,,,
814,4593,46164,multiple-choice,single,obsidian-quiz-blocks,radio,,MF2,needs-answer,,
814,4593,46165,multiple-choice,single,obsidian-quiz-blocks,radio,,MF2,needs-answer,,
814,6181,46166,multiple-choice,single,obsidian-quiz-blocks,radio,,MF2,needs-answer,,
814,6181,46112,multiple-choice,single,obsidian-quiz-blocks,radio,,MF2,needs-answer,,
814,27764,46175,multiple-choice,single,obsidian-quiz-blocks,radio,,MF2,needs-answer,,
814,27764,46172,multiple-choice,single,obsidian-quiz-blocks,radio,,MF2,needs-answer,,
817,3925,25154,multiple-choice,single,,,,,,,
817,3925,25292,multiple-choice,single,,,,,,,
817,3928,26807,multiple-choice,single,obsidian-quiz-blocks,radio,,MF2,needs-answer,,
817,3928,7228,multiple-choice,single,obsidian-quiz-blocks,radio,,MF2,needs-answer,,
817,3931,30270,multiple-choice,single,obsidian-quiz-blocks,radio,,MF2,needs-answer,,
817,3931,26910,multiple-choice,single,,,,,,,
817,3933,18518,multiple-choice,single,obsidian-quiz-blocks,radio,,MF2,needs-answer,,
817,3933,18521,multiple-choice,single,obsidian-quiz-blocks,radio,,MF2,needs-answer,,
818,14035,27412,multiple-choice,single,obsidian-quiz-blocks,radio,,MF2,needs-answer,,
818,14035,23114,multiple-choice,single,obsidian-quiz-blocks,radio,,MF2,needs-answer,,
818,14408,66798,multiple-choice,single,obsidian-quiz-blocks,radio,,MF2,needs-answer,,
818,14408,66796,multiple-choice,single,obsidian-quiz-blocks,radio,,MF2,needs-answer,,
818,14409,66851,multiple-choice,single,obsidian-quiz-blocks,radio,,MF2,needs-answer,,
818,14409,66849,multiple-choice,single,obsidian-quiz-blocks,radio,,MF2,needs-answer,,
818,15037,66525,multiple-choice,single,obsidian-quiz-blocks,radio,,MF2,needs-answer,,
818,15037,66773,multiple-choice,single,obsidian-quiz-blocks,radio,,MF2,needs-answer,,
824,875,7184,multiple-choice,single,obsidian-quiz-blocks,radio,,CA1;CAB;CBC;MF3,needs-answer,,
824,875,7108,multiple-choice,single,obsidian-quiz-blocks,radio,,CA1;CAB;CBC;MF3,needs-answer,,
824,880,2359,multiple-choice,single,obsidian-quiz-blocks,radio,,CA1;CAB;CBC;MF3,needs-answer,,
824,880,2351,multiple-choice,single,obsidian-quiz-blocks,radio,,CA1;CAB;CBC;MF3,needs-answer,,
825,2177,7157,multiple-choice,single,obsidian-quiz-blocks,radio,,CA2;CBC;MF3,needs-answer,,
825,2177,7156,multiple-choice,single,obsidian-quiz-blocks,radio,,CA2;CBC;MF3,needs-answer,,
825,2181,31678,multiple-choice,single,obsidian-quiz-blocks,radio,,CA2;CBC;MF3,needs-answer,,
825,2181,31679,multiple-choice,single,obsidian-quiz-blocks,radio,,CA2;CBC;MF3,needs-answer,,
825,26726,31675,multiple-choice,single,obsidian-quiz-blocks,radio,,CA2;CBC;MF3,needs-answer,,
825,26726,6392,multiple-choice,single,obsidian-quiz-blocks,radio,,CA2;CBC;MF3,needs-answer,,
825,26727,31683,multiple-choice,single,obsidian-quiz-blocks,radio,,CA2;CBC;MF3,needs-answer,,
825,26727,31685,multiple-choice,single,obsidian-quiz-blocks,radio,,CA2;CBC;MF3,needs-answer,,
826,2185,51343,multiple-choice,single,obsidian-quiz-blocks,radio,,CA2;CBC;MF3,needs-answer,,
826,2185,7201,multiple-choice,single,obsidian-quiz-blocks,radio,,CA2;CBC;MF3,needs-answer,,
826,2188,31628,multiple-choice,single,obsidian-quiz-blocks,radio,,CA2;CBC;MF3,needs-answer,,
826,2188,31631,multiple-choice,single,obsidian-quiz-blocks,radio,,CA2;CBC;MF3,needs-answer,,
826,2191,31632,multiple-choice,single,obsidian-quiz-blocks,radio,,CA2;CBC;MF3,needs-answer,,
826,2191,7208,multiple-choice,single,obsidian-quiz-blocks,radio,,CA2;CBC;MF3,needs-answer,,
829,175568,223161,multiple-choice,single,obsidian-quiz-blocks,radio,,MF1,needs-answer,,
829,175568,223188,multiple-choice,single,obsidian-quiz-blocks,radio,,MF1,needs-answer,,
829,175572,170608,multiple-choice,single,obsidian-quiz-blocks,radio,,MF1,needs-answer,,
829,175572,223110,multiple-choice,single,obsidian-quiz-blocks,radio,,MF1,needs-answer,,
829,175572,223116,multiple-choice,single,obsidian-quiz-blocks,radio,,MF1,needs-answer,,
831,12391,24488,multiple-choice,single,obsidian-quiz-blocks,radio,,MF3,needs-answer,,
831,12391,7337,multiple-choice,single,obsidian-quiz-blocks,radio,,MF3,needs-answer,,
831,12395,7698,multiple-choice,single,obsidian-quiz-blocks,radio,,MF3,needs-answer,,
831,12395,24490,multiple-choice,single,obsidian-quiz-blocks,radio,,MF3,needs-answer,,
831,12399,26706,multiple-choice,single,obsidian-quiz-blocks,radio,,MF3,needs-answer,,
831,12399,24514,multiple-choice,single,obsidian-quiz-blocks,radio,,MF3,needs-answer,,
837,144182,44314,multiple-choice,single,obsidian-quiz-blocks,radio,,MF1,needs-answer,,
837,144182,215719,free-response,single,,,,,,,
837,144182,215726,free-response,single,,,,,,,
837,144186,13400,multiple-choice,single,obsidian-quiz-blocks,radio,,MF1,needs-answer,,
837,144186,22574,multiple-choice,single,obsidian-quiz-blocks,radio,,MF1,needs-answer,,
837,144186,110094,multiple-choice,single,obsidian-quiz-blocks,radio,,MF1,needs-answer,,
837,144190,214098,free-response,single,,,,,,,
837,144190,214099,free-response,single,,,,,,,
839,178721,59668,multiple-choice,single,obsidian-quiz-blocks,radio,,MF1,needs-answer,,
839,178721,216680,multiple-choice,single,obsidian-quiz-blocks,radio,,MF1,needs-answer,,
839,178721,215400,multiple-choice,single,obsidian-quiz-blocks,radio,,MF1,needs-answer,,
839,178726,7374,multiple-choice,single,obsidian-quiz-blocks,radio,,MF1,needs-answer,,
839,178726,7375,multiple-choice,single,obsidian-quiz-blocks,radio,,MF1,needs-answer,,
839,178726,208783,free-response,multi,,,,,,,
839,178730,13338,multiple-choice,single,obsidian-quiz-blocks,radio,,MF1,needs-answer,,
839,178730,214627,free-response,multi,,,,,,,
839,178733,7385,multiple-choice,single,obsidian-quiz-blocks,radio,,MF1,needs-answer,,
839,178733,208786,free-response,multi,,,,,,,
839,178733,214648,free-response,multi,,,,,,,
840,40189,151063,multiple-choice,single,obsidian-quiz-blocks,radio,,MF1,needs-answer,,
840,40189,151069,multiple-choice,single,obsidian-quiz-blocks,radio,,MF1,needs-answer,,
840,40192,151081,multiple-choice,single,obsidian-quiz-blocks,radio,,MF1,needs-answer,,
840,40192,151079,multiple-choice,single,obsidian-quiz-blocks,radio,,MF1,needs-answer,,
840,40196,151073,multiple-choice,single,obsidian-quiz-blocks,radio,,MF1,needs-answer,,
840,40196,151074,multiple-choice,single,obsidian-quiz-blocks,radio,,MF1,needs-answer,,
842,473207,240362,free-response,multi,,,,,,,
842,473207,7515,multiple-choice,single,obsidian-quiz-blocks,radio,,MF3,needs-answer,,
842,473207,7509,multiple-choice,single,obsidian-quiz-blocks,radio,,MF3,needs-answer,,
842,473211,7518,multiple-choice,single,obsidian-quiz-blocks,radio,,MF3,needs-answer,,
842,473211,249835,free-response,multi,,,,,,,
842,473211,54190,multiple-choice,single,obsidian-quiz-blocks,radio,,MF3,needs-answer,,
842,473215,240611,free-response,multi,,,,,,,
842,473215,54206,multiple-choice,single,obsidian-quiz-blocks,radio,,MF3,needs-answer,,
842,473215,249867,free-response,multi,,,,,,,
842,473219,14796,multiple-choice,single,obsidian-quiz-blocks,radio,,MF3,needs-answer,,
842,473219,250088,free-response,multi,,,,,,,
843,10940,54210,multiple-choice,single,obsidian-quiz-blocks,radio,,MF3,needs-answer,,
843,10940,54187,multiple-choice,single,obsidian-quiz-blocks,radio,,MF3,needs-answer,,
843,10941,7527,multiple-choice,single,obsidian-quiz-blocks,radio,,MF3,needs-answer,,
843,10941,7521,multiple-choice,single,obsidian-quiz-blocks,radio,,MF3,needs-answer,,
843,10946,15297,multiple-choice,single,obsidian-quiz-blocks,radio,,MF3,needs-answer,,
843,10946,15292,multiple-choice,single,obsidian-quiz-blocks,radio,,MF3,needs-answer,,
843,22934,54215,multiple-choice,single,obsidian-quiz-blocks,radio,,MF3,needs-answer,,
843,22934,72616,multiple-choice,single,obsidian-quiz-blocks,radio,,MF3,needs-answer,,
844,10948,8791,multiple-choice,single,obsidian-quiz-blocks,radio,,MF3,needs-answer,,
844,10948,7535,multiple-choice,single,obsidian-quiz-blocks,radio,,MF3,needs-answer,,
844,10950,8802,multiple-choice,single,obsidian-quiz-blocks,radio,,MF3,needs-answer,,
844,10950,8801,multiple-choice,single,obsidian-quiz-blocks,radio,,MF3,needs-answer,,
844,10952,54227,multiple-choice,single,obsidian-quiz-blocks,radio,,MF3,needs-answer,,
844,10952,54232,multiple-choice,single,obsidian-quiz-blocks,radio,,MF3,needs-answer,,
845,10953,7584,multiple-choice,single,obsidian-quiz-blocks,radio,,MF3,needs-answer,,
845,10953,7585,multiple-choice,single,obsidian-quiz-blocks,radio,,MF3,needs-answer,,
845,10954,54239,multiple-choice,single,obsidian-quiz-blocks,radio,,MF3,needs-answer,,
845,10954,54240,multiple-choice,single,obsidian-quiz-blocks,radio,,MF3,needs-answer,,
845,10955,54222,multiple-choice,single,obsidian-quiz-blocks,radio,,MF3,needs-answer,,
845,10955,54226,multiple-choice,single,obsidian-quiz-blocks,radio,,MF3,needs-answer,,
845,24974,7580,multiple-choice,single,obsidian-quiz-blocks,radio,,MF3,needs-answer,,
845,24974,7575,multiple-choice,single,obsidian-quiz-blocks,radio,,MF3,needs-answer,,
846,20942,73572,multiple-choice,single,obsidian-quiz-blocks,radio,,MF2,needs-answer,,
846,20942,38039,multiple-choice,single,obsidian-quiz-blocks,radio,,MF2,needs-answer,,
846,20944,73573,multiple-choice,single,obsidian-quiz-blocks,radio,,MF2,needs-answer,,
846,20944,38080,multiple-choice,single,obsidian-quiz-blocks,radio,,MF2,needs-answer,,
847,472892,7622,multiple-choice,single,obsidian-quiz-blocks,radio,,MF2,needs-answer,,
847,472892,112672,multiple-choice,single,obsidian-quiz-blocks,radio,,MF2,needs-answer,,
847,472892,38075,multiple-choice,single,obsidian-quiz-blocks,radio,,MF2,needs-answer,,
847,472896,7651,multiple-choice,single,obsidian-quiz-blocks,radio,,MF2,needs-answer,,
847,472896,38201,multiple-choice,single,obsidian-quiz-blocks,radio,,MF2,needs-answer,,
847,472896,7629,multiple-choice,single,obsidian-quiz-blocks,radio,,MF2,needs-answer,,
847,472900,18146,multiple-choice,single,obsidian-quiz-blocks,radio,,MF2,needs-answer,,
847,472900,18935,multiple-choice,single,obsidian-quiz-blocks,radio,,MF2,needs-answer,,
848,464705,7604,multiple-choice,single,obsidian-quiz-blocks,radio,,MF3,needs-answer,,
848,464705,7603,multiple-choice,single,obsidian-quiz-blocks,radio,,MF3,needs-answer,,
848,464708,7605,multiple-choice,single,obsidian-quiz-blocks,radio,,MF3,needs-answer,,
848,464708,279153,free-response,single,,,,,,,
848,464712,7598,multiple-choice,single,obsidian-quiz-blocks,radio,,MF3,needs-answer,,
848,464712,7600,multiple-choice,single,obsidian-quiz-blocks,radio,,MF3,needs-answer,,
849,461516,7623,multiple-choice,single,obsidian-quiz-blocks,radio,,MF3,needs-answer,,
849,461516,16555,multiple-choice,single,obsidian-quiz-blocks,radio,,MF3,needs-answer,,
849,461519,16557,multiple-choice,single,obsidian-quiz-blocks,radio,,MF3,needs-answer,,
849,461519,7627,multiple-choice,single,obsidian-quiz-blocks,radio,,MF3,needs-answer,,
849,461522,16461,multiple-choice,single,obsidian-quiz-blocks,radio,,MF3,needs-answer,,
849,461522,7615,multiple-choice,single,obsidian-quiz-blocks,radio,,MF3,needs-answer,,
850,19218,9462,multiple-choice,single,obsidian-quiz-blocks,radio,,MF3,needs-answer,,
850,19218,7647,multiple-choice,single,obsidian-quiz-blocks,radio,,MF3,needs-answer,,
850,19219,7641,multiple-choice,single,obsidian-quiz-blocks,radio,,MF3,needs-answer,,
850,19219,9457,multiple-choice,single,obsidian-quiz-blocks,radio,,MF3,needs-answer,,
850,19227,16682,multiple-choice,single,obsidian-quiz-blocks,radio,,MF3,needs-answer,,
850,19227,16684,multiple-choice,single,obsidian-quiz-blocks,radio,,MF3,needs-answer,,
850,19229,9471,multiple-choice,single,obsidian-quiz-blocks,radio,,MF3,needs-answer,,
850,19229,9472,multiple-choice,single,obsidian-quiz-blocks,radio,,MF3,needs-answer,,
852,19221,7637,multiple-choice,single,obsidian-quiz-blocks,radio,,MF3,needs-answer,,
852,19221,7636,multiple-choice,single,obsidian-quiz-blocks,radio,,MF3,needs-answer,,
852,19222,16563,multiple-choice,single,obsidian-quiz-blocks,radio,,MF3,needs-answer,,
852,19222,16564,multiple-choice,single,obsidian-quiz-blocks,radio,,MF3,needs-answer,,
853,18538,9447,multiple-choice,single,obsidian-quiz-blocks,radio,,MF3,needs-answer,,
853,18538,7572,multiple-choice,single,obsidian-quiz-blocks,radio,,MF3,needs-answer,,
853,18539,7591,multiple-choice,single,obsidian-quiz-blocks,radio,,MF3,needs-answer,,
853,18539,9449,multiple-choice,single,obsidian-quiz-blocks,radio,,MF3,needs-answer,,
853,18541,9450,multiple-choice,single,obsidian-quiz-blocks,radio,,MF3,needs-answer,,
853,18541,7533,multiple-choice,single,obsidian-quiz-blocks,radio,,MF3,needs-answer,,
861,16070,11454,multiple-choice,single,obsidian-quiz-blocks,radio,,MF3,needs-answer,,
861,16070,7806,multiple-choice,single,obsidian-quiz-blocks,radio,,MF3,needs-answer,,
861,16073,7810,multiple-choice,single,obsidian-quiz-blocks,radio,,MF3,needs-answer,,
861,16073,7812,multiple-choice,single,obsidian-quiz-blocks,radio,,MF3,needs-answer,,
861,18438,69515,multiple-choice,single,obsidian-quiz-blocks,radio,,MF3,needs-answer,,
861,18438,69514,multiple-choice,single,obsidian-quiz-blocks,radio,,MF3,needs-answer,,
861,37441,139685,multiple-choice,single,obsidian-quiz-blocks,radio,,MF3,needs-answer,,
861,37441,138940,multiple-choice,single,obsidian-quiz-blocks,radio,,MF3,needs-answer,,
862,16107,7827,multiple-choice,single,obsidian-quiz-blocks,radio,,MF3,needs-answer,,
862,16107,11553,multiple-choice,single,obsidian-quiz-blocks,radio,,MF3,needs-answer,,
862,16108,7826,multiple-choice,single,obsidian-quiz-blocks,radio,,MF3,needs-answer,,
862,16108,11557,multiple-choice,single,obsidian-quiz-blocks,radio,,MF3,needs-answer,,
862,16109,7829,multiple-choice,single,obsidian-quiz-blocks,radio,,MF3,needs-answer,,
862,16109,11562,multiple-choice,single,obsidian-quiz-blocks,radio,,MF3,needs-answer,,
862,16110,7831,multiple-choice,single,obsidian-quiz-blocks,radio,,MF3,needs-answer,,
862,16110,7836,multiple-choice,single,obsidian-quiz-blocks,radio,,MF3,needs-answer,,
863,16453,11640,multiple-choice,single,obsidian-quiz-blocks,radio,,MF3,needs-answer,,
863,16453,7908,multiple-choice,single,obsidian-quiz-blocks,radio,,MF3,needs-answer,,
863,16454,11642,multiple-choice,single,obsidian-quiz-blocks,radio,,MF3,needs-answer,,
863,16454,7913,multiple-choice,single,obsidian-quiz-blocks,radio,,MF3,needs-answer,,
864,16458,7924,multiple-choice,single,obsidian-quiz-blocks,radio,,MF3,needs-answer,,
864,16458,11724,multiple-choice,single,obsidian-quiz-blocks,radio,,MF3,needs-answer,,
864,16460,11718,multiple-choice,single,obsidian-quiz-blocks,radio,,MF3,needs-answer,,
864,16460,11725,multiple-choice,single,obsidian-quiz-blocks,radio,,MF3,needs-answer,,
864,16461,11722,multiple-choice,single,obsidian-quiz-blocks,radio,,MF3,needs-answer,,
864,16461,11723,multiple-choice,single,obsidian-quiz-blocks,radio,,MF3,needs-answer,,
865,19996,12010,multiple-choice,single,obsidian-quiz-blocks,radio,,MF3,needs-answer,,
865,19996,8331,multiple-choice,single,obsidian-quiz-blocks,radio,,MF3,needs-answer,,
865,19997,37903,multiple-choice,single,obsidian-quiz-blocks,radio,,MF3,needs-answer,,
865,19997,37906,multiple-choice,single,obsidian-quiz-blocks,radio,,MF3,needs-answer,,
865,19998,37871,multiple-choice,single,obsidian-quiz-blocks,radio,,MF3,needs-answer,,
865,19998,37898,multiple-choice,single,obsidian-quiz-blocks,radio,,MF3,needs-answer,,
865,19999,37873,multiple-choice,single,obsidian-quiz-blocks,radio,,MF3,needs-answer,,
865,19999,37902,multiple-choice,single,obsidian-quiz-blocks,radio,,MF3,needs-answer,,
866,20024,12031,multiple-choice,single,,,,,,,
866,20024,8097,multiple-choice,single,obsidian-quiz-blocks,radio,,MF3,needs-answer,,
866,24346,12032,multiple-choice,single,,,,,,,
866,24346,11947,multiple-choice,single,obsidian-quiz-blocks,radio,,MF3,needs-answer,,
867,20034,78299,multiple-choice,single,obsidian-quiz-blocks,radio,,MF3,needs-answer,,
867,20034,8058,multiple-choice,single,obsidian-quiz-blocks,radio,,MF3,needs-answer,,
867,20035,38042,multiple-choice,single,obsidian-quiz-blocks,radio,,MF3,needs-answer,,
867,20035,38046,multiple-choice,single,obsidian-quiz-blocks,radio,,MF3,needs-answer,,
870,14673,66595,multiple-choice,single,obsidian-quiz-blocks,radio,,MF2,needs-answer,,
870,14673,66590,multiple-choice,single,obsidian-quiz-blocks,radio,,MF2,needs-answer,,
870,14675,66940,multiple-choice,single,obsidian-quiz-blocks,radio,,MF2,needs-answer,,
870,14675,66592,multiple-choice,single,obsidian-quiz-blocks,radio,,MF2,needs-answer,,
870,14676,66908,multiple-choice,single,obsidian-quiz-blocks,radio,,MF2,needs-answer,,
870,14676,66604,multiple-choice,single,obsidian-quiz-blocks,radio,,MF2,needs-answer,,
871,18851,7960,multiple-choice,single,obsidian-quiz-blocks,radio,,MF3,needs-answer,,
871,18851,7961,multiple-choice,single,obsidian-quiz-blocks,radio,,MF3,needs-answer,,
871,25030,10403,multiple-choice,single,obsidian-quiz-blocks,radio,,MF3,needs-answer,,
871,25030,10401,multiple-choice,single,obsidian-quiz-blocks,radio,,MF3,needs-answer,,
872,19792,84084,multiple-choice,single,obsidian-quiz-blocks,radio,,MF3,needs-answer,,
872,19792,10433,multiple-choice,single,obsidian-quiz-blocks,radio,,MF3,needs-answer,,
872,19793,10437,multiple-choice,single,obsidian-quiz-blocks,radio,,MF3,needs-answer,,
872,19793,7966,multiple-choice,single,obsidian-quiz-blocks,radio,,MF3,needs-answer,,
872,27520,84078,multiple-choice,single,obsidian-quiz-blocks,radio,,MF3,needs-answer,,
872,27520,8068,multiple-choice,single,obsidian-quiz-blocks,radio,,MF3,needs-answer,,
873,19858,89199,multiple-choice,single,obsidian-quiz-blocks,radio,,MF3,needs-answer,,
873,19858,7980,multiple-choice,single,obsidian-quiz-blocks,radio,,MF3,needs-answer,,
873,19859,89294,multiple-choice,single,obsidian-quiz-blocks,radio,,MF3,needs-answer,,
873,19859,7987,multiple-choice,single,obsidian-quiz-blocks,radio,,MF3,needs-answer,,
873,29360,7989,multiple-choice,single,obsidian-quiz-blocks,radio,,MF3,needs-answer,,
873,29360,7984,multiple-choice,single,obsidian-quiz-blocks,radio,,MF3,needs-answer,,
873,29422,89057,multiple-choice,single,obsidian-quiz-blocks,radio,,MF3,needs-answer,,
873,29422,89345,multiple-choice,single,obsidian-quiz-blocks,radio,,MF3,needs-answer,,
874,464452,8000,multiple-choice,single,obsidian-quiz-blocks,radio,,MF3,needs-answer,,
874,464452,84031,multiple-choice,single,obsidian-quiz-blocks,radio,,MF3,needs-answer,,
874,464455,10483,multiple-choice,single,obsidian-quiz-blocks,radio,,MF3,needs-answer,,
874,464455,84041,multiple-choice,single,obsidian-quiz-blocks,radio,,MF3,needs-answer,,
874,464459,8005,multiple-choice,single,obsidian-quiz-blocks,radio,,MF3,needs-answer,,
874,464459,170556,multiple-choice,single,obsidian-quiz-blocks,radio,,MF3,needs-answer,,
874,464462,10489,multiple-choice,single,obsidian-quiz-blocks,radio,,MF3,needs-answer,,
874,464462,84056,multiple-choice,single,obsidian-quiz-blocks,radio,,MF3,needs-answer,,
875,27576,84108,multiple-choice,single,obsidian-quiz-blocks,radio,,MF3,needs-answer,,
875,27576,84121,multiple-choice,single,obsidian-quiz-blocks,radio,,MF3,needs-answer,,
875,27577,84110,multiple-choice,single,obsidian-quiz-blocks,radio,,MF3,needs-answer,,
875,27577,84109,multiple-choice,single,obsidian-quiz-blocks,radio,,MF3,needs-answer,,
875,27586,84731,multiple-choice,single,obsidian-quiz-blocks,radio,,MF3,needs-answer,,
875,27586,84107,multiple-choice,single,obsidian-quiz-blocks,radio,,MF3,needs-answer,,
884,2581,50917,multiple-choice,single,obsidian-quiz-blocks,radio,,CA2;CBC;MF3,needs-answer,,
884,2581,50894,multiple-choice,single,obsidian-quiz-blocks,radio,,CA2;CBC;MF3,needs-answer,,
884,2588,50965,multiple-choice,single,obsidian-quiz-blocks,radio,,CA2;CBC;MF3,needs-answer,,
884,2588,50961,multiple-choice,single,obsidian-quiz-blocks,radio,,CA2;CBC;MF3,needs-answer,,
884,27212,50939,multiple-choice,single,obsidian-quiz-blocks,radio,,CA2;CBC;MF3,needs-answer,,
884,27212,50928,multiple-choice,single,obsidian-quiz-blocks,radio,,CA2;CBC;MF3,needs-answer,,
885,2571,8276,multiple-choice,single,obsidian-quiz-blocks,radio,,CA2;CBC;MF3,needs-answer,,
885,2571,12303,multiple-choice,single,obsidian-quiz-blocks,radio,,CA2;CBC;MF3,needs-answer,,
885,2574,12437,multiple-choice,single,obsidian-quiz-blocks,radio,,CA2;CBC;MF3,needs-answer,,
885,2574,18951,multiple-choice,single,obsidian-quiz-blocks,radio,,CA2;CBC;MF3,needs-answer,,
885,2576,8157,multiple-choice,single,obsidian-quiz-blocks,radio,,CA2;CBC;MF3,needs-answer,,
885,2576,10072,multiple-choice,single,obsidian-quiz-blocks,radio,,CA2;CBC;MF3,needs-answer,,
885,2578,8156,multiple-choice,single,obsidian-quiz-blocks,radio,,CA2;CBC;MF3,needs-answer,,
885,2578,11713,multiple-choice,single,obsidian-quiz-blocks,radio,,CA2;CBC;MF3,needs-answer,,
892,19292,16408,multiple-choice,single,obsidian-quiz-blocks,radio,,MF3,needs-answer,,
892,19292,8220,multiple-choice,single,obsidian-quiz-blocks,radio,,MF3,needs-answer,,
892,19293,16406,multiple-choice,single,obsidian-quiz-blocks,radio,,MF3,needs-answer,,
892,19293,16405,multiple-choice,single,obsidian-quiz-blocks,radio,,MF3,needs-answer,,
892,19294,8227,multiple-choice,single,obsidian-quiz-blocks,radio,,MF3,needs-answer,,
892,19294,16409,multiple-choice,single,obsidian-quiz-blocks,radio,,MF3,needs-answer,,
892,19296,16410,multiple-choice,single,obsidian-quiz-blocks,radio,,MF3,needs-answer,,
892,19296,8228,multiple-choice,single,obsidian-quiz-blocks,radio,,MF3,needs-answer,,
893,20974,8249,multiple-choice,single,obsidian-quiz-blocks,radio,,MF2,needs-answer,,
893,20974,74661,multiple-choice,single,obsidian-quiz-blocks,radio,,MF2,needs-answer,,
893,20975,8250,multiple-choice,single,obsidian-quiz-blocks,radio,,MF2,needs-answer,,
893,20975,74675,multiple-choice,single,obsidian-quiz-blocks,radio,,MF2,needs-answer,,
893,20976,8454,multiple-choice,single,obsidian-quiz-blocks,radio,,MF2,needs-answer,,
893,20976,74727,multiple-choice,single,obsidian-quiz-blocks,radio,,MF2,needs-answer,,
893,23298,16836,multiple-choice,single,obsidian-quiz-blocks,radio,,MF2,needs-answer,,
893,23298,74712,multiple-choice,single,obsidian-quiz-blocks,radio,,MF2,needs-answer,,
894,18568,17166,multiple-choice,single,obsidian-quiz-blocks,radio,,MF3,needs-answer,,
894,18568,17165,multiple-choice,single,obsidian-quiz-blocks,radio,,MF3,needs-answer,,
894,18569,8264,multiple-choice,single,obsidian-quiz-blocks,radio,,MF3,needs-answer,,
894,18569,8268,multiple-choice,single,obsidian-quiz-blocks,radio,,MF3,needs-answer,,
894,18570,17138,multiple-choice,single,obsidian-quiz-blocks,radio,,MF3,needs-answer,,
894,18570,17139,multiple-choice,single,obsidian-quiz-blocks,radio,,MF3,needs-answer,,
895,455707,218476,free-response,multi,,,,,,,
895,455707,218477,free-response,multi,,,,,,,
895,455707,16931,multiple-choice,single,obsidian-quiz-blocks,radio,,MF2,needs-answer,,
895,455711,218478,free-response,multi,,,,,,,
895,455711,66438,multiple-choice,single,obsidian-quiz-blocks,radio,,MF2,needs-answer,,
895,455715,66790,multiple-choice,single,obsidian-quiz-blocks,radio,,MF2,needs-answer,,
895,455715,218480,free-response,multi,,,,,,,
895,455715,66436,multiple-choice,single,obsidian-quiz-blocks,radio,,MF2,needs-answer,,
896,21004,17405,multiple-choice,single,obsidian-quiz-blocks,radio,,MF3,needs-answer,,
896,21004,17404,multiple-choice,single,obsidian-quiz-blocks,radio,,MF3,needs-answer,,
896,32874,104469,multiple-choice,single,obsidian-quiz-blocks,radio,,MF3,needs-answer,,
896,32874,101622,multiple-choice,single,obsidian-quiz-blocks,radio,,MF3,needs-answer,,
897,21012,8210,multiple-choice,single,obsidian-quiz-blocks,radio,,MF3,needs-answer,,
897,21012,8206,multiple-choice,single,obsidian-quiz-blocks,radio,,MF3,needs-answer,,
897,32880,105750,multiple-choice,single,obsidian-quiz-blocks,radio,,MF3,needs-answer,,
897,32880,101771,multiple-choice,single,obsidian-quiz-blocks,radio,,MF3,needs-answer,,
898,19480,17517,multiple-choice,single,obsidian-quiz-blocks,radio,,MF3,needs-answer,,
898,19480,71978,multiple-choice,single,obsidian-quiz-blocks,radio,,MF3,needs-answer,,
898,19482,17518,multiple-choice,single,obsidian-quiz-blocks,radio,,MF3,needs-answer,,
898,19482,71983,multiple-choice,single,obsidian-quiz-blocks,radio,,MF3,needs-answer,,
905,464897,16416,multiple-choice,single,obsidian-quiz-blocks,radio,,MF3,needs-answer,,
905,464897,8230,multiple-choice,single,obsidian-quiz-blocks,radio,,MF3,needs-answer,,
905,464901,8236,multiple-choice,single,obsidian-quiz-blocks,radio,,MF3,needs-answer,,
905,464901,8235,multiple-choice,single,obsidian-quiz-blocks,radio,,MF3,needs-answer,,
913,11595,8430,multiple-choice,single,obsidian-quiz-blocks,radio,,MF3,needs-answer,,
913,11595,8428,multiple-choice,single,obsidian-quiz-blocks,radio,,MF3,needs-answer,,
913,11597,8571,multiple-choice,single,obsidian-quiz-blocks,radio,,MF3,needs-answer,,
913,11597,17493,multiple-choice,single,obsidian-quiz-blocks,radio,,MF3,needs-answer,,
913,11600,8576,multiple-choice,single,obsidian-quiz-blocks,radio,,MF3,needs-answer,,
913,11600,8578,multiple-choice,single,obsidian-quiz-blocks,radio,,MF3,needs-answer,,
913,11704,8438,multiple-choice,single,obsidian-quiz-blocks,radio,,MF3,needs-answer,,
913,11704,17461,multiple-choice,single,obsidian-quiz-blocks,radio,,MF3,needs-answer,,
914,11627,8588,multiple-choice,single,obsidian-quiz-blocks,radio,,MF3,needs-answer,,
914,11627,20207,multiple-choice,single,obsidian-quiz-blocks,radio,,MF3,needs-answer,,
914,11628,8691,multiple-choice,single,obsidian-quiz-blocks,radio,,MF3,needs-answer,,
914,11628,8594,multiple-choice,single,obsidian-quiz-blocks,radio,,MF3,needs-answer,,
914,11630,8685,multiple-choice,single,obsidian-quiz-blocks,radio,,MF3,needs-answer,,
914,11630,20215,multiple-choice,single,obsidian-quiz-blocks,radio,,MF3,needs-answer,,
914,11726,8592,multiple-choice,single,obsidian-quiz-blocks,radio,,MF3,needs-answer,,
914,11726,8593,multiple-choice,single,obsidian-quiz-blocks,radio,,MF3,needs-answer,,
915,11713,8710,multiple-choice,single,obsidian-quiz-blocks,radio,,MF3,needs-answer,,
915,11713,8713,multiple-choice,single,obsidian-quiz-blocks,radio,,MF3,needs-answer,,
915,11714,20221,multiple-choice,single,obsidian-quiz-blocks,radio,,MF3,needs-answer,,
915,11714,8700,multiple-choice,single,obsidian-quiz-blocks,radio,,MF3,needs-answer,,
915,11716,20339,multiple-choice,single,obsidian-quiz-blocks,radio,,MF3,needs-answer,,
915,11716,8718,multiple-choice,single,obsidian-quiz-blocks,radio,,MF3,needs-answer,,
915,11717,20414,multiple-choice,single,obsidian-quiz-blocks,radio,,MF3,needs-answer,,
915,11717,20416,multiple-choice,single,obsidian-quiz-blocks,radio,,MF3,needs-answer,,
923,445900,21071,multiple-choice,single,obsidian-quiz-blocks,radio,,MF3,needs-answer,,
923,445900,65856,multiple-choice,single,obsidian-quiz-blocks,radio,,MF3,needs-answer,,
923,445903,8482,multiple-choice,single,obsidian-quiz-blocks,radio,,MF3,needs-answer,,
923,445903,8485,multiple-choice,single,obsidian-quiz-blocks,radio,,MF3,needs-answer,,
923,445906,8550,multiple-choice,single,obsidian-quiz-blocks,radio,,MF3,needs-answer,,
923,445906,8556,multiple-choice,single,obsidian-quiz-blocks,radio,,MF3,needs-answer,,
925,19468,8497,multiple-choice,single,obsidian-quiz-blocks,radio,,MF3,needs-answer,,
925,19468,8498,multiple-choice,single,obsidian-quiz-blocks,radio,,MF3,needs-answer,,
925,19469,17322,multiple-choice,single,obsidian-quiz-blocks,radio,,MF3,needs-answer,,
925,19469,8493,multiple-choice,single,obsidian-quiz-blocks,radio,,MF3,needs-answer,,
925,19501,8496,multiple-choice,single,obsidian-quiz-blocks,radio,,MF3,needs-answer,,
925,19501,17331,multiple-choice,single,obsidian-quiz-blocks,radio,,MF3,needs-answer,,
931,20045,12126,multiple-choice,single,obsidian-quiz-blocks,radio,,MF3,needs-answer,,
931,20045,12130,multiple-choice,single,obsidian-quiz-blocks,radio,,MF3,needs-answer,,
931,20047,12121,multiple-choice,single,obsidian-quiz-blocks,radio,,MF3,needs-answer,,
931,20047,8456,multiple-choice,single,obsidian-quiz-blocks,radio,,MF3,needs-answer,,
931,26469,81450,multiple-choice,single,,,,,,,
931,26469,81452,multiple-choice,single,,,,,,,
932,464467,70639,multiple-choice,single,obsidian-quiz-blocks,radio,,MF3,needs-answer,,
932,464467,70640,multiple-choice,single,obsidian-quiz-blocks,radio,,MF3,needs-answer,,
932,464470,8458,multiple-choice,single,obsidian-quiz-blocks,radio,,MF3,needs-answer,,
932,464470,8457,multiple-choice,single,obsidian-quiz-blocks,radio,,MF3,needs-answer,,
932,464470,82064,multiple-choice,single,,,,,,,
932,464474,11965,multiple-choice,single,obsidian-quiz-blocks,radio,,MF3,needs-answer,,
932,464474,8490,multiple-choice,single,obsidian-quiz-blocks,radio,,MF3,needs-answer,,
933,464584,70642,multiple-choice,single,,,,,,,
933,464584,82525,multiple-choice,single,,,,,,,
933,464587,12257,multiple-choice,single,obsidian-quiz-blocks,radio,,MF3,needs-answer,,
933,464587,12264,multiple-choice,single,obsidian-quiz-blocks,radio,,MF3,needs-answer,,
933,464590,8580,multiple-choice,single,obsidian-quiz-blocks,radio,,MF3,needs-answer,,
933,464590,8548,multiple-choice,single,obsidian-quiz-blocks,radio,,MF3,needs-answer,,
934,16468,8858,multiple-choice,single,obsidian-quiz-blocks,radio,,MF3,needs-answer,,
934,16468,31893,multiple-choice,single,obsidian-quiz-blocks,radio,,MF3,needs-answer,,
934,16469,8857,multiple-choice,single,obsidian-quiz-blocks,radio,,MF3,needs-answer,,
934,16469,12286,multiple-choice,single,obsidian-quiz-blocks,radio,,MF3,needs-answer,,
935,465223,16956,multiple-choice,single,obsidian-quiz-blocks,radio,,MF3,needs-answer,,
935,465223,40752,multiple-choice,single,obsidian-quiz-blocks,radio,,MF3,needs-answer,,
935,465223,40765,multiple-choice,single,obsidian-quiz-blocks,radio,,MF3,needs-answer,,
935,465228,8508,multiple-choice,single,obsidian-quiz-blocks,radio,,MF3,needs-answer,,
935,465228,40763,multiple-choice,single,obsidian-quiz-blocks,radio,,MF3,needs-answer,,
935,465232,16954,multiple-choice,single,obsidian-quiz-blocks,radio,,MF3,needs-answer,,
935,465232,40757,multiple-choice,single,obsidian-quiz-blocks,radio,,MF3,needs-answer,,
936,19865,8521,multiple-choice,single,obsidian-quiz-blocks,radio,,MF3,needs-answer,,
936,19865,8513,multiple-choice,single,obsidian-quiz-blocks,radio,,MF3,needs-answer,,
936,19866,17133,multiple-choice,single,obsidian-quiz-blocks,radio,,MF3,needs-answer,,
936,19866,8522,multiple-choice,single,obsidian-quiz-blocks,radio,,MF3,needs-answer,,
936,19867,40806,multiple-choice,single,obsidian-quiz-blocks,radio,,MF3,needs-answer,,
936,19867,40803,multiple-choice,single,obsidian-quiz-blocks,radio,,MF3,needs-answer,,
936,26165,40922,multiple-choice,single,obsidian-quiz-blocks,radio,,MF3,needs-answer,,
936,26165,40920,multiple-choice,single,obsidian-quiz-blocks,radio,,MF3,needs-answer,,
937,19869,40788,multiple-choice,single,,,,,,,
937,19869,40791,multiple-choice,single,obsidian-quiz-blocks,radio,,MF3,needs-answer,,
937,19870,41250,multiple-choice,single,obsidian-quiz-blocks,radio,,MF3,needs-answer,,
937,19870,17148,multiple-choice,single,obsidian-quiz-blocks,radio,,MF3,needs-answer,,
937,19871,17150,multiple-choice,single,obsidian-quiz-blocks,radio,,MF3,needs-answer,,
937,19871,41255,multiple-choice,single,obsidian-quiz-blocks,radio,,MF3,needs-answer,,
942,4198,141203,multiple-choice,single,obsidian-quiz-blocks,radio,,MF2,needs-answer,,
942,4198,141204,multiple-choice,single,obsidian-quiz-blocks,radio,,MF2,needs-answer,,
942,4201,46454,multiple-choice,single,obsidian-quiz-blocks,radio,,MF2,needs-answer,,
942,4201,46421,multiple-choice,single,obsidian-quiz-blocks,radio,,MF2,needs-answer,,
942,4204,47448,multiple-choice,single,obsidian-quiz-blocks,radio,,MF2,needs-answer,,
942,4204,46457,multiple-choice,single,obsidian-quiz-blocks,radio,,MF2,needs-answer,,
942,37594,46366,multiple-choice,single,obsidian-quiz-blocks,radio,,MF2,needs-answer,,
942,37594,141259,multiple-choice,single,obsidian-quiz-blocks,radio,,MF2,needs-answer,,
945,1434,49196,multiple-choice,single,obsidian-quiz-blocks,radio,b,CAB;CBC;MF3;CA1,converted-and-verified,manual,label
945,1434,49211,multiple-choice,single,obsidian-quiz-blocks,radio,e,CAB;CBC;MF3;CA1,converted-and-verified,manual,label
945,1439,85265,multiple-choice,single,obsidian-quiz-blocks,radio,b,CAB;CBC;MF3;CA1,converted-and-verified,manual,label
945,1439,49197,multiple-choice,single,obsidian-quiz-blocks,radio,e,CAB;CBC;MF3;CA1,converted-and-verified,manual,label
945,1442,49204,multiple-choice,single,obsidian-quiz-blocks,radio,d,CAB;CBC;MF3;CA1,converted-and-verified,manual,label
945,1442,49241,multiple-choice,single,obsidian-quiz-blocks,radio,a,CAB;CBC;MF3;CA1,converted-and-verified,manual,label
945,27893,49159,multiple-choice,single,obsidian-quiz-blocks,radio,d,CAB;CBC;MF3;CA1,converted-and-verified,image-id,answer-image-id-1
945,27893,49157,multiple-choice,single,obsidian-quiz-blocks,radio,a,CAB;CBC;MF3;CA1,converted-and-verified,image-id,answer-image-id-1
947,23180,8828,multiple-choice,single,obsidian-quiz-blocks,radio,,MF3,needs-answer,,
947,23180,21608,multiple-choice,single,obsidian-quiz-blocks,radio,,MF3,needs-answer,,
947,23185,8872,multiple-choice,single,obsidian-quiz-blocks,radio,,MF3,needs-answer,,
947,23185,8876,multiple-choice,single,obsidian-quiz-blocks,radio,,MF3,needs-answer,,
981,2304,13859,multiple-choice,single,obsidian-quiz-blocks,radio,,CA2;CBC;DSM,needs-answer,,
981,2304,49531,multiple-choice,single,obsidian-quiz-blocks,radio,,CA2;CBC;DSM,needs-answer,,
981,2307,49600,multiple-choice,single,obsidian-quiz-blocks,radio,,CA2;CBC;DSM,needs-answer,,
981,2307,49601,multiple-choice,single,obsidian-quiz-blocks,radio,,CA2;CBC;DSM,needs-answer,,
981,2309,49542,multiple-choice,single,obsidian-quiz-blocks,radio,,CA2;CBC;DSM,needs-answer,,
981,2309,49594,multiple-choice,single,obsidian-quiz-blocks,radio,,CA2;CBC;DSM,needs-answer,,
981,2311,49629,multiple-choice,single,obsidian-quiz-blocks,radio,,CA2;CBC;DSM,needs-answer,,
981,2311,49544,multiple-choice,single,obsidian-quiz-blocks,radio,,CA2;CBC;DSM,needs-answer,,
982,2314,49640,multiple-choice,single,obsidian-quiz-blocks,radio,,CA2;CBC;DSM,needs-answer,,
982,2314,49639,multiple-choice,single,obsidian-quiz-blocks,radio,,CA2;CBC;DSM,needs-answer,,
982,2316,49643,multiple-choice,single,obsidian-quiz-blocks,radio,,CA2;CBC;DSM,needs-answer,,
982,2316,49641,multiple-choice,single,obsidian-quiz-blocks,radio,,CA2;CBC;DSM,needs-answer,,
982,2318,49646,multiple-choice,single,obsidian-quiz-blocks,radio,,CA2;CBC;DSM,needs-answer,,
982,2318,49648,multiple-choice,single,obsidian-quiz-blocks,radio,,CA2;CBC;DSM,needs-answer,,
982,2322,49691,multiple-choice,single,obsidian-quiz-blocks,radio,,CA2;CBC;DSM,needs-answer,,
982,2322,49693,multiple-choice,single,obsidian-quiz-blocks,radio,,CA2;CBC;DSM,needs-answer,,
983,41211,9288,multiple-choice,single,obsidian-quiz-blocks,radio,,CA2;CBC,needs-answer,,
983,41211,13888,multiple-choice,single,obsidian-quiz-blocks,radio,,CA2;CBC,needs-answer,,
983,41215,156153,multiple-choice,single,obsidian-quiz-blocks,radio,,CA2;CBC,needs-answer,,
983,41215,76435,multiple-choice,single,obsidian-quiz-blocks,radio,,CA2;CBC,needs-answer,,
983,41627,124070,multiple-choice,single,obsidian-quiz-blocks,radio,,CA2;CBC,needs-answer,,
983,41627,124071,multiple-choice,single,obsidian-quiz-blocks,radio,,CA2;CBC,needs-answer,,
986,658,2332,multiple-choice,single,obsidian-quiz-blocks,radio,e,CAB;CBC;CA1;MF2,converted-and-verified,manual,label
986,658,10832,multiple-choice,single,obsidian-quiz-blocks,radio,a,CAB;CBC;CA1;MF2,converted-and-verified,manual,label
986,663,10752,multiple-choice,single,obsidian-quiz-blocks,radio,b,CAB;CBC;CA1;MF2,converted-and-verified,manual,label
986,663,10831,multiple-choice,single,obsidian-quiz-blocks,radio,b,CAB;CBC;CA1;MF2,converted-and-verified,manual,label
987,668,47413,multiple-choice,single,obsidian-quiz-blocks,radio,d,CAB;CBC;CA1;MF2,converted-and-verified,manual,label
987,668,47407,multiple-choice,single,obsidian-quiz-blocks,radio,e,CAB;CBC;CA1;MF2,converted-and-verified,manual,label
987,671,10871,multiple-choice,single,obsidian-quiz-blocks,radio,e,CAB;CBC;CA1;MF2,converted-and-verified,manual,label
987,671,11124,multiple-choice,single,obsidian-quiz-blocks,radio,c,CAB;CBC;CA1;MF2,converted-and-verified,manual,label
987,22383,47408,multiple-choice,single,obsidian-quiz-blocks,radio,b,CAB;CBC;CA1;MF2,converted-and-verified,manual,label
987,22383,47406,multiple-choice,single,obsidian-quiz-blocks,radio,d,CAB;CBC;CA1;MF2,converted-and-verified,manual,label
988,20062,70646,multiple-choice,single,obsidian-quiz-blocks,radio,,MF3,needs-answer,,
988,20062,70645,multiple-choice,single,obsidian-quiz-blocks,radio,,MF3,needs-answer,,
988,20063,9259,multiple-choice,single,obsidian-quiz-blocks,radio,,MF3,needs-answer,,
988,20063,9265,multiple-choice,single,obsidian-quiz-blocks,radio,,MF3,needs-answer,,
989,20067,9302,multiple-choice,single,obsidian-quiz-blocks,radio,,MF3,needs-answer,,
989,20067,12277,multiple-choice,single,obsidian-quiz-blocks,radio,,MF3,needs-answer,,
989,20068,9297,multiple-choice,single,obsidian-quiz-blocks,radio,,MF3,needs-answer,,
989,20068,12278,multiple-choice,single,obsidian-quiz-blocks,radio,,MF3,needs-answer,,
989,27671,9294,multiple-choice,single,obsidian-quiz-blocks,radio,,MF3,needs-answer,,
989,27671,9300,multiple-choice,single,obsidian-quiz-blocks,radio,,MF3,needs-answer,,
992,677,9439,multiple-choice,single,obsidian-quiz-blocks,radio,d,CAB;CBC;CA1;MF3,converted-and-verified,manual,label
992,677,9430,multiple-choice,single,obsidian-quiz-blocks,radio,e,CAB;CBC;CA1;MF3,converted-and-verified,manual,label
992,680,47386,multiple-choice,single,obsidian-quiz-blocks,radio,e,CAB;CBC;CA1;MF3,converted-and-verified,manual,label
992,680,47385,multiple-choice,single,obsidian-quiz-blocks,radio,e,CAB;CBC;CA1;MF3,converted-and-verified,manual,label
992,682,47380,multiple-choice,single,obsidian-quiz-blocks,radio,c,CAB;CBC;CA1;MF3,converted-and-verified,manual,label
992,682,47379,multiple-choice,single,obsidian-quiz-blocks,radio,b,CAB;CBC;CA1;MF3,converted-and-verified,manual,label
992,684,47383,multiple-choice,single,obsidian-quiz-blocks,radio,e,CAB;CBC;CA1;MF3,converted-and-verified,manual,label
992,684,47389,multiple-choice,single,obsidian-quiz-blocks,radio,c,CAB;CBC;CA1;MF3,converted-and-verified,manual,label
993,687,9517,multiple-choice,single,obsidian-quiz-blocks,radio,b,CAB;CBC;CA1;MF3,converted-and-verified,manual,label
993,687,9522,multiple-choice,single,obsidian-quiz-blocks,radio,d,CAB;CBC;CA1;MF3,converted-and-verified,manual,label
993,691,47486,multiple-choice,single,obsidian-quiz-blocks,radio,c,CAB;CBC;CA1;MF3,converted-and-verified,manual,label
993,691,47490,multiple-choice,single,obsidian-quiz-blocks,radio,a,CAB;CBC;CA1;MF3,converted-and-verified,manual,label
993,22597,47358,multiple-choice,single,obsidian-quiz-blocks,radio,e,CAB;CBC;CA1;MF3,converted-and-verified,manual,label
993,22597,47547,multiple-choice,single,obsidian-quiz-blocks,radio,c,CAB;CBC;CA1;MF3,converted-and-verified,manual,label
993,22598,47948,multiple-choice,single,obsidian-quiz-blocks,radio,e,CAB;CBC;CA1;MF3,converted-and-verified,manual,label
993,22598,47542,multiple-choice,single,obsidian-quiz-blocks,radio,e,CAB;CBC;CA1;MF3,converted-and-verified,manual,label
997,618774,81437,multiple-choice,single,obsidian-quiz-blocks,radio,,CA2;CBC;MF3,needs-answer,,
997,618774,15172,multiple-choice,single,obsidian-quiz-blocks,radio,,CA2;CBC;MF3,needs-answer,,
997,618777,15185,multiple-choice,single,obsidian-quiz-blocks,radio,,CA2;CBC;MF3,needs-answer,,
997,618777,15155,multiple-choice,single,obsidian-quiz-blocks,radio,,CA2;CBC;MF3,needs-answer,,
997,618780,10260,multiple-choice,single,obsidian-quiz-blocks,radio,,CA2;CBC;MF3,needs-answer,,
997,618780,10255,multiple-choice,single,obsidian-quiz-blocks,radio,,CA2;CBC;MF3,needs-answer,,
998,2203,17115,multiple-choice,single,obsidian-quiz-blocks,radio,,CA2;CBC;MF3,needs-answer,,
998,2203,9393,multiple-choice,single,obsidian-quiz-blocks,radio,,CA2;CBC;MF3,needs-answer,,
998,37474,75274,multiple-choice,single,obsidian-quiz-blocks,radio,,CA2;CBC;MF3,needs-answer,,
998,37474,75273,multiple-choice,single,obsidian-quiz-blocks,radio,,CA2;CBC;MF3,needs-answer,,
998,37475,17112,multiple-choice,single,obsidian-quiz-blocks,radio,,CA2;CBC;MF3,needs-answer,,
998,37475,50351,multiple-choice,single,obsidian-quiz-blocks,radio,,CA2;CBC;MF3,needs-answer,,
998,37859,141126,multiple-choice,single,obsidian-quiz-blocks,radio,,CA2;CBC;MF3,needs-answer,,
998,37859,142387,multiple-choice,single,obsidian-quiz-blocks,radio,,CA2;CBC;MF3,needs-answer,,
999,617630,51198,multiple-choice,single,obsidian-quiz-blocks,radio,,CA2;CBC;MF3,needs-answer,,
999,617630,15144,multiple-choice,single,obsidian-quiz-blocks,radio,,CA2;CBC;MF3,needs-answer,,
999,617633,9532,multiple-choice,single,obsidian-quiz-blocks,radio,,CA2;CBC;MF3,needs-answer,,
999,617633,9536,multiple-choice,single,obsidian-quiz-blocks,radio,,CA2;CBC;MF3,needs-answer,,
1000,2215,9638,multiple-choice,single,obsidian-quiz-blocks,radio,,CA2;CBC;MF3,needs-answer,,
1000,2215,20625,multiple-choice,single,obsidian-quiz-blocks,radio,,CA2;CBC;MF3,needs-answer,,
1000,2219,20640,multiple-choice,single,obsidian-quiz-blocks,radio,,CA2;CBC;MF3,needs-answer,,
1000,2219,14866,multiple-choice,single,obsidian-quiz-blocks,radio,,CA2;CBC;MF3,needs-answer,,
1000,25306,20630,multiple-choice,single,obsidian-quiz-blocks,radio,,CA2;CBC;MF3,needs-answer,,
1000,25306,14869,multiple-choice,single,obsidian-quiz-blocks,radio,,CA2;CBC;MF3,needs-answer,,
1004,466082,9737,multiple-choice,single,,,,,,,
1004,466082,9742,multiple-choice,single,,,,,,,
1004,466082,9740,multiple-choice,single,,,,,,,
1004,466086,67493,multiple-choice,single,,,,,,,
1004,466086,9745,multiple-choice,single,,,,,,,
1004,466089,39651,multiple-choice,single,,,,,,,
1004,466089,67515,multiple-choice,single,,,,,,,
1004,466089,39655,multiple-choice,single,,,,,,,
1007,2492,11817,multiple-choice,single,obsidian-quiz-blocks,radio,e,CAB;CBC;CA1;MF2,converted-and-verified,manual,label
1007,2492,11816,multiple-choice,single,obsidian-quiz-blocks,radio,d,CAB;CBC;CA1;MF2,converted-and-verified,manual,label
1007,2495,48631,multiple-choice,single,obsidian-quiz-blocks,radio,a,CAB;CBC;CA1;MF2,converted-and-verified,manual,label
1007,2495,48565,multiple-choice,single,obsidian-quiz-blocks,radio,d,CAB;CBC;CA1;MF2,converted-and-verified,manual,label
1007,2498,48628,multiple-choice,single,obsidian-quiz-blocks,radio,a,CAB;CBC;CA1;MF2,converted-and-verified,manual,label
1007,2498,1953,multiple-choice,single,obsidian-quiz-blocks,radio,e,CAB;CBC;CA1;MF2,converted-and-verified,manual,label
1016,465990,9726,multiple-choice,single,,,,,,,
1016,465990,9725,multiple-choice,single,,,,,,,
1016,465990,67173,multiple-choice,single,,,,,,,
1016,465994,67211,multiple-choice,single,,,,,,,
1016,465994,67016,multiple-choice,single,,,,,,,
1016,465994,67175,multiple-choice,single,,,,,,,
1016,465998,67022,multiple-choice,single,,,,,,,
1016,465998,67157,multiple-choice,single,,,,,,,
1016,466001,67255,multiple-choice,single,,,,,,,
1016,466001,39913,multiple-choice,single,,,,,,,
1017,92218,67001,multiple-choice,single,,,,,,,
1017,92218,67005,multiple-choice,single,,,,,,,
1017,92221,67274,multiple-choice,single,,,,,,,
1017,92221,67269,multiple-choice,single,,,,,,,
1017,92224,67283,multiple-choice,single,,,,,,,
1017,92224,67289,multiple-choice,single,,,,,,,
1017,92227,67359,multiple-choice,single,,,,,,,
1017,92227,67356,multiple-choice,single,,,,,,,
1020,2360,14092,multiple-choice,single,obsidian-quiz-blocks,radio,,CA2;CBC;DSM,needs-answer,,
1020,2360,13581,multiple-choice,single,obsidian-quiz-blocks,radio,,CA2;CBC;DSM,needs-answer,,
1020,2363,50484,multiple-choice,single,obsidian-quiz-blocks,radio,,CA2;CBC;DSM,needs-answer,,
1020,2363,50495,multiple-choice,single,obsidian-quiz-blocks,radio,,CA2;CBC;DSM,needs-answer,,
1020,2365,5365,multiple-choice,single,obsidian-quiz-blocks,radio,,CA2;CBC;DSM,needs-answer,,
1020,2365,13580,multiple-choice,single,obsidian-quiz-blocks,radio,,CA2;CBC;DSM,needs-answer,,
1020,15387,40404,multiple-choice,single,obsidian-quiz-blocks,radio,,CA2;CBC;DSM,needs-answer,,
1020,15387,67228,multiple-choice,single,obsidian-quiz-blocks,radio,,CA2;CBC;DSM,needs-answer,,
1023,16485,78548,multiple-choice,single,obsidian-quiz-blocks,radio,,MF3,needs-answer,,
1023,16485,78557,multiple-choice,single,obsidian-quiz-blocks,radio,,MF3,needs-answer,,
1023,16486,9722,multiple-choice,single,obsidian-quiz-blocks,radio,,MF3,needs-answer,,
1023,16486,42449,multiple-choice,single,obsidian-quiz-blocks,radio,,MF3,needs-answer,,
1023,16759,78442,multiple-choice,single,obsidian-quiz-blocks,radio,,MF3,needs-answer,,
1023,16759,78572,multiple-choice,single,obsidian-quiz-blocks,radio,,MF3,needs-answer,,
1024,17597,69125,multiple-choice,single,obsidian-quiz-blocks,radio,,MF1,needs-answer,,
1024,17597,68578,multiple-choice,single,obsidian-quiz-blocks,radio,,MF1,needs-answer,,
1024,18605,69135,multiple-choice,single,obsidian-quiz-blocks,radio,,MF1,needs-answer,,
1024,18605,69133,multiple-choice,single,obsidian-quiz-blocks,radio,,MF1,needs-answer,,
1024,36705,68584,multiple-choice,single,obsidian-quiz-blocks,radio,,MF1,needs-answer,,
1024,36705,135792,multiple-choice,single,obsidian-quiz-blocks,radio,,MF1,needs-answer,,
1029,19796,84068,multiple-choice,single,obsidian-quiz-blocks,radio,,MF3,needs-answer,,
1029,19796,10469,multiple-choice,single,obsidian-quiz-blocks,radio,,MF3,needs-answer,,
1029,27527,16443,multiple-choice,single,obsidian-quiz-blocks,radio,,MF3,needs-answer,,
1029,27527,83906,multiple-choice,single,obsidian-quiz-blocks,radio,,MF3,needs-answer,,
1029,27540,84072,multiple-choice,single,obsidian-quiz-blocks,radio,,MF3,needs-answer,,
1029,27540,10467,multiple-choice,single,obsidian-quiz-blocks,radio,,MF3,needs-answer,,
1029,27541,10473,multiple-choice,single,obsidian-quiz-blocks,radio,,MF3,needs-answer,,
1029,27541,10475,multiple-choice,single,obsidian-quiz-blocks,radio,,MF3,needs-answer,,
1036,2501,28632,multiple-choice,single,obsidian-quiz-blocks,radio,a,CAB;CBC;CA1;MF2,converted-and-verified,manual,label
1036,2501,11934,multiple-choice,single,obsidian-quiz-blocks,radio,e,CAB;CBC;CA1;MF2,converted-and-verified,manual,label
1036,2505,48008,multiple-choice,single,obsidian-quiz-blocks,radio,d,CAB;CBC;CA1;MF2,converted-and-verified,manual,label
1036,2505,1948,multiple-choice,single,obsidian-quiz-blocks,radio,a,CAB;CBC;CA1;MF2,converted-and-verified,manual,label
1037,613617,51122,multiple-choice,single,obsidian-quiz-blocks,radio,c,CA2;CAB;CBC;MF3,converted-and-verified,manual,label
1037,613617,49447,multiple-choice,single,obsidian-quiz-blocks,radio,d,CA2;CAB;CBC;MF3,converted-and-verified,manual,label
1037,613621,10563,multiple-choice,single,obsidian-quiz-blocks,radio,c,CA2;CAB;CBC;MF3,converted-and-verified,manual,label
1037,613621,49326,multiple-choice,single,obsidian-quiz-blocks,radio,e,CA2;CAB;CBC;MF3,converted-and-verified,manual,label
1037,613624,10561,multiple-choice,single,obsidian-quiz-blocks,radio,c,CA2;CAB;CBC;MF3,converted-and-verified,manual,label
1037,613624,49329,multiple-choice,single,obsidian-quiz-blocks,radio,e,CA2;CAB;CBC;MF3,converted-and-verified,manual,label
1037,613627,49268,multiple-choice,single,obsidian-quiz-blocks,radio,b,CA2;CAB;CBC;MF3,converted-and-verified,manual,label
1037,613627,49327,multiple-choice,single,obsidian-quiz-blocks,radio,b,CA2;CAB;CBC;MF3,converted-and-verified,manual,label
1038,1697,10440,multiple-choice,single,obsidian-quiz-blocks,radio,b,CA2;CAB;CBC;MF3,converted-and-verified,manual,label
1038,1697,10423,multiple-choice,single,obsidian-quiz-blocks,radio,d,CA2;CAB;CBC;MF3,converted-and-verified,manual,label
1038,1701,49297,multiple-choice,single,obsidian-quiz-blocks,radio,e,CA2;CAB;CBC;MF3,converted-and-verified,manual,label
1038,1701,10559,multiple-choice,single,obsidian-quiz-blocks,radio,c,CA2;CAB;CBC;MF3,converted-and-verified,manual,label
1038,1703,10463,multiple-choice,single,obsidian-quiz-blocks,radio,b,CA2;CAB;CBC;MF3,converted-and-verified,manual,label
1038,1703,51127,multiple-choice,single,obsidian-quiz-blocks,radio,a,CA2;CAB;CBC;MF3,converted-and-verified,manual,label
1038,1705,49302,multiple-choice,single,obsidian-quiz-blocks,radio,e,CA2;CAB;CBC;MF3,converted-and-verified,manual,label
1038,1705,10452,multiple-choice,single,obsidian-quiz-blocks,radio,e,CA2;CAB;CBC;MF3,converted-and-verified,manual,label
1040,2673,9974,multiple-choice,single,obsidian-quiz-blocks,radio,,CA1;CAB;CBC,needs-answer,,
1040,2673,11005,multiple-choice,single,obsidian-quiz-blocks,radio,,CA1;CAB;CBC,needs-answer,,
1040,2678,9972,multiple-choice,single,obsidian-quiz-blocks,radio,,CA1;CAB;CBC,needs-answer,,
1040,2678,49348,multiple-choice,single,obsidian-quiz-blocks,radio,,CA1;CAB;CBC,needs-answer,,
1041,1518,10029,multiple-choice,single,obsidian-quiz-blocks,radio,,CA1;CAB;CBC;MF3,needs-answer,,
1041,1518,11187,multiple-choice,single,obsidian-quiz-blocks,radio,,CA1;CAB;CBC;MF3,needs-answer,,
1041,1521,11669,multiple-choice,single,obsidian-quiz-blocks,radio,,CA1;CAB;CBC;MF3,needs-answer,,
1041,1521,11308,multiple-choice,single,obsidian-quiz-blocks,radio,,CA1;CAB;CBC;MF3,needs-answer,,
1041,25120,11312,multiple-choice,single,obsidian-quiz-blocks,radio,,CA1;CAB;CBC;MF3,needs-answer,,
1041,25120,10030,multiple-choice,single,obsidian-quiz-blocks,radio,,CA1;CAB;CBC;MF3,needs-answer,,
1042,1445,49264,multiple-choice,single,obsidian-quiz-blocks,radio,,CA1;CAB;CBC,needs-answer,,
1042,1445,49185,multiple-choice,single,obsidian-quiz-blocks,radio,,CA1;CAB;CBC,needs-answer,,
1042,1449,49184,multiple-choice,single,obsidian-quiz-blocks,radio,,CA1;CAB;CBC,needs-answer,,
1042,1449,49186,multiple-choice,single,obsidian-quiz-blocks,radio,,CA1;CAB;CBC,needs-answer,,
1044,41328,48771,multiple-choice,single,obsidian-quiz-blocks,radio,,CA1;CAB;CBC;MF3,needs-answer,,
1044,41328,48765,multiple-choice,single,obsidian-quiz-blocks,radio,,CA1;CAB;CBC;MF3,needs-answer,,
1044,41334,48802,multiple-choice,single,obsidian-quiz-blocks,radio,,CA1;CAB;CBC;MF3,needs-answer,,
1044,41334,48806,multiple-choice,single,obsidian-quiz-blocks,radio,,CA1;CAB;CBC;MF3,needs-answer,,
1044,41337,48811,multiple-choice,single,obsidian-quiz-blocks,radio,,CA1;CAB;CBC;MF3,needs-answer,,
1044,41337,48814,multiple-choice,single,obsidian-quiz-blocks,radio,,CA1;CAB;CBC;MF3,needs-answer,,
1045,148711,52198,multiple-choice,single,obsidian-quiz-blocks,radio,,MF1,needs-answer,,
1045,148711,215741,free-response,multi,,,,,,,
1045,148714,216178,free-response,multi,,,,,,,
1045,148714,216326,free-response,multi,,,,,,,
1045,148718,26314,multiple-choice,single,obsidian-quiz-blocks,radio,,MF1,needs-answer,,
1045,148718,215749,free-response,multi,,,,,,,
1045,148721,215755,free-response,multi,,,,,,,
1045,148721,215762,free-response,multi,,,,,,,
1046,12805,51428,multiple-choice,single,obsidian-quiz-blocks,radio,a,CA1;CAB;CBC;MF3,converted-and-verified,manual,label
1046,12805,79214,multiple-choice,single,obsidian-quiz-blocks,radio,d,CA1;CAB;CBC;MF3,converted-and-verified,manual,label
1046,12810,31213,multiple-choice,single,obsidian-quiz-blocks,radio,e,CA1;CAB;CBC;MF3,converted-and-verified,manual,label
1046,12810,114418,multiple-choice,single,obsidian-quiz-blocks,radio,a,CA1;CAB;CBC;MF3,converted-and-verified,manual,label
1046,12812,20985,multiple-choice,single,obsidian-quiz-blocks,radio,e,CA1;CAB;CBC;MF3,converted-and-verified,manual,label
1046,12812,20984,multiple-choice,single,obsidian-quiz-blocks,radio,d,CA1;CAB;CBC;MF3,converted-and-verified,manual,label
1046,12813,20850,multiple-choice,single,obsidian-quiz-blocks,radio,b,CA1;CAB;CBC;MF3,converted-and-verified,manual,label
1046,12813,114407,multiple-choice,single,obsidian-quiz-blocks,radio,a,CA1;CAB;CBC;MF3,converted-and-verified,manual,label
1056,20625,10847,multiple-choice,single,obsidian-quiz-blocks,radio,,MF2;PAS,needs-answer,,
1056,20625,134191,multiple-choice,single,obsidian-quiz-blocks,radio,,MF2;PAS,needs-answer,,
1056,20709,10271,multiple-choice,single,obsidian-quiz-blocks,radio,,MF2;PAS,needs-answer,,
1056,20709,134084,multiple-choice,single,obsidian-quiz-blocks,radio,,MF2;PAS,needs-answer,,
1056,36411,134206,multiple-choice,single,obsidian-quiz-blocks,radio,,MF2;PAS,needs-answer,,
1056,36411,134189,multiple-choice,single,obsidian-quiz-blocks,radio,,MF2;PAS,needs-answer,,
1057,511837,134205,multiple-choice,single,obsidian-quiz-blocks,radio,,MF2;PAS,needs-answer,,
1057,511837,134556,multiple-choice,single,obsidian-quiz-blocks,radio,,MF2;PAS,needs-answer,,
1057,511840,134208,multiple-choice,single,obsidian-quiz-blocks,radio,,MF2;PAS,needs-answer,,
1057,511840,134618,multiple-choice,single,obsidian-quiz-blocks,radio,,MF2;PAS,needs-answer,,
1060,1769,10964,multiple-choice,single,obsidian-quiz-blocks,radio,,CA2;CBC;MF2,needs-answer,,
1060,1769,10975,multiple-choice,single,obsidian-quiz-blocks,radio,,CA2;CBC;MF2,needs-answer,,
1060,1773,10981,multiple-choice,single,obsidian-quiz-blocks,radio,,CA2;CBC;MF2,needs-answer,,
1060,1773,10989,multiple-choice,single,obsidian-quiz-blocks,radio,,CA2;CBC;MF2,needs-answer,,
1061,1866,14245,multiple-choice,single,obsidian-quiz-blocks,radio,c,CAB;CBC;MF3;CA2,converted-and-verified,manual,label
1061,1866,50136,multiple-choice,single,obsidian-quiz-blocks,radio,b,CAB;CBC;MF3;CA2,converted-and-verified,manual,label
1061,1869,50139,multiple-choice,single,obsidian-quiz-blocks,radio,d,CAB;CBC;MF3;CA2,converted-and-verified,manual,label
1061,1869,50148,multiple-choice,single,obsidian-quiz-blocks,radio,b,CAB;CBC;MF3;CA2,converted-and-verified,manual,label
1061,1872,50195,multiple-choice,single,obsidian-quiz-blocks,radio,e,CAB;CBC;MF3;CA2,converted-and-verified,image-id,answer-image-id-1
1061,1872,50196,multiple-choice,single,obsidian-quiz-blocks,radio,e,CAB;CBC;MF3;CA2,converted-and-verified,image-id,answer-image-id-1
1061,1875,49942,multiple-choice,single,obsidian-quiz-blocks,radio,c,CAB;CBC;MF3;CA2,converted-and-verified,manual,label
1061,1875,119078,multiple-choice,single,obsidian-quiz-blocks,radio,e,CAB;CBC;MF3;CA2,converted-and-verified,manual,label
1062,44190,73194,multiple-choice,single,obsidian-quiz-blocks,radio,d,CA2;CBC;MF3,converted-and-verified,manual,label
1062,44190,73193,multiple-choice,single,obsidian-quiz-blocks,radio,d,CA2;CBC;MF3,converted-and-verified,manual,label
1062,44193,73200,multiple-choice,single,obsidian-quiz-blocks,radio,a,CA2;CBC;MF3,converted-and-verified,manual,label
1062,44193,73204,multiple-choice,single,obsidian-quiz-blocks,radio,a,CA2;CBC;MF3,converted-and-verified,manual,label
1062,44196,50045,multiple-choice,single,obsidian-quiz-blocks,radio,c,CA2;CBC;MF3,converted-and-verified,manual,label
1062,44196,50053,multiple-choice,single,obsidian-quiz-blocks,radio,e,CA2;CBC;MF3,converted-and-verified,manual,label
1062,44196,10999,multiple-choice,single,obsidian-quiz-blocks,radio,a,CA2;CBC;MF3,converted-and-verified,manual,label
1062,44200,50047,multiple-choice,single,obsidian-quiz-blocks,radio,c,CA2;CBC;MF3,converted-and-verified,manual,label
1062,44200,50055,multiple-choice,single,obsidian-quiz-blocks,radio,b,CA2;CBC;MF3,converted-and-verified,manual,label
1063,1785,11014,multiple-choice,single,obsidian-quiz-blocks,radio,,CA2;CBC;MF3,needs-answer,,
1063,1785,11012,multiple-choice,single,obsidian-quiz-blocks,radio,,CA2;CBC;MF3,needs-answer,,
1063,14304,49718,multiple-choice,single,obsidian-quiz-blocks,radio,,CA2;CBC;MF3,needs-answer,,
1063,14304,51147,multiple-choice,single,obsidian-quiz-blocks,radio,,CA2;CBC;MF3,needs-answer,,
1076,11924,30575,multiple-choice,single,obsidian-quiz-blocks,radio,,MF3,needs-answer,,
1076,11924,65577,multiple-choice,single,obsidian-quiz-blocks,radio,,MF3,needs-answer,,
1076,11925,11289,multiple-choice,single,obsidian-quiz-blocks,radio,,MF3,needs-answer,,
1076,11925,11296,multiple-choice,single,obsidian-quiz-blocks,radio,,MF3,needs-answer,,
1076,11928,30576,multiple-choice,single,obsidian-quiz-blocks,radio,,MF3,needs-answer,,
1076,11928,11293,multiple-choice,single,obsidian-quiz-blocks,radio,,MF3,needs-answer,,
1076,11929,11298,multiple-choice,single,obsidian-quiz-blocks,radio,,MF3,needs-answer,,
1076,11929,30580,multiple-choice,single,obsidian-quiz-blocks,radio,,MF3,needs-answer,,
1081,3427,18636,multiple-choice,single,obsidian-quiz-blocks,radio,,MF1,needs-answer,,
1081,3427,18639,multiple-choice,single,obsidian-quiz-blocks,radio,,MF1,needs-answer,,
1081,3431,18824,multiple-choice,single,obsidian-quiz-blocks,radio,,MF1,needs-answer,,
1081,3431,18823,multiple-choice,single,obsidian-quiz-blocks,radio,,MF1,needs-answer,,
1085,618799,80460,multiple-choice,single,obsidian-quiz-blocks,radio,,CA2;CBC;MF3,needs-answer,,
1085,618799,50202,multiple-choice,single,obsidian-quiz-blocks,radio,,CA2;CBC;MF3,needs-answer,,
1085,618802,50201,multiple-choice,single,obsidian-quiz-blocks,radio,,CA2;CBC;MF3,needs-answer,,
1085,618802,50204,multiple-choice,single,obsidian-quiz-blocks,radio,,CA2;CBC;MF3,needs-answer,,
1085,618805,80950,multiple-choice,single,obsidian-quiz-blocks,radio,,CA2;CBC;MF3,needs-answer,,
1085,618805,99361,multiple-choice,single,obsidian-quiz-blocks,radio,,CA2;CBC;MF3,needs-answer,,
1085,618808,99520,multiple-choice,single,obsidian-quiz-blocks,radio,,CA2;CBC;MF3,needs-answer,,
1085,618808,80962,multiple-choice,single,obsidian-quiz-blocks,radio,,CA2;CBC;MF3,needs-answer,,
1086,1458,30265,multiple-choice,single,obsidian-quiz-blocks,radio,,CA1;CAB;CBC,needs-answer,,
1086,1458,30273,multiple-choice,single,obsidian-quiz-blocks,radio,,CA1;CAB;CBC,needs-answer,,
1086,1462,49179,multiple-choice,single,obsidian-quiz-blocks,radio,,CA1;CAB;CBC,needs-answer,,
1086,1462,49190,multiple-choice,single,obsidian-quiz-blocks,radio,,CA1;CAB;CBC,needs-answer,,
1086,1464,49141,multiple-choice,single,obsidian-quiz-blocks,radio,,CA1;CAB;CBC,needs-answer,,
1086,1464,49231,multiple-choice,single,obsidian-quiz-blocks,radio,,CA1;CAB;CBC,needs-answer,,
1086,1467,49193,multiple-choice,single,obsidian-quiz-blocks,radio,,CA1;CAB;CBC,needs-answer,,
1086,1467,49142,multiple-choice,single,obsidian-quiz-blocks,radio,,CA1;CAB;CBC,needs-answer,,
1087,2254,74054,multiple-choice,single,obsidian-quiz-blocks,radio,,CA2;CBC,needs-answer,,
1087,2254,74055,multiple-choice,single,obsidian-quiz-blocks,radio,,CA2;CBC,needs-answer,,
1087,2257,18635,multiple-choice,single,obsidian-quiz-blocks,radio,,CA2;CBC,needs-answer,,
1087,2257,49471,multiple-choice,single,obsidian-quiz-blocks,radio,,CA2;CBC,needs-answer,,
1087,2260,11110,multiple-choice,single,obsidian-quiz-blocks,radio,,CA2;CBC,needs-answer,,
1087,2260,18638,multiple-choice,single,obsidian-quiz-blocks,radio,,CA2;CBC,needs-answer,,
1088,2263,40234,multiple-choice,single,obsidian-quiz-blocks,radio,,CA2;CBC,needs-answer,,
1088,2263,74624,multiple-choice,single,obsidian-quiz-blocks,radio,,CA2;CBC,needs-answer,,
1088,37514,140782,multiple-choice,single,obsidian-quiz-blocks,radio,,CA2;CBC,needs-answer,,
1088,37514,140783,multiple-choice,single,obsidian-quiz-blocks,radio,,CA2;CBC,needs-answer,,
1088,37628,49562,multiple-choice,single,obsidian-quiz-blocks,radio,,CA2;CBC,needs-answer,,
1088,37628,66763,multiple-choice,single,obsidian-quiz-blocks,radio,,CA2;CBC,needs-answer,,
1100,15688,11190,multiple-choice,single,,,,,,,
1100,15688,20192,multiple-choice,single,,,,,,,
1100,15690,69448,multiple-choice,single,,,,,,,
1100,15690,69449,multiple-choice,single,,,,,,,
1100,15693,69480,multiple-choice,single,,,,,,,
1100,15693,11745,multiple-choice,single,,,,,,,
1100,16022,19015,multiple-choice,single,,,,,,,
1100,16022,11743,multiple-choice,single,,,,,,,
1101,15689,11814,multiple-choice,single,obsidian-quiz-blocks,radio,,MF2,needs-answer,,
1101,15689,11191,multiple-choice,single,obsidian-quiz-blocks,radio,,MF2,needs-answer,,
1101,15692,11890,multiple-choice,single,obsidian-quiz-blocks,radio,,MF2,needs-answer,,
1101,15692,11192,multiple-choice,single,obsidian-quiz-blocks,radio,,MF2,needs-answer,,
1101,18402,20205,multiple-choice,single,obsidian-quiz-blocks,radio,,MF2,needs-answer,,
1101,18402,19218,multiple-choice,single,obsidian-quiz-blocks,radio,,MF2,needs-answer,,
1102,15695,69530,multiple-choice,single,obsidian-quiz-blocks,radio,,MF2,needs-answer,,
1102,15695,12046,multiple-choice,single,obsidian-quiz-blocks,radio,,MF2,needs-answer,,
1102,18415,69538,multiple-choice,single,obsidian-quiz-blocks,radio,,MF2,needs-answer,,
1102,18415,20272,multiple-choice,single,obsidian-quiz-blocks,radio,,MF2,needs-answer,,
1102,37408,69532,multiple-choice,single,obsidian-quiz-blocks,radio,,MF2,needs-answer,,
1102,37408,11234,multiple-choice,single,obsidian-quiz-blocks,radio,,MF2,needs-answer,,
1103,15698,12139,multiple-choice,single,obsidian-quiz-blocks,radio,,MF2,needs-answer,,
1103,15698,12135,multiple-choice,single,obsidian-quiz-blocks,radio,,MF2,needs-answer,,
1103,15699,12140,multiple-choice,single,,,,,,,
1103,15699,11324,multiple-choice,single,,,,,,,
1103,19024,19215,multiple-choice,single,obsidian-quiz-blocks,radio,,MF2,needs-answer,,
1103,19024,20404,multiple-choice,single,obsidian-quiz-blocks,radio,,MF2,needs-answer,,
1104,430122,12202,multiple-choice,single,obsidian-quiz-blocks,radio,,MF2,needs-answer,,
1104,430122,11376,multiple-choice,single,obsidian-quiz-blocks,radio,,MF2,needs-answer,,
1104,430125,20407,multiple-choice,single,obsidian-quiz-blocks,radio,,MF2,needs-answer,,
1104,430125,19276,multiple-choice,single,obsidian-quiz-blocks,radio,,MF2,needs-answer,,
1104,430128,12184,multiple-choice,single,obsidian-quiz-blocks,radio,,MF2,needs-answer,,
1104,430128,12185,multiple-choice,single,obsidian-quiz-blocks,radio,,MF2,needs-answer,,
1105,15706,20433,multiple-choice,single,,,,,,,
1105,15706,19332,multiple-choice,single,,,,,,,
1105,15708,11381,multiple-choice,single,obsidian-quiz-blocks,radio,,MF2,needs-answer,,
1105,15708,12223,multiple-choice,single,obsidian-quiz-blocks,radio,,MF2,needs-answer,,
1106,15711,42670,multiple-choice,single,obsidian-quiz-blocks,radio,,MF2,needs-answer,,
1106,15711,19370,multiple-choice,single,obsidian-quiz-blocks,radio,,MF2,needs-answer,,
1106,15712,42659,multiple-choice,single,obsidian-quiz-blocks,radio,,MF2,needs-answer,,
1106,15712,12212,multiple-choice,single,obsidian-quiz-blocks,radio,,MF2,needs-answer,,
1106,19207,20435,multiple-choice,single,obsidian-quiz-blocks,radio,,MF2,needs-answer,,
1106,19207,19338,multiple-choice,single,obsidian-quiz-blocks,radio,,MF2,needs-answer,,
1107,15683,11150,multiple-choice,single,,,,,,,
1107,15683,11674,multiple-choice,single,,,,,,,
1107,15686,20150,multiple-choice,single,,,,,,,
1107,15686,19006,multiple-choice,single,,,,,,,
1107,18355,20186,multiple-choice,single,obsidian-quiz-blocks,radio,,MF2,needs-answer,,
1107,18355,19009,multiple-choice,single,obsidian-quiz-blocks,radio,,MF2,needs-answer,,
1108,774,48625,multiple-choice,single,obsidian-quiz-blocks,radio,b,CAB;CBC;CA1;MF2,converted-and-verified,manual,label
1108,774,666,multiple-choice,single,obsidian-quiz-blocks,radio,e,CAB;CBC;CA1;MF2,converted-and-verified,manual,label
1108,777,48730,multiple-choice,single,obsidian-quiz-blocks,radio,b,CAB;CBC;CA1;MF2,converted-and-verified,manual,label
1108,777,48846,multiple-choice,single,obsidian-quiz-blocks,radio,a,CAB;CBC;CA1;MF2,converted-and-verified,manual,label
1108,781,48850,multiple-choice,single,obsidian-quiz-blocks,radio,a,CAB;CBC;CA1;MF2,converted-and-verified,manual,label
1108,781,11414,multiple-choice,single,obsidian-quiz-blocks,radio,e,CAB;CBC;CA1;MF2,converted-and-verified,manual,label
1109,12328,47965,multiple-choice,single,obsidian-quiz-blocks,radio,c,CAB;CBC;CA1;MF2,converted-and-verified,manual,label
1109,12328,1907,multiple-choice,single,obsidian-quiz-blocks,radio,a,CAB;CBC;CA1;MF2,converted-and-verified,manual,label
1109,12329,47966,multiple-choice,single,obsidian-quiz-blocks,radio,d,CAB;CBC;CA1;MF2,converted-and-verified,manual,label
1109,12329,1933,multiple-choice,single,obsidian-quiz-blocks,radio,a,CAB;CBC;CA1;MF2,converted-and-verified,manual,label
1109,12331,48901,multiple-choice,single,obsidian-quiz-blocks,radio,c,CAB;CBC;CA1;MF2,converted-and-verified,manual,label
1109,12331,48391,multiple-choice,single,obsidian-quiz-blocks,radio,a,CAB;CBC;CA1;MF2,converted-and-verified,manual,label
1110,12333,11966,multiple-choice,single,obsidian-quiz-blocks,radio,d,CAB;CBC;CA1;MF2,converted-and-verified,manual,label
1110,12333,11955,multiple-choice,single,obsidian-quiz-blocks,radio,a,CAB;CBC;CA1;MF2,converted-and-verified,manual,label
1110,12334,17921,multiple-choice,single,obsidian-quiz-blocks,radio,a,CAB;CBC;CA1;MF2,converted-and-verified,manual,label
1110,12334,47999,multiple-choice,single,obsidian-quiz-blocks,radio,a,CAB;CBC;CA1;MF2,converted-and-verified,manual,label
1110,12336,11944,multiple-choice,single,obsidian-quiz-blocks,radio,c,CAB;CBC;CA1;MF2,converted-and-verified,manual,label
1110,12336,9909,multiple-choice,single,obsidian-quiz-blocks,radio,d,CAB;CBC;CA1;MF2,converted-and-verified,manual,label
1112,1635,13733,multiple-choice,single,obsidian-quiz-blocks,radio,,CA2;CAB;CBC;MF3,needs-answer,,
1112,1635,30923,multiple-choice,single,obsidian-quiz-blocks,radio,,CA2;CAB;CBC;MF3,needs-answer,,
1112,1637,31418,multiple-choice,single,obsidian-quiz-blocks,radio,,CA2;CAB;CBC;MF3,needs-answer,,
1112,1637,31405,multiple-choice,single,obsidian-quiz-blocks,radio,,CA2;CAB;CBC;MF3,needs-answer,,
1114,12307,1927,multiple-choice,single,obsidian-quiz-blocks,radio,d,CAB;CBC;CA1;MF2,converted-and-verified,manual,label
1114,12307,51208,multiple-choice,single,obsidian-quiz-blocks,radio,a,CAB;CBC;CA1;MF2,converted-and-verified,manual,label
1114,12308,11730,multiple-choice,single,obsidian-quiz-blocks,radio,c,CAB;CBC;CA1;MF2,converted-and-verified,manual,label
1114,12308,11728,multiple-choice,single,obsidian-quiz-blocks,radio,d,CAB;CBC;CA1;MF2,converted-and-verified,manual,label
1114,12310,1917,multiple-choice,single,obsidian-quiz-blocks,radio,c,CAB;CBC;CA1;MF2,converted-and-verified,manual,label
1114,12310,11732,multiple-choice,single,obsidian-quiz-blocks,radio,e,CAB;CBC;CA1;MF2,converted-and-verified,manual,label
1115,787,11973,multiple-choice,single,obsidian-quiz-blocks,radio,c,CAB;CBC;CA1;MF2,converted-and-verified,manual,label
1115,787,2396,multiple-choice,single,obsidian-quiz-blocks,radio,c,CAB;CBC;CA1;MF2,converted-and-verified,manual,label
1115,790,31240,multiple-choice,single,obsidian-quiz-blocks,radio,a,CAB;CBC;CA1;MF2,converted-and-verified,manual,label
1115,790,11599,multiple-choice,single,obsidian-quiz-blocks,radio,d,CAB;CBC;CA1;MF2,converted-and-verified,manual,label
1115,22585,48570,multiple-choice,single,obsidian-quiz-blocks,radio,b,CAB;CBC;CA1;MF2,converted-and-verified,manual,label
1115,22585,48569,multiple-choice,single,obsidian-quiz-blocks,radio,a,CAB;CBC;CA1;MF2,converted-and-verified,manual,label
1116,12314,11910,multiple-choice,single,obsidian-quiz-blocks,radio,b,CAB;CBC;CA1;MF2,converted-and-verified,manual,label
1116,12314,11909,multiple-choice,single,obsidian-quiz-blocks,radio,e,CAB;CBC;CA1;MF2,converted-and-verified,manual,label
1116,12315,1919,multiple-choice,single,obsidian-quiz-blocks,radio,a,CAB;CBC;CA1;MF2,converted-and-verified,manual,label
1116,12315,1920,multiple-choice,single,obsidian-quiz-blocks,radio,b,CAB;CBC;CA1;MF2,converted-and-verified,manual,label
1116,12317,11907,multiple-choice,single,obsidian-quiz-blocks,radio,d,CAB;CBC;CA1;MF2,converted-and-verified,manual,label
1116,12317,11903,multiple-choice,single,obsidian-quiz-blocks,radio,b,CAB;CBC;CA1;MF2,converted-and-verified,manual,label
1116,12319,17395,multiple-choice,single,obsidian-quiz-blocks,radio,a,CAB;CBC;CA1;MF2,converted-and-verified,manual,label
1116,12319,17373,multiple-choice,single,obsidian-quiz-blocks,radio,b,CAB;CBC;CA1;MF2,converted-and-verified,manual,label
1117,41292,72974,multiple-choice,single,obsidian-quiz-blocks,radio,b,CAB;CBC;CA1;MF2,converted-and-verified,manual,label
1117,41292,72975,multiple-choice,single,obsidian-quiz-blocks,radio,e,CAB;CBC;CA1;MF2,converted-and-verified,manual,label
1117,41295,18607,multiple-choice,single,obsidian-quiz-blocks,radio,d,CAB;CBC;CA1;MF2,converted-and-verified,manual,label
1117,41295,73001,multiple-choice,single,obsidian-quiz-blocks,radio,a,CAB;CBC;CA1;MF2,converted-and-verified,manual,label
1117,41298,18595,multiple-choice,single,obsidian-quiz-blocks,radio,e,CAB;CBC;CA1;MF2,converted-and-verified,manual,label
1117,41298,73072,multiple-choice,single,obsidian-quiz-blocks,radio,b,CAB;CBC;CA1;MF2,converted-and-verified,manual,label
1117,41301,15663,multiple-choice,single,obsidian-quiz-blocks,radio,c,CAB;CBC;CA1;MF2,converted-and-verified,manual,label
1117,41301,48944,multiple-choice,single,obsidian-quiz-blocks,radio,b,CAB;CBC;CA1;MF2,converted-and-verified,manual,label
1120,22331,11625,multiple-choice,single,obsidian-quiz-blocks,radio,,MF2,needs-answer,,
1120,22331,11678,multiple-choice,single,obsidian-quiz-blocks,radio,,MF2,needs-answer,,
1120,22332,41907,multiple-choice,single,obsidian-quiz-blocks,radio,,MF2,needs-answer,,
1120,22332,41905,multiple-choice,single,obsidian-quiz-blocks,radio,,MF2,needs-answer,,
1120,22333,11662,multiple-choice,single,obsidian-quiz-blocks,radio,,MF2,needs-answer,,
1120,22333,11666,multiple-choice,single,obsidian-quiz-blocks,radio,,MF2,needs-answer,,
1121,22323,11228,multiple-choice,single,obsidian-quiz-blocks,radio,,MF2,needs-answer,,
1121,22323,11578,multiple-choice,single,obsidian-quiz-blocks,radio,,MF2,needs-answer,,
1121,22324,11580,multiple-choice,single,obsidian-quiz-blocks,radio,,MF2,needs-answer,,
1121,22324,11587,multiple-choice,single,obsidian-quiz-blocks,radio,,MF2,needs-answer,,
1121,22325,41881,multiple-choice,single,obsidian-quiz-blocks,radio,,MF2,needs-answer,,
1121,22325,11575,multiple-choice,single,obsidian-quiz-blocks,radio,,MF2,needs-answer,,
1121,22429,11566,multiple-choice,single,obsidian-quiz-blocks,radio,,MF2,needs-answer,,
1121,22429,11230,multiple-choice,single,obsidian-quiz-blocks,radio,,MF2,needs-answer,,
1124,19715,11754,multiple-choice,single,obsidian-quiz-blocks,radio,,MF3,needs-answer,,
1124,19715,11752,multiple-choice,single,obsidian-quiz-blocks,radio,,MF3,needs-answer,,
1124,19716,11755,multiple-choice,single,obsidian-quiz-blocks,radio,,MF3,needs-answer,,
1124,19716,11763,multiple-choice,single,obsidian-quiz-blocks,radio,,MF3,needs-answer,,
1124,19718,11793,multiple-choice,single,obsidian-quiz-blocks,radio,,MF3,needs-answer,,
1124,19718,11795,multiple-choice,single,obsidian-quiz-blocks,radio,,MF3,needs-answer,,
1124,19719,11798,multiple-choice,single,obsidian-quiz-blocks,radio,,MF3,needs-answer,,
1124,19719,11796,multiple-choice,single,obsidian-quiz-blocks,radio,,MF3,needs-answer,,
1125,18575,11775,multiple-choice,single,obsidian-quiz-blocks,radio,,MF3,needs-answer,,
1125,18575,11773,multiple-choice,single,obsidian-quiz-blocks,radio,,MF3,needs-answer,,
1125,18576,11788,multiple-choice,single,obsidian-quiz-blocks,radio,,MF3,needs-answer,,
1125,18576,11786,multiple-choice,single,obsidian-quiz-blocks,radio,,MF3,needs-answer,,
1125,18578,11821,multiple-choice,single,obsidian-quiz-blocks,radio,,MF3,needs-answer,,
1125,18578,11823,multiple-choice,single,obsidian-quiz-blocks,radio,,MF3,needs-answer,,
1125,18579,11831,multiple-choice,single,obsidian-quiz-blocks,radio,,MF3,needs-answer,,
1125,18579,11838,multiple-choice,single,obsidian-quiz-blocks,radio,,MF3,needs-answer,,
1128,19730,11856,multiple-choice,single,obsidian-quiz-blocks,radio,,MF3,needs-answer,,
1128,19730,11858,multiple-choice,single,obsidian-quiz-blocks,radio,,MF3,needs-answer,,
1128,27718,11874,multiple-choice,single,obsidian-quiz-blocks,radio,,MF3,needs-answer,,
1128,27718,11870,multiple-choice,single,obsidian-quiz-blocks,radio,,MF3,needs-answer,,
1128,27755,84830,multiple-choice,single,obsidian-quiz-blocks,radio,,MF3,needs-answer,,
1128,27755,84829,multiple-choice,single,obsidian-quiz-blocks,radio,,MF3,needs-answer,,
1128,27756,84834,multiple-choice,single,obsidian-quiz-blocks,radio,,MF3,needs-answer,,
1128,27756,84833,multiple-choice,single,obsidian-quiz-blocks,radio,,MF3,needs-answer,,
1131,17350,68869,multiple-choice,single,obsidian-quiz-blocks,radio,,MF1,needs-answer,,
1131,17350,68669,multiple-choice,single,obsidian-quiz-blocks,radio,,MF1,needs-answer,,
1131,17351,68886,multiple-choice,single,obsidian-quiz-blocks,radio,,MF1,needs-answer,,
1131,17351,68889,multiple-choice,single,obsidian-quiz-blocks,radio,,MF1,needs-answer,,
1131,17353,68506,multiple-choice,single,obsidian-quiz-blocks,radio,,MF1,needs-answer,,
1131,17353,68474,multiple-choice,single,obsidian-quiz-blocks,radio,,MF1,needs-answer,,
1131,17354,68922,multiple-choice,single,obsidian-quiz-blocks,radio,,MF1,needs-answer,,
1131,17354,68929,multiple-choice,single,obsidian-quiz-blocks,radio,,MF1,needs-answer,,
1132,19721,14052,multiple-choice,single,obsidian-quiz-blocks,radio,,MF3,needs-answer,,
1132,19721,14169,multiple-choice,single,obsidian-quiz-blocks,radio,,MF3,needs-answer,,
1132,19724,14278,multiple-choice,single,obsidian-quiz-blocks,radio,,MF3,needs-answer,,
1132,19724,14176,multiple-choice,single,obsidian-quiz-blocks,radio,,MF3,needs-answer,,
1132,19725,14242,multiple-choice,single,obsidian-quiz-blocks,radio,,MF3,needs-answer,,
1132,19725,14248,multiple-choice,single,obsidian-quiz-blocks,radio,,MF3,needs-answer,,
1140,618389,14730,multiple-choice,single,obsidian-quiz-blocks,radio,,CA2;CBC;MF3,needs-answer,,
1140,618389,49662,multiple-choice,single,obsidian-quiz-blocks,radio,,CA2;CBC;MF3,needs-answer,,
1140,618392,12568,multiple-choice,single,obsidian-quiz-blocks,radio,,CA2;CBC;MF3,needs-answer,,
1140,618392,12570,multiple-choice,single,obsidian-quiz-blocks,radio,,CA2;CBC;MF3,needs-answer,,
1140,618395,30482,multiple-choice,single,obsidian-quiz-blocks,radio,,CA2;CBC;MF3,needs-answer,,
1140,618395,49714,multiple-choice,single,obsidian-quiz-blocks,radio,,CA2;CBC;MF3,needs-answer,,
1144,26442,81914,multiple-choice,single,obsidian-quiz-blocks,radio,,MF2,needs-answer,,
1144,26442,32465,multiple-choice,single,obsidian-quiz-blocks,radio,,MF2,needs-answer,,
1144,26446,12432,multiple-choice,single,obsidian-quiz-blocks,radio,,MF2,needs-answer,,
1144,26446,81913,multiple-choice,single,obsidian-quiz-blocks,radio,,MF2,needs-answer,,
1144,26683,81912,multiple-choice,single,obsidian-quiz-blocks,radio,,MF2,needs-answer,,
1144,26683,81916,multiple-choice,single,obsidian-quiz-blocks,radio,,MF2,needs-answer,,
1146,33644,13222,multiple-choice,single,obsidian-quiz-blocks,radio,,MF2,needs-answer,,
1146,33644,13252,multiple-choice,single,obsidian-quiz-blocks,radio,,MF2,needs-answer,,
1146,33645,32616,multiple-choice,single,obsidian-quiz-blocks,radio,,MF2,needs-answer,,
1146,33645,33795,multiple-choice,single,obsidian-quiz-blocks,radio,,MF2,needs-answer,,
1150,18024,12760,multiple-choice,single,,,,,,,
1150,18024,12750,multiple-choice,single,,,,,,,
1150,18025,26405,multiple-choice,single,obsidian-quiz-blocks,radio,,MF2,needs-answer,,
1150,18025,75686,multiple-choice,single,obsidian-quiz-blocks,radio,,MF2,needs-answer,,
1153,166110,45670,multiple-choice,single,obsidian-quiz-blocks,radio,,MF1,needs-answer,,
1153,166110,61720,multiple-choice,single,obsidian-quiz-blocks,radio,,MF1,needs-answer,,
1153,166110,218564,free-response,single,,,,,,,
1153,166114,112139,multiple-choice,single,obsidian-quiz-blocks,radio,,MF1,needs-answer,,
1153,166114,24190,multiple-choice,single,obsidian-quiz-blocks,radio,,MF1,needs-answer,,
1153,166114,45698,multiple-choice,single,obsidian-quiz-blocks,radio,,MF1,needs-answer,,
1153,166119,61441,multiple-choice,single,obsidian-quiz-blocks,radio,,MF1,needs-answer,,
1153,166119,218597,free-response,single,,,,,,,
1153,166123,218642,free-response,single,,,,,,,
1153,166123,218653,free-response,single,,,,,,,
1154,20509,12550,multiple-choice,single,obsidian-quiz-blocks,radio,,MF3,needs-answer,,
1154,20509,12551,multiple-choice,single,obsidian-quiz-blocks,radio,,MF3,needs-answer,,
1154,20510,5613,multiple-choice,single,obsidian-quiz-blocks,radio,,MF3,needs-answer,,
1154,20510,5617,multiple-choice,single,obsidian-quiz-blocks,radio,,MF3,needs-answer,,
1154,20758,12547,multiple-choice,single,obsidian-quiz-blocks,radio,,MF3,needs-answer,,
1154,20758,12376,multiple-choice,single,obsidian-quiz-blocks,radio,,MF3,needs-answer,,
1156,18913,135895,multiple-choice,single,obsidian-quiz-blocks,radio,,MF3,needs-answer,,
1156,18913,18150,multiple-choice,single,obsidian-quiz-blocks,radio,,MF3,needs-answer,,
1156,18914,113627,multiple-choice,single,obsidian-quiz-blocks,radio,,MF3,needs-answer,,
1156,18914,18627,multiple-choice,single,obsidian-quiz-blocks,radio,,MF3,needs-answer,,
1156,36724,135896,multiple-choice,single,obsidian-quiz-blocks,radio,,MF3,needs-answer,,
1156,36724,19353,multiple-choice,single,obsidian-quiz-blocks,radio,,MF3,needs-answer,,
1157,105244,69651,multiple-choice,single,obsidian-quiz-blocks,radio,,MF1,needs-answer,,
1157,105244,69647,multiple-choice,single,obsidian-quiz-blocks,radio,,MF1,needs-answer,,
1157,105249,3555,multiple-choice,single,obsidian-quiz-blocks,radio,,MF1,needs-answer,,
1157,105249,3751,multiple-choice,single,obsidian-quiz-blocks,radio,,MF1,needs-answer,,
1157,105252,12875,multiple-choice,single,obsidian-quiz-blocks,radio,,MF1,needs-answer,,
1157,105252,3556,multiple-choice,single,obsidian-quiz-blocks,radio,,MF1,needs-answer,,
1157,105255,12873,multiple-choice,single,obsidian-quiz-blocks,radio,,MF1,needs-answer,,
1157,105255,12486,multiple-choice,single,obsidian-quiz-blocks,radio,,MF1,needs-answer,,
1158,467303,134608,multiple-choice,single,obsidian-quiz-blocks,radio,,MF3,needs-answer,,
1158,467303,234173,free-response,single,,,,,,,
1158,467306,234174,free-response,single,,,,,,,
1158,467306,134613,multiple-choice,single,obsidian-quiz-blocks,radio,,MF3,needs-answer,,
1158,467310,134630,multiple-choice,single,obsidian-quiz-blocks,radio,,MF3,needs-answer,,
1158,467310,235253,free-response,single,,,,,,,
1158,467313,266369,free-response,single,,,,,,,
1158,467313,18703,multiple-choice,single,obsidian-quiz-blocks,radio,,MF3,needs-answer,,
1158,467313,266378,free-response,single,,,,,,,
1159,1619,49527,multiple-choice,single,obsidian-quiz-blocks,radio,,CA2;CAB;CBC,needs-answer,,
1159,1619,49610,multiple-choice,single,obsidian-quiz-blocks,radio,,CA2;CAB;CBC,needs-answer,,
1159,1623,12912,multiple-choice,single,obsidian-quiz-blocks,radio,,CA2;CAB;CBC,needs-answer,,
1159,1623,12917,multiple-choice,single,obsidian-quiz-blocks,radio,,CA2;CAB;CBC,needs-answer,,
1161,118774,2202,multiple-choice,single,obsidian-quiz-blocks,radio,e,CA2;CAB;CBC;MF3,converted-and-verified,manual,label
1161,118774,13814,multiple-choice,single,obsidian-quiz-blocks,radio,d,CA2;CAB;CBC;MF3,converted-and-verified,manual,label
1161,118774,13802,multiple-choice,single,obsidian-quiz-blocks,radio,d,CA2;CAB;CBC;MF3,converted-and-verified,manual,label
1161,118778,31329,multiple-choice,single,obsidian-quiz-blocks,radio,e,CA2;CAB;CBC;MF3,converted-and-verified,manual,label
1161,118778,31401,multiple-choice,single,obsidian-quiz-blocks,radio,c,CA2;CAB;CBC;MF3,converted-and-verified,manual,label
1161,118778,73659,multiple-choice,single,obsidian-quiz-blocks,radio,d,CA2;CAB;CBC;MF3,converted-and-verified,manual,label
1161,118783,49605,multiple-choice,single,obsidian-quiz-blocks,radio,c,CA2;CAB;CBC;MF3,converted-and-verified,manual,label
1161,118783,49607,multiple-choice,single,obsidian-quiz-blocks,radio,c,CA2;CAB;CBC;MF3,converted-and-verified,manual,label
1161,118783,73654,multiple-choice,single,obsidian-quiz-blocks,radio,e,CA2;CAB;CBC;MF3,converted-and-verified,manual,label
1165,15715,17982,multiple-choice,single,obsidian-quiz-blocks,radio,,MF2,needs-answer,,
1165,15715,17606,multiple-choice,single,obsidian-quiz-blocks,radio,,MF2,needs-answer,,
1165,15717,17990,multiple-choice,single,obsidian-quiz-blocks,radio,,MF2,needs-answer,,
1165,15717,17991,multiple-choice,single,obsidian-quiz-blocks,radio,,MF2,needs-answer,,
1165,15724,17998,multiple-choice,single,obsidian-quiz-blocks,radio,,MF2,needs-answer,,
1165,15724,17608,multiple-choice,single,obsidian-quiz-blocks,radio,,MF2,needs-answer,,
1166,15791,18304,multiple-choice,single,obsidian-quiz-blocks,radio,,MF3,needs-answer,,
1166,15791,18885,multiple-choice,single,obsidian-quiz-blocks,radio,,MF3,needs-answer,,
1166,15793,18739,multiple-choice,single,obsidian-quiz-blocks,radio,,MF3,needs-answer,,
1166,15793,18922,multiple-choice,single,obsidian-quiz-blocks,radio,,MF3,needs-answer,,
1166,15794,18305,multiple-choice,single,obsidian-quiz-blocks,radio,,MF3,needs-answer,,
1166,15794,18897,multiple-choice,single,obsidian-quiz-blocks,radio,,MF3,needs-answer,,
1167,462031,13496,multiple-choice,single,obsidian-quiz-blocks,radio,,MF3,needs-answer,,
1167,462031,13488,multiple-choice,single,obsidian-quiz-blocks,radio,,MF3,needs-answer,,
1167,462034,13495,multiple-choice,single,obsidian-quiz-blocks,radio,,MF3,needs-answer,,
1167,462034,13506,multiple-choice,single,obsidian-quiz-blocks,radio,,MF3,needs-answer,,
1167,462038,13498,multiple-choice,single,obsidian-quiz-blocks,radio,,MF3,needs-answer,,
1167,462038,13503,multiple-choice,single,obsidian-quiz-blocks,radio,,MF3,needs-answer,,
1168,464513,11476,multiple-choice,single,obsidian-quiz-blocks,radio,,MF3,needs-answer,,
1168,464513,13542,multiple-choice,single,obsidian-quiz-blocks,radio,,MF3,needs-answer,,
1168,464517,13535,multiple-choice,single,obsidian-quiz-blocks,radio,,MF3,needs-answer,,
1168,464517,13536,multiple-choice,single,obsidian-quiz-blocks,radio,,MF3,needs-answer,,
1169,16239,13950,multiple-choice,single,obsidian-quiz-blocks,radio,,MF3,needs-answer,,
1169,16239,13940,multiple-choice,single,obsidian-quiz-blocks,radio,,MF3,needs-answer,,
1169,16240,69915,multiple-choice,single,obsidian-quiz-blocks,radio,,MF3,needs-answer,,
1169,16240,13941,multiple-choice,single,obsidian-quiz-blocks,radio,,MF3,needs-answer,,
1171,16191,13763,multiple-choice,single,obsidian-quiz-blocks,radio,,MF3,needs-answer,,
1171,16191,13762,multiple-choice,single,obsidian-quiz-blocks,radio,,MF3,needs-answer,,
1171,16194,41950,multiple-choice,single,obsidian-quiz-blocks,radio,,MF3,needs-answer,,
1171,16194,41949,multiple-choice,single,obsidian-quiz-blocks,radio,,MF3,needs-answer,,
1177,2520,8179,multiple-choice,single,obsidian-quiz-blocks,radio,,CA2;CBC;MF3,needs-answer,,
1177,2520,8155,multiple-choice,single,obsidian-quiz-blocks,radio,,CA2;CBC;MF3,needs-answer,,
1177,26148,50690,multiple-choice,single,obsidian-quiz-blocks,radio,,CA2;CBC;MF3,needs-answer,,
1177,26148,15426,multiple-choice,single,obsidian-quiz-blocks,radio,,CA2;CBC;MF3,needs-answer,,
1179,1908,8310,multiple-choice,single,obsidian-quiz-blocks,radio,a,CAB;CBC;MF3;CA2;DEQ;PS1,converted-and-verified,manual,label
1179,1908,4019,multiple-choice,single,obsidian-quiz-blocks,radio,e,CAB;CBC;MF3;CA2;DEQ;PS1,converted-and-verified,manual,label
1179,1912,79372,multiple-choice,single,obsidian-quiz-blocks,radio,a,CAB;CBC;MF3;CA2;DEQ;PS1,converted-and-verified,manual,label
1179,1912,20071,multiple-choice,single,obsidian-quiz-blocks,radio,d,CAB;CBC;MF3;CA2;DEQ;PS1,converted-and-verified,manual,label
1181,1856,140631,multiple-choice,single,obsidian-quiz-blocks,radio,,CA2;CAB;CBC;MF3,needs-answer,,
1181,1856,141078,multiple-choice,single,obsidian-quiz-blocks,radio,,CA2;CAB;CBC;MF3,needs-answer,,
1181,32470,141055,multiple-choice,single,obsidian-quiz-blocks,radio,,CA2;CAB;CBC;MF3,needs-answer,,
1181,32470,141117,multiple-choice,single,obsidian-quiz-blocks,radio,,CA2;CAB;CBC;MF3,needs-answer,,
1181,37572,79335,multiple-choice,single,obsidian-quiz-blocks,radio,,CA2;CAB;CBC;MF3,needs-answer,,
1181,37572,141096,multiple-choice,single,obsidian-quiz-blocks,radio,,CA2;CAB;CBC;MF3,needs-answer,,
1183,466276,45749,multiple-choice,single,obsidian-quiz-blocks,radio,,MF3,needs-answer,,
1183,466276,263083,free-response,multi,,,,,,,
1183,466280,239206,free-response,single,,,,,,,
1183,466280,45783,multiple-choice,single,obsidian-quiz-blocks,radio,,MF3,needs-answer,,
1183,466283,14918,multiple-choice,single,obsidian-quiz-blocks,radio,,MF3,needs-answer,,
1183,466283,239207,free-response,multi,,,,,,,
1183,466283,45787,multiple-choice,single,obsidian-quiz-blocks,radio,,MF3,needs-answer,,
1195,16172,13564,multiple-choice,single,obsidian-quiz-blocks,radio,,MF3,needs-answer,,
1195,16172,13566,multiple-choice,single,obsidian-quiz-blocks,radio,,MF3,needs-answer,,
1195,16173,13558,multiple-choice,single,obsidian-quiz-blocks,radio,,MF3,needs-answer,,
1195,16173,13557,multiple-choice,single,obsidian-quiz-blocks,radio,,MF3,needs-answer,,
1195,16174,13554,multiple-choice,single,obsidian-quiz-blocks,radio,,MF3,needs-answer,,
1195,16174,127270,multiple-choice,single,obsidian-quiz-blocks,radio,,MF3,needs-answer,,
1196,16187,1029,multiple-choice,single,obsidian-quiz-blocks,radio,,MF3,needs-answer,,
1196,16187,1034,multiple-choice,single,obsidian-quiz-blocks,radio,,MF3,needs-answer,,
1196,16189,70792,multiple-choice,single,obsidian-quiz-blocks,radio,,MF3,needs-answer,,
1196,16189,70791,multiple-choice,single,obsidian-quiz-blocks,radio,,MF3,needs-answer,,
1196,21156,13636,multiple-choice,single,obsidian-quiz-blocks,radio,,MF3,needs-answer,,
1196,21156,1031,multiple-choice,single,obsidian-quiz-blocks,radio,,MF3,needs-answer,,
1198,16182,42374,multiple-choice,single,obsidian-quiz-blocks,radio,,MF3,needs-answer,,
1198,16182,22063,multiple-choice,single,obsidian-quiz-blocks,radio,,MF3,needs-answer,,
1198,16184,42379,multiple-choice,single,obsidian-quiz-blocks,radio,,MF3,needs-answer,,
1198,16184,42380,multiple-choice,single,obsidian-quiz-blocks,radio,,MF3,needs-answer,,
1198,16185,22065,multiple-choice,single,obsidian-quiz-blocks,radio,,MF3,needs-answer,,
1198,16185,22067,multiple-choice,single,obsidian-quiz-blocks,radio,,MF3,needs-answer,,
1200,1528,14783,multiple-choice,single,obsidian-quiz-blocks,radio,,CA1;CAB;CBC,needs-answer,,
1200,1528,75314,multiple-choice,single,obsidian-quiz-blocks,radio,,CA1;CAB;CBC,needs-answer,,
1200,1532,17996,multiple-choice,single,obsidian-quiz-blocks,radio,,CA1;CAB;CBC,needs-answer,,
1200,1532,51422,multiple-choice,single,obsidian-quiz-blocks,radio,,CA1;CAB;CBC,needs-answer,,
1203,618890,2473,multiple-choice,single,obsidian-quiz-blocks,radio,,CA2;CAB;CBC,needs-answer,,
1203,618890,344692,free-response,single,,,,,,,
1203,618890,2491,multiple-choice,single,obsidian-quiz-blocks,radio,,CA2;CAB;CBC,needs-answer,,
1203,618895,3290,multiple-choice,single,obsidian-quiz-blocks,radio,,CA2;CAB;CBC,needs-answer,,
1203,618895,30752,multiple-choice,single,obsidian-quiz-blocks,radio,,CA2;CAB;CBC,needs-answer,,
1203,618898,30869,multiple-choice,single,obsidian-quiz-blocks,radio,,CA2;CAB;CBC,needs-answer,,
1203,618898,3293,multiple-choice,single,obsidian-quiz-blocks,radio,,CA2;CAB;CBC,needs-answer,,
1203,618901,15993,multiple-choice,single,obsidian-quiz-blocks,radio,,CA2;CAB;CBC,needs-answer,,
1203,618901,18144,multiple-choice,single,obsidian-quiz-blocks,radio,,CA2;CAB;CBC,needs-answer,,
1208,587,47351,multiple-choice,single,obsidian-quiz-blocks,radio,a,CAB;CBC;CA1;MF2,converted-and-verified,manual,label
1208,587,47962,multiple-choice,single,obsidian-quiz-blocks,radio,a,CAB;CBC;CA1;MF2,converted-and-verified,manual,label
1208,592,20846,multiple-choice,single,obsidian-quiz-blocks,radio,e,CAB;CBC;CA1;MF2,converted-and-verified,manual,label
1208,592,101944,multiple-choice,single,obsidian-quiz-blocks,radio,e,CAB;CBC;CA1;MF2,converted-and-verified,manual,label
1208,12591,47956,multiple-choice,single,obsidian-quiz-blocks,radio,a,CAB;CBC;CA1;MF2,converted-and-verified,manual,label
1208,12591,47959,multiple-choice,single,obsidian-quiz-blocks,radio,b,CAB;CBC;CA1;MF2,converted-and-verified,manual,label
1211,1267,17810,multiple-choice,single,obsidian-quiz-blocks,radio,,CA1;CAB;CBC;MF3,needs-answer,,
1211,1267,14625,multiple-choice,single,obsidian-quiz-blocks,radio,,CA1;CAB;CBC;MF3,needs-answer,,
1211,1270,80070,multiple-choice,single,obsidian-quiz-blocks,radio,,CA1;CAB;CBC;MF3,needs-answer,,
1211,1270,14631,multiple-choice,single,obsidian-quiz-blocks,radio,,CA1;CAB;CBC;MF3,needs-answer,,
1216,117676,31519,multiple-choice,single,obsidian-quiz-blocks,radio,,CA1;CAB;CBC;MF3,needs-answer,,
1216,117676,117434,multiple-choice,single,obsidian-quiz-blocks,radio,,CA1;CAB;CBC;MF3,needs-answer,,
1216,117679,210774,multiple-choice,single,obsidian-quiz-blocks,radio,,CA1;CAB;CBC;MF3,needs-answer,,
1216,117679,117438,multiple-choice,single,obsidian-quiz-blocks,radio,,CA1;CAB;CBC;MF3,needs-answer,,
1216,117683,31427,multiple-choice,single,obsidian-quiz-blocks,radio,,CA1;CAB;CBC;MF3,needs-answer,,
1216,117683,31504,multiple-choice,single,obsidian-quiz-blocks,radio,,CA1;CAB;CBC;MF3,needs-answer,,
1222,2530,9360,multiple-choice,single,obsidian-quiz-blocks,radio,,CA2;CBC;MF3,needs-answer,,
1222,2530,9361,multiple-choice,single,obsidian-quiz-blocks,radio,,CA2;CBC;MF3,needs-answer,,
1222,2533,15480,multiple-choice,single,obsidian-quiz-blocks,radio,,CA2;CBC;MF3,needs-answer,,
1222,2533,15484,multiple-choice,single,obsidian-quiz-blocks,radio,,CA2;CBC;MF3,needs-answer,,
1222,26162,51236,multiple-choice,single,obsidian-quiz-blocks,radio,,CA2;CBC;MF3,needs-answer,,
1222,26162,51235,multiple-choice,single,obsidian-quiz-blocks,radio,,CA2;CBC;MF3,needs-answer,,
1223,53733,68331,multiple-choice,single,obsidian-quiz-blocks,radio,,MF1,needs-answer,,
1223,53733,68330,multiple-choice,single,obsidian-quiz-blocks,radio,,MF1,needs-answer,,
1223,53736,68342,multiple-choice,single,obsidian-quiz-blocks,radio,,MF1,needs-answer,,
1223,53736,68338,multiple-choice,single,obsidian-quiz-blocks,radio,,MF1,needs-answer,,
1223,53740,68350,multiple-choice,single,obsidian-quiz-blocks,radio,,MF1,needs-answer,,
1223,53740,68345,multiple-choice,single,obsidian-quiz-blocks,radio,,MF1,needs-answer,,
1223,53747,68358,multiple-choice,single,obsidian-quiz-blocks,radio,,MF1,needs-answer,,
1223,53747,68353,multiple-choice,single,obsidian-quiz-blocks,radio,,MF1,needs-answer,,
1224,17013,68145,multiple-choice,single,obsidian-quiz-blocks,radio,,MF1,needs-answer,,
1224,17013,68371,multiple-choice,single,obsidian-quiz-blocks,radio,,MF1,needs-answer,,
1224,17014,68156,multiple-choice,single,obsidian-quiz-blocks,radio,,MF1,needs-answer,,
1224,17014,68379,multiple-choice,single,obsidian-quiz-blocks,radio,,MF1,needs-answer,,
1224,37597,68374,multiple-choice,single,obsidian-quiz-blocks,radio,,MF1,needs-answer,,
1224,37597,100389,multiple-choice,single,obsidian-quiz-blocks,radio,,MF1,needs-answer,,
1226,166553,51840,multiple-choice,single,obsidian-quiz-blocks,radio,,MF2,needs-answer,,
1226,166553,217094,free-response,single,,,,,,,
1226,166553,71322,multiple-choice,single,obsidian-quiz-blocks,radio,,MF2,needs-answer,,
1226,166557,51842,multiple-choice,single,obsidian-quiz-blocks,radio,,MF2,needs-answer,,
1226,166557,154918,multiple-choice,single,obsidian-quiz-blocks,radio,,MF2,needs-answer,,
1226,166557,217109,free-response,single,,,,,,,
1226,166561,51882,multiple-choice,single,obsidian-quiz-blocks,radio,,MF2,needs-answer,,
1226,166561,217120,free-response,single,,,,,,,
1226,166564,14435,multiple-choice,single,obsidian-quiz-blocks,radio,,MF2,needs-answer,,
1226,166564,217141,free-response,multi,,,,,,,
1240,513897,171689,free-response,multi,,,,,,,
1240,513897,44189,multiple-choice,single,obsidian-quiz-blocks,radio,,MF1,needs-answer,,
1240,513897,44177,multiple-choice,single,obsidian-quiz-blocks,radio,,MF1,needs-answer,,
1240,513901,22321,multiple-choice,single,obsidian-quiz-blocks,radio,,MF1,needs-answer,,
1240,513901,22322,multiple-choice,single,obsidian-quiz-blocks,radio,,MF1,needs-answer,,
1240,513901,178577,free-response,single,,,,,,,
1240,513905,22606,multiple-choice,single,obsidian-quiz-blocks,radio,,MF1,needs-answer,,
1240,513905,6899,multiple-choice,single,obsidian-quiz-blocks,radio,,MF1,needs-answer,,
1240,513908,6900,multiple-choice,single,obsidian-quiz-blocks,radio,,MF1,needs-answer,,
1240,513908,6947,multiple-choice,single,obsidian-quiz-blocks,radio,,MF1,needs-answer,,
1240,513908,179507,free-response,single,,,,,,,
1244,4046,15848,multiple-choice,single,obsidian-quiz-blocks,radio,,MF1,needs-answer,,
1244,4046,15844,multiple-choice,single,obsidian-quiz-blocks,radio,,MF1,needs-answer,,
1244,4052,52219,multiple-choice,single,,,,,,,
1244,4052,15850,multiple-choice,single,obsidian-quiz-blocks,radio,,MF1,needs-answer,,
1244,30159,52033,multiple-choice,single,,,,,,,
1244,30159,52220,multiple-choice,single,,,,,,,
1245,2273,49504,multiple-choice,single,obsidian-quiz-blocks,radio,,CA2;CBC,needs-answer,,
1245,2273,49670,multiple-choice,single,obsidian-quiz-blocks,radio,,CA2;CBC,needs-answer,,
1245,2275,49728,multiple-choice,single,obsidian-quiz-blocks,radio,,CA2;CBC,needs-answer,,
1245,2275,49661,multiple-choice,single,obsidian-quiz-blocks,radio,,CA2;CBC,needs-answer,,
1245,2277,49657,multiple-choice,single,obsidian-quiz-blocks,radio,,CA2;CBC,needs-answer,,
1245,2277,49503,multiple-choice,single,obsidian-quiz-blocks,radio,,CA2;CBC,needs-answer,,
1246,340,4454,multiple-choice,single,obsidian-quiz-blocks,radio,a,CAB;CBC;CA1;MF2,converted-and-verified,manual,label
1246,340,35465,multiple-choice,single,obsidian-quiz-blocks,radio,e,CAB;CBC;CA1;MF2,converted-and-verified,manual,label
1246,342,17283,multiple-choice,single,obsidian-quiz-blocks,radio,a,CAB;CBC;CA1;MF2,converted-and-verified,manual,label
1246,342,17281,multiple-choice,single,obsidian-quiz-blocks,radio,d,CAB;CBC;CA1;MF2,converted-and-verified,manual,label
1246,12001,35443,multiple-choice,single,obsidian-quiz-blocks,radio,c,CAB;CBC;CA1;MF2,converted-and-verified,manual,label
1246,12001,35441,multiple-choice,single,obsidian-quiz-blocks,radio,d,CAB;CBC;CA1;MF2,converted-and-verified,manual,label
1246,12002,35402,multiple-choice,single,obsidian-quiz-blocks,radio,c,CAB;CBC;CA1;MF2,converted-and-verified,manual,label
1246,12002,35182,multiple-choice,single,obsidian-quiz-blocks,radio,c,CAB;CBC;CA1;MF2,converted-and-verified,manual,label
1249,12339,48844,multiple-choice,single,obsidian-quiz-blocks,radio,d,CAB;CBC;CA1;MF2,converted-and-verified,manual,label
1249,12339,16091,multiple-choice,single,obsidian-quiz-blocks,radio,c,CAB;CBC;CA1;MF2,converted-and-verified,manual,label
1249,12340,72964,multiple-choice,single,obsidian-quiz-blocks,radio,a,CAB;CBC;CA1;MF2,converted-and-verified,manual,label
1249,12340,4957,multiple-choice,single,obsidian-quiz-blocks,radio,b,CAB;CBC;CA1;MF2,converted-and-verified,manual,label
1249,22970,19200,multiple-choice,single,obsidian-quiz-blocks,radio,d,CAB;CBC;CA1;MF2,converted-and-verified,manual,label
1249,22970,16090,multiple-choice,single,obsidian-quiz-blocks,radio,a,CAB;CBC;CA1;MF2,converted-and-verified,manual,label
1249,22971,48721,multiple-choice,single,obsidian-quiz-blocks,radio,c,CAB;CBC;CA1;MF2,converted-and-verified,manual,label
1249,22971,48919,multiple-choice,single,obsidian-quiz-blocks,radio,e,CAB;CBC;CA1;MF2,converted-and-verified,manual,label
1251,14721,26123,multiple-choice,single,obsidian-quiz-blocks,radio,,MF2,needs-answer,,
1251,14721,26125,multiple-choice,single,obsidian-quiz-blocks,radio,,MF2,needs-answer,,
1251,14722,15562,multiple-choice,single,,,,,,,
1251,14722,15512,multiple-choice,single,,,,,,,
1251,14723,26121,multiple-choice,single,obsidian-quiz-blocks,radio,,MF2,needs-answer,,
1251,14723,15953,multiple-choice,single,obsidian-quiz-blocks,radio,,MF2,needs-answer,,
1251,18128,34647,multiple-choice,single,,,,,,,
1251,18128,26060,multiple-choice,single,,,,,,,
1252,457107,17508,multiple-choice,single,,,,,,,
1252,457107,18014,multiple-choice,single,,,,,,,
1252,457110,17793,multiple-choice,single,,,,,,,
1252,457110,17837,multiple-choice,single,,,,,,,
1252,457113,26935,multiple-choice,single,obsidian-quiz-blocks,radio,,MF2,needs-answer,,
1252,457113,26448,multiple-choice,single,obsidian-quiz-blocks,radio,,MF2,needs-answer,,
1252,457113,250280,free-response,multi,,,,,,,
1254,18042,87113,multiple-choice,single,,,,,,,
1254,18042,86937,multiple-choice,single,,,,,,,
1254,28363,86946,multiple-choice,single,,,,,,,
1254,28363,87242,multiple-choice,single,,,,,,,
1254,28366,87171,multiple-choice,single,,,,,,,
1254,28366,86957,multiple-choice,single,,,,,,,
1254,28377,87276,multiple-choice,single,,,,,,,
1254,28377,86959,multiple-choice,single,,,,,,,
1255,18565,15678,multiple-choice,single,obsidian-quiz-blocks,radio,,MF3,needs-answer,,
1255,18565,15755,multiple-choice,single,obsidian-quiz-blocks,radio,,MF3,needs-answer,,
1255,18615,15751,multiple-choice,single,obsidian-quiz-blocks,radio,,MF3,needs-answer,,
1255,18615,15752,multiple-choice,single,obsidian-quiz-blocks,radio,,MF3,needs-answer,,
1257,19848,16187,multiple-choice,single,obsidian-quiz-blocks,radio,,MF3,needs-answer,,
1257,19848,16179,multiple-choice,single,obsidian-quiz-blocks,radio,,MF3,needs-answer,,
1257,19849,6823,multiple-choice,single,obsidian-quiz-blocks,radio,,MF3,needs-answer,,
1257,19849,6815,multiple-choice,single,obsidian-quiz-blocks,radio,,MF3,needs-answer,,
1258,11967,16237,multiple-choice,single,obsidian-quiz-blocks,radio,,MF3,needs-answer,,
1258,11967,16238,multiple-choice,single,obsidian-quiz-blocks,radio,,MF3,needs-answer,,
1258,11969,16229,multiple-choice,single,obsidian-quiz-blocks,radio,,MF3,needs-answer,,
1258,11969,16226,multiple-choice,single,obsidian-quiz-blocks,radio,,MF3,needs-answer,,
1258,11971,30100,multiple-choice,single,obsidian-quiz-blocks,radio,,MF3,needs-answer,,
1258,11971,67633,multiple-choice,single,obsidian-quiz-blocks,radio,,MF3,needs-answer,,
1258,11972,17340,multiple-choice,single,obsidian-quiz-blocks,radio,,MF3,needs-answer,,
1258,11972,17010,multiple-choice,single,obsidian-quiz-blocks,radio,,MF3,needs-answer,,
1259,13032,16351,multiple-choice,single,obsidian-quiz-blocks,radio,,MF3,needs-answer,,
1259,13032,17344,multiple-choice,single,obsidian-quiz-blocks,radio,,MF3,needs-answer,,
1259,13034,42797,multiple-choice,single,obsidian-quiz-blocks,radio,,MF3,needs-answer,,
1259,13034,17358,multiple-choice,single,obsidian-quiz-blocks,radio,,MF3,needs-answer,,
1259,13036,42788,multiple-choice,single,obsidian-quiz-blocks,radio,,MF3,needs-answer,,
1259,13036,42789,multiple-choice,single,obsidian-quiz-blocks,radio,,MF3,needs-answer,,
1259,32147,16308,multiple-choice,single,obsidian-quiz-blocks,radio,,MF3,needs-answer,,
1259,32147,16249,multiple-choice,single,obsidian-quiz-blocks,radio,,MF3,needs-answer,,
1262,425,36699,multiple-choice,single,obsidian-quiz-blocks,radio,a,CAB;CBC;CA1;MF2,converted-and-verified,manual,label
1262,425,36702,multiple-choice,single,obsidian-quiz-blocks,radio,e,CAB;CBC;CA1;MF2,converted-and-verified,manual,label
1262,428,36707,multiple-choice,single,obsidian-quiz-blocks,radio,d,CAB;CBC;CA1;MF2,converted-and-verified,manual,label
1262,428,36703,multiple-choice,single,obsidian-quiz-blocks,radio,e,CAB;CBC;CA1;MF2,converted-and-verified,manual,label
1262,431,36716,multiple-choice,single,obsidian-quiz-blocks,radio,a,CAB;CBC;CA1;MF2,converted-and-verified,manual,label
1262,431,36691,multiple-choice,single,obsidian-quiz-blocks,radio,d,CAB;CBC;CA1;MF2,converted-and-verified,manual,label
1262,433,36714,multiple-choice,single,obsidian-quiz-blocks,radio,c,CAB;CBC;CA1;MF2,converted-and-verified,manual,label
1262,433,36709,multiple-choice,single,obsidian-quiz-blocks,radio,e,CAB;CBC;CA1;MF2,converted-and-verified,manual,label
1263,354,35196,multiple-choice,single,obsidian-quiz-blocks,radio,d,CAB;CBC;CA1;MF2,converted-and-verified,manual,label
1263,354,35378,multiple-choice,single,obsidian-quiz-blocks,radio,c,CAB;CBC;CA1;MF2,converted-and-verified,manual,label
1263,358,35241,multiple-choice,single,obsidian-quiz-blocks,radio,a,CAB;CBC;CA1;MF2,converted-and-verified,manual,label
1263,358,35192,multiple-choice,single,obsidian-quiz-blocks,radio,a,CAB;CBC;CA1;MF2,converted-and-verified,manual,label
1263,364,54411,multiple-choice,single,obsidian-quiz-blocks,radio,d,CAB;CBC;CA1;MF2,converted-and-verified,manual,label
1263,364,3756,multiple-choice,single,obsidian-quiz-blocks,radio,d,CAB;CBC;CA1;MF2,converted-and-verified,manual,label
1263,12016,35197,multiple-choice,single,obsidian-quiz-blocks,radio,d,CAB;CBC;CA1;MF2,converted-and-verified,manual,label
1263,12016,65470,multiple-choice,single,obsidian-quiz-blocks,radio,e,CAB;CBC;CA1;MF2,converted-and-verified,manual,label
1275,463834,18023,multiple-choice,single,obsidian-quiz-blocks,radio,,MF2,needs-answer,,
1275,463834,18021,multiple-choice,single,obsidian-quiz-blocks,radio,,MF2,needs-answer,,
1275,463837,43310,multiple-choice,single,obsidian-quiz-blocks,radio,,MF2,needs-answer,,
1275,463837,43343,multiple-choice,single,obsidian-quiz-blocks,radio,,MF2,needs-answer,,
1275,463840,18180,multiple-choice,single,obsidian-quiz-blocks,radio,,MF2,needs-answer,,
1275,463840,54258,multiple-choice,single,obsidian-quiz-blocks,radio,,MF2,needs-answer,,
1275,463843,18188,multiple-choice,single,obsidian-quiz-blocks,radio,,MF2,needs-answer,,
1275,463843,18192,multiple-choice,single,obsidian-quiz-blocks,radio,,MF2,needs-answer,,
1277,15803,18308,multiple-choice,single,obsidian-quiz-blocks,radio,,MF3,needs-answer,,
1277,15803,18970,multiple-choice,single,obsidian-quiz-blocks,radio,,MF3,needs-answer,,
1277,15804,18978,multiple-choice,single,obsidian-quiz-blocks,radio,,MF3,needs-answer,,
1277,15804,19016,multiple-choice,single,obsidian-quiz-blocks,radio,,MF3,needs-answer,,
1277,15805,18975,multiple-choice,single,obsidian-quiz-blocks,radio,,MF3,needs-answer,,
1277,15805,18976,multiple-choice,single,obsidian-quiz-blocks,radio,,MF3,needs-answer,,
1278,15822,19035,multiple-choice,single,obsidian-quiz-blocks,radio,,MF3,needs-answer,,
1278,15822,18320,multiple-choice,single,obsidian-quiz-blocks,radio,,MF3,needs-answer,,
1278,15823,19112,multiple-choice,single,obsidian-quiz-blocks,radio,,MF3,needs-answer,,
1278,15823,19110,multiple-choice,single,obsidian-quiz-blocks,radio,,MF3,needs-answer,,
1278,18783,19115,multiple-choice,single,obsidian-quiz-blocks,radio,,MF3,needs-answer,,
1278,18783,19034,multiple-choice,single,obsidian-quiz-blocks,radio,,MF3,needs-answer,,
1281,1412,74324,multiple-choice,single,obsidian-quiz-blocks,radio,d,CAB;CBC;MF3;CA1,converted-and-verified,manual,label
1281,1412,4411,multiple-choice,single,obsidian-quiz-blocks,radio,c,CAB;CBC;MF3;CA1,converted-and-verified,manual,label
1281,1420,49111,multiple-choice,single,obsidian-quiz-blocks,radio,b,CAB;CBC;MF3;CA1,converted-and-verified,manual,label
1281,1420,49107,multiple-choice,single,obsidian-quiz-blocks,radio,c,CAB;CBC;MF3;CA1,converted-and-verified,manual,label
1281,26749,49090,multiple-choice,single,obsidian-quiz-blocks,radio,d,CAB;CBC;MF3;CA1,converted-and-verified,manual,label
1281,26749,74343,multiple-choice,single,obsidian-quiz-blocks,radio,d,CAB;CBC;MF3;CA1,converted-and-verified,manual,label
1281,26752,49117,multiple-choice,single,obsidian-quiz-blocks,radio,d,CAB;CBC;MF3;CA1,converted-and-verified,image-id,answer-image-id-1
1281,26752,49120,multiple-choice,single,obsidian-quiz-blocks,radio,c,CAB;CBC;MF3;CA1,converted-and-verified,image-id,answer-image-id-1
1285,517264,19136,multiple-choice,single,obsidian-quiz-blocks,radio,,MF3,needs-answer,,
1285,517264,71532,multiple-choice,single,obsidian-quiz-blocks,radio,,MF3,needs-answer,,
1285,517268,18374,multiple-choice,single,obsidian-quiz-blocks,radio,,MF3,needs-answer,,
1285,517268,126501,multiple-choice,single,obsidian-quiz-blocks,radio,,MF3,needs-answer,,
1285,517272,236734,multiple-choice,single,obsidian-quiz-blocks,radio,,MF3,needs-answer,,
1285,517272,236735,multiple-choice,single,obsidian-quiz-blocks,radio,,MF3,needs-answer,,
1286,15858,20065,multiple-choice,single,obsidian-quiz-blocks,radio,,MF3,needs-answer,,
1286,15858,20063,multiple-choice,single,obsidian-quiz-blocks,radio,,MF3,needs-answer,,
1286,15860,20056,multiple-choice,single,obsidian-quiz-blocks,radio,,MF3,needs-answer,,
1286,15860,20051,multiple-choice,single,obsidian-quiz-blocks,radio,,MF3,needs-answer,,
1286,15862,20062,multiple-choice,single,obsidian-quiz-blocks,radio,,MF3,needs-answer,,
1286,15862,20058,multiple-choice,single,obsidian-quiz-blocks,radio,,MF3,needs-answer,,
1287,464355,40214,multiple-choice,single,obsidian-quiz-blocks,radio,,MF3,needs-answer,,
1287,464355,42052,multiple-choice,single,obsidian-quiz-blocks,radio,,MF3,needs-answer,,
1287,464359,18260,multiple-choice,single,obsidian-quiz-blocks,radio,,MF3,needs-answer,,
1287,464359,18268,multiple-choice,single,obsidian-quiz-blocks,radio,,MF3,needs-answer,,
1287,464363,128472,multiple-choice,single,obsidian-quiz-blocks,radio,,MF3,needs-answer,,
1287,464363,20138,multiple-choice,single,obsidian-quiz-blocks,radio,,MF3,needs-answer,,
1289,17142,68456,multiple-choice,single,obsidian-quiz-blocks,radio,,MF1,needs-answer,,
1289,17142,68453,multiple-choice,single,obsidian-quiz-blocks,radio,,MF1,needs-answer,,
1289,17143,68464,multiple-choice,single,obsidian-quiz-blocks,radio,,MF1,needs-answer,,
1289,17143,68458,multiple-choice,single,obsidian-quiz-blocks,radio,,MF1,needs-answer,,
1289,17144,68471,multiple-choice,single,obsidian-quiz-blocks,radio,,MF1,needs-answer,,
1289,17144,68467,multiple-choice,single,obsidian-quiz-blocks,radio,,MF1,needs-answer,,
1290,27298,83453,multiple-choice,single,obsidian-quiz-blocks,radio,,DSM;MF3,needs-answer,,
1290,27298,83451,multiple-choice,single,obsidian-quiz-blocks,radio,,DSM;MF3,needs-answer,,
1290,27299,83456,multiple-choice,single,obsidian-quiz-blocks,radio,,DSM;MF3,needs-answer,,
1290,27299,83448,multiple-choice,single,obsidian-quiz-blocks,radio,,DSM;MF3,needs-answer,,
1290,27300,83449,multiple-choice,single,obsidian-quiz-blocks,radio,,DSM;MF3,needs-answer,,
1290,27300,83458,multiple-choice,single,obsidian-quiz-blocks,radio,,DSM;MF3,needs-answer,,
1290,27301,83450,multiple-choice,single,obsidian-quiz-blocks,radio,,DSM;MF3,needs-answer,,
1290,27301,83457,multiple-choice,single,obsidian-quiz-blocks,radio,,DSM;MF3,needs-answer,,
1295,121756,19219,multiple-choice,single,obsidian-quiz-blocks,radio,,MF3,needs-answer,,
1295,121756,71836,multiple-choice,single,obsidian-quiz-blocks,radio,,MF3,needs-answer,,
1295,121760,126508,multiple-choice,single,obsidian-quiz-blocks,radio,,MF3,needs-answer,,
1295,121760,101543,multiple-choice,single,obsidian-quiz-blocks,radio,,MF3,needs-answer,,
1295,121763,71668,multiple-choice,single,obsidian-quiz-blocks,radio,,MF3,needs-answer,,
1295,121763,212461,multiple-choice,single,obsidian-quiz-blocks,radio,,MF3,needs-answer,,
1297,2824,51646,multiple-choice,single,obsidian-quiz-blocks,radio,,MF1,needs-answer,,
1297,2824,51642,multiple-choice,single,obsidian-quiz-blocks,radio,,MF1,needs-answer,,
1297,4768,51457,multiple-choice,single,obsidian-quiz-blocks,radio,,MF1,needs-answer,,
1297,4768,51637,multiple-choice,single,obsidian-quiz-blocks,radio,,MF1,needs-answer,,
1297,4899,51450,multiple-choice,single,obsidian-quiz-blocks,radio,,MF1,needs-answer,,
1297,4899,57620,multiple-choice,single,obsidian-quiz-blocks,radio,,MF1,needs-answer,,
1297,4900,54544,multiple-choice,single,obsidian-quiz-blocks,radio,,MF1,needs-answer,,
1297,4900,57629,multiple-choice,single,obsidian-quiz-blocks,radio,,MF1,needs-answer,,
1299,15854,19983,multiple-choice,single,obsidian-quiz-blocks,radio,,MF3,needs-answer,,
1299,15854,20003,multiple-choice,single,obsidian-quiz-blocks,radio,,MF3,needs-answer,,
1299,15855,20016,multiple-choice,single,obsidian-quiz-blocks,radio,,MF3,needs-answer,,
1299,15855,20026,multiple-choice,single,obsidian-quiz-blocks,radio,,MF3,needs-answer,,
1299,15856,20028,multiple-choice,single,obsidian-quiz-blocks,radio,,MF3,needs-answer,,
1299,15856,20027,multiple-choice,single,obsidian-quiz-blocks,radio,,MF3,needs-answer,,
1317,188118,21986,multiple-choice,single,obsidian-quiz-blocks,radio,,MF1,needs-answer,,
1317,188118,22042,multiple-choice,single,obsidian-quiz-blocks,radio,,MF1,needs-answer,,
1317,188122,236888,multiple-choice,single,obsidian-quiz-blocks,radio,,MF1,needs-answer,,
1317,188122,236887,select-list,multi,,,,,,,
1317,188126,22300,multiple-choice,single,obsidian-quiz-blocks,radio,,MF1,needs-answer,,
1317,188126,52827,multiple-choice,single,obsidian-quiz-blocks,radio,,MF1,needs-answer,,
1317,188129,52897,multiple-choice,single,obsidian-quiz-blocks,radio,,MF1,needs-answer,,
1317,188129,52824,multiple-choice,single,obsidian-quiz-blocks,radio,,MF1,needs-answer,,
1317,188129,22099,multiple-choice,single,obsidian-quiz-blocks,radio,,MF1,needs-answer,,
1318,127308,213443,multiple-choice,single,obsidian-quiz-blocks,radio,,MF1,needs-answer,,
1318,127308,68828,multiple-choice,single,obsidian-quiz-blocks,radio,,MF1,needs-answer,,
1318,127311,68564,multiple-choice,single,obsidian-quiz-blocks,radio,,MF1,needs-answer,,
1318,127311,68568,multiple-choice,single,obsidian-quiz-blocks,radio,,MF1,needs-answer,,
1318,127314,212908,multiple-choice,single,obsidian-quiz-blocks,radio,,MF1,needs-answer,,
1318,127314,212912,multiple-choice,single,obsidian-quiz-blocks,radio,,MF1,needs-answer,,
1318,127317,212809,multiple-choice,single,obsidian-quiz-blocks,radio,,MF1,needs-answer,,
1318,127317,212808,multiple-choice,single,obsidian-quiz-blocks,radio,,MF1,needs-answer,,
1319,136667,68022,multiple-choice,single,obsidian-quiz-blocks,radio,,MF1,needs-answer,,
1319,136667,20084,multiple-choice,single,obsidian-quiz-blocks,radio,,MF1,needs-answer,,
1319,136671,4216,multiple-choice,single,obsidian-quiz-blocks,radio,,MF1,needs-answer,,
1319,136671,4231,multiple-choice,single,obsidian-quiz-blocks,radio,,MF1,needs-answer,,
1319,136674,22689,multiple-choice,single,obsidian-quiz-blocks,radio,,MF1,needs-answer,,
1319,136674,22690,multiple-choice,single,obsidian-quiz-blocks,radio,,MF1,needs-answer,,
1321,187129,23180,multiple-choice,single,,,,,,,
1321,187129,52954,multiple-choice,single,,,,,,,
1321,187132,171902,free-response,single,,,,,,,
1321,187132,118357,multiple-choice,single,obsidian-quiz-blocks,radio,,MF1,needs-answer,,
1321,187135,52917,multiple-choice,single,obsidian-quiz-blocks,radio,,MF1,needs-answer,,
1321,187135,223207,free-response,single,,,,,,,
1321,187138,171908,free-response,single,,,,,,,
1321,187138,79418,multiple-choice,single,obsidian-quiz-blocks,radio,,MF1,needs-answer,,
1322,119189,168903,multiple-choice,single,obsidian-quiz-blocks,radio,,MF1,needs-answer,,
1322,119189,168904,multiple-choice,single,obsidian-quiz-blocks,radio,,MF1,needs-answer,,
1322,119193,23022,multiple-choice,single,obsidian-quiz-blocks,radio,,MF1,needs-answer,,
1322,119193,118388,multiple-choice,single,obsidian-quiz-blocks,radio,,MF1,needs-answer,,
1322,119196,67903,multiple-choice,single,obsidian-quiz-blocks,radio,,MF1,needs-answer,,
1322,119196,23177,multiple-choice,single,obsidian-quiz-blocks,radio,,MF1,needs-answer,,
1322,119199,53018,multiple-choice,single,obsidian-quiz-blocks,radio,,MF1,needs-answer,,
1322,119199,53017,multiple-choice,single,obsidian-quiz-blocks,radio,,MF1,needs-answer,,
1331,3542,22333,multiple-choice,single,obsidian-quiz-blocks,radio,,MF1,needs-answer,,
1331,3542,22332,multiple-choice,single,obsidian-quiz-blocks,radio,,MF1,needs-answer,,
1331,3545,528,multiple-choice,single,obsidian-quiz-blocks,radio,,MF1,needs-answer,,
1331,3545,28736,multiple-choice,single,obsidian-quiz-blocks,radio,,MF1,needs-answer,,
1331,3548,3313,multiple-choice,single,obsidian-quiz-blocks,radio,,MF1,needs-answer,,
1331,3548,25384,multiple-choice,single,obsidian-quiz-blocks,radio,,MF1,needs-answer,,
1346,54972,5429,multiple-choice,single,obsidian-quiz-blocks,radio,,MF2,needs-answer,,
1346,54972,108737,multiple-choice,single,obsidian-quiz-blocks,radio,,MF2,needs-answer,,
1346,54972,5432,multiple-choice,single,obsidian-quiz-blocks,radio,,MF2,needs-answer,,
1346,54976,51507,multiple-choice,single,obsidian-quiz-blocks,radio,,MF2,needs-answer,,
1346,54976,177693,multiple-choice,single,obsidian-quiz-blocks,radio,,MF2,needs-answer,,
1346,54979,5434,multiple-choice,single,obsidian-quiz-blocks,radio,,MF2,needs-answer,,
1346,54979,39403,multiple-choice,single,obsidian-quiz-blocks,radio,,MF2,needs-answer,,
1346,54979,5435,multiple-choice,single,obsidian-quiz-blocks,radio,,MF2,needs-answer,,
1351,44642,96858,multiple-choice,single,obsidian-quiz-blocks,radio,,MF3,needs-answer,,
1351,44642,21067,multiple-choice,single,obsidian-quiz-blocks,radio,,MF3,needs-answer,,
1351,44645,21061,multiple-choice,single,,,,,,,
1351,44645,96873,multiple-choice,single,,,,,,,
1351,44693,162206,multiple-choice,single,obsidian-quiz-blocks,radio,,MF3,needs-answer,,
1351,44693,162150,multiple-choice,single,obsidian-quiz-blocks,radio,,MF3,needs-answer,,
1351,44693,162145,multiple-choice,single,obsidian-quiz-blocks,radio,,MF3,needs-answer,,
1352,9597,53274,multiple-choice,single,,,,,,,
1352,9597,53234,multiple-choice,single,,,,,,,
1352,9601,53232,multiple-choice,single,,,,,,,
1352,9601,53262,multiple-choice,single,,,,,,,
1352,9604,53269,multiple-choice,single,,,,,,,
1352,9604,53272,multiple-choice,single,,,,,,,
1352,28598,21449,multiple-choice,single,,,,,,,
1352,28598,21439,multiple-choice,single,,,,,,,
1353,9618,53239,multiple-choice,single,,,,,,,
1353,9618,53231,multiple-choice,single,,,,,,,
1353,9629,53246,multiple-choice,single,,,,,,,
1353,9629,53181,multiple-choice,single,,,,,,,
1353,9631,53235,multiple-choice,single,,,,,,,
1353,9631,21200,multiple-choice,single,,,,,,,
1353,9634,53253,multiple-choice,single,,,,,,,
1353,9634,53236,multiple-choice,single,,,,,,,
1358,20032,80725,multiple-choice,single,obsidian-quiz-blocks,radio,,MF3,needs-answer,,
1358,20032,80726,multiple-choice,single,obsidian-quiz-blocks,radio,,MF3,needs-answer,,
1358,20038,38052,multiple-choice,single,obsidian-quiz-blocks,radio,,MF3,needs-answer,,
1358,20038,38050,multiple-choice,single,obsidian-quiz-blocks,radio,,MF3,needs-answer,,
1358,20040,12044,multiple-choice,single,obsidian-quiz-blocks,radio,,MF3,needs-answer,,
1358,20040,8092,multiple-choice,single,obsidian-quiz-blocks,radio,,MF3,needs-answer,,
1358,20043,38066,multiple-choice,single,,,,,,,
1358,20043,38021,multiple-choice,single,,,,,,,
1359,12783,18227,multiple-choice,single,obsidian-quiz-blocks,radio,,CA1;CAB;CBC,needs-answer,,
1359,12783,16039,multiple-choice,single,obsidian-quiz-blocks,radio,,CA1;CAB;CBC,needs-answer,,
1359,12790,21021,multiple-choice,single,obsidian-quiz-blocks,radio,d,CA1;CAB;CBC;MF3,converted-and-verified,manual,label
1359,12790,21029,multiple-choice,single,obsidian-quiz-blocks,radio,a,CA1;CAB;CBC;MF3,converted-and-verified,manual,label
1359,12793,48592,multiple-choice,single,obsidian-quiz-blocks,radio,e,CA1;CAB;CBC;MF3,converted-and-verified,manual,label
1359,12793,21018,multiple-choice,single,obsidian-quiz-blocks,radio,e,CA1;CAB;CBC;MF3,converted-and-verified,manual,label
1359,12796,49005,multiple-choice,single,obsidian-quiz-blocks,radio,,CA1;CAB;CBC,needs-answer,,
1359,12796,48996,multiple-choice,single,obsidian-quiz-blocks,radio,,CA1;CAB;CBC,needs-answer,,
1360,12786,78915,multiple-choice,single,obsidian-quiz-blocks,radio,,CA1;CAB;CBC;MF3,needs-answer,,
1360,12786,21455,multiple-choice,single,obsidian-quiz-blocks,radio,,CA1;CAB;CBC;MF3,needs-answer,,
1360,12787,21465,multiple-choice,single,obsidian-quiz-blocks,radio,,CA1;CAB;CBC;MF3,needs-answer,,
1360,12787,49030,multiple-choice,single,obsidian-quiz-blocks,radio,,CA1;CAB;CBC;MF3,needs-answer,,
1360,12788,22810,multiple-choice,single,obsidian-quiz-blocks,radio,,CA1;CAB;CBC;MF3,needs-answer,,
1360,12788,49022,multiple-choice,single,obsidian-quiz-blocks,radio,,CA1;CAB;CBC;MF3,needs-answer,,
1361,1360,29934,multiple-choice,single,obsidian-quiz-blocks,radio,,CA1;CAB;CBC;MF2,needs-answer,,
1361,1360,49097,multiple-choice,single,obsidian-quiz-blocks,radio,,CA1;CAB;CBC;MF2,needs-answer,,
1361,1363,29857,multiple-choice,single,obsidian-quiz-blocks,radio,,CA1;CAB;CBC;MF2,needs-answer,,
1361,1363,29836,multiple-choice,single,obsidian-quiz-blocks,radio,,CA1;CAB;CBC;MF2,needs-answer,,
1361,1367,49096,multiple-choice,single,obsidian-quiz-blocks,radio,,CA1;CAB;CBC;MF2,needs-answer,,
1361,1367,15717,multiple-choice,single,obsidian-quiz-blocks,radio,,CA1;CAB;CBC;MF2,needs-answer,,
1363,29238,45264,multiple-choice,single,,,,,,,
1363,29238,88375,multiple-choice,single,,,,,,,
1363,29242,45407,multiple-choice,single,obsidian-quiz-blocks,radio,,MF2,needs-answer,,
1363,29242,45442,multiple-choice,single,obsidian-quiz-blocks,radio,,MF2,needs-answer,,
1363,29247,88616,multiple-choice,single,obsidian-quiz-blocks,radio,,MF2,needs-answer,,
1363,29247,88617,multiple-choice,single,obsidian-quiz-blocks,radio,,MF2,needs-answer,,
1377,15582,54465,multiple-choice,single,obsidian-quiz-blocks,radio,d,CAB;CBC;CA1;MF2,converted-and-verified,manual,label
1377,15582,54492,multiple-choice,single,obsidian-quiz-blocks,radio,b,CAB;CBC;CA1;MF2,converted-and-verified,manual,label
1377,15585,54458,multiple-choice,single,obsidian-quiz-blocks,radio,c,CAB;CBC;CA1;MF2,converted-and-verified,manual,label
1377,15585,54463,multiple-choice,single,obsidian-quiz-blocks,radio,b,CAB;CBC;CA1;MF2,converted-and-verified,manual,label
1377,15586,54451,multiple-choice,single,obsidian-quiz-blocks,radio,a,CAB;CBC;CA1;MF2,converted-and-verified,manual,label
1377,15586,54452,multiple-choice,single,obsidian-quiz-blocks,radio,a,CAB;CBC;CA1;MF2,converted-and-verified,manual,label
1377,15587,54515,multiple-choice,single,obsidian-quiz-blocks,radio,b,CAB;CBC;CA1;MF2,converted-and-verified,manual,label
1377,15587,54454,multiple-choice,single,obsidian-quiz-blocks,radio,b,CAB;CBC;CA1;MF2,converted-and-verified,manual,label
1378,8690,150642,multiple-choice,single,,,,,,,
1378,8690,86695,multiple-choice,single,obsidian-quiz-blocks,radio,,MF1,needs-answer,,
1378,40003,150652,multiple-choice,single,,,,,,,
1378,40003,150631,multiple-choice,single,obsidian-quiz-blocks,radio,,MF1,needs-answer,,
1378,40094,150646,multiple-choice,single,,,,,,,
1378,40094,150645,multiple-choice,single,obsidian-quiz-blocks,radio,,MF1,needs-answer,,
1379,8698,53122,multiple-choice,single,obsidian-quiz-blocks,radio,,MF1,needs-answer,,
1379,8698,53087,multiple-choice,single,obsidian-quiz-blocks,radio,,MF1,needs-answer,,
1379,8699,53114,multiple-choice,single,obsidian-quiz-blocks,radio,,MF1,needs-answer,,
1379,8699,53113,multiple-choice,single,obsidian-quiz-blocks,radio,,MF1,needs-answer,,
1379,8701,53192,multiple-choice,single,obsidian-quiz-blocks,radio,,MF1,needs-answer,,
1379,8701,53210,multiple-choice,single,obsidian-quiz-blocks,radio,,MF1,needs-answer,,
1379,8702,53106,multiple-choice,single,obsidian-quiz-blocks,radio,,MF1,needs-answer,,
1379,8702,53107,multiple-choice,single,obsidian-quiz-blocks,radio,,MF1,needs-answer,,
1382,618350,51075,multiple-choice,single,obsidian-quiz-blocks,radio,,CA2;CBC,needs-answer,,
1382,618350,81373,multiple-choice,single,obsidian-quiz-blocks,radio,,CA2;CBC,needs-answer,,
1382,618354,20801,multiple-choice,single,obsidian-quiz-blocks,radio,,CA2;CBC,needs-answer,,
1382,618354,20705,multiple-choice,single,obsidian-quiz-blocks,radio,,CA2;CBC,needs-answer,,
1382,618357,81168,multiple-choice,single,obsidian-quiz-blocks,radio,,CA2;CBC,needs-answer,,
1382,618357,30967,multiple-choice,single,obsidian-quiz-blocks,radio,,CA2;CBC,needs-answer,,
1386,228210,52719,multiple-choice,single,obsidian-quiz-blocks,radio,,MF1,needs-answer,,
1386,228210,20568,multiple-choice,single,obsidian-quiz-blocks,radio,,MF1,needs-answer,,
1386,228214,22335,multiple-choice,single,obsidian-quiz-blocks,radio,,MF1,needs-answer,,
1386,228214,22448,multiple-choice,single,obsidian-quiz-blocks,radio,,MF1,needs-answer,,
1386,228219,22666,multiple-choice,single,,,,,,,
1386,228219,22674,multiple-choice,single,obsidian-quiz-blocks,radio,,MF1,needs-answer,,
1395,27400,84052,multiple-choice,single,obsidian-quiz-blocks,radio,d,DSM;MF3;MML;PAS,converted-and-verified,manual,label
1395,27400,84050,multiple-choice,single,obsidian-quiz-blocks,radio,c,DSM;MF3;MML;PAS,converted-and-verified,manual,label
1395,27401,84152,multiple-choice,single,obsidian-quiz-blocks,radio,e,DSM;MF3;MML;PAS,converted-and-verified,manual,label
1395,27401,84149,multiple-choice,single,obsidian-quiz-blocks,radio,b,DSM;MF3;MML;PAS,converted-and-verified,manual,label
1395,27403,84036,multiple-choice,single,obsidian-quiz-blocks,radio,c,DSM;MF3;MML;PAS,converted-and-verified,manual,label
1395,27403,84043,multiple-choice,single,obsidian-quiz-blocks,radio,e,DSM;MF3;MML;PAS,converted-and-verified,manual,label
1395,27600,84157,multiple-choice,single,obsidian-quiz-blocks,radio,e,DSM;MF3;MML;PAS,converted-and-verified,manual,label
1395,27600,84153,multiple-choice,single,obsidian-quiz-blocks,radio,d,DSM;MF3;MML;PAS,converted-and-verified,manual,label
1397,416086,53138,multiple-choice,single,obsidian-quiz-blocks,radio,,MF1,needs-answer,,
1397,416086,53139,multiple-choice,single,obsidian-quiz-blocks,radio,,MF1,needs-answer,,
1397,416089,22034,multiple-choice,single,obsidian-quiz-blocks,radio,,MF1,needs-answer,,
1397,416089,22035,multiple-choice,single,obsidian-quiz-blocks,radio,,MF1,needs-answer,,
1397,416092,21030,multiple-choice,single,obsidian-quiz-blocks,radio,,MF1,needs-answer,,
1397,416092,52865,multiple-choice,single,obsidian-quiz-blocks,radio,,MF1,needs-answer,,
1403,164420,21227,multiple-choice,single,obsidian-quiz-blocks,radio,,MF1,needs-answer,,
1403,164420,21219,multiple-choice,single,obsidian-quiz-blocks,radio,,MF1,needs-answer,,
1403,164423,21228,multiple-choice,single,obsidian-quiz-blocks,radio,,MF1,needs-answer,,
1403,164423,21220,multiple-choice,single,obsidian-quiz-blocks,radio,,MF1,needs-answer,,
1403,164426,21225,multiple-choice,single,obsidian-quiz-blocks,radio,,MF1,needs-answer,,
1403,164426,21218,multiple-choice,single,obsidian-quiz-blocks,radio,,MF1,needs-answer,,
1403,164429,21221,multiple-choice,single,obsidian-quiz-blocks,radio,,MF1,needs-answer,,
1403,164429,52929,multiple-choice,single,obsidian-quiz-blocks,radio,,MF1,needs-answer,,
1404,10837,21152,multiple-choice,single,obsidian-quiz-blocks,radio,,MF1,needs-answer,,
1404,10837,21150,multiple-choice,single,obsidian-quiz-blocks,radio,,MF1,needs-answer,,
1404,10838,21155,multiple-choice,single,obsidian-quiz-blocks,radio,,MF1,needs-answer,,
1404,10838,21154,multiple-choice,single,obsidian-quiz-blocks,radio,,MF1,needs-answer,,
1404,10840,53525,multiple-choice,single,obsidian-quiz-blocks,radio,,MF1,needs-answer,,
1404,10840,53527,multiple-choice,single,obsidian-quiz-blocks,radio,,MF1,needs-answer,,
1412,73232,589,multiple-choice,single,obsidian-quiz-blocks,radio,b,MF1,converted-and-verified,manual,label
1412,73232,653,multiple-choice,single,obsidian-quiz-blocks,radio,e,MF1,converted-and-verified,manual,label
1412,73235,57793,multiple-choice,single,obsidian-quiz-blocks,radio,b,MF1,converted-and-verified,manual,label
1412,73235,4973,multiple-choice,single,obsidian-quiz-blocks,radio,c,MF1,converted-and-verified,manual,label
1412,73238,4978,multiple-choice,single,obsidian-quiz-blocks,radio,d,MF1,converted-and-verified,manual,label
1412,73238,57794,multiple-choice,single,obsidian-quiz-blocks,radio,b,MF1,converted-and-verified,manual,label
1412,73238,21893,multiple-choice,single,obsidian-quiz-blocks,radio,b,MF1,converted-and-verified,manual,label
1412,73242,4982,multiple-choice,single,obsidian-quiz-blocks,radio,b,MF1,converted-and-verified,manual,label
1412,73242,67224,multiple-choice,single,obsidian-quiz-blocks,radio,b,MF1,converted-and-verified,manual,label
1413,175967,44332,multiple-choice,single,obsidian-quiz-blocks,radio,c,MF1,converted-and-verified,manual,label
1413,175967,180716,free-response,single,obsidian-quiz-blocks,radio,a,MF1,converted-and-verified,manual,label
1413,175967,44336,multiple-choice,single,obsidian-quiz-blocks,radio,b,MF1,converted-and-verified,manual,label
1413,175971,180811,free-response,single,obsidian-quiz-blocks,radio,a,MF1,converted-and-verified,manual,label
1413,175971,3213,multiple-choice,single,obsidian-quiz-blocks,radio,e,MF1,converted-and-verified,manual,label
1413,175975,180964,free-response,single,obsidian-quiz-blocks,radio,a,MF1,converted-and-verified,manual,label
1413,175975,27876,multiple-choice,single,obsidian-quiz-blocks,radio,c,MF1,converted-and-verified,manual,label
1413,175975,181125,free-response,single,obsidian-quiz-blocks,radio,a,MF1,converted-and-verified,manual,label
1414,476189,288419,multiple-choice,single,obsidian-quiz-blocks,radio,e,MF1,converted-and-verified,manual,label
1414,476189,287966,multiple-choice,single,obsidian-quiz-blocks,radio,c,MF1,converted-and-verified,manual,label
1414,476194,287970,multiple-choice,single,obsidian-quiz-blocks,radio,b,MF1,converted-and-verified,manual,label
1414,476194,287971,multiple-choice,single,obsidian-quiz-blocks,radio,e,MF1,converted-and-verified,manual,label
1414,476199,287978,multiple-choice,single,obsidian-quiz-blocks,radio,e,MF1,converted-and-verified,manual,label
1414,476199,287985,free-response,single,obsidian-quiz-blocks,radio,a,MF1,converted-and-verified,manual,label
1415,147051,47503,multiple-choice,single,obsidian-quiz-blocks,radio,,MF1,needs-answer,,
1415,147051,102176,multiple-choice,single,obsidian-quiz-blocks,radio,,MF1,needs-answer,,
1415,147051,58542,multiple-choice,single,obsidian-quiz-blocks,radio,,MF1,needs-answer,,
1415,147055,47701,multiple-choice,single,obsidian-quiz-blocks,radio,,MF1,needs-answer,,
1415,147055,47707,multiple-choice,single,obsidian-quiz-blocks,radio,,MF1,needs-answer,,
1415,147058,38288,multiple-choice,single,obsidian-quiz-blocks,radio,,MF1,needs-answer,,
1415,147058,47705,multiple-choice,single,obsidian-quiz-blocks,radio,,MF1,needs-answer,,
1417,3562,417,multiple-choice,single,,,,,,,
1417,3562,141978,multiple-choice,single,,,,,,,
1417,3565,2629,multiple-choice,single,,,,,,,
1417,3565,450,multiple-choice,single,,,,,,,
1417,3569,72508,multiple-choice,single,,,,,,,
1417,3569,60609,multiple-choice,single,,,,,,,
1422,511807,80632,multiple-choice,single,,,,,,,
1422,511807,23595,multiple-choice,single,,,,,,,
1422,511810,80675,multiple-choice,single,,,,,,,
1422,511810,56230,multiple-choice,single,,,,,,,
1422,511813,2871,multiple-choice,single,,,,,,,
1422,511813,23596,multiple-choice,single,,,,,,,
1423,164993,3408,multiple-choice,single,obsidian-quiz-blocks,radio,,MF2,needs-answer,,
1423,164993,218640,free-response,multi,,,,,,,
1423,164996,3407,multiple-choice,single,obsidian-quiz-blocks,radio,,MF2,needs-answer,,
1423,164996,221818,free-response,multi,,,,,,,
1423,164999,52228,multiple-choice,single,obsidian-quiz-blocks,radio,,MF2,needs-answer,,
1423,164999,218661,free-response,multi,,,,,,,
1423,164999,221851,free-response,multi,,,,,,,
1424,453763,23463,multiple-choice,single,obsidian-quiz-blocks,radio,,MF2,needs-answer,,
1424,453763,262281,free-response,multi,,,,,,,
1424,453763,218505,free-response,multi,,,,,,,
1424,453767,218506,free-response,multi,,,,,,,
1424,453767,80100,multiple-choice,single,obsidian-quiz-blocks,radio,,MF2,needs-answer,,
1424,453767,262296,free-response,multi,,,,,,,
1424,453771,23774,multiple-choice,single,obsidian-quiz-blocks,radio,,MF2,needs-answer,,
1424,453771,218509,free-response,multi,,,,,,,
1425,169633,44355,multiple-choice,single,obsidian-quiz-blocks,radio,,MF2,needs-answer,,
1425,169633,222383,free-response,single,,,,,,,
1425,169636,23843,multiple-choice,single,obsidian-quiz-blocks,radio,,MF2,needs-answer,,
1425,169636,218512,free-response,single,,,,,,,
1425,169639,222447,free-response,single,,,,,,,
1425,169639,79120,multiple-choice,single,obsidian-quiz-blocks,radio,,MF2,needs-answer,,
1425,169643,218515,free-response,multi,,,,,,,
1425,169643,222460,free-response,multi,,,,,,,
1427,145261,72453,multiple-choice,single,obsidian-quiz-blocks,radio,,MF2,needs-answer,,
1427,145261,72525,multiple-choice,single,obsidian-quiz-blocks,radio,,MF2,needs-answer,,
1427,145264,44514,multiple-choice,single,obsidian-quiz-blocks,radio,,MF2,needs-answer,,
1427,145264,44404,multiple-choice,single,obsidian-quiz-blocks,radio,,MF2,needs-answer,,
1427,145267,215415,free-response,single,,,,,,,
1427,145267,215416,free-response,single,,,,,,,
1427,145267,215417,free-response,single,,,,,,,
1427,145271,215418,free-response,multi,,,,,,,
1427,145271,215951,free-response,multi,,,,,,,
1428,3553,22467,multiple-choice,single,obsidian-quiz-blocks,radio,,MF1,needs-answer,,
1428,3553,22468,multiple-choice,single,obsidian-quiz-blocks,radio,,MF1,needs-answer,,
1428,3556,60599,multiple-choice,single,obsidian-quiz-blocks,radio,,MF1,needs-answer,,
1428,3556,22531,multiple-choice,single,obsidian-quiz-blocks,radio,,MF1,needs-answer,,
1429,463240,30798,multiple-choice,single,,,,,,,
1429,463240,24686,multiple-choice,single,,,,,,,
1429,463243,249993,free-response,multi,,,,,,,
1429,463243,52308,multiple-choice,single,obsidian-quiz-blocks,radio,,MF2,needs-answer,,
1429,463243,87166,multiple-choice,single,obsidian-quiz-blocks,radio,,MF2,needs-answer,,
1429,463247,44651,multiple-choice,single,,,,,,,
1429,463247,220313,free-response,multi,,,,,,,
1429,463250,52317,multiple-choice,single,obsidian-quiz-blocks,radio,,MF2,needs-answer,,
1429,463250,220315,free-response,multi,,,,,,,
1432,13448,54483,multiple-choice,single,obsidian-quiz-blocks,radio,,CA1;CAB;CBC,needs-answer,,
1432,13448,54475,multiple-choice,single,obsidian-quiz-blocks,radio,,CA1;CAB;CBC,needs-answer,,
1432,13449,54527,multiple-choice,single,obsidian-quiz-blocks,radio,,CA1;CAB;CBC,needs-answer,,
1432,13449,54478,multiple-choice,single,obsidian-quiz-blocks,radio,,CA1;CAB;CBC,needs-answer,,
1432,13450,54482,multiple-choice,single,obsidian-quiz-blocks,radio,,CA1;CAB;CBC,needs-answer,,
1432,13450,54513,multiple-choice,single,obsidian-quiz-blocks,radio,,CA1;CAB;CBC,needs-answer,,
1437,8768,52732,multiple-choice,single,obsidian-quiz-blocks,radio,,MF1,needs-answer,,
1437,8768,52734,multiple-choice,single,obsidian-quiz-blocks,radio,,MF1,needs-answer,,
1437,8772,52738,multiple-choice,single,obsidian-quiz-blocks,radio,,MF1,needs-answer,,
1437,8772,52739,multiple-choice,single,obsidian-quiz-blocks,radio,,MF1,needs-answer,,
1437,8773,52743,multiple-choice,single,obsidian-quiz-blocks,radio,,MF1,needs-answer,,
1437,8773,52742,multiple-choice,single,obsidian-quiz-blocks,radio,,MF1,needs-answer,,
1437,40025,53174,multiple-choice,single,obsidian-quiz-blocks,radio,,MF1,needs-answer,,
1437,40025,52646,multiple-choice,single,obsidian-quiz-blocks,radio,,MF1,needs-answer,,
1451,502428,24938,multiple-choice,single,obsidian-quiz-blocks,radio,,MF2,needs-answer,,
1451,502428,223657,free-response,single,,,,,,,
1451,502428,223659,free-response,single,,,,,,,
1451,502432,220355,free-response,single,,,,,,,
1451,502432,84838,multiple-choice,single,obsidian-quiz-blocks,radio,,MF2,needs-answer,,
1451,502435,24953,multiple-choice,single,obsidian-quiz-blocks,radio,,MF2,needs-answer,,
1451,502435,223691,free-response,single,,,,,,,
1451,502435,223695,free-response,single,,,,,,,
1451,502440,311954,free-response,single,,,,,,,
1451,502440,311973,free-response,single,,,,,,,
1453,87630,65027,multiple-choice,single,obsidian-quiz-blocks,radio,,MF2,needs-answer,,
1453,87630,23274,multiple-choice,single,obsidian-quiz-blocks,radio,,MF2,needs-answer,,
1453,87634,37821,multiple-choice,single,obsidian-quiz-blocks,radio,,MF2,needs-answer,,
1453,87634,64731,multiple-choice,single,obsidian-quiz-blocks,radio,,MF2,needs-answer,,
1453,87637,65066,multiple-choice,single,obsidian-quiz-blocks,radio,,MF2,needs-answer,,
1453,87637,124750,multiple-choice,single,obsidian-quiz-blocks,radio,,MF2,needs-answer,,
1453,87640,65073,multiple-choice,single,obsidian-quiz-blocks,radio,,MF2,needs-answer,,
1453,87640,64974,multiple-choice,single,obsidian-quiz-blocks,radio,,MF2,needs-answer,,
1454,10685,65517,multiple-choice,single,obsidian-quiz-blocks,radio,,MF3,needs-answer,,
1454,10685,43617,multiple-choice,single,obsidian-quiz-blocks,radio,,MF3,needs-answer,,
1454,37929,23639,multiple-choice,single,obsidian-quiz-blocks,radio,,MF3,needs-answer,,
1454,37929,23638,multiple-choice,single,obsidian-quiz-blocks,radio,,MF3,needs-answer,,
1454,37933,65397,multiple-choice,single,obsidian-quiz-blocks,radio,,MF3,needs-answer,,
1454,37933,142712,multiple-choice,single,obsidian-quiz-blocks,radio,,MF3,needs-answer,,
1455,11642,23602,multiple-choice,single,obsidian-quiz-blocks,radio,,MF3,needs-answer,,
1455,11642,119914,multiple-choice,single,obsidian-quiz-blocks,radio,,MF3,needs-answer,,
1455,11649,23600,multiple-choice,single,obsidian-quiz-blocks,radio,,MF3,needs-answer,,
1455,11649,65444,multiple-choice,single,obsidian-quiz-blocks,radio,,MF3,needs-answer,,
1455,11651,23852,multiple-choice,single,obsidian-quiz-blocks,radio,,MF3,needs-answer,,
1455,11651,23899,multiple-choice,single,obsidian-quiz-blocks,radio,,MF3,needs-answer,,
1455,11679,65363,multiple-choice,single,obsidian-quiz-blocks,radio,,MF3,needs-answer,,
1455,11679,65447,multiple-choice,single,obsidian-quiz-blocks,radio,,MF3,needs-answer,,
1456,453318,265943,free-response,single,,,,,,,
1456,453318,23438,multiple-choice,single,obsidian-quiz-blocks,radio,,MF2,needs-answer,,
1456,453318,64435,multiple-choice,single,obsidian-quiz-blocks,radio,,MF2,needs-answer,,
1456,453322,64436,multiple-choice,single,obsidian-quiz-blocks,radio,,MF2,needs-answer,,
1456,453322,266042,free-response,single,,,,,,,
1456,453325,266086,free-response,single,,,,,,,
1456,453325,74805,multiple-choice,single,obsidian-quiz-blocks,radio,,MF2,needs-answer,,
1456,453328,23447,multiple-choice,single,obsidian-quiz-blocks,radio,,MF2,needs-answer,,
1456,453328,266138,free-response,multi,,,,,,,
1457,17217,68961,multiple-choice,single,obsidian-quiz-blocks,radio,,MF1,needs-answer,,
1457,17217,68494,multiple-choice,single,obsidian-quiz-blocks,radio,,MF1,needs-answer,,
1457,17218,68964,multiple-choice,single,obsidian-quiz-blocks,radio,,MF1,needs-answer,,
1457,17218,68962,multiple-choice,single,obsidian-quiz-blocks,radio,,MF1,needs-answer,,
1457,17336,68945,multiple-choice,single,obsidian-quiz-blocks,radio,,MF1,needs-answer,,
1457,17336,68946,multiple-choice,single,obsidian-quiz-blocks,radio,,MF1,needs-answer,,
1458,9129,52854,multiple-choice,single,obsidian-quiz-blocks,radio,,MF1,needs-answer,,
1458,9129,4184,multiple-choice,single,obsidian-quiz-blocks,radio,,MF1,needs-answer,,
1458,9132,52984,multiple-choice,single,obsidian-quiz-blocks,radio,,MF1,needs-answer,,
1458,9132,52962,multiple-choice,single,obsidian-quiz-blocks,radio,,MF1,needs-answer,,
1458,9134,53050,multiple-choice,single,obsidian-quiz-blocks,radio,,MF1,needs-answer,,
1458,9134,20682,multiple-choice,single,obsidian-quiz-blocks,radio,,MF1,needs-answer,,
1459,9454,53002,multiple-choice,single,obsidian-quiz-blocks,radio,,MF1,needs-answer,,
1459,9454,53000,multiple-choice,single,obsidian-quiz-blocks,radio,,MF1,needs-answer,,
1459,9459,53035,multiple-choice,single,obsidian-quiz-blocks,radio,,MF1,needs-answer,,
1459,9459,53037,multiple-choice,single,obsidian-quiz-blocks,radio,,MF1,needs-answer,,
1459,9460,53010,multiple-choice,single,obsidian-quiz-blocks,radio,,MF1,needs-answer,,
1459,9460,53058,multiple-choice,single,obsidian-quiz-blocks,radio,,MF1,needs-answer,,
1461,9477,53286,multiple-choice,single,obsidian-quiz-blocks,radio,,MF1,needs-answer,,
1461,9477,53285,multiple-choice,single,obsidian-quiz-blocks,radio,,MF1,needs-answer,,
1461,9480,53290,multiple-choice,single,obsidian-quiz-blocks,radio,,MF1,needs-answer,,
1461,9480,53289,multiple-choice,single,obsidian-quiz-blocks,radio,,MF1,needs-answer,,
1461,9482,53300,multiple-choice,single,obsidian-quiz-blocks,radio,,MF1,needs-answer,,
1461,9482,53293,multiple-choice,single,obsidian-quiz-blocks,radio,,MF1,needs-answer,,
1461,9486,53301,multiple-choice,single,obsidian-quiz-blocks,radio,,MF1,needs-answer,,
1461,9486,53299,multiple-choice,single,obsidian-quiz-blocks,radio,,MF1,needs-answer,,
1462,8706,52874,multiple-choice,single,obsidian-quiz-blocks,radio,,MF1,needs-answer,,
1462,8706,53128,multiple-choice,single,obsidian-quiz-blocks,radio,,MF1,needs-answer,,
1462,8707,52818,multiple-choice,single,obsidian-quiz-blocks,radio,,MF1,needs-answer,,
1462,8707,52620,multiple-choice,single,obsidian-quiz-blocks,radio,,MF1,needs-answer,,
1462,8709,53133,multiple-choice,single,obsidian-quiz-blocks,radio,,MF1,needs-answer,,
1462,8709,52875,multiple-choice,single,obsidian-quiz-blocks,radio,,MF1,needs-answer,,
1463,8711,53080,multiple-choice,single,obsidian-quiz-blocks,radio,,MF1,needs-answer,,
1463,8711,53072,multiple-choice,single,obsidian-quiz-blocks,radio,,MF1,needs-answer,,
1463,8712,53081,multiple-choice,single,obsidian-quiz-blocks,radio,,MF1,needs-answer,,
1463,8712,53084,multiple-choice,single,obsidian-quiz-blocks,radio,,MF1,needs-answer,,
1463,8713,53077,multiple-choice,single,obsidian-quiz-blocks,radio,,MF1,needs-answer,,
1463,8713,53071,multiple-choice,single,obsidian-quiz-blocks,radio,,MF1,needs-answer,,
1463,8714,52881,multiple-choice,single,obsidian-quiz-blocks,radio,,MF1,needs-answer,,
1463,8714,53076,multiple-choice,single,obsidian-quiz-blocks,radio,,MF1,needs-answer,,
1467,26436,107177,multiple-choice,single,obsidian-quiz-blocks,radio,,MF2,needs-answer,,
1467,26436,81476,multiple-choice,single,obsidian-quiz-blocks,radio,,MF2,needs-answer,,
1467,26437,81481,multiple-choice,single,obsidian-quiz-blocks,radio,,MF2,needs-answer,,
1467,26437,107178,multiple-choice,single,obsidian-quiz-blocks,radio,,MF2,needs-answer,,
1467,33555,107180,multiple-choice,single,obsidian-quiz-blocks,radio,,MF2,needs-answer,,
1467,33555,107179,multiple-choice,single,obsidian-quiz-blocks,radio,,MF2,needs-answer,,
1468,9626,24122,multiple-choice,single,obsidian-quiz-blocks,radio,,MF1,needs-answer,,
1468,9626,20298,multiple-choice,single,obsidian-quiz-blocks,radio,,MF1,needs-answer,,
1468,9633,23986,multiple-choice,single,obsidian-quiz-blocks,radio,,MF1,needs-answer,,
1468,9633,22939,multiple-choice,single,obsidian-quiz-blocks,radio,,MF1,needs-answer,,
1468,9635,53309,multiple-choice,single,obsidian-quiz-blocks,radio,,MF1,needs-answer,,
1468,9635,53307,multiple-choice,single,obsidian-quiz-blocks,radio,,MF1,needs-answer,,
1468,28984,53255,multiple-choice,single,obsidian-quiz-blocks,radio,,MF1,needs-answer,,
1468,28984,23964,multiple-choice,single,obsidian-quiz-blocks,radio,,MF1,needs-answer,,
1470,118367,132149,multiple-choice,single,obsidian-quiz-blocks,radio,,MF3;PAS;PS1,needs-answer,,
1470,118367,132150,multiple-choice,single,obsidian-quiz-blocks,radio,,MF3;PAS;PS1,needs-answer,,
1470,118370,132160,multiple-choice,single,obsidian-quiz-blocks,radio,,MF3;PAS;PS1,needs-answer,,
1470,118370,132161,multiple-choice,single,obsidian-quiz-blocks,radio,,MF3;PAS;PS1,needs-answer,,
1470,118373,94522,multiple-choice,single,obsidian-quiz-blocks,radio,,MF3;PAS;PS1,needs-answer,,
1470,118373,94892,multiple-choice,single,obsidian-quiz-blocks,radio,,MF3;PAS;PS1,needs-answer,,
1470,118377,94895,multiple-choice,single,obsidian-quiz-blocks,radio,,MF3;PAS;PS1,needs-answer,,
1470,118377,94875,multiple-choice,single,obsidian-quiz-blocks,radio,,MF3;PAS;PS1,needs-answer,,
1472,458788,148276,multiple-choice,single,obsidian-quiz-blocks,radio,,MF2,needs-answer,,
1472,458788,228737,free-response,single,,,,,,,
1472,458791,228738,free-response,single,,,,,,,
1472,458791,148353,multiple-choice,single,obsidian-quiz-blocks,radio,,MF2,needs-answer,,
1472,458791,148286,multiple-choice,single,obsidian-quiz-blocks,radio,,MF2,needs-answer,,
1472,458796,46620,multiple-choice,single,obsidian-quiz-blocks,radio,,MF2,needs-answer,,
1472,458796,250496,free-response,single,,,,,,,
1472,458799,228842,free-response,single,,,,,,,
1472,458799,81648,multiple-choice,single,obsidian-quiz-blocks,radio,,MF2,needs-answer,,
1473,455955,227307,free-response,single,,,,,,,
1473,455955,24424,multiple-choice,single,obsidian-quiz-blocks,radio,,MF2,needs-answer,,
1473,455958,25925,multiple-choice,single,obsidian-quiz-blocks,radio,,MF2,needs-answer,,
1473,455958,24434,multiple-choice,single,obsidian-quiz-blocks,radio,,MF2,needs-answer,,
1473,455961,47209,multiple-choice,single,obsidian-quiz-blocks,radio,,MF2,needs-answer,,
1473,455961,47210,multiple-choice,single,obsidian-quiz-blocks,radio,,MF2,needs-answer,,
1473,455964,114,multiple-choice,single,obsidian-quiz-blocks,radio,,MF2,needs-answer,,
1473,455964,24430,multiple-choice,single,obsidian-quiz-blocks,radio,,MF2,needs-answer,,
1474,14237,47298,multiple-choice,single,obsidian-quiz-blocks,radio,,MF2,needs-answer,,
1474,14237,47258,multiple-choice,single,obsidian-quiz-blocks,radio,,MF2,needs-answer,,
1474,14239,25233,multiple-choice,single,obsidian-quiz-blocks,radio,,MF2,needs-answer,,
1474,14239,24437,multiple-choice,single,obsidian-quiz-blocks,radio,,MF2,needs-answer,,
1474,14240,24439,multiple-choice,single,obsidian-quiz-blocks,radio,,MF2,needs-answer,,
1474,14240,25934,multiple-choice,single,obsidian-quiz-blocks,radio,,MF2,needs-answer,,
1474,14242,25027,multiple-choice,single,obsidian-quiz-blocks,radio,,MF2,needs-answer,,
1474,14242,113,multiple-choice,single,obsidian-quiz-blocks,radio,,MF2,needs-answer,,
1475,14484,47223,multiple-choice,single,obsidian-quiz-blocks,radio,,MF2,needs-answer,,
1475,14484,66865,multiple-choice,single,obsidian-quiz-blocks,radio,,MF2,needs-answer,,
1475,14485,47222,multiple-choice,single,obsidian-quiz-blocks,radio,,MF2,needs-answer,,
1475,14485,47220,multiple-choice,single,obsidian-quiz-blocks,radio,,MF2,needs-answer,,
1475,14486,25946,multiple-choice,single,obsidian-quiz-blocks,radio,,MF2,needs-answer,,
1475,14486,47238,multiple-choice,single,obsidian-quiz-blocks,radio,,MF2,needs-answer,,
1482,14454,25124,multiple-choice,single,obsidian-quiz-blocks,radio,,MF2,needs-answer,,
1482,14454,66805,multiple-choice,single,obsidian-quiz-blocks,radio,,MF2,needs-answer,,
1482,14465,66808,multiple-choice,single,obsidian-quiz-blocks,radio,,MF2,needs-answer,,
1482,14465,969,multiple-choice,single,obsidian-quiz-blocks,radio,,MF2,needs-answer,,
1482,14467,1117,multiple-choice,single,obsidian-quiz-blocks,radio,,MF2,needs-answer,,
1482,14467,66830,multiple-choice,single,obsidian-quiz-blocks,radio,,MF2,needs-answer,,
1483,12750,42117,multiple-choice,single,,,,,,,
1483,12750,42121,multiple-choice,single,,,,,,,
1483,12761,65805,multiple-choice,single,obsidian-quiz-blocks,radio,,MF3,needs-answer,,
1483,12761,65803,multiple-choice,single,obsidian-quiz-blocks,radio,,MF3,needs-answer,,
1483,12762,42130,multiple-choice,single,obsidian-quiz-blocks,radio,,MF3,needs-answer,,
1483,12762,65807,multiple-choice,single,obsidian-quiz-blocks,radio,,MF3,needs-answer,,
1483,12764,65820,multiple-choice,single,obsidian-quiz-blocks,radio,,MF3,needs-answer,,
1483,12764,65744,multiple-choice,single,obsidian-quiz-blocks,radio,,MF3,needs-answer,,
1486,12898,9099,multiple-choice,single,,,,,,,
1486,12898,42506,multiple-choice,single,,,,,,,
1486,12900,65939,multiple-choice,single,obsidian-quiz-blocks,radio,,MF3,needs-answer,,
1486,12900,42744,multiple-choice,single,obsidian-quiz-blocks,radio,,MF3,needs-answer,,
1486,12902,42743,multiple-choice,single,obsidian-quiz-blocks,radio,,MF3,needs-answer,,
1486,12902,65942,multiple-choice,single,obsidian-quiz-blocks,radio,,MF3,needs-answer,,
1486,12907,65947,multiple-choice,single,obsidian-quiz-blocks,radio,,MF3,needs-answer,,
1486,12907,65828,multiple-choice,single,obsidian-quiz-blocks,radio,,MF3,needs-answer,,
1487,13865,66001,multiple-choice,single,,,,,,,
1487,13865,43672,multiple-choice,single,,,,,,,
1487,13867,42444,multiple-choice,single,obsidian-quiz-blocks,radio,,MF3,needs-answer,,
1487,13867,66008,multiple-choice,single,obsidian-quiz-blocks,radio,,MF3,needs-answer,,
1487,13870,42438,multiple-choice,single,obsidian-quiz-blocks,radio,,MF3,needs-answer,,
1487,13870,42437,multiple-choice,single,obsidian-quiz-blocks,radio,,MF3,needs-answer,,
1487,13878,65990,multiple-choice,single,obsidian-quiz-blocks,radio,,MF3,needs-answer,,
1487,13878,65830,multiple-choice,single,obsidian-quiz-blocks,radio,,MF3,needs-answer,,
1491,13415,25578,multiple-choice,single,,,,,,,
1491,13415,25734,multiple-choice,single,,,,,,,
1491,13417,65082,multiple-choice,single,obsidian-quiz-blocks,radio,,MF2,needs-answer,,
1491,13417,65081,multiple-choice,single,obsidian-quiz-blocks,radio,,MF2,needs-answer,,
1491,13421,25971,multiple-choice,single,,,,,,,
1491,13421,25972,multiple-choice,single,,,,,,,
1491,13422,65159,multiple-choice,single,obsidian-quiz-blocks,radio,,MF2,needs-answer,,
1491,13422,65155,multiple-choice,single,obsidian-quiz-blocks,radio,,MF2,needs-answer,,
1493,11273,65369,multiple-choice,single,,,,,,,
1493,11273,26330,multiple-choice,single,,,,,,,
1493,11280,42934,multiple-choice,single,obsidian-quiz-blocks,radio,,MF2,needs-answer,,
1493,11280,65372,multiple-choice,single,obsidian-quiz-blocks,radio,,MF2,needs-answer,,
1493,13425,26062,multiple-choice,single,,,,,,,
1493,13425,26023,multiple-choice,single,,,,,,,
1493,13429,65125,multiple-choice,single,obsidian-quiz-blocks,radio,,MF2,needs-answer,,
1493,13429,27802,multiple-choice,single,obsidian-quiz-blocks,radio,,MF2,needs-answer,,
1495,466147,27567,multiple-choice,single,,,,,,,
1495,466147,27569,multiple-choice,single,,,,,,,
1495,466151,30805,multiple-choice,single,,,,,,,
1495,466151,30806,multiple-choice,single,,,,,,,
1495,466154,27568,multiple-choice,single,,,,,,,
1495,466154,30829,multiple-choice,single,,,,,,,
1495,466158,27570,multiple-choice,single,,,,,,,
1495,466158,69737,multiple-choice,single,,,,,,,
1499,193609,45632,multiple-choice,single,obsidian-quiz-blocks,radio,,MF1,needs-answer,,
1499,193609,212602,free-response,single,,,,,,,
1499,193609,25574,multiple-choice,single,obsidian-quiz-blocks,radio,,MF1,needs-answer,,
1499,193613,45449,multiple-choice,single,obsidian-quiz-blocks,radio,,MF1,needs-answer,,
1499,193613,212604,free-response,single,,,,,,,
1500,40728,13445,multiple-choice,single,obsidian-quiz-blocks,radio,,MF1,needs-answer,,
1500,40728,7484,multiple-choice,single,obsidian-quiz-blocks,radio,,MF1,needs-answer,,
1500,40731,153575,multiple-choice,single,obsidian-quiz-blocks,radio,,MF1,needs-answer,,
1500,40731,155503,multiple-choice,single,obsidian-quiz-blocks,radio,,MF1,needs-answer,,
1505,8744,21727,multiple-choice,single,obsidian-quiz-blocks,radio,,MF1,needs-answer,,
1505,8744,53140,multiple-choice,single,obsidian-quiz-blocks,radio,,MF1,needs-answer,,
1505,8749,53146,multiple-choice,single,obsidian-quiz-blocks,radio,,MF1,needs-answer,,
1505,8749,53152,multiple-choice,single,obsidian-quiz-blocks,radio,,MF1,needs-answer,,
1505,40051,150699,multiple-choice,single,obsidian-quiz-blocks,radio,,MF1,needs-answer,,
1505,40051,150683,multiple-choice,single,obsidian-quiz-blocks,radio,,MF1,needs-answer,,
1507,8746,26277,multiple-choice,single,obsidian-quiz-blocks,radio,,MF1,needs-answer,,
1507,8746,26276,multiple-choice,single,obsidian-quiz-blocks,radio,,MF1,needs-answer,,
1507,8754,26306,multiple-choice,single,obsidian-quiz-blocks,radio,,MF1,needs-answer,,
1507,8754,26307,multiple-choice,single,obsidian-quiz-blocks,radio,,MF1,needs-answer,,
1507,8762,52696,multiple-choice,single,obsidian-quiz-blocks,radio,,MF1,needs-answer,,
1507,8762,52698,multiple-choice,single,obsidian-quiz-blocks,radio,,MF1,needs-answer,,
1507,10143,26286,multiple-choice,single,obsidian-quiz-blocks,radio,,MF1,needs-answer,,
1507,10143,26283,multiple-choice,single,obsidian-quiz-blocks,radio,,MF1,needs-answer,,
1508,8800,26374,multiple-choice,single,obsidian-quiz-blocks,radio,,MF1,needs-answer,,
1508,8800,26368,multiple-choice,single,obsidian-quiz-blocks,radio,,MF1,needs-answer,,
1508,8803,53225,multiple-choice,single,obsidian-quiz-blocks,radio,,MF1,needs-answer,,
1508,8803,53223,multiple-choice,single,obsidian-quiz-blocks,radio,,MF1,needs-answer,,
1508,8810,53219,multiple-choice,single,obsidian-quiz-blocks,radio,,MF1,needs-answer,,
1508,8810,53226,multiple-choice,single,obsidian-quiz-blocks,radio,,MF1,needs-answer,,
1508,8815,52830,multiple-choice,single,obsidian-quiz-blocks,radio,,MF1,needs-answer,,
1508,8815,26366,multiple-choice,single,obsidian-quiz-blocks,radio,,MF1,needs-answer,,
1509,8781,52645,multiple-choice,single,,,,,,,
1509,8781,52766,multiple-choice,single,obsidian-quiz-blocks,radio,,MF1,needs-answer,,
1509,40054,150685,multiple-choice,single,,,,,,,
1509,40054,150686,multiple-choice,single,,,,,,,
1509,40054,150687,multiple-choice,single,,,,,,,
1509,40055,150688,multiple-choice,single,,,,,,,
1509,40055,150689,multiple-choice,single,,,,,,,
1509,40055,150690,multiple-choice,single,,,,,,,
1510,8756,27023,multiple-choice,single,,,,,,,
1510,8756,115273,multiple-choice,single,,,,,,,
1510,8764,27025,multiple-choice,single,,,,,,,
1510,8764,115268,multiple-choice,single,,,,,,,
1510,8774,27234,multiple-choice,single,,,,,,,
1510,8774,115605,multiple-choice,single,,,,,,,
1511,193870,4291,multiple-choice,single,obsidian-quiz-blocks,radio,,MF1,needs-answer,,
1511,193870,237309,multiple-choice,single,obsidian-quiz-blocks,radio,,MF1,needs-answer,,
1511,193873,237315,free-response,single,,,,,,,
1511,193873,237392,multiple-choice,single,obsidian-quiz-blocks,radio,,MF1,needs-answer,,
1511,193876,52662,multiple-choice,single,obsidian-quiz-blocks,radio,,MF1,needs-answer,,
1511,193876,236755,free-response,single,,,,,,,
1511,193879,171790,free-response,single,,,,,,,
1511,193879,5925,multiple-choice,single,obsidian-quiz-blocks,radio,,MF1,needs-answer,,
1515,9554,25858,multiple-choice,single,,,,,,,
1515,9554,25866,multiple-choice,single,,,,,,,
1515,9559,26504,multiple-choice,single,obsidian-quiz-blocks,radio,,MF1,needs-answer,,
1515,9559,25882,multiple-choice,single,obsidian-quiz-blocks,radio,,MF1,needs-answer,,
1515,9560,53397,multiple-choice,single,obsidian-quiz-blocks,radio,,MF1,needs-answer,,
1515,9560,53306,multiple-choice,single,obsidian-quiz-blocks,radio,,MF1,needs-answer,,
1515,9561,25856,multiple-choice,single,obsidian-quiz-blocks,radio,,MF1,needs-answer,,
1515,9561,53305,multiple-choice,single,obsidian-quiz-blocks,radio,,MF1,needs-answer,,
1516,9508,45499,multiple-choice,single,obsidian-quiz-blocks,radio,,MF2,needs-answer,,
1516,9508,45513,multiple-choice,single,,,,,,,
1516,9509,45371,multiple-choice,single,obsidian-quiz-blocks,radio,,MF2,needs-answer,,
1516,9509,45392,multiple-choice,single,obsidian-quiz-blocks,radio,,MF2,needs-answer,,
1516,9511,45038,multiple-choice,single,obsidian-quiz-blocks,radio,,MF2,needs-answer,,
1516,9511,44960,multiple-choice,single,obsidian-quiz-blocks,radio,,MF2,needs-answer,,
1516,23362,45424,multiple-choice,single,,,,,,,
1516,23362,45503,multiple-choice,single,,,,,,,
1517,195386,44969,multiple-choice,single,obsidian-quiz-blocks,radio,,MF2,needs-answer,,
1517,195386,44940,multiple-choice,single,obsidian-quiz-blocks,radio,,MF2,needs-answer,,
1517,195386,140171,multiple-choice,single,obsidian-quiz-blocks,radio,,MF2,needs-answer,,
1517,195390,44909,multiple-choice,single,,,,,,,
1517,195390,45004,multiple-choice,single,,,,,,,
1517,195394,26893,multiple-choice,single,obsidian-quiz-blocks,radio,,MF2,needs-answer,,
1517,195394,26931,multiple-choice,single,,,,,,,
1518,9542,44951,multiple-choice,single,obsidian-quiz-blocks,radio,,MF2,needs-answer,,
1518,9542,87518,multiple-choice,single,,,,,,,
1518,9547,45157,multiple-choice,single,,,,,,,
1518,9547,45088,multiple-choice,single,,,,,,,
1518,9549,45436,multiple-choice,single,obsidian-quiz-blocks,radio,,MF2,needs-answer,,
1518,9549,45090,multiple-choice,single,,,,,,,
1518,28654,45078,multiple-choice,single,obsidian-quiz-blocks,radio,,MF2,needs-answer,,
1518,28654,87519,multiple-choice,single,,,,,,,
1530,516447,61380,multiple-choice,single,,,,,,,
1530,516447,29359,multiple-choice,single,,,,,,,
1530,516450,61379,multiple-choice,single,obsidian-quiz-blocks,radio,,MF1,needs-answer,,
1530,516450,47727,multiple-choice,single,obsidian-quiz-blocks,radio,,MF1,needs-answer,,
1530,516454,7237,multiple-choice,single,obsidian-quiz-blocks,radio,,MF1,needs-answer,,
1530,516454,26885,multiple-choice,single,,,,,,,
1530,516454,80233,multiple-choice,single,obsidian-quiz-blocks,radio,,MF1,needs-answer,,
1530,516459,26906,multiple-choice,single,,,,,,,
1530,516459,166992,multiple-choice,single,obsidian-quiz-blocks,radio,,MF1,needs-answer,,
1531,3936,28973,multiple-choice,single,obsidian-quiz-blocks,radio,,MF1,needs-answer,,
1531,3936,47729,multiple-choice,single,obsidian-quiz-blocks,radio,,MF1,needs-answer,,
1531,3940,18527,multiple-choice,single,,,,,,,
1531,3940,27528,multiple-choice,single,,,,,,,
1531,3943,7245,multiple-choice,single,obsidian-quiz-blocks,radio,,MF1,needs-answer,,
1531,3943,7249,multiple-choice,single,obsidian-quiz-blocks,radio,,MF1,needs-answer,,
1531,6235,28968,multiple-choice,single,,,,,,,
1531,6235,28967,multiple-choice,single,,,,,,,
1532,41440,69655,multiple-choice,single,,,,,,,
1532,41440,69696,multiple-choice,single,,,,,,,
1532,41443,29176,multiple-choice,single,obsidian-quiz-blocks,radio,,MF2,needs-answer,,
1532,41443,29180,multiple-choice,single,obsidian-quiz-blocks,radio,,MF2,needs-answer,,
1532,41446,47626,multiple-choice,single,obsidian-quiz-blocks,radio,,MF2,needs-answer,,
1532,41446,29230,multiple-choice,single,obsidian-quiz-blocks,radio,,MF2,needs-answer,,
1532,41463,69657,multiple-choice,single,obsidian-quiz-blocks,radio,,MF2,needs-answer,,
1532,41463,69784,multiple-choice,single,obsidian-quiz-blocks,radio,,MF2,needs-answer,,
1532,41463,69659,multiple-choice,single,obsidian-quiz-blocks,radio,,MF2,needs-answer,,
1535,3483,25188,multiple-choice,single,obsidian-quiz-blocks,radio,,MF3,needs-answer,,
1535,3483,52282,multiple-choice,single,obsidian-quiz-blocks,radio,,MF3,needs-answer,,
1535,29676,25186,multiple-choice,single,obsidian-quiz-blocks,radio,,MF3,needs-answer,,
1535,29676,52464,multiple-choice,single,obsidian-quiz-blocks,radio,,MF3,needs-answer,,
1535,29678,25224,multiple-choice,single,obsidian-quiz-blocks,radio,,MF3,needs-answer,,
1535,29678,25156,multiple-choice,single,obsidian-quiz-blocks,radio,,MF3,needs-answer,,
1535,29702,90171,multiple-choice,single,obsidian-quiz-blocks,radio,,MF3,needs-answer,,
1535,29702,89963,multiple-choice,single,obsidian-quiz-blocks,radio,,MF3,needs-answer,,
1540,464536,24088,multiple-choice,single,obsidian-quiz-blocks,radio,,MF2,needs-answer,,
1540,464536,24153,multiple-choice,single,,,,,,,
1540,464539,3888,multiple-choice,single,obsidian-quiz-blocks,radio,,MF2,needs-answer,,
1540,464539,24160,multiple-choice,single,,,,,,,
1540,464543,38335,multiple-choice,single,,,,,,,
1540,464543,38649,multiple-choice,single,,,,,,,
1540,464546,38336,multiple-choice,single,obsidian-quiz-blocks,radio,,MF2,needs-answer,,
1540,464546,38386,multiple-choice,single,,,,,,,
1551,14893,19174,multiple-choice,single,obsidian-quiz-blocks,radio,,MF2,needs-answer,,
1551,14893,19175,multiple-choice,single,obsidian-quiz-blocks,radio,,MF2,needs-answer,,
1551,14894,7940,multiple-choice,single,obsidian-quiz-blocks,radio,,MF2,needs-answer,,
1551,14894,7939,multiple-choice,single,obsidian-quiz-blocks,radio,,MF2,needs-answer,,
1551,14895,66748,multiple-choice,single,obsidian-quiz-blocks,radio,,MF2,needs-answer,,
1551,14895,100743,multiple-choice,single,obsidian-quiz-blocks,radio,,MF2,needs-answer,,
1565,11843,26518,multiple-choice,single,obsidian-quiz-blocks,radio,,MF3,needs-answer,,
1565,11843,26456,multiple-choice,single,obsidian-quiz-blocks,radio,,MF3,needs-answer,,
1565,11846,29179,multiple-choice,single,obsidian-quiz-blocks,radio,,MF3,needs-answer,,
1565,11846,29177,multiple-choice,single,obsidian-quiz-blocks,radio,,MF3,needs-answer,,
1565,11855,29163,multiple-choice,single,obsidian-quiz-blocks,radio,,MF3,needs-answer,,
1565,11855,66014,multiple-choice,single,obsidian-quiz-blocks,radio,,MF3,needs-answer,,
1565,15614,28994,multiple-choice,single,obsidian-quiz-blocks,radio,,MF3,needs-answer,,
1565,15614,28923,multiple-choice,single,obsidian-quiz-blocks,radio,,MF3,needs-answer,,
1566,11858,29004,multiple-choice,single,obsidian-quiz-blocks,radio,,MF3,needs-answer,,
1566,11858,29088,multiple-choice,single,obsidian-quiz-blocks,radio,,MF3,needs-answer,,
1566,11861,29484,multiple-choice,single,obsidian-quiz-blocks,radio,,MF3,needs-answer,,
1566,11861,29485,multiple-choice,single,obsidian-quiz-blocks,radio,,MF3,needs-answer,,
1566,15644,29091,multiple-choice,single,obsidian-quiz-blocks,radio,,MF3,needs-answer,,
1566,15644,26521,multiple-choice,single,obsidian-quiz-blocks,radio,,MF3,needs-answer,,
1566,15652,66002,multiple-choice,single,obsidian-quiz-blocks,radio,,MF3,needs-answer,,
1566,15652,29095,multiple-choice,single,obsidian-quiz-blocks,radio,,MF3,needs-answer,,
1567,11869,26524,multiple-choice,single,obsidian-quiz-blocks,radio,,MF3,needs-answer,,
1567,11869,29333,multiple-choice,single,obsidian-quiz-blocks,radio,,MF3,needs-answer,,
1567,11873,29585,multiple-choice,single,obsidian-quiz-blocks,radio,,MF3,needs-answer,,
1567,11873,29637,multiple-choice,single,obsidian-quiz-blocks,radio,,MF3,needs-answer,,
1567,15659,30500,multiple-choice,single,obsidian-quiz-blocks,radio,,MF3,needs-answer,,
1567,15659,29242,multiple-choice,single,obsidian-quiz-blocks,radio,,MF3,needs-answer,,
1567,28634,80192,multiple-choice,single,obsidian-quiz-blocks,radio,,MF3,needs-answer,,
1567,28634,80194,multiple-choice,single,obsidian-quiz-blocks,radio,,MF3,needs-answer,,
1573,11232,26265,multiple-choice,single,,,,,,,
1573,11232,26211,multiple-choice,single,,,,,,,
1573,11237,42940,multiple-choice,single,obsidian-quiz-blocks,radio,,MF2,needs-answer,,
1573,11237,42939,multiple-choice,single,obsidian-quiz-blocks,radio,,MF2,needs-answer,,
1573,11250,65282,multiple-choice,single,,,,,,,
1573,11250,26337,multiple-choice,single,,,,,,,
1573,11266,65289,multiple-choice,single,obsidian-quiz-blocks,radio,,MF2,needs-answer,,
1573,11266,65297,multiple-choice,single,obsidian-quiz-blocks,radio,,MF2,needs-answer,,
1576,3202,55288,multiple-choice,single,obsidian-quiz-blocks,radio,b,MF1,converted-and-verified,image-id,answer-image-id-1
1576,3202,59511,multiple-choice,single,obsidian-quiz-blocks,radio,a,MF1,converted-and-verified,manual,label
1576,3205,25419,multiple-choice,single,obsidian-quiz-blocks,radio,d,MF1,converted-and-verified,manual,label
1576,3205,25664,multiple-choice,single,obsidian-quiz-blocks,radio,a,MF1,converted-and-verified,image-id,answer-image-id-1
1576,3208,25484,multiple-choice,single,obsidian-quiz-blocks,radio,e,MF1,converted-and-verified,image-id,answer-image-id-1
1576,3208,59512,multiple-choice,single,obsidian-quiz-blocks,radio,e,MF1,converted-and-verified,manual,label
1583,14516,66877,multiple-choice,single,obsidian-quiz-blocks,radio,,MF2,needs-answer,,
1583,14516,26817,multiple-choice,single,obsidian-quiz-blocks,radio,,MF2,needs-answer,,
1583,15049,66893,multiple-choice,single,obsidian-quiz-blocks,radio,,MF2,needs-answer,,
1583,15049,66788,multiple-choice,single,obsidian-quiz-blocks,radio,,MF2,needs-answer,,
1584,18018,15511,multiple-choice,single,,,,,,,
1584,18018,15618,multiple-choice,single,,,,,,,
1584,18019,26743,multiple-choice,single,obsidian-quiz-blocks,radio,,MF2,needs-answer,,
1584,18019,26746,multiple-choice,single,obsidian-quiz-blocks,radio,,MF2,needs-answer,,
1584,18022,15791,multiple-choice,single,,,,,,,
1584,18022,15736,multiple-choice,single,,,,,,,
1584,19261,26744,multiple-choice,single,obsidian-quiz-blocks,radio,,MF2,needs-answer,,
1584,19261,26395,multiple-choice,single,obsidian-quiz-blocks,radio,,MF2,needs-answer,,
1585,18028,17835,multiple-choice,single,,,,,,,
1585,18028,12754,multiple-choice,single,,,,,,,
1585,18030,26922,multiple-choice,single,obsidian-quiz-blocks,radio,,MF2,needs-answer,,
1585,18030,78469,multiple-choice,single,obsidian-quiz-blocks,radio,,MF2,needs-answer,,
1586,18032,17609,multiple-choice,single,,,,,,,
1586,18032,16668,multiple-choice,single,,,,,,,
1586,18034,17682,multiple-choice,single,,,,,,,
1586,18034,17788,multiple-choice,single,,,,,,,
1586,18035,26979,multiple-choice,single,obsidian-quiz-blocks,radio,,MF2,needs-answer,,
1586,18035,78298,multiple-choice,single,obsidian-quiz-blocks,radio,,MF2,needs-answer,,
1587,30068,91143,multiple-choice,single,,,,,,,
1587,30068,90937,multiple-choice,single,,,,,,,
1587,30120,91144,multiple-choice,single,,,,,,,
1587,30120,91146,multiple-choice,single,,,,,,,
1588,3357,26068,multiple-choice,single,obsidian-quiz-blocks,radio,,MF1,needs-answer,,
1588,3357,91206,multiple-choice,single,obsidian-quiz-blocks,radio,,MF1,needs-answer,,
1588,3360,26072,multiple-choice,single,,,,,,,
1588,3360,27295,multiple-choice,single,,,,,,,
1588,30122,26363,multiple-choice,single,obsidian-quiz-blocks,radio,,MF1,needs-answer,,
1588,30122,28441,multiple-choice,single,obsidian-quiz-blocks,radio,,MF1,needs-answer,,
1588,30124,28447,multiple-choice,single,obsidian-quiz-blocks,radio,,MF1,needs-answer,,
1588,30124,91237,multiple-choice,single,obsidian-quiz-blocks,radio,,MF1,needs-answer,,
1589,169679,59826,multiple-choice,single,obsidian-quiz-blocks,radio,,MF1,needs-answer,,
1589,169679,222338,free-response,single,,,,,,,
1589,169682,222362,free-response,single,,,,,,,
1589,169682,26140,multiple-choice,single,obsidian-quiz-blocks,radio,,MF1,needs-answer,,
1589,169682,27175,multiple-choice,single,obsidian-quiz-blocks,radio,,MF1,needs-answer,,
1589,169686,27179,multiple-choice,single,,,,,,,
1589,169686,31051,multiple-choice,single,,,,,,,
1590,193536,59768,multiple-choice,single,,,,,,,
1590,193536,237038,free-response,single,,,,,,,
1590,193539,208838,free-response,single,,,,,,,
1590,193539,26501,multiple-choice,single,,,,,,,
1590,193539,237063,free-response,single,,,,,,,
1590,193543,59772,multiple-choice,single,,,,,,,
1590,193543,237117,free-response,single,,,,,,,
1590,193546,222494,free-response,single,,,,,,,
1590,193546,26156,multiple-choice,single,,,,,,,
1590,193546,237172,free-response,single,,,,,,,
1594,15019,1122,multiple-choice,single,obsidian-quiz-blocks,radio,,MF2,needs-answer,,
1594,15019,19177,multiple-choice,single,obsidian-quiz-blocks,radio,,MF2,needs-answer,,
1594,15020,79794,multiple-choice,single,obsidian-quiz-blocks,radio,,MF2,needs-answer,,
1594,15020,1132,multiple-choice,single,obsidian-quiz-blocks,radio,,MF2,needs-answer,,
1594,15021,19179,multiple-choice,single,obsidian-quiz-blocks,radio,,MF2,needs-answer,,
1594,15021,1125,multiple-choice,single,obsidian-quiz-blocks,radio,,MF2,needs-answer,,
1597,10957,27646,multiple-choice,single,obsidian-quiz-blocks,radio,,MF2,needs-answer,,
1597,10957,27644,multiple-choice,single,obsidian-quiz-blocks,radio,,MF2,needs-answer,,
1597,10958,27602,multiple-choice,single,obsidian-quiz-blocks,radio,,MF2,needs-answer,,
1597,10958,27653,multiple-choice,single,obsidian-quiz-blocks,radio,,MF2,needs-answer,,
1597,10959,27637,multiple-choice,single,obsidian-quiz-blocks,radio,,MF2,needs-answer,,
1597,10959,27684,multiple-choice,single,obsidian-quiz-blocks,radio,,MF2,needs-answer,,
1599,14169,25681,multiple-choice,single,obsidian-quiz-blocks,radio,,MF2,needs-answer,,
1599,14169,25695,multiple-choice,single,obsidian-quiz-blocks,radio,,MF2,needs-answer,,
1599,14170,25691,multiple-choice,single,obsidian-quiz-blocks,radio,,MF2,needs-answer,,
1599,14170,66642,multiple-choice,single,obsidian-quiz-blocks,radio,,MF2,needs-answer,,
1599,14171,24169,multiple-choice,single,obsidian-quiz-blocks,radio,,MF2,needs-answer,,
1599,14171,25712,multiple-choice,single,obsidian-quiz-blocks,radio,,MF2,needs-answer,,
1600,30457,92857,multiple-choice,single,obsidian-quiz-blocks,radio,,MF2,needs-answer,,
1600,30457,93047,multiple-choice,single,obsidian-quiz-blocks,radio,,MF2,needs-answer,,
1600,32416,92855,multiple-choice,single,obsidian-quiz-blocks,radio,,MF2,needs-answer,,
1600,32416,93037,multiple-choice,single,obsidian-quiz-blocks,radio,,MF2,needs-answer,,
1601,9133,64655,multiple-choice,single,obsidian-quiz-blocks,radio,,MF1,needs-answer,,
1601,9133,20558,multiple-choice,single,obsidian-quiz-blocks,radio,,MF1,needs-answer,,
1601,9136,27496,multiple-choice,single,obsidian-quiz-blocks,radio,,MF1,needs-answer,,
1601,9136,20616,multiple-choice,single,obsidian-quiz-blocks,radio,,MF1,needs-answer,,
1601,9148,52998,multiple-choice,single,obsidian-quiz-blocks,radio,,MF1,needs-answer,,
1601,9148,52988,multiple-choice,single,obsidian-quiz-blocks,radio,,MF1,needs-answer,,
1601,15670,52991,multiple-choice,single,obsidian-quiz-blocks,radio,,MF1,needs-answer,,
1601,15670,52995,multiple-choice,single,obsidian-quiz-blocks,radio,,MF1,needs-answer,,
1608,456963,244470,free-response,single,,,,,,,
1608,456963,54314,multiple-choice,single,obsidian-quiz-blocks,radio,,MF2,needs-answer,,
1608,456966,244471,free-response,single,,,,,,,
1608,456966,28266,multiple-choice,single,obsidian-quiz-blocks,radio,,MF2,needs-answer,,
1608,456969,251122,free-response,single,,,,,,,
1608,456969,28265,multiple-choice,single,obsidian-quiz-blocks,radio,,MF2,needs-answer,,
1608,456969,244476,free-response,single,,,,,,,
1608,456973,244479,free-response,single,,,,,,,
1608,456973,28271,multiple-choice,single,obsidian-quiz-blocks,radio,,MF2,needs-answer,,
1609,14742,40435,multiple-choice,single,obsidian-quiz-blocks,radio,,MF2,needs-answer,,
1609,14742,40383,multiple-choice,single,obsidian-quiz-blocks,radio,,MF2,needs-answer,,
1609,14760,66672,multiple-choice,single,obsidian-quiz-blocks,radio,,MF2,needs-answer,,
1609,14760,66670,multiple-choice,single,obsidian-quiz-blocks,radio,,MF2,needs-answer,,
1609,14761,92958,multiple-choice,single,obsidian-quiz-blocks,radio,,MF2,needs-answer,,
1609,14761,66681,multiple-choice,single,obsidian-quiz-blocks,radio,,MF2,needs-answer,,
1609,14762,66664,multiple-choice,single,obsidian-quiz-blocks,radio,,MF2,needs-answer,,
1609,14762,66662,multiple-choice,single,obsidian-quiz-blocks,radio,,MF2,needs-answer,,
1610,14751,41240,multiple-choice,single,obsidian-quiz-blocks,radio,,MF2,needs-answer,,
1610,14751,41241,multiple-choice,single,obsidian-quiz-blocks,radio,,MF2,needs-answer,,
1610,14763,40633,multiple-choice,single,obsidian-quiz-blocks,radio,,MF2,needs-answer,,
1610,14763,4088,multiple-choice,single,obsidian-quiz-blocks,radio,,MF2,needs-answer,,
1610,14764,66695,multiple-choice,single,obsidian-quiz-blocks,radio,,MF2,needs-answer,,
1610,14764,66693,multiple-choice,single,obsidian-quiz-blocks,radio,,MF2,needs-answer,,
1610,14766,66691,multiple-choice,single,obsidian-quiz-blocks,radio,,MF2,needs-answer,,
1610,14766,66690,multiple-choice,single,obsidian-quiz-blocks,radio,,MF2,needs-answer,,
1628,3656,27692,multiple-choice,single,,,,,,,
1628,3656,27846,multiple-choice,single,,,,,,,
1628,3661,27700,multiple-choice,single,,,,,,,
1628,3661,27892,multiple-choice,single,,,,,,,
1629,7131,45602,multiple-choice,single,obsidian-quiz-blocks,radio,,MF1,needs-answer,,
1629,7131,45730,multiple-choice,single,obsidian-quiz-blocks,radio,,MF1,needs-answer,,
1629,7133,45418,multiple-choice,single,obsidian-quiz-blocks,radio,,MF1,needs-answer,,
1629,7133,45455,multiple-choice,single,obsidian-quiz-blocks,radio,,MF1,needs-answer,,
1629,7137,63996,multiple-choice,single,obsidian-quiz-blocks,radio,,MF1,needs-answer,,
1629,7137,45466,multiple-choice,single,obsidian-quiz-blocks,radio,,MF1,needs-answer,,
1632,467720,263259,free-response,single,,,,,,,
1632,467720,87252,multiple-choice,single,obsidian-quiz-blocks,radio,,MF2,needs-answer,,
1632,467720,263293,free-response,single,,,,,,,
1632,467725,87249,multiple-choice,single,obsidian-quiz-blocks,radio,,MF2,needs-answer,,
1632,467725,246720,free-response,single,,,,,,,
1632,467728,263417,free-response,single,,,,,,,
1632,467728,87558,multiple-choice,single,obsidian-quiz-blocks,radio,,MF2,needs-answer,,
1632,467728,263434,free-response,single,,,,,,,
1632,467733,87251,multiple-choice,single,obsidian-quiz-blocks,radio,,MF2,needs-answer,,
1632,467733,246726,free-response,single,,,,,,,
1634,28255,86565,multiple-choice,single,obsidian-quiz-blocks,radio,,MF2,needs-answer,,
1634,28255,86566,multiple-choice,single,obsidian-quiz-blocks,radio,,MF2,needs-answer,,
1634,28256,86561,multiple-choice,single,obsidian-quiz-blocks,radio,,MF2,needs-answer,,
1634,28256,86562,multiple-choice,single,obsidian-quiz-blocks,radio,,MF2,needs-answer,,
1634,28257,86567,multiple-choice,single,obsidian-quiz-blocks,radio,,MF2,needs-answer,,
1634,28257,86568,multiple-choice,single,obsidian-quiz-blocks,radio,,MF2,needs-answer,,
1639,8802,52722,multiple-choice,single,obsidian-quiz-blocks,radio,,MF1,needs-answer,,
1639,8802,27355,multiple-choice,single,obsidian-quiz-blocks,radio,,MF1,needs-answer,,
1639,8808,5928,multiple-choice,single,obsidian-quiz-blocks,radio,,MF1,needs-answer,,
1639,8808,27345,multiple-choice,single,obsidian-quiz-blocks,radio,,MF1,needs-answer,,
1639,8811,26920,multiple-choice,single,obsidian-quiz-blocks,radio,,MF1,needs-answer,,
1639,8811,27351,multiple-choice,single,obsidian-quiz-blocks,radio,,MF1,needs-answer,,
1639,8813,27364,multiple-choice,single,obsidian-quiz-blocks,radio,,MF1,needs-answer,,
1639,8813,27363,multiple-choice,single,obsidian-quiz-blocks,radio,,MF1,needs-answer,,
1643,14958,26530,multiple-choice,single,obsidian-quiz-blocks,radio,,MF2,needs-answer,,
1643,14958,27719,multiple-choice,single,obsidian-quiz-blocks,radio,,MF2,needs-answer,,
1643,14961,27742,multiple-choice,single,obsidian-quiz-blocks,radio,,MF2,needs-answer,,
1643,14961,66762,multiple-choice,single,obsidian-quiz-blocks,radio,,MF2,needs-answer,,
1643,14968,66761,multiple-choice,single,obsidian-quiz-blocks,radio,,MF2,needs-answer,,
1643,14968,27598,multiple-choice,single,obsidian-quiz-blocks,radio,,MF2,needs-answer,,
1644,9154,27663,multiple-choice,single,,,,,,,
1644,9154,77605,multiple-choice,single,,,,,,,
1644,9160,27671,multiple-choice,single,,,,,,,
1644,9160,27666,multiple-choice,single,,,,,,,
1644,36502,118759,multiple-choice,single,obsidian-quiz-blocks,radio,,MF1,needs-answer,,
1644,36502,27826,multiple-choice,single,obsidian-quiz-blocks,radio,,MF1,needs-answer,,
1647,20978,28502,multiple-choice,single,obsidian-quiz-blocks,radio,,MF3,needs-answer,,
1647,20978,28506,multiple-choice,single,obsidian-quiz-blocks,radio,,MF3,needs-answer,,
1647,20980,28524,multiple-choice,single,obsidian-quiz-blocks,radio,,MF3,needs-answer,,
1647,20980,28523,multiple-choice,single,obsidian-quiz-blocks,radio,,MF3,needs-answer,,
1647,20981,28215,multiple-choice,single,obsidian-quiz-blocks,radio,,MF3,needs-answer,,
1647,20981,8185,multiple-choice,single,obsidian-quiz-blocks,radio,,MF3,needs-answer,,
1653,18502,28164,multiple-choice,single,obsidian-quiz-blocks,radio,,MF2,needs-answer,,
1653,18502,28216,multiple-choice,single,obsidian-quiz-blocks,radio,,MF2,needs-answer,,
1653,18505,28101,multiple-choice,single,,,,,,,
1653,18505,18333,multiple-choice,single,obsidian-quiz-blocks,radio,,MF2,needs-answer,,
1653,18507,6639,multiple-choice,single,obsidian-quiz-blocks,radio,,MF2,needs-answer,,
1653,18507,28121,multiple-choice,single,,,,,,,
1653,18516,18342,multiple-choice,single,,,,,,,
1653,18516,6629,multiple-choice,single,obsidian-quiz-blocks,radio,,MF2,needs-answer,,
1654,21019,28331,multiple-choice,single,,,,,,,
1654,21019,28063,multiple-choice,single,,,,,,,
1654,21020,27978,multiple-choice,single,,,,,,,
1654,21020,27676,multiple-choice,single,,,,,,,
1654,21023,28494,multiple-choice,single,,,,,,,
1654,21023,28083,multiple-choice,single,,,,,,,
1654,21025,28364,multiple-choice,single,,,,,,,
1654,21025,28067,multiple-choice,single,,,,,,,
1656,21024,28529,multiple-choice,single,,,,,,,
1656,21024,27989,multiple-choice,single,,,,,,,
1656,21026,28515,multiple-choice,single,,,,,,,
1656,21026,27990,multiple-choice,single,,,,,,,
1656,21030,28617,multiple-choice,single,,,,,,,
1656,21030,28202,multiple-choice,single,,,,,,,
1656,21031,75168,multiple-choice,single,,,,,,,
1656,21031,27998,multiple-choice,single,,,,,,,
1659,11686,12544,multiple-choice,single,obsidian-quiz-blocks,radio,,MF2,needs-answer,,
1659,11686,6494,multiple-choice,single,obsidian-quiz-blocks,radio,,MF2,needs-answer,,
1659,11692,12695,multiple-choice,single,obsidian-quiz-blocks,radio,,MF2,needs-answer,,
1659,11692,6781,multiple-choice,single,obsidian-quiz-blocks,radio,,MF2,needs-answer,,
1659,11697,13040,multiple-choice,single,obsidian-quiz-blocks,radio,,MF2,needs-answer,,
1659,11697,65364,multiple-choice,single,obsidian-quiz-blocks,radio,,MF2,needs-answer,,
1659,11698,13035,multiple-choice,single,obsidian-quiz-blocks,radio,,MF2,needs-answer,,
1659,11698,9794,multiple-choice,single,obsidian-quiz-blocks,radio,,MF2,needs-answer,,
1661,11409,72947,multiple-choice,single,obsidian-quiz-blocks,radio,,MF2,needs-answer,,
1661,11409,6621,multiple-choice,single,obsidian-quiz-blocks,radio,,MF2,needs-answer,,
1661,11413,65354,multiple-choice,single,,,,,,,
1661,11413,65287,multiple-choice,single,,,,,,,
1661,14192,65350,multiple-choice,single,obsidian-quiz-blocks,radio,,MF2,needs-answer,,
1661,14192,65347,multiple-choice,single,obsidian-quiz-blocks,radio,,MF2,needs-answer,,
1661,22966,72950,multiple-choice,single,obsidian-quiz-blocks,radio,,MF2,needs-answer,,
1661,22966,65857,multiple-choice,single,obsidian-quiz-blocks,radio,,MF2,needs-answer,,
1676,18867,14374,multiple-choice,single,,,,,,,
1676,18867,29876,multiple-choice,single,,,,,,,
1676,18868,3487,multiple-choice,single,,,,,,,
1676,18868,29872,multiple-choice,single,,,,,,,
1676,18869,29820,multiple-choice,single,,,,,,,
1676,18869,3485,multiple-choice,single,,,,,,,
1676,19638,149,multiple-choice,single,,,,,,,
1676,19638,150,multiple-choice,single,,,,,,,
1682,516376,28594,multiple-choice,single,,,,,,,
1682,516376,317194,multiple-choice,single,,,,,,,
1682,516379,29377,multiple-choice,single,,,,,,,
1682,516379,317331,multiple-choice,single,,,,,,,
1685,1480,65996,multiple-choice,single,obsidian-quiz-blocks,radio,,CA1;CAB;CBC,needs-answer,,
1685,1480,65997,multiple-choice,single,obsidian-quiz-blocks,radio,,CA1;CAB;CBC,needs-answer,,
1685,1483,17842,multiple-choice,single,obsidian-quiz-blocks,radio,,CA1;CAB;CBC,needs-answer,,
1685,1483,2006,multiple-choice,single,obsidian-quiz-blocks,radio,,CA1;CAB;CBC,needs-answer,,
1685,1486,2167,multiple-choice,single,obsidian-quiz-blocks,radio,,CA1;CAB;CBC,needs-answer,,
1685,1486,51064,multiple-choice,single,obsidian-quiz-blocks,radio,,CA1;CAB;CBC,needs-answer,,
1685,1488,29781,multiple-choice,single,obsidian-quiz-blocks,radio,,CA1;CAB;CBC,needs-answer,,
1685,1488,29784,multiple-choice,single,obsidian-quiz-blocks,radio,,CA1;CAB;CBC,needs-answer,,
1686,12345,1889,multiple-choice,single,obsidian-quiz-blocks,radio,e,CAB;CBC;CA1;MF2,converted-and-verified,manual,label
1686,12345,31283,multiple-choice,single,obsidian-quiz-blocks,radio,c,CAB;CBC;CA1;MF2,converted-and-verified,manual,label
1686,12346,17639,multiple-choice,single,obsidian-quiz-blocks,radio,a,CAB;CBC;CA1;MF2,converted-and-verified,manual,label
1686,12346,31279,multiple-choice,single,obsidian-quiz-blocks,radio,e,CAB;CBC;CA1;MF2,converted-and-verified,manual,label
1686,12347,1892,multiple-choice,single,obsidian-quiz-blocks,radio,a,CAB;CBC;CA1;MF2,converted-and-verified,manual,label
1686,12347,31280,multiple-choice,single,obsidian-quiz-blocks,radio,d,CAB;CBC;CA1;MF2,converted-and-verified,manual,label
1686,12348,1886,multiple-choice,single,obsidian-quiz-blocks,radio,a,CAB;CBC;CA1;MF2,converted-and-verified,manual,label
1686,12348,1905,multiple-choice,single,obsidian-quiz-blocks,radio,a,CAB;CBC;CA1;MF2,converted-and-verified,manual,label
1691,616,47684,multiple-choice,single,obsidian-quiz-blocks,radio,d,CAB;CBC;MF3;CA1,converted-and-verified,manual,label
1691,616,47683,multiple-choice,single,obsidian-quiz-blocks,radio,c,CAB;CBC;MF3;CA1,converted-and-verified,manual,label
1691,619,47678,multiple-choice,single,obsidian-quiz-blocks,radio,b,CAB;CBC;MF3;CA1,converted-and-verified,manual,label
1691,619,47367,multiple-choice,single,obsidian-quiz-blocks,radio,e,CAB;CBC;MF3;CA1,converted-and-verified,manual,label
1691,623,47650,multiple-choice,single,obsidian-quiz-blocks,radio,a,CAB;CBC;MF3;CA1,converted-and-verified,manual,label
1691,623,47669,multiple-choice,single,obsidian-quiz-blocks,radio,b,CAB;CBC;MF3;CA1,converted-and-verified,image-id,answer-image-id-1
1707,20913,28241,multiple-choice,single,,,,,,,
1707,20913,28243,multiple-choice,single,,,,,,,
1707,20917,33514,multiple-choice,single,obsidian-quiz-blocks,radio,,MF2,needs-answer,,
1707,20917,33511,multiple-choice,single,obsidian-quiz-blocks,radio,,MF2,needs-answer,,
1707,32160,46106,multiple-choice,single,,,,,,,
1707,32160,46107,multiple-choice,single,,,,,,,
1707,32161,19261,multiple-choice,single,obsidian-quiz-blocks,radio,,MF2,needs-answer,,
1707,32161,28239,multiple-choice,single,obsidian-quiz-blocks,radio,,MF2,needs-answer,,
1716,312,35389,multiple-choice,single,obsidian-quiz-blocks,radio,e,CA1;CAB;CBC;MF2,converted-and-verified,manual,label
1716,312,35058,multiple-choice,single,obsidian-quiz-blocks,radio,d,CA1;CAB;CBC;MF2,converted-and-verified,manual,label
1716,317,35056,multiple-choice,single,obsidian-quiz-blocks,radio,a,CA1;CAB;CBC;MF2,converted-and-verified,manual,label
1716,317,35055,multiple-choice,single,obsidian-quiz-blocks,radio,d,CA1;CAB;CBC;MF2,converted-and-verified,manual,label
1716,320,35398,multiple-choice,single,obsidian-quiz-blocks,radio,c,CA1;CAB;CBC;MF2,converted-and-verified,manual,label
1716,320,35397,multiple-choice,single,obsidian-quiz-blocks,radio,b,CA1;CAB;CBC;MF2,converted-and-verified,manual,label
1716,322,35395,multiple-choice,single,obsidian-quiz-blocks,radio,a,CA1;CAB;CBC;MF2,converted-and-verified,manual,label
1716,322,35390,multiple-choice,single,obsidian-quiz-blocks,radio,a,CA1;CAB;CBC;MF2,converted-and-verified,manual,label
1717,586016,47069,multiple-choice,single,obsidian-quiz-blocks,radio,d,CAB;CBC;CA1;MF2,converted-and-verified,manual,label
1717,586016,36435,multiple-choice,single,obsidian-quiz-blocks,radio,a,CAB;CBC;CA1;MF2,converted-and-verified,manual,label
1717,586020,54486,multiple-choice,single,obsidian-quiz-blocks,radio,a,CAB;CBC;CA1;MF2,converted-and-verified,manual,label
1717,586020,47080,multiple-choice,single,obsidian-quiz-blocks,radio,a,CAB;CBC;CA1;MF2,converted-and-verified,manual,label
1717,586023,47071,multiple-choice,single,obsidian-quiz-blocks,radio,a,CAB;CBC;CA1;MF2,converted-and-verified,manual,label
1717,586023,47081,multiple-choice,single,obsidian-quiz-blocks,radio,a,CAB;CBC;CA1;MF2,converted-and-verified,manual,label
1719,12175,17287,multiple-choice,single,obsidian-quiz-blocks,radio,e,CAB;CBC;CA1;MF2,converted-and-verified,manual,label
1719,12175,4456,multiple-choice,single,obsidian-quiz-blocks,radio,c,CAB;CBC;CA1;MF2,converted-and-verified,manual,label
1719,12176,47007,multiple-choice,single,obsidian-quiz-blocks,radio,d,CAB;CBC;CA1;MF2,converted-and-verified,manual,label
1719,12176,47045,multiple-choice,single,obsidian-quiz-blocks,radio,b,CAB;CBC;CA1;MF2,converted-and-verified,manual,label
1719,12180,47044,multiple-choice,single,obsidian-quiz-blocks,radio,b,CAB;CBC;CA1;MF2,converted-and-verified,manual,label
1719,12180,47008,multiple-choice,single,obsidian-quiz-blocks,radio,c,CAB;CBC;CA1;MF2,converted-and-verified,manual,label
1719,12181,47049,multiple-choice,single,obsidian-quiz-blocks,radio,c,CAB;CBC;CA1;MF2,converted-and-verified,manual,label
1719,12181,47047,multiple-choice,single,obsidian-quiz-blocks,radio,c,CAB;CBC;CA1;MF2,converted-and-verified,manual,label
1721,852,31790,multiple-choice,single,obsidian-quiz-blocks,radio,c,CA1;CAB;CBC;MF3,converted-and-verified,manual,label
1721,852,31939,multiple-choice,single,obsidian-quiz-blocks,radio,a,CA1;CAB;CBC;MF3,converted-and-verified,manual,label
1721,855,19070,multiple-choice,single,obsidian-quiz-blocks,radio,c,CA1;CAB;CBC;MF3,converted-and-verified,manual,label
1721,855,2487,multiple-choice,single,obsidian-quiz-blocks,radio,b,CA1;CAB;CBC;MF3,converted-and-verified,manual,label
1721,857,19066,multiple-choice,single,obsidian-quiz-blocks,radio,b,CA1;CAB;CBC;MF3,converted-and-verified,manual,label
1721,857,19081,multiple-choice,single,obsidian-quiz-blocks,radio,e,CA1;CAB;CBC;MF3,converted-and-verified,manual,label
1721,859,31949,multiple-choice,single,obsidian-quiz-blocks,radio,c,CA1;CAB;CBC;MF3,converted-and-verified,manual,label
1721,859,32000,multiple-choice,single,obsidian-quiz-blocks,radio,d,CA1;CAB;CBC;MF3,converted-and-verified,manual,label
1724,16196,42263,multiple-choice,single,obsidian-quiz-blocks,radio,,MF3,needs-answer,,
1724,16196,42004,multiple-choice,single,obsidian-quiz-blocks,radio,,MF3,needs-answer,,
1724,16198,42257,multiple-choice,single,obsidian-quiz-blocks,radio,,MF3,needs-answer,,
1724,16198,41785,multiple-choice,single,obsidian-quiz-blocks,radio,,MF3,needs-answer,,
1724,16199,42265,multiple-choice,single,obsidian-quiz-blocks,radio,,MF3,needs-answer,,
1724,16199,42266,multiple-choice,single,obsidian-quiz-blocks,radio,,MF3,needs-answer,,
1725,16201,32319,multiple-choice,single,obsidian-quiz-blocks,radio,,MF3,needs-answer,,
1725,16201,36314,multiple-choice,single,obsidian-quiz-blocks,radio,,MF3,needs-answer,,
1725,16205,78348,multiple-choice,single,obsidian-quiz-blocks,radio,,MF3,needs-answer,,
1725,16205,36317,multiple-choice,single,obsidian-quiz-blocks,radio,,MF3,needs-answer,,
1729,16464,12288,multiple-choice,single,obsidian-quiz-blocks,radio,,MF3,needs-answer,,
1729,16464,11979,multiple-choice,single,obsidian-quiz-blocks,radio,,MF3,needs-answer,,
1729,16465,31874,multiple-choice,single,obsidian-quiz-blocks,radio,,MF3,needs-answer,,
1729,16465,8818,multiple-choice,single,obsidian-quiz-blocks,radio,,MF3,needs-answer,,
1729,16466,31876,multiple-choice,single,obsidian-quiz-blocks,radio,,MF3,needs-answer,,
1729,16466,32020,multiple-choice,single,obsidian-quiz-blocks,radio,,MF3,needs-answer,,
1745,10883,53641,multiple-choice,single,,,,,,,
1745,10883,53584,multiple-choice,single,,,,,,,
1745,10884,53583,multiple-choice,single,,,,,,,
1745,10884,3731,multiple-choice,single,,,,,,,
1745,10886,53639,multiple-choice,single,,,,,,,
1745,10886,53577,multiple-choice,single,,,,,,,
1745,25172,53585,multiple-choice,single,,,,,,,
1745,25172,53642,multiple-choice,single,,,,,,,
1753,33546,10228,multiple-choice,single,obsidian-quiz-blocks,radio,,MF2,needs-answer,,
1753,33546,10227,multiple-choice,single,obsidian-quiz-blocks,radio,,MF2,needs-answer,,
1753,33547,10103,multiple-choice,single,obsidian-quiz-blocks,radio,,MF2,needs-answer,,
1753,33547,32206,multiple-choice,single,obsidian-quiz-blocks,radio,,MF2,needs-answer,,
1753,33548,107738,multiple-choice,single,obsidian-quiz-blocks,radio,,MF2,needs-answer,,
1753,33548,18713,multiple-choice,single,obsidian-quiz-blocks,radio,,MF2,needs-answer,,
1762,33603,13289,multiple-choice,single,obsidian-quiz-blocks,radio,,MF2,needs-answer,,
1762,33603,12419,multiple-choice,single,obsidian-quiz-blocks,radio,,MF2,needs-answer,,
1762,33604,13291,multiple-choice,single,obsidian-quiz-blocks,radio,,MF2,needs-answer,,
1762,33604,12430,multiple-choice,single,obsidian-quiz-blocks,radio,,MF2,needs-answer,,
1762,33606,107770,multiple-choice,single,obsidian-quiz-blocks,radio,,MF2,needs-answer,,
1762,33606,32483,multiple-choice,single,obsidian-quiz-blocks,radio,,MF2,needs-answer,,
1765,69031,13226,multiple-choice,single,obsidian-quiz-blocks,radio,,MF2,needs-answer,,
1765,69031,13265,multiple-choice,single,obsidian-quiz-blocks,radio,,MF2,needs-answer,,
1765,69034,107392,multiple-choice,single,obsidian-quiz-blocks,radio,,MF2,needs-answer,,
1765,69034,107389,multiple-choice,single,obsidian-quiz-blocks,radio,,MF2,needs-answer,,
1765,69037,19366,multiple-choice,single,obsidian-quiz-blocks,radio,,MF2,needs-answer,,
1765,69037,107369,multiple-choice,single,obsidian-quiz-blocks,radio,,MF2,needs-answer,,
1783,150901,44702,multiple-choice,single,obsidian-quiz-blocks,radio,,MF1,needs-answer,,
1783,150901,33231,multiple-choice,single,obsidian-quiz-blocks,radio,,MF1,needs-answer,,
1783,150905,30326,multiple-choice,single,obsidian-quiz-blocks,radio,,MF1,needs-answer,,
1783,150905,33221,multiple-choice,single,obsidian-quiz-blocks,radio,,MF1,needs-answer,,
1783,150908,215327,free-response,single,,,,,,,
1783,150908,215324,free-response,single,,,,,,,
1783,150908,61898,multiple-choice,single,obsidian-quiz-blocks,radio,,MF1,needs-answer,,
1784,44887,32703,multiple-choice,single,obsidian-quiz-blocks,radio,d,CAB;CBC;CA1;MF3,converted-and-verified,manual,label
1784,44887,32705,multiple-choice,single,obsidian-quiz-blocks,radio,c,CAB;CBC;CA1;MF3,converted-and-verified,manual,label
1784,44890,32589,multiple-choice,single,obsidian-quiz-blocks,radio,c,CAB;CBC;CA1;MF3,converted-and-verified,manual,label
1784,44890,32595,multiple-choice,single,obsidian-quiz-blocks,radio,e,CAB;CBC;CA1;MF3,converted-and-verified,manual,label
1784,44893,32596,multiple-choice,single,obsidian-quiz-blocks,radio,b,CAB;CBC;CA1;MF3,converted-and-verified,manual,label
1784,44893,72147,multiple-choice,single,obsidian-quiz-blocks,radio,d,CAB;CBC;CA1;MF3,converted-and-verified,manual,label
1785,827,3303,multiple-choice,single,obsidian-quiz-blocks,radio,c,CAB;CBC;CA1;MF3,converted-and-verified,manual,label
1785,827,32629,multiple-choice,single,obsidian-quiz-blocks,radio,e,CAB;CBC;CA1;MF3,converted-and-verified,manual,label
1785,831,32637,multiple-choice,single,obsidian-quiz-blocks,radio,a,CAB;CBC;CA1;MF3,converted-and-verified,manual,label
1785,831,32586,multiple-choice,single,obsidian-quiz-blocks,radio,e,CAB;CBC;CA1;MF3,converted-and-verified,manual,label
1813,445,14547,multiple-choice,single,obsidian-quiz-blocks,radio,e,CAB;CBC;CA1;MF2,converted-and-verified,manual,label
1813,445,4462,multiple-choice,single,obsidian-quiz-blocks,radio,a,CAB;CBC;CA1;MF2,converted-and-verified,manual,label
1813,448,36278,multiple-choice,single,obsidian-quiz-blocks,radio,a,CAB;CBC;CA1;MF2,converted-and-verified,manual,label
1813,448,36277,multiple-choice,single,obsidian-quiz-blocks,radio,e,CAB;CBC;CA1;MF2,converted-and-verified,manual,label
1813,451,36275,multiple-choice,single,obsidian-quiz-blocks,radio,b,CAB;CBC;CA1;MF2,converted-and-verified,manual,label
1813,451,14391,multiple-choice,single,obsidian-quiz-blocks,radio,e,CAB;CBC;CA1;MF2,converted-and-verified,manual,label
1814,295,35510,multiple-choice,single,obsidian-quiz-blocks,radio,a,CAB;CBC;CA1;MF2,converted-and-verified,manual,label
1814,295,35501,multiple-choice,single,obsidian-quiz-blocks,radio,c,CAB;CBC;CA1;MF2,converted-and-verified,manual,label
1814,299,35511,multiple-choice,single,obsidian-quiz-blocks,radio,e,CAB;CBC;CA1;MF2,converted-and-verified,manual,label
1814,299,35499,multiple-choice,single,obsidian-quiz-blocks,radio,b,CAB;CBC;CA1;MF2,converted-and-verified,manual,label
1815,486584,47852,multiple-choice,single,obsidian-quiz-blocks,radio,b,CAB;CBC;CA1;MF3,converted-and-verified,manual,label
1815,486584,47859,multiple-choice,single,obsidian-quiz-blocks,radio,b,CAB;CBC;CA1;MF3,converted-and-verified,manual,label
1815,486587,37066,multiple-choice,single,obsidian-quiz-blocks,radio,d,CAB;CBC;CA1;MF3,converted-and-verified,manual,label
1815,486587,73011,multiple-choice,single,obsidian-quiz-blocks,radio,e,CAB;CBC;CA1;MF3,converted-and-verified,manual,label
1815,486590,37070,multiple-choice,single,obsidian-quiz-blocks,radio,d,CAB;CBC;CA1;MF3,converted-and-verified,manual,label
1815,486590,4631,multiple-choice,single,obsidian-quiz-blocks,radio,a,CAB;CBC;CA1;MF3,converted-and-verified,manual,label
1815,486593,37072,multiple-choice,single,obsidian-quiz-blocks,radio,c,CAB;CBC;CA1;MF3,converted-and-verified,manual,label
1815,486593,36811,multiple-choice,single,obsidian-quiz-blocks,radio,c,CAB;CBC;CA1;MF3,converted-and-verified,manual,label
1818,455132,44818,multiple-choice,single,obsidian-quiz-blocks,radio,,MF2,needs-answer,,
1818,455132,249792,free-response,multi,,,,,,,
1818,455132,249795,free-response,multi,,,,,,,
1818,455136,233046,free-response,single,,,,,,,
1818,455136,249805,free-response,single,,,,,,,
1818,455136,44819,multiple-choice,single,obsidian-quiz-blocks,radio,,MF2,needs-answer,,
1818,455140,44957,multiple-choice,single,obsidian-quiz-blocks,radio,,MF2,needs-answer,,
1818,455140,233070,free-response,single,,,,,,,
1818,455140,44958,multiple-choice,single,obsidian-quiz-blocks,radio,,MF2,needs-answer,,
1818,455144,39313,multiple-choice,single,obsidian-quiz-blocks,radio,,MF2,needs-answer,,
1818,455144,44824,multiple-choice,single,obsidian-quiz-blocks,radio,,MF2,needs-answer,,
1819,554688,41431,multiple-choice,single,obsidian-quiz-blocks,radio,a,MF1,converted-and-verified,manual,label
1819,554688,99156,multiple-choice,single,obsidian-quiz-blocks,radio,c,MF1,converted-and-verified,manual,label
1819,554688,99148,multiple-choice,single,obsidian-quiz-blocks,radio,e,MF1,converted-and-verified,manual,label
1819,554692,41425,multiple-choice,single,obsidian-quiz-blocks,radio,b,MF1,converted-and-verified,manual,label
1819,554692,44072,multiple-choice,single,obsidian-quiz-blocks,radio,a,MF1,converted-and-verified,manual,label
1819,554692,44082,multiple-choice,single,obsidian-quiz-blocks,radio,a,MF1,converted-and-verified,manual,label
1819,554697,33449,multiple-choice,single,obsidian-quiz-blocks,radio,e,MF1,converted-and-verified,manual,label
1819,554697,186163,free-response,single,,,,,,,
1819,554697,44075,multiple-choice,single,obsidian-quiz-blocks,radio,d,MF1,converted-and-verified,manual,label
1819,554702,41436,multiple-choice,single,obsidian-quiz-blocks,radio,d,MF1,converted-and-verified,manual,label
1819,554702,43335,multiple-choice,single,obsidian-quiz-blocks,radio,d,MF1,converted-and-verified,manual,label
1822,71601,40881,multiple-choice,single,obsidian-quiz-blocks,radio,c,MF1,converted-and-verified,manual,label
1822,71601,99118,multiple-choice,single,obsidian-quiz-blocks,radio,c,MF1,converted-and-verified,manual,label
1822,71604,152031,multiple-choice,single,obsidian-quiz-blocks,radio,c,MF1,converted-and-verified,manual,label
1822,71604,40869,multiple-choice,single,obsidian-quiz-blocks,radio,c,MF1,converted-and-verified,manual,label
1822,71607,2929,multiple-choice,single,obsidian-quiz-blocks,radio,e,MF1,converted-and-verified,manual,label
1822,71607,99128,multiple-choice,single,obsidian-quiz-blocks,radio,a,MF1,converted-and-verified,manual,label
1822,71607,152075,multiple-choice,single,obsidian-quiz-blocks,radio,a,MF1,converted-and-verified,manual,label
1822,71612,43305,multiple-choice,single,obsidian-quiz-blocks,radio,e,MF1,converted-and-verified,manual,label
1822,71612,43299,multiple-choice,single,obsidian-quiz-blocks,radio,d,MF1,converted-and-verified,manual,label
1826,35163,119360,multiple-choice,single,obsidian-quiz-blocks,radio,,MF2,needs-answer,,
1826,35163,119425,multiple-choice,single,obsidian-quiz-blocks,radio,,MF2,needs-answer,,
1826,35193,119432,multiple-choice,single,obsidian-quiz-blocks,radio,,MF2,needs-answer,,
1826,35193,119435,multiple-choice,single,,,,,,,
1826,35199,119443,multiple-choice,single,obsidian-quiz-blocks,radio,,MF2,needs-answer,,
1826,35199,119657,multiple-choice,single,obsidian-quiz-blocks,radio,,MF2,needs-answer,,
1843,30683,93929,multiple-choice,single,obsidian-quiz-blocks,radio,,MF3;PAS;PS1,needs-answer,,
1843,30683,94236,multiple-choice,single,obsidian-quiz-blocks,radio,,MF3;PAS;PS1,needs-answer,,
1843,30684,94290,multiple-choice,single,obsidian-quiz-blocks,radio,,MF3;PAS;PS1,needs-answer,,
1843,30684,93938,multiple-choice,single,obsidian-quiz-blocks,radio,,MF3;PAS;PS1,needs-answer,,
1843,30685,93939,multiple-choice,single,obsidian-quiz-blocks,radio,,MF3;PAS;PS1,needs-answer,,
1843,30685,94319,multiple-choice,single,obsidian-quiz-blocks,radio,,MF3;PAS;PS1,needs-answer,,
1844,11673,64917,multiple-choice,single,obsidian-quiz-blocks,radio,,MF2,needs-answer,,
1844,11673,64916,multiple-choice,single,obsidian-quiz-blocks,radio,,MF2,needs-answer,,
1844,11674,64931,multiple-choice,single,obsidian-quiz-blocks,radio,,MF2,needs-answer,,
1844,11674,23391,multiple-choice,single,obsidian-quiz-blocks,radio,,MF2,needs-answer,,
1844,11675,64940,multiple-choice,single,obsidian-quiz-blocks,radio,,MF2,needs-answer,,
1844,11675,23382,multiple-choice,single,obsidian-quiz-blocks,radio,,MF2,needs-answer,,
1844,11676,43633,multiple-choice,single,obsidian-quiz-blocks,radio,,MF2,needs-answer,,
1844,11676,89593,multiple-choice,single,obsidian-quiz-blocks,radio,,MF2,needs-answer,,
1848,10716,64495,multiple-choice,single,,,,,,,
1848,10716,64327,multiple-choice,single,,,,,,,
1848,10717,64342,multiple-choice,single,,,,,,,
1848,10717,64336,multiple-choice,single,,,,,,,
1848,10718,34274,multiple-choice,single,obsidian-quiz-blocks,radio,,MF2,needs-answer,,
1848,10718,34270,multiple-choice,single,obsidian-quiz-blocks,radio,,MF2,needs-answer,,
1848,10750,34461,multiple-choice,single,,,,,,,
1848,10750,34267,multiple-choice,single,,,,,,,
1873,286,47580,multiple-choice,single,obsidian-quiz-blocks,radio,c,CAB;CBC;CA1;MF2,converted-and-verified,manual,label
1873,286,35809,multiple-choice,single,obsidian-quiz-blocks,radio,c,CAB;CBC;CA1;MF2,converted-and-verified,manual,label
1873,11991,35817,multiple-choice,single,obsidian-quiz-blocks,radio,b,CAB;CBC;CA1;MF2,converted-and-verified,manual,label
1873,11991,35042,multiple-choice,single,obsidian-quiz-blocks,radio,c,CAB;CBC;CA1;MF2,converted-and-verified,manual,label
1875,21143,38497,multiple-choice,single,obsidian-quiz-blocks,radio,,MF2,needs-answer,,
1875,21143,4116,multiple-choice,single,obsidian-quiz-blocks,radio,,MF2,needs-answer,,
1875,21145,38501,multiple-choice,single,obsidian-quiz-blocks,radio,,MF2,needs-answer,,
1875,21145,39525,multiple-choice,single,obsidian-quiz-blocks,radio,,MF2,needs-answer,,
1875,21146,39533,multiple-choice,single,obsidian-quiz-blocks,radio,,MF2,needs-answer,,
1875,21146,39528,multiple-choice,single,obsidian-quiz-blocks,radio,,MF2,needs-answer,,
1875,29636,89781,multiple-choice,single,obsidian-quiz-blocks,radio,,MF2,needs-answer,,
1875,29636,89780,multiple-choice,single,obsidian-quiz-blocks,radio,,MF2,needs-answer,,
1882,4604,90776,multiple-choice,single,obsidian-quiz-blocks,radio,,MF2,needs-answer,,
1882,4604,34882,multiple-choice,single,obsidian-quiz-blocks,radio,,MF2,needs-answer,,
1882,4610,35155,multiple-choice,single,obsidian-quiz-blocks,radio,,MF2,needs-answer,,
1882,4610,6854,multiple-choice,single,obsidian-quiz-blocks,radio,,MF2,needs-answer,,
1882,29837,34910,multiple-choice,single,obsidian-quiz-blocks,radio,,MF2,needs-answer,,
1882,29837,35910,multiple-choice,single,obsidian-quiz-blocks,radio,,MF2,needs-answer,,
1882,29974,34886,multiple-choice,single,obsidian-quiz-blocks,radio,,MF2,needs-answer,,
1882,29974,6737,multiple-choice,single,obsidian-quiz-blocks,radio,,MF2,needs-answer,,
1884,6007,61760,multiple-choice,single,obsidian-quiz-blocks,radio,,MF1,needs-answer,,
1884,6007,111815,multiple-choice,single,obsidian-quiz-blocks,radio,,MF1,needs-answer,,
1884,29784,35063,multiple-choice,single,obsidian-quiz-blocks,radio,,MF1,needs-answer,,
1884,29784,90225,multiple-choice,single,obsidian-quiz-blocks,radio,,MF1,needs-answer,,
1884,37773,90413,multiple-choice,single,obsidian-quiz-blocks,radio,,MF1,needs-answer,,
1884,37773,61762,multiple-choice,single,obsidian-quiz-blocks,radio,,MF1,needs-answer,,
1886,493066,36505,multiple-choice,single,obsidian-quiz-blocks,radio,,MF2,needs-answer,,
1886,493066,35942,multiple-choice,single,obsidian-quiz-blocks,radio,,MF2,needs-answer,,
1886,493069,36506,multiple-choice,single,obsidian-quiz-blocks,radio,,MF2,needs-answer,,
1886,493069,35944,multiple-choice,single,obsidian-quiz-blocks,radio,,MF2,needs-answer,,
1886,493073,36803,multiple-choice,single,obsidian-quiz-blocks,radio,,MF2,needs-answer,,
1886,493073,35948,multiple-choice,single,obsidian-quiz-blocks,radio,,MF2,needs-answer,,
1886,493076,66471,multiple-choice,single,obsidian-quiz-blocks,radio,,MF2,needs-answer,,
1886,493076,35991,multiple-choice,single,obsidian-quiz-blocks,radio,,MF2,needs-answer,,
1888,3626,37443,multiple-choice,single,obsidian-quiz-blocks,radio,,MF1,needs-answer,,
1888,3626,60753,multiple-choice,single,obsidian-quiz-blocks,radio,,MF1,needs-answer,,
1888,3629,37140,multiple-choice,single,obsidian-quiz-blocks,radio,,MF1,needs-answer,,
1888,3629,37793,multiple-choice,single,obsidian-quiz-blocks,radio,,MF1,needs-answer,,
1888,24350,37783,multiple-choice,single,obsidian-quiz-blocks,radio,,MF1,needs-answer,,
1888,24350,37054,multiple-choice,single,obsidian-quiz-blocks,radio,,MF1,needs-answer,,
1889,13909,36000,multiple-choice,single,obsidian-quiz-blocks,radio,,MF2,needs-answer,,
1889,13909,36897,multiple-choice,single,obsidian-quiz-blocks,radio,,MF2,needs-answer,,
1889,13911,36941,multiple-choice,single,obsidian-quiz-blocks,radio,,MF2,needs-answer,,
1889,13911,36039,multiple-choice,single,obsidian-quiz-blocks,radio,,MF2,needs-answer,,
1889,13916,66723,multiple-choice,single,obsidian-quiz-blocks,radio,,MF2,needs-answer,,
1889,13916,66482,multiple-choice,single,obsidian-quiz-blocks,radio,,MF2,needs-answer,,
1903,472,35720,multiple-choice,single,obsidian-quiz-blocks,radio,d,CAB;CBC;CA1;MF3,converted-and-verified,manual,label
1903,472,3759,multiple-choice,single,obsidian-quiz-blocks,radio,c,CAB;CBC;CA1;MF3,converted-and-verified,manual,label
1903,475,3761,multiple-choice,single,obsidian-quiz-blocks,radio,d,CAB;CBC;CA1;MF3,converted-and-verified,manual,label
1903,475,3949,multiple-choice,single,obsidian-quiz-blocks,radio,c,CAB;CBC;CA1;MF3,converted-and-verified,manual,label
1903,478,35828,multiple-choice,single,obsidian-quiz-blocks,radio,b,CAB;CBC;CA1;MF3,converted-and-verified,manual,label
1903,478,35763,multiple-choice,single,obsidian-quiz-blocks,radio,b,CAB;CBC;CA1;MF3,converted-and-verified,manual,label
1903,480,35834,multiple-choice,single,obsidian-quiz-blocks,radio,a,CAB;CBC;CA1;MF3,converted-and-verified,manual,label
1903,480,35832,multiple-choice,single,obsidian-quiz-blocks,radio,e,CAB;CBC;CA1;MF3,converted-and-verified,manual,label
1905,370,36454,multiple-choice,single,obsidian-quiz-blocks,radio,b,CAB;CBC;CA1;MF2,converted-and-verified,manual,label
1905,370,3930,multiple-choice,single,obsidian-quiz-blocks,radio,c,CAB;CBC;CA1;MF2,converted-and-verified,manual,label
1905,375,36098,multiple-choice,single,obsidian-quiz-blocks,radio,c,CAB;CBC;CA1;MF2,converted-and-verified,manual,label
1905,375,46972,multiple-choice,single,obsidian-quiz-blocks,radio,c,CAB;CBC;CA1;MF2,converted-and-verified,manual,label
1905,2644,54436,multiple-choice,single,obsidian-quiz-blocks,radio,a,CAB;CBC;CA1;MF2,converted-and-verified,manual,label
1905,2644,67509,multiple-choice,single,obsidian-quiz-blocks,radio,d,CAB;CBC;CA1;MF2,converted-and-verified,manual,label
1905,2645,67574,multiple-choice,single,obsidian-quiz-blocks,radio,d,CAB;CBC;CA1;MF2,converted-and-verified,manual,label
1905,2645,35089,multiple-choice,single,obsidian-quiz-blocks,radio,c,CAB;CBC;CA1;MF2,converted-and-verified,manual,label
1914,330,54403,multiple-choice,single,obsidian-quiz-blocks,radio,a,CAB;CBC;CA1;MF2,converted-and-verified,manual,label
1914,330,17153,multiple-choice,single,obsidian-quiz-blocks,radio,b,CAB;CBC;CA1;MF2,converted-and-verified,manual,label
1914,12000,34867,multiple-choice,single,obsidian-quiz-blocks,radio,e,CAB;CBC;CA1;MF2,converted-and-verified,manual,label
1914,12000,4455,multiple-choice,single,obsidian-quiz-blocks,radio,e,CAB;CBC;CA1;MF2,converted-and-verified,manual,label
1927,17274,68551,multiple-choice,single,obsidian-quiz-blocks,radio,,MF1,needs-answer,,
1927,17274,68794,multiple-choice,single,obsidian-quiz-blocks,radio,,MF1,needs-answer,,
1927,17275,68556,multiple-choice,single,obsidian-quiz-blocks,radio,,MF1,needs-answer,,
1927,17275,68553,multiple-choice,single,obsidian-quiz-blocks,radio,,MF1,needs-answer,,
1927,17346,68569,multiple-choice,single,obsidian-quiz-blocks,radio,,MF1,needs-answer,,
1927,17346,68570,multiple-choice,single,obsidian-quiz-blocks,radio,,MF1,needs-answer,,
1958,584183,67610,multiple-choice,single,obsidian-quiz-blocks,radio,d,CAB;CBC;CA1;MF2,converted-and-verified,manual,label
1958,584183,47038,multiple-choice,single,obsidian-quiz-blocks,radio,e,CAB;CBC;CA1;MF2,converted-and-verified,manual,label
1958,584187,67609,multiple-choice,single,obsidian-quiz-blocks,radio,a,CAB;CBC;CA1;MF2,converted-and-verified,manual,label
1958,584187,47036,multiple-choice,single,obsidian-quiz-blocks,radio,c,CAB;CBC;CA1;MF2,converted-and-verified,manual,label
1958,584191,67611,multiple-choice,single,obsidian-quiz-blocks,radio,c,CAB;CBC;CA1;MF2,converted-and-verified,manual,label
1958,584191,47041,multiple-choice,single,obsidian-quiz-blocks,radio,c,CAB;CBC;CA1;MF2,converted-and-verified,manual,label
1959,20002,12009,multiple-choice,single,obsidian-quiz-blocks,radio,,MF3,needs-answer,,
1959,20002,12007,multiple-choice,single,obsidian-quiz-blocks,radio,,MF3,needs-answer,,
1959,20003,37882,multiple-choice,single,obsidian-quiz-blocks,radio,,MF3,needs-answer,,
1959,20003,8302,multiple-choice,single,obsidian-quiz-blocks,radio,,MF3,needs-answer,,
1959,20004,37918,multiple-choice,single,obsidian-quiz-blocks,radio,,MF3,needs-answer,,
1959,20004,37921,multiple-choice,single,obsidian-quiz-blocks,radio,,MF3,needs-answer,,
1959,20005,37881,multiple-choice,single,obsidian-quiz-blocks,radio,,MF3,needs-answer,,
1959,20005,37879,multiple-choice,single,obsidian-quiz-blocks,radio,,MF3,needs-answer,,
1985,458947,220291,free-response,single,,,,,,,
1985,458947,358,multiple-choice,single,obsidian-quiz-blocks,radio,,MF2,needs-answer,,
1985,458951,138828,multiple-choice,single,obsidian-quiz-blocks,radio,,MF2,needs-answer,,
1985,458951,220294,free-response,single,,,,,,,
1985,458956,139050,multiple-choice,single,obsidian-quiz-blocks,radio,,MF2,needs-answer,,
1985,458956,220297,free-response,single,,,,,,,
1985,458959,139089,multiple-choice,single,obsidian-quiz-blocks,radio,,MF2,needs-answer,,
1985,458959,138829,multiple-choice,single,obsidian-quiz-blocks,radio,,MF2,needs-answer,,
1986,393,3922,multiple-choice,single,obsidian-quiz-blocks,radio,e,CAB;CBC;CA1;MF2,converted-and-verified,manual,label
1986,393,54442,multiple-choice,single,obsidian-quiz-blocks,radio,c,CAB;CBC;CA1;MF2,converted-and-verified,manual,label
1986,397,35864,multiple-choice,single,obsidian-quiz-blocks,radio,c,CAB;CBC;CA1;MF2,converted-and-verified,manual,label
1986,397,46982,multiple-choice,single,obsidian-quiz-blocks,radio,a,CAB;CBC;CA1;MF2,converted-and-verified,manual,label
1986,400,46991,multiple-choice,single,obsidian-quiz-blocks,radio,e,CAB;CBC;CA1;MF2,converted-and-verified,manual,label
1986,400,16390,multiple-choice,single,obsidian-quiz-blocks,radio,b,CAB;CBC;CA1;MF2,converted-and-verified,manual,label
1986,2666,46989,multiple-choice,single,obsidian-quiz-blocks,radio,b,CAB;CBC;CA1;MF2,converted-and-verified,manual,label
1986,2666,46992,multiple-choice,single,obsidian-quiz-blocks,radio,c,CAB;CBC;CA1;MF2,converted-and-verified,manual,label
1987,54571,100219,multiple-choice,single,obsidian-quiz-blocks,radio,,MF1,needs-answer,,
1987,54571,2243,multiple-choice,single,obsidian-quiz-blocks,radio,,MF1,needs-answer,,
1987,54575,68856,multiple-choice,single,obsidian-quiz-blocks,radio,,MF1,needs-answer,,
1987,54575,69340,multiple-choice,single,obsidian-quiz-blocks,radio,,MF1,needs-answer,,
1987,54579,69350,multiple-choice,single,obsidian-quiz-blocks,radio,,MF1,needs-answer,,
1987,54579,100300,multiple-choice,single,obsidian-quiz-blocks,radio,,MF1,needs-answer,,
2006,12131,48354,multiple-choice,single,obsidian-quiz-blocks,radio,c,CA1;CAB;CBC;MF3,converted-and-verified,manual,label
2006,12131,48324,multiple-choice,single,obsidian-quiz-blocks,radio,c,CA1;CAB;CBC;MF3,converted-and-verified,manual,label
2006,12132,48332,multiple-choice,single,obsidian-quiz-blocks,radio,c,CA1;CAB;CBC;MF3,converted-and-verified,manual,label
2006,12132,48333,multiple-choice,single,obsidian-quiz-blocks,radio,a,CA1;CAB;CBC;MF3,converted-and-verified,manual,label
2006,12133,39423,multiple-choice,single,obsidian-quiz-blocks,radio,b,CA1;CAB;CBC;MF3,converted-and-verified,manual,label
2006,12133,48322,multiple-choice,single,obsidian-quiz-blocks,radio,c,CA1;CAB;CBC;MF3,converted-and-verified,manual,label
2006,12134,39765,multiple-choice,single,obsidian-quiz-blocks,radio,b,CA1;CAB;CBC;MF3,converted-and-verified,manual,label
2006,12134,40084,multiple-choice,single,obsidian-quiz-blocks,radio,b,CA1;CAB;CBC;MF3,converted-and-verified,manual,label
2012,17139,68605,multiple-choice,single,obsidian-quiz-blocks,radio,,MF1,needs-answer,,
2012,17139,68437,multiple-choice,single,obsidian-quiz-blocks,radio,,MF1,needs-answer,,
2012,17140,68442,multiple-choice,single,obsidian-quiz-blocks,radio,,MF1,needs-answer,,
2012,17140,68440,multiple-choice,single,obsidian-quiz-blocks,radio,,MF1,needs-answer,,
2012,17141,68622,multiple-choice,single,obsidian-quiz-blocks,radio,,MF1,needs-answer,,
2012,17141,68450,multiple-choice,single,obsidian-quiz-blocks,radio,,MF1,needs-answer,,
2013,18479,104126,multiple-choice,single,obsidian-quiz-blocks,radio,,MF2,needs-answer,,
2013,18479,104133,multiple-choice,single,obsidian-quiz-blocks,radio,,MF2,needs-answer,,
2013,18483,104226,multiple-choice,single,obsidian-quiz-blocks,radio,,MF2,needs-answer,,
2013,18483,104232,multiple-choice,single,obsidian-quiz-blocks,radio,,MF2,needs-answer,,
2013,18751,104212,multiple-choice,single,obsidian-quiz-blocks,radio,,MF2,needs-answer,,
2013,18751,104218,multiple-choice,single,obsidian-quiz-blocks,radio,,MF2,needs-answer,,
2021,11659,23273,multiple-choice,single,obsidian-quiz-blocks,radio,,MF2,needs-answer,,
2021,11659,23262,multiple-choice,single,obsidian-quiz-blocks,radio,,MF2,needs-answer,,
2021,11661,24247,multiple-choice,single,obsidian-quiz-blocks,radio,,MF2,needs-answer,,
2021,11661,64910,multiple-choice,single,obsidian-quiz-blocks,radio,,MF2,needs-answer,,
2021,11664,64914,multiple-choice,single,obsidian-quiz-blocks,radio,,MF2,needs-answer,,
2021,11664,42043,multiple-choice,single,obsidian-quiz-blocks,radio,,MF2,needs-answer,,
2021,11666,24073,multiple-choice,single,obsidian-quiz-blocks,radio,,MF2,needs-answer,,
2021,11666,64913,multiple-choice,single,obsidian-quiz-blocks,radio,,MF2,needs-answer,,
2022,146047,60882,multiple-choice,single,obsidian-quiz-blocks,radio,,MF1,needs-answer,,
2022,146047,38426,multiple-choice,single,obsidian-quiz-blocks,radio,,MF1,needs-answer,,
2022,146050,38413,multiple-choice,single,obsidian-quiz-blocks,radio,,MF1,needs-answer,,
2022,146050,51466,multiple-choice,single,obsidian-quiz-blocks,radio,,MF1,needs-answer,,
2022,146053,37883,multiple-choice,single,obsidian-quiz-blocks,radio,,MF1,needs-answer,,
2022,146053,37886,multiple-choice,single,obsidian-quiz-blocks,radio,,MF1,needs-answer,,
2022,146056,51497,multiple-choice,single,obsidian-quiz-blocks,radio,,MF1,needs-answer,,
2022,146056,51496,multiple-choice,single,obsidian-quiz-blocks,radio,,MF1,needs-answer,,
2023,1846,51251,multiple-choice,single,obsidian-quiz-blocks,radio,e,CAB;CBC;MF3;CA2;DEQ;PS1,converted-and-verified,manual,label
2023,1846,79302,multiple-choice,single,obsidian-quiz-blocks,radio,c,CAB;CBC;MF3;CA2;DEQ;PS1,converted-and-verified,manual,label
2023,1849,38595,multiple-choice,single,obsidian-quiz-blocks,radio,d,CAB;CBC;MF3;CA2;DEQ;PS1,converted-and-verified,manual,label
2023,1849,38310,multiple-choice,single,obsidian-quiz-blocks,radio,c,CAB;CBC;MF3;CA2;DEQ;PS1,converted-and-verified,manual,label
2023,37996,51247,multiple-choice,single,obsidian-quiz-blocks,radio,b,CAB;CBC;MF3;CA2;DEQ;PS1,converted-and-verified,manual,label
2023,37996,38313,multiple-choice,single,obsidian-quiz-blocks,radio,b,CAB;CBC;MF3;CA2;DEQ;PS1,converted-and-verified,manual,label
2023,38003,143053,multiple-choice,single,obsidian-quiz-blocks,radio,e,CAB;CBC;MF3;CA2;DEQ;PS1,converted-and-verified,manual,label
2023,38003,143076,multiple-choice,single,obsidian-quiz-blocks,radio,a,CAB;CBC;MF3;CA2;DEQ;PS1,converted-and-verified,manual,label
2024,27371,83618,multiple-choice,single,obsidian-quiz-blocks,radio,,DSM;MF3,needs-answer,,
2024,27371,83619,multiple-choice,single,obsidian-quiz-blocks,radio,,DSM;MF3,needs-answer,,
2024,27373,83623,multiple-choice,single,obsidian-quiz-blocks,radio,,DSM;MF3,needs-answer,,
2024,27373,83622,multiple-choice,single,obsidian-quiz-blocks,radio,,DSM;MF3,needs-answer,,
2024,27374,83621,multiple-choice,single,obsidian-quiz-blocks,radio,,DSM;MF3,needs-answer,,
2024,27374,83620,multiple-choice,single,obsidian-quiz-blocks,radio,,DSM;MF3,needs-answer,,
2024,27499,83804,multiple-choice,single,obsidian-quiz-blocks,radio,,DSM;MF3,needs-answer,,
2024,27499,83803,multiple-choice,single,obsidian-quiz-blocks,radio,,DSM;MF3,needs-answer,,
2033,19592,39148,multiple-choice,single,obsidian-quiz-blocks,radio,,MF2,needs-answer,,
2033,19592,113264,multiple-choice,single,obsidian-quiz-blocks,radio,,MF2,needs-answer,,
2033,19593,39159,multiple-choice,single,obsidian-quiz-blocks,radio,,MF2,needs-answer,,
2033,19593,70483,multiple-choice,single,obsidian-quiz-blocks,radio,,MF2,needs-answer,,
2034,36261,133429,multiple-choice,single,obsidian-quiz-blocks,radio,,MF2,needs-answer,,
2034,36261,133632,multiple-choice,single,obsidian-quiz-blocks,radio,,MF2,needs-answer,,
2034,36263,133430,multiple-choice,single,obsidian-quiz-blocks,radio,,MF2,needs-answer,,
2034,36263,133635,multiple-choice,single,obsidian-quiz-blocks,radio,,MF2,needs-answer,,
2036,36898,136286,multiple-choice,single,obsidian-quiz-blocks,radio,,MF3,needs-answer,,
2036,36898,136318,multiple-choice,single,obsidian-quiz-blocks,radio,,MF3,needs-answer,,
2036,36901,136290,multiple-choice,single,obsidian-quiz-blocks,radio,,MF3,needs-answer,,
2036,36901,136289,multiple-choice,single,obsidian-quiz-blocks,radio,,MF3,needs-answer,,
2036,36902,136287,multiple-choice,single,obsidian-quiz-blocks,radio,,MF3,needs-answer,,
2036,36902,136288,multiple-choice,single,obsidian-quiz-blocks,radio,,MF3,needs-answer,,
2036,36906,136291,multiple-choice,single,obsidian-quiz-blocks,radio,,MF3,needs-answer,,
2036,36906,136293,multiple-choice,single,obsidian-quiz-blocks,radio,,MF3,needs-answer,,
2038,21127,39583,multiple-choice,single,obsidian-quiz-blocks,radio,,MF2,needs-answer,,
2038,21127,39552,multiple-choice,single,obsidian-quiz-blocks,radio,,MF2,needs-answer,,
2038,21128,39548,multiple-choice,single,obsidian-quiz-blocks,radio,,MF2,needs-answer,,
2038,21128,39550,multiple-choice,single,obsidian-quiz-blocks,radio,,MF2,needs-answer,,
2046,14204,39304,multiple-choice,single,obsidian-quiz-blocks,radio,,MF2,needs-answer,,
2046,14204,39366,multiple-choice,single,obsidian-quiz-blocks,radio,,MF2,needs-answer,,
2046,14365,39434,multiple-choice,single,obsidian-quiz-blocks,radio,,MF2,needs-answer,,
2046,14365,39492,multiple-choice,single,obsidian-quiz-blocks,radio,,MF2,needs-answer,,
2046,14366,73389,multiple-choice,single,obsidian-quiz-blocks,radio,,MF2,needs-answer,,
2046,14366,39447,multiple-choice,single,obsidian-quiz-blocks,radio,,MF2,needs-answer,,
2046,14434,39303,multiple-choice,single,obsidian-quiz-blocks,radio,,MF2,needs-answer,,
2046,14434,39347,multiple-choice,single,obsidian-quiz-blocks,radio,,MF2,needs-answer,,
2048,3674,39506,multiple-choice,single,,,,,,,
2048,3674,39501,multiple-choice,single,,,,,,,
2048,3680,39519,multiple-choice,single,,,,,,,
2048,3680,39486,multiple-choice,single,,,,,,,
2049,21042,38671,multiple-choice,single,,,,,,,
2049,21042,38668,multiple-choice,single,,,,,,,
2049,21046,38632,multiple-choice,single,,,,,,,
2049,21046,38630,multiple-choice,single,,,,,,,
2049,21305,38768,multiple-choice,single,,,,,,,
2049,21305,38762,multiple-choice,single,,,,,,,
2049,37429,140411,multiple-choice,single,,,,,,,
2049,37429,140414,multiple-choice,single,,,,,,,
2050,21036,38586,multiple-choice,single,obsidian-quiz-blocks,radio,,MF2,needs-answer,,
2050,21036,38611,multiple-choice,single,obsidian-quiz-blocks,radio,,MF2,needs-answer,,
2050,21041,38624,multiple-choice,single,obsidian-quiz-blocks,radio,,MF2,needs-answer,,
2050,21041,38577,multiple-choice,single,obsidian-quiz-blocks,radio,,MF2,needs-answer,,
2050,21047,38617,multiple-choice,single,obsidian-quiz-blocks,radio,,MF2,needs-answer,,
2050,21047,38585,multiple-choice,single,obsidian-quiz-blocks,radio,,MF2,needs-answer,,
2062,190792,43277,multiple-choice,single,obsidian-quiz-blocks,radio,,MF2,needs-answer,,
2062,190792,43278,multiple-choice,single,obsidian-quiz-blocks,radio,,MF2,needs-answer,,
2062,190795,43404,multiple-choice,single,obsidian-quiz-blocks,radio,,MF2,needs-answer,,
2062,190795,53457,multiple-choice,single,obsidian-quiz-blocks,radio,,MF2,needs-answer,,
2062,190798,236750,multiple-choice,single,obsidian-quiz-blocks,radio,,MF2,needs-answer,,
2062,190798,236896,multiple-choice,single,obsidian-quiz-blocks,radio,,MF2,needs-answer,,
2062,190802,10249,multiple-choice,single,obsidian-quiz-blocks,radio,,MF2,needs-answer,,
2062,190802,40977,multiple-choice,single,obsidian-quiz-blocks,radio,,MF2,needs-answer,,
2064,14348,65842,multiple-choice,single,obsidian-quiz-blocks,radio,,MF2,needs-answer,,
2064,14348,65839,multiple-choice,single,obsidian-quiz-blocks,radio,,MF2,needs-answer,,
2064,14350,29357,multiple-choice,single,obsidian-quiz-blocks,radio,,MF2,needs-answer,,
2064,14350,29471,multiple-choice,single,obsidian-quiz-blocks,radio,,MF2,needs-answer,,
2064,14352,29276,multiple-choice,single,obsidian-quiz-blocks,radio,,MF2,needs-answer,,
2064,14352,29352,multiple-choice,single,obsidian-quiz-blocks,radio,,MF2,needs-answer,,
2064,14354,10404,multiple-choice,single,obsidian-quiz-blocks,radio,,MF2,needs-answer,,
2064,14354,41988,multiple-choice,single,obsidian-quiz-blocks,radio,,MF2,needs-answer,,
2076,35282,121237,multiple-choice,single,obsidian-quiz-blocks,radio,,MF3,needs-answer,,
2076,35282,121086,multiple-choice,single,obsidian-quiz-blocks,radio,,MF3,needs-answer,,
2076,35297,121124,multiple-choice,single,,,,,,,
2076,35297,121125,multiple-choice,single,,,,,,,
2082,465150,4113,multiple-choice,single,obsidian-quiz-blocks,radio,,MF2,needs-answer,,
2082,465150,38710,multiple-choice,single,obsidian-quiz-blocks,radio,,MF2,needs-answer,,
2082,465154,34622,multiple-choice,single,obsidian-quiz-blocks,radio,,MF2,needs-answer,,
2082,465154,81303,multiple-choice,single,obsidian-quiz-blocks,radio,,MF2,needs-answer,,
2082,465158,81416,multiple-choice,single,obsidian-quiz-blocks,radio,,MF2,needs-answer,,
2082,465158,38708,multiple-choice,single,obsidian-quiz-blocks,radio,,MF2,needs-answer,,
2084,21029,28535,multiple-choice,single,,,,,,,
2084,21029,28174,multiple-choice,single,,,,,,,
2084,21032,39031,multiple-choice,single,obsidian-quiz-blocks,radio,,MF2,needs-answer,,
2084,21032,39135,multiple-choice,single,,,,,,,
2084,21037,75364,multiple-choice,single,,,,,,,
2084,21037,28196,multiple-choice,single,,,,,,,
2084,21043,39231,multiple-choice,single,,,,,,,
2084,21043,39093,multiple-choice,single,,,,,,,
2119,20952,7660,multiple-choice,single,obsidian-quiz-blocks,radio,,MF2,needs-answer,,
2119,20952,18861,multiple-choice,single,obsidian-quiz-blocks,radio,,MF2,needs-answer,,
2119,20956,7657,multiple-choice,single,obsidian-quiz-blocks,radio,,MF2,needs-answer,,
2119,20956,18860,multiple-choice,single,obsidian-quiz-blocks,radio,,MF2,needs-answer,,
2119,23216,39378,multiple-choice,single,obsidian-quiz-blocks,radio,,MF2,needs-answer,,
2119,23216,73898,multiple-choice,single,obsidian-quiz-blocks,radio,,MF2,needs-answer,,
2119,23217,73899,multiple-choice,single,obsidian-quiz-blocks,radio,,MF2,needs-answer,,
2119,23217,73986,multiple-choice,single,obsidian-quiz-blocks,radio,,MF2,needs-answer,,
2147,464876,40185,multiple-choice,single,,,,,,,
2147,464876,40180,multiple-choice,single,,,,,,,
2147,464879,40270,multiple-choice,single,,,,,,,
2147,464879,40181,multiple-choice,single,,,,,,,
2147,464883,40190,multiple-choice,single,,,,,,,
2147,464883,40184,multiple-choice,single,,,,,,,
2148,3665,41330,multiple-choice,single,obsidian-quiz-blocks,radio,,MF2,needs-answer,,
2148,3665,41331,multiple-choice,single,obsidian-quiz-blocks,radio,,MF2,needs-answer,,
2148,3668,60925,multiple-choice,single,,,,,,,
2148,3668,41416,multiple-choice,single,,,,,,,
2148,3671,41420,multiple-choice,single,obsidian-quiz-blocks,radio,,MF2,needs-answer,,
2148,3671,60926,multiple-choice,single,obsidian-quiz-blocks,radio,,MF2,needs-answer,,
2150,565,47058,multiple-choice,single,obsidian-quiz-blocks,radio,e,CA1;CAB;CBC;MF3,converted-and-verified,manual,label
2150,565,47013,multiple-choice,single,obsidian-quiz-blocks,radio,c,CA1;CAB;CBC;MF3,converted-and-verified,manual,label
2150,568,47011,multiple-choice,single,obsidian-quiz-blocks,radio,a,CA1;CAB;CBC;MF3,converted-and-verified,manual,label
2150,568,78457,multiple-choice,single,obsidian-quiz-blocks,radio,c,CA1;CAB;CBC;MF3,converted-and-verified,manual,label
2150,571,47019,multiple-choice,single,obsidian-quiz-blocks,radio,c,CA1;CAB;CBC;MF3,converted-and-verified,manual,label
2150,571,47054,multiple-choice,single,obsidian-quiz-blocks,radio,d,CA1;CAB;CBC;MF3,converted-and-verified,manual,label
2150,24962,48357,multiple-choice,single,obsidian-quiz-blocks,radio,d,CA1;CAB;CBC;MF3,converted-and-verified,manual,label
2150,24962,48343,multiple-choice,single,obsidian-quiz-blocks,radio,e,CA1;CAB;CBC;MF3,converted-and-verified,manual,label
2162,463955,40216,multiple-choice,single,obsidian-quiz-blocks,radio,,MF3,needs-answer,,
2162,463955,40343,multiple-choice,single,obsidian-quiz-blocks,radio,,MF3,needs-answer,,
2162,463958,88492,multiple-choice,single,obsidian-quiz-blocks,radio,,MF3,needs-answer,,
2162,463958,40222,multiple-choice,single,obsidian-quiz-blocks,radio,,MF3,needs-answer,,
2162,463961,40367,multiple-choice,single,obsidian-quiz-blocks,radio,,MF3,needs-answer,,
2162,463961,40348,multiple-choice,single,obsidian-quiz-blocks,radio,,MF3,needs-answer,,
2162,463964,71132,multiple-choice,single,obsidian-quiz-blocks,radio,,MF3,needs-answer,,
2162,463964,40290,multiple-choice,single,obsidian-quiz-blocks,radio,,MF3,needs-answer,,
2172,8752,21724,multiple-choice,single,obsidian-quiz-blocks,radio,,MF1,needs-answer,,
2172,8752,21729,multiple-choice,single,obsidian-quiz-blocks,radio,,MF1,needs-answer,,
2172,40044,150809,multiple-choice,single,obsidian-quiz-blocks,radio,,MF1,needs-answer,,
2172,40044,21726,multiple-choice,single,obsidian-quiz-blocks,radio,,MF1,needs-answer,,
2172,40082,21873,multiple-choice,single,obsidian-quiz-blocks,radio,,MF1,needs-answer,,
2172,40082,150996,multiple-choice,single,obsidian-quiz-blocks,radio,,MF1,needs-answer,,
2173,19873,40827,multiple-choice,single,,,,,,,
2173,19873,40820,multiple-choice,single,,,,,,,
2173,19874,8611,multiple-choice,single,obsidian-quiz-blocks,radio,,MF3,needs-answer,,
2173,19874,8535,multiple-choice,single,obsidian-quiz-blocks,radio,,MF3,needs-answer,,
2173,19876,8619,multiple-choice,single,obsidian-quiz-blocks,radio,,MF3,needs-answer,,
2173,19876,8536,multiple-choice,single,obsidian-quiz-blocks,radio,,MF3,needs-answer,,
2173,19878,41261,multiple-choice,single,obsidian-quiz-blocks,radio,,MF3,needs-answer,,
2173,19878,41263,multiple-choice,single,obsidian-quiz-blocks,radio,,MF3,needs-answer,,
2174,151108,40850,multiple-choice,single,obsidian-quiz-blocks,radio,,MF1,needs-answer,,
2174,151108,42830,multiple-choice,single,obsidian-quiz-blocks,radio,,MF1,needs-answer,,
2174,151111,40842,multiple-choice,single,obsidian-quiz-blocks,radio,,MF1,needs-answer,,
2174,151111,75516,multiple-choice,single,obsidian-quiz-blocks,radio,,MF1,needs-answer,,
2174,151115,40834,multiple-choice,single,obsidian-quiz-blocks,radio,,MF1,needs-answer,,
2174,151115,42831,multiple-choice,single,obsidian-quiz-blocks,radio,,MF1,needs-answer,,
2174,151118,185062,free-response,single,,,,,,,
2174,151118,40833,multiple-choice,single,obsidian-quiz-blocks,radio,,MF1,needs-answer,,
2181,148322,52236,multiple-choice,single,obsidian-quiz-blocks,radio,,MF1,needs-answer,,
2181,148322,7192,multiple-choice,single,obsidian-quiz-blocks,radio,,MF1,needs-answer,,
2181,148326,29717,multiple-choice,single,obsidian-quiz-blocks,radio,,MF1,needs-answer,,
2181,148326,213220,free-response,single,,,,,,,
2181,148330,216430,free-response,single,,,,,,,
2181,148330,216433,free-response,single,,,,,,,
2181,148334,29708,multiple-choice,single,obsidian-quiz-blocks,radio,,MF1,needs-answer,,
2181,148334,213222,free-response,single,,,,,,,
2183,76948,41384,multiple-choice,single,obsidian-quiz-blocks,radio,d,MF1,converted-and-verified,manual,label
2183,76948,41386,multiple-choice,single,obsidian-quiz-blocks,radio,e,MF1,converted-and-verified,manual,label
2183,76952,57612,multiple-choice,single,obsidian-quiz-blocks,radio,c,MF1,converted-and-verified,manual,label
2183,76952,41395,multiple-choice,single,obsidian-quiz-blocks,radio,e,MF1,converted-and-verified,manual,label
2183,76956,21581,multiple-choice,single,obsidian-quiz-blocks,radio,c,MF1,converted-and-verified,manual,label
2183,76956,21578,multiple-choice,single,obsidian-quiz-blocks,radio,b,MF1,converted-and-verified,manual,label
2183,76960,51594,multiple-choice,single,obsidian-quiz-blocks,radio,a,MF1,converted-and-verified,manual,label
2183,76960,41398,multiple-choice,single,obsidian-quiz-blocks,radio,c,MF1,converted-and-verified,manual,label
2184,4339,31535,multiple-choice,single,obsidian-quiz-blocks,radio,,MF1,needs-answer,,
2184,4339,41315,multiple-choice,single,obsidian-quiz-blocks,radio,,MF1,needs-answer,,
2184,4341,41322,multiple-choice,single,obsidian-quiz-blocks,radio,,MF1,needs-answer,,
2184,4341,41320,multiple-choice,single,obsidian-quiz-blocks,radio,,MF1,needs-answer,,
2184,4342,52470,multiple-choice,single,obsidian-quiz-blocks,radio,,MF1,needs-answer,,
2184,4342,52348,multiple-choice,single,obsidian-quiz-blocks,radio,,MF1,needs-answer,,
2184,4344,62072,multiple-choice,single,obsidian-quiz-blocks,radio,,MF1,needs-answer,,
2184,4344,62073,multiple-choice,single,obsidian-quiz-blocks,radio,,MF1,needs-answer,,
2195,151852,43213,multiple-choice,single,obsidian-quiz-blocks,radio,,MF1,needs-answer,,
2195,151852,99884,multiple-choice,single,obsidian-quiz-blocks,radio,,MF1,needs-answer,,
2195,151857,41368,multiple-choice,single,obsidian-quiz-blocks,radio,,MF1,needs-answer,,
2195,151857,43224,multiple-choice,single,obsidian-quiz-blocks,radio,,MF1,needs-answer,,
2195,151861,41370,multiple-choice,single,obsidian-quiz-blocks,radio,,MF1,needs-answer,,
2195,151861,42253,multiple-choice,single,obsidian-quiz-blocks,radio,,MF1,needs-answer,,
2195,151864,186207,free-response,single,,,,,,,
2195,151864,75530,multiple-choice,single,obsidian-quiz-blocks,radio,,MF1,needs-answer,,
2202,75672,43193,multiple-choice,single,obsidian-quiz-blocks,radio,,MF1,needs-answer,,
2202,75672,171122,free-response,single,,,,,,,
2202,75677,43261,multiple-choice,single,obsidian-quiz-blocks,radio,,MF1,needs-answer,,
2202,75677,43140,multiple-choice,single,obsidian-quiz-blocks,radio,,MF1,needs-answer,,
2202,75681,43436,multiple-choice,single,obsidian-quiz-blocks,radio,,MF1,needs-answer,,
2202,75681,43433,multiple-choice,single,obsidian-quiz-blocks,radio,,MF1,needs-answer,,
2202,75684,43435,multiple-choice,single,obsidian-quiz-blocks,radio,,MF1,needs-answer,,
2202,75684,69394,multiple-choice,single,obsidian-quiz-blocks,radio,,MF1,needs-answer,,
2204,132258,175538,free-response,single,,,,,,,
2204,132258,175544,free-response,single,,,,,,,
2204,132262,43534,multiple-choice,single,obsidian-quiz-blocks,radio,,MF1,needs-answer,,
2204,132262,43317,multiple-choice,single,obsidian-quiz-blocks,radio,,MF1,needs-answer,,
2204,132265,185039,multiple-choice,single,obsidian-quiz-blocks,radio,,MF1,needs-answer,,
2204,132265,185182,multiple-choice,single,obsidian-quiz-blocks,radio,,MF1,needs-answer,,
2204,132269,71357,multiple-choice,single,obsidian-quiz-blocks,radio,,MF1,needs-answer,,
2204,132269,43336,multiple-choice,single,obsidian-quiz-blocks,radio,,MF1,needs-answer,,
2205,17589,93608,multiple-choice,single,obsidian-quiz-blocks,radio,,MF2,needs-answer,,
2205,17589,93729,multiple-choice,single,obsidian-quiz-blocks,radio,,MF2,needs-answer,,
2205,30602,43731,multiple-choice,single,obsidian-quiz-blocks,radio,,MF2,needs-answer,,
2205,30602,43733,multiple-choice,single,obsidian-quiz-blocks,radio,,MF2,needs-answer,,
2205,35960,67878,multiple-choice,single,obsidian-quiz-blocks,radio,,MF2,needs-answer,,
2205,35960,67883,multiple-choice,single,obsidian-quiz-blocks,radio,,MF2,needs-answer,,
2213,2799,44750,multiple-choice,single,obsidian-quiz-blocks,radio,c,MF1,converted-and-verified,manual,label
2213,2799,44809,multiple-choice,single,obsidian-quiz-blocks,radio,c,MF1,converted-and-verified,manual,label
2213,2804,44812,multiple-choice,single,obsidian-quiz-blocks,radio,a,MF1,converted-and-verified,manual,label
2213,2804,57508,multiple-choice,single,obsidian-quiz-blocks,radio,b,MF1,converted-and-verified,manual,label
2213,2806,44833,multiple-choice,single,obsidian-quiz-blocks,radio,e,MF1,converted-and-verified,manual,label
2213,2806,57553,multiple-choice,single,obsidian-quiz-blocks,radio,d,MF1,converted-and-verified,manual,label
2213,5156,44807,multiple-choice,single,obsidian-quiz-blocks,radio,e,MF1,converted-and-verified,manual,label
2213,5156,57542,multiple-choice,single,obsidian-quiz-blocks,radio,e,MF1,converted-and-verified,manual,label
2214,191931,214207,free-response,multi,,,,,,,
2214,191931,45065,multiple-choice,single,obsidian-quiz-blocks,radio,,MF2,needs-answer,,
2214,191934,45066,multiple-choice,single,obsidian-quiz-blocks,radio,,MF2,needs-answer,,
2214,191934,236697,free-response,multi,,,,,,,
2214,191939,214220,free-response,single,,,,,,,
2214,191939,100874,multiple-choice,single,obsidian-quiz-blocks,radio,,MF2,needs-answer,,
2214,191943,236863,free-response,single,,,,,,,
2214,191943,51543,multiple-choice,single,obsidian-quiz-blocks,radio,,MF2,needs-answer,,
2215,459984,231496,free-response,multi,,,,,,,
2215,459984,44991,multiple-choice,single,obsidian-quiz-blocks,radio,,MF2,needs-answer,,
2215,459987,231658,free-response,multi,,,,,,,
2215,459987,231659,free-response,multi,,,,,,,
2215,459991,44962,multiple-choice,single,obsidian-quiz-blocks,radio,,MF2,needs-answer,,
2215,459991,231760,free-response,single,,,,,,,
2215,459994,51509,multiple-choice,single,obsidian-quiz-blocks,radio,,MF2,needs-answer,,
2215,459994,252358,free-response,single,,,,,,,
2216,9523,45100,multiple-choice,single,obsidian-quiz-blocks,radio,,MF2,needs-answer,,
2216,9523,44945,multiple-choice,single,obsidian-quiz-blocks,radio,,MF2,needs-answer,,
2216,9529,44949,multiple-choice,single,obsidian-quiz-blocks,radio,,MF2,needs-answer,,
2216,9529,45110,multiple-choice,single,obsidian-quiz-blocks,radio,,MF2,needs-answer,,
2216,29146,88664,multiple-choice,single,obsidian-quiz-blocks,radio,,MF2,needs-answer,,
2216,29146,45121,multiple-choice,single,obsidian-quiz-blocks,radio,,MF2,needs-answer,,
2216,29148,88615,multiple-choice,single,obsidian-quiz-blocks,radio,,MF2,needs-answer,,
2216,29148,45497,multiple-choice,single,obsidian-quiz-blocks,radio,,MF2,needs-answer,,
2217,9517,45194,multiple-choice,single,obsidian-quiz-blocks,radio,,MF2,needs-answer,,
2217,9517,45147,multiple-choice,single,obsidian-quiz-blocks,radio,,MF2,needs-answer,,
2217,9521,45232,multiple-choice,single,obsidian-quiz-blocks,radio,,MF2,needs-answer,,
2217,9521,45167,multiple-choice,single,obsidian-quiz-blocks,radio,,MF2,needs-answer,,
2217,9527,45213,multiple-choice,single,,,,,,,
2217,9527,45200,multiple-choice,single,,,,,,,
2217,28828,45441,multiple-choice,single,obsidian-quiz-blocks,radio,,MF2,needs-answer,,
2217,28828,45440,multiple-choice,single,obsidian-quiz-blocks,radio,,MF2,needs-answer,,
2218,9556,45605,multiple-choice,single,obsidian-quiz-blocks,radio,,MF2,needs-answer,,
2218,9556,26945,multiple-choice,single,obsidian-quiz-blocks,radio,,MF2,needs-answer,,
2218,9558,45286,multiple-choice,single,obsidian-quiz-blocks,radio,,MF2,needs-answer,,
2218,9558,45284,multiple-choice,single,obsidian-quiz-blocks,radio,,MF2,needs-answer,,
2218,9562,114536,multiple-choice,single,obsidian-quiz-blocks,radio,,MF2,needs-answer,,
2218,9562,45299,multiple-choice,single,obsidian-quiz-blocks,radio,,MF2,needs-answer,,
2218,9567,45233,multiple-choice,single,obsidian-quiz-blocks,radio,,MF2,needs-answer,,
2218,9567,45545,multiple-choice,single,obsidian-quiz-blocks,radio,,MF2,needs-answer,,
2220,485914,302134,multiple-choice,single,obsidian-quiz-blocks,radio,,MF1,needs-answer,,
2220,485914,302132,multiple-choice,single,obsidian-quiz-blocks,radio,,MF1,needs-answer,,
2220,485918,45278,multiple-choice,single,obsidian-quiz-blocks,radio,,MF1,needs-answer,,
2220,485918,168560,multiple-choice,single,obsidian-quiz-blocks,radio,,MF1,needs-answer,,
2220,485923,45267,multiple-choice,single,obsidian-quiz-blocks,radio,,MF1,needs-answer,,
2220,485923,45285,multiple-choice,single,obsidian-quiz-blocks,radio,,MF1,needs-answer,,
2220,485927,60995,multiple-choice,single,obsidian-quiz-blocks,radio,,MF1,needs-answer,,
2220,485927,45255,multiple-choice,single,obsidian-quiz-blocks,radio,,MF1,needs-answer,,
2225,196435,171700,free-response,multi,,,,,,,
2225,196435,238014,free-response,multi,,,,,,,
2225,196439,45165,multiple-choice,single,obsidian-quiz-blocks,radio,,MF1,needs-answer,,
2225,196439,59886,multiple-choice,single,obsidian-quiz-blocks,radio,,MF1,needs-answer,,
2226,9535,45651,multiple-choice,single,obsidian-quiz-blocks,radio,,MF2,needs-answer,,
2226,9535,91004,multiple-choice,single,obsidian-quiz-blocks,radio,,MF2,needs-answer,,
2226,9540,45725,multiple-choice,single,obsidian-quiz-blocks,radio,,MF2,needs-answer,,
2226,9540,91044,multiple-choice,single,obsidian-quiz-blocks,radio,,MF2,needs-answer,,
2226,9545,90813,multiple-choice,single,obsidian-quiz-blocks,radio,,MF2,needs-answer,,
2226,9545,26112,multiple-choice,single,obsidian-quiz-blocks,radio,,MF2,needs-answer,,
2226,9548,45794,multiple-choice,single,obsidian-quiz-blocks,radio,,MF2,needs-answer,,
2226,9548,45793,multiple-choice,single,obsidian-quiz-blocks,radio,,MF2,needs-answer,,
2227,9537,45665,multiple-choice,single,obsidian-quiz-blocks,radio,,MF2,needs-answer,,
2227,9537,26951,multiple-choice,single,obsidian-quiz-blocks,radio,,MF2,needs-answer,,
2227,9543,45597,multiple-choice,single,obsidian-quiz-blocks,radio,,MF2,needs-answer,,
2227,9543,45661,multiple-choice,single,obsidian-quiz-blocks,radio,,MF2,needs-answer,,
2227,9546,91000,multiple-choice,single,obsidian-quiz-blocks,radio,,MF2,needs-answer,,
2227,9546,53348,multiple-choice,single,obsidian-quiz-blocks,radio,,MF2,needs-answer,,
2229,151590,210466,free-response,single,,,,,,,
2229,151590,67386,multiple-choice,single,obsidian-quiz-blocks,radio,,MF1,needs-answer,,
2229,151594,58581,multiple-choice,single,obsidian-quiz-blocks,radio,,MF1,needs-answer,,
2229,151594,104988,multiple-choice,single,obsidian-quiz-blocks,radio,,MF1,needs-answer,,
2229,151597,144464,multiple-choice,single,obsidian-quiz-blocks,radio,,MF1,needs-answer,,
2229,151597,104993,multiple-choice,single,obsidian-quiz-blocks,radio,,MF1,needs-answer,,
2230,3019,46097,multiple-choice,single,obsidian-quiz-blocks,radio,,MF1,needs-answer,,
2230,3019,46066,multiple-choice,single,obsidian-quiz-blocks,radio,,MF1,needs-answer,,
2230,3022,45920,multiple-choice,single,obsidian-quiz-blocks,radio,,MF1,needs-answer,,
2230,3022,58654,multiple-choice,single,obsidian-quiz-blocks,radio,,MF1,needs-answer,,
2230,3025,46082,multiple-choice,single,obsidian-quiz-blocks,radio,,MF1,needs-answer,,
2230,3025,58655,multiple-choice,single,obsidian-quiz-blocks,radio,,MF1,needs-answer,,
2231,3033,46054,multiple-choice,single,obsidian-quiz-blocks,radio,,MF1,needs-answer,,
2231,3033,51792,multiple-choice,single,obsidian-quiz-blocks,radio,,MF1,needs-answer,,
2231,4786,58954,multiple-choice,single,obsidian-quiz-blocks,radio,,MF1,needs-answer,,
2231,4786,58956,multiple-choice,single,obsidian-quiz-blocks,radio,,MF1,needs-answer,,
2233,3050,46435,multiple-choice,single,obsidian-quiz-blocks,radio,,MF1,needs-answer,,
2233,3050,58702,multiple-choice,single,obsidian-quiz-blocks,radio,,MF1,needs-answer,,
2233,3053,46132,multiple-choice,single,obsidian-quiz-blocks,radio,,MF1,needs-answer,,
2233,3053,46322,multiple-choice,single,obsidian-quiz-blocks,radio,,MF1,needs-answer,,
2233,3056,52042,multiple-choice,single,obsidian-quiz-blocks,radio,,MF1,needs-answer,,
2233,3056,46361,multiple-choice,single,obsidian-quiz-blocks,radio,,MF1,needs-answer,,
2234,165171,153977,multiple-choice,single,obsidian-quiz-blocks,radio,,MF1,needs-answer,,
2234,165171,218647,free-response,multi,,,,,,,
2234,165174,154080,multiple-choice,single,obsidian-quiz-blocks,radio,,MF1,needs-answer,,
2234,165174,218714,free-response,multi,,,,,,,
2234,165177,46384,multiple-choice,single,obsidian-quiz-blocks,radio,,MF1,needs-answer,,
2234,165177,210524,free-response,single,,,,,,,
2240,17374,68995,multiple-choice,single,obsidian-quiz-blocks,radio,,MF1,needs-answer,,
2240,17374,68991,multiple-choice,single,obsidian-quiz-blocks,radio,,MF1,needs-answer,,
2240,17375,68671,multiple-choice,single,obsidian-quiz-blocks,radio,,MF1,needs-answer,,
2240,17375,68562,multiple-choice,single,obsidian-quiz-blocks,radio,,MF1,needs-answer,,
2240,17376,69018,multiple-choice,single,obsidian-quiz-blocks,radio,,MF1,needs-answer,,
2240,17376,69015,multiple-choice,single,obsidian-quiz-blocks,radio,,MF1,needs-answer,,
2244,71208,175475,multiple-choice,single,obsidian-quiz-blocks,radio,b,MF1,converted-and-verified,manual,label
2244,71208,51438,multiple-choice,single,obsidian-quiz-blocks,radio,c,MF1,converted-and-verified,manual,label
2244,71212,51655,multiple-choice,single,obsidian-quiz-blocks,radio,e,MF1,converted-and-verified,manual,label
2244,71212,51657,multiple-choice,single,obsidian-quiz-blocks,radio,a,MF1,converted-and-verified,manual,label
2244,71216,43919,multiple-choice,single,obsidian-quiz-blocks,radio,e,MF1,converted-and-verified,manual,label
2244,71216,2307,multiple-choice,single,obsidian-quiz-blocks,radio,c,MF1,converted-and-verified,manual,label
2244,71219,51698,multiple-choice,single,obsidian-quiz-blocks,radio,d,MF1,converted-and-verified,manual,label
2244,71219,57694,multiple-choice,single,obsidian-quiz-blocks,radio,d,MF1,converted-and-verified,manual,label
2270,77042,51629,multiple-choice,single,obsidian-quiz-blocks,radio,b,MF1,converted-and-verified,manual,label
2270,77042,51621,multiple-choice,single,obsidian-quiz-blocks,radio,d,MF1,converted-and-verified,manual,label
2270,77047,58111,multiple-choice,single,obsidian-quiz-blocks,radio,d,MF1,converted-and-verified,manual,label
2270,77047,51610,multiple-choice,single,obsidian-quiz-blocks,radio,b,MF1,converted-and-verified,manual,label
2270,77051,51620,multiple-choice,single,obsidian-quiz-blocks,radio,a,MF1,converted-and-verified,manual,label
2270,77051,51614,multiple-choice,single,obsidian-quiz-blocks,radio,e,MF1,converted-and-verified,manual,label
2271,467031,51824,multiple-choice,single,,,,,,,
2271,467031,262867,free-response,single,,,,,,,
2271,467036,214103,free-response,single,,,,,,,
2271,467036,51925,multiple-choice,single,,,,,,,
2271,467041,51920,multiple-choice,single,,,,,,,
2271,467041,51825,multiple-choice,single,,,,,,,
2273,191250,51815,multiple-choice,single,obsidian-quiz-blocks,radio,,MF1,needs-answer,,
2273,191250,217121,free-response,single,,,,,,,
2273,191254,212101,free-response,single,,,,,,,
2273,191254,115556,multiple-choice,single,obsidian-quiz-blocks,radio,,MF1,needs-answer,,
2273,191259,51978,multiple-choice,single,obsidian-quiz-blocks,radio,,MF1,needs-answer,,
2273,191259,51987,multiple-choice,single,obsidian-quiz-blocks,radio,,MF1,needs-answer,,
2273,191264,212148,free-response,single,,,,,,,
2273,191264,212149,free-response,single,,,,,,,
2274,196783,51984,multiple-choice,single,obsidian-quiz-blocks,radio,,MF1,needs-answer,,
2274,196783,210497,free-response,single,,,,,,,
2274,196786,210541,free-response,single,,,,,,,
2274,196786,116397,multiple-choice,single,obsidian-quiz-blocks,radio,,MF1,needs-answer,,
2274,196790,210543,free-response,single,,,,,,,
2274,196790,55257,multiple-choice,single,obsidian-quiz-blocks,radio,,MF1,needs-answer,,
2275,193359,2679,multiple-choice,single,,,,,,,
2275,193359,215869,free-response,single,,,,,,,
2275,193363,237271,free-response,single,,,,,,,
2275,193363,2748,multiple-choice,single,,,,,,,
2275,193367,5129,multiple-choice,single,,,,,,,
2275,193367,61980,multiple-choice,single,,,,,,,
2275,193370,55938,multiple-choice,single,,,,,,,
2275,193370,61981,multiple-choice,single,,,,,,,
2278,8723,25784,multiple-choice,single,obsidian-quiz-blocks,radio,,MF1,needs-answer,,
2278,8723,25777,multiple-choice,single,obsidian-quiz-blocks,radio,,MF1,needs-answer,,
2278,8724,52731,multiple-choice,single,obsidian-quiz-blocks,radio,,MF1,needs-answer,,
2278,8724,52749,multiple-choice,single,obsidian-quiz-blocks,radio,,MF1,needs-answer,,
2278,8725,52750,multiple-choice,single,obsidian-quiz-blocks,radio,,MF1,needs-answer,,
2278,8725,52730,multiple-choice,single,obsidian-quiz-blocks,radio,,MF1,needs-answer,,
2278,8726,52726,multiple-choice,single,obsidian-quiz-blocks,radio,,MF1,needs-answer,,
2278,8726,25756,multiple-choice,single,obsidian-quiz-blocks,radio,,MF1,needs-answer,,
2281,81268,61214,multiple-choice,single,obsidian-quiz-blocks,radio,,MF1,needs-answer,,
2281,81268,136464,multiple-choice,single,obsidian-quiz-blocks,radio,,MF1,needs-answer,,
2281,81272,61603,multiple-choice,single,obsidian-quiz-blocks,radio,,MF1,needs-answer,,
2281,81272,136473,multiple-choice,single,obsidian-quiz-blocks,radio,,MF1,needs-answer,,
2281,81276,61631,multiple-choice,single,obsidian-quiz-blocks,radio,,MF1,needs-answer,,
2281,81276,61626,multiple-choice,single,obsidian-quiz-blocks,radio,,MF1,needs-answer,,
2310,79781,25868,multiple-choice,single,obsidian-quiz-blocks,radio,d,MF1,converted-and-verified,image-id,answer-image-id-1
2310,79781,59283,multiple-choice,single,obsidian-quiz-blocks,radio,a,MF1,converted-and-verified,image-id,answer-image-id-1
2310,79784,59284,multiple-choice,single,obsidian-quiz-blocks,radio,a,MF1,converted-and-verified,manual,label
2310,79784,54822,multiple-choice,single,obsidian-quiz-blocks,radio,e,MF1,converted-and-verified,manual,label
2310,79789,54809,multiple-choice,single,obsidian-quiz-blocks,radio,a,MF1,converted-and-verified,image-id,answer-image-id-1
2310,79789,25698,multiple-choice,single,obsidian-quiz-blocks,radio,b,MF1,converted-and-verified,image-id,answer-image-id-1
2310,79793,28800,multiple-choice,single,obsidian-quiz-blocks,radio,c,MF1,converted-and-verified,manual,label
2310,79793,25705,multiple-choice,single,obsidian-quiz-blocks,radio,e,MF1,converted-and-verified,manual,label
2314,174281,137852,multiple-choice,single,obsidian-quiz-blocks,radio,,MF1,needs-answer,,
2314,174281,224085,free-response,single,,,,,,,
2314,174284,172382,free-response,single,,,,,,,
2314,174284,54799,multiple-choice,single,obsidian-quiz-blocks,radio,,MF1,needs-answer,,
2314,174287,54778,multiple-choice,single,obsidian-quiz-blocks,radio,,MF1,needs-answer,,
2314,174287,54742,multiple-choice,single,obsidian-quiz-blocks,radio,,MF1,needs-answer,,
2314,174290,54777,multiple-choice,single,obsidian-quiz-blocks,radio,,MF1,needs-answer,,
2314,174290,54802,multiple-choice,single,obsidian-quiz-blocks,radio,,MF1,needs-answer,,
2321,174936,54922,multiple-choice,single,obsidian-quiz-blocks,radio,,MF1,needs-answer,,
2321,174936,172525,free-response,single,,,,,,,
2321,174941,224161,multiple-choice,single,obsidian-quiz-blocks,radio,,MF1,needs-answer,,
2321,174941,172528,free-response,single,,,,,,,
2321,174944,224132,free-response,single,,,,,,,
2321,174944,70329,multiple-choice,single,obsidian-quiz-blocks,radio,,MF1,needs-answer,,
2321,174947,172531,free-response,single,,,,,,,
2321,174947,55454,multiple-choice,single,obsidian-quiz-blocks,radio,,MF1,needs-answer,,
2327,5627,59706,multiple-choice,single,obsidian-quiz-blocks,radio,,MF1,needs-answer,,
2327,5627,59708,multiple-choice,single,obsidian-quiz-blocks,radio,,MF1,needs-answer,,
2327,5628,59748,multiple-choice,single,obsidian-quiz-blocks,radio,,MF1,needs-answer,,
2327,5628,59723,multiple-choice,single,obsidian-quiz-blocks,radio,,MF1,needs-answer,,
2327,5630,59712,multiple-choice,single,obsidian-quiz-blocks,radio,,MF1,needs-answer,,
2327,5630,59713,multiple-choice,single,obsidian-quiz-blocks,radio,,MF1,needs-answer,,
2327,5631,59755,multiple-choice,single,,,,,,,
2327,5631,59754,multiple-choice,single,,,,,,,
2336,16026,69529,multiple-choice,single,,,,,,,
2336,16026,69320,multiple-choice,single,,,,,,,
2336,18446,69321,multiple-choice,single,,,,,,,
2336,18446,69527,multiple-choice,single,,,,,,,
2336,18447,69322,multiple-choice,single,,,,,,,
2336,18447,69528,multiple-choice,single,,,,,,,
2337,16028,69242,multiple-choice,single,obsidian-quiz-blocks,radio,,MF2,needs-answer,,
2337,16028,69231,multiple-choice,single,obsidian-quiz-blocks,radio,,MF2,needs-answer,,
2337,18055,69246,multiple-choice,single,obsidian-quiz-blocks,radio,,MF2,needs-answer,,
2337,18055,69245,multiple-choice,single,obsidian-quiz-blocks,radio,,MF2,needs-answer,,
2337,18056,69248,multiple-choice,single,obsidian-quiz-blocks,radio,,MF2,needs-answer,,
2337,18056,69249,multiple-choice,single,obsidian-quiz-blocks,radio,,MF2,needs-answer,,
2353,134959,56876,multiple-choice,single,obsidian-quiz-blocks,radio,a,MF1,converted-and-verified,manual,label
2353,134959,56878,multiple-choice,single,obsidian-quiz-blocks,radio,b,MF1,converted-and-verified,manual,label
2353,134964,55592,multiple-choice,single,obsidian-quiz-blocks,radio,b,MF1,converted-and-verified,manual,label
2353,134964,172121,free-response,single,obsidian-quiz-blocks,radio,a,MF1,converted-and-verified,manual,label
2353,134969,195554,free-response,single,obsidian-quiz-blocks,radio,a,MF1,converted-and-verified,manual,label
2353,134969,56873,multiple-choice,single,obsidian-quiz-blocks,radio,b,MF1,converted-and-verified,manual,label
2354,96544,57416,multiple-choice,single,obsidian-quiz-blocks,radio,e,MF1,converted-and-verified,manual,label
2354,96544,55947,multiple-choice,single,obsidian-quiz-blocks,radio,d,MF1,converted-and-verified,manual,label
2354,96547,57422,multiple-choice,single,obsidian-quiz-blocks,radio,b,MF1,converted-and-verified,manual,label
2354,96547,57860,multiple-choice,single,obsidian-quiz-blocks,radio,a,MF1,converted-and-verified,manual,label
2354,96551,91872,multiple-choice,single,obsidian-quiz-blocks,radio,b,MF1,converted-and-verified,manual,label
2354,96551,57870,multiple-choice,single,obsidian-quiz-blocks,radio,d,MF1,converted-and-verified,manual,label
2356,96488,57470,multiple-choice,single,obsidian-quiz-blocks,radio,e,MF1,converted-and-verified,manual,label
2356,96488,57915,multiple-choice,single,obsidian-quiz-blocks,radio,c,MF1,converted-and-verified,manual,label
2356,96491,91893,multiple-choice,single,obsidian-quiz-blocks,radio,d,MF1,converted-and-verified,manual,label
2356,96491,57913,multiple-choice,single,obsidian-quiz-blocks,radio,c,MF1,converted-and-verified,manual,label
2356,96494,57932,multiple-choice,single,obsidian-quiz-blocks,radio,a,MF1,converted-and-verified,manual,label
2356,96494,57472,multiple-choice,single,obsidian-quiz-blocks,radio,d,MF1,converted-and-verified,manual,label
2357,96106,55589,multiple-choice,single,obsidian-quiz-blocks,radio,a,MF1,converted-and-verified,manual,label
2357,96106,102123,multiple-choice,single,obsidian-quiz-blocks,radio,d,MF1,converted-and-verified,manual,label
2357,96110,55593,multiple-choice,single,obsidian-quiz-blocks,radio,b,MF1,converted-and-verified,manual,label
2357,96110,56861,multiple-choice,single,obsidian-quiz-blocks,radio,c,MF1,converted-and-verified,manual,label
2357,96114,56867,multiple-choice,single,obsidian-quiz-blocks,radio,c,MF1,converted-and-verified,manual,label
2357,96114,91858,multiple-choice,single,obsidian-quiz-blocks,radio,c,MF1,converted-and-verified,manual,label
2360,130657,186829,free-response,single,obsidian-quiz-blocks,radio,d,MF1,converted-and-verified,manual,label
2360,130657,56854,multiple-choice,single,obsidian-quiz-blocks,radio,d,MF1,converted-and-verified,manual,label
2360,130661,56499,multiple-choice,single,obsidian-quiz-blocks,radio,d,MF1,converted-and-verified,manual,label
2360,130661,186845,free-response,single,obsidian-quiz-blocks,radio,c,MF1,converted-and-verified,manual,label
2360,130665,56580,multiple-choice,single,obsidian-quiz-blocks,radio,d,MF1,converted-and-verified,manual,label
2360,130665,187249,free-response,single,obsidian-quiz-blocks,radio,b,MF1,converted-and-verified,manual,label
2360,130669,187309,free-response,single,obsidian-quiz-blocks,radio,b,MF1,converted-and-verified,manual,label
2360,130669,187312,free-response,single,obsidian-quiz-blocks,radio,b,MF1,converted-and-verified,manual,label
2365,85548,57022,multiple-choice,single,obsidian-quiz-blocks,radio,c,MF1,converted-and-verified,manual,label
2365,85548,57026,multiple-choice,single,obsidian-quiz-blocks,radio,e,MF1,converted-and-verified,manual,label
2365,85551,57023,multiple-choice,single,obsidian-quiz-blocks,radio,a,MF1,converted-and-verified,manual,label
2365,85551,57025,multiple-choice,single,obsidian-quiz-blocks,radio,d,MF1,converted-and-verified,manual,label
2365,85554,57302,multiple-choice,single,obsidian-quiz-blocks,radio,e,MF1,converted-and-verified,manual,label
2365,85554,102066,multiple-choice,single,obsidian-quiz-blocks,radio,c,MF1,converted-and-verified,manual,label
2365,85557,57027,multiple-choice,single,obsidian-quiz-blocks,radio,c,MF1,converted-and-verified,manual,label
2365,85557,57389,multiple-choice,single,obsidian-quiz-blocks,radio,c,MF1,converted-and-verified,manual,label
2369,113045,57166,multiple-choice,single,obsidian-quiz-blocks,radio,d,MF1,converted-and-verified,manual,label
2369,113045,100142,multiple-choice,single,obsidian-quiz-blocks,radio,d,MF1,converted-and-verified,manual,label
2369,113048,57216,multiple-choice,single,obsidian-quiz-blocks,radio,d,MF1,converted-and-verified,manual,label
2369,113048,57217,multiple-choice,single,obsidian-quiz-blocks,radio,e,MF1,converted-and-verified,manual,label
2369,113051,57238,multiple-choice,single,obsidian-quiz-blocks,radio,b,MF1,converted-and-verified,manual,label
2369,113051,57167,multiple-choice,single,obsidian-quiz-blocks,radio,a,MF1,converted-and-verified,manual,label
2372,98058,57679,multiple-choice,single,obsidian-quiz-blocks,radio,c,MF1,converted-and-verified,manual,label
2372,98058,137990,multiple-choice,single,obsidian-quiz-blocks,radio,e,MF1,converted-and-verified,manual,label
2372,98061,59571,multiple-choice,single,obsidian-quiz-blocks,radio,d,MF1,converted-and-verified,manual,label
2372,98061,59563,multiple-choice,single,obsidian-quiz-blocks,radio,e,MF1,converted-and-verified,manual,label
2372,98064,57664,multiple-choice,single,obsidian-quiz-blocks,radio,e,MF1,converted-and-verified,manual,label
2372,98064,57895,multiple-choice,single,obsidian-quiz-blocks,radio,b,MF1,converted-and-verified,manual,label
2374,172411,100910,multiple-choice,single,obsidian-quiz-blocks,radio,e,MF1,converted-and-verified,manual,label
2374,172411,174130,free-response,single,obsidian-quiz-blocks,radio,b,MF1,converted-and-verified,manual,label
2374,172414,223465,free-response,single,obsidian-quiz-blocks,radio,b,MF1,converted-and-verified,manual,label
2374,172414,57983,multiple-choice,single,obsidian-quiz-blocks,radio,e,MF1,converted-and-verified,manual,label
2374,172418,223582,free-response,single,obsidian-quiz-blocks,radio,c,MF1,converted-and-verified,manual,label
2374,172418,59607,multiple-choice,single,obsidian-quiz-blocks,radio,e,MF1,converted-and-verified,manual,label
2376,45207,58791,multiple-choice,single,obsidian-quiz-blocks,radio,b,MF1,converted-and-verified,manual,label
2376,45207,151986,multiple-choice,single,obsidian-quiz-blocks,radio,e,MF1,converted-and-verified,manual,label
2376,45244,164119,multiple-choice,single,obsidian-quiz-blocks,radio,b,MF1,converted-and-verified,manual,label
2376,45244,164851,multiple-choice,single,obsidian-quiz-blocks,radio,e,MF1,converted-and-verified,manual,label
2376,45341,59021,multiple-choice,single,obsidian-quiz-blocks,radio,d,MF1,converted-and-verified,manual,label
2376,45341,165037,multiple-choice,single,obsidian-quiz-blocks,radio,e,MF1,converted-and-verified,manual,label
2376,45342,164177,multiple-choice,single,obsidian-quiz-blocks,radio,c,MF1,converted-and-verified,manual,label
2376,45342,165027,multiple-choice,single,obsidian-quiz-blocks,radio,d,MF1,converted-and-verified,manual,label
2377,136179,57341,multiple-choice,single,obsidian-quiz-blocks,radio,e,MF1,converted-and-verified,manual,label
2377,136179,211421,free-response,single,obsidian-quiz-blocks,radio,d,MF1,converted-and-verified,manual,label
2377,136183,57098,multiple-choice,single,obsidian-quiz-blocks,radio,c,MF1,converted-and-verified,manual,label
2377,136183,172168,free-response,single,obsidian-quiz-blocks,radio,b,MF1,converted-and-verified,manual,label
2377,136187,172166,free-response,single,obsidian-quiz-blocks,radio,c,MF1,converted-and-verified,manual,label
2377,136187,211388,free-response,single,obsidian-quiz-blocks,radio,c,MF1,converted-and-verified,manual,label
2377,136190,211463,free-response,single,obsidian-quiz-blocks,radio,a,MF1,converted-and-verified,manual,label
2377,136190,211472,free-response,single,obsidian-quiz-blocks,radio,b,MF1,converted-and-verified,manual,label
2378,135463,56586,multiple-choice,single,obsidian-quiz-blocks,radio,d,MF1,converted-and-verified,manual,label
2378,135463,56841,multiple-choice,single,obsidian-quiz-blocks,radio,c,MF1,converted-and-verified,manual,label
2378,135466,56587,multiple-choice,single,obsidian-quiz-blocks,radio,e,MF1,converted-and-verified,manual,label
2378,135466,136702,multiple-choice,single,obsidian-quiz-blocks,radio,e,MF1,converted-and-verified,manual,label
2378,135469,56967,multiple-choice,single,obsidian-quiz-blocks,radio,c,MF1,converted-and-verified,manual,label
2378,135469,91607,multiple-choice,single,obsidian-quiz-blocks,radio,e,MF1,converted-and-verified,manual,label
2379,135663,57045,multiple-choice,single,obsidian-quiz-blocks,radio,d,MF1,converted-and-verified,manual,label
2379,135663,211207,free-response,single,obsidian-quiz-blocks,radio,c,MF1,converted-and-verified,manual,label
2379,135667,57120,multiple-choice,single,obsidian-quiz-blocks,radio,a,MF1,converted-and-verified,manual,label
2379,135667,211246,free-response,single,obsidian-quiz-blocks,radio,c,MF1,converted-and-verified,manual,label
2379,135671,57097,multiple-choice,single,obsidian-quiz-blocks,radio,d,MF1,converted-and-verified,manual,label
2379,135671,56594,multiple-choice,single,obsidian-quiz-blocks,radio,a,MF1,converted-and-verified,manual,label
2380,135775,57068,multiple-choice,single,obsidian-quiz-blocks,radio,b,MF1,converted-and-verified,manual,label
2380,135775,56800,multiple-choice,single,obsidian-quiz-blocks,radio,e,MF1,converted-and-verified,manual,label
2380,135778,198141,free-response,single,obsidian-quiz-blocks,radio,c,MF1,converted-and-verified,manual,label
2380,135778,56636,multiple-choice,single,obsidian-quiz-blocks,radio,a,MF1,converted-and-verified,manual,label
2380,135782,57100,multiple-choice,single,obsidian-quiz-blocks,radio,a,MF1,converted-and-verified,manual,label
2380,135782,57103,multiple-choice,single,obsidian-quiz-blocks,radio,c,MF1,converted-and-verified,manual,label
2380,135785,198225,free-response,single,obsidian-quiz-blocks,radio,a,MF1,converted-and-verified,manual,label
2380,135785,198232,free-response,single,obsidian-quiz-blocks,radio,b,MF1,converted-and-verified,manual,label
2381,136324,56641,multiple-choice,single,obsidian-quiz-blocks,radio,d,MF1,converted-and-verified,manual,label
2381,136324,91686,multiple-choice,single,obsidian-quiz-blocks,radio,a,MF1,converted-and-verified,manual,label
2381,136327,171726,free-response,single,obsidian-quiz-blocks,radio,c,MF1,converted-and-verified,manual,label
2381,136327,198174,free-response,single,obsidian-quiz-blocks,radio,c,MF1,converted-and-verified,manual,label
2381,136330,171727,free-response,single,obsidian-quiz-blocks,radio,c,MF1,converted-and-verified,manual,label
2381,136330,56640,multiple-choice,single,obsidian-quiz-blocks,radio,e,MF1,converted-and-verified,manual,label
2381,136333,57147,multiple-choice,single,obsidian-quiz-blocks,radio,d,MF1,converted-and-verified,manual,label
2381,136333,198204,free-response,single,obsidian-quiz-blocks,radio,c,MF1,converted-and-verified,manual,label
2382,97094,57363,multiple-choice,single,obsidian-quiz-blocks,radio,e,MF1,converted-and-verified,manual,label
2382,97094,57191,multiple-choice,single,obsidian-quiz-blocks,radio,b,MF1,converted-and-verified,manual,label
2382,97097,57372,multiple-choice,single,obsidian-quiz-blocks,radio,c,MF1,converted-and-verified,manual,label
2382,97097,57195,multiple-choice,single,obsidian-quiz-blocks,radio,c,MF1,converted-and-verified,manual,label
2382,97100,57368,multiple-choice,single,obsidian-quiz-blocks,radio,a,MF1,converted-and-verified,manual,label
2382,97100,57367,multiple-choice,single,obsidian-quiz-blocks,radio,e,MF1,converted-and-verified,manual,label
2382,97103,57197,multiple-choice,single,obsidian-quiz-blocks,radio,c,MF1,converted-and-verified,manual,label
2382,97103,57465,multiple-choice,single,obsidian-quiz-blocks,radio,d,MF1,converted-and-verified,manual,label
2388,174395,57035,multiple-choice,single,obsidian-quiz-blocks,radio,c,MF1,converted-and-verified,manual,label
2388,174395,223906,free-response,single,obsidian-quiz-blocks,radio,c,MF1,converted-and-verified,manual,label
2388,174398,223922,free-response,single,obsidian-quiz-blocks,radio,a,MF1,converted-and-verified,manual,label
2388,174398,57209,multiple-choice,single,obsidian-quiz-blocks,radio,e,MF1,converted-and-verified,manual,label
2388,174402,57188,multiple-choice,single,obsidian-quiz-blocks,radio,b,MF1,converted-and-verified,manual,label
2388,174402,223933,free-response,single,obsidian-quiz-blocks,radio,a,MF1,converted-and-verified,manual,label
2388,174406,57245,multiple-choice,single,obsidian-quiz-blocks,radio,c,MF1,converted-and-verified,manual,label
2388,174406,172154,free-response,single,obsidian-quiz-blocks,radio,b,MF1,converted-and-verified,manual,label
2403,604865,58101,multiple-choice,single,obsidian-quiz-blocks,radio,,MF1,needs-answer,,
2403,604865,138370,multiple-choice,single,obsidian-quiz-blocks,radio,,MF1,needs-answer,,
2403,604868,58107,multiple-choice,single,obsidian-quiz-blocks,radio,,MF1,needs-answer,,
2403,604868,138425,multiple-choice,single,obsidian-quiz-blocks,radio,,MF1,needs-answer,,
2403,604872,58176,multiple-choice,single,obsidian-quiz-blocks,radio,,MF1,needs-answer,,
2403,604872,138470,multiple-choice,single,obsidian-quiz-blocks,radio,,MF1,needs-answer,,
2436,7606,59696,multiple-choice,single,obsidian-quiz-blocks,radio,a,MF1,converted-and-verified,manual,label
2436,7606,59689,multiple-choice,single,obsidian-quiz-blocks,radio,d,MF1,converted-and-verified,manual,label
2436,7607,61162,multiple-choice,single,obsidian-quiz-blocks,radio,c,MF1,converted-and-verified,image-id,answer-image-id-1
2436,7607,61165,multiple-choice,single,obsidian-quiz-blocks,radio,d,MF1,converted-and-verified,image-id,answer-image-id-1
2436,7608,61234,multiple-choice,single,obsidian-quiz-blocks,radio,c,MF1,converted-and-verified,manual,label
2436,7608,59809,multiple-choice,single,obsidian-quiz-blocks,radio,b,MF1,converted-and-verified,manual,label
2436,7609,59780,multiple-choice,single,obsidian-quiz-blocks,radio,d,MF1,converted-and-verified,manual,label
2436,7609,59783,multiple-choice,single,obsidian-quiz-blocks,radio,a,MF1,converted-and-verified,manual,label
2437,195014,61372,multiple-choice,single,obsidian-quiz-blocks,radio,c,MF1,converted-and-verified,manual,label
2437,195014,61081,multiple-choice,single,obsidian-quiz-blocks,radio,e,MF1,converted-and-verified,manual,label
2437,195017,237516,free-response,multi,obsidian-quiz-blocks,radio,c,MF1,converted-and-verified,manual,label
2437,195017,237520,free-response,multi,obsidian-quiz-blocks,radio,b,MF1,converted-and-verified,manual,label
2437,195021,237545,multiple-choice,single,obsidian-quiz-blocks,radio,b,MF1,converted-and-verified,manual,label
2437,195021,237553,free-response,single,obsidian-quiz-blocks,radio,c,MF1,converted-and-verified,manual,label
2438,170168,61417,multiple-choice,single,obsidian-quiz-blocks,radio,c,MF1,converted-and-verified,manual,label
2438,170168,222772,free-response,single,obsidian-quiz-blocks,radio,c,MF1,converted-and-verified,manual,label
2438,170172,222925,free-response,single,obsidian-quiz-blocks,radio,c,MF1,converted-and-verified,manual,label
2438,170172,214732,free-response,single,obsidian-quiz-blocks,radio,c,MF1,converted-and-verified,manual,label
2438,170175,174094,free-response,single,obsidian-quiz-blocks,radio,b,MF1,converted-and-verified,manual,label
2438,170175,61460,multiple-choice,single,obsidian-quiz-blocks,radio,c,MF1,converted-and-verified,manual,label
2438,170178,223163,free-response,single,obsidian-quiz-blocks,radio,b,MF1,converted-and-verified,manual,label
2438,170178,61397,multiple-choice,single,obsidian-quiz-blocks,radio,b,MF1,converted-and-verified,manual,label
2440,128973,60654,multiple-choice,single,obsidian-quiz-blocks,radio,e,MF1,converted-and-verified,manual,label
2440,128973,60661,multiple-choice,single,obsidian-quiz-blocks,radio,d,MF1,converted-and-verified,manual,label
2440,128976,60532,multiple-choice,single,obsidian-quiz-blocks,radio,d,MF1,converted-and-verified,manual,label
2440,128976,188625,free-response,single,obsidian-quiz-blocks,radio,c,MF1,converted-and-verified,manual,label
2440,128980,60541,multiple-choice,single,obsidian-quiz-blocks,radio,c,MF1,converted-and-verified,manual,label
2440,128980,156202,multiple-choice,single,obsidian-quiz-blocks,radio,a,MF1,converted-and-verified,manual,label
2440,128983,102048,multiple-choice,single,obsidian-quiz-blocks,radio,c,MF1,converted-and-verified,manual,label
2440,128983,172659,free-response,single,obsidian-quiz-blocks,radio,d,MF1,converted-and-verified,manual,label
2451,54138,60961,multiple-choice,single,obsidian-quiz-blocks,radio,,MF1,needs-answer,,
2451,54138,60803,multiple-choice,single,obsidian-quiz-blocks,radio,,MF1,needs-answer,,
2451,54145,60991,multiple-choice,single,obsidian-quiz-blocks,radio,,MF1,needs-answer,,
2451,54145,60992,multiple-choice,single,obsidian-quiz-blocks,radio,,MF1,needs-answer,,
2451,54152,60965,multiple-choice,single,obsidian-quiz-blocks,radio,,MF1,needs-answer,,
2451,54152,60802,multiple-choice,single,obsidian-quiz-blocks,radio,,MF1,needs-answer,,
2451,54163,60989,multiple-choice,single,obsidian-quiz-blocks,radio,,MF1,needs-answer,,
2451,54163,92874,multiple-choice,single,obsidian-quiz-blocks,radio,,MF1,needs-answer,,
2452,151393,170874,free-response,single,,,,,,,
2452,151393,60813,multiple-choice,single,obsidian-quiz-blocks,radio,,MF1,needs-answer,,
2452,151397,61012,multiple-choice,single,obsidian-quiz-blocks,radio,,MF1,needs-answer,,
2452,151397,60824,multiple-choice,single,obsidian-quiz-blocks,radio,,MF1,needs-answer,,
2452,151401,185360,free-response,single,,,,,,,
2452,151401,171115,free-response,single,,,,,,,
2452,151404,61014,multiple-choice,single,obsidian-quiz-blocks,radio,,MF1,needs-answer,,
2452,151404,60825,multiple-choice,single,obsidian-quiz-blocks,radio,,MF1,needs-answer,,
2453,54221,60934,multiple-choice,single,obsidian-quiz-blocks,radio,,MF1,needs-answer,,
2453,54221,60842,multiple-choice,single,obsidian-quiz-blocks,radio,,MF1,needs-answer,,
2453,54224,61533,multiple-choice,single,obsidian-quiz-blocks,radio,,MF1,needs-answer,,
2453,54224,60851,multiple-choice,single,obsidian-quiz-blocks,radio,,MF1,needs-answer,,
2453,54227,61560,multiple-choice,single,obsidian-quiz-blocks,radio,,MF1,needs-answer,,
2453,54227,61554,multiple-choice,single,obsidian-quiz-blocks,radio,,MF1,needs-answer,,
2454,7957,61150,multiple-choice,single,obsidian-quiz-blocks,radio,,MF1,needs-answer,,
2454,7957,60947,multiple-choice,single,obsidian-quiz-blocks,radio,,MF1,needs-answer,,
2454,7959,61174,multiple-choice,single,obsidian-quiz-blocks,radio,,MF1,needs-answer,,
2454,7959,61177,multiple-choice,single,obsidian-quiz-blocks,radio,,MF1,needs-answer,,
2454,7960,61188,multiple-choice,single,obsidian-quiz-blocks,radio,,MF1,needs-answer,,
2454,7960,61189,multiple-choice,single,obsidian-quiz-blocks,radio,,MF1,needs-answer,,
2455,72264,61260,multiple-choice,single,obsidian-quiz-blocks,radio,,MF1,needs-answer,,
2455,72264,61033,multiple-choice,single,obsidian-quiz-blocks,radio,,MF1,needs-answer,,
2455,72268,61259,multiple-choice,single,obsidian-quiz-blocks,radio,,MF1,needs-answer,,
2455,72268,61032,multiple-choice,single,obsidian-quiz-blocks,radio,,MF1,needs-answer,,
2456,72290,61303,multiple-choice,single,obsidian-quiz-blocks,radio,,MF1,needs-answer,,
2456,72290,61296,multiple-choice,single,obsidian-quiz-blocks,radio,,MF1,needs-answer,,
2456,72293,61307,multiple-choice,single,obsidian-quiz-blocks,radio,,MF1,needs-answer,,
2456,72293,60918,multiple-choice,single,obsidian-quiz-blocks,radio,,MF1,needs-answer,,
2456,72296,60914,multiple-choice,single,obsidian-quiz-blocks,radio,,MF1,needs-answer,,
2456,72296,61342,multiple-choice,single,obsidian-quiz-blocks,radio,,MF1,needs-answer,,
2458,45355,60949,multiple-choice,single,obsidian-quiz-blocks,radio,a,MF1,converted-and-verified,manual,label
2458,45355,60950,multiple-choice,single,obsidian-quiz-blocks,radio,d,MF1,converted-and-verified,manual,label
2458,45359,61115,multiple-choice,single,obsidian-quiz-blocks,radio,a,MF1,converted-and-verified,manual,label
2458,45359,60959,multiple-choice,single,obsidian-quiz-blocks,radio,d,MF1,converted-and-verified,manual,label
2458,45362,60946,multiple-choice,single,obsidian-quiz-blocks,radio,d,MF1,converted-and-verified,manual,label
2458,45362,61585,multiple-choice,single,obsidian-quiz-blocks,radio,a,MF1,converted-and-verified,manual,label
2458,45366,61078,multiple-choice,single,obsidian-quiz-blocks,radio,d,MF1,converted-and-verified,manual,label
2458,45366,61120,multiple-choice,single,obsidian-quiz-blocks,radio,e,MF1,converted-and-verified,manual,label
2459,135501,61665,multiple-choice,single,obsidian-quiz-blocks,radio,c,MF1,converted-and-verified,manual,label
2459,135501,61048,multiple-choice,single,obsidian-quiz-blocks,radio,a,MF1,converted-and-verified,manual,label
2459,135504,61669,multiple-choice,single,obsidian-quiz-blocks,radio,a,MF1,converted-and-verified,manual,label
2459,135504,61049,multiple-choice,single,obsidian-quiz-blocks,radio,b,MF1,converted-and-verified,manual,label
2459,135507,61082,multiple-choice,single,obsidian-quiz-blocks,radio,e,MF1,converted-and-verified,manual,label
2459,135507,61680,multiple-choice,single,obsidian-quiz-blocks,radio,c,MF1,converted-and-verified,manual,label
2459,135511,208014,free-response,single,obsidian-quiz-blocks,radio,b,MF1,converted-and-verified,manual,label
2459,135511,208043,free-response,single,obsidian-quiz-blocks,radio,b,MF1,converted-and-verified,manual,label
2464,196866,61418,multiple-choice,single,obsidian-quiz-blocks,radio,,MF1,needs-answer,,
2464,196866,61546,multiple-choice,single,obsidian-quiz-blocks,radio,,MF1,needs-answer,,
2464,196869,237246,free-response,multi,,,,,,,
2464,196869,112267,multiple-choice,single,obsidian-quiz-blocks,radio,,MF1,needs-answer,,
2464,196872,61791,multiple-choice,single,obsidian-quiz-blocks,radio,,MF1,needs-answer,,
2464,196872,61811,multiple-choice,single,obsidian-quiz-blocks,radio,,MF1,needs-answer,,
2464,196876,212627,free-response,single,,,,,,,
2464,196876,25575,multiple-choice,single,obsidian-quiz-blocks,radio,,MF1,needs-answer,,
2465,6883,45732,multiple-choice,single,obsidian-quiz-blocks,radio,,MF1,needs-answer,,
2465,6883,45671,multiple-choice,single,obsidian-quiz-blocks,radio,,MF1,needs-answer,,
2465,6884,45429,multiple-choice,single,obsidian-quiz-blocks,radio,,MF1,needs-answer,,
2465,6884,45417,multiple-choice,single,obsidian-quiz-blocks,radio,,MF1,needs-answer,,
2465,6885,45430,multiple-choice,single,obsidian-quiz-blocks,radio,,MF1,needs-answer,,
2465,6885,45452,multiple-choice,single,obsidian-quiz-blocks,radio,,MF1,needs-answer,,
2465,7126,63997,multiple-choice,single,obsidian-quiz-blocks,radio,,MF1,needs-answer,,
2465,7126,63998,multiple-choice,single,obsidian-quiz-blocks,radio,,MF1,needs-answer,,
2466,7347,61690,multiple-choice,single,obsidian-quiz-blocks,radio,,MF1,needs-answer,,
2466,7347,45639,multiple-choice,single,obsidian-quiz-blocks,radio,,MF1,needs-answer,,
2466,7356,45634,multiple-choice,single,obsidian-quiz-blocks,radio,,MF1,needs-answer,,
2466,7356,24475,multiple-choice,single,obsidian-quiz-blocks,radio,,MF1,needs-answer,,
2466,7361,61692,multiple-choice,single,obsidian-quiz-blocks,radio,,MF1,needs-answer,,
2466,7361,1426,multiple-choice,single,obsidian-quiz-blocks,radio,,MF1,needs-answer,,
2467,8908,61545,multiple-choice,single,obsidian-quiz-blocks,radio,,MF2,needs-answer,,
2467,8908,61654,multiple-choice,single,obsidian-quiz-blocks,radio,,MF2,needs-answer,,
2467,8914,61799,multiple-choice,single,,,,,,,
2467,8914,61797,multiple-choice,single,,,,,,,
2467,9199,61644,multiple-choice,single,obsidian-quiz-blocks,radio,,MF2,needs-answer,,
2467,9199,61656,multiple-choice,single,obsidian-quiz-blocks,radio,,MF2,needs-answer,,
2467,33549,107176,multiple-choice,single,obsidian-quiz-blocks,radio,,MF2,needs-answer,,
2467,33549,107175,multiple-choice,single,obsidian-quiz-blocks,radio,,MF2,needs-answer,,
2468,9273,62048,multiple-choice,single,,,,,,,
2468,9273,62034,multiple-choice,single,obsidian-quiz-blocks,radio,,MF2,needs-answer,,
2468,9277,61817,multiple-choice,single,,,,,,,
2468,9277,61835,multiple-choice,single,,,,,,,
2468,9283,61978,multiple-choice,single,,,,,,,
2468,9283,61836,multiple-choice,single,,,,,,,
2468,9289,61897,multiple-choice,single,obsidian-quiz-blocks,radio,,MF2,needs-answer,,
2468,9289,61894,multiple-choice,single,obsidian-quiz-blocks,radio,,MF2,needs-answer,,
2469,9274,62038,multiple-choice,single,obsidian-quiz-blocks,radio,,MF2,needs-answer,,
2469,9274,61714,multiple-choice,single,obsidian-quiz-blocks,radio,,MF2,needs-answer,,
2469,9275,62076,multiple-choice,single,obsidian-quiz-blocks,radio,,MF2,needs-answer,,
2469,9275,62051,multiple-choice,single,obsidian-quiz-blocks,radio,,MF2,needs-answer,,
2469,9294,64465,multiple-choice,single,obsidian-quiz-blocks,radio,,MF2,needs-answer,,
2469,9294,62256,multiple-choice,single,obsidian-quiz-blocks,radio,,MF2,needs-answer,,
2471,531825,61787,multiple-choice,single,obsidian-quiz-blocks,radio,,MF1,needs-answer,,
2471,531825,61651,multiple-choice,single,obsidian-quiz-blocks,radio,,MF1,needs-answer,,
2471,531829,61784,multiple-choice,single,obsidian-quiz-blocks,radio,,MF1,needs-answer,,
2471,531829,1422,multiple-choice,single,obsidian-quiz-blocks,radio,,MF1,needs-answer,,
2471,531832,317604,multiple-choice,single,obsidian-quiz-blocks,radio,,MF1,needs-answer,,
2471,531832,318220,multiple-choice,single,obsidian-quiz-blocks,radio,,MF1,needs-answer,,
2472,7115,25809,multiple-choice,single,obsidian-quiz-blocks,radio,,MF1,needs-answer,,
2472,7115,61984,multiple-choice,single,obsidian-quiz-blocks,radio,,MF1,needs-answer,,
2472,7117,61689,multiple-choice,single,obsidian-quiz-blocks,radio,,MF1,needs-answer,,
2472,7117,62060,multiple-choice,single,obsidian-quiz-blocks,radio,,MF1,needs-answer,,
2475,131989,62190,multiple-choice,single,obsidian-quiz-blocks,radio,,MF1,needs-answer,,
2475,131989,61923,multiple-choice,single,obsidian-quiz-blocks,radio,,MF1,needs-answer,,
2475,131993,40843,multiple-choice,single,obsidian-quiz-blocks,radio,,MF1,needs-answer,,
2475,131993,212252,free-response,single,,,,,,,
2475,131997,212259,free-response,single,,,,,,,
2475,131997,212337,free-response,single,,,,,,,
2476,176247,61855,multiple-choice,single,obsidian-quiz-blocks,radio,,MF1,needs-answer,,
2476,176247,172439,free-response,single,,,,,,,
2476,176251,224020,free-response,single,,,,,,,
2476,176251,61859,multiple-choice,single,obsidian-quiz-blocks,radio,,MF1,needs-answer,,
2476,176255,61949,multiple-choice,single,obsidian-quiz-blocks,radio,,MF1,needs-answer,,
2476,176255,137662,multiple-choice,single,obsidian-quiz-blocks,radio,,MF1,needs-answer,,
2477,151913,172467,free-response,single,,,,,,,
2477,151913,61990,multiple-choice,single,obsidian-quiz-blocks,radio,,MF1,needs-answer,,
2477,151917,62000,multiple-choice,single,obsidian-quiz-blocks,radio,,MF1,needs-answer,,
2477,151917,138334,multiple-choice,single,obsidian-quiz-blocks,radio,,MF1,needs-answer,,
2477,151921,62026,multiple-choice,single,obsidian-quiz-blocks,radio,,MF1,needs-answer,,
2477,151921,62029,multiple-choice,single,obsidian-quiz-blocks,radio,,MF1,needs-answer,,
2484,9790,61802,multiple-choice,single,obsidian-quiz-blocks,radio,,MF2,needs-answer,,
2484,9790,61806,multiple-choice,single,obsidian-quiz-blocks,radio,,MF2,needs-answer,,
2484,9791,61786,multiple-choice,single,obsidian-quiz-blocks,radio,,MF2,needs-answer,,
2484,9791,61788,multiple-choice,single,obsidian-quiz-blocks,radio,,MF2,needs-answer,,
2484,9792,61552,multiple-choice,single,obsidian-quiz-blocks,radio,,MF2,needs-answer,,
2484,9792,61796,multiple-choice,single,obsidian-quiz-blocks,radio,,MF2,needs-answer,,
2534,456843,64038,multiple-choice,single,obsidian-quiz-blocks,radio,,MF2,needs-answer,,
2534,456843,64039,multiple-choice,single,obsidian-quiz-blocks,radio,,MF2,needs-answer,,
2534,456847,64030,multiple-choice,single,obsidian-quiz-blocks,radio,,MF2,needs-answer,,
2534,456847,250935,free-response,single,,,,,,,
2534,456850,63826,multiple-choice,single,obsidian-quiz-blocks,radio,,MF2,needs-answer,,
2534,456850,250947,free-response,single,,,,,,,
2552,3715,51829,multiple-choice,single,obsidian-quiz-blocks,radio,,MF1,needs-answer,,
2552,3715,91837,multiple-choice,single,obsidian-quiz-blocks,radio,,MF1,needs-answer,,
2552,16271,67951,multiple-choice,single,obsidian-quiz-blocks,radio,,MF1,needs-answer,,
2552,16271,67948,multiple-choice,single,obsidian-quiz-blocks,radio,,MF1,needs-answer,,
2552,16272,67800,multiple-choice,single,obsidian-quiz-blocks,radio,,MF1,needs-answer,,
2552,16272,67806,multiple-choice,single,obsidian-quiz-blocks,radio,,MF1,needs-answer,,
2553,186937,68155,multiple-choice,single,obsidian-quiz-blocks,radio,,MF1,needs-answer,,
2553,186937,235779,free-response,single,,,,,,,
2553,186940,68020,multiple-choice,single,obsidian-quiz-blocks,radio,,MF1,needs-answer,,
2553,186940,68170,multiple-choice,single,obsidian-quiz-blocks,radio,,MF1,needs-answer,,
2553,186945,235787,free-response,single,,,,,,,
2553,186945,235938,free-response,single,,,,,,,
2553,186948,91946,multiple-choice,single,obsidian-quiz-blocks,radio,,MF1,needs-answer,,
2553,186948,68028,multiple-choice,single,obsidian-quiz-blocks,radio,,MF1,needs-answer,,
2554,54184,68124,multiple-choice,single,obsidian-quiz-blocks,radio,,MF1,needs-answer,,
2554,54184,68117,multiple-choice,single,obsidian-quiz-blocks,radio,,MF1,needs-answer,,
2554,54187,51817,multiple-choice,single,obsidian-quiz-blocks,radio,,MF1,needs-answer,,
2554,54187,68126,multiple-choice,single,obsidian-quiz-blocks,radio,,MF1,needs-answer,,
2554,54190,51821,multiple-choice,single,obsidian-quiz-blocks,radio,,MF1,needs-answer,,
2554,54190,68129,multiple-choice,single,obsidian-quiz-blocks,radio,,MF1,needs-answer,,
2558,172681,93604,multiple-choice,single,,,,,,,
2558,172681,128579,multiple-choice,single,,,,,,,
2558,172685,128589,multiple-choice,single,,,,,,,
2558,172685,93603,multiple-choice,single,,,,,,,
2558,172689,98375,multiple-choice,single,,,,,,,
2558,172689,98382,multiple-choice,single,,,,,,,
2558,172693,223763,multiple-choice,single,,,,,,,
2558,172693,68517,multiple-choice,single,,,,,,,
2560,615693,326491,multiple-choice,single,obsidian-quiz-blocks,radio,,MF1,needs-answer,,
2560,615693,326492,free-response,single,,,,,,,
2560,615696,326510,multiple-choice,single,obsidian-quiz-blocks,radio,,MF1,needs-answer,,
2560,615696,326511,free-response,single,,,,,,,
2560,615701,327517,free-response,single,,,,,,,
2560,615701,317594,multiple-choice,single,obsidian-quiz-blocks,radio,,MF1,needs-answer,,
2560,615704,327654,free-response,single,,,,,,,
2560,615704,327653,free-response,single,,,,,,,
2561,72820,68836,multiple-choice,single,obsidian-quiz-blocks,radio,,MF1,needs-answer,,
2561,72820,68696,multiple-choice,single,obsidian-quiz-blocks,radio,,MF1,needs-answer,,
2561,72824,68701,multiple-choice,single,obsidian-quiz-blocks,radio,,MF1,needs-answer,,
2561,72824,68840,multiple-choice,single,obsidian-quiz-blocks,radio,,MF1,needs-answer,,
2561,72828,68848,multiple-choice,single,obsidian-quiz-blocks,radio,,MF1,needs-answer,,
2561,72828,68849,multiple-choice,single,obsidian-quiz-blocks,radio,,MF1,needs-answer,,
2561,72832,68854,multiple-choice,single,obsidian-quiz-blocks,radio,,MF1,needs-answer,,
2561,72832,68703,multiple-choice,single,obsidian-quiz-blocks,radio,,MF1,needs-answer,,
2564,183638,68526,multiple-choice,single,,,,,,,
2564,183638,221942,free-response,single,,,,,,,
2564,183641,218419,free-response,single,,,,,,,
2564,183641,99956,multiple-choice,single,,,,,,,
2564,183645,68673,multiple-choice,single,,,,,,,
2564,183645,223630,free-response,single,,,,,,,
2585,36288,133617,multiple-choice,single,,,,,,,
2585,36288,133613,multiple-choice,single,,,,,,,
2585,36289,133622,multiple-choice,single,obsidian-quiz-blocks,radio,,MF2,needs-answer,,
2585,36289,134133,multiple-choice,single,obsidian-quiz-blocks,radio,,MF2,needs-answer,,
2585,36297,133629,multiple-choice,single,obsidian-quiz-blocks,radio,,MF2,needs-answer,,
2585,36297,133628,multiple-choice,single,obsidian-quiz-blocks,radio,,MF2,needs-answer,,
2607,17817,69159,multiple-choice,single,obsidian-quiz-blocks,radio,,MF1,needs-answer,,
2607,17817,69161,multiple-choice,single,obsidian-quiz-blocks,radio,,MF1,needs-answer,,
2607,17818,69157,multiple-choice,single,obsidian-quiz-blocks,radio,,MF1,needs-answer,,
2607,17818,69244,multiple-choice,single,obsidian-quiz-blocks,radio,,MF1,needs-answer,,
2607,17988,69160,multiple-choice,single,obsidian-quiz-blocks,radio,,MF1,needs-answer,,
2607,17988,69208,multiple-choice,single,obsidian-quiz-blocks,radio,,MF1,needs-answer,,
2607,17989,69158,multiple-choice,single,obsidian-quiz-blocks,radio,,MF1,needs-answer,,
2607,17989,69219,multiple-choice,single,obsidian-quiz-blocks,radio,,MF1,needs-answer,,
2609,36302,133633,multiple-choice,single,obsidian-quiz-blocks,radio,,MF2,needs-answer,,
2609,36302,133636,multiple-choice,single,obsidian-quiz-blocks,radio,,MF2,needs-answer,,
2609,36339,133765,multiple-choice,single,obsidian-quiz-blocks,radio,,MF2,needs-answer,,
2609,36339,133764,multiple-choice,single,obsidian-quiz-blocks,radio,,MF2,needs-answer,,
2609,36342,133768,multiple-choice,single,obsidian-quiz-blocks,radio,,MF2,needs-answer,,
2609,36342,133769,multiple-choice,single,obsidian-quiz-blocks,radio,,MF2,needs-answer,,
2610,35041,117922,multiple-choice,single,obsidian-quiz-blocks,radio,c,CBC;CA1;MF3,converted-and-verified,manual,label
2610,35041,118076,multiple-choice,single,obsidian-quiz-blocks,radio,d,CBC;CA1;MF3,converted-and-verified,manual,label
2610,35042,118030,multiple-choice,single,obsidian-quiz-blocks,radio,e,CBC;CA1;MF3,converted-and-verified,manual,label
2610,35042,118052,multiple-choice,single,obsidian-quiz-blocks,radio,c,CBC;CA1;MF3,converted-and-verified,manual,label
2610,35053,118031,multiple-choice,single,obsidian-quiz-blocks,radio,e,CBC;CA1;MF3,converted-and-verified,manual,label
2610,35053,118088,multiple-choice,single,obsidian-quiz-blocks,radio,b,CBC;CA1;MF3,converted-and-verified,manual,label
2625,169150,75866,multiple-choice,single,obsidian-quiz-blocks,radio,,MF2,needs-answer,,
2625,169150,218438,free-response,single,,,,,,,
2625,169153,75869,multiple-choice,single,obsidian-quiz-blocks,radio,,MF2,needs-answer,,
2625,169153,218440,free-response,single,,,,,,,
2625,169156,218441,free-response,single,,,,,,,
2625,169156,75872,multiple-choice,single,obsidian-quiz-blocks,radio,,MF2,needs-answer,,
2625,169159,75875,multiple-choice,single,obsidian-quiz-blocks,radio,,MF2,needs-answer,,
2625,169159,218474,free-response,single,,,,,,,
2626,169049,76238,multiple-choice,single,obsidian-quiz-blocks,radio,,MF2,needs-answer,,
2626,169049,218482,free-response,single,,,,,,,
2626,169052,76460,multiple-choice,single,obsidian-quiz-blocks,radio,,MF2,needs-answer,,
2626,169052,222016,free-response,single,,,,,,,
2626,169056,218516,free-response,single,,,,,,,
2626,169056,76246,multiple-choice,single,obsidian-quiz-blocks,radio,,MF2,needs-answer,,
2626,169059,218518,free-response,single,,,,,,,
2626,169059,218519,free-response,single,,,,,,,
2706,24441,77726,multiple-choice,single,obsidian-quiz-blocks,radio,,MF3,needs-answer,,
2706,24441,77543,multiple-choice,single,obsidian-quiz-blocks,radio,,MF3,needs-answer,,
2706,24450,77653,multiple-choice,single,obsidian-quiz-blocks,radio,,MF3,needs-answer,,
2706,24450,77680,multiple-choice,single,obsidian-quiz-blocks,radio,,MF3,needs-answer,,
2706,24566,77677,multiple-choice,single,obsidian-quiz-blocks,radio,,MF3,needs-answer,,
2706,24566,77768,multiple-choice,single,obsidian-quiz-blocks,radio,,MF3,needs-answer,,
2707,24348,37218,multiple-choice,single,obsidian-quiz-blocks,radio,,MF2,needs-answer,,
2707,24348,37055,multiple-choice,single,obsidian-quiz-blocks,radio,,MF2,needs-answer,,
2707,29746,37816,multiple-choice,single,obsidian-quiz-blocks,radio,,MF2,needs-answer,,
2707,29746,37834,multiple-choice,single,obsidian-quiz-blocks,radio,,MF2,needs-answer,,
2707,29747,37822,multiple-choice,single,obsidian-quiz-blocks,radio,,MF2,needs-answer,,
2707,29747,37819,multiple-choice,single,obsidian-quiz-blocks,radio,,MF2,needs-answer,,
2707,29748,37446,multiple-choice,single,obsidian-quiz-blocks,radio,,MF2,needs-answer,,
2707,29748,90652,multiple-choice,single,obsidian-quiz-blocks,radio,,MF2,needs-answer,,
2746,25234,15856,multiple-choice,single,obsidian-quiz-blocks,radio,,MF3,needs-answer,,
2746,25234,15803,multiple-choice,single,obsidian-quiz-blocks,radio,,MF3,needs-answer,,
2746,25235,79375,multiple-choice,single,obsidian-quiz-blocks,radio,,MF3,needs-answer,,
2746,25235,6881,multiple-choice,single,obsidian-quiz-blocks,radio,,MF3,needs-answer,,
2746,25238,78680,multiple-choice,single,obsidian-quiz-blocks,radio,,MF3,needs-answer,,
2746,25238,78679,multiple-choice,single,obsidian-quiz-blocks,radio,,MF3,needs-answer,,
2746,25250,79278,multiple-choice,single,obsidian-quiz-blocks,radio,,MF3,needs-answer,,
2746,25250,78682,multiple-choice,single,obsidian-quiz-blocks,radio,,MF3,needs-answer,,
2805,27826,85187,multiple-choice,single,obsidian-quiz-blocks,radio,,MF1,needs-answer,,
2805,27826,85188,multiple-choice,single,obsidian-quiz-blocks,radio,,MF1,needs-answer,,
2805,27827,85138,multiple-choice,single,obsidian-quiz-blocks,radio,,MF1,needs-answer,,
2805,27827,85139,multiple-choice,single,obsidian-quiz-blocks,radio,,MF1,needs-answer,,
2805,27849,85141,multiple-choice,single,obsidian-quiz-blocks,radio,,MF1,needs-answer,,
2805,27849,85142,multiple-choice,single,obsidian-quiz-blocks,radio,,MF1,needs-answer,,
2826,26353,1219,multiple-choice,single,obsidian-quiz-blocks,radio,,MF2,needs-answer,,
2826,26353,1220,multiple-choice,single,obsidian-quiz-blocks,radio,,MF2,needs-answer,,
2826,26354,80874,multiple-choice,single,obsidian-quiz-blocks,radio,,MF2,needs-answer,,
2826,26354,36190,multiple-choice,single,obsidian-quiz-blocks,radio,,MF2,needs-answer,,
2826,26376,81419,multiple-choice,single,obsidian-quiz-blocks,radio,,MF2,needs-answer,,
2826,26376,81418,multiple-choice,single,obsidian-quiz-blocks,radio,,MF2,needs-answer,,
2827,26356,80865,multiple-choice,single,obsidian-quiz-blocks,radio,,MF2,needs-answer,,
2827,26356,36188,multiple-choice,single,obsidian-quiz-blocks,radio,,MF2,needs-answer,,
2827,26357,80873,multiple-choice,single,obsidian-quiz-blocks,radio,,MF2,needs-answer,,
2827,26357,36194,multiple-choice,single,obsidian-quiz-blocks,radio,,MF2,needs-answer,,
2827,26374,81444,multiple-choice,single,obsidian-quiz-blocks,radio,,MF2,needs-answer,,
2827,26374,81443,multiple-choice,single,obsidian-quiz-blocks,radio,,MF2,needs-answer,,
2837,27633,84459,multiple-choice,single,obsidian-quiz-blocks,radio,,MF3,needs-answer,,
2837,27633,84464,multiple-choice,single,obsidian-quiz-blocks,radio,,MF3,needs-answer,,
2837,27634,84462,multiple-choice,single,obsidian-quiz-blocks,radio,,MF3,needs-answer,,
2837,27634,84467,multiple-choice,single,obsidian-quiz-blocks,radio,,MF3,needs-answer,,
2837,27635,84469,multiple-choice,single,obsidian-quiz-blocks,radio,,MF3,needs-answer,,
2837,27635,84850,multiple-choice,single,obsidian-quiz-blocks,radio,,MF3,needs-answer,,
2839,27844,85270,multiple-choice,single,obsidian-quiz-blocks,radio,,DSM;MF3;PAS,needs-answer,,
2839,27844,85155,multiple-choice,single,obsidian-quiz-blocks,radio,,DSM;MF3;PAS,needs-answer,,
2839,27845,85272,multiple-choice,single,obsidian-quiz-blocks,radio,,DSM;MF3;PAS,needs-answer,,
2839,27845,85271,multiple-choice,single,obsidian-quiz-blocks,radio,,DSM;MF3;PAS,needs-answer,,
2839,27846,85277,multiple-choice,single,obsidian-quiz-blocks,radio,,DSM;MF3;PAS,needs-answer,,
2839,27846,85276,multiple-choice,single,obsidian-quiz-blocks,radio,,DSM;MF3;PAS,needs-answer,,
2839,27847,85283,multiple-choice,single,obsidian-quiz-blocks,radio,,DSM;MF3;PAS,needs-answer,,
2839,27847,85282,multiple-choice,single,obsidian-quiz-blocks,radio,,DSM;MF3;PAS,needs-answer,,
2841,27895,17961,multiple-choice,single,,,,,,,
2841,27895,16708,multiple-choice,single,,,,,,,
2841,32131,17848,multiple-choice,single,obsidian-quiz-blocks,radio,,MF2,needs-answer,,
2841,32131,17839,multiple-choice,single,obsidian-quiz-blocks,radio,,MF2,needs-answer,,
2841,32132,98121,multiple-choice,single,,,,,,,
2841,32132,17678,multiple-choice,single,,,,,,,
2841,32133,98190,multiple-choice,single,,,,,,,
2841,32133,16727,multiple-choice,single,,,,,,,
2849,33806,108584,multiple-choice,single,obsidian-quiz-blocks,radio,,MF2,needs-answer,,
2849,33806,108247,multiple-choice,single,obsidian-quiz-blocks,radio,,MF2,needs-answer,,
2849,33807,108249,multiple-choice,single,obsidian-quiz-blocks,radio,,MF2,needs-answer,,
2849,33807,108250,multiple-choice,single,obsidian-quiz-blocks,radio,,MF2,needs-answer,,
2849,33808,108376,multiple-choice,single,obsidian-quiz-blocks,radio,,MF2,needs-answer,,
2849,33808,108777,multiple-choice,single,obsidian-quiz-blocks,radio,,MF2,needs-answer,,
2855,467940,87445,multiple-choice,single,obsidian-quiz-blocks,radio,,MF3,needs-answer,,
2855,467940,87448,multiple-choice,single,obsidian-quiz-blocks,radio,,MF3,needs-answer,,
2855,467945,87449,multiple-choice,single,obsidian-quiz-blocks,radio,,MF3,needs-answer,,
2855,467945,87446,multiple-choice,single,obsidian-quiz-blocks,radio,,MF3,needs-answer,,
2855,467949,87447,multiple-choice,single,obsidian-quiz-blocks,radio,,MF3,needs-answer,,
2855,467949,87838,multiple-choice,single,obsidian-quiz-blocks,radio,,MF3,needs-answer,,
2856,468026,87506,multiple-choice,single,obsidian-quiz-blocks,radio,,MF3,needs-answer,,
2856,468026,87509,multiple-choice,single,obsidian-quiz-blocks,radio,,MF3,needs-answer,,
2856,468030,87503,multiple-choice,single,obsidian-quiz-blocks,radio,,MF3,needs-answer,,
2856,468030,87507,multiple-choice,single,obsidian-quiz-blocks,radio,,MF3,needs-answer,,
2856,468035,87511,multiple-choice,single,obsidian-quiz-blocks,radio,,MF3,needs-answer,,
2856,468035,87508,multiple-choice,single,obsidian-quiz-blocks,radio,,MF3,needs-answer,,
2857,460230,276944,free-response,multi,,,,,,,
2857,460230,87581,multiple-choice,single,,,,,,,
2857,460234,87583,multiple-choice,single,,,,,,,
2857,460234,87584,multiple-choice,single,,,,,,,
2857,460238,87594,multiple-choice,single,,,,,,,
2857,460238,87595,multiple-choice,single,,,,,,,
2857,460242,87597,multiple-choice,single,,,,,,,
2857,460242,87596,multiple-choice,single,,,,,,,
2858,28527,87742,multiple-choice,single,obsidian-quiz-blocks,radio,,MF3,needs-answer,,
2858,28527,87744,multiple-choice,single,obsidian-quiz-blocks,radio,,MF3,needs-answer,,
2858,28528,87745,multiple-choice,single,obsidian-quiz-blocks,radio,,MF3,needs-answer,,
2858,28528,87743,multiple-choice,single,obsidian-quiz-blocks,radio,,MF3,needs-answer,,
2859,28529,87762,multiple-choice,single,,,,,,,
2859,28529,87766,multiple-choice,single,,,,,,,
2859,28530,87767,multiple-choice,single,,,,,,,
2859,28530,87763,multiple-choice,single,,,,,,,
2859,28531,87764,multiple-choice,single,,,,,,,
2859,28531,87772,multiple-choice,single,,,,,,,
2883,28783,87777,multiple-choice,single,obsidian-quiz-blocks,radio,,MF2,needs-answer,,
2883,28783,87788,multiple-choice,single,obsidian-quiz-blocks,radio,,MF2,needs-answer,,
2883,28784,87789,multiple-choice,single,obsidian-quiz-blocks,radio,,MF2,needs-answer,,
2883,28784,87778,multiple-choice,single,obsidian-quiz-blocks,radio,,MF2,needs-answer,,
2883,28785,87780,multiple-choice,single,obsidian-quiz-blocks,radio,,MF2,needs-answer,,
2883,28785,87790,multiple-choice,single,obsidian-quiz-blocks,radio,,MF2,needs-answer,,
2975,41320,88207,multiple-choice,single,obsidian-quiz-blocks,radio,,CA1;CAB;CBC;MF3,needs-answer,,
2975,41320,88206,multiple-choice,single,obsidian-quiz-blocks,radio,,CA1;CAB;CBC;MF3,needs-answer,,
2975,41324,88209,multiple-choice,single,obsidian-quiz-blocks,radio,,CA1;CAB;CBC;MF3,needs-answer,,
2975,41324,88686,multiple-choice,single,obsidian-quiz-blocks,radio,,CA1;CAB;CBC;MF3,needs-answer,,
2975,41371,155949,multiple-choice,single,obsidian-quiz-blocks,radio,,CA1;CAB;CBC;MF3,needs-answer,,
2975,41371,155950,multiple-choice,single,obsidian-quiz-blocks,radio,,CA1;CAB;CBC;MF3,needs-answer,,
2976,29507,89413,multiple-choice,single,obsidian-quiz-blocks,radio,d,CAB;CBC;MF3;CA2;DEQ,converted-and-verified,manual,label
2976,29507,89414,multiple-choice,single,obsidian-quiz-blocks,radio,a,CAB;CBC;MF3;CA2;DEQ,converted-and-verified,manual,label
2976,29524,89424,multiple-choice,single,obsidian-quiz-blocks,radio,c,CAB;CBC;MF3;CA2;DEQ,converted-and-verified,manual,label
2976,29524,89425,multiple-choice,single,obsidian-quiz-blocks,radio,c,CAB;CBC;MF3;CA2;DEQ,converted-and-verified,manual,label
2976,29527,89891,multiple-choice,single,obsidian-quiz-blocks,radio,c,CAB;CBC;MF3;CA2;DEQ,converted-and-verified,manual,label
2976,29527,89428,multiple-choice,single,obsidian-quiz-blocks,radio,e,CAB;CBC;MF3;CA2;DEQ,converted-and-verified,manual,label
2978,29070,88339,multiple-choice,single,,,,,,,
2978,29070,88440,multiple-choice,single,,,,,,,
2978,29071,88340,multiple-choice,single,,,,,,,
2978,29071,88510,multiple-choice,single,,,,,,,
2978,29072,88507,multiple-choice,single,,,,,,,
2978,29072,88341,multiple-choice,single,,,,,,,
2979,467337,88412,multiple-choice,single,obsidian-quiz-blocks,radio,,MF2,needs-answer,,
2979,467337,237947,free-response,multi,,,,,,,
2979,467340,88417,multiple-choice,single,obsidian-quiz-blocks,radio,,MF2,needs-answer,,
2979,467340,237949,free-response,multi,,,,,,,
2981,29362,89072,multiple-choice,single,obsidian-quiz-blocks,radio,,MF3,needs-answer,,
2981,29362,89076,multiple-choice,single,obsidian-quiz-blocks,radio,,MF3,needs-answer,,
2981,29365,89068,multiple-choice,single,obsidian-quiz-blocks,radio,,MF3,needs-answer,,
2981,29365,89069,multiple-choice,single,obsidian-quiz-blocks,radio,,MF3,needs-answer,,
2981,29366,89075,multiple-choice,single,obsidian-quiz-blocks,radio,,MF3,needs-answer,,
2981,29366,89070,multiple-choice,single,obsidian-quiz-blocks,radio,,MF3,needs-answer,,
2981,30072,90951,multiple-choice,single,obsidian-quiz-blocks,radio,,MF3,needs-answer,,
2981,30072,91323,multiple-choice,single,obsidian-quiz-blocks,radio,,MF3,needs-answer,,
2982,29454,89113,multiple-choice,single,,,,,,,
2982,29454,89554,multiple-choice,single,,,,,,,
2982,29455,89114,multiple-choice,single,,,,,,,
2982,29455,89658,multiple-choice,single,,,,,,,
2982,29456,89115,multiple-choice,single,,,,,,,
2982,29456,89567,multiple-choice,single,,,,,,,
2982,29457,89117,multiple-choice,single,,,,,,,
2982,29457,89571,multiple-choice,single,,,,,,,
3079,135387,59965,multiple-choice,single,obsidian-quiz-blocks,radio,d,MF1,converted-and-verified,manual,label
3079,135387,174132,free-response,single,obsidian-quiz-blocks,radio,a,MF1,converted-and-verified,manual,label
3079,135391,59966,multiple-choice,single,obsidian-quiz-blocks,radio,a,MF1,converted-and-verified,manual,label
3079,135391,211163,free-response,single,obsidian-quiz-blocks,radio,a,MF1,converted-and-verified,manual,label
3079,135395,60310,multiple-choice,single,obsidian-quiz-blocks,radio,e,MF1,converted-and-verified,image-id,answer-image-id-1
3079,135395,60312,multiple-choice,single,obsidian-quiz-blocks,radio,a,MF1,converted-and-verified,image-id,answer-image-id-1
3079,135399,174133,free-response,single,obsidian-quiz-blocks,radio,a,MF1,converted-and-verified,manual,label
3079,135399,211182,free-response,single,obsidian-quiz-blocks,radio,a,MF1,converted-and-verified,manual,label
3214,31695,96482,multiple-choice,single,obsidian-quiz-blocks,radio,,MF3;PAS;PS1,needs-answer,,
3214,31695,96869,multiple-choice,single,obsidian-quiz-blocks,radio,,MF3;PAS;PS1,needs-answer,,
3214,31697,96484,multiple-choice,single,obsidian-quiz-blocks,radio,,MF3;PAS;PS1,needs-answer,,
3214,31697,96932,multiple-choice,single,obsidian-quiz-blocks,radio,,MF3;PAS;PS1,needs-answer,,
3214,31898,96485,multiple-choice,single,obsidian-quiz-blocks,radio,,MF3;PAS;PS1,needs-answer,,
3214,31898,96486,multiple-choice,single,obsidian-quiz-blocks,radio,,MF3;PAS;PS1,needs-answer,,
3215,31505,95983,multiple-choice,single,obsidian-quiz-blocks,radio,,CA2;CAB;CBC;MF3,needs-answer,,
3215,31505,95982,multiple-choice,single,obsidian-quiz-blocks,radio,,CA2;CAB;CBC;MF3,needs-answer,,
3215,31506,96387,multiple-choice,single,obsidian-quiz-blocks,radio,,CA2;CAB;CBC;MF3,needs-answer,,
3215,31506,95984,multiple-choice,single,obsidian-quiz-blocks,radio,,CA2;CAB;CBC;MF3,needs-answer,,
3215,31507,96986,multiple-choice,single,obsidian-quiz-blocks,radio,,CA2;CAB;CBC;MF3,needs-answer,,
3215,31507,95985,multiple-choice,single,obsidian-quiz-blocks,radio,,CA2;CAB;CBC;MF3,needs-answer,,
3216,35886,127359,multiple-choice,single,obsidian-quiz-blocks,radio,,CA1;CBC;MF3,needs-answer,,
3216,35886,127360,multiple-choice,single,obsidian-quiz-blocks,radio,,CA1;CBC;MF3,needs-answer,,
3216,35887,127362,multiple-choice,single,obsidian-quiz-blocks,radio,,CA1;CBC;MF3,needs-answer,,
3216,35887,127364,multiple-choice,single,obsidian-quiz-blocks,radio,,CA1;CBC;MF3,needs-answer,,
3216,35888,127372,multiple-choice,single,obsidian-quiz-blocks,radio,,CA1;CBC;MF3,needs-answer,,
3216,35888,127374,multiple-choice,single,obsidian-quiz-blocks,radio,,CA1;CBC;MF3,needs-answer,,
3281,451153,97463,multiple-choice,single,obsidian-quiz-blocks,radio,,DSM;MF3;PAS,needs-answer,,
3281,451153,96728,multiple-choice,single,obsidian-quiz-blocks,radio,,DSM;MF3;PAS,needs-answer,,
3281,451156,96735,multiple-choice,single,obsidian-quiz-blocks,radio,,DSM;MF3;PAS,needs-answer,,
3281,451156,96737,multiple-choice,single,obsidian-quiz-blocks,radio,,DSM;MF3;PAS,needs-answer,,
3281,451159,97516,multiple-choice,single,obsidian-quiz-blocks,radio,,DSM;MF3;PAS,needs-answer,,
3281,451159,96729,multiple-choice,single,obsidian-quiz-blocks,radio,,DSM;MF3;PAS,needs-answer,,
3281,451162,96730,multiple-choice,single,obsidian-quiz-blocks,radio,,DSM;MF3;PAS,needs-answer,,
3281,451162,97527,multiple-choice,single,obsidian-quiz-blocks,radio,,DSM;MF3;PAS,needs-answer,,
3284,31788,96696,multiple-choice,single,obsidian-quiz-blocks,radio,,DSM;MF3;PAS,needs-answer,,
3284,31788,97124,multiple-choice,single,obsidian-quiz-blocks,radio,,DSM;MF3;PAS,needs-answer,,
3284,31789,96697,multiple-choice,single,obsidian-quiz-blocks,radio,,DSM;MF3;PAS,needs-answer,,
3284,31789,97145,multiple-choice,single,obsidian-quiz-blocks,radio,,DSM;MF3;PAS,needs-answer,,
3284,31790,96698,multiple-choice,single,obsidian-quiz-blocks,radio,,DSM;MF3;PAS,needs-answer,,
3284,31790,97156,multiple-choice,single,obsidian-quiz-blocks,radio,,DSM;MF3;PAS,needs-answer,,
3284,31791,97181,multiple-choice,single,obsidian-quiz-blocks,radio,,DSM;MF3;PAS,needs-answer,,
3284,31791,96699,multiple-choice,single,obsidian-quiz-blocks,radio,,DSM;MF3;PAS,needs-answer,,
3355,21115,38484,multiple-choice,single,obsidian-quiz-blocks,radio,,MF3,needs-answer,,
3355,21115,38470,multiple-choice,single,obsidian-quiz-blocks,radio,,MF3,needs-answer,,
3355,21119,38509,multiple-choice,single,obsidian-quiz-blocks,radio,,MF3,needs-answer,,
3355,21119,88825,multiple-choice,single,obsidian-quiz-blocks,radio,,MF3,needs-answer,,
3355,28869,88715,multiple-choice,single,obsidian-quiz-blocks,radio,,MF3,needs-answer,,
3355,28869,38472,multiple-choice,single,obsidian-quiz-blocks,radio,,MF3,needs-answer,,
3400,117546,98159,multiple-choice,single,obsidian-quiz-blocks,radio,,MF3,needs-answer,,
3400,117546,97998,multiple-choice,single,obsidian-quiz-blocks,radio,,MF3,needs-answer,,
3400,117550,162254,multiple-choice,single,,,,,,,
3400,117550,155461,multiple-choice,single,,,,,,,
3400,117553,211001,multiple-choice,single,obsidian-quiz-blocks,radio,,MF3,needs-answer,,
3400,117553,211004,multiple-choice,single,obsidian-quiz-blocks,radio,,MF3,needs-answer,,
3404,18724,69653,multiple-choice,single,obsidian-quiz-blocks,radio,,MF3,needs-answer,,
3404,18724,69663,multiple-choice,single,obsidian-quiz-blocks,radio,,MF3,needs-answer,,
3404,18731,69664,multiple-choice,single,obsidian-quiz-blocks,radio,,MF3,needs-answer,,
3404,18731,69669,multiple-choice,single,obsidian-quiz-blocks,radio,,MF3,needs-answer,,
3404,19269,69995,multiple-choice,single,obsidian-quiz-blocks,radio,,MF3,needs-answer,,
3404,19269,69994,multiple-choice,single,obsidian-quiz-blocks,radio,,MF3,needs-answer,,
3530,30461,93087,multiple-choice,single,obsidian-quiz-blocks,radio,,MF2,needs-answer,,
3530,30461,92875,multiple-choice,single,obsidian-quiz-blocks,radio,,MF2,needs-answer,,
3530,30463,92872,multiple-choice,single,obsidian-quiz-blocks,radio,,MF2,needs-answer,,
3530,30463,92870,multiple-choice,single,obsidian-quiz-blocks,radio,,MF2,needs-answer,,
3534,19731,11866,multiple-choice,single,obsidian-quiz-blocks,radio,,MF3,needs-answer,,
3534,19731,11859,multiple-choice,single,obsidian-quiz-blocks,radio,,MF3,needs-answer,,
3534,27717,11883,multiple-choice,single,obsidian-quiz-blocks,radio,,MF3,needs-answer,,
3534,27717,11881,multiple-choice,single,obsidian-quiz-blocks,radio,,MF3,needs-answer,,
3535,9532,26036,multiple-choice,single,,,,,,,
3535,9532,26095,multiple-choice,single,,,,,,,
3535,9550,53361,multiple-choice,single,obsidian-quiz-blocks,radio,,MF2,needs-answer,,
3535,9550,53357,multiple-choice,single,obsidian-quiz-blocks,radio,,MF2,needs-answer,,
3536,3977,31735,multiple-choice,single,obsidian-quiz-blocks,radio,,MF1,needs-answer,,
3536,3977,61451,multiple-choice,single,obsidian-quiz-blocks,radio,,MF1,needs-answer,,
3536,3978,31623,multiple-choice,single,obsidian-quiz-blocks,radio,,MF1,needs-answer,,
3536,3978,135637,multiple-choice,single,obsidian-quiz-blocks,radio,,MF1,needs-answer,,
3536,25123,52118,multiple-choice,single,obsidian-quiz-blocks,radio,,MF1,needs-answer,,
3536,25123,52129,multiple-choice,single,obsidian-quiz-blocks,radio,,MF1,needs-answer,,
3537,183159,70361,multiple-choice,single,obsidian-quiz-blocks,radio,,MF1,needs-answer,,
3537,183159,172462,free-response,single,,,,,,,
3537,183163,224038,free-response,single,,,,,,,
3537,183163,224228,multiple-choice,single,obsidian-quiz-blocks,radio,,MF1,needs-answer,,
3537,183167,54908,multiple-choice,single,obsidian-quiz-blocks,radio,,MF1,needs-answer,,
3537,183167,224286,free-response,single,,,,,,,
3540,41768,26993,multiple-choice,single,obsidian-quiz-blocks,radio,,MF2,needs-answer,,
3540,41768,26937,multiple-choice,single,obsidian-quiz-blocks,radio,,MF2,needs-answer,,
3540,41772,65091,multiple-choice,single,obsidian-quiz-blocks,radio,,MF2,needs-answer,,
3540,41772,65088,multiple-choice,single,obsidian-quiz-blocks,radio,,MF2,needs-answer,,
3540,41775,136611,multiple-choice,single,obsidian-quiz-blocks,radio,,MF2,needs-answer,,
3540,41775,136543,multiple-choice,single,obsidian-quiz-blocks,radio,,MF2,needs-answer,,
3543,172669,85143,multiple-choice,single,obsidian-quiz-blocks,radio,,MF1,needs-answer,,
3543,172669,132396,multiple-choice,single,obsidian-quiz-blocks,radio,,MF1,needs-answer,,
3543,172673,85146,multiple-choice,single,obsidian-quiz-blocks,radio,,MF1,needs-answer,,
3543,172673,132404,multiple-choice,single,obsidian-quiz-blocks,radio,,MF1,needs-answer,,
3543,172677,223363,multiple-choice,single,obsidian-quiz-blocks,radio,,MF1,needs-answer,,
3543,172677,85448,multiple-choice,single,obsidian-quiz-blocks,radio,,MF1,needs-answer,,
3546,458345,249946,free-response,multi,,,,,,,
3546,458345,13443,multiple-choice,single,obsidian-quiz-blocks,radio,,MF2,needs-answer,,
3546,458349,220346,free-response,multi,,,,,,,
3546,458349,46113,multiple-choice,single,obsidian-quiz-blocks,radio,,MF2,needs-answer,,
3546,458352,249979,free-response,single,,,,,,,
3546,458352,46163,multiple-choice,single,obsidian-quiz-blocks,radio,,MF2,needs-answer,,
3552,16792,43304,multiple-choice,single,obsidian-quiz-blocks,radio,,MF1,needs-answer,,
3552,16792,40878,multiple-choice,single,obsidian-quiz-blocks,radio,,MF1,needs-answer,,
3552,16794,40877,multiple-choice,single,obsidian-quiz-blocks,radio,,MF1,needs-answer,,
3552,16794,40871,multiple-choice,single,obsidian-quiz-blocks,radio,,MF1,needs-answer,,
3554,8778,52586,multiple-choice,single,obsidian-quiz-blocks,radio,,MF1,needs-answer,,
3554,8778,52613,multiple-choice,single,obsidian-quiz-blocks,radio,,MF1,needs-answer,,
3554,8780,52578,multiple-choice,single,obsidian-quiz-blocks,radio,,MF1,needs-answer,,
3554,8780,52579,multiple-choice,single,obsidian-quiz-blocks,radio,,MF1,needs-answer,,
3554,40007,27332,multiple-choice,single,obsidian-quiz-blocks,radio,,MF1,needs-answer,,
3554,40007,27337,multiple-choice,single,obsidian-quiz-blocks,radio,,MF1,needs-answer,,
3555,143533,102815,multiple-choice,single,obsidian-quiz-blocks,radio,,MF1,needs-answer,,
3555,143533,5575,multiple-choice,single,obsidian-quiz-blocks,radio,,MF1,needs-answer,,
3555,143537,215061,free-response,single,,,,,,,
3555,143537,3724,multiple-choice,single,obsidian-quiz-blocks,radio,,MF1,needs-answer,,
3555,143541,212151,free-response,single,,,,,,,
3555,143541,215143,free-response,single,,,,,,,
3556,148507,44399,multiple-choice,single,obsidian-quiz-blocks,radio,,MF2,needs-answer,,
3556,148507,215701,free-response,single,,,,,,,
3556,148511,216200,free-response,single,,,,,,,
3556,148511,214094,free-response,single,,,,,,,
3556,148514,214093,free-response,multi,,,,,,,
3556,148514,216399,free-response,multi,,,,,,,
3557,41781,27021,multiple-choice,single,obsidian-quiz-blocks,radio,,MF2,needs-answer,,
3557,41781,27015,multiple-choice,single,obsidian-quiz-blocks,radio,,MF2,needs-answer,,
3557,41785,65179,multiple-choice,single,obsidian-quiz-blocks,radio,,MF2,needs-answer,,
3557,41785,65176,multiple-choice,single,obsidian-quiz-blocks,radio,,MF2,needs-answer,,
3557,41829,136545,multiple-choice,single,obsidian-quiz-blocks,radio,,MF2,needs-answer,,
3557,41829,136634,multiple-choice,single,obsidian-quiz-blocks,radio,,MF2,needs-answer,,
3558,41791,27638,multiple-choice,single,obsidian-quiz-blocks,radio,,MF2,needs-answer,,
3558,41791,27660,multiple-choice,single,obsidian-quiz-blocks,radio,,MF2,needs-answer,,
3558,41795,29382,multiple-choice,single,obsidian-quiz-blocks,radio,,MF2,needs-answer,,
3558,41795,66218,multiple-choice,single,obsidian-quiz-blocks,radio,,MF2,needs-answer,,
3558,41833,136548,multiple-choice,single,obsidian-quiz-blocks,radio,,MF2,needs-answer,,
3558,41833,136549,multiple-choice,single,obsidian-quiz-blocks,radio,,MF2,needs-answer,,
3559,4050,15859,multiple-choice,single,obsidian-quiz-blocks,radio,,MF1,needs-answer,,
3559,4050,61746,multiple-choice,single,obsidian-quiz-blocks,radio,,MF1,needs-answer,,
3559,4054,15867,multiple-choice,single,,,,,,,
3559,4054,61749,multiple-choice,single,,,,,,,
3561,71921,674,multiple-choice,single,obsidian-quiz-blocks,radio,,MF1,needs-answer,,
3561,71921,128725,multiple-choice,single,obsidian-quiz-blocks,radio,,MF1,needs-answer,,
3561,71925,43275,multiple-choice,single,obsidian-quiz-blocks,radio,,MF1,needs-answer,,
3561,71925,210,multiple-choice,single,obsidian-quiz-blocks,radio,,MF1,needs-answer,,
3561,71929,6189,multiple-choice,single,obsidian-quiz-blocks,radio,,MF1,needs-answer,,
3561,71929,128675,multiple-choice,single,obsidian-quiz-blocks,radio,,MF1,needs-answer,,
3562,192119,213914,free-response,single,,,,,,,
3562,192119,44604,multiple-choice,single,obsidian-quiz-blocks,radio,,MF2,needs-answer,,
3562,192123,22642,multiple-choice,single,obsidian-quiz-blocks,radio,,MF2,needs-answer,,
3562,192123,214038,free-response,single,,,,,,,
3562,192126,214033,free-response,single,,,,,,,
3562,192126,23633,multiple-choice,single,obsidian-quiz-blocks,radio,,MF2,needs-answer,,
3563,41799,65327,multiple-choice,single,obsidian-quiz-blocks,radio,,MF2,needs-answer,,
3563,41799,42854,multiple-choice,single,obsidian-quiz-blocks,radio,,MF2,needs-answer,,
3563,41803,66293,multiple-choice,single,obsidian-quiz-blocks,radio,,MF2,needs-answer,,
3563,41803,66292,multiple-choice,single,obsidian-quiz-blocks,radio,,MF2,needs-answer,,
3563,41837,136551,multiple-choice,single,obsidian-quiz-blocks,radio,,MF2,needs-answer,,
3563,41837,136626,multiple-choice,single,obsidian-quiz-blocks,radio,,MF2,needs-answer,,
3565,10842,53518,multiple-choice,single,obsidian-quiz-blocks,radio,,MF1,needs-answer,,
3565,10842,53519,multiple-choice,single,obsidian-quiz-blocks,radio,,MF1,needs-answer,,
3565,10843,53529,multiple-choice,single,obsidian-quiz-blocks,radio,,MF1,needs-answer,,
3565,10843,53485,multiple-choice,single,obsidian-quiz-blocks,radio,,MF1,needs-answer,,
3566,41815,27819,multiple-choice,single,obsidian-quiz-blocks,radio,,MF2,needs-answer,,
3566,41815,27823,multiple-choice,single,obsidian-quiz-blocks,radio,,MF2,needs-answer,,
3566,41819,29863,multiple-choice,single,obsidian-quiz-blocks,radio,,MF2,needs-answer,,
3566,41819,29864,multiple-choice,single,obsidian-quiz-blocks,radio,,MF2,needs-answer,,
3566,41845,136557,multiple-choice,single,obsidian-quiz-blocks,radio,,MF2,needs-answer,,
3566,41845,136558,multiple-choice,single,obsidian-quiz-blocks,radio,,MF2,needs-answer,,
3567,41807,42912,multiple-choice,single,obsidian-quiz-blocks,radio,,MF2,needs-answer,,
3567,41807,65310,multiple-choice,single,obsidian-quiz-blocks,radio,,MF2,needs-answer,,
3567,41811,66473,multiple-choice,single,obsidian-quiz-blocks,radio,,MF2,needs-answer,,
3567,41811,66472,multiple-choice,single,obsidian-quiz-blocks,radio,,MF2,needs-answer,,
3567,41841,136614,multiple-choice,single,obsidian-quiz-blocks,radio,,MF2,needs-answer,,
3567,41841,136605,multiple-choice,single,obsidian-quiz-blocks,radio,,MF2,needs-answer,,
3568,13376,23423,multiple-choice,single,obsidian-quiz-blocks,radio,,MF2,needs-answer,,
3568,13376,1693,multiple-choice,single,obsidian-quiz-blocks,radio,,MF2,needs-answer,,
3568,13378,23421,multiple-choice,single,obsidian-quiz-blocks,radio,,MF2,needs-answer,,
3568,13378,1703,multiple-choice,single,obsidian-quiz-blocks,radio,,MF2,needs-answer,,
3571,12792,47779,multiple-choice,single,obsidian-quiz-blocks,radio,,CA1;CAB;CBC;MF3,needs-answer,,
3571,12792,47922,multiple-choice,single,obsidian-quiz-blocks,radio,,CA1;CAB;CBC;MF3,needs-answer,,
3571,12794,47780,multiple-choice,single,obsidian-quiz-blocks,radio,,CA1;CAB;CBC;MF3,needs-answer,,
3571,12794,47781,multiple-choice,single,obsidian-quiz-blocks,radio,,CA1;CAB;CBC;MF3,needs-answer,,
3571,12795,47787,multiple-choice,single,obsidian-quiz-blocks,radio,,CA1;CAB;CBC;MF3,needs-answer,,
3571,12795,48019,multiple-choice,single,obsidian-quiz-blocks,radio,,CA1;CAB;CBC;MF3,needs-answer,,
3575,1477,17821,multiple-choice,single,obsidian-quiz-blocks,radio,,CA1;CAB;CBC,needs-answer,,
3575,1477,17818,multiple-choice,single,obsidian-quiz-blocks,radio,,CA1;CAB;CBC,needs-answer,,
3575,23036,73236,multiple-choice,single,obsidian-quiz-blocks,radio,,CA1;CAB;CBC,needs-answer,,
3575,23036,73235,multiple-choice,single,obsidian-quiz-blocks,radio,,CA1;CAB;CBC,needs-answer,,
3576,2001,2409,multiple-choice,single,obsidian-quiz-blocks,radio,,CA2;CAB;CBC,needs-answer,,
3576,2001,2410,multiple-choice,single,obsidian-quiz-blocks,radio,,CA2;CAB;CBC,needs-answer,,
3576,26222,81505,multiple-choice,single,obsidian-quiz-blocks,radio,,CA2;CAB;CBC,needs-answer,,
3576,26222,7113,multiple-choice,single,obsidian-quiz-blocks,radio,,CA2;CAB;CBC,needs-answer,,
3576,26224,81515,multiple-choice,single,obsidian-quiz-blocks,radio,,CA2;CAB;CBC,needs-answer,,
3576,26224,49319,multiple-choice,single,obsidian-quiz-blocks,radio,,CA2;CAB;CBC,needs-answer,,
3577,4262,2847,multiple-choice,single,obsidian-quiz-blocks,radio,,MF1,needs-answer,,
3577,4262,2841,multiple-choice,single,obsidian-quiz-blocks,radio,,MF1,needs-answer,,
3577,25611,32105,multiple-choice,single,obsidian-quiz-blocks,radio,,MF1,needs-answer,,
3577,25611,79987,multiple-choice,single,obsidian-quiz-blocks,radio,,MF1,needs-answer,,
3581,869,7171,multiple-choice,single,obsidian-quiz-blocks,radio,,CA1;CAB;CBC;MF3,needs-answer,,
3581,869,7103,multiple-choice,single,obsidian-quiz-blocks,radio,,CA1;CAB;CBC;MF3,needs-answer,,
3581,884,7109,multiple-choice,single,obsidian-quiz-blocks,radio,,CA1;CAB;CBC;MF3,needs-answer,,
3581,884,73334,multiple-choice,single,obsidian-quiz-blocks,radio,,CA1;CAB;CBC;MF3,needs-answer,,
3581,22993,73209,multiple-choice,single,obsidian-quiz-blocks,radio,,CA1;CAB;CBC;MF3,needs-answer,,
3581,22993,48909,multiple-choice,single,obsidian-quiz-blocks,radio,,CA1;CAB;CBC;MF3,needs-answer,,
3582,1988,19490,multiple-choice,single,obsidian-quiz-blocks,radio,,CA2;CAB;CBC;MF3,needs-answer,,
3582,1988,19483,multiple-choice,single,obsidian-quiz-blocks,radio,,CA2;CAB;CBC;MF3,needs-answer,,
3582,1990,49951,multiple-choice,single,obsidian-quiz-blocks,radio,,CA2;CAB;CBC;MF3,needs-answer,,
3582,1990,49949,multiple-choice,single,obsidian-quiz-blocks,radio,,CA2;CAB;CBC;MF3,needs-answer,,
3582,26730,7213,multiple-choice,single,obsidian-quiz-blocks,radio,,CA2;CAB;CBC;MF3,needs-answer,,
3582,26730,7219,multiple-choice,single,obsidian-quiz-blocks,radio,,CA2;CAB;CBC;MF3,needs-answer,,
3591,217081,134066,multiple-choice,single,obsidian-quiz-blocks,radio,,MF2,needs-answer,,
3591,217081,134076,multiple-choice,single,obsidian-quiz-blocks,radio,,MF2,needs-answer,,
3591,217084,134079,multiple-choice,single,obsidian-quiz-blocks,radio,,MF2,needs-answer,,
3591,217084,134081,multiple-choice,single,obsidian-quiz-blocks,radio,,MF2,needs-answer,,
3593,36387,133996,multiple-choice,single,obsidian-quiz-blocks,radio,,MF1,needs-answer,,
3593,36387,133997,multiple-choice,single,obsidian-quiz-blocks,radio,,MF1,needs-answer,,
3593,36388,133998,multiple-choice,single,obsidian-quiz-blocks,radio,,MF1,needs-answer,,
3593,36388,133999,multiple-choice,single,obsidian-quiz-blocks,radio,,MF1,needs-answer,,
3593,36389,134000,multiple-choice,single,obsidian-quiz-blocks,radio,,MF1,needs-answer,,
3593,36389,134004,multiple-choice,single,obsidian-quiz-blocks,radio,,MF1,needs-answer,,
3595,36424,134267,multiple-choice,single,obsidian-quiz-blocks,radio,,MF2;PAS,needs-answer,,
3595,36424,134276,multiple-choice,single,obsidian-quiz-blocks,radio,,MF2;PAS,needs-answer,,
3595,36425,134256,multiple-choice,single,obsidian-quiz-blocks,radio,,MF2;PAS,needs-answer,,
3595,36425,134266,multiple-choice,single,obsidian-quiz-blocks,radio,,MF2;PAS,needs-answer,,
3595,36427,134284,multiple-choice,single,obsidian-quiz-blocks,radio,,MF2;PAS,needs-answer,,
3595,36427,134285,multiple-choice,single,obsidian-quiz-blocks,radio,,MF2;PAS,needs-answer,,
3653,21007,8196,multiple-choice,single,obsidian-quiz-blocks,radio,,MF3,needs-answer,,
3653,21007,104500,multiple-choice,single,obsidian-quiz-blocks,radio,,MF3,needs-answer,,
3653,32877,104530,multiple-choice,single,obsidian-quiz-blocks,radio,,MF3,needs-answer,,
3653,32877,101758,multiple-choice,single,obsidian-quiz-blocks,radio,,MF3,needs-answer,,
3657,521905,8203,multiple-choice,single,obsidian-quiz-blocks,radio,,MF3,needs-answer,,
3657,521905,8204,multiple-choice,single,obsidian-quiz-blocks,radio,,MF3,needs-answer,,
3657,521908,8201,multiple-choice,single,obsidian-quiz-blocks,radio,,MF3,needs-answer,,
3657,521908,8200,multiple-choice,single,obsidian-quiz-blocks,radio,,MF3,needs-answer,,
3664,4995,51979,multiple-choice,single,obsidian-quiz-blocks,radio,,MF1,needs-answer,,
3664,4995,116428,multiple-choice,single,obsidian-quiz-blocks,radio,,MF1,needs-answer,,
3664,34865,61134,multiple-choice,single,obsidian-quiz-blocks,radio,,MF1,needs-answer,,
3664,34865,116128,multiple-choice,single,obsidian-quiz-blocks,radio,,MF1,needs-answer,,
3664,34868,51985,multiple-choice,single,obsidian-quiz-blocks,radio,,MF1,needs-answer,,
3664,34868,116309,multiple-choice,single,obsidian-quiz-blocks,radio,,MF1,needs-answer,,
3668,1894,53876,multiple-choice,single,obsidian-quiz-blocks,radio,a,CBC;MF3;CA2;DEQ;PS2,converted-and-verified,manual,label
3668,1894,50118,multiple-choice,single,obsidian-quiz-blocks,radio,a,CBC;MF3;CA2;DEQ;PS2,converted-and-verified,manual,label
3668,28638,87081,multiple-choice,single,obsidian-quiz-blocks,radio,b,CBC;MF3;CA2;DEQ;PS2,converted-and-verified,manual,label
3668,28638,87004,multiple-choice,single,obsidian-quiz-blocks,radio,c,CBC;MF3;CA2;DEQ;PS2,converted-and-verified,manual,label
3668,35018,117765,multiple-choice,single,obsidian-quiz-blocks,radio,d,CBC;MF3;CA2;DEQ;PS2,converted-and-verified,manual,label
3668,35018,117984,multiple-choice,single,obsidian-quiz-blocks,radio,b,CBC;MF3;CA2;DEQ;PS2,converted-and-verified,manual,label
3679,35180,42594,multiple-choice,single,obsidian-quiz-blocks,radio,,MF1,needs-answer,,
3679,35180,119390,multiple-choice,single,obsidian-quiz-blocks,radio,,MF1,needs-answer,,
3679,35183,119418,multiple-choice,single,obsidian-quiz-blocks,radio,,MF1,needs-answer,,
3679,35183,119421,multiple-choice,single,obsidian-quiz-blocks,radio,,MF1,needs-answer,,
3679,35184,119393,multiple-choice,single,obsidian-quiz-blocks,radio,,MF1,needs-answer,,
3679,35184,119396,multiple-choice,single,obsidian-quiz-blocks,radio,,MF1,needs-answer,,
3679,35194,42592,multiple-choice,single,obsidian-quiz-blocks,radio,,MF1,needs-answer,,
3679,35194,42666,multiple-choice,single,obsidian-quiz-blocks,radio,,MF1,needs-answer,,
3680,75115,42685,multiple-choice,single,obsidian-quiz-blocks,radio,,MF1,needs-answer,,
3680,75115,42596,multiple-choice,single,obsidian-quiz-blocks,radio,,MF1,needs-answer,,
3680,75120,119500,multiple-choice,single,obsidian-quiz-blocks,radio,,MF1,needs-answer,,
3680,75120,119404,multiple-choice,single,obsidian-quiz-blocks,radio,,MF1,needs-answer,,
3680,75123,119563,multiple-choice,single,obsidian-quiz-blocks,radio,,MF1,needs-answer,,
3680,75123,119565,multiple-choice,single,obsidian-quiz-blocks,radio,,MF1,needs-answer,,
3683,28368,119236,multiple-choice,single,obsidian-quiz-blocks,radio,,MF2,needs-answer,,
3683,28368,119557,multiple-choice,single,obsidian-quiz-blocks,radio,,MF2,needs-answer,,
3683,28369,34723,multiple-choice,single,obsidian-quiz-blocks,radio,,MF2,needs-answer,,
3683,28369,34905,multiple-choice,single,obsidian-quiz-blocks,radio,,MF2,needs-answer,,
3684,35252,121087,multiple-choice,single,obsidian-quiz-blocks,radio,,MF3,needs-answer,,
3684,35252,120973,multiple-choice,single,obsidian-quiz-blocks,radio,,MF3,needs-answer,,
3684,35262,121090,multiple-choice,single,,,,,,,
3684,35262,121092,multiple-choice,single,,,,,,,
3695,145223,44796,multiple-choice,single,obsidian-quiz-blocks,radio,,MF2,needs-answer,,
3695,145223,214153,free-response,single,,,,,,,
3695,145227,44795,multiple-choice,single,obsidian-quiz-blocks,radio,,MF2,needs-answer,,
3695,145227,214155,free-response,multi,,,,,,,
3709,62340,43320,multiple-choice,single,obsidian-quiz-blocks,radio,,MF1,needs-answer,,
3709,62340,42986,multiple-choice,single,obsidian-quiz-blocks,radio,,MF1,needs-answer,,
3709,62343,43541,multiple-choice,single,obsidian-quiz-blocks,radio,,MF1,needs-answer,,
3709,62343,43543,multiple-choice,single,obsidian-quiz-blocks,radio,,MF1,needs-answer,,
3710,20563,5542,multiple-choice,single,,,,,,,
3710,20563,5543,multiple-choice,single,,,,,,,
3710,20564,19874,multiple-choice,single,,,,,,,
3710,20564,19885,multiple-choice,single,,,,,,,
3710,35638,124141,multiple-choice,single,,,,,,,
3710,35638,124142,multiple-choice,single,,,,,,,
3718,80850,1960,multiple-choice,single,obsidian-quiz-blocks,radio,,MF1,needs-answer,,
3718,80850,128399,multiple-choice,single,obsidian-quiz-blocks,radio,,MF1,needs-answer,,
3718,80853,2135,multiple-choice,single,obsidian-quiz-blocks,radio,,MF1,needs-answer,,
3718,80853,2094,multiple-choice,single,obsidian-quiz-blocks,radio,,MF1,needs-answer,,
3718,80856,43028,multiple-choice,single,obsidian-quiz-blocks,radio,,MF1,needs-answer,,
3718,80856,43029,multiple-choice,single,obsidian-quiz-blocks,radio,,MF1,needs-answer,,
3718,80859,43033,multiple-choice,single,obsidian-quiz-blocks,radio,,MF1,needs-answer,,
3718,80859,128334,multiple-choice,single,obsidian-quiz-blocks,radio,,MF1,needs-answer,,
3719,53471,128018,multiple-choice,single,obsidian-quiz-blocks,radio,,MF1,needs-answer,,
3719,53471,99588,multiple-choice,single,obsidian-quiz-blocks,radio,,MF1,needs-answer,,
3719,53474,127984,multiple-choice,single,obsidian-quiz-blocks,radio,,MF1,needs-answer,,
3719,53474,127985,multiple-choice,single,obsidian-quiz-blocks,radio,,MF1,needs-answer,,
3719,53477,127981,multiple-choice,single,obsidian-quiz-blocks,radio,,MF1,needs-answer,,
3719,53477,127982,multiple-choice,single,obsidian-quiz-blocks,radio,,MF1,needs-answer,,
3720,184898,171014,free-response,single,,,,,,,
3720,184898,101204,multiple-choice,single,obsidian-quiz-blocks,radio,,MF1,needs-answer,,
3720,184903,170955,free-response,single,,,,,,,
3720,184903,6095,multiple-choice,single,obsidian-quiz-blocks,radio,,MF1,needs-answer,,
3721,77834,56614,multiple-choice,single,obsidian-quiz-blocks,radio,d,MF1,converted-and-verified,manual,label
3721,77834,27501,multiple-choice,single,obsidian-quiz-blocks,radio,c,MF1,converted-and-verified,manual,label
3721,77838,56616,multiple-choice,single,obsidian-quiz-blocks,radio,a,MF1,converted-and-verified,manual,label
3721,77838,21262,multiple-choice,single,obsidian-quiz-blocks,radio,e,MF1,converted-and-verified,manual,label
3725,138018,128963,multiple-choice,single,obsidian-quiz-blocks,radio,,MF1,needs-answer,,
3725,138018,214657,free-response,single,,,,,,,
3725,138023,128979,multiple-choice,single,obsidian-quiz-blocks,radio,,MF1,needs-answer,,
3725,138023,208789,free-response,multi,,,,,,,
3725,138026,208792,free-response,single,,,,,,,
3725,138026,208794,free-response,multi,,,,,,,
3728,192941,37044,multiple-choice,single,obsidian-quiz-blocks,radio,,MF1,needs-answer,,
3728,192941,235987,free-response,multi,,,,,,,
3728,192945,129364,multiple-choice,single,obsidian-quiz-blocks,radio,,MF1,needs-answer,,
3728,192945,212279,free-response,multi,,,,,,,
3728,192948,129498,multiple-choice,single,obsidian-quiz-blocks,radio,,MF1,needs-answer,,
3728,192948,235960,free-response,multi,,,,,,,
3729,4285,52301,multiple-choice,single,obsidian-quiz-blocks,radio,,MF1,needs-answer,,
3729,4285,110917,multiple-choice,single,obsidian-quiz-blocks,radio,,MF1,needs-answer,,
3729,4287,2930,multiple-choice,single,obsidian-quiz-blocks,radio,,MF1,needs-answer,,
3729,4287,52510,multiple-choice,single,obsidian-quiz-blocks,radio,,MF1,needs-answer,,
3734,40970,7000,multiple-choice,single,obsidian-quiz-blocks,radio,,MF2,needs-answer,,
3734,40970,155968,multiple-choice,single,obsidian-quiz-blocks,radio,,MF2,needs-answer,,
3734,40973,35173,multiple-choice,single,obsidian-quiz-blocks,radio,,MF2,needs-answer,,
3734,40973,7029,multiple-choice,single,obsidian-quiz-blocks,radio,,MF2,needs-answer,,
3734,41012,7030,multiple-choice,single,obsidian-quiz-blocks,radio,,MF2,needs-answer,,
3734,41012,156085,multiple-choice,single,obsidian-quiz-blocks,radio,,MF2,needs-answer,,
3735,19611,16347,multiple-choice,single,,,,,,,
3735,19611,16352,multiple-choice,single,,,,,,,
3735,19612,70486,multiple-choice,single,,,,,,,
3735,19612,70485,multiple-choice,single,,,,,,,
3735,19613,16362,multiple-choice,single,,,,,,,
3735,19613,16368,multiple-choice,single,,,,,,,
3737,458852,26826,multiple-choice,single,obsidian-quiz-blocks,radio,,MF2,needs-answer,,
3737,458852,233242,free-response,single,,,,,,,
3737,458855,233243,free-response,single,,,,,,,
3737,458855,26390,multiple-choice,single,obsidian-quiz-blocks,radio,,MF2,needs-answer,,
3737,458858,242924,multiple-choice,single,obsidian-quiz-blocks,radio,,MF2,needs-answer,,
3737,458858,242921,free-response,single,,,,,,,
3738,20948,18957,multiple-choice,single,obsidian-quiz-blocks,radio,,MF2,needs-answer,,
3738,20948,7658,multiple-choice,single,obsidian-quiz-blocks,radio,,MF2,needs-answer,,
3738,20949,18089,multiple-choice,single,obsidian-quiz-blocks,radio,,MF2,needs-answer,,
3738,20949,18941,multiple-choice,single,obsidian-quiz-blocks,radio,,MF2,needs-answer,,
3739,18876,41574,multiple-choice,single,obsidian-quiz-blocks,radio,,MF2,needs-answer,,
3739,18876,41566,multiple-choice,single,obsidian-quiz-blocks,radio,,MF2,needs-answer,,
3739,18879,70268,multiple-choice,single,obsidian-quiz-blocks,radio,,MF2,needs-answer,,
3739,18879,41577,multiple-choice,single,obsidian-quiz-blocks,radio,,MF2,needs-answer,,
3741,30459,92864,multiple-choice,single,obsidian-quiz-blocks,radio,,MF2,needs-answer,,
3741,30459,93044,multiple-choice,single,obsidian-quiz-blocks,radio,,MF2,needs-answer,,
3741,32415,92866,multiple-choice,single,obsidian-quiz-blocks,radio,,MF2,needs-answer,,
3741,32415,93038,multiple-choice,single,obsidian-quiz-blocks,radio,,MF2,needs-answer,,
3746,7796,59887,multiple-choice,single,obsidian-quiz-blocks,radio,,MF1,needs-answer,,
3746,7796,60184,multiple-choice,single,obsidian-quiz-blocks,radio,,MF1,needs-answer,,
3746,7797,59895,multiple-choice,single,obsidian-quiz-blocks,radio,,MF1,needs-answer,,
3746,7797,60194,multiple-choice,single,obsidian-quiz-blocks,radio,,MF1,needs-answer,,
3747,103209,45290,multiple-choice,single,obsidian-quiz-blocks,radio,b,MF1,converted-and-verified,manual,label
3747,103209,104493,multiple-choice,single,obsidian-quiz-blocks,radio,c,MF1,converted-and-verified,manual,label
3747,103213,45320,multiple-choice,single,obsidian-quiz-blocks,radio,c,MF1,converted-and-verified,manual,label
3747,103213,45316,multiple-choice,single,obsidian-quiz-blocks,radio,e,MF1,converted-and-verified,manual,label
3747,103219,75487,multiple-choice,single,obsidian-quiz-blocks,radio,a,MF1,converted-and-verified,manual,label
3747,103219,101798,multiple-choice,single,obsidian-quiz-blocks,radio,e,MF1,converted-and-verified,manual,label
3748,30069,91148,multiple-choice,single,,,,,,,
3748,30069,90945,multiple-choice,single,,,,,,,
3748,30121,91145,multiple-choice,single,,,,,,,
3748,30121,91147,multiple-choice,single,,,,,,,
3752,147643,133614,multiple-choice,single,obsidian-quiz-blocks,radio,e,MF1,converted-and-verified,manual,label
3752,147643,208693,free-response,single,obsidian-quiz-blocks,radio,a,MF1,converted-and-verified,manual,label
3752,147647,58368,multiple-choice,single,obsidian-quiz-blocks,radio,a,MF1,converted-and-verified,manual,label
3752,147647,215773,free-response,single,obsidian-quiz-blocks,radio,a,MF1,converted-and-verified,manual,label
3752,147651,215808,free-response,single,obsidian-quiz-blocks,radio,a,MF1,converted-and-verified,manual,label
3752,147651,208700,free-response,single,obsidian-quiz-blocks,radio,a,MF1,converted-and-verified,manual,label
3753,194361,133770,multiple-choice,single,obsidian-quiz-blocks,radio,,MF2,needs-answer,,
3753,194361,133772,multiple-choice,single,obsidian-quiz-blocks,radio,,MF2,needs-answer,,
3753,194366,133779,multiple-choice,single,obsidian-quiz-blocks,radio,,MF2,needs-answer,,
3753,194366,133774,multiple-choice,single,obsidian-quiz-blocks,radio,,MF2,needs-answer,,
3753,194369,133783,multiple-choice,single,obsidian-quiz-blocks,radio,,MF2,needs-answer,,
3753,194369,133785,multiple-choice,single,obsidian-quiz-blocks,radio,,MF2,needs-answer,,
3754,7965,61286,multiple-choice,single,obsidian-quiz-blocks,radio,,MF1,needs-answer,,
3754,7965,60919,multiple-choice,single,obsidian-quiz-blocks,radio,,MF1,needs-answer,,
3754,7966,61292,multiple-choice,single,obsidian-quiz-blocks,radio,,MF1,needs-answer,,
3754,7966,61034,multiple-choice,single,obsidian-quiz-blocks,radio,,MF1,needs-answer,,
3756,4334,52341,multiple-choice,single,,,,,,,
3756,4334,52343,multiple-choice,single,,,,,,,
3756,4336,4060,multiple-choice,single,,,,,,,
3756,4336,111024,multiple-choice,single,,,,,,,
3756,36453,4034,multiple-choice,single,,,,,,,
3756,36453,29320,multiple-choice,single,,,,,,,
3762,119845,193602,multiple-choice,single,obsidian-quiz-blocks,radio,b,MF1,converted-and-verified,manual,label
3762,119845,193605,multiple-choice,single,obsidian-quiz-blocks,radio,a,MF1,converted-and-verified,manual,label
3762,119848,60546,multiple-choice,single,obsidian-quiz-blocks,radio,e,MF1,converted-and-verified,manual,label
3762,119848,60119,multiple-choice,single,obsidian-quiz-blocks,radio,b,MF1,converted-and-verified,manual,label
3762,119851,60605,multiple-choice,single,obsidian-quiz-blocks,radio,a,MF1,converted-and-verified,manual,label
3762,119851,60607,multiple-choice,single,obsidian-quiz-blocks,radio,b,MF1,converted-and-verified,manual,label
3764,457029,12960,multiple-choice,single,obsidian-quiz-blocks,radio,,MF3,needs-answer,,
3764,457029,234001,free-response,multi,,,,,,,
3764,457032,234002,free-response,single,,,,,,,
3764,457032,18163,multiple-choice,single,obsidian-quiz-blocks,radio,,MF3,needs-answer,,
3764,457035,18615,multiple-choice,single,obsidian-quiz-blocks,radio,,MF3,needs-answer,,
3764,457035,250997,free-response,single,,,,,,,
3765,485688,59800,multiple-choice,single,obsidian-quiz-blocks,radio,,MF1,needs-answer,,
3765,485688,45330,multiple-choice,single,obsidian-quiz-blocks,radio,,MF1,needs-answer,,
3765,485691,45327,multiple-choice,single,obsidian-quiz-blocks,radio,,MF1,needs-answer,,
3765,485691,108183,multiple-choice,single,obsidian-quiz-blocks,radio,,MF1,needs-answer,,
3765,485696,293675,multiple-choice,single,obsidian-quiz-blocks,radio,,MF1,needs-answer,,
3765,485696,292779,multiple-choice,single,obsidian-quiz-blocks,radio,,MF1,needs-answer,,
3765,485699,293689,multiple-choice,single,obsidian-quiz-blocks,radio,,MF1,needs-answer,,
3765,485699,293729,multiple-choice,single,obsidian-quiz-blocks,radio,,MF1,needs-answer,,
3766,11672,23472,multiple-choice,single,obsidian-quiz-blocks,radio,,MF2,needs-answer,,
3766,11672,23249,multiple-choice,single,obsidian-quiz-blocks,radio,,MF2,needs-answer,,
3766,36890,23473,multiple-choice,single,obsidian-quiz-blocks,radio,,MF2,needs-answer,,
3766,36890,1654,multiple-choice,single,obsidian-quiz-blocks,radio,,MF2,needs-answer,,
3767,464562,136384,multiple-choice,single,obsidian-quiz-blocks,radio,,MF3,needs-answer,,
3767,464562,136295,multiple-choice,single,obsidian-quiz-blocks,radio,,MF3,needs-answer,,
3767,464566,136299,multiple-choice,single,obsidian-quiz-blocks,radio,,MF3,needs-answer,,
3767,464566,136413,multiple-choice,single,obsidian-quiz-blocks,radio,,MF3,needs-answer,,
3767,464569,136296,multiple-choice,single,obsidian-quiz-blocks,radio,,MF3,needs-answer,,
3767,464569,136440,multiple-choice,single,obsidian-quiz-blocks,radio,,MF3,needs-answer,,
3769,1352,2159,multiple-choice,single,obsidian-quiz-blocks,radio,,CA1;CAB;CBC;MF2,needs-answer,,
3769,1352,29828,multiple-choice,single,obsidian-quiz-blocks,radio,,CA1;CAB;CBC;MF2,needs-answer,,
3769,1355,211,multiple-choice,single,obsidian-quiz-blocks,radio,,CA1;CAB;CBC;MF2,needs-answer,,
3769,1355,2166,multiple-choice,single,obsidian-quiz-blocks,radio,,CA1;CAB;CBC;MF2,needs-answer,,
3769,1357,2250,multiple-choice,single,obsidian-quiz-blocks,radio,,CA1;CAB;CBC;MF2,needs-answer,,
3769,1357,29830,multiple-choice,single,obsidian-quiz-blocks,radio,,CA1;CAB;CBC;MF2,needs-answer,,
3770,617463,73663,multiple-choice,single,obsidian-quiz-blocks,radio,,CA2;CAB;CBC,needs-answer,,
3770,617463,13737,multiple-choice,single,obsidian-quiz-blocks,radio,,CA2;CAB;CBC,needs-answer,,
3770,617466,31420,multiple-choice,single,obsidian-quiz-blocks,radio,,CA2;CAB;CBC,needs-answer,,
3770,617466,73800,multiple-choice,single,obsidian-quiz-blocks,radio,,CA2;CAB;CBC,needs-answer,,
3770,617469,113852,multiple-choice,single,obsidian-quiz-blocks,radio,,CA2;CAB;CBC,needs-answer,,
3770,617469,113876,multiple-choice,single,obsidian-quiz-blocks,radio,,CA2;CAB;CBC,needs-answer,,
3770,617473,13751,multiple-choice,single,obsidian-quiz-blocks,radio,,CA2;CAB;CBC,needs-answer,,
3770,617473,30977,multiple-choice,single,obsidian-quiz-blocks,radio,,CA2;CAB;CBC,needs-answer,,
3771,2536,9964,multiple-choice,single,obsidian-quiz-blocks,radio,,CA2;CBC;MF3,needs-answer,,
3771,2536,8174,multiple-choice,single,obsidian-quiz-blocks,radio,,CA2;CBC;MF3,needs-answer,,
3771,2538,81160,multiple-choice,single,obsidian-quiz-blocks,radio,,CA2;CBC;MF3,needs-answer,,
3771,2538,81163,multiple-choice,single,obsidian-quiz-blocks,radio,,CA2;CBC;MF3,needs-answer,,
3811,39811,149953,multiple-choice,single,obsidian-quiz-blocks,radio,a,CBC;CA1;MF3,converted-and-verified,manual,label
3811,39811,149954,multiple-choice,single,obsidian-quiz-blocks,radio,a,CBC;CA1;MF3,converted-and-verified,manual,label
3811,39814,149956,multiple-choice,single,obsidian-quiz-blocks,radio,d,CBC;CA1;MF3,converted-and-verified,manual,label
3811,39814,149955,multiple-choice,single,obsidian-quiz-blocks,radio,a,CBC;CA1;MF3,converted-and-verified,manual,label
3811,39823,149958,multiple-choice,single,obsidian-quiz-blocks,radio,d,CBC;CA1;MF3,converted-and-verified,manual,label
3811,39823,149957,multiple-choice,single,obsidian-quiz-blocks,radio,d,CBC;CA1;MF3,converted-and-verified,manual,label
3817,510975,274,multiple-choice,single,,,,,,,
3817,510975,350,multiple-choice,single,,,,,,,
3817,510979,138991,multiple-choice,single,,,,,,,
3817,510979,222424,free-response,single,,,,,,,
3817,510982,221503,free-response,single,,,,,,,
3817,510982,222435,free-response,single,,,,,,,
3817,510985,314840,multiple-choice,single,,,,,,,
3817,510985,313448,free-response,single,,,,,,,
3821,36074,129281,multiple-choice,single,obsidian-quiz-blocks,radio,,MF1,needs-answer,,
3821,36074,64165,multiple-choice,single,obsidian-quiz-blocks,radio,,MF1,needs-answer,,
3821,36105,129276,multiple-choice,single,,,,,,,
3821,36105,129280,multiple-choice,single,,,,,,,
3822,114405,60337,multiple-choice,single,,,,,,,
3822,114405,64021,multiple-choice,single,,,,,,,
3822,114408,89792,multiple-choice,single,,,,,,,
3822,114408,60336,multiple-choice,single,,,,,,,
3822,114413,29423,multiple-choice,single,obsidian-quiz-blocks,radio,,MF3,needs-answer,,
3822,114413,109962,multiple-choice,single,obsidian-quiz-blocks,radio,,MF3,needs-answer,,
3823,9526,140215,multiple-choice,single,obsidian-quiz-blocks,radio,,MF2,needs-answer,,
3823,9526,44902,multiple-choice,single,obsidian-quiz-blocks,radio,,MF2,needs-answer,,
3823,9995,45387,multiple-choice,single,obsidian-quiz-blocks,radio,,MF2,needs-answer,,
3823,9995,45361,multiple-choice,single,obsidian-quiz-blocks,radio,,MF2,needs-answer,,
3823,37351,87642,multiple-choice,single,obsidian-quiz-blocks,radio,,MF2,needs-answer,,
3823,37351,45044,multiple-choice,single,obsidian-quiz-blocks,radio,,MF2,needs-answer,,
3823,37352,45046,multiple-choice,single,obsidian-quiz-blocks,radio,,MF2,needs-answer,,
3823,37352,45011,multiple-choice,single,obsidian-quiz-blocks,radio,,MF2,needs-answer,,
3824,4473,140331,multiple-choice,single,obsidian-quiz-blocks,radio,,MF2,needs-answer,,
3824,4473,140406,multiple-choice,single,obsidian-quiz-blocks,radio,,MF2,needs-answer,,
3824,4475,52542,multiple-choice,single,obsidian-quiz-blocks,radio,,MF2,needs-answer,,
3824,4475,52541,multiple-choice,single,obsidian-quiz-blocks,radio,,MF2,needs-answer,,
3824,37390,112300,multiple-choice,single,obsidian-quiz-blocks,radio,,MF2,needs-answer,,
3824,37390,140269,multiple-choice,single,obsidian-quiz-blocks,radio,,MF2,needs-answer,,
3824,37395,52544,multiple-choice,single,obsidian-quiz-blocks,radio,,MF2,needs-answer,,
3824,37395,140378,multiple-choice,single,obsidian-quiz-blocks,radio,,MF2,needs-answer,,
3825,2523,50977,multiple-choice,single,obsidian-quiz-blocks,radio,,CA2;CBC;MF3,needs-answer,,
3825,2523,50974,multiple-choice,single,obsidian-quiz-blocks,radio,,CA2;CBC;MF3,needs-answer,,
3825,2525,50687,multiple-choice,single,obsidian-quiz-blocks,radio,,CA2;CBC;MF3,needs-answer,,
3825,2525,15523,multiple-choice,single,obsidian-quiz-blocks,radio,,CA2;CBC;MF3,needs-answer,,
3826,613839,13816,multiple-choice,single,obsidian-quiz-blocks,radio,,CA2;CBC;MF3,needs-answer,,
3826,613839,18903,multiple-choice,single,obsidian-quiz-blocks,radio,,CA2;CBC;MF3,needs-answer,,
3826,613842,9608,multiple-choice,single,obsidian-quiz-blocks,radio,,CA2;CBC;MF3,needs-answer,,
3826,613842,9597,multiple-choice,single,obsidian-quiz-blocks,radio,,CA2;CBC;MF3,needs-answer,,
3827,139357,60333,multiple-choice,single,,,,,,,
3827,139357,140601,multiple-choice,single,,,,,,,
3827,139361,140239,multiple-choice,single,,,,,,,
3827,139361,140214,multiple-choice,single,,,,,,,
3827,139364,208856,free-response,multi,,,,,,,
3827,139364,208857,free-response,multi,,,,,,,
3829,11655,140977,multiple-choice,single,obsidian-quiz-blocks,radio,,MF2,needs-answer,,
3829,11655,124542,multiple-choice,single,obsidian-quiz-blocks,radio,,MF2,needs-answer,,
3829,37490,64790,multiple-choice,single,obsidian-quiz-blocks,radio,,MF2,needs-answer,,
3829,37490,140764,multiple-choice,single,obsidian-quiz-blocks,radio,,MF2,needs-answer,,
3829,37493,85241,multiple-choice,single,obsidian-quiz-blocks,radio,,MF2,needs-answer,,
3829,37493,64801,multiple-choice,single,obsidian-quiz-blocks,radio,,MF2,needs-answer,,
3829,37494,140924,multiple-choice,single,obsidian-quiz-blocks,radio,,MF2,needs-answer,,
3829,37494,140931,multiple-choice,single,obsidian-quiz-blocks,radio,,MF2,needs-answer,,
3830,171320,46393,multiple-choice,single,obsidian-quiz-blocks,radio,,MF2,needs-answer,,
3830,171320,222050,free-response,single,,,,,,,
3830,171323,46408,multiple-choice,single,obsidian-quiz-blocks,radio,,MF2,needs-answer,,
3830,171323,220372,free-response,single,,,,,,,
3830,171327,220374,free-response,single,,,,,,,
3830,171327,46347,multiple-choice,single,obsidian-quiz-blocks,radio,,MF2,needs-answer,,
3832,37543,1124,multiple-choice,single,,,,,,,
3832,37543,141025,multiple-choice,single,,,,,,,
3832,37544,140989,multiple-choice,single,,,,,,,
3832,37544,141072,multiple-choice,single,,,,,,,
3832,37547,79860,multiple-choice,single,,,,,,,
3832,37547,1123,multiple-choice,single,,,,,,,
3833,467997,70114,multiple-choice,single,obsidian-quiz-blocks,radio,,MF3,needs-answer,,
3833,467997,70302,multiple-choice,single,obsidian-quiz-blocks,radio,,MF3,needs-answer,,
3833,468000,70301,multiple-choice,single,obsidian-quiz-blocks,radio,,MF3,needs-answer,,
3833,468000,70111,multiple-choice,single,obsidian-quiz-blocks,radio,,MF3,needs-answer,,
3833,468004,31079,multiple-choice,single,obsidian-quiz-blocks,radio,,MF3,needs-answer,,
3833,468004,3951,multiple-choice,single,obsidian-quiz-blocks,radio,,MF3,needs-answer,,
3833,468008,3859,multiple-choice,single,obsidian-quiz-blocks,radio,,MF3,needs-answer,,
3833,468008,3952,multiple-choice,single,obsidian-quiz-blocks,radio,,MF3,needs-answer,,
3838,2266,49566,multiple-choice,single,obsidian-quiz-blocks,radio,,CA2;CBC,needs-answer,,
3838,2266,17584,multiple-choice,single,obsidian-quiz-blocks,radio,,CA2;CBC,needs-answer,,
3838,2270,49571,multiple-choice,single,obsidian-quiz-blocks,radio,,CA2;CBC,needs-answer,,
3838,2270,141267,multiple-choice,single,obsidian-quiz-blocks,radio,,CA2;CBC,needs-answer,,
3838,37632,40144,multiple-choice,single,obsidian-quiz-blocks,radio,,CA2;CBC,needs-answer,,
3838,37632,49569,multiple-choice,single,obsidian-quiz-blocks,radio,,CA2;CBC,needs-answer,,
3842,183236,140191,multiple-choice,single,obsidian-quiz-blocks,radio,,MF2,needs-answer,,
3842,183236,221410,free-response,multi,,,,,,,
3842,183240,221412,free-response,multi,,,,,,,
3842,183240,12880,multiple-choice,single,obsidian-quiz-blocks,radio,,MF2,needs-answer,,
3842,183243,52277,multiple-choice,single,obsidian-quiz-blocks,radio,,MF2,needs-answer,,
3842,183243,221418,free-response,multi,,,,,,,
3845,28410,87477,multiple-choice,single,obsidian-quiz-blocks,radio,,MF2,needs-answer,,
3845,28410,87314,multiple-choice,single,obsidian-quiz-blocks,radio,,MF2,needs-answer,,
3845,37621,87312,multiple-choice,single,obsidian-quiz-blocks,radio,,MF2,needs-answer,,
3845,37621,87045,multiple-choice,single,obsidian-quiz-blocks,radio,,MF2,needs-answer,,
3845,37731,87302,multiple-choice,single,obsidian-quiz-blocks,radio,,MF2,needs-answer,,
3845,37731,87469,multiple-choice,single,obsidian-quiz-blocks,radio,,MF2,needs-answer,,
3845,37732,87475,multiple-choice,single,obsidian-quiz-blocks,radio,,MF2,needs-answer,,
3845,37732,87306,multiple-choice,single,obsidian-quiz-blocks,radio,,MF2,needs-answer,,
3846,12804,2452,multiple-choice,single,obsidian-quiz-blocks,radio,,CA1;CAB;CBC;MF3,needs-answer,,
3846,12804,22794,multiple-choice,single,obsidian-quiz-blocks,radio,,CA1;CAB;CBC;MF3,needs-answer,,
3846,12809,22703,multiple-choice,single,obsidian-quiz-blocks,radio,,CA1;CAB;CBC;MF3,needs-answer,,
3846,12809,22809,multiple-choice,single,obsidian-quiz-blocks,radio,,CA1;CAB;CBC;MF3,needs-answer,,
3846,12814,31214,multiple-choice,single,obsidian-quiz-blocks,radio,,CA1;CAB;CBC;MF3,needs-answer,,
3846,12814,31229,multiple-choice,single,obsidian-quiz-blocks,radio,,CA1;CAB;CBC;MF3,needs-answer,,
3847,71649,141657,multiple-choice,single,obsidian-quiz-blocks,radio,c,MF1,converted-and-verified,manual,label
3847,71649,141658,multiple-choice,single,obsidian-quiz-blocks,radio,c,MF1,converted-and-verified,manual,label
3847,71653,397,multiple-choice,single,obsidian-quiz-blocks,radio,a,MF1,converted-and-verified,manual,label
3847,71653,399,multiple-choice,single,obsidian-quiz-blocks,radio,b,MF1,converted-and-verified,manual,label
3847,71656,3192,multiple-choice,single,obsidian-quiz-blocks,radio,c,MF1,converted-and-verified,manual,label
3847,71656,101865,multiple-choice,single,obsidian-quiz-blocks,radio,e,MF1,converted-and-verified,manual,label
3848,4307,52426,multiple-choice,single,obsidian-quiz-blocks,radio,,MF1,needs-answer,,
3848,4307,3076,multiple-choice,single,obsidian-quiz-blocks,radio,,MF1,needs-answer,,
3848,4314,141779,multiple-choice,single,obsidian-quiz-blocks,radio,,MF1,needs-answer,,
3848,4314,141780,multiple-choice,single,obsidian-quiz-blocks,radio,,MF1,needs-answer,,
3848,37583,52353,multiple-choice,single,obsidian-quiz-blocks,radio,,MF1,needs-answer,,
3848,37583,52336,multiple-choice,single,obsidian-quiz-blocks,radio,,MF1,needs-answer,,
3849,26282,60351,multiple-choice,single,obsidian-quiz-blocks,radio,,MF2,needs-answer,,
3849,26282,60360,multiple-choice,single,obsidian-quiz-blocks,radio,,MF2,needs-answer,,
3849,26284,60365,multiple-choice,single,obsidian-quiz-blocks,radio,,MF2,needs-answer,,
3849,26284,60357,multiple-choice,single,obsidian-quiz-blocks,radio,,MF2,needs-answer,,
3849,37726,3432,multiple-choice,single,obsidian-quiz-blocks,radio,,MF2,needs-answer,,
3849,37726,141818,multiple-choice,single,obsidian-quiz-blocks,radio,,MF2,needs-answer,,
3850,12386,65549,multiple-choice,single,obsidian-quiz-blocks,radio,,MF2,needs-answer,,
3850,12386,79188,multiple-choice,single,obsidian-quiz-blocks,radio,,MF2,needs-answer,,
3850,12402,65570,multiple-choice,single,obsidian-quiz-blocks,radio,,MF2,needs-answer,,
3850,12402,79194,multiple-choice,single,obsidian-quiz-blocks,radio,,MF2,needs-answer,,
3850,37780,65448,multiple-choice,single,obsidian-quiz-blocks,radio,,MF2,needs-answer,,
3850,37780,65547,multiple-choice,single,obsidian-quiz-blocks,radio,,MF2,needs-answer,,
3854,2212,75305,multiple-choice,single,obsidian-quiz-blocks,radio,,CA2;CBC;MF3,needs-answer,,
3854,2212,50476,multiple-choice,single,obsidian-quiz-blocks,radio,,CA2;CBC;MF3,needs-answer,,
3854,37857,9390,multiple-choice,single,obsidian-quiz-blocks,radio,,CA2;CBC;MF3,needs-answer,,
3854,37857,9388,multiple-choice,single,obsidian-quiz-blocks,radio,,CA2;CBC;MF3,needs-answer,,
3857,10686,23800,multiple-choice,single,obsidian-quiz-blocks,radio,,MF3,needs-answer,,
3857,10686,23798,multiple-choice,single,obsidian-quiz-blocks,radio,,MF3,needs-answer,,
3857,11592,23599,multiple-choice,single,obsidian-quiz-blocks,radio,,MF3,needs-answer,,
3857,11592,23791,multiple-choice,single,obsidian-quiz-blocks,radio,,MF3,needs-answer,,
3857,11622,65361,multiple-choice,single,obsidian-quiz-blocks,radio,,MF3,needs-answer,,
3857,11622,65392,multiple-choice,single,obsidian-quiz-blocks,radio,,MF3,needs-answer,,
3868,142505,214996,free-response,single,,,,,,,
3868,142505,58562,multiple-choice,single,obsidian-quiz-blocks,radio,,MF1,needs-answer,,
3868,142509,45981,multiple-choice,single,obsidian-quiz-blocks,radio,,MF1,needs-answer,,
3868,142509,215012,free-response,single,,,,,,,
3868,142514,210363,free-response,single,,,,,,,
3868,142514,210364,free-response,single,,,,,,,
3869,151529,214912,free-response,single,,,,,,,
3869,151529,143893,multiple-choice,single,obsidian-quiz-blocks,radio,,MF1,needs-answer,,
3869,151533,105049,multiple-choice,single,obsidian-quiz-blocks,radio,,MF1,needs-answer,,
3869,151533,210367,free-response,single,,,,,,,
3869,151538,210369,free-response,single,,,,,,,
3869,151538,214945,free-response,single,,,,,,,
3869,151542,105050,multiple-choice,single,obsidian-quiz-blocks,radio,,MF1,needs-answer,,
3869,151542,210372,free-response,single,,,,,,,
3870,147490,45979,multiple-choice,single,obsidian-quiz-blocks,radio,,MF1,needs-answer,,
3870,147490,210374,free-response,single,,,,,,,
3870,147494,45941,multiple-choice,single,obsidian-quiz-blocks,radio,,MF1,needs-answer,,
3870,147494,215920,free-response,single,,,,,,,
3870,147499,210376,free-response,single,,,,,,,
3870,147499,210377,free-response,single,,,,,,,
3871,38259,105040,multiple-choice,single,obsidian-quiz-blocks,radio,,MF1,needs-answer,,
3871,38259,46377,multiple-choice,single,obsidian-quiz-blocks,radio,,MF1,needs-answer,,
3871,38334,144310,multiple-choice,single,obsidian-quiz-blocks,radio,,MF1,needs-answer,,
3871,38334,105038,multiple-choice,single,obsidian-quiz-blocks,radio,,MF1,needs-answer,,
3871,38336,144094,multiple-choice,single,obsidian-quiz-blocks,radio,,MF1,needs-answer,,
3871,38336,144321,multiple-choice,single,obsidian-quiz-blocks,radio,,MF1,needs-answer,,
3871,38337,144096,multiple-choice,single,obsidian-quiz-blocks,radio,,MF1,needs-answer,,
3871,38337,144324,multiple-choice,single,obsidian-quiz-blocks,radio,,MF1,needs-answer,,
3872,38276,144070,multiple-choice,single,obsidian-quiz-blocks,radio,,MF1,needs-answer,,
3872,38276,144091,multiple-choice,single,obsidian-quiz-blocks,radio,,MF1,needs-answer,,
3872,38277,102933,multiple-choice,single,obsidian-quiz-blocks,radio,,MF1,needs-answer,,
3872,38277,144092,multiple-choice,single,obsidian-quiz-blocks,radio,,MF1,needs-answer,,
3872,38328,46196,multiple-choice,single,obsidian-quiz-blocks,radio,,MF1,needs-answer,,
3872,38328,105568,multiple-choice,single,obsidian-quiz-blocks,radio,,MF1,needs-answer,,
3873,54170,144141,multiple-choice,single,obsidian-quiz-blocks,radio,c,MF1,converted-and-verified,manual,label
3873,54170,144143,multiple-choice,single,obsidian-quiz-blocks,radio,b,MF1,converted-and-verified,manual,label
3873,54173,144142,multiple-choice,single,obsidian-quiz-blocks,radio,b,MF1,converted-and-verified,manual,label
3873,54173,144144,multiple-choice,single,obsidian-quiz-blocks,radio,b,MF1,converted-and-verified,manual,label
3873,54177,57060,multiple-choice,single,obsidian-quiz-blocks,radio,a,MF1,converted-and-verified,manual,label
3873,54177,75692,multiple-choice,single,obsidian-quiz-blocks,radio,c,MF1,converted-and-verified,manual,label
3873,54180,67109,multiple-choice,single,obsidian-quiz-blocks,radio,b,MF1,converted-and-verified,manual,label
3873,54180,67111,multiple-choice,single,obsidian-quiz-blocks,radio,a,MF1,converted-and-verified,manual,label
3943,39439,148289,multiple-choice,single,obsidian-quiz-blocks,radio,,MF2,needs-answer,,
3943,39439,148443,multiple-choice,single,obsidian-quiz-blocks,radio,,MF2,needs-answer,,
3943,39440,148290,multiple-choice,single,obsidian-quiz-blocks,radio,,MF2,needs-answer,,
3943,39440,148291,multiple-choice,single,obsidian-quiz-blocks,radio,,MF2,needs-answer,,
3943,39441,148292,multiple-choice,single,obsidian-quiz-blocks,radio,,MF2,needs-answer,,
3943,39441,148293,multiple-choice,single,obsidian-quiz-blocks,radio,,MF2,needs-answer,,
3943,39590,148288,multiple-choice,single,obsidian-quiz-blocks,radio,,MF2,needs-answer,,
3943,39590,148452,multiple-choice,single,obsidian-quiz-blocks,radio,,MF2,needs-answer,,
3944,466027,148295,multiple-choice,single,obsidian-quiz-blocks,radio,,MF2,needs-answer,,
3944,466027,148296,multiple-choice,single,obsidian-quiz-blocks,radio,,MF2,needs-answer,,
3944,466031,148297,multiple-choice,single,obsidian-quiz-blocks,radio,,MF2,needs-answer,,
3944,466031,148500,multiple-choice,single,obsidian-quiz-blocks,radio,,MF2,needs-answer,,
3944,466034,148298,multiple-choice,single,obsidian-quiz-blocks,radio,,MF2,needs-answer,,
3944,466034,148300,multiple-choice,single,obsidian-quiz-blocks,radio,,MF2,needs-answer,,
3958,456317,149693,multiple-choice,single,,,,,,,
3958,456317,149787,multiple-choice,single,,,,,,,
3958,456322,233747,free-response,single,,,,,,,
3958,456322,149692,multiple-choice,single,,,,,,,
3958,456327,233748,free-response,single,,,,,,,
3958,456327,149860,multiple-choice,single,,,,,,,
3968,88302,59983,multiple-choice,single,obsidian-quiz-blocks,radio,a,MF1,converted-and-verified,image-id,answer-image-id-1
3968,88302,60162,multiple-choice,single,obsidian-quiz-blocks,radio,a,MF1,converted-and-verified,image-id,answer-image-id-1
3968,88305,59976,multiple-choice,single,obsidian-quiz-blocks,radio,a,MF1,converted-and-verified,manual,label
3968,88305,136848,multiple-choice,single,obsidian-quiz-blocks,radio,b,MF1,converted-and-verified,manual,label
3968,88309,60092,multiple-choice,single,obsidian-quiz-blocks,radio,d,MF1,converted-and-verified,manual,label
3968,88309,60195,multiple-choice,single,obsidian-quiz-blocks,radio,b,MF1,converted-and-verified,manual,label
3979,8695,150665,multiple-choice,single,,,,,,,
3979,8695,52559,multiple-choice,single,obsidian-quiz-blocks,radio,,MF1,needs-answer,,
3979,40165,150953,multiple-choice,single,obsidian-quiz-blocks,radio,,MF1,needs-answer,,
3979,40165,52572,multiple-choice,single,obsidian-quiz-blocks,radio,,MF1,needs-answer,,
3979,40166,150666,multiple-choice,single,,,,,,,
3979,40166,150952,multiple-choice,single,obsidian-quiz-blocks,radio,,MF1,needs-answer,,
3980,8747,40669,multiple-choice,single,obsidian-quiz-blocks,radio,,MF1,needs-answer,,
3980,8747,40668,multiple-choice,single,obsidian-quiz-blocks,radio,,MF1,needs-answer,,
3980,8771,52640,multiple-choice,single,obsidian-quiz-blocks,radio,,MF1,needs-answer,,
3980,8771,52669,multiple-choice,single,obsidian-quiz-blocks,radio,,MF1,needs-answer,,
3990,142914,210470,free-response,single,,,,,,,
3990,142914,215032,free-response,single,,,,,,,
3990,142917,215039,free-response,single,,,,,,,
3990,142917,210471,free-response,single,,,,,,,
3990,142920,210473,free-response,single,,,,,,,
3990,142920,215055,free-response,single,,,,,,,
4004,39874,20891,multiple-choice,single,obsidian-quiz-blocks,radio,,CA2;CBC,needs-answer,,
4004,39874,100494,multiple-choice,single,obsidian-quiz-blocks,radio,,CA2;CBC,needs-answer,,
4004,39875,152878,multiple-choice,single,obsidian-quiz-blocks,radio,,CA2;CBC,needs-answer,,
4004,39875,20383,multiple-choice,single,obsidian-quiz-blocks,radio,,CA2;CBC,needs-answer,,
4004,40780,20699,multiple-choice,single,obsidian-quiz-blocks,radio,,CA2;CBC,needs-answer,,
4004,40780,152231,multiple-choice,single,obsidian-quiz-blocks,radio,,CA2;CBC,needs-answer,,
4005,612755,152085,multiple-choice,single,obsidian-quiz-blocks,radio,,CA2;CBC,needs-answer,,
4005,612755,20873,multiple-choice,single,obsidian-quiz-blocks,radio,,CA2;CBC,needs-answer,,
4005,612759,100358,multiple-choice,single,obsidian-quiz-blocks,radio,,CA2;CBC,needs-answer,,
4005,612759,100493,multiple-choice,single,obsidian-quiz-blocks,radio,,CA2;CBC,needs-answer,,
4005,612762,6037,multiple-choice,single,obsidian-quiz-blocks,radio,,CA2;CBC,needs-answer,,
4005,612762,100492,multiple-choice,single,obsidian-quiz-blocks,radio,,CA2;CBC,needs-answer,,
4005,612765,20502,multiple-choice,single,obsidian-quiz-blocks,radio,,CA2;CBC,needs-answer,,
4005,612765,152667,multiple-choice,single,obsidian-quiz-blocks,radio,,CA2;CBC,needs-answer,,
4019,40680,158706,multiple-choice,single,obsidian-quiz-blocks,radio,,MF1,needs-answer,,
4019,40680,53165,multiple-choice,single,obsidian-quiz-blocks,radio,,MF1,needs-answer,,
4019,41154,76666,multiple-choice,single,obsidian-quiz-blocks,radio,,MF1,needs-answer,,
4019,41154,158701,multiple-choice,single,obsidian-quiz-blocks,radio,,MF1,needs-answer,,
4019,42013,158713,multiple-choice,single,obsidian-quiz-blocks,radio,,MF1,needs-answer,,
4019,42013,117754,multiple-choice,single,obsidian-quiz-blocks,radio,,MF1,needs-answer,,
4019,42014,76668,multiple-choice,single,obsidian-quiz-blocks,radio,,MF1,needs-answer,,
4019,42014,158602,multiple-choice,single,obsidian-quiz-blocks,radio,,MF1,needs-answer,,
4021,72623,29058,multiple-choice,single,obsidian-quiz-blocks,radio,a,MF1,converted-and-verified,manual,label
4021,72623,3023,multiple-choice,single,obsidian-quiz-blocks,radio,a,MF1,converted-and-verified,manual,label
4021,72627,3014,multiple-choice,single,obsidian-quiz-blocks,radio,c,MF1,converted-and-verified,manual,label
4021,72627,29061,multiple-choice,single,obsidian-quiz-blocks,radio,a,MF1,converted-and-verified,manual,label
4021,72631,101931,multiple-choice,single,obsidian-quiz-blocks,radio,a,MF1,converted-and-verified,manual,label
4021,72631,3016,multiple-choice,single,obsidian-quiz-blocks,radio,b,MF1,converted-and-verified,manual,label
4026,196623,210858,select-list,multi,,,,,,,
4026,196623,210859,select-list,multi,,,,,,,
4026,196626,210947,select-list,multi,,,,,,,
4026,196626,211000,select-list,multi,,,,,,,
4026,196629,208816,free-response,multi,,,,,,,
4026,196629,18787,multiple-choice,single,obsidian-quiz-blocks,radio,,MF1,needs-answer,,
4026,196633,170145,multiple-choice,single,obsidian-quiz-blocks,radio,,MF1,needs-answer,,
4026,196633,238087,free-response,multi,,,,,,,
4028,138215,1242,multiple-choice,single,obsidian-quiz-blocks,radio,c,MF1,converted-and-verified,manual,label
4028,138215,1243,multiple-choice,single,obsidian-quiz-blocks,radio,b,MF1,converted-and-verified,manual,label
4028,138218,1244,multiple-choice,single,obsidian-quiz-blocks,radio,b,MF1,converted-and-verified,manual,label
4028,138218,208734,free-response,multi,obsidian-quiz-blocks,radio,b,MF1,converted-and-verified,manual,label
4028,138223,1241,multiple-choice,single,obsidian-quiz-blocks,radio,b,MF1,converted-and-verified,manual,label
4028,138223,1239,multiple-choice,single,obsidian-quiz-blocks,radio,b,MF1,converted-and-verified,manual,label
4028,138226,214575,free-response,multi,obsidian-quiz-blocks,radio,b,MF1,converted-and-verified,manual,label
4028,138226,25876,multiple-choice,single,obsidian-quiz-blocks,radio,b,MF1,converted-and-verified,manual,label
4029,144050,153976,multiple-choice,single,obsidian-quiz-blocks,radio,,MF1,needs-answer,,
4029,144050,212480,free-response,single,,,,,,,
4029,144056,61484,multiple-choice,single,obsidian-quiz-blocks,radio,,MF1,needs-answer,,
4029,144056,154659,multiple-choice,single,obsidian-quiz-blocks,radio,,MF1,needs-answer,,
4029,144059,212482,free-response,multi,,,,,,,
4029,144059,215511,free-response,multi,,,,,,,
4031,40724,44742,multiple-choice,single,obsidian-quiz-blocks,radio,e,MF1,converted-and-verified,image-id,answer-image-id-1
4031,40724,44882,multiple-choice,single,obsidian-quiz-blocks,radio,c,MF1,converted-and-verified,image-id,answer-image-id-1
4031,40958,153609,multiple-choice,single,obsidian-quiz-blocks,radio,e,MF1,converted-and-verified,image-id,answer-image-id-1
4031,40958,154693,multiple-choice,single,obsidian-quiz-blocks,radio,c,MF1,converted-and-verified,image-id,answer-image-id-1
4031,41512,149563,multiple-choice,single,obsidian-quiz-blocks,radio,c,MF1,converted-and-verified,image-id,answer-image-id-1
4031,41512,153603,multiple-choice,single,obsidian-quiz-blocks,radio,a,MF1,converted-and-verified,image-id,answer-image-id-1
4034,52170,6283,multiple-choice,single,obsidian-quiz-blocks,radio,d,MF1,converted-and-verified,manual,label
4034,52170,44893,multiple-choice,single,obsidian-quiz-blocks,radio,b,MF1,converted-and-verified,image-id,answer-image-id-1
4034,52179,101951,multiple-choice,single,obsidian-quiz-blocks,radio,b,MF1,converted-and-verified,manual,label
4034,52179,101941,multiple-choice,single,obsidian-quiz-blocks,radio,b,MF1,converted-and-verified,manual,label
4034,52183,29065,multiple-choice,single,obsidian-quiz-blocks,radio,d,MF1,converted-and-verified,manual,label
4034,52183,3021,multiple-choice,single,obsidian-quiz-blocks,radio,c,MF1,converted-and-verified,manual,label
4034,52192,153615,multiple-choice,single,obsidian-quiz-blocks,radio,a,MF1,converted-and-verified,manual,label
4034,52192,153617,multiple-choice,single,obsidian-quiz-blocks,radio,d,MF1,converted-and-verified,manual,label
4037,41037,156137,multiple-choice,single,obsidian-quiz-blocks,radio,,MF2,needs-answer,,
4037,41037,84524,multiple-choice,single,obsidian-quiz-blocks,radio,,MF2,needs-answer,,
4037,41040,156230,multiple-choice,single,obsidian-quiz-blocks,radio,,MF2,needs-answer,,
4037,41040,64638,multiple-choice,single,obsidian-quiz-blocks,radio,,MF2,needs-answer,,
4037,41043,64636,multiple-choice,single,obsidian-quiz-blocks,radio,,MF2,needs-answer,,
4037,41043,22763,multiple-choice,single,obsidian-quiz-blocks,radio,,MF2,needs-answer,,
4037,41046,156108,multiple-choice,single,obsidian-quiz-blocks,radio,,MF2,needs-answer,,
4037,41046,64742,multiple-choice,single,obsidian-quiz-blocks,radio,,MF2,needs-answer,,
4050,448388,155476,multiple-choice,single,obsidian-quiz-blocks,radio,,MF3,needs-answer,,
4050,448388,155475,multiple-choice,single,obsidian-quiz-blocks,radio,,MF3,needs-answer,,
4050,448392,155468,multiple-choice,single,obsidian-quiz-blocks,radio,,MF3,needs-answer,,
4050,448392,155470,multiple-choice,single,obsidian-quiz-blocks,radio,,MF3,needs-answer,,
4050,448398,155478,multiple-choice,single,obsidian-quiz-blocks,radio,,MF3,needs-answer,,
4050,448398,155480,multiple-choice,single,obsidian-quiz-blocks,radio,,MF3,needs-answer,,
4052,41219,124082,multiple-choice,single,obsidian-quiz-blocks,radio,,CA2;CBC,needs-answer,,
4052,41219,49828,multiple-choice,single,obsidian-quiz-blocks,radio,,CA2;CBC,needs-answer,,
4052,41223,49834,multiple-choice,single,obsidian-quiz-blocks,radio,,CA2;CBC,needs-answer,,
4052,41223,157080,multiple-choice,single,obsidian-quiz-blocks,radio,,CA2;CBC,needs-answer,,
4052,41633,124079,multiple-choice,single,obsidian-quiz-blocks,radio,,CA2;CBC,needs-answer,,
4052,41633,49624,multiple-choice,single,obsidian-quiz-blocks,radio,,CA2;CBC,needs-answer,,
4052,41634,76692,multiple-choice,single,obsidian-quiz-blocks,radio,,CA2;CBC,needs-answer,,
4052,41634,49833,multiple-choice,single,obsidian-quiz-blocks,radio,,CA2;CBC,needs-answer,,
4059,41331,48800,multiple-choice,single,obsidian-quiz-blocks,radio,,CA1;CAB;CBC;MF3,needs-answer,,
4059,41331,72220,multiple-choice,single,obsidian-quiz-blocks,radio,,CA1;CAB;CBC;MF3,needs-answer,,
4059,41375,155952,multiple-choice,single,obsidian-quiz-blocks,radio,,CA1;CAB;CBC;MF3,needs-answer,,
4059,41375,155953,multiple-choice,single,obsidian-quiz-blocks,radio,,CA1;CAB;CBC;MF3,needs-answer,,
4059,41593,48798,multiple-choice,single,obsidian-quiz-blocks,radio,,CA1;CAB;CBC;MF3,needs-answer,,
4059,41593,72219,multiple-choice,single,obsidian-quiz-blocks,radio,,CA1;CAB;CBC;MF3,needs-answer,,
4104,40684,53167,multiple-choice,single,obsidian-quiz-blocks,radio,,MF1,needs-answer,,
4104,40684,155062,multiple-choice,single,obsidian-quiz-blocks,radio,,MF1,needs-answer,,
4104,40688,4174,multiple-choice,single,obsidian-quiz-blocks,radio,,MF1,needs-answer,,
4104,40688,118157,multiple-choice,single,obsidian-quiz-blocks,radio,,MF1,needs-answer,,
4104,41157,118148,multiple-choice,single,obsidian-quiz-blocks,radio,,MF1,needs-answer,,
4104,41157,21742,multiple-choice,single,obsidian-quiz-blocks,radio,,MF1,needs-answer,,
4104,42015,4154,multiple-choice,single,obsidian-quiz-blocks,radio,,MF1,needs-answer,,
4104,42015,52761,multiple-choice,single,obsidian-quiz-blocks,radio,,MF1,needs-answer,,
4136,44286,160877,multiple-choice,single,obsidian-quiz-blocks,radio,,MF1,needs-answer,,
4136,44286,160878,multiple-choice,single,obsidian-quiz-blocks,radio,,MF1,needs-answer,,
4136,44287,160882,multiple-choice,single,obsidian-quiz-blocks,radio,,MF1,needs-answer,,
4136,44287,162112,multiple-choice,single,obsidian-quiz-blocks,radio,,MF1,needs-answer,,
4136,44288,160880,multiple-choice,single,obsidian-quiz-blocks,radio,,MF1,needs-answer,,
4136,44288,160881,multiple-choice,single,obsidian-quiz-blocks,radio,,MF1,needs-answer,,
4139,2151,50379,multiple-choice,single,obsidian-quiz-blocks,radio,,CA2;CBC;MF3,needs-answer,,
4139,2151,50408,multiple-choice,single,obsidian-quiz-blocks,radio,,CA2;CBC;MF3,needs-answer,,
4139,2153,50469,multiple-choice,single,obsidian-quiz-blocks,radio,,CA2;CBC;MF3,needs-answer,,
4139,2153,50466,multiple-choice,single,obsidian-quiz-blocks,radio,,CA2;CBC;MF3,needs-answer,,
4139,8191,32415,multiple-choice,single,obsidian-quiz-blocks,radio,,CA2;CBC;MF3,needs-answer,,
4139,8191,32277,multiple-choice,single,obsidian-quiz-blocks,radio,,CA2;CBC;MF3,needs-answer,,
4196,45088,163308,multiple-choice,single,obsidian-quiz-blocks,radio,,MF1,needs-answer,,
4196,45088,164246,multiple-choice,single,obsidian-quiz-blocks,radio,,MF1,needs-answer,,
4196,45090,163325,multiple-choice,single,obsidian-quiz-blocks,radio,,MF1,needs-answer,,
4196,45090,164437,multiple-choice,single,obsidian-quiz-blocks,radio,,MF1,needs-answer,,
4196,45096,163555,multiple-choice,single,obsidian-quiz-blocks,radio,,MF1,needs-answer,,
4196,45096,164287,multiple-choice,single,obsidian-quiz-blocks,radio,,MF1,needs-answer,,
4196,45097,163557,multiple-choice,single,obsidian-quiz-blocks,radio,,MF1,needs-answer,,
4196,45097,164312,multiple-choice,single,obsidian-quiz-blocks,radio,,MF1,needs-answer,,
4197,45040,163326,multiple-choice,single,obsidian-quiz-blocks,radio,,MF1,needs-answer,,
4197,45040,163309,multiple-choice,single,obsidian-quiz-blocks,radio,,MF1,needs-answer,,
4197,45099,163648,multiple-choice,single,obsidian-quiz-blocks,radio,,MF1,needs-answer,,
4197,45099,164591,multiple-choice,single,obsidian-quiz-blocks,radio,,MF1,needs-answer,,
4198,45092,163649,multiple-choice,single,obsidian-quiz-blocks,radio,,MF1,needs-answer,,
4198,45092,163651,multiple-choice,single,obsidian-quiz-blocks,radio,,MF1,needs-answer,,
4198,45093,164174,multiple-choice,single,obsidian-quiz-blocks,radio,,MF1,needs-answer,,
4198,45093,164355,multiple-choice,single,obsidian-quiz-blocks,radio,,MF1,needs-answer,,
4198,45101,163653,multiple-choice,single,obsidian-quiz-blocks,radio,,MF1,needs-answer,,
4198,45101,164392,multiple-choice,single,obsidian-quiz-blocks,radio,,MF1,needs-answer,,
4204,45210,58817,multiple-choice,single,obsidian-quiz-blocks,radio,c,MF1,converted-and-verified,manual,label
4204,45210,59072,multiple-choice,single,obsidian-quiz-blocks,radio,b,MF1,converted-and-verified,manual,label
4204,45213,58822,multiple-choice,single,obsidian-quiz-blocks,radio,c,MF1,converted-and-verified,manual,label
4204,45213,59086,multiple-choice,single,obsidian-quiz-blocks,radio,a,MF1,converted-and-verified,manual,label
4204,45216,58824,multiple-choice,single,obsidian-quiz-blocks,radio,a,MF1,converted-and-verified,manual,label
4204,45216,59087,multiple-choice,single,obsidian-quiz-blocks,radio,d,MF1,converted-and-verified,manual,label
4218,119265,49055,multiple-choice,single,obsidian-quiz-blocks,radio,,CA1;CAB;CBC;MF3,needs-answer,,
4218,119265,118390,multiple-choice,single,obsidian-quiz-blocks,radio,,CA1;CAB;CBC;MF3,needs-answer,,
4218,119269,16977,multiple-choice,single,obsidian-quiz-blocks,radio,,CA1;CAB;CBC;MF3,needs-answer,,
4218,119269,18499,multiple-choice,single,obsidian-quiz-blocks,radio,,CA1;CAB;CBC;MF3,needs-answer,,
4218,119272,3442,multiple-choice,single,obsidian-quiz-blocks,radio,,CA1;CAB;CBC;MF3,needs-answer,,
4218,119272,211243,multiple-choice,single,obsidian-quiz-blocks,radio,,CA1;CAB;CBC;MF3,needs-answer,,
4236,196707,211003,select-list,multi,,,,,,,
4236,196707,211005,select-list,multi,,,,,,,
4236,196710,211006,select-list,multi,,,,,,,
4236,196710,211007,select-list,multi,,,,,,,
4236,196713,12507,multiple-choice,single,obsidian-quiz-blocks,radio,,MF1,needs-answer,,
4236,196713,112417,multiple-choice,single,obsidian-quiz-blocks,radio,,MF1,needs-answer,,
4236,196716,73052,multiple-choice,single,obsidian-quiz-blocks,radio,,MF1,needs-answer,,
4236,196716,170219,multiple-choice,single,obsidian-quiz-blocks,radio,,MF1,needs-answer,,
4250,175675,7453,multiple-choice,single,obsidian-quiz-blocks,radio,,MF1,needs-answer,,
4250,175675,40485,multiple-choice,single,obsidian-quiz-blocks,radio,,MF1,needs-answer,,
4250,175678,7456,multiple-choice,single,obsidian-quiz-blocks,radio,,MF1,needs-answer,,
4250,175678,43514,multiple-choice,single,obsidian-quiz-blocks,radio,,MF1,needs-answer,,
4315,467155,87192,multiple-choice,single,obsidian-quiz-blocks,radio,,MF3,needs-answer,,
4315,467155,264067,free-response,single,,,,,,,
4315,467158,264077,free-response,single,,,,,,,
4315,467158,178682,multiple-choice,single,obsidian-quiz-blocks,radio,,MF3,needs-answer,,
4315,467162,87261,multiple-choice,single,obsidian-quiz-blocks,radio,,MF3,needs-answer,,
4315,467162,264420,free-response,single,,,,,,,
4361,55266,179392,multiple-choice,single,,,,,,,
4361,55266,180285,multiple-choice,single,,,,,,,
4361,55269,42343,multiple-choice,single,obsidian-quiz-blocks,radio,,MF2,needs-answer,,
4361,55269,87105,multiple-choice,single,obsidian-quiz-blocks,radio,,MF2,needs-answer,,
4361,55272,87182,multiple-choice,single,obsidian-quiz-blocks,radio,,MF2,needs-answer,,
4361,55272,11633,multiple-choice,single,obsidian-quiz-blocks,radio,,MF2,needs-answer,,
4420,68177,183666,multiple-choice,single,obsidian-quiz-blocks,radio,,MF3;PAS;PS1,needs-answer,,
4420,68177,183323,multiple-choice,single,obsidian-quiz-blocks,radio,,MF3;PAS;PS1,needs-answer,,
4420,68180,183673,multiple-choice,single,obsidian-quiz-blocks,radio,,MF3;PAS;PS1,needs-answer,,
4420,68180,183667,multiple-choice,single,obsidian-quiz-blocks,radio,,MF3;PAS;PS1,needs-answer,,
4420,68183,183815,multiple-choice,single,obsidian-quiz-blocks,radio,,MF3;PAS;PS1,needs-answer,,
4420,68183,94204,multiple-choice,single,obsidian-quiz-blocks,radio,,MF3;PAS;PS1,needs-answer,,
4638,190509,237024,multiple-choice,single,obsidian-quiz-blocks,radio,e,MF1,converted-and-verified,manual,label
4638,190509,223036,select-list,multi,,,,,,,
4638,190512,237129,select-list,multi,,,,,,,
4638,190512,223043,select-list,multi,,,,,,,
4638,190515,237133,select-list,single,,,,,,,
4638,190515,211985,select-list,single,,,,,,,
4698,195194,237476,multiple-choice,single,obsidian-quiz-blocks,radio,e,MF1,converted-and-verified,manual,label
4698,195194,237490,multiple-choice,single,obsidian-quiz-blocks,radio,e,MF1,converted-and-verified,manual,label
4698,195197,237501,free-response,single,obsidian-quiz-blocks,radio,a,MF1,converted-and-verified,manual,label
4698,195197,237504,free-response,single,obsidian-quiz-blocks,radio,a,MF1,converted-and-verified,manual,label
4858,145602,19763,multiple-choice,single,obsidian-quiz-blocks,radio,,MF3,needs-answer,,
4858,145602,19769,multiple-choice,single,obsidian-quiz-blocks,radio,,MF3,needs-answer,,
4858,145605,127858,multiple-choice,single,obsidian-quiz-blocks,radio,,MF3,needs-answer,,
4858,145605,19775,multiple-choice,single,obsidian-quiz-blocks,radio,,MF3,needs-answer,,
4951,178291,111850,multiple-choice,single,obsidian-quiz-blocks,radio,,MF1,needs-answer,,
4951,178291,225002,multiple-choice,single,obsidian-quiz-blocks,radio,,MF1,needs-answer,,
4951,178295,225279,multiple-choice,single,obsidian-quiz-blocks,radio,,MF1,needs-answer,,
4951,178295,225186,free-response,multi,,,,,,,
4951,178299,111852,multiple-choice,single,obsidian-quiz-blocks,radio,,MF1,needs-answer,,
4951,178299,225073,free-response,multi,,,,,,,
5088,191459,29132,multiple-choice,single,obsidian-quiz-blocks,radio,,MF2,needs-answer,,
5088,191459,65931,multiple-choice,single,obsidian-quiz-blocks,radio,,MF2,needs-answer,,
5088,191463,236968,multiple-choice,single,obsidian-quiz-blocks,radio,,MF2,needs-answer,,
5088,191463,65790,multiple-choice,single,obsidian-quiz-blocks,radio,,MF2,needs-answer,,
5088,191467,236905,multiple-choice,single,obsidian-quiz-blocks,radio,,MF2,needs-answer,,
5088,191467,65934,multiple-choice,single,obsidian-quiz-blocks,radio,,MF2,needs-answer,,
5204,226928,251486,free-response,single,,,,,,,
5204,226928,251488,multiple-choice,single,obsidian-quiz-blocks,radio,,MF2,needs-answer,,
5204,226931,251494,free-response,single,,,,,,,
5204,226931,251495,free-response,single,,,,,,,
5204,226935,251426,free-response,single,,,,,,,
5204,226935,251897,multiple-choice,single,obsidian-quiz-blocks,radio,,MF2,needs-answer,,
5204,226938,251491,free-response,single,,,,,,,
5204,226938,251493,multiple-choice,single,obsidian-quiz-blocks,radio,,MF2,needs-answer,,
5572,476518,288058,multiple-choice,single,obsidian-quiz-blocks,radio,a,MF1,converted-and-verified,manual,label
5572,476518,287964,multiple-choice,single,obsidian-quiz-blocks,radio,c,MF1,converted-and-verified,manual,label
5572,476523,287665,multiple-choice,single,obsidian-quiz-blocks,radio,d,MF1,converted-and-verified,manual,label
5572,476523,288593,multiple-choice,single,obsidian-quiz-blocks,radio,a,MF1,converted-and-verified,manual,label
5572,476526,288643,free-response,single,obsidian-quiz-blocks,radio,c,MF1,converted-and-verified,manual,label
5572,476526,287667,free-response,single,obsidian-quiz-blocks,radio,d,MF1,converted-and-verified,manual,label
5572,476529,287677,multiple-choice,single,obsidian-quiz-blocks,radio,a,MF1,converted-and-verified,manual,label
5572,476529,287678,free-response,single,obsidian-quiz-blocks,radio,b,MF1,converted-and-verified,manual,label
6092,476437,288050,multiple-choice,single,obsidian-quiz-blocks,radio,,MF2,needs-answer,,
6092,476437,288052,free-response,single,,,,,,,
6092,476440,288053,multiple-choice,single,obsidian-quiz-blocks,radio,,MF2,needs-answer,,
6092,476440,288054,free-response,single,,,,,,,
6092,476443,288055,multiple-choice,single,obsidian-quiz-blocks,radio,,MF2,needs-answer,,
6092,476443,288057,free-response,single,,,,,,,
6185,478498,4404,multiple-choice,single,,,,,,,
6185,478498,111075,multiple-choice,single,,,,,,,
6185,478501,34502,multiple-choice,single,,,,,,,
6185,478501,34860,multiple-choice,single,,,,,,,
6185,478504,111100,multiple-choice,single,,,,,,,
6185,478504,34505,multiple-choice,single,,,,,,,
6207,620393,300864,multiple-choice,single,obsidian-quiz-blocks,radio,,MF1,needs-answer,,
6207,620393,300874,free-response,single,,,,,,,
6207,620396,300891,multiple-choice,single,obsidian-quiz-blocks,radio,,MF1,needs-answer,,
6207,620396,357032,free-response,single,,,,,,,
6207,620400,300908,multiple-choice,single,obsidian-quiz-blocks,radio,,MF1,needs-answer,,
6207,620400,300896,multiple-choice,single,obsidian-quiz-blocks,radio,,MF1,needs-answer,,
6219,485546,292836,multiple-choice,single,obsidian-quiz-blocks,radio,,MF1,needs-answer,,
6219,485546,293539,multiple-choice,single,obsidian-quiz-blocks,radio,,MF1,needs-answer,,
6219,485549,294209,multiple-choice,single,obsidian-quiz-blocks,radio,,MF1,needs-answer,,
6219,485549,292875,multiple-choice,single,obsidian-quiz-blocks,radio,,MF1,needs-answer,,
6219,485554,292837,multiple-choice,single,obsidian-quiz-blocks,radio,,MF1,needs-answer,,
6219,485554,292838,multiple-choice,single,obsidian-quiz-blocks,radio,,MF1,needs-answer,,
6266,502124,310056,free-response,single,,,,,,,
6266,502124,310057,free-response,single,,,,,,,
6266,502128,310373,multiple-choice,single,obsidian-quiz-blocks,radio,,MF2,needs-answer,,
6266,502128,310510,multiple-choice,single,obsidian-quiz-blocks,radio,,MF2,needs-answer,,
6341,509404,152267,multiple-choice,single,obsidian-quiz-blocks,radio,,MF2,needs-answer,,
6341,509404,220364,free-response,multi,,,,,,,
6341,509408,220366,free-response,multi,,,,,,,
6341,509408,152275,multiple-choice,single,obsidian-quiz-blocks,radio,,MF2,needs-answer,,
6341,509413,152278,multiple-choice,single,obsidian-quiz-blocks,radio,,MF2,needs-answer,,
6341,509413,250095,free-response,multi,,,,,,,
6341,509417,220369,free-response,multi,,,,,,,
6341,509417,152308,multiple-choice,single,obsidian-quiz-blocks,radio,,MF2,needs-answer,,
6351,516765,32939,multiple-choice,single,,,,,,,
6351,516765,32975,multiple-choice,single,,,,,,,
6351,516768,27381,multiple-choice,single,,,,,,,
6351,516768,29379,multiple-choice,single,,,,,,,
6642,615756,326898,multiple-choice,single,obsidian-quiz-blocks,radio,,MF1,needs-answer,,
6642,615756,327239,multiple-choice,single,obsidian-quiz-blocks,radio,,MF1,needs-answer,,
6642,615760,327552,free-response,single,,,,,,,
6642,615760,326900,free-response,single,,,,,,,
6642,615764,326458,multiple-choice,single,obsidian-quiz-blocks,radio,,MF1,needs-answer,,
6642,615764,327485,multiple-choice,single,obsidian-quiz-blocks,radio,,MF1,needs-answer,,
6643,576543,327174,multiple-choice,single,obsidian-quiz-blocks,radio,,MF1,needs-answer,,
6643,576543,326970,multiple-choice,single,obsidian-quiz-blocks,radio,,MF1,needs-answer,,
6643,576546,326540,multiple-choice,single,obsidian-quiz-blocks,radio,,MF1,needs-answer,,
6643,576546,326539,multiple-choice,single,obsidian-quiz-blocks,radio,,MF1,needs-answer,,
6646,576873,327588,free-response,single,,,,,,,
6646,576873,327536,free-response,single,,,,,,,
6646,576876,326649,multiple-choice,single,obsidian-quiz-blocks,radio,,MF1,needs-answer,,
6646,576876,326658,multiple-choice,single,obsidian-quiz-blocks,radio,,MF1,needs-answer,,
6646,576879,326667,multiple-choice,single,obsidian-quiz-blocks,radio,,MF1,needs-answer,,
6646,576879,326668,multiple-choice,single,obsidian-quiz-blocks,radio,,MF1,needs-answer,,
6663,576844,327599,free-response,single,,,,,,,
6663,576844,327539,free-response,single,,,,,,,
6663,576847,327630,free-response,single,,,,,,,
6663,576847,327549,free-response,single,,,,,,,
6663,576850,326687,multiple-choice,single,obsidian-quiz-blocks,radio,,MF1,needs-answer,,
6663,576850,326686,multiple-choice,single,obsidian-quiz-blocks,radio,,MF1,needs-answer,,
6666,577044,326561,multiple-choice,single,obsidian-quiz-blocks,radio,,MF1,needs-answer,,
6666,577044,326607,multiple-choice,single,obsidian-quiz-blocks,radio,,MF1,needs-answer,,
6666,577048,317967,free-response,single,,,,,,,
6666,577048,318099,free-response,single,,,,,,,
6666,577051,326574,multiple-choice,single,obsidian-quiz-blocks,radio,,MF1,needs-answer,,
6666,577051,329019,multiple-choice,single,obsidian-quiz-blocks,radio,,MF1,needs-answer,,
6666,577055,326586,multiple-choice,single,obsidian-quiz-blocks,radio,,MF1,needs-answer,,
6666,577055,326587,multiple-choice,single,obsidian-quiz-blocks,radio,,MF1,needs-answer,,
