layer,topic-id,topic-code,topic-name,lesson-path,source-path
62,1737,MVC.1.1.1,The Domain of a Vector-Valued Function,vault/MA/Mathematical-Analysis-&-Modeling/MVC/1. Vector Functions and Vector Fields/1.1. Vector-Valued Functions/Lessons/1.1.1. The Domain of a Vector-Valued Function.md,vault/MA/Mathematical-Analysis-&-Modeling/MVC/1. Vector Functions and Vector Fields/1.1. Vector-Valued Functions/Source/1.1.1. The Domain of a Vector-Valued Function
64,1741,MVC.1.1.2,Limits of Vector-Valued Functions,vault/MA/Mathematical-Analysis-&-Modeling/MVC/1. Vector Functions and Vector Fields/1.1. Vector-Valued Functions/Lessons/1.1.2. Limits of Vector-Valued Functions.md,vault/MA/Mathematical-Analysis-&-Modeling/MVC/1. Vector Functions and Vector Fields/1.1. Vector-Valued Functions/Source/1.1.2. Limits of Vector-Valued Functions
67,1739,MVC.1.1.3,Continuity and Differentiability of Vector-Valued Functions,vault/MA/Mathematical-Analysis-&-Modeling/MVC/1. Vector Functions and Vector Fields/1.1. Vector-Valued Functions/Lessons/1.1.3. Continuity and Differentiability of Vector-Valued Functions.md,vault/MA/Mathematical-Analysis-&-Modeling/MVC/1. Vector Functions and Vector Fields/1.1. Vector-Valued Functions/Source/1.1.3. Continuity and Differentiability of Vector-Valued Functions
68,1738,MVC.1.1.4,Differentiation Rules for Vector-Valued Functions,vault/MA/Mathematical-Analysis-&-Modeling/MVC/1. Vector Functions and Vector Fields/1.1. Vector-Valued Functions/Lessons/1.1.4. Differentiation Rules for Vector-Valued Functions.md,vault/MA/Mathematical-Analysis-&-Modeling/MVC/1. Vector Functions and Vector Fields/1.1. Vector-Valued Functions/Source/1.1.4. Differentiation Rules for Vector-Valued Functions
72,1744,MVC.1.1.5,Integration Rules for Vector-Valued Functions,vault/MA/Mathematical-Analysis-&-Modeling/MVC/1. Vector Functions and Vector Fields/1.1. Vector-Valued Functions/Lessons/1.1.5. Integration Rules for Vector-Valued Functions.md,vault/MA/Mathematical-Analysis-&-Modeling/MVC/1. Vector Functions and Vector Fields/1.1. Vector-Valued Functions/Source/1.1.5. Integration Rules for Vector-Valued Functions
74,1837,MVC.1.1.6,The Arc Length of a Vector-Valued Function,vault/MA/Mathematical-Analysis-&-Modeling/MVC/1. Vector Functions and Vector Fields/1.1. Vector-Valued Functions/Lessons/1.1.6. The Arc Length of a Vector-Valued Function.md,vault/MA/Mathematical-Analysis-&-Modeling/MVC/1. Vector Functions and Vector Fields/1.1. Vector-Valued Functions/Source/1.1.6. The Arc Length of a Vector-Valued Function
68,1792,MVC.1.1.7,Tangent Vectors and Tangent Lines to Curves,vault/MA/Mathematical-Analysis-&-Modeling/MVC/1. Vector Functions and Vector Fields/1.1. Vector-Valued Functions/Lessons/1.1.7. Tangent Vectors and Tangent Lines to Curves.md,vault/MA/Mathematical-Analysis-&-Modeling/MVC/1. Vector Functions and Vector Fields/1.1. Vector-Valued Functions/Source/1.1.7. Tangent Vectors and Tangent Lines to Curves
72,1794,MVC.1.1.8,Unit Tangent Vectors,vault/MA/Mathematical-Analysis-&-Modeling/MVC/1. Vector Functions and Vector Fields/1.1. Vector-Valued Functions/Lessons/1.1.8. Unit Tangent Vectors.md,vault/MA/Mathematical-Analysis-&-Modeling/MVC/1. Vector Functions and Vector Fields/1.1. Vector-Valued Functions/Source/1.1.8. Unit Tangent Vectors
73,1795,MVC.1.1.9,Principal Normal Vectors,vault/MA/Mathematical-Analysis-&-Modeling/MVC/1. Vector Functions and Vector Fields/1.1. Vector-Valued Functions/Lessons/1.1.9. Principal Normal Vectors.md,vault/MA/Mathematical-Analysis-&-Modeling/MVC/1. Vector Functions and Vector Fields/1.1. Vector-Valued Functions/Source/1.1.9. Principal Normal Vectors
74,3176,MVC.1.1.10,Binormal Vectors,vault/MA/Mathematical-Analysis-&-Modeling/MVC/1. Vector Functions and Vector Fields/1.1. Vector-Valued Functions/Lessons/1.1.10. Binormal Vectors.md,vault/MA/Mathematical-Analysis-&-Modeling/MVC/1. Vector Functions and Vector Fields/1.1. Vector-Valued Functions/Source/1.1.10. Binormal Vectors
75,1796,MVC.1.1.11,The Osculating Plane,vault/MA/Mathematical-Analysis-&-Modeling/MVC/1. Vector Functions and Vector Fields/1.1. Vector-Valued Functions/Lessons/1.1.11. The Osculating Plane.md,vault/MA/Mathematical-Analysis-&-Modeling/MVC/1. Vector Functions and Vector Fields/1.1. Vector-Valued Functions/Source/1.1.11. The Osculating Plane
75,1838,MVC.1.1.12,Parameterization by Arc Length,vault/MA/Mathematical-Analysis-&-Modeling/MVC/1. Vector Functions and Vector Fields/1.1. Vector-Valued Functions/Lessons/1.1.12. Parameterization by Arc Length.md,vault/MA/Mathematical-Analysis-&-Modeling/MVC/1. Vector Functions and Vector Fields/1.1. Vector-Valued Functions/Source/1.1.12. Parameterization by Arc Length
76,1833,MVC.1.2.1,Introduction to Curvature,vault/MA/Mathematical-Analysis-&-Modeling/MVC/1. Vector Functions and Vector Fields/1.2. Curvature/Lessons/1.2.1. Introduction to Curvature.md,vault/MA/Mathematical-Analysis-&-Modeling/MVC/1. Vector Functions and Vector Fields/1.2. Curvature/Source/1.2.1. Introduction to Curvature
77,1836,MVC.1.2.2,Finding Curvature Using the Cross Product,vault/MA/Mathematical-Analysis-&-Modeling/MVC/1. Vector Functions and Vector Fields/1.2. Curvature/Lessons/1.2.2. Finding Curvature Using the Cross Product.md,vault/MA/Mathematical-Analysis-&-Modeling/MVC/1. Vector Functions and Vector Fields/1.2. Curvature/Source/1.2.2. Finding Curvature Using the Cross Product
78,1834,MVC.1.2.3,Radius of Curvature,vault/MA/Mathematical-Analysis-&-Modeling/MVC/1. Vector Functions and Vector Fields/1.2. Curvature/Lessons/1.2.3. Radius of Curvature.md,vault/MA/Mathematical-Analysis-&-Modeling/MVC/1. Vector Functions and Vector Fields/1.2. Curvature/Source/1.2.3. Radius of Curvature
79,1839,MVC.1.2.4,The Curvature of a Plane Curve,vault/MA/Mathematical-Analysis-&-Modeling/MVC/1. Vector Functions and Vector Fields/1.2. Curvature/Lessons/1.2.4. The Curvature of a Plane Curve.md,vault/MA/Mathematical-Analysis-&-Modeling/MVC/1. Vector Functions and Vector Fields/1.2. Curvature/Source/1.2.4. The Curvature of a Plane Curve
70,3343,MVC.1.3.1,Vector Fields,vault/MA/Mathematical-Analysis-&-Modeling/MVC/1. Vector Functions and Vector Fields/1.3. Vector Fields/Lessons/1.3.1. Vector Fields.md,vault/MA/Mathematical-Analysis-&-Modeling/MVC/1. Vector Functions and Vector Fields/1.3. Vector Fields/Source/1.3.1. Vector Fields
75,3344,MVC.1.3.2,Visualizing Vector Fields,vault/MA/Mathematical-Analysis-&-Modeling/MVC/1. Vector Functions and Vector Fields/1.3. Vector Fields/Lessons/1.3.2. Visualizing Vector Fields.md,vault/MA/Mathematical-Analysis-&-Modeling/MVC/1. Vector Functions and Vector Fields/1.3. Vector Fields/Source/1.3.2. Visualizing Vector Fields
76,3692,MVC.1.3.3,Gradient Vector Fields,vault/MA/Mathematical-Analysis-&-Modeling/MVC/1. Vector Functions and Vector Fields/1.3. Vector Fields/Lessons/1.3.3. Gradient Vector Fields.md,vault/MA/Mathematical-Analysis-&-Modeling/MVC/1. Vector Functions and Vector Fields/1.3. Vector Fields/Source/1.3.3. Gradient Vector Fields
77,3149,MVC.1.3.4,Conservative Vector Fields in the Cartesian Plane,vault/MA/Mathematical-Analysis-&-Modeling/MVC/1. Vector Functions and Vector Fields/1.3. Vector Fields/Lessons/1.3.4. Conservative Vector Fields in the Cartesian Plane.md,vault/MA/Mathematical-Analysis-&-Modeling/MVC/1. Vector Functions and Vector Fields/1.3. Vector Fields/Source/1.3.4. Conservative Vector Fields in the Cartesian Plane
78,1951,MVC.1.3.5,Calculating Potential Functions,vault/MA/Mathematical-Analysis-&-Modeling/MVC/1. Vector Functions and Vector Fields/1.3. Vector Fields/Lessons/1.3.5. Calculating Potential Functions.md,vault/MA/Mathematical-Analysis-&-Modeling/MVC/1. Vector Functions and Vector Fields/1.3. Vector Fields/Source/1.3.5. Calculating Potential Functions
73,3357,MVC.1.3.6,Connected and Simply-Connected Regions,vault/MA/Mathematical-Analysis-&-Modeling/MVC/1. Vector Functions and Vector Fields/1.3. Vector Fields/Lessons/1.3.6. Connected and Simply-Connected Regions.md,vault/MA/Mathematical-Analysis-&-Modeling/MVC/1. Vector Functions and Vector Fields/1.3. Vector Fields/Source/1.3.6. Connected and Simply-Connected Regions
77,3717,MVC.1.3.7,Stream Functions,vault/MA/Mathematical-Analysis-&-Modeling/MVC/1. Vector Functions and Vector Fields/1.3. Vector Fields/Lessons/1.3.7. Stream Functions.md,vault/MA/Mathematical-Analysis-&-Modeling/MVC/1. Vector Functions and Vector Fields/1.3. Vector Fields/Source/1.3.7. Stream Functions
76,2131,MVC.1.4.1,The Divergence of a Vector Field,vault/MA/Mathematical-Analysis-&-Modeling/MVC/1. Vector Functions and Vector Fields/1.4. Divergence and Curl/Lessons/1.4.1. The Divergence of a Vector Field.md,vault/MA/Mathematical-Analysis-&-Modeling/MVC/1. Vector Functions and Vector Fields/1.4. Divergence and Curl/Source/1.4.1. The Divergence of a Vector Field
77,3701,MVC.1.4.2,Properties of the Divergence Operator,vault/MA/Mathematical-Analysis-&-Modeling/MVC/1. Vector Functions and Vector Fields/1.4. Divergence and Curl/Lessons/1.4.2. Properties of the Divergence Operator.md,vault/MA/Mathematical-Analysis-&-Modeling/MVC/1. Vector Functions and Vector Fields/1.4. Divergence and Curl/Source/1.4.2. Properties of the Divergence Operator
76,2132,MVC.1.4.3,The Curl of a Vector Field,vault/MA/Mathematical-Analysis-&-Modeling/MVC/1. Vector Functions and Vector Fields/1.4. Divergence and Curl/Lessons/1.4.3. The Curl of a Vector Field.md,vault/MA/Mathematical-Analysis-&-Modeling/MVC/1. Vector Functions and Vector Fields/1.4. Divergence and Curl/Source/1.4.3. The Curl of a Vector Field
77,3700,MVC.1.4.4,Properties of the Curl Operator,vault/MA/Mathematical-Analysis-&-Modeling/MVC/1. Vector Functions and Vector Fields/1.4. Divergence and Curl/Lessons/1.4.4. Properties of the Curl Operator.md,vault/MA/Mathematical-Analysis-&-Modeling/MVC/1. Vector Functions and Vector Fields/1.4. Divergence and Curl/Source/1.4.4. Properties of the Curl Operator
66,1930,MVC.2.1.1,Interior and Boundary Points,vault/MA/Mathematical-Analysis-&-Modeling/MVC/2. Multivariable Functions/2.1. Introduction to Multivariable Functions/Lessons/2.1.1. Interior and Boundary Points.md,vault/MA/Mathematical-Analysis-&-Modeling/MVC/2. Multivariable Functions/2.1. Introduction to Multivariable Functions/Source/2.1.1. Interior and Boundary Points
67,4063,MVC.2.1.2,Interiors and Boundaries of Sets,vault/MA/Mathematical-Analysis-&-Modeling/MVC/2. Multivariable Functions/2.1. Introduction to Multivariable Functions/Lessons/2.1.2. Interiors and Boundaries of Sets.md,vault/MA/Mathematical-Analysis-&-Modeling/MVC/2. Multivariable Functions/2.1. Introduction to Multivariable Functions/Source/2.1.2. Interiors and Boundaries of Sets
68,4097,MVC.2.1.3,Open and Closed Sets,vault/MA/Mathematical-Analysis-&-Modeling/MVC/2. Multivariable Functions/2.1. Introduction to Multivariable Functions/Lessons/2.1.3. Open and Closed Sets.md,vault/MA/Mathematical-Analysis-&-Modeling/MVC/2. Multivariable Functions/2.1. Introduction to Multivariable Functions/Source/2.1.3. Open and Closed Sets
69,1899,MVC.2.1.4,The Domain of a Multivariable Function,vault/MA/Mathematical-Analysis-&-Modeling/MVC/2. Multivariable Functions/2.1. Introduction to Multivariable Functions/Lessons/2.1.4. The Domain of a Multivariable Function.md,vault/MA/Mathematical-Analysis-&-Modeling/MVC/2. Multivariable Functions/2.1. Introduction to Multivariable Functions/Source/2.1.4. The Domain of a Multivariable Function
70,1900,MVC.2.1.5,Level Curves,vault/MA/Mathematical-Analysis-&-Modeling/MVC/2. Multivariable Functions/2.1. Introduction to Multivariable Functions/Lessons/2.1.5. Level Curves.md,vault/MA/Mathematical-Analysis-&-Modeling/MVC/2. Multivariable Functions/2.1. Introduction to Multivariable Functions/Source/2.1.5. Level Curves
73,1978,MVC.2.1.6,Level Surfaces,vault/MA/Mathematical-Analysis-&-Modeling/MVC/2. Multivariable Functions/2.1. Introduction to Multivariable Functions/Lessons/2.1.6. Level Surfaces.md,vault/MA/Mathematical-Analysis-&-Modeling/MVC/2. Multivariable Functions/2.1. Introduction to Multivariable Functions/Source/2.1.6. Level Surfaces
70,1931,MVC.2.1.7,Limits and Continuity of Multivariable Functions,vault/MA/Mathematical-Analysis-&-Modeling/MVC/2. Multivariable Functions/2.1. Introduction to Multivariable Functions/Lessons/2.1.7. Limits and Continuity of Multivariable Functions.md,vault/MA/Mathematical-Analysis-&-Modeling/MVC/2. Multivariable Functions/2.1. Introduction to Multivariable Functions/Source/2.1.7. Limits and Continuity of Multivariable Functions
70,1896,MVC.2.2.1,Ellipsoids,vault/MA/Mathematical-Analysis-&-Modeling/MVC/2. Multivariable Functions/2.2. Quadric Surfaces and Cylinders/Lessons/2.2.1. Ellipsoids.md,vault/MA/Mathematical-Analysis-&-Modeling/MVC/2. Multivariable Functions/2.2. Quadric Surfaces and Cylinders/Source/2.2.1. Ellipsoids
71,1892,MVC.2.2.2,Hyperboloids,vault/MA/Mathematical-Analysis-&-Modeling/MVC/2. Multivariable Functions/2.2. Quadric Surfaces and Cylinders/Lessons/2.2.2. Hyperboloids.md,vault/MA/Mathematical-Analysis-&-Modeling/MVC/2. Multivariable Functions/2.2. Quadric Surfaces and Cylinders/Source/2.2.2. Hyperboloids
71,1893,MVC.2.2.3,Paraboloids,vault/MA/Mathematical-Analysis-&-Modeling/MVC/2. Multivariable Functions/2.2. Quadric Surfaces and Cylinders/Lessons/2.2.3. Paraboloids.md,vault/MA/Mathematical-Analysis-&-Modeling/MVC/2. Multivariable Functions/2.2. Quadric Surfaces and Cylinders/Source/2.2.3. Paraboloids
71,1894,MVC.2.2.4,Elliptic Cones,vault/MA/Mathematical-Analysis-&-Modeling/MVC/2. Multivariable Functions/2.2. Quadric Surfaces and Cylinders/Lessons/2.2.4. Elliptic Cones.md,vault/MA/Mathematical-Analysis-&-Modeling/MVC/2. Multivariable Functions/2.2. Quadric Surfaces and Cylinders/Source/2.2.4. Elliptic Cones
71,1895,MVC.2.2.5,Cylinders,vault/MA/Mathematical-Analysis-&-Modeling/MVC/2. Multivariable Functions/2.2. Quadric Surfaces and Cylinders/Lessons/2.2.5. Cylinders.md,vault/MA/Mathematical-Analysis-&-Modeling/MVC/2. Multivariable Functions/2.2. Quadric Surfaces and Cylinders/Source/2.2.5. Cylinders
72,4208,MVC.2.2.6,Intersections of Lines and Planes With Surfaces,vault/MA/Mathematical-Analysis-&-Modeling/MVC/2. Multivariable Functions/2.2. Quadric Surfaces and Cylinders/Lessons/2.2.6. Intersections of Lines and Planes With Surfaces.md,vault/MA/Mathematical-Analysis-&-Modeling/MVC/2. Multivariable Functions/2.2. Quadric Surfaces and Cylinders/Source/2.2.6. Intersections of Lines and Planes With Surfaces
72,1898,MVC.2.2.7,Identifying Quadric Surfaces,vault/MA/Mathematical-Analysis-&-Modeling/MVC/2. Multivariable Functions/2.2. Quadric Surfaces and Cylinders/Lessons/2.2.7. Identifying Quadric Surfaces.md,vault/MA/Mathematical-Analysis-&-Modeling/MVC/2. Multivariable Functions/2.2. Quadric Surfaces and Cylinders/Source/2.2.7. Identifying Quadric Surfaces
71,1929,MVC.2.3.1,Introduction to Partial Derivatives,vault/MA/Mathematical-Analysis-&-Modeling/MVC/2. Multivariable Functions/2.3. Partial Derivatives/Lessons/2.3.1. Introduction to Partial Derivatives.md,vault/MA/Mathematical-Analysis-&-Modeling/MVC/2. Multivariable Functions/2.3. Partial Derivatives/Source/2.3.1. Introduction to Partial Derivatives
72,4096,MVC.2.3.2,Computing Partial Derivatives Using the Rules of Differentiation,vault/MA/Mathematical-Analysis-&-Modeling/MVC/2. Multivariable Functions/2.3. Partial Derivatives/Lessons/2.3.2. Computing Partial Derivatives Using the Rules of Differentiation.md,vault/MA/Mathematical-Analysis-&-Modeling/MVC/2. Multivariable Functions/2.3. Partial Derivatives/Source/2.3.2. Computing Partial Derivatives Using the Rules of Differentiation
73,1955,MVC.2.3.3,Geometric Interpretations of Partial Derivatives,vault/MA/Mathematical-Analysis-&-Modeling/MVC/2. Multivariable Functions/2.3. Partial Derivatives/Lessons/2.3.3. Geometric Interpretations of Partial Derivatives.md,vault/MA/Mathematical-Analysis-&-Modeling/MVC/2. Multivariable Functions/2.3. Partial Derivatives/Source/2.3.3. Geometric Interpretations of Partial Derivatives
73,1932,MVC.2.3.4,Partial Differentiability of Multivariable Functions,vault/MA/Mathematical-Analysis-&-Modeling/MVC/2. Multivariable Functions/2.3. Partial Derivatives/Lessons/2.3.4. Partial Differentiability of Multivariable Functions.md,vault/MA/Mathematical-Analysis-&-Modeling/MVC/2. Multivariable Functions/2.3. Partial Derivatives/Source/2.3.4. Partial Differentiability of Multivariable Functions
75,1933,MVC.2.3.5,Higher-Order Partial Derivatives,vault/MA/Mathematical-Analysis-&-Modeling/MVC/2. Multivariable Functions/2.3. Partial Derivatives/Lessons/2.3.5. Higher-Order Partial Derivatives.md,vault/MA/Mathematical-Analysis-&-Modeling/MVC/2. Multivariable Functions/2.3. Partial Derivatives/Source/2.3.5. Higher-Order Partial Derivatives
76,1957,MVC.2.3.6,Equality of Mixed Partial Derivatives,vault/MA/Mathematical-Analysis-&-Modeling/MVC/2. Multivariable Functions/2.3. Partial Derivatives/Lessons/2.3.6. Equality of Mixed Partial Derivatives.md,vault/MA/Mathematical-Analysis-&-Modeling/MVC/2. Multivariable Functions/2.3. Partial Derivatives/Source/2.3.6. Equality of Mixed Partial Derivatives
73,1980,MVC.2.3.7,Tangent Planes to Surfaces,vault/MA/Mathematical-Analysis-&-Modeling/MVC/2. Multivariable Functions/2.3. Partial Derivatives/Lessons/2.3.7. Tangent Planes to Surfaces.md,vault/MA/Mathematical-Analysis-&-Modeling/MVC/2. Multivariable Functions/2.3. Partial Derivatives/Source/2.3.7. Tangent Planes to Surfaces
75,1937,MVC.2.3.8,Linearization of Multivariable Functions,vault/MA/Mathematical-Analysis-&-Modeling/MVC/2. Multivariable Functions/2.3. Partial Derivatives/Lessons/2.3.8. Linearization of Multivariable Functions.md,vault/MA/Mathematical-Analysis-&-Modeling/MVC/2. Multivariable Functions/2.3. Partial Derivatives/Source/2.3.8. Linearization of Multivariable Functions
74,6682,MVC.2.3.9,Differentiating Under the Integral Sign,vault/MA/Mathematical-Analysis-&-Modeling/MVC/2. Multivariable Functions/2.3. Partial Derivatives/Lessons/2.3.9. Differentiating Under the Integral Sign.md,vault/MA/Mathematical-Analysis-&-Modeling/MVC/2. Multivariable Functions/2.3. Partial Derivatives/Source/2.3.9. Differentiating Under the Integral Sign
74,1934,MVC.2.4.1,The Gradient Vector,vault/MA/Mathematical-Analysis-&-Modeling/MVC/2. Multivariable Functions/2.4. The Gradient Vector/Lessons/2.4.1. The Gradient Vector.md,vault/MA/Mathematical-Analysis-&-Modeling/MVC/2. Multivariable Functions/2.4. The Gradient Vector/Source/2.4.1. The Gradient Vector
75,1939,MVC.2.4.2,The Gradient as a Normal Vector,vault/MA/Mathematical-Analysis-&-Modeling/MVC/2. Multivariable Functions/2.4. The Gradient Vector/Lessons/2.4.2. The Gradient as a Normal Vector.md,vault/MA/Mathematical-Analysis-&-Modeling/MVC/2. Multivariable Functions/2.4. The Gradient Vector/Source/2.4.2. The Gradient as a Normal Vector
76,1940,MVC.2.4.3,Tangent Lines to Level Curves,vault/MA/Mathematical-Analysis-&-Modeling/MVC/2. Multivariable Functions/2.4. The Gradient Vector/Lessons/2.4.3. Tangent Lines to Level Curves.md,vault/MA/Mathematical-Analysis-&-Modeling/MVC/2. Multivariable Functions/2.4. The Gradient Vector/Source/2.4.3. Tangent Lines to Level Curves
77,1984,MVC.2.4.4,Tangent Planes to Level Surfaces,vault/MA/Mathematical-Analysis-&-Modeling/MVC/2. Multivariable Functions/2.4. The Gradient Vector/Lessons/2.4.4. Tangent Planes to Level Surfaces.md,vault/MA/Mathematical-Analysis-&-Modeling/MVC/2. Multivariable Functions/2.4. The Gradient Vector/Source/2.4.4. Tangent Planes to Level Surfaces
75,1938,MVC.2.4.5,Directional Derivatives,vault/MA/Mathematical-Analysis-&-Modeling/MVC/2. Multivariable Functions/2.4. The Gradient Vector/Lessons/2.4.5. Directional Derivatives.md,vault/MA/Mathematical-Analysis-&-Modeling/MVC/2. Multivariable Functions/2.4. The Gradient Vector/Source/2.4.5. Directional Derivatives
75,1941,MVC.2.4.6,The Multivariable Mean-Value Theorem,vault/MA/Mathematical-Analysis-&-Modeling/MVC/2. Multivariable Functions/2.4. The Gradient Vector/Lessons/2.4.6. The Multivariable Mean-Value Theorem.md,vault/MA/Mathematical-Analysis-&-Modeling/MVC/2. Multivariable Functions/2.4. The Gradient Vector/Source/2.4.6. The Multivariable Mean-Value Theorem
73,3173,MVC.2.5.1,The Multivariable Chain Rule,vault/MA/Mathematical-Analysis-&-Modeling/MVC/2. Multivariable Functions/2.5. The Multivariable Chain Rule/Lessons/2.5.1. The Multivariable Chain Rule.md,vault/MA/Mathematical-Analysis-&-Modeling/MVC/2. Multivariable Functions/2.5. The Multivariable Chain Rule/Source/2.5.1. The Multivariable Chain Rule
74,1942,MVC.2.5.2,The Multivariable Chain Rule With Polar Coordinates,vault/MA/Mathematical-Analysis-&-Modeling/MVC/2. Multivariable Functions/2.5. The Multivariable Chain Rule/Lessons/2.5.2. The Multivariable Chain Rule With Polar Coordinates.md,vault/MA/Mathematical-Analysis-&-Modeling/MVC/2. Multivariable Functions/2.5. The Multivariable Chain Rule/Source/2.5.2. The Multivariable Chain Rule With Polar Coordinates
75,1936,MVC.2.5.3,The Multivariable Chain Rule in Vector Form,vault/MA/Mathematical-Analysis-&-Modeling/MVC/2. Multivariable Functions/2.5. The Multivariable Chain Rule/Lessons/2.5.3. The Multivariable Chain Rule in Vector Form.md,vault/MA/Mathematical-Analysis-&-Modeling/MVC/2. Multivariable Functions/2.5. The Multivariable Chain Rule/Source/2.5.3. The Multivariable Chain Rule in Vector Form
77,1950,MVC.2.5.4,Differentials,vault/MA/Mathematical-Analysis-&-Modeling/MVC/2. Multivariable Functions/2.5. The Multivariable Chain Rule/Lessons/2.5.4. Differentials.md,vault/MA/Mathematical-Analysis-&-Modeling/MVC/2. Multivariable Functions/2.5. The Multivariable Chain Rule/Source/2.5.4. Differentials
64,3387,MVC.2.6.1,Affine Transformations,vault/MA/Mathematical-Analysis-&-Modeling/MVC/2. Multivariable Functions/2.6. Plane Transformations/Lessons/2.6.1. Affine Transformations.md,vault/MA/Mathematical-Analysis-&-Modeling/MVC/2. Multivariable Functions/2.6. Plane Transformations/Source/2.6.1. Affine Transformations
67,3706,MVC.2.6.2,The Image of an Affine Transformation,vault/MA/Mathematical-Analysis-&-Modeling/MVC/2. Multivariable Functions/2.6. Plane Transformations/Lessons/2.6.2. The Image of an Affine Transformation.md,vault/MA/Mathematical-Analysis-&-Modeling/MVC/2. Multivariable Functions/2.6. Plane Transformations/Source/2.6.2. The Image of an Affine Transformation
69,3707,MVC.2.6.3,The Inverse of an Affine Transformation,vault/MA/Mathematical-Analysis-&-Modeling/MVC/2. Multivariable Functions/2.6. Plane Transformations/Lessons/2.6.3. The Inverse of an Affine Transformation.md,vault/MA/Mathematical-Analysis-&-Modeling/MVC/2. Multivariable Functions/2.6. Plane Transformations/Source/2.6.3. The Inverse of an Affine Transformation
75,2832,MVC.2.6.4,Nonlinear Transformations of Plane Regions,vault/MA/Mathematical-Analysis-&-Modeling/MVC/2. Multivariable Functions/2.6. Plane Transformations/Lessons/2.6.4. Nonlinear Transformations of Plane Regions.md,vault/MA/Mathematical-Analysis-&-Modeling/MVC/2. Multivariable Functions/2.6. Plane Transformations/Source/2.6.4. Nonlinear Transformations of Plane Regions
76,4135,MVC.2.6.5,Polar Coordinate Transformations,vault/MA/Mathematical-Analysis-&-Modeling/MVC/2. Multivariable Functions/2.6. Plane Transformations/Lessons/2.6.5. Polar Coordinate Transformations.md,vault/MA/Mathematical-Analysis-&-Modeling/MVC/2. Multivariable Functions/2.6. Plane Transformations/Source/2.6.5. Polar Coordinate Transformations
76,4134,MVC.2.6.6,Transformations of Regions Between Curves,vault/MA/Mathematical-Analysis-&-Modeling/MVC/2. Multivariable Functions/2.6. Plane Transformations/Lessons/2.6.6. Transformations of Regions Between Curves.md,vault/MA/Mathematical-Analysis-&-Modeling/MVC/2. Multivariable Functions/2.6. Plane Transformations/Source/2.6.6. Transformations of Regions Between Curves
73,1999,MVC.2.7.1,The Jacobian,vault/MA/Mathematical-Analysis-&-Modeling/MVC/2. Multivariable Functions/2.7. Differentiation/Lessons/2.7.1. The Jacobian.md,vault/MA/Mathematical-Analysis-&-Modeling/MVC/2. Multivariable Functions/2.7. Differentiation/Source/2.7.1. The Jacobian
74,4149,MVC.2.7.2,The Inverse Function Theorem,vault/MA/Mathematical-Analysis-&-Modeling/MVC/2. Multivariable Functions/2.7. Differentiation/Lessons/2.7.2. The Inverse Function Theorem.md,vault/MA/Mathematical-Analysis-&-Modeling/MVC/2. Multivariable Functions/2.7. Differentiation/Source/2.7.2. The Inverse Function Theorem
75,2058,MVC.2.7.3,The Jacobian of a Three-Dimensional Transformation,vault/MA/Mathematical-Analysis-&-Modeling/MVC/2. Multivariable Functions/2.7. Differentiation/Lessons/2.7.3. The Jacobian of a Three-Dimensional Transformation.md,vault/MA/Mathematical-Analysis-&-Modeling/MVC/2. Multivariable Functions/2.7. Differentiation/Source/2.7.3. The Jacobian of a Three-Dimensional Transformation
76,4169,MVC.2.7.4,The Derivative of a Multivariable Function,vault/MA/Mathematical-Analysis-&-Modeling/MVC/2. Multivariable Functions/2.7. Differentiation/Lessons/2.7.4. The Derivative of a Multivariable Function.md,vault/MA/Mathematical-Analysis-&-Modeling/MVC/2. Multivariable Functions/2.7. Differentiation/Source/2.7.4. The Derivative of a Multivariable Function
77,2824,MVC.2.7.5,The Second Derivative of a Multivariable Function,vault/MA/Mathematical-Analysis-&-Modeling/MVC/2. Multivariable Functions/2.7. Differentiation/Lessons/2.7.5. The Second Derivative of a Multivariable Function.md,vault/MA/Mathematical-Analysis-&-Modeling/MVC/2. Multivariable Functions/2.7. Differentiation/Source/2.7.5. The Second Derivative of a Multivariable Function
78,4171,MVC.2.7.6,Second-Degree Taylor Polynomials of Multivariable Functions,vault/MA/Mathematical-Analysis-&-Modeling/MVC/2. Multivariable Functions/2.7. Differentiation/Lessons/2.7.6. Second-Degree Taylor Polynomials of Multivariable Functions.md,vault/MA/Mathematical-Analysis-&-Modeling/MVC/2. Multivariable Functions/2.7. Differentiation/Source/2.7.6. Second-Degree Taylor Polynomials of Multivariable Functions
79,1945,MVC.2.8.1,Global vs. Local Extrema and Critical Points of Multivariable Functions,vault/MA/Mathematical-Analysis-&-Modeling/MVC/2. Multivariable Functions/2.8. Optimization/Lessons/2.8.1. Global vs. Local Extrema and Critical Points of Multivariable Functions.md,vault/MA/Mathematical-Analysis-&-Modeling/MVC/2. Multivariable Functions/2.8. Optimization/Source/2.8.1. Global vs. Local Extrema and Critical Points of Multivariable Functions
80,1944,MVC.2.8.2,The Second Partial Derivatives Test,vault/MA/Mathematical-Analysis-&-Modeling/MVC/2. Multivariable Functions/2.8. Optimization/Lessons/2.8.2. The Second Partial Derivatives Test.md,vault/MA/Mathematical-Analysis-&-Modeling/MVC/2. Multivariable Functions/2.8. Optimization/Source/2.8.2. The Second Partial Derivatives Test
81,1947,MVC.2.8.3,Calculating Global Extrema of Multivariable Functions,vault/MA/Mathematical-Analysis-&-Modeling/MVC/2. Multivariable Functions/2.8. Optimization/Lessons/2.8.3. Calculating Global Extrema of Multivariable Functions.md,vault/MA/Mathematical-Analysis-&-Modeling/MVC/2. Multivariable Functions/2.8. Optimization/Source/2.8.3. Calculating Global Extrema of Multivariable Functions
80,1948,MVC.2.8.4,Lagrange Multipliers With One Constraint,vault/MA/Mathematical-Analysis-&-Modeling/MVC/2. Multivariable Functions/2.8. Optimization/Lessons/2.8.4. Lagrange Multipliers With One Constraint.md,vault/MA/Mathematical-Analysis-&-Modeling/MVC/2. Multivariable Functions/2.8. Optimization/Source/2.8.4. Lagrange Multipliers With One Constraint
81,3380,MVC.2.8.5,Lagrange Multipliers With Multiple Constraints,vault/MA/Mathematical-Analysis-&-Modeling/MVC/2. Multivariable Functions/2.8. Optimization/Lessons/2.8.5. Lagrange Multipliers With Multiple Constraints.md,vault/MA/Mathematical-Analysis-&-Modeling/MVC/2. Multivariable Functions/2.8. Optimization/Source/2.8.5. Lagrange Multipliers With Multiple Constraints
81,4164,MVC.2.8.6,Optimizing Multivariable Functions Using Lagrange Multipliers,vault/MA/Mathematical-Analysis-&-Modeling/MVC/2. Multivariable Functions/2.8. Optimization/Lessons/2.8.6. Optimizing Multivariable Functions Using Lagrange Multipliers.md,vault/MA/Mathematical-Analysis-&-Modeling/MVC/2. Multivariable Functions/2.8. Optimization/Source/2.8.6. Optimizing Multivariable Functions Using Lagrange Multipliers
74,5379,MVC.2.8.7,Newton's Method for Multivariable Functions,vault/MA/Mathematical-Analysis-&-Modeling/MVC/2. Multivariable Functions/2.8. Optimization/Lessons/2.8.7. Newton's Method for Multivariable Functions.md,vault/MA/Mathematical-Analysis-&-Modeling/MVC/2. Multivariable Functions/2.8. Optimization/Source/2.8.7. Newton's Method for Multivariable Functions
78,5377,MVC.2.8.8,Newton's Method for Optimizing Multivariable Functions,vault/MA/Mathematical-Analysis-&-Modeling/MVC/2. Multivariable Functions/2.8. Optimization/Lessons/2.8.8. Newton's Method for Optimizing Multivariable Functions.md,vault/MA/Mathematical-Analysis-&-Modeling/MVC/2. Multivariable Functions/2.8. Optimization/Source/2.8.8. Newton's Method for Optimizing Multivariable Functions
70,1983,MVC.3.1.1,Double Summations,vault/MA/Mathematical-Analysis-&-Modeling/MVC/3. Multiple Integrals/3.1. Riemann Sums/Lessons/3.1.1. Double Summations.md,vault/MA/Mathematical-Analysis-&-Modeling/MVC/3. Multiple Integrals/3.1. Riemann Sums/Source/3.1.1. Double Summations
66,3697,MVC.3.1.2,Partitions of Intervals,vault/MA/Mathematical-Analysis-&-Modeling/MVC/3. Multiple Integrals/3.1. Riemann Sums/Lessons/3.1.2. Partitions of Intervals.md,vault/MA/Mathematical-Analysis-&-Modeling/MVC/3. Multiple Integrals/3.1. Riemann Sums/Source/3.1.2. Partitions of Intervals
71,3698,MVC.3.1.3,Calculating Double Summations Over Partitions,vault/MA/Mathematical-Analysis-&-Modeling/MVC/3. Multiple Integrals/3.1. Riemann Sums/Lessons/3.1.3. Calculating Double Summations Over Partitions.md,vault/MA/Mathematical-Analysis-&-Modeling/MVC/3. Multiple Integrals/3.1. Riemann Sums/Source/3.1.3. Calculating Double Summations Over Partitions
70,2613,MVC.3.1.4,Approximating Volumes Using Lower Riemann Sums,vault/MA/Mathematical-Analysis-&-Modeling/MVC/3. Multiple Integrals/3.1. Riemann Sums/Lessons/3.1.4. Approximating Volumes Using Lower Riemann Sums.md,vault/MA/Mathematical-Analysis-&-Modeling/MVC/3. Multiple Integrals/3.1. Riemann Sums/Source/3.1.4. Approximating Volumes Using Lower Riemann Sums
70,2614,MVC.3.1.5,Approximating Volumes Using Upper Riemann Sums,vault/MA/Mathematical-Analysis-&-Modeling/MVC/3. Multiple Integrals/3.1. Riemann Sums/Lessons/3.1.5. Approximating Volumes Using Upper Riemann Sums.md,vault/MA/Mathematical-Analysis-&-Modeling/MVC/3. Multiple Integrals/3.1. Riemann Sums/Source/3.1.5. Approximating Volumes Using Upper Riemann Sums
71,2615,MVC.3.1.6,Lower Riemann Sums Over General Rectangular Partitions,vault/MA/Mathematical-Analysis-&-Modeling/MVC/3. Multiple Integrals/3.1. Riemann Sums/Lessons/3.1.6. Lower Riemann Sums Over General Rectangular Partitions.md,vault/MA/Mathematical-Analysis-&-Modeling/MVC/3. Multiple Integrals/3.1. Riemann Sums/Source/3.1.6. Lower Riemann Sums Over General Rectangular Partitions
71,3696,MVC.3.1.7,Upper Riemann Sums Over General Rectangular Partitions,vault/MA/Mathematical-Analysis-&-Modeling/MVC/3. Multiple Integrals/3.1. Riemann Sums/Lessons/3.1.7. Upper Riemann Sums Over General Rectangular Partitions.md,vault/MA/Mathematical-Analysis-&-Modeling/MVC/3. Multiple Integrals/3.1. Riemann Sums/Source/3.1.7. Upper Riemann Sums Over General Rectangular Partitions
72,1990,MVC.3.1.8,Defining Double Integrals Using Lower and Upper Riemann Sums,vault/MA/Mathematical-Analysis-&-Modeling/MVC/3. Multiple Integrals/3.1. Riemann Sums/Lessons/3.1.8. Defining Double Integrals Using Lower and Upper Riemann Sums.md,vault/MA/Mathematical-Analysis-&-Modeling/MVC/3. Multiple Integrals/3.1. Riemann Sums/Source/3.1.8. Defining Double Integrals Using Lower and Upper Riemann Sums
71,1992,MVC.3.2.1,Double Integrals Over Rectangular Domains,vault/MA/Mathematical-Analysis-&-Modeling/MVC/3. Multiple Integrals/3.2. Double Integrals/Lessons/3.2.1. Double Integrals Over Rectangular Domains.md,vault/MA/Mathematical-Analysis-&-Modeling/MVC/3. Multiple Integrals/3.2. Double Integrals/Source/3.2.1. Double Integrals Over Rectangular Domains
72,2616,MVC.3.2.2,Double Integrals Over Non-Rectangular Domains,vault/MA/Mathematical-Analysis-&-Modeling/MVC/3. Multiple Integrals/3.2. Double Integrals/Lessons/3.2.2. Double Integrals Over Non-Rectangular Domains.md,vault/MA/Mathematical-Analysis-&-Modeling/MVC/3. Multiple Integrals/3.2. Double Integrals/Source/3.2.2. Double Integrals Over Non-Rectangular Domains
73,2000,MVC.3.2.3,Properties of Double Integrals,vault/MA/Mathematical-Analysis-&-Modeling/MVC/3. Multiple Integrals/3.2. Double Integrals/Lessons/3.2.3. Properties of Double Integrals.md,vault/MA/Mathematical-Analysis-&-Modeling/MVC/3. Multiple Integrals/3.2. Double Integrals/Source/3.2.3. Properties of Double Integrals
68,1979,MVC.3.2.4,Type I and II Regions in Two-Dimensional Space,vault/MA/Mathematical-Analysis-&-Modeling/MVC/3. Multiple Integrals/3.2. Double Integrals/Lessons/3.2.4. Type I and II Regions in Two-Dimensional Space.md,vault/MA/Mathematical-Analysis-&-Modeling/MVC/3. Multiple Integrals/3.2. Double Integrals/Source/3.2.4. Type I and II Regions in Two-Dimensional Space
74,2151,MVC.3.2.5,Double Integrals Over Type I Regions,vault/MA/Mathematical-Analysis-&-Modeling/MVC/3. Multiple Integrals/3.2. Double Integrals/Lessons/3.2.5. Double Integrals Over Type I Regions.md,vault/MA/Mathematical-Analysis-&-Modeling/MVC/3. Multiple Integrals/3.2. Double Integrals/Source/3.2.5. Double Integrals Over Type I Regions
75,2152,MVC.3.2.6,Double Integrals Over Type II Regions,vault/MA/Mathematical-Analysis-&-Modeling/MVC/3. Multiple Integrals/3.2. Double Integrals/Lessons/3.2.6. Double Integrals Over Type II Regions.md,vault/MA/Mathematical-Analysis-&-Modeling/MVC/3. Multiple Integrals/3.2. Double Integrals/Source/3.2.6. Double Integrals Over Type II Regions
76,1996,MVC.3.2.7,Double Integrals Over Partitioned Regions,vault/MA/Mathematical-Analysis-&-Modeling/MVC/3. Multiple Integrals/3.2. Double Integrals/Lessons/3.2.7. Double Integrals Over Partitioned Regions.md,vault/MA/Mathematical-Analysis-&-Modeling/MVC/3. Multiple Integrals/3.2. Double Integrals/Source/3.2.7. Double Integrals Over Partitioned Regions
79,1997,MVC.3.2.8,Changing the Order of Integration in Double Integrals,vault/MA/Mathematical-Analysis-&-Modeling/MVC/3. Multiple Integrals/3.2. Double Integrals/Lessons/3.2.8. Changing the Order of Integration in Double Integrals.md,vault/MA/Mathematical-Analysis-&-Modeling/MVC/3. Multiple Integrals/3.2. Double Integrals/Source/3.2.8. Changing the Order of Integration in Double Integrals
76,4141,MVC.3.3.1,Repeated Integrals in Three Dimensions,vault/MA/Mathematical-Analysis-&-Modeling/MVC/3. Multiple Integrals/3.3. Triple Integrals/Lessons/3.3.1. Repeated Integrals in Three Dimensions.md,vault/MA/Mathematical-Analysis-&-Modeling/MVC/3. Multiple Integrals/3.3. Triple Integrals/Source/3.3.1. Repeated Integrals in Three Dimensions
77,2052,MVC.3.3.2,Triple Integrals Over Rectangular Domains,vault/MA/Mathematical-Analysis-&-Modeling/MVC/3. Multiple Integrals/3.3. Triple Integrals/Lessons/3.3.2. Triple Integrals Over Rectangular Domains.md,vault/MA/Mathematical-Analysis-&-Modeling/MVC/3. Multiple Integrals/3.3. Triple Integrals/Source/3.3.2. Triple Integrals Over Rectangular Domains
73,2130,MVC.3.3.3,"Type I, II, and III Regions in Three-Dimensional Space","vault/MA/Mathematical-Analysis-&-Modeling/MVC/3. Multiple Integrals/3.3. Triple Integrals/Lessons/3.3.3. Type I, II, and III Regions in Three-Dimensional Space.md","vault/MA/Mathematical-Analysis-&-Modeling/MVC/3. Multiple Integrals/3.3. Triple Integrals/Source/3.3.3. Type I, II, and III Regions in Three-Dimensional Space"
78,4146,MVC.3.3.4,Triple Integrals Over Type I Regions,vault/MA/Mathematical-Analysis-&-Modeling/MVC/3. Multiple Integrals/3.3. Triple Integrals/Lessons/3.3.4. Triple Integrals Over Type I Regions.md,vault/MA/Mathematical-Analysis-&-Modeling/MVC/3. Multiple Integrals/3.3. Triple Integrals/Source/3.3.4. Triple Integrals Over Type I Regions
79,2141,MVC.3.3.5,Triple Integrals Over Type II Regions,vault/MA/Mathematical-Analysis-&-Modeling/MVC/3. Multiple Integrals/3.3. Triple Integrals/Lessons/3.3.5. Triple Integrals Over Type II Regions.md,vault/MA/Mathematical-Analysis-&-Modeling/MVC/3. Multiple Integrals/3.3. Triple Integrals/Source/3.3.5. Triple Integrals Over Type II Regions
79,2142,MVC.3.3.6,Triple Integrals Over Type III Regions,vault/MA/Mathematical-Analysis-&-Modeling/MVC/3. Multiple Integrals/3.3. Triple Integrals/Lessons/3.3.6. Triple Integrals Over Type III Regions.md,vault/MA/Mathematical-Analysis-&-Modeling/MVC/3. Multiple Integrals/3.3. Triple Integrals/Source/3.3.6. Triple Integrals Over Type III Regions
80,2053,MVC.3.3.7,Calculating Volumes of Solids Using Triple Integrals,vault/MA/Mathematical-Analysis-&-Modeling/MVC/3. Multiple Integrals/3.3. Triple Integrals/Lessons/3.3.7. Calculating Volumes of Solids Using Triple Integrals.md,vault/MA/Mathematical-Analysis-&-Modeling/MVC/3. Multiple Integrals/3.3. Triple Integrals/Source/3.3.7. Calculating Volumes of Solids Using Triple Integrals
80,2056,MVC.3.3.8,Changing the Order of Integration in Triple Integrals: Changing Projection,vault/MA/Mathematical-Analysis-&-Modeling/MVC/3. Multiple Integrals/3.3. Triple Integrals/Lessons/3.3.8. Changing the Order of Integration in Triple Integrals- Changing Projection.md,vault/MA/Mathematical-Analysis-&-Modeling/MVC/3. Multiple Integrals/3.3. Triple Integrals/Source/3.3.8. Changing the Order of Integration in Triple Integrals- Changing Projection
81,4158,MVC.3.3.9,Changing the Order of Integration in Triple Integrals: Changing Region,vault/MA/Mathematical-Analysis-&-Modeling/MVC/3. Multiple Integrals/3.3. Triple Integrals/Lessons/3.3.9. Changing the Order of Integration in Triple Integrals- Changing Region.md,vault/MA/Mathematical-Analysis-&-Modeling/MVC/3. Multiple Integrals/3.3. Triple Integrals/Source/3.3.9. Changing the Order of Integration in Triple Integrals- Changing Region
77,2030,MVC.3.4.1,Double Integrals in Plane Polar Coordinates,vault/MA/Mathematical-Analysis-&-Modeling/MVC/3. Multiple Integrals/3.4. Change of Variables for Double Integrals/Lessons/3.4.1. Double Integrals in Plane Polar Coordinates.md,vault/MA/Mathematical-Analysis-&-Modeling/MVC/3. Multiple Integrals/3.4. Change of Variables for Double Integrals/Source/3.4.1. Double Integrals in Plane Polar Coordinates
79,2835,MVC.3.4.2,Double Integrals Between Polar Curves,vault/MA/Mathematical-Analysis-&-Modeling/MVC/3. Multiple Integrals/3.4. Change of Variables for Double Integrals/Lessons/3.4.2. Double Integrals Between Polar Curves.md,vault/MA/Mathematical-Analysis-&-Modeling/MVC/3. Multiple Integrals/3.4. Change of Variables for Double Integrals/Source/3.4.2. Double Integrals Between Polar Curves
77,1998,MVC.3.4.3,Computing Areas Using a Change of Variables,vault/MA/Mathematical-Analysis-&-Modeling/MVC/3. Multiple Integrals/3.4. Change of Variables for Double Integrals/Lessons/3.4.3. Computing Areas Using a Change of Variables.md,vault/MA/Mathematical-Analysis-&-Modeling/MVC/3. Multiple Integrals/3.4. Change of Variables for Double Integrals/Source/3.4.3. Computing Areas Using a Change of Variables
80,4132,MVC.3.4.4,Computing Double Integrals Using a Change of Variables,vault/MA/Mathematical-Analysis-&-Modeling/MVC/3. Multiple Integrals/3.4. Change of Variables for Double Integrals/Lessons/3.4.4. Computing Double Integrals Using a Change of Variables.md,vault/MA/Mathematical-Analysis-&-Modeling/MVC/3. Multiple Integrals/3.4. Change of Variables for Double Integrals/Source/3.4.4. Computing Double Integrals Using a Change of Variables
70,1981,MVC.3.5.1,Cylindrical Polar Coordinates,vault/MA/Mathematical-Analysis-&-Modeling/MVC/3. Multiple Integrals/3.5. Change of Variables for Triple Integrals/Lessons/3.5.1. Cylindrical Polar Coordinates.md,vault/MA/Mathematical-Analysis-&-Modeling/MVC/3. Multiple Integrals/3.5. Change of Variables for Triple Integrals/Source/3.5.1. Cylindrical Polar Coordinates
71,3569,MVC.3.5.2,Surfaces in Cylindrical Polar Coordinates,vault/MA/Mathematical-Analysis-&-Modeling/MVC/3. Multiple Integrals/3.5. Change of Variables for Triple Integrals/Lessons/3.5.2. Surfaces in Cylindrical Polar Coordinates.md,vault/MA/Mathematical-Analysis-&-Modeling/MVC/3. Multiple Integrals/3.5. Change of Variables for Triple Integrals/Source/3.5.2. Surfaces in Cylindrical Polar Coordinates
70,1982,MVC.3.5.3,Spherical Polar Coordinates,vault/MA/Mathematical-Analysis-&-Modeling/MVC/3. Multiple Integrals/3.5. Change of Variables for Triple Integrals/Lessons/3.5.3. Spherical Polar Coordinates.md,vault/MA/Mathematical-Analysis-&-Modeling/MVC/3. Multiple Integrals/3.5. Change of Variables for Triple Integrals/Source/3.5.3. Spherical Polar Coordinates
71,3570,MVC.3.5.4,Surfaces in Spherical Polar Coordinates,vault/MA/Mathematical-Analysis-&-Modeling/MVC/3. Multiple Integrals/3.5. Change of Variables for Triple Integrals/Lessons/3.5.4. Surfaces in Spherical Polar Coordinates.md,vault/MA/Mathematical-Analysis-&-Modeling/MVC/3. Multiple Integrals/3.5. Change of Variables for Triple Integrals/Source/3.5.4. Surfaces in Spherical Polar Coordinates
78,2059,MVC.3.5.5,Triple Integrals in Cylindrical Polar Coordinates,vault/MA/Mathematical-Analysis-&-Modeling/MVC/3. Multiple Integrals/3.5. Change of Variables for Triple Integrals/Lessons/3.5.5. Triple Integrals in Cylindrical Polar Coordinates.md,vault/MA/Mathematical-Analysis-&-Modeling/MVC/3. Multiple Integrals/3.5. Change of Variables for Triple Integrals/Source/3.5.5. Triple Integrals in Cylindrical Polar Coordinates
82,2060,MVC.3.5.6,Triple Integrals in Spherical Polar Coordinates,vault/MA/Mathematical-Analysis-&-Modeling/MVC/3. Multiple Integrals/3.5. Change of Variables for Triple Integrals/Lessons/3.5.6. Triple Integrals in Spherical Polar Coordinates.md,vault/MA/Mathematical-Analysis-&-Modeling/MVC/3. Multiple Integrals/3.5. Change of Variables for Triple Integrals/Source/3.5.6. Triple Integrals in Spherical Polar Coordinates
81,4151,MVC.3.5.7,Computing Triple Integrals Using a Change of Variables,vault/MA/Mathematical-Analysis-&-Modeling/MVC/3. Multiple Integrals/3.5. Change of Variables for Triple Integrals/Lessons/3.5.7. Computing Triple Integrals Using a Change of Variables.md,vault/MA/Mathematical-Analysis-&-Modeling/MVC/3. Multiple Integrals/3.5. Change of Variables for Triple Integrals/Source/3.5.7. Computing Triple Integrals Using a Change of Variables
72,3356,MVC.4.1.1,"Simple, Closed, and Oriented Curves","vault/MA/Mathematical-Analysis-&-Modeling/MVC/4. Line Integrals/4.1. Line Integrals of Scalar Functions/Lessons/4.1.1. Simple, Closed, and Oriented Curves.md","vault/MA/Mathematical-Analysis-&-Modeling/MVC/4. Line Integrals/4.1. Line Integrals of Scalar Functions/Source/4.1.1. Simple, Closed, and Oriented Curves"
75,2107,MVC.4.1.2,Line Integrals of Scalar Functions,vault/MA/Mathematical-Analysis-&-Modeling/MVC/4. Line Integrals/4.1. Line Integrals of Scalar Functions/Lessons/4.1.2. Line Integrals of Scalar Functions.md,vault/MA/Mathematical-Analysis-&-Modeling/MVC/4. Line Integrals/4.1. Line Integrals of Scalar Functions/Source/4.1.2. Line Integrals of Scalar Functions
76,3145,MVC.4.1.3,Properties of Line Integrals of Scalar Functions,vault/MA/Mathematical-Analysis-&-Modeling/MVC/4. Line Integrals/4.1. Line Integrals of Scalar Functions/Lessons/4.1.3. Properties of Line Integrals of Scalar Functions.md,vault/MA/Mathematical-Analysis-&-Modeling/MVC/4. Line Integrals/4.1. Line Integrals of Scalar Functions/Source/4.1.3. Properties of Line Integrals of Scalar Functions
76,2635,MVC.4.1.4,Line Integrals of Scalar Functions Over Paths Expressed as Functions of X,vault/MA/Mathematical-Analysis-&-Modeling/MVC/4. Line Integrals/4.1. Line Integrals of Scalar Functions/Lessons/4.1.4. Line Integrals of Scalar Functions Over Paths Expressed as Functions of X.md,vault/MA/Mathematical-Analysis-&-Modeling/MVC/4. Line Integrals/4.1. Line Integrals of Scalar Functions/Source/4.1.4. Line Integrals of Scalar Functions Over Paths Expressed as Functions of X
77,3689,MVC.4.1.5,Line Integrals of Scalar Functions Over Paths Expressed as Functions of Y,vault/MA/Mathematical-Analysis-&-Modeling/MVC/4. Line Integrals/4.1. Line Integrals of Scalar Functions/Lessons/4.1.5. Line Integrals of Scalar Functions Over Paths Expressed as Functions of Y.md,vault/MA/Mathematical-Analysis-&-Modeling/MVC/4. Line Integrals/4.1. Line Integrals of Scalar Functions/Source/4.1.5. Line Integrals of Scalar Functions Over Paths Expressed as Functions of Y
77,3699,MVC.4.2.1,Line Integrals of Scalar Functions Over Line Segments,vault/MA/Mathematical-Analysis-&-Modeling/MVC/4. Line Integrals/4.2. Line Integrals of Scalar Functions Over Parametric Curves/Lessons/4.2.1. Line Integrals of Scalar Functions Over Line Segments.md,vault/MA/Mathematical-Analysis-&-Modeling/MVC/4. Line Integrals/4.2. Line Integrals of Scalar Functions Over Parametric Curves/Source/4.2.1. Line Integrals of Scalar Functions Over Line Segments
77,3688,MVC.4.2.2,Line Integrals of Scalar Functions Over Circles,vault/MA/Mathematical-Analysis-&-Modeling/MVC/4. Line Integrals/4.2. Line Integrals of Scalar Functions Over Parametric Curves/Lessons/4.2.2. Line Integrals of Scalar Functions Over Circles.md,vault/MA/Mathematical-Analysis-&-Modeling/MVC/4. Line Integrals/4.2. Line Integrals of Scalar Functions Over Parametric Curves/Source/4.2.2. Line Integrals of Scalar Functions Over Circles
78,3690,MVC.4.2.3,Line Integrals of Scalar Functions Over Ellipses,vault/MA/Mathematical-Analysis-&-Modeling/MVC/4. Line Integrals/4.2. Line Integrals of Scalar Functions Over Parametric Curves/Lessons/4.2.3. Line Integrals of Scalar Functions Over Ellipses.md,vault/MA/Mathematical-Analysis-&-Modeling/MVC/4. Line Integrals/4.2. Line Integrals of Scalar Functions Over Parametric Curves/Source/4.2.3. Line Integrals of Scalar Functions Over Ellipses
77,3354,MVC.4.2.4,Further Properties of Line Integrals of Scalar Functions,vault/MA/Mathematical-Analysis-&-Modeling/MVC/4. Line Integrals/4.2. Line Integrals of Scalar Functions Over Parametric Curves/Lessons/4.2.4. Further Properties of Line Integrals of Scalar Functions.md,vault/MA/Mathematical-Analysis-&-Modeling/MVC/4. Line Integrals/4.2. Line Integrals of Scalar Functions Over Parametric Curves/Source/4.2.4. Further Properties of Line Integrals of Scalar Functions
78,2638,MVC.4.2.5,Line Integrals of Scalar Functions Over Polar Curves,vault/MA/Mathematical-Analysis-&-Modeling/MVC/4. Line Integrals/4.2. Line Integrals of Scalar Functions Over Parametric Curves/Lessons/4.2.5. Line Integrals of Scalar Functions Over Polar Curves.md,vault/MA/Mathematical-Analysis-&-Modeling/MVC/4. Line Integrals/4.2. Line Integrals of Scalar Functions Over Parametric Curves/Source/4.2.5. Line Integrals of Scalar Functions Over Polar Curves
79,2109,MVC.4.3.1,Line Integrals With Respect to X and Y,vault/MA/Mathematical-Analysis-&-Modeling/MVC/4. Line Integrals/4.3. Line Integrals With Respect to X and Y/Lessons/4.3.1. Line Integrals With Respect to X and Y.md,vault/MA/Mathematical-Analysis-&-Modeling/MVC/4. Line Integrals/4.3. Line Integrals With Respect to X and Y/Source/4.3.1. Line Integrals With Respect to X and Y
80,3708,MVC.4.3.2,Properties of Line Integrals With Respect to X and Y,vault/MA/Mathematical-Analysis-&-Modeling/MVC/4. Line Integrals/4.3. Line Integrals With Respect to X and Y/Lessons/4.3.2. Properties of Line Integrals With Respect to X and Y.md,vault/MA/Mathematical-Analysis-&-Modeling/MVC/4. Line Integrals/4.3. Line Integrals With Respect to X and Y/Source/4.3.2. Properties of Line Integrals With Respect to X and Y
80,3705,MVC.4.3.3,Sums of Line Integrals With Respect to X and Y Over Parametric Curves,vault/MA/Mathematical-Analysis-&-Modeling/MVC/4. Line Integrals/4.3. Line Integrals With Respect to X and Y/Lessons/4.3.3. Sums of Line Integrals With Respect to X and Y Over Parametric Curves.md,vault/MA/Mathematical-Analysis-&-Modeling/MVC/4. Line Integrals/4.3. Line Integrals With Respect to X and Y/Source/4.3.3. Sums of Line Integrals With Respect to X and Y Over Parametric Curves
81,3703,MVC.4.3.4,Sums of Line Integrals With Respect to X and Y,vault/MA/Mathematical-Analysis-&-Modeling/MVC/4. Line Integrals/4.3. Line Integrals With Respect to X and Y/Lessons/4.3.4. Sums of Line Integrals With Respect to X and Y.md,vault/MA/Mathematical-Analysis-&-Modeling/MVC/4. Line Integrals/4.3. Line Integrals With Respect to X and Y/Source/4.3.4. Sums of Line Integrals With Respect to X and Y
76,2108,MVC.4.4.1,Line Integrals of Vector-Valued Functions Over Parametric Curves,vault/MA/Mathematical-Analysis-&-Modeling/MVC/4. Line Integrals/4.4. Line Integrals of Vector-Valued Functions/Lessons/4.4.1. Line Integrals of Vector-Valued Functions Over Parametric Curves.md,vault/MA/Mathematical-Analysis-&-Modeling/MVC/4. Line Integrals/4.4. Line Integrals of Vector-Valued Functions/Source/4.4.1. Line Integrals of Vector-Valued Functions Over Parametric Curves
79,3711,MVC.4.4.2,Line Integrals of Vector-Valued Functions Over General Curves,vault/MA/Mathematical-Analysis-&-Modeling/MVC/4. Line Integrals/4.4. Line Integrals of Vector-Valued Functions/Lessons/4.4.2. Line Integrals of Vector-Valued Functions Over General Curves.md,vault/MA/Mathematical-Analysis-&-Modeling/MVC/4. Line Integrals/4.4. Line Integrals of Vector-Valued Functions/Source/4.4.2. Line Integrals of Vector-Valued Functions Over General Curves
80,3694,MVC.4.4.3,Interpreting Line Integrals of Vector-Valued Functions,vault/MA/Mathematical-Analysis-&-Modeling/MVC/4. Line Integrals/4.4. Line Integrals of Vector-Valued Functions/Lessons/4.4.3. Interpreting Line Integrals of Vector-Valued Functions.md,vault/MA/Mathematical-Analysis-&-Modeling/MVC/4. Line Integrals/4.4. Line Integrals of Vector-Valued Functions/Source/4.4.3. Interpreting Line Integrals of Vector-Valued Functions
81,3704,MVC.4.4.4,Properties of Line Integrals of Vector-Valued Functions,vault/MA/Mathematical-Analysis-&-Modeling/MVC/4. Line Integrals/4.4. Line Integrals of Vector-Valued Functions/Lessons/4.4.4. Properties of Line Integrals of Vector-Valued Functions.md,vault/MA/Mathematical-Analysis-&-Modeling/MVC/4. Line Integrals/4.4. Line Integrals of Vector-Valued Functions/Source/4.4.4. Properties of Line Integrals of Vector-Valued Functions
80,2110,MVC.4.4.5,The Fundamental Theorem for Line Integrals,vault/MA/Mathematical-Analysis-&-Modeling/MVC/4. Line Integrals/4.4. Line Integrals of Vector-Valued Functions/Lessons/4.4.5. The Fundamental Theorem for Line Integrals.md,vault/MA/Mathematical-Analysis-&-Modeling/MVC/4. Line Integrals/4.4. Line Integrals of Vector-Valued Functions/Source/4.4.5. The Fundamental Theorem for Line Integrals
81,3360,MVC.4.4.6,Path Independence of Line Integrals,vault/MA/Mathematical-Analysis-&-Modeling/MVC/4. Line Integrals/4.4. Line Integrals of Vector-Valued Functions/Lessons/4.4.6. Path Independence of Line Integrals.md,vault/MA/Mathematical-Analysis-&-Modeling/MVC/4. Line Integrals/4.4. Line Integrals of Vector-Valued Functions/Source/4.4.6. Path Independence of Line Integrals
73,1401,MVC.4.5.1,Outward-Pointing Unit Normal Vectors in 2D,vault/MA/Mathematical-Analysis-&-Modeling/MVC/4. Line Integrals/4.5. Circulation and Flux/Lessons/4.5.1. Outward-Pointing Unit Normal Vectors in 2D.md,vault/MA/Mathematical-Analysis-&-Modeling/MVC/4. Line Integrals/4.5. Circulation and Flux/Source/4.5.1. Outward-Pointing Unit Normal Vectors in 2D
82,3713,MVC.4.5.2,Circulation,vault/MA/Mathematical-Analysis-&-Modeling/MVC/4. Line Integrals/4.5. Circulation and Flux/Lessons/4.5.2. Circulation.md,vault/MA/Mathematical-Analysis-&-Modeling/MVC/4. Line Integrals/4.5. Circulation and Flux/Source/4.5.2. Circulation
78,3715,MVC.4.5.3,Flux in Two-Dimensional Vector Fields,vault/MA/Mathematical-Analysis-&-Modeling/MVC/4. Line Integrals/4.5. Circulation and Flux/Lessons/4.5.3. Flux in Two-Dimensional Vector Fields.md,vault/MA/Mathematical-Analysis-&-Modeling/MVC/4. Line Integrals/4.5. Circulation and Flux/Source/4.5.3. Flux in Two-Dimensional Vector Fields
82,3716,MVC.4.5.4,Calculating Flux in Two-Dimensional Vector Fields,vault/MA/Mathematical-Analysis-&-Modeling/MVC/4. Line Integrals/4.5. Circulation and Flux/Lessons/4.5.4. Calculating Flux in Two-Dimensional Vector Fields.md,vault/MA/Mathematical-Analysis-&-Modeling/MVC/4. Line Integrals/4.5. Circulation and Flux/Source/4.5.4. Calculating Flux in Two-Dimensional Vector Fields
83,4160,MVC.4.5.5,Source-Free Vector Fields,vault/MA/Mathematical-Analysis-&-Modeling/MVC/4. Line Integrals/4.5. Circulation and Flux/Lessons/4.5.5. Source-Free Vector Fields.md,vault/MA/Mathematical-Analysis-&-Modeling/MVC/4. Line Integrals/4.5. Circulation and Flux/Source/4.5.5. Source-Free Vector Fields
83,2116,MVC.4.6.1,Introduction to Green's Theorem,vault/MA/Mathematical-Analysis-&-Modeling/MVC/4. Line Integrals/4.6. Green's Theorem/Lessons/4.6.1. Introduction to Green's Theorem.md,vault/MA/Mathematical-Analysis-&-Modeling/MVC/4. Line Integrals/4.6. Green's Theorem/Source/4.6.1. Introduction to Green's Theorem
84,3627,MVC.4.6.2,Green's Theorem in Polar Coordinates,vault/MA/Mathematical-Analysis-&-Modeling/MVC/4. Line Integrals/4.6. Green's Theorem/Lessons/4.6.2. Green's Theorem in Polar Coordinates.md,vault/MA/Mathematical-Analysis-&-Modeling/MVC/4. Line Integrals/4.6. Green's Theorem/Source/4.6.2. Green's Theorem in Polar Coordinates
84,2198,MVC.4.6.3,Using Green's Theorem to Calculate Area,vault/MA/Mathematical-Analysis-&-Modeling/MVC/4. Line Integrals/4.6. Green's Theorem/Lessons/4.6.3. Using Green's Theorem to Calculate Area.md,vault/MA/Mathematical-Analysis-&-Modeling/MVC/4. Line Integrals/4.6. Green's Theorem/Source/4.6.3. Using Green's Theorem to Calculate Area
85,2117,MVC.4.6.4,Extending Green's Theorem,vault/MA/Mathematical-Analysis-&-Modeling/MVC/4. Line Integrals/4.6. Green's Theorem/Lessons/4.6.4. Extending Green's Theorem.md,vault/MA/Mathematical-Analysis-&-Modeling/MVC/4. Line Integrals/4.6. Green's Theorem/Source/4.6.4. Extending Green's Theorem
84,3361,MVC.4.6.5,Green's Theorem in Flux Form,vault/MA/Mathematical-Analysis-&-Modeling/MVC/4. Line Integrals/4.6. Green's Theorem/Lessons/4.6.5. Green's Theorem in Flux Form.md,vault/MA/Mathematical-Analysis-&-Modeling/MVC/4. Line Integrals/4.6. Green's Theorem/Source/4.6.5. Green's Theorem in Flux Form
71,1789,MVC.5.1.1,Parametric Surfaces,vault/MA/Mathematical-Analysis-&-Modeling/MVC/5. Surface Integrals/5.1. Parametric Surfaces/Lessons/5.1.1. Parametric Surfaces.md,vault/MA/Mathematical-Analysis-&-Modeling/MVC/5. Surface Integrals/5.1. Parametric Surfaces/Source/5.1.1. Parametric Surfaces
74,3373,MVC.5.1.2,Tangent Planes to Parametric Surfaces,vault/MA/Mathematical-Analysis-&-Modeling/MVC/5. Surface Integrals/5.1. Parametric Surfaces/Lessons/5.1.2. Tangent Planes to Parametric Surfaces.md,vault/MA/Mathematical-Analysis-&-Modeling/MVC/5. Surface Integrals/5.1. Parametric Surfaces/Source/5.1.2. Tangent Planes to Parametric Surfaces
72,3371,MVC.5.1.3,Parametrizations of Ellipsoids and Cones,vault/MA/Mathematical-Analysis-&-Modeling/MVC/5. Surface Integrals/5.1. Parametric Surfaces/Lessons/5.1.3. Parametrizations of Ellipsoids and Cones.md,vault/MA/Mathematical-Analysis-&-Modeling/MVC/5. Surface Integrals/5.1. Parametric Surfaces/Source/5.1.3. Parametrizations of Ellipsoids and Cones
72,3597,MVC.5.1.4,Parametrizations of Paraboloids and Hyperboloids,vault/MA/Mathematical-Analysis-&-Modeling/MVC/5. Surface Integrals/5.1. Parametric Surfaces/Lessons/5.1.4. Parametrizations of Paraboloids and Hyperboloids.md,vault/MA/Mathematical-Analysis-&-Modeling/MVC/5. Surface Integrals/5.1. Parametric Surfaces/Source/5.1.4. Parametrizations of Paraboloids and Hyperboloids
73,3596,MVC.5.1.5,Parametrizations of Cylinders,vault/MA/Mathematical-Analysis-&-Modeling/MVC/5. Surface Integrals/5.1. Parametric Surfaces/Lessons/5.1.5. Parametrizations of Cylinders.md,vault/MA/Mathematical-Analysis-&-Modeling/MVC/5. Surface Integrals/5.1. Parametric Surfaces/Source/5.1.5. Parametrizations of Cylinders
72,1994,MVC.5.2.1,Surface Areas of Revolution: Rotation About the X-Axis,vault/MA/Mathematical-Analysis-&-Modeling/MVC/5. Surface Integrals/5.2. Surface Area/Lessons/5.2.1. Surface Areas of Revolution- Rotation About the X-Axis.md,vault/MA/Mathematical-Analysis-&-Modeling/MVC/5. Surface Integrals/5.2. Surface Area/Source/5.2.1. Surface Areas of Revolution- Rotation About the X-Axis
73,3632,MVC.5.2.2,Surface Areas of Revolution: Rotation About the Y-Axis,vault/MA/Mathematical-Analysis-&-Modeling/MVC/5. Surface Integrals/5.2. Surface Area/Lessons/5.2.2. Surface Areas of Revolution- Rotation About the Y-Axis.md,vault/MA/Mathematical-Analysis-&-Modeling/MVC/5. Surface Integrals/5.2. Surface Area/Source/5.2.2. Surface Areas of Revolution- Rotation About the Y-Axis
74,1995,MVC.5.2.3,Surface Areas of Revolution for Parametric Curves,vault/MA/Mathematical-Analysis-&-Modeling/MVC/5. Surface Integrals/5.2. Surface Area/Lessons/5.2.3. Surface Areas of Revolution for Parametric Curves.md,vault/MA/Mathematical-Analysis-&-Modeling/MVC/5. Surface Integrals/5.2. Surface Area/Source/5.2.3. Surface Areas of Revolution for Parametric Curves
75,1790,MVC.5.2.4,Areas of Parametric Surfaces,vault/MA/Mathematical-Analysis-&-Modeling/MVC/5. Surface Integrals/5.2. Surface Area/Lessons/5.2.4. Areas of Parametric Surfaces.md,vault/MA/Mathematical-Analysis-&-Modeling/MVC/5. Surface Integrals/5.2. Surface Area/Source/5.2.4. Areas of Parametric Surfaces
76,3372,MVC.5.2.5,Surfaces of Revolution,vault/MA/Mathematical-Analysis-&-Modeling/MVC/5. Surface Integrals/5.2. Surface Area/Lessons/5.2.5. Surfaces of Revolution.md,vault/MA/Mathematical-Analysis-&-Modeling/MVC/5. Surface Integrals/5.2. Surface Area/Source/5.2.5. Surfaces of Revolution
78,3602,MVC.5.2.6,Areas of Surfaces,vault/MA/Mathematical-Analysis-&-Modeling/MVC/5. Surface Integrals/5.2. Surface Area/Lessons/5.2.6. Areas of Surfaces.md,vault/MA/Mathematical-Analysis-&-Modeling/MVC/5. Surface Integrals/5.2. Surface Area/Source/5.2.6. Areas of Surfaces
77,3386,MVC.5.3.1,Surface Integrals Over Parametric Surfaces,vault/MA/Mathematical-Analysis-&-Modeling/MVC/5. Surface Integrals/5.3. Surface Integrals/Lessons/5.3.1. Surface Integrals Over Parametric Surfaces.md,vault/MA/Mathematical-Analysis-&-Modeling/MVC/5. Surface Integrals/5.3. Surface Integrals/Source/5.3.1. Surface Integrals Over Parametric Surfaces
79,1264,MVC.5.3.2,Surface Integrals Over Cartesian Surfaces,vault/MA/Mathematical-Analysis-&-Modeling/MVC/5. Surface Integrals/5.3. Surface Integrals/Lessons/5.3.2. Surface Integrals Over Cartesian Surfaces.md,vault/MA/Mathematical-Analysis-&-Modeling/MVC/5. Surface Integrals/5.3. Surface Integrals/Source/5.3.2. Surface Integrals Over Cartesian Surfaces
80,3178,MVC.5.3.3,Flux in Three-Dimensional Vector Fields,vault/MA/Mathematical-Analysis-&-Modeling/MVC/5. Surface Integrals/5.3. Surface Integrals/Lessons/5.3.3. Flux in Three-Dimensional Vector Fields.md,vault/MA/Mathematical-Analysis-&-Modeling/MVC/5. Surface Integrals/5.3. Surface Integrals/Source/5.3.3. Flux in Three-Dimensional Vector Fields
82,4162,MVC.5.3.4,Flux Through Closed Surfaces,vault/MA/Mathematical-Analysis-&-Modeling/MVC/5. Surface Integrals/5.3. Surface Integrals/Lessons/5.3.4. Flux Through Closed Surfaces.md,vault/MA/Mathematical-Analysis-&-Modeling/MVC/5. Surface Integrals/5.3. Surface Integrals/Source/5.3.4. Flux Through Closed Surfaces
81,4145,MVC.5.3.5,Calculating Flux Through Parametric Surfaces,vault/MA/Mathematical-Analysis-&-Modeling/MVC/5. Surface Integrals/5.3. Surface Integrals/Lessons/5.3.5. Calculating Flux Through Parametric Surfaces.md,vault/MA/Mathematical-Analysis-&-Modeling/MVC/5. Surface Integrals/5.3. Surface Integrals/Source/5.3.5. Calculating Flux Through Parametric Surfaces
82,4143,MVC.5.3.6,Calculating Flux Through Cartesian Surfaces,vault/MA/Mathematical-Analysis-&-Modeling/MVC/5. Surface Integrals/5.3. Surface Integrals/Lessons/5.3.6. Calculating Flux Through Cartesian Surfaces.md,vault/MA/Mathematical-Analysis-&-Modeling/MVC/5. Surface Integrals/5.3. Surface Integrals/Source/5.3.6. Calculating Flux Through Cartesian Surfaces
83,4144,MVC.5.3.7,Calculating Flux Through Closed Surfaces,vault/MA/Mathematical-Analysis-&-Modeling/MVC/5. Surface Integrals/5.3. Surface Integrals/Lessons/5.3.7. Calculating Flux Through Closed Surfaces.md,vault/MA/Mathematical-Analysis-&-Modeling/MVC/5. Surface Integrals/5.3. Surface Integrals/Source/5.3.7. Calculating Flux Through Closed Surfaces
85,2135,MVC.5.3.8,The Divergence Theorem,vault/MA/Mathematical-Analysis-&-Modeling/MVC/5. Surface Integrals/5.3. Surface Integrals/Lessons/5.3.8. The Divergence Theorem.md,vault/MA/Mathematical-Analysis-&-Modeling/MVC/5. Surface Integrals/5.3. Surface Integrals/Source/5.3.8. The Divergence Theorem
84,2138,MVC.5.3.9,Stokes' Theorem,vault/MA/Mathematical-Analysis-&-Modeling/MVC/5. Surface Integrals/5.3. Surface Integrals/Lessons/5.3.9. Stokes' Theorem.md,vault/MA/Mathematical-Analysis-&-Modeling/MVC/5. Surface Integrals/5.3. Surface Integrals/Source/5.3.9. Stokes' Theorem
74,3235,MVC.6.1.1,Velocity and Acceleration as Functions of Displacement,vault/MA/Mathematical-Analysis-&-Modeling/MVC/6. Applications of Multivariable Calculus/6.1. Vector Mechanics/Lessons/6.1.1. Velocity and Acceleration as Functions of Displacement.md,vault/MA/Mathematical-Analysis-&-Modeling/MVC/6. Applications of Multivariable Calculus/6.1. Vector Mechanics/Source/6.1.1. Velocity and Acceleration as Functions of Displacement
75,3693,MVC.6.1.2,Determining Properties of Objects Described as Functions of Displacement,vault/MA/Mathematical-Analysis-&-Modeling/MVC/6. Applications of Multivariable Calculus/6.1. Vector Mechanics/Lessons/6.1.2. Determining Properties of Objects Described as Functions of Displacement.md,vault/MA/Mathematical-Analysis-&-Modeling/MVC/6. Applications of Multivariable Calculus/6.1. Vector Mechanics/Source/6.1.2. Determining Properties of Objects Described as Functions of Displacement
80,3177,MVC.6.1.3,The Components of Acceleration,vault/MA/Mathematical-Analysis-&-Modeling/MVC/6. Applications of Multivariable Calculus/6.1. Vector Mechanics/Lessons/6.1.3. The Components of Acceleration.md,vault/MA/Mathematical-Analysis-&-Modeling/MVC/6. Applications of Multivariable Calculus/6.1. Vector Mechanics/Source/6.1.3. The Components of Acceleration
73,2722,MVC.6.1.4,Newton's Second Law,vault/MA/Mathematical-Analysis-&-Modeling/MVC/6. Applications of Multivariable Calculus/6.1. Vector Mechanics/Lessons/6.1.4. Newton's Second Law.md,vault/MA/Mathematical-Analysis-&-Modeling/MVC/6. Applications of Multivariable Calculus/6.1. Vector Mechanics/Source/6.1.4. Newton's Second Law
74,3340,MVC.6.1.5,Applying Newton's Second Law in the Plane,vault/MA/Mathematical-Analysis-&-Modeling/MVC/6. Applications of Multivariable Calculus/6.1. Vector Mechanics/Lessons/6.1.5. Applying Newton's Second Law in the Plane.md,vault/MA/Mathematical-Analysis-&-Modeling/MVC/6. Applications of Multivariable Calculus/6.1. Vector Mechanics/Source/6.1.5. Applying Newton's Second Law in the Plane
75,3687,MVC.6.1.6,The Work-Energy Principle,vault/MA/Mathematical-Analysis-&-Modeling/MVC/6. Applications of Multivariable Calculus/6.1. Vector Mechanics/Lessons/6.1.6. The Work-Energy Principle.md,vault/MA/Mathematical-Analysis-&-Modeling/MVC/6. Applications of Multivariable Calculus/6.1. Vector Mechanics/Source/6.1.6. The Work-Energy Principle
79,3338,MVC.6.1.7,Circular Motion About the Origin,vault/MA/Mathematical-Analysis-&-Modeling/MVC/6. Applications of Multivariable Calculus/6.1. Vector Mechanics/Lessons/6.1.7. Circular Motion About the Origin.md,vault/MA/Mathematical-Analysis-&-Modeling/MVC/6. Applications of Multivariable Calculus/6.1. Vector Mechanics/Source/6.1.7. Circular Motion About the Origin
78,3147,MVC.6.2.1,The Average Value of a Multivariable Function,vault/MA/Mathematical-Analysis-&-Modeling/MVC/6. Applications of Multivariable Calculus/6.2. Applications of Multiple Integrals/Lessons/6.2.1. The Average Value of a Multivariable Function.md,vault/MA/Mathematical-Analysis-&-Modeling/MVC/6. Applications of Multivariable Calculus/6.2. Applications of Multiple Integrals/Source/6.2.1. The Average Value of a Multivariable Function
78,2025,MVC.6.2.2,"Density, Mass, and Charge of Plane Laminas","vault/MA/Mathematical-Analysis-&-Modeling/MVC/6. Applications of Multivariable Calculus/6.2. Applications of Multiple Integrals/Lessons/6.2.2. Density, Mass, and Charge of Plane Laminas.md","vault/MA/Mathematical-Analysis-&-Modeling/MVC/6. Applications of Multivariable Calculus/6.2. Applications of Multiple Integrals/Source/6.2.2. Density, Mass, and Charge of Plane Laminas"
60,2026,MVC.6.2.3,Moments and Center of Mass,vault/MA/Mathematical-Analysis-&-Modeling/MVC/6. Applications of Multivariable Calculus/6.2. Applications of Multiple Integrals/Lessons/6.2.3. Moments and Center of Mass.md,vault/MA/Mathematical-Analysis-&-Modeling/MVC/6. Applications of Multivariable Calculus/6.2. Applications of Multiple Integrals/Source/6.2.3. Moments and Center of Mass
68,4167,MVC.6.2.4,Moments and Centers of Mass of Thin Rods,vault/MA/Mathematical-Analysis-&-Modeling/MVC/6. Applications of Multivariable Calculus/6.2. Applications of Multiple Integrals/Lessons/6.2.4. Moments and Centers of Mass of Thin Rods.md,vault/MA/Mathematical-Analysis-&-Modeling/MVC/6. Applications of Multivariable Calculus/6.2. Applications of Multiple Integrals/Source/6.2.4. Moments and Centers of Mass of Thin Rods
79,4166,MVC.6.2.5,Moments and Centers of Mass of Plane Laminas,vault/MA/Mathematical-Analysis-&-Modeling/MVC/6. Applications of Multivariable Calculus/6.2. Applications of Multiple Integrals/Lessons/6.2.5. Moments and Centers of Mass of Plane Laminas.md,vault/MA/Mathematical-Analysis-&-Modeling/MVC/6. Applications of Multivariable Calculus/6.2. Applications of Multiple Integrals/Source/6.2.5. Moments and Centers of Mass of Plane Laminas
80,2027,MVC.6.2.6,Moments of Inertia of Laminas About the Coordinate Axes,vault/MA/Mathematical-Analysis-&-Modeling/MVC/6. Applications of Multivariable Calculus/6.2. Applications of Multiple Integrals/Lessons/6.2.6. Moments of Inertia of Laminas About the Coordinate Axes.md,vault/MA/Mathematical-Analysis-&-Modeling/MVC/6. Applications of Multivariable Calculus/6.2. Applications of Multiple Integrals/Source/6.2.6. Moments of Inertia of Laminas About the Coordinate Axes
81,4173,MVC.6.2.7,Moments of Inertia of Laminas About Other Axes,vault/MA/Mathematical-Analysis-&-Modeling/MVC/6. Applications of Multivariable Calculus/6.2. Applications of Multiple Integrals/Lessons/6.2.7. Moments of Inertia of Laminas About Other Axes.md,vault/MA/Mathematical-Analysis-&-Modeling/MVC/6. Applications of Multivariable Calculus/6.2. Applications of Multiple Integrals/Source/6.2.7. Moments of Inertia of Laminas About Other Axes
81,4174,MVC.6.2.8,Calculating the Radius of Gyration of a Plane Lamina,vault/MA/Mathematical-Analysis-&-Modeling/MVC/6. Applications of Multivariable Calculus/6.2. Applications of Multiple Integrals/Lessons/6.2.8. Calculating the Radius of Gyration of a Plane Lamina.md,vault/MA/Mathematical-Analysis-&-Modeling/MVC/6. Applications of Multivariable Calculus/6.2. Applications of Multiple Integrals/Source/6.2.8. Calculating the Radius of Gyration of a Plane Lamina
82,2028,MVC.6.2.9,The Parallel Axis Theorem,vault/MA/Mathematical-Analysis-&-Modeling/MVC/6. Applications of Multivariable Calculus/6.2. Applications of Multiple Integrals/Lessons/6.2.9. The Parallel Axis Theorem.md,vault/MA/Mathematical-Analysis-&-Modeling/MVC/6. Applications of Multivariable Calculus/6.2. Applications of Multiple Integrals/Source/6.2.9. The Parallel Axis Theorem
70,1347,MVC.6.3.1,Probability Density Functions of Continuous Random Variables,vault/MA/Mathematical-Analysis-&-Modeling/MVC/6. Applications of Multivariable Calculus/6.3. Random Variables/Lessons/6.3.1. Probability Density Functions of Continuous Random Variables.md,vault/MA/Mathematical-Analysis-&-Modeling/MVC/6. Applications of Multivariable Calculus/6.3. Random Variables/Source/6.3.1. Probability Density Functions of Continuous Random Variables
71,4043,MVC.6.3.2,Calculating Probabilities With Continuous Random Variables,vault/MA/Mathematical-Analysis-&-Modeling/MVC/6. Applications of Multivariable Calculus/6.3. Random Variables/Lessons/6.3.2. Calculating Probabilities With Continuous Random Variables.md,vault/MA/Mathematical-Analysis-&-Modeling/MVC/6. Applications of Multivariable Calculus/6.3. Random Variables/Source/6.3.2. Calculating Probabilities With Continuous Random Variables
72,4100,MVC.6.3.3,Continuous Random Variables Over Infinite Domains,vault/MA/Mathematical-Analysis-&-Modeling/MVC/6. Applications of Multivariable Calculus/6.3. Random Variables/Lessons/6.3.3. Continuous Random Variables Over Infinite Domains.md,vault/MA/Mathematical-Analysis-&-Modeling/MVC/6. Applications of Multivariable Calculus/6.3. Random Variables/Source/6.3.3. Continuous Random Variables Over Infinite Domains
70,3001,MVC.6.3.4,Joint Distributions for Discrete Random Variables,vault/MA/Mathematical-Analysis-&-Modeling/MVC/6. Applications of Multivariable Calculus/6.3. Random Variables/Lessons/6.3.4. Joint Distributions for Discrete Random Variables.md,vault/MA/Mathematical-Analysis-&-Modeling/MVC/6. Applications of Multivariable Calculus/6.3. Random Variables/Source/6.3.4. Joint Distributions for Discrete Random Variables
76,3052,MVC.6.3.5,Joint Distributions for Continuous Random Variables,vault/MA/Mathematical-Analysis-&-Modeling/MVC/6. Applications of Multivariable Calculus/6.3. Random Variables/Lessons/6.3.5. Joint Distributions for Continuous Random Variables.md,vault/MA/Mathematical-Analysis-&-Modeling/MVC/6. Applications of Multivariable Calculus/6.3. Random Variables/Source/6.3.5. Joint Distributions for Continuous Random Variables
72,466,DEQ.1.1.1,Solving First-Order ODEs Using Separation of Variables,vault/MA/Mathematical-Analysis-&-Modeling/DEQ/1. First-Order Differential Equations/1.1. Techniques for Solving First-Order ODEs/Lessons/1.1.1. Solving First-Order ODEs Using Separation of Variables.md,vault/MA/Mathematical-Analysis-&-Modeling/DEQ/1. First-Order Differential Equations/1.1. Techniques for Solving First-Order ODEs/Source/1.1.1. Solving First-Order ODEs Using Separation of Variables
73,1179,DEQ.1.1.2,Solving First-Order IVPs Using Separation of Variables,vault/MA/Mathematical-Analysis-&-Modeling/DEQ/1. First-Order Differential Equations/1.1. Techniques for Solving First-Order ODEs/Lessons/1.1.2. Solving First-Order IVPs Using Separation of Variables.md,vault/MA/Mathematical-Analysis-&-Modeling/DEQ/1. First-Order Differential Equations/1.1. Techniques for Solving First-Order ODEs/Source/1.1.2. Solving First-Order IVPs Using Separation of Variables
72,906,DEQ.1.1.3,Introduction to First-Order Linear ODEs,vault/MA/Mathematical-Analysis-&-Modeling/DEQ/1. First-Order Differential Equations/1.1. Techniques for Solving First-Order ODEs/Lessons/1.1.3. Introduction to First-Order Linear ODEs.md,vault/MA/Mathematical-Analysis-&-Modeling/DEQ/1. First-Order Differential Equations/1.1. Techniques for Solving First-Order ODEs/Source/1.1.3. Introduction to First-Order Linear ODEs
74,6678,DEQ.1.1.4,General Solutions of First-Order Linear ODEs,vault/MA/Mathematical-Analysis-&-Modeling/DEQ/1. First-Order Differential Equations/1.1. Techniques for Solving First-Order ODEs/Lessons/1.1.4. General Solutions of First-Order Linear ODEs.md,vault/MA/Mathematical-Analysis-&-Modeling/DEQ/1. First-Order Differential Equations/1.1. Techniques for Solving First-Order ODEs/Source/1.1.4. General Solutions of First-Order Linear ODEs
76,6679,DEQ.1.1.5,Solving First-Order Linear ODEs With Exponential Forcing,vault/MA/Mathematical-Analysis-&-Modeling/DEQ/1. First-Order Differential Equations/1.1. Techniques for Solving First-Order ODEs/Lessons/1.1.5. Solving First-Order Linear ODEs With Exponential Forcing.md,vault/MA/Mathematical-Analysis-&-Modeling/DEQ/1. First-Order Differential Equations/1.1. Techniques for Solving First-Order ODEs/Source/1.1.5. Solving First-Order Linear ODEs With Exponential Forcing
76,6680,DEQ.1.1.6,Solving First-Order Linear ODEs With Sinusoidal Forcing,vault/MA/Mathematical-Analysis-&-Modeling/DEQ/1. First-Order Differential Equations/1.1. Techniques for Solving First-Order ODEs/Lessons/1.1.6. Solving First-Order Linear ODEs With Sinusoidal Forcing.md,vault/MA/Mathematical-Analysis-&-Modeling/DEQ/1. First-Order Differential Equations/1.1. Techniques for Solving First-Order ODEs/Source/1.1.6. Solving First-Order Linear ODEs With Sinusoidal Forcing
73,877,DEQ.1.1.7,Solving First-Order Linear ODEs Using Integrating Factors,vault/MA/Mathematical-Analysis-&-Modeling/DEQ/1. First-Order Differential Equations/1.1. Techniques for Solving First-Order ODEs/Lessons/1.1.7. Solving First-Order Linear ODEs Using Integrating Factors.md,vault/MA/Mathematical-Analysis-&-Modeling/DEQ/1. First-Order Differential Equations/1.1. Techniques for Solving First-Order ODEs/Source/1.1.7. Solving First-Order Linear ODEs Using Integrating Factors
73,3179,DEQ.1.1.8,Solving First-Order ODEs by Substitution,vault/MA/Mathematical-Analysis-&-Modeling/DEQ/1. First-Order Differential Equations/1.1. Techniques for Solving First-Order ODEs/Lessons/1.1.8. Solving First-Order ODEs by Substitution.md,vault/MA/Mathematical-Analysis-&-Modeling/DEQ/1. First-Order Differential Equations/1.1. Techniques for Solving First-Order ODEs/Source/1.1.8. Solving First-Order ODEs by Substitution
74,3628,DEQ.1.1.9,Further Solving First-Order ODEs by Substitution,vault/MA/Mathematical-Analysis-&-Modeling/DEQ/1. First-Order Differential Equations/1.1. Techniques for Solving First-Order ODEs/Lessons/1.1.9. Further Solving First-Order ODEs by Substitution.md,vault/MA/Mathematical-Analysis-&-Modeling/DEQ/1. First-Order Differential Equations/1.1. Techniques for Solving First-Order ODEs/Source/1.1.9. Further Solving First-Order ODEs by Substitution
74,1164,DEQ.1.1.10,Reducing ODEs to First-Order Linear by Substitution,vault/MA/Mathematical-Analysis-&-Modeling/DEQ/1. First-Order Differential Equations/1.1. Techniques for Solving First-Order ODEs/Lessons/1.1.10. Reducing ODEs to First-Order Linear by Substitution.md,vault/MA/Mathematical-Analysis-&-Modeling/DEQ/1. First-Order Differential Equations/1.1. Techniques for Solving First-Order ODEs/Source/1.1.10. Reducing ODEs to First-Order Linear by Substitution
72,2536,DEQ.1.2.1,Homogeneous Functions,vault/MA/Mathematical-Analysis-&-Modeling/DEQ/1. First-Order Differential Equations/1.2. Special First-Order Equations/Lessons/1.2.1. Homogeneous Functions.md,vault/MA/Mathematical-Analysis-&-Modeling/DEQ/1. First-Order Differential Equations/1.2. Special First-Order Equations/Source/1.2.1. Homogeneous Functions
73,878,DEQ.1.2.2,Homogeneous First-Order ODEs,vault/MA/Mathematical-Analysis-&-Modeling/DEQ/1. First-Order Differential Equations/1.2. Special First-Order Equations/Lessons/1.2.2. Homogeneous First-Order ODEs.md,vault/MA/Mathematical-Analysis-&-Modeling/DEQ/1. First-Order Differential Equations/1.2. Special First-Order Equations/Source/1.2.2. Homogeneous First-Order ODEs
79,2521,DEQ.1.2.3,Exact Differential Equations,vault/MA/Mathematical-Analysis-&-Modeling/DEQ/1. First-Order Differential Equations/1.2. Special First-Order Equations/Lessons/1.2.3. Exact Differential Equations.md,vault/MA/Mathematical-Analysis-&-Modeling/DEQ/1. First-Order Differential Equations/1.2. Special First-Order Equations/Source/1.2.3. Exact Differential Equations
80,6353,DEQ.1.2.4,Solving Exact ODEs Using Integrating Factors,vault/MA/Mathematical-Analysis-&-Modeling/DEQ/1. First-Order Differential Equations/1.2. Special First-Order Equations/Lessons/1.2.4. Solving Exact ODEs Using Integrating Factors.md,vault/MA/Mathematical-Analysis-&-Modeling/DEQ/1. First-Order Differential Equations/1.2. Special First-Order Equations/Source/1.2.4. Solving Exact ODEs Using Integrating Factors
75,2522,DEQ.1.2.5,Bernoulli Differential Equations,vault/MA/Mathematical-Analysis-&-Modeling/DEQ/1. First-Order Differential Equations/1.2. Special First-Order Equations/Lessons/1.2.5. Bernoulli Differential Equations.md,vault/MA/Mathematical-Analysis-&-Modeling/DEQ/1. First-Order Differential Equations/1.2. Special First-Order Equations/Source/1.2.5. Bernoulli Differential Equations
76,6354,DEQ.1.2.6,Riccati Differential Equations,vault/MA/Mathematical-Analysis-&-Modeling/DEQ/1. First-Order Differential Equations/1.2. Special First-Order Equations/Lessons/1.2.6. Riccati Differential Equations.md,vault/MA/Mathematical-Analysis-&-Modeling/DEQ/1. First-Order Differential Equations/1.2. Special First-Order Equations/Source/1.2.6. Riccati Differential Equations
74,6355,DEQ.1.2.7,Clairaut Differential Equations,vault/MA/Mathematical-Analysis-&-Modeling/DEQ/1. First-Order Differential Equations/1.2. Special First-Order Equations/Lessons/1.2.7. Clairaut Differential Equations.md,vault/MA/Mathematical-Analysis-&-Modeling/DEQ/1. First-Order Differential Equations/1.2. Special First-Order Equations/Source/1.2.7. Clairaut Differential Equations
75,6692,DEQ.1.2.8,d'Alembert Differential Equations,vault/MA/Mathematical-Analysis-&-Modeling/DEQ/1. First-Order Differential Equations/1.2. Special First-Order Equations/Lessons/1.2.8. d'Alembert Differential Equations.md,vault/MA/Mathematical-Analysis-&-Modeling/DEQ/1. First-Order Differential Equations/1.2. Special First-Order Equations/Source/1.2.8. d'Alembert Differential Equations
73,3276,DEQ.1.3.1,Slope Fields for Directly Integrable Differential Equations,vault/MA/Mathematical-Analysis-&-Modeling/DEQ/1. First-Order Differential Equations/1.3. Slope Fields/Lessons/1.3.1. Slope Fields for Directly Integrable Differential Equations.md,vault/MA/Mathematical-Analysis-&-Modeling/DEQ/1. First-Order Differential Equations/1.3. Slope Fields/Source/1.3.1. Slope Fields for Directly Integrable Differential Equations
74,3351,DEQ.1.3.2,Slope Fields for Autonomous Differential Equations,vault/MA/Mathematical-Analysis-&-Modeling/DEQ/1. First-Order Differential Equations/1.3. Slope Fields/Lessons/1.3.2. Slope Fields for Autonomous Differential Equations.md,vault/MA/Mathematical-Analysis-&-Modeling/DEQ/1. First-Order Differential Equations/1.3. Slope Fields/Source/1.3.2. Slope Fields for Autonomous Differential Equations
75,3352,DEQ.1.3.3,Slope Fields for Nonautonomous Differential Equations,vault/MA/Mathematical-Analysis-&-Modeling/DEQ/1. First-Order Differential Equations/1.3. Slope Fields/Lessons/1.3.3. Slope Fields for Nonautonomous Differential Equations.md,vault/MA/Mathematical-Analysis-&-Modeling/DEQ/1. First-Order Differential Equations/1.3. Slope Fields/Source/1.3.3. Slope Fields for Nonautonomous Differential Equations
74,3219,DEQ.1.3.4,Analyzing Slope Fields for Directly Integrable Differential Equations,vault/MA/Mathematical-Analysis-&-Modeling/DEQ/1. First-Order Differential Equations/1.3. Slope Fields/Lessons/1.3.4. Analyzing Slope Fields for Directly Integrable Differential Equations.md,vault/MA/Mathematical-Analysis-&-Modeling/DEQ/1. First-Order Differential Equations/1.3. Slope Fields/Source/1.3.4. Analyzing Slope Fields for Directly Integrable Differential Equations
75,3220,DEQ.1.3.5,Analyzing Slope Fields for Autonomous Differential Equations,vault/MA/Mathematical-Analysis-&-Modeling/DEQ/1. First-Order Differential Equations/1.3. Slope Fields/Lessons/1.3.5. Analyzing Slope Fields for Autonomous Differential Equations.md,vault/MA/Mathematical-Analysis-&-Modeling/DEQ/1. First-Order Differential Equations/1.3. Slope Fields/Source/1.3.5. Analyzing Slope Fields for Autonomous Differential Equations
76,3350,DEQ.1.3.6,Analyzing Slope Fields for Nonautonomous Differential Equations,vault/MA/Mathematical-Analysis-&-Modeling/DEQ/1. First-Order Differential Equations/1.3. Slope Fields/Lessons/1.3.6. Analyzing Slope Fields for Nonautonomous Differential Equations.md,vault/MA/Mathematical-Analysis-&-Modeling/DEQ/1. First-Order Differential Equations/1.3. Slope Fields/Source/1.3.6. Analyzing Slope Fields for Nonautonomous Differential Equations
72,2976,DEQ.1.4.1,Qualitative Analysis of First-Order ODEs,vault/MA/Mathematical-Analysis-&-Modeling/DEQ/1. First-Order Differential Equations/1.4. Qualitative Techniques for Differential Equations/Lessons/1.4.1. Qualitative Analysis of First-Order ODEs.md,vault/MA/Mathematical-Analysis-&-Modeling/DEQ/1. First-Order Differential Equations/1.4. Qualitative Techniques for Differential Equations/Source/1.4.1. Qualitative Analysis of First-Order ODEs
74,3184,DEQ.1.4.2,Equilibrium Solutions of First-Order ODEs,vault/MA/Mathematical-Analysis-&-Modeling/DEQ/1. First-Order Differential Equations/1.4. Qualitative Techniques for Differential Equations/Lessons/1.4.2. Equilibrium Solutions of First-Order ODEs.md,vault/MA/Mathematical-Analysis-&-Modeling/DEQ/1. First-Order Differential Equations/1.4. Qualitative Techniques for Differential Equations/Source/1.4.2. Equilibrium Solutions of First-Order ODEs
76,2532,DEQ.1.4.3,Phase Lines of First-Order ODEs,vault/MA/Mathematical-Analysis-&-Modeling/DEQ/1. First-Order Differential Equations/1.4. Qualitative Techniques for Differential Equations/Lessons/1.4.3. Phase Lines of First-Order ODEs.md,vault/MA/Mathematical-Analysis-&-Modeling/DEQ/1. First-Order Differential Equations/1.4. Qualitative Techniques for Differential Equations/Source/1.4.3. Phase Lines of First-Order ODEs
81,2533,DEQ.1.4.4,Classifying Equilibrium Solutions of First-Order ODEs,vault/MA/Mathematical-Analysis-&-Modeling/DEQ/1. First-Order Differential Equations/1.4. Qualitative Techniques for Differential Equations/Lessons/1.4.4. Classifying Equilibrium Solutions of First-Order ODEs.md,vault/MA/Mathematical-Analysis-&-Modeling/DEQ/1. First-Order Differential Equations/1.4. Qualitative Techniques for Differential Equations/Source/1.4.4. Classifying Equilibrium Solutions of First-Order ODEs
70,2023,DEQ.2.1.1,Modeling With First-Order ODEs,vault/MA/Mathematical-Analysis-&-Modeling/DEQ/2. Modeling With First-Order Differential Equations/2.1. Applications of First-Order ODEs/Lessons/2.1.1. Modeling With First-Order ODEs.md,vault/MA/Mathematical-Analysis-&-Modeling/DEQ/2. Modeling With First-Order Differential Equations/2.1. Applications of First-Order ODEs/Source/2.1.1. Modeling With First-Order ODEs
71,3860,DEQ.2.1.2,Further Modeling With First-Order ODEs,vault/MA/Mathematical-Analysis-&-Modeling/DEQ/2. Modeling With First-Order Differential Equations/2.1. Applications of First-Order ODEs/Lessons/2.1.2. Further Modeling With First-Order ODEs.md,vault/MA/Mathematical-Analysis-&-Modeling/DEQ/2. Modeling With First-Order Differential Equations/2.1. Applications of First-Order ODEs/Source/2.1.2. Further Modeling With First-Order ODEs
74,1713,DEQ.2.1.3,Modeling Mixture Problems With First-Order Separable ODEs,vault/MA/Mathematical-Analysis-&-Modeling/DEQ/2. Modeling With First-Order Differential Equations/2.1. Applications of First-Order ODEs/Lessons/2.1.3. Modeling Mixture Problems With First-Order Separable ODEs.md,vault/MA/Mathematical-Analysis-&-Modeling/DEQ/2. Modeling With First-Order Differential Equations/2.1. Applications of First-Order ODEs/Source/2.1.3. Modeling Mixture Problems With First-Order Separable ODEs
75,6700,DEQ.2.1.4,Modeling Mixture Problems With First-Order Linear ODEs,vault/MA/Mathematical-Analysis-&-Modeling/DEQ/2. Modeling With First-Order Differential Equations/2.1. Applications of First-Order ODEs/Lessons/2.1.4. Modeling Mixture Problems With First-Order Linear ODEs.md,vault/MA/Mathematical-Analysis-&-Modeling/DEQ/2. Modeling With First-Order Differential Equations/2.1. Applications of First-Order ODEs/Source/2.1.4. Modeling Mixture Problems With First-Order Linear ODEs
73,1824,DEQ.2.1.5,Orthogonal Trajectories,vault/MA/Mathematical-Analysis-&-Modeling/DEQ/2. Modeling With First-Order Differential Equations/2.1. Applications of First-Order ODEs/Lessons/2.1.5. Orthogonal Trajectories.md,vault/MA/Mathematical-Analysis-&-Modeling/DEQ/2. Modeling With First-Order Differential Equations/2.1. Applications of First-Order ODEs/Source/2.1.5. Orthogonal Trajectories
74,876,DEQ.2.2.1,Exponential Growth and Decay Models With First-Order ODEs,vault/MA/Mathematical-Analysis-&-Modeling/DEQ/2. Modeling With First-Order Differential Equations/2.2. Growth and Decay Models With First-Order ODEs/Lessons/2.2.1. Exponential Growth and Decay Models With First-Order ODEs.md,vault/MA/Mathematical-Analysis-&-Modeling/DEQ/2. Modeling With First-Order Differential Equations/2.2. Growth and Decay Models With First-Order ODEs/Source/2.2.1. Exponential Growth and Decay Models With First-Order ODEs
75,3672,DEQ.2.2.2,Exponential Growth and Decay Models With First-Order ODEs: Calculating Unknown Times and Initial Values,vault/MA/Mathematical-Analysis-&-Modeling/DEQ/2. Modeling With First-Order Differential Equations/2.2. Growth and Decay Models With First-Order ODEs/Lessons/2.2.2. Exponential Growth and Decay Models With First-Order ODEs- Calculating Unknown Times and Initial Values.md,vault/MA/Mathematical-Analysis-&-Modeling/DEQ/2. Modeling With First-Order Differential Equations/2.2. Growth and Decay Models With First-Order ODEs/Source/2.2.2. Exponential Growth and Decay Models With First-Order ODEs- Calculating Unknown Times and Initial Values
76,3673,DEQ.2.2.3,Exponential Growth and Decay Models With First-Order ODEs: Half-Life Problems,vault/MA/Mathematical-Analysis-&-Modeling/DEQ/2. Modeling With First-Order Differential Equations/2.2. Growth and Decay Models With First-Order ODEs/Lessons/2.2.3. Exponential Growth and Decay Models With First-Order ODEs- Half-Life Problems.md,vault/MA/Mathematical-Analysis-&-Modeling/DEQ/2. Modeling With First-Order Differential Equations/2.2. Growth and Decay Models With First-Order ODEs/Source/2.2.3. Exponential Growth and Decay Models With First-Order ODEs- Half-Life Problems
75,1924,DEQ.2.2.4,Inhibited Growth Models With First-Order ODEs,vault/MA/Mathematical-Analysis-&-Modeling/DEQ/2. Modeling With First-Order Differential Equations/2.2. Growth and Decay Models With First-Order ODEs/Lessons/2.2.4. Inhibited Growth Models With First-Order ODEs.md,vault/MA/Mathematical-Analysis-&-Modeling/DEQ/2. Modeling With First-Order Differential Equations/2.2. Growth and Decay Models With First-Order ODEs/Source/2.2.4. Inhibited Growth Models With First-Order ODEs
76,649,DEQ.2.2.5,Inhibited Decay Models With First-Order ODEs,vault/MA/Mathematical-Analysis-&-Modeling/DEQ/2. Modeling With First-Order Differential Equations/2.2. Growth and Decay Models With First-Order ODEs/Lessons/2.2.5. Inhibited Decay Models With First-Order ODEs.md,vault/MA/Mathematical-Analysis-&-Modeling/DEQ/2. Modeling With First-Order Differential Equations/2.2. Growth and Decay Models With First-Order ODEs/Source/2.2.5. Inhibited Decay Models With First-Order ODEs
75,1163,DEQ.2.2.6,Logistic Growth Models With First-Order ODEs,vault/MA/Mathematical-Analysis-&-Modeling/DEQ/2. Modeling With First-Order Differential Equations/2.2. Growth and Decay Models With First-Order ODEs/Lessons/2.2.6. Logistic Growth Models With First-Order ODEs.md,vault/MA/Mathematical-Analysis-&-Modeling/DEQ/2. Modeling With First-Order Differential Equations/2.2. Growth and Decay Models With First-Order ODEs/Source/2.2.6. Logistic Growth Models With First-Order ODEs
76,3551,DEQ.2.2.7,Qualitative Analysis of the Logistic Growth Equation,vault/MA/Mathematical-Analysis-&-Modeling/DEQ/2. Modeling With First-Order Differential Equations/2.2. Growth and Decay Models With First-Order ODEs/Lessons/2.2.7. Qualitative Analysis of the Logistic Growth Equation.md,vault/MA/Mathematical-Analysis-&-Modeling/DEQ/2. Modeling With First-Order Differential Equations/2.2. Growth and Decay Models With First-Order ODEs/Source/2.2.7. Qualitative Analysis of the Logistic Growth Equation
76,3674,DEQ.2.2.8,Solving the Logistic Growth Equation,vault/MA/Mathematical-Analysis-&-Modeling/DEQ/2. Modeling With First-Order Differential Equations/2.2. Growth and Decay Models With First-Order ODEs/Lessons/2.2.8. Solving the Logistic Growth Equation.md,vault/MA/Mathematical-Analysis-&-Modeling/DEQ/2. Modeling With First-Order Differential Equations/2.2. Growth and Decay Models With First-Order ODEs/Source/2.2.8. Solving the Logistic Growth Equation
74,3235,DEQ.2.3.1,Velocity and Acceleration as Functions of Displacement,vault/MA/Mathematical-Analysis-&-Modeling/DEQ/2. Modeling With First-Order Differential Equations/2.3. Physical Applications of First-Order ODEs/Lessons/2.3.1. Velocity and Acceleration as Functions of Displacement.md,vault/MA/Mathematical-Analysis-&-Modeling/DEQ/2. Modeling With First-Order Differential Equations/2.3. Physical Applications of First-Order ODEs/Source/2.3.1. Velocity and Acceleration as Functions of Displacement
75,3693,DEQ.2.3.2,Determining Properties of Objects Described as Functions of Displacement,vault/MA/Mathematical-Analysis-&-Modeling/DEQ/2. Modeling With First-Order Differential Equations/2.3. Physical Applications of First-Order ODEs/Lessons/2.3.2. Determining Properties of Objects Described as Functions of Displacement.md,vault/MA/Mathematical-Analysis-&-Modeling/DEQ/2. Modeling With First-Order Differential Equations/2.3. Physical Applications of First-Order ODEs/Source/2.3.2. Determining Properties of Objects Described as Functions of Displacement
75,1712,DEQ.2.3.3,Falling Body Problems With Linear Drag,vault/MA/Mathematical-Analysis-&-Modeling/DEQ/2. Modeling With First-Order Differential Equations/2.3. Physical Applications of First-Order ODEs/Lessons/2.3.3. Falling Body Problems With Linear Drag.md,vault/MA/Mathematical-Analysis-&-Modeling/DEQ/2. Modeling With First-Order Differential Equations/2.3. Physical Applications of First-Order ODEs/Source/2.3.3. Falling Body Problems With Linear Drag
76,6693,DEQ.2.3.4,Falling Body Problems With Quadratic Drag,vault/MA/Mathematical-Analysis-&-Modeling/DEQ/2. Modeling With First-Order Differential Equations/2.3. Physical Applications of First-Order ODEs/Lessons/2.3.4. Falling Body Problems With Quadratic Drag.md,vault/MA/Mathematical-Analysis-&-Modeling/DEQ/2. Modeling With First-Order Differential Equations/2.3. Physical Applications of First-Order ODEs/Source/2.3.4. Falling Body Problems With Quadratic Drag
44,6364,DEQ.2.3.5,Newton's Law of Universal Gravitation,vault/MA/Mathematical-Analysis-&-Modeling/DEQ/2. Modeling With First-Order Differential Equations/2.3. Physical Applications of First-Order ODEs/Lessons/2.3.5. Newton's Law of Universal Gravitation.md,vault/MA/Mathematical-Analysis-&-Modeling/DEQ/2. Modeling With First-Order Differential Equations/2.3. Physical Applications of First-Order ODEs/Source/2.3.5. Newton's Law of Universal Gravitation
75,6699,DEQ.2.3.6,Modeling Escape Velocity With First-Order ODEs,vault/MA/Mathematical-Analysis-&-Modeling/DEQ/2. Modeling With First-Order Differential Equations/2.3. Physical Applications of First-Order ODEs/Lessons/2.3.6. Modeling Escape Velocity With First-Order ODEs.md,vault/MA/Mathematical-Analysis-&-Modeling/DEQ/2. Modeling With First-Order Differential Equations/2.3. Physical Applications of First-Order ODEs/Source/2.3.6. Modeling Escape Velocity With First-Order ODEs
77,1788,DEQ.2.3.7,Modeling RL Circuits With First-Order ODEs,vault/MA/Mathematical-Analysis-&-Modeling/DEQ/2. Modeling With First-Order Differential Equations/2.3. Physical Applications of First-Order ODEs/Lessons/2.3.7. Modeling RL Circuits With First-Order ODEs.md,vault/MA/Mathematical-Analysis-&-Modeling/DEQ/2. Modeling With First-Order Differential Equations/2.3. Physical Applications of First-Order ODEs/Source/2.3.7. Modeling RL Circuits With First-Order ODEs
78,6701,DEQ.2.3.8,Modeling RC Circuits With First-Order ODEs,vault/MA/Mathematical-Analysis-&-Modeling/DEQ/2. Modeling With First-Order Differential Equations/2.3. Physical Applications of First-Order ODEs/Lessons/2.3.8. Modeling RC Circuits With First-Order ODEs.md,vault/MA/Mathematical-Analysis-&-Modeling/DEQ/2. Modeling With First-Order Differential Equations/2.3. Physical Applications of First-Order ODEs/Source/2.3.8. Modeling RC Circuits With First-Order ODEs
65,650,DEQ.3.1.1,Differential Operators,vault/MA/Mathematical-Analysis-&-Modeling/DEQ/3. Linear Differential Equations/3.1. Theory of Solutions to Linear ODEs/Lessons/3.1.1. Differential Operators.md,vault/MA/Mathematical-Analysis-&-Modeling/DEQ/3. Linear Differential Equations/3.1. Theory of Solutions to Linear ODEs/Source/3.1.1. Differential Operators
67,6707,DEQ.3.1.2,Linear Differential Operators,vault/MA/Mathematical-Analysis-&-Modeling/DEQ/3. Linear Differential Equations/3.1. Theory of Solutions to Linear ODEs/Lessons/3.1.2. Linear Differential Operators.md,vault/MA/Mathematical-Analysis-&-Modeling/DEQ/3. Linear Differential Equations/3.1. Theory of Solutions to Linear ODEs/Source/3.1.2. Linear Differential Operators
73,2548,DEQ.3.1.3,Introduction to Second-Order Linear ODEs,vault/MA/Mathematical-Analysis-&-Modeling/DEQ/3. Linear Differential Equations/3.1. Theory of Solutions to Linear ODEs/Lessons/3.1.3. Introduction to Second-Order Linear ODEs.md,vault/MA/Mathematical-Analysis-&-Modeling/DEQ/3. Linear Differential Equations/3.1. Theory of Solutions to Linear ODEs/Source/3.1.3. Introduction to Second-Order Linear ODEs
74,2549,DEQ.3.1.4,The Superposition Principle,vault/MA/Mathematical-Analysis-&-Modeling/DEQ/3. Linear Differential Equations/3.1. Theory of Solutions to Linear ODEs/Lessons/3.1.4. The Superposition Principle.md,vault/MA/Mathematical-Analysis-&-Modeling/DEQ/3. Linear Differential Equations/3.1. Theory of Solutions to Linear ODEs/Source/3.1.4. The Superposition Principle
74,1925,DEQ.3.1.5,Reduction of Order,vault/MA/Mathematical-Analysis-&-Modeling/DEQ/3. Linear Differential Equations/3.1. Theory of Solutions to Linear ODEs/Lessons/3.1.5. Reduction of Order.md,vault/MA/Mathematical-Analysis-&-Modeling/DEQ/3. Linear Differential Equations/3.1. Theory of Solutions to Linear ODEs/Source/3.1.5. Reduction of Order
74,2547,DEQ.3.1.6,Linear Independence of Solutions to Homogeneous ODEs,vault/MA/Mathematical-Analysis-&-Modeling/DEQ/3. Linear Differential Equations/3.1. Theory of Solutions to Linear ODEs/Lessons/3.1.6. Linear Independence of Solutions to Homogeneous ODEs.md,vault/MA/Mathematical-Analysis-&-Modeling/DEQ/3. Linear Differential Equations/3.1. Theory of Solutions to Linear ODEs/Source/3.1.6. Linear Independence of Solutions to Homogeneous ODEs
75,2740,DEQ.3.1.7,General Solutions of Linear ODEs,vault/MA/Mathematical-Analysis-&-Modeling/DEQ/3. Linear Differential Equations/3.1. Theory of Solutions to Linear ODEs/Lessons/3.1.7. General Solutions of Linear ODEs.md,vault/MA/Mathematical-Analysis-&-Modeling/DEQ/3. Linear Differential Equations/3.1. Theory of Solutions to Linear ODEs/Source/3.1.7. General Solutions of Linear ODEs
75,6367,DEQ.3.1.8,Abel's Identity,vault/MA/Mathematical-Analysis-&-Modeling/DEQ/3. Linear Differential Equations/3.1. Theory of Solutions to Linear ODEs/Lessons/3.1.8. Abel's Identity.md,vault/MA/Mathematical-Analysis-&-Modeling/DEQ/3. Linear Differential Equations/3.1. Theory of Solutions to Linear ODEs/Source/3.1.8. Abel's Identity
76,614,DEQ.3.2.1,Second-Order Homogeneous ODEs: Characteristic Equations With Distinct Real Roots,vault/MA/Mathematical-Analysis-&-Modeling/DEQ/3. Linear Differential Equations/3.2. Second-Order Linear ODEs With Constant Coefficients/Lessons/3.2.1. Second-Order Homogeneous ODEs- Characteristic Equations With Distinct Real Roots.md,vault/MA/Mathematical-Analysis-&-Modeling/DEQ/3. Linear Differential Equations/3.2. Second-Order Linear ODEs With Constant Coefficients/Source/3.2.1. Second-Order Homogeneous ODEs- Characteristic Equations With Distinct Real Roots
77,879,DEQ.3.2.2,Second-Order Homogeneous ODEs: Characteristic Equations With Repeated Roots,vault/MA/Mathematical-Analysis-&-Modeling/DEQ/3. Linear Differential Equations/3.2. Second-Order Linear ODEs With Constant Coefficients/Lessons/3.2.2. Second-Order Homogeneous ODEs- Characteristic Equations With Repeated Roots.md,vault/MA/Mathematical-Analysis-&-Modeling/DEQ/3. Linear Differential Equations/3.2. Second-Order Linear ODEs With Constant Coefficients/Source/3.2.2. Second-Order Homogeneous ODEs- Characteristic Equations With Repeated Roots
77,880,DEQ.3.2.3,Second-Order Homogeneous ODEs: Characteristic Equations With Complex Roots,vault/MA/Mathematical-Analysis-&-Modeling/DEQ/3. Linear Differential Equations/3.2. Second-Order Linear ODEs With Constant Coefficients/Lessons/3.2.3. Second-Order Homogeneous ODEs- Characteristic Equations With Complex Roots.md,vault/MA/Mathematical-Analysis-&-Modeling/DEQ/3. Linear Differential Equations/3.2. Second-Order Linear ODEs With Constant Coefficients/Source/3.2.3. Second-Order Homogeneous ODEs- Characteristic Equations With Complex Roots
78,2741,DEQ.3.2.4,Second-Order Homogeneous Initial Value Problems,vault/MA/Mathematical-Analysis-&-Modeling/DEQ/3. Linear Differential Equations/3.2. Second-Order Linear ODEs With Constant Coefficients/Lessons/3.2.4. Second-Order Homogeneous Initial Value Problems.md,vault/MA/Mathematical-Analysis-&-Modeling/DEQ/3. Linear Differential Equations/3.2. Second-Order Linear ODEs With Constant Coefficients/Source/3.2.4. Second-Order Homogeneous Initial Value Problems
79,881,DEQ.3.2.5,Second-Order Inhomogeneous ODEs With Polynomial Forcing,vault/MA/Mathematical-Analysis-&-Modeling/DEQ/3. Linear Differential Equations/3.2. Second-Order Linear ODEs With Constant Coefficients/Lessons/3.2.5. Second-Order Inhomogeneous ODEs With Polynomial Forcing.md,vault/MA/Mathematical-Analysis-&-Modeling/DEQ/3. Linear Differential Equations/3.2. Second-Order Linear ODEs With Constant Coefficients/Source/3.2.5. Second-Order Inhomogeneous ODEs With Polynomial Forcing
79,882,DEQ.3.2.6,Second-Order Inhomogeneous ODEs With Exponential Forcing,vault/MA/Mathematical-Analysis-&-Modeling/DEQ/3. Linear Differential Equations/3.2. Second-Order Linear ODEs With Constant Coefficients/Lessons/3.2.6. Second-Order Inhomogeneous ODEs With Exponential Forcing.md,vault/MA/Mathematical-Analysis-&-Modeling/DEQ/3. Linear Differential Equations/3.2. Second-Order Linear ODEs With Constant Coefficients/Source/3.2.6. Second-Order Inhomogeneous ODEs With Exponential Forcing
79,883,DEQ.3.2.7,Second-Order Inhomogeneous ODEs With Sinusoidal Forcing,vault/MA/Mathematical-Analysis-&-Modeling/DEQ/3. Linear Differential Equations/3.2. Second-Order Linear ODEs With Constant Coefficients/Lessons/3.2.7. Second-Order Inhomogeneous ODEs With Sinusoidal Forcing.md,vault/MA/Mathematical-Analysis-&-Modeling/DEQ/3. Linear Differential Equations/3.2. Second-Order Linear ODEs With Constant Coefficients/Source/3.2.7. Second-Order Inhomogeneous ODEs With Sinusoidal Forcing
77,2528,DEQ.3.3.1,Cauchy-Euler Equations: Characteristic Equations With Distinct Real Roots,vault/MA/Mathematical-Analysis-&-Modeling/DEQ/3. Linear Differential Equations/3.3. The Cauchy-Euler Equations/Lessons/3.3.1. Cauchy-Euler Equations- Characteristic Equations With Distinct Real Roots.md,vault/MA/Mathematical-Analysis-&-Modeling/DEQ/3. Linear Differential Equations/3.3. The Cauchy-Euler Equations/Source/3.3.1. Cauchy-Euler Equations- Characteristic Equations With Distinct Real Roots
78,2544,DEQ.3.3.2,Cauchy-Euler Equations: Characteristic Equations With Repeated Roots,vault/MA/Mathematical-Analysis-&-Modeling/DEQ/3. Linear Differential Equations/3.3. The Cauchy-Euler Equations/Lessons/3.3.2. Cauchy-Euler Equations- Characteristic Equations With Repeated Roots.md,vault/MA/Mathematical-Analysis-&-Modeling/DEQ/3. Linear Differential Equations/3.3. The Cauchy-Euler Equations/Source/3.3.2. Cauchy-Euler Equations- Characteristic Equations With Repeated Roots
78,2545,DEQ.3.3.3,Cauchy-Euler Equations: Characteristic Equations With Complex Roots,vault/MA/Mathematical-Analysis-&-Modeling/DEQ/3. Linear Differential Equations/3.3. The Cauchy-Euler Equations/Lessons/3.3.3. Cauchy-Euler Equations- Characteristic Equations With Complex Roots.md,vault/MA/Mathematical-Analysis-&-Modeling/DEQ/3. Linear Differential Equations/3.3. The Cauchy-Euler Equations/Source/3.3.3. Cauchy-Euler Equations- Characteristic Equations With Complex Roots
80,2546,DEQ.3.3.4,Cauchy-Euler Equations With Forcing,vault/MA/Mathematical-Analysis-&-Modeling/DEQ/3. Linear Differential Equations/3.3. The Cauchy-Euler Equations/Lessons/3.3.4. Cauchy-Euler Equations With Forcing.md,vault/MA/Mathematical-Analysis-&-Modeling/DEQ/3. Linear Differential Equations/3.3. The Cauchy-Euler Equations/Source/3.3.4. Cauchy-Euler Equations With Forcing
77,2973,DEQ.3.4.1,Variation of Parameters for First-Order Linear ODEs,vault/MA/Mathematical-Analysis-&-Modeling/DEQ/3. Linear Differential Equations/3.4. Variation of Parameters/Lessons/3.4.1. Variation of Parameters for First-Order Linear ODEs.md,vault/MA/Mathematical-Analysis-&-Modeling/DEQ/3. Linear Differential Equations/3.4. Variation of Parameters/Source/3.4.1. Variation of Parameters for First-Order Linear ODEs
78,2527,DEQ.3.4.2,Variation of Parameters for Second-Order ODEs,vault/MA/Mathematical-Analysis-&-Modeling/DEQ/3. Linear Differential Equations/3.4. Variation of Parameters/Lessons/3.4.2. Variation of Parameters for Second-Order ODEs.md,vault/MA/Mathematical-Analysis-&-Modeling/DEQ/3. Linear Differential Equations/3.4. Variation of Parameters/Source/3.4.2. Variation of Parameters for Second-Order ODEs
79,6704,DEQ.3.4.3,Solving Second-Order ODEs Using Variation of Parameters,vault/MA/Mathematical-Analysis-&-Modeling/DEQ/3. Linear Differential Equations/3.4. Variation of Parameters/Lessons/3.4.3. Solving Second-Order ODEs Using Variation of Parameters.md,vault/MA/Mathematical-Analysis-&-Modeling/DEQ/3. Linear Differential Equations/3.4. Variation of Parameters/Source/3.4.3. Solving Second-Order ODEs Using Variation of Parameters
80,3209,DEQ.3.4.4,Variation of Parameters With Higher-Order ODEs,vault/MA/Mathematical-Analysis-&-Modeling/DEQ/3. Linear Differential Equations/3.4. Variation of Parameters/Lessons/3.4.4. Variation of Parameters With Higher-Order ODEs.md,vault/MA/Mathematical-Analysis-&-Modeling/DEQ/3. Linear Differential Equations/3.4. Variation of Parameters/Source/3.4.4. Variation of Parameters With Higher-Order ODEs
78,2524,DEQ.3.5.1,Simple Harmonic Oscillators,vault/MA/Mathematical-Analysis-&-Modeling/DEQ/3. Linear Differential Equations/3.5. Modeling With Second-Order ODEs/Lessons/3.5.1. Simple Harmonic Oscillators.md,vault/MA/Mathematical-Analysis-&-Modeling/DEQ/3. Linear Differential Equations/3.5. Modeling With Second-Order ODEs/Source/3.5.1. Simple Harmonic Oscillators
79,2525,DEQ.3.5.2,Damped Oscillators,vault/MA/Mathematical-Analysis-&-Modeling/DEQ/3. Linear Differential Equations/3.5. Modeling With Second-Order ODEs/Lessons/3.5.2. Damped Oscillators.md,vault/MA/Mathematical-Analysis-&-Modeling/DEQ/3. Linear Differential Equations/3.5. Modeling With Second-Order ODEs/Source/3.5.2. Damped Oscillators
80,2526,DEQ.3.5.3,Forced Oscillators,vault/MA/Mathematical-Analysis-&-Modeling/DEQ/3. Linear Differential Equations/3.5. Modeling With Second-Order ODEs/Lessons/3.5.3. Forced Oscillators.md,vault/MA/Mathematical-Analysis-&-Modeling/DEQ/3. Linear Differential Equations/3.5. Modeling With Second-Order ODEs/Source/3.5.3. Forced Oscillators
81,6720,DEQ.3.5.4,Resonance in Vibrating Systems,vault/MA/Mathematical-Analysis-&-Modeling/DEQ/3. Linear Differential Equations/3.5. Modeling With Second-Order ODEs/Lessons/3.5.4. Resonance in Vibrating Systems.md,vault/MA/Mathematical-Analysis-&-Modeling/DEQ/3. Linear Differential Equations/3.5. Modeling With Second-Order ODEs/Source/3.5.4. Resonance in Vibrating Systems
80,1845,DEQ.3.5.5,Modeling Capacitor Charge in RCL Circuits With Second-Order ODEs,vault/MA/Mathematical-Analysis-&-Modeling/DEQ/3. Linear Differential Equations/3.5. Modeling With Second-Order ODEs/Lessons/3.5.5. Modeling Capacitor Charge in RCL Circuits With Second-Order ODEs.md,vault/MA/Mathematical-Analysis-&-Modeling/DEQ/3. Linear Differential Equations/3.5. Modeling With Second-Order ODEs/Source/3.5.5. Modeling Capacitor Charge in RCL Circuits With Second-Order ODEs
81,6726,DEQ.3.5.6,Modeling Current in RCL Circuits With Second-Order ODEs,vault/MA/Mathematical-Analysis-&-Modeling/DEQ/3. Linear Differential Equations/3.5. Modeling With Second-Order ODEs/Lessons/3.5.6. Modeling Current in RCL Circuits With Second-Order ODEs.md,vault/MA/Mathematical-Analysis-&-Modeling/DEQ/3. Linear Differential Equations/3.5. Modeling With Second-Order ODEs/Source/3.5.6. Modeling Current in RCL Circuits With Second-Order ODEs
73,2086,DEQ.4.1.1,Introduction to Systems of Linear ODEs,vault/MA/Mathematical-Analysis-&-Modeling/DEQ/4. Systems of Differential Equations/4.1. Systems of ODEs/Lessons/4.1.1. Introduction to Systems of Linear ODEs.md,vault/MA/Mathematical-Analysis-&-Modeling/DEQ/4. Systems of Differential Equations/4.1. Systems of ODEs/Source/4.1.1. Introduction to Systems of Linear ODEs
74,3186,DEQ.4.1.2,Expressing Homogeneous ODEs as First-Order Systems,vault/MA/Mathematical-Analysis-&-Modeling/DEQ/4. Systems of Differential Equations/4.1. Systems of ODEs/Lessons/4.1.2. Expressing Homogeneous ODEs as First-Order Systems.md,vault/MA/Mathematical-Analysis-&-Modeling/DEQ/4. Systems of Differential Equations/4.1. Systems of ODEs/Source/4.1.2. Expressing Homogeneous ODEs as First-Order Systems
75,3635,DEQ.4.1.3,Expressing Inhomogeneous ODEs as First-Order Systems,vault/MA/Mathematical-Analysis-&-Modeling/DEQ/4. Systems of Differential Equations/4.1. Systems of ODEs/Lessons/4.1.3. Expressing Inhomogeneous ODEs as First-Order Systems.md,vault/MA/Mathematical-Analysis-&-Modeling/DEQ/4. Systems of Differential Equations/4.1. Systems of ODEs/Source/4.1.3. Expressing Inhomogeneous ODEs as First-Order Systems
75,6374,DEQ.4.1.4,Linear Independence for Homogeneous Systems of ODEs,vault/MA/Mathematical-Analysis-&-Modeling/DEQ/4. Systems of Differential Equations/4.1. Systems of ODEs/Lessons/4.1.4. Linear Independence for Homogeneous Systems of ODEs.md,vault/MA/Mathematical-Analysis-&-Modeling/DEQ/4. Systems of Differential Equations/4.1. Systems of ODEs/Source/4.1.4. Linear Independence for Homogeneous Systems of ODEs
76,3237,DEQ.4.1.5,General Solutions of First-Order Linear Systems of ODEs,vault/MA/Mathematical-Analysis-&-Modeling/DEQ/4. Systems of Differential Equations/4.1. Systems of ODEs/Lessons/4.1.5. General Solutions of First-Order Linear Systems of ODEs.md,vault/MA/Mathematical-Analysis-&-Modeling/DEQ/4. Systems of Differential Equations/4.1. Systems of ODEs/Source/4.1.5. General Solutions of First-Order Linear Systems of ODEs
77,3238,DEQ.4.2.1,Solving Decoupled Homogeneous Systems of ODEs,vault/MA/Mathematical-Analysis-&-Modeling/DEQ/4. Systems of Differential Equations/4.2. Solving Systems of Linear ODEs/Lessons/4.2.1. Solving Decoupled Homogeneous Systems of ODEs.md,vault/MA/Mathematical-Analysis-&-Modeling/DEQ/4. Systems of Differential Equations/4.2. Solving Systems of Linear ODEs/Source/4.2.1. Solving Decoupled Homogeneous Systems of ODEs
79,2087,DEQ.4.2.2,Solving Homogeneous Systems of ODEs With Distinct Eigenvalues,vault/MA/Mathematical-Analysis-&-Modeling/DEQ/4. Systems of Differential Equations/4.2. Solving Systems of Linear ODEs/Lessons/4.2.2. Solving Homogeneous Systems of ODEs With Distinct Eigenvalues.md,vault/MA/Mathematical-Analysis-&-Modeling/DEQ/4. Systems of Differential Equations/4.2. Solving Systems of Linear ODEs/Source/4.2.2. Solving Homogeneous Systems of ODEs With Distinct Eigenvalues
80,2088,DEQ.4.2.3,Solving Homogeneous Systems of ODEs With Distinct Eigenvalues and Initial Conditions,vault/MA/Mathematical-Analysis-&-Modeling/DEQ/4. Systems of Differential Equations/4.2. Solving Systems of Linear ODEs/Lessons/4.2.3. Solving Homogeneous Systems of ODEs With Distinct Eigenvalues and Initial Conditions.md,vault/MA/Mathematical-Analysis-&-Modeling/DEQ/4. Systems of Differential Equations/4.2. Solving Systems of Linear ODEs/Source/4.2.3. Solving Homogeneous Systems of ODEs With Distinct Eigenvalues and Initial Conditions
81,2818,DEQ.4.2.4,Solving Homogeneous Systems of ODEs With Repeated Eigenvalues,vault/MA/Mathematical-Analysis-&-Modeling/DEQ/4. Systems of Differential Equations/4.2. Solving Systems of Linear ODEs/Lessons/4.2.4. Solving Homogeneous Systems of ODEs With Repeated Eigenvalues.md,vault/MA/Mathematical-Analysis-&-Modeling/DEQ/4. Systems of Differential Equations/4.2. Solving Systems of Linear ODEs/Source/4.2.4. Solving Homogeneous Systems of ODEs With Repeated Eigenvalues
81,2819,DEQ.4.2.5,Solving Homogeneous Systems of ODEs With Complex Eigenvalues,vault/MA/Mathematical-Analysis-&-Modeling/DEQ/4. Systems of Differential Equations/4.2. Solving Systems of Linear ODEs/Lessons/4.2.5. Solving Homogeneous Systems of ODEs With Complex Eigenvalues.md,vault/MA/Mathematical-Analysis-&-Modeling/DEQ/4. Systems of Differential Equations/4.2. Solving Systems of Linear ODEs/Source/4.2.5. Solving Homogeneous Systems of ODEs With Complex Eigenvalues
82,3189,DEQ.4.2.6,Solving Inhomogeneous Systems of ODEs,vault/MA/Mathematical-Analysis-&-Modeling/DEQ/4. Systems of Differential Equations/4.2. Solving Systems of Linear ODEs/Lessons/4.2.6. Solving Inhomogeneous Systems of ODEs.md,vault/MA/Mathematical-Analysis-&-Modeling/DEQ/4. Systems of Differential Equations/4.2. Solving Systems of Linear ODEs/Source/4.2.6. Solving Inhomogeneous Systems of ODEs
81,3188,DEQ.4.3.1,Phase Planes and Phase Portraits,vault/MA/Mathematical-Analysis-&-Modeling/DEQ/4. Systems of Differential Equations/4.3. Phase Portraits for Systems of Linear ODEs/Lessons/4.3.1. Phase Planes and Phase Portraits.md,vault/MA/Mathematical-Analysis-&-Modeling/DEQ/4. Systems of Differential Equations/4.3. Phase Portraits for Systems of Linear ODEs/Source/4.3.1. Phase Planes and Phase Portraits
82,6377,DEQ.4.3.2,Equilibrium Points and Stability for Systems of ODEs,vault/MA/Mathematical-Analysis-&-Modeling/DEQ/4. Systems of Differential Equations/4.3. Phase Portraits for Systems of Linear ODEs/Lessons/4.3.2. Equilibrium Points and Stability for Systems of ODEs.md,vault/MA/Mathematical-Analysis-&-Modeling/DEQ/4. Systems of Differential Equations/4.3. Phase Portraits for Systems of Linear ODEs/Source/4.3.2. Equilibrium Points and Stability for Systems of ODEs
83,3242,DEQ.4.3.3,Phase Portraits for Decoupled Linear Systems,vault/MA/Mathematical-Analysis-&-Modeling/DEQ/4. Systems of Differential Equations/4.3. Phase Portraits for Systems of Linear ODEs/Lessons/4.3.3. Phase Portraits for Decoupled Linear Systems.md,vault/MA/Mathematical-Analysis-&-Modeling/DEQ/4. Systems of Differential Equations/4.3. Phase Portraits for Systems of Linear ODEs/Source/4.3.3. Phase Portraits for Decoupled Linear Systems
84,3239,DEQ.4.3.4,Phase Portraits for Linear Systems With Real Distinct Eigenvalues,vault/MA/Mathematical-Analysis-&-Modeling/DEQ/4. Systems of Differential Equations/4.3. Phase Portraits for Systems of Linear ODEs/Lessons/4.3.4. Phase Portraits for Linear Systems With Real Distinct Eigenvalues.md,vault/MA/Mathematical-Analysis-&-Modeling/DEQ/4. Systems of Differential Equations/4.3. Phase Portraits for Systems of Linear ODEs/Source/4.3.4. Phase Portraits for Linear Systems With Real Distinct Eigenvalues
85,3240,DEQ.4.3.5,Phase Portraits for Linear Systems With Repeated Eigenvalues,vault/MA/Mathematical-Analysis-&-Modeling/DEQ/4. Systems of Differential Equations/4.3. Phase Portraits for Systems of Linear ODEs/Lessons/4.3.5. Phase Portraits for Linear Systems With Repeated Eigenvalues.md,vault/MA/Mathematical-Analysis-&-Modeling/DEQ/4. Systems of Differential Equations/4.3. Phase Portraits for Systems of Linear ODEs/Source/4.3.5. Phase Portraits for Linear Systems With Repeated Eigenvalues
86,6379,DEQ.4.3.6,Phase Portraits for Linear Systems With Zero Eigenvalues,vault/MA/Mathematical-Analysis-&-Modeling/DEQ/4. Systems of Differential Equations/4.3. Phase Portraits for Systems of Linear ODEs/Lessons/4.3.6. Phase Portraits for Linear Systems With Zero Eigenvalues.md,vault/MA/Mathematical-Analysis-&-Modeling/DEQ/4. Systems of Differential Equations/4.3. Phase Portraits for Systems of Linear ODEs/Source/4.3.6. Phase Portraits for Linear Systems With Zero Eigenvalues
85,3241,DEQ.4.3.7,Phase Portraits for Linear Systems With Complex Eigenvalues,vault/MA/Mathematical-Analysis-&-Modeling/DEQ/4. Systems of Differential Equations/4.3. Phase Portraits for Systems of Linear ODEs/Lessons/4.3.7. Phase Portraits for Linear Systems With Complex Eigenvalues.md,vault/MA/Mathematical-Analysis-&-Modeling/DEQ/4. Systems of Differential Equations/4.3. Phase Portraits for Systems of Linear ODEs/Source/4.3.7. Phase Portraits for Linear Systems With Complex Eigenvalues
87,6380,DEQ.4.3.8,Shifted Systems of ODEs,vault/MA/Mathematical-Analysis-&-Modeling/DEQ/4. Systems of Differential Equations/4.3. Phase Portraits for Systems of Linear ODEs/Lessons/4.3.8. Shifted Systems of ODEs.md,vault/MA/Mathematical-Analysis-&-Modeling/DEQ/4. Systems of Differential Equations/4.3. Phase Portraits for Systems of Linear ODEs/Source/4.3.8. Shifted Systems of ODEs
88,6378,DEQ.4.3.9,Linear Approximations Near Equilibria,vault/MA/Mathematical-Analysis-&-Modeling/DEQ/4. Systems of Differential Equations/4.3. Phase Portraits for Systems of Linear ODEs/Lessons/4.3.9. Linear Approximations Near Equilibria.md,vault/MA/Mathematical-Analysis-&-Modeling/DEQ/4. Systems of Differential Equations/4.3. Phase Portraits for Systems of Linear ODEs/Source/4.3.9. Linear Approximations Near Equilibria
78,6375,DEQ.4.4.1,Matrix Exponentials,vault/MA/Mathematical-Analysis-&-Modeling/DEQ/4. Systems of Differential Equations/4.4. Solving Systems of ODEs Using Matrix Methods/Lessons/4.4.1. Matrix Exponentials.md,vault/MA/Mathematical-Analysis-&-Modeling/DEQ/4. Systems of Differential Equations/4.4. Solving Systems of ODEs Using Matrix Methods/Source/4.4.1. Matrix Exponentials
81,6376,DEQ.4.4.2,Fundamental Matrices,vault/MA/Mathematical-Analysis-&-Modeling/DEQ/4. Systems of Differential Equations/4.4. Solving Systems of ODEs Using Matrix Methods/Lessons/4.4.2. Fundamental Matrices.md,vault/MA/Mathematical-Analysis-&-Modeling/DEQ/4. Systems of Differential Equations/4.4. Solving Systems of ODEs Using Matrix Methods/Source/4.4.2. Fundamental Matrices
82,6690,DEQ.4.4.3,Solving Homogeneous Systems of ODEs Using Matrix Methods,vault/MA/Mathematical-Analysis-&-Modeling/DEQ/4. Systems of Differential Equations/4.4. Solving Systems of ODEs Using Matrix Methods/Lessons/4.4.3. Solving Homogeneous Systems of ODEs Using Matrix Methods.md,vault/MA/Mathematical-Analysis-&-Modeling/DEQ/4. Systems of Differential Equations/4.4. Solving Systems of ODEs Using Matrix Methods/Source/4.4.3. Solving Homogeneous Systems of ODEs Using Matrix Methods
83,6691,DEQ.4.4.4,Solving Inhomogeneous Systems of ODEs Using Matrix Methods,vault/MA/Mathematical-Analysis-&-Modeling/DEQ/4. Systems of Differential Equations/4.4. Solving Systems of ODEs Using Matrix Methods/Lessons/4.4.4. Solving Inhomogeneous Systems of ODEs Using Matrix Methods.md,vault/MA/Mathematical-Analysis-&-Modeling/DEQ/4. Systems of Differential Equations/4.4. Solving Systems of ODEs Using Matrix Methods/Source/4.4.4. Solving Inhomogeneous Systems of ODEs Using Matrix Methods
84,3187,DEQ.4.4.5,Solving Systems of ODEs Using Variation of Parameters,vault/MA/Mathematical-Analysis-&-Modeling/DEQ/4. Systems of Differential Equations/4.4. Solving Systems of ODEs Using Matrix Methods/Lessons/4.4.5. Solving Systems of ODEs Using Variation of Parameters.md,vault/MA/Mathematical-Analysis-&-Modeling/DEQ/4. Systems of Differential Equations/4.4. Solving Systems of ODEs Using Matrix Methods/Source/4.4.5. Solving Systems of ODEs Using Variation of Parameters
89,3191,DEQ.4.5.1,The Lotka-Volterra Predator-Prey Model,vault/MA/Mathematical-Analysis-&-Modeling/DEQ/4. Systems of Differential Equations/4.5. Modeling With Systems of Linear ODEs/Lessons/4.5.1. The Lotka-Volterra Predator-Prey Model.md,vault/MA/Mathematical-Analysis-&-Modeling/DEQ/4. Systems of Differential Equations/4.5. Modeling With Systems of Linear ODEs/Source/4.5.1. The Lotka-Volterra Predator-Prey Model
90,3231,DEQ.4.5.2,The Lotka-Volterra Model With Carrying Capacity,vault/MA/Mathematical-Analysis-&-Modeling/DEQ/4. Systems of Differential Equations/4.5. Modeling With Systems of Linear ODEs/Lessons/4.5.2. The Lotka-Volterra Model With Carrying Capacity.md,vault/MA/Mathematical-Analysis-&-Modeling/DEQ/4. Systems of Differential Equations/4.5. Modeling With Systems of Linear ODEs/Source/4.5.2. The Lotka-Volterra Model With Carrying Capacity
63,290,DEQ.5.1.1,The Floor and Ceiling Functions,vault/MA/Mathematical-Analysis-&-Modeling/DEQ/5. Laplace Transforms/5.1. Laplace Transforms/Lessons/5.1.1. The Floor and Ceiling Functions.md,vault/MA/Mathematical-Analysis-&-Modeling/DEQ/5. Laplace Transforms/5.1. Laplace Transforms/Source/5.1.1. The Floor and Ceiling Functions
56,2760,DEQ.5.1.2,The Unit Step Function,vault/MA/Mathematical-Analysis-&-Modeling/DEQ/5. Laplace Transforms/5.1. Laplace Transforms/Lessons/5.1.2. The Unit Step Function.md,vault/MA/Mathematical-Analysis-&-Modeling/DEQ/5. Laplace Transforms/5.1. Laplace Transforms/Source/5.1.2. The Unit Step Function
64,6669,DEQ.5.1.3,Piecewise Continuity,vault/MA/Mathematical-Analysis-&-Modeling/DEQ/5. Laplace Transforms/5.1. Laplace Transforms/Lessons/5.1.3. Piecewise Continuity.md,vault/MA/Mathematical-Analysis-&-Modeling/DEQ/5. Laplace Transforms/5.1. Laplace Transforms/Source/5.1.3. Piecewise Continuity
73,2529,DEQ.5.1.4,Introduction to Laplace Transforms,vault/MA/Mathematical-Analysis-&-Modeling/DEQ/5. Laplace Transforms/5.1. Laplace Transforms/Lessons/5.1.4. Introduction to Laplace Transforms.md,vault/MA/Mathematical-Analysis-&-Modeling/DEQ/5. Laplace Transforms/5.1. Laplace Transforms/Source/5.1.4. Introduction to Laplace Transforms
74,2537,DEQ.5.1.5,Linearity of Laplace Transforms,vault/MA/Mathematical-Analysis-&-Modeling/DEQ/5. Laplace Transforms/5.1. Laplace Transforms/Lessons/5.1.5. Linearity of Laplace Transforms.md,vault/MA/Mathematical-Analysis-&-Modeling/DEQ/5. Laplace Transforms/5.1. Laplace Transforms/Source/5.1.5. Linearity of Laplace Transforms
74,6717,DEQ.5.1.6,Laplace Transforms of Piecewise Continuous Functions,vault/MA/Mathematical-Analysis-&-Modeling/DEQ/5. Laplace Transforms/5.1. Laplace Transforms/Lessons/5.1.6. Laplace Transforms of Piecewise Continuous Functions.md,vault/MA/Mathematical-Analysis-&-Modeling/DEQ/5. Laplace Transforms/5.1. Laplace Transforms/Source/5.1.6. Laplace Transforms of Piecewise Continuous Functions
75,6402,DEQ.5.1.7,The Smoothness Property of Laplace Transforms,vault/MA/Mathematical-Analysis-&-Modeling/DEQ/5. Laplace Transforms/5.1. Laplace Transforms/Lessons/5.1.7. The Smoothness Property of Laplace Transforms.md,vault/MA/Mathematical-Analysis-&-Modeling/DEQ/5. Laplace Transforms/5.1. Laplace Transforms/Source/5.1.7. The Smoothness Property of Laplace Transforms
74,2538,DEQ.5.1.8,Laplace Transforms of Derivatives,vault/MA/Mathematical-Analysis-&-Modeling/DEQ/5. Laplace Transforms/5.1. Laplace Transforms/Lessons/5.1.8. Laplace Transforms of Derivatives.md,vault/MA/Mathematical-Analysis-&-Modeling/DEQ/5. Laplace Transforms/5.1. Laplace Transforms/Source/5.1.8. Laplace Transforms of Derivatives
77,6372,DEQ.5.1.9,Laplace Transforms of Integrals,vault/MA/Mathematical-Analysis-&-Modeling/DEQ/5. Laplace Transforms/5.1. Laplace Transforms/Lessons/5.1.9. Laplace Transforms of Integrals.md,vault/MA/Mathematical-Analysis-&-Modeling/DEQ/5. Laplace Transforms/5.1. Laplace Transforms/Source/5.1.9. Laplace Transforms of Integrals
76,6369,DEQ.5.1.10,The First Shifting Theorem of Laplace Transforms,vault/MA/Mathematical-Analysis-&-Modeling/DEQ/5. Laplace Transforms/5.1. Laplace Transforms/Lessons/5.1.10. The First Shifting Theorem of Laplace Transforms.md,vault/MA/Mathematical-Analysis-&-Modeling/DEQ/5. Laplace Transforms/5.1. Laplace Transforms/Source/5.1.10. The First Shifting Theorem of Laplace Transforms
76,6370,DEQ.5.1.11,The Second Shifting Theorem of Laplace Transforms,vault/MA/Mathematical-Analysis-&-Modeling/DEQ/5. Laplace Transforms/5.1. Laplace Transforms/Lessons/5.1.11. The Second Shifting Theorem of Laplace Transforms.md,vault/MA/Mathematical-Analysis-&-Modeling/DEQ/5. Laplace Transforms/5.1. Laplace Transforms/Source/5.1.11. The Second Shifting Theorem of Laplace Transforms
76,2530,DEQ.5.1.12,Inverse Laplace Transforms,vault/MA/Mathematical-Analysis-&-Modeling/DEQ/5. Laplace Transforms/5.1. Laplace Transforms/Lessons/5.1.12. Inverse Laplace Transforms.md,vault/MA/Mathematical-Analysis-&-Modeling/DEQ/5. Laplace Transforms/5.1. Laplace Transforms/Source/5.1.12. Inverse Laplace Transforms
77,2531,DEQ.5.2.1,Solving First-Order ODEs Using Laplace Transforms,vault/MA/Mathematical-Analysis-&-Modeling/DEQ/5. Laplace Transforms/5.2. Solving Linear ODEs Using Laplace Transforms/Lessons/5.2.1. Solving First-Order ODEs Using Laplace Transforms.md,vault/MA/Mathematical-Analysis-&-Modeling/DEQ/5. Laplace Transforms/5.2. Solving Linear ODEs Using Laplace Transforms/Source/5.2.1. Solving First-Order ODEs Using Laplace Transforms
78,6718,DEQ.5.2.2,Solving First-Order ODEs With Time-Delayed Forcing Using Laplace Transforms,vault/MA/Mathematical-Analysis-&-Modeling/DEQ/5. Laplace Transforms/5.2. Solving Linear ODEs Using Laplace Transforms/Lessons/5.2.2. Solving First-Order ODEs With Time-Delayed Forcing Using Laplace Transforms.md,vault/MA/Mathematical-Analysis-&-Modeling/DEQ/5. Laplace Transforms/5.2. Solving Linear ODEs Using Laplace Transforms/Source/5.2.2. Solving First-Order ODEs With Time-Delayed Forcing Using Laplace Transforms
78,2540,DEQ.5.2.3,Solving Second-Order ODEs Using Laplace Transforms,vault/MA/Mathematical-Analysis-&-Modeling/DEQ/5. Laplace Transforms/5.2. Solving Linear ODEs Using Laplace Transforms/Lessons/5.2.3. Solving Second-Order ODEs Using Laplace Transforms.md,vault/MA/Mathematical-Analysis-&-Modeling/DEQ/5. Laplace Transforms/5.2. Solving Linear ODEs Using Laplace Transforms/Source/5.2.3. Solving Second-Order ODEs Using Laplace Transforms
79,6728,DEQ.5.2.4,Solving Second-Order ODEs With Time-Delayed Forcing Using Laplace Transforms,vault/MA/Mathematical-Analysis-&-Modeling/DEQ/5. Laplace Transforms/5.2. Solving Linear ODEs Using Laplace Transforms/Lessons/5.2.4. Solving Second-Order ODEs With Time-Delayed Forcing Using Laplace Transforms.md,vault/MA/Mathematical-Analysis-&-Modeling/DEQ/5. Laplace Transforms/5.2. Solving Linear ODEs Using Laplace Transforms/Source/5.2.4. Solving Second-Order ODEs With Time-Delayed Forcing Using Laplace Transforms
81,3232,DEQ.5.2.5,Solving Homogeneous Systems of ODEs Using Laplace Transforms,vault/MA/Mathematical-Analysis-&-Modeling/DEQ/5. Laplace Transforms/5.2. Solving Linear ODEs Using Laplace Transforms/Lessons/5.2.5. Solving Homogeneous Systems of ODEs Using Laplace Transforms.md,vault/MA/Mathematical-Analysis-&-Modeling/DEQ/5. Laplace Transforms/5.2. Solving Linear ODEs Using Laplace Transforms/Source/5.2.5. Solving Homogeneous Systems of ODEs Using Laplace Transforms
83,3190,DEQ.5.2.6,Solving Inhomogeneous Systems of ODEs Using Laplace Transforms,vault/MA/Mathematical-Analysis-&-Modeling/DEQ/5. Laplace Transforms/5.2. Solving Linear ODEs Using Laplace Transforms/Lessons/5.2.6. Solving Inhomogeneous Systems of ODEs Using Laplace Transforms.md,vault/MA/Mathematical-Analysis-&-Modeling/DEQ/5. Laplace Transforms/5.2. Solving Linear ODEs Using Laplace Transforms/Source/5.2.6. Solving Inhomogeneous Systems of ODEs Using Laplace Transforms
77,2742,DEQ.6.1.1,Introduction to Boundary Value Problems,vault/MA/Mathematical-Analysis-&-Modeling/DEQ/6. Boundary Value Problems/6.1. Boundary Value Problems/Lessons/6.1.1. Introduction to Boundary Value Problems.md,vault/MA/Mathematical-Analysis-&-Modeling/DEQ/6. Boundary Value Problems/6.1. Boundary Value Problems/Source/6.1.1. Introduction to Boundary Value Problems
78,6711,DEQ.6.1.2,Second-Order Homogeneous Boundary Value Problems,vault/MA/Mathematical-Analysis-&-Modeling/DEQ/6. Boundary Value Problems/6.1. Boundary Value Problems/Lessons/6.1.2. Second-Order Homogeneous Boundary Value Problems.md,vault/MA/Mathematical-Analysis-&-Modeling/DEQ/6. Boundary Value Problems/6.1. Boundary Value Problems/Source/6.1.2. Second-Order Homogeneous Boundary Value Problems
79,6710,DEQ.6.1.3,Second-Order Inhomogeneous Boundary Value Problems,vault/MA/Mathematical-Analysis-&-Modeling/DEQ/6. Boundary Value Problems/6.1. Boundary Value Problems/Lessons/6.1.3. Second-Order Inhomogeneous Boundary Value Problems.md,vault/MA/Mathematical-Analysis-&-Modeling/DEQ/6. Boundary Value Problems/6.1. Boundary Value Problems/Source/6.1.3. Second-Order Inhomogeneous Boundary Value Problems
79,3211,DEQ.6.1.4,Eigenvalues and Eigenfunctions of Homogeneous BVPs,vault/MA/Mathematical-Analysis-&-Modeling/DEQ/6. Boundary Value Problems/6.1. Boundary Value Problems/Lessons/6.1.4. Eigenvalues and Eigenfunctions of Homogeneous BVPs.md,vault/MA/Mathematical-Analysis-&-Modeling/DEQ/6. Boundary Value Problems/6.1. Boundary Value Problems/Source/6.1.4. Eigenvalues and Eigenfunctions of Homogeneous BVPs
76,3195,DEQ.6.2.1,Introduction to Fourier Series,vault/MA/Mathematical-Analysis-&-Modeling/DEQ/6. Boundary Value Problems/6.2. Fourier Series/Lessons/6.2.1. Introduction to Fourier Series.md,vault/MA/Mathematical-Analysis-&-Modeling/DEQ/6. Boundary Value Problems/6.2. Fourier Series/Source/6.2.1. Introduction to Fourier Series
77,6709,DEQ.6.2.2,Properties of Fourier Series,vault/MA/Mathematical-Analysis-&-Modeling/DEQ/6. Boundary Value Problems/6.2. Fourier Series/Lessons/6.2.2. Properties of Fourier Series.md,vault/MA/Mathematical-Analysis-&-Modeling/DEQ/6. Boundary Value Problems/6.2. Fourier Series/Source/6.2.2. Properties of Fourier Series
78,3196,DEQ.6.2.3,Fourier Sine Series,vault/MA/Mathematical-Analysis-&-Modeling/DEQ/6. Boundary Value Problems/6.2. Fourier Series/Lessons/6.2.3. Fourier Sine Series.md,vault/MA/Mathematical-Analysis-&-Modeling/DEQ/6. Boundary Value Problems/6.2. Fourier Series/Source/6.2.3. Fourier Sine Series
78,3197,DEQ.6.2.4,Fourier Cosine Series,vault/MA/Mathematical-Analysis-&-Modeling/DEQ/6. Boundary Value Problems/6.2. Fourier Series/Lessons/6.2.4. Fourier Cosine Series.md,vault/MA/Mathematical-Analysis-&-Modeling/DEQ/6. Boundary Value Problems/6.2. Fourier Series/Source/6.2.4. Fourier Cosine Series
78,6382,DEQ.6.2.5,Fourier Series of Arbitrary Period,vault/MA/Mathematical-Analysis-&-Modeling/DEQ/6. Boundary Value Problems/6.2. Fourier Series/Lessons/6.2.5. Fourier Series of Arbitrary Period.md,vault/MA/Mathematical-Analysis-&-Modeling/DEQ/6. Boundary Value Problems/6.2. Fourier Series/Source/6.2.5. Fourier Series of Arbitrary Period
79,3198,DEQ.6.2.6,Convergence of Fourier Series,vault/MA/Mathematical-Analysis-&-Modeling/DEQ/6. Boundary Value Problems/6.2. Fourier Series/Lessons/6.2.6. Convergence of Fourier Series.md,vault/MA/Mathematical-Analysis-&-Modeling/DEQ/6. Boundary Value Problems/6.2. Fourier Series/Source/6.2.6. Convergence of Fourier Series
79,6383,DEQ.6.2.7,Differentiating and Integrating Fourier Series,vault/MA/Mathematical-Analysis-&-Modeling/DEQ/6. Boundary Value Problems/6.2. Fourier Series/Lessons/6.2.7. Differentiating and Integrating Fourier Series.md,vault/MA/Mathematical-Analysis-&-Modeling/DEQ/6. Boundary Value Problems/6.2. Fourier Series/Source/6.2.7. Differentiating and Integrating Fourier Series
82,6386,DEQ.6.2.8,Solving ODEs Using Fourier Series,vault/MA/Mathematical-Analysis-&-Modeling/DEQ/6. Boundary Value Problems/6.2. Fourier Series/Lessons/6.2.8. Solving ODEs Using Fourier Series.md,vault/MA/Mathematical-Analysis-&-Modeling/DEQ/6. Boundary Value Problems/6.2. Fourier Series/Source/6.2.8. Solving ODEs Using Fourier Series
83,6721,DEQ.6.2.9,Solving IVPs Using Fourier Series,vault/MA/Mathematical-Analysis-&-Modeling/DEQ/6. Boundary Value Problems/6.2. Fourier Series/Lessons/6.2.9. Solving IVPs Using Fourier Series.md,vault/MA/Mathematical-Analysis-&-Modeling/DEQ/6. Boundary Value Problems/6.2. Fourier Series/Source/6.2.9. Solving IVPs Using Fourier Series
84,6722,DEQ.6.2.10,Solving BVPs Using Fourier Series,vault/MA/Mathematical-Analysis-&-Modeling/DEQ/6. Boundary Value Problems/6.2. Fourier Series/Lessons/6.2.10. Solving BVPs Using Fourier Series.md,vault/MA/Mathematical-Analysis-&-Modeling/DEQ/6. Boundary Value Problems/6.2. Fourier Series/Source/6.2.10. Solving BVPs Using Fourier Series
58,1989,DEQ.7.1.1,Introduction to Recurrence Relations,vault/MA/Mathematical-Analysis-&-Modeling/DEQ/7. Approximating Solutions to Differential Equations/7.1. Series Solutions of Differential Equations/Lessons/7.1.1. Introduction to Recurrence Relations.md,vault/MA/Mathematical-Analysis-&-Modeling/DEQ/7. Approximating Solutions to Differential Equations/7.1. Series Solutions of Differential Equations/Source/7.1.1. Introduction to Recurrence Relations
78,2542,DEQ.7.1.2,Taylor Series Solutions of Differential Equations,vault/MA/Mathematical-Analysis-&-Modeling/DEQ/7. Approximating Solutions to Differential Equations/7.1. Series Solutions of Differential Equations/Lessons/7.1.2. Taylor Series Solutions of Differential Equations.md,vault/MA/Mathematical-Analysis-&-Modeling/DEQ/7. Approximating Solutions to Differential Equations/7.1. Series Solutions of Differential Equations/Source/7.1.2. Taylor Series Solutions of Differential Equations
78,2543,DEQ.7.1.3,Power Series Solutions of Differential Equations,vault/MA/Mathematical-Analysis-&-Modeling/DEQ/7. Approximating Solutions to Differential Equations/7.1. Series Solutions of Differential Equations/Lessons/7.1.3. Power Series Solutions of Differential Equations.md,vault/MA/Mathematical-Analysis-&-Modeling/DEQ/7. Approximating Solutions to Differential Equations/7.1. Series Solutions of Differential Equations/Source/7.1.3. Power Series Solutions of Differential Equations
79,1880,DEQ.7.1.4,Regular Singular Points,vault/MA/Mathematical-Analysis-&-Modeling/DEQ/7. Approximating Solutions to Differential Equations/7.1. Series Solutions of Differential Equations/Lessons/7.1.4. Regular Singular Points.md,vault/MA/Mathematical-Analysis-&-Modeling/DEQ/7. Approximating Solutions to Differential Equations/7.1. Series Solutions of Differential Equations/Source/7.1.4. Regular Singular Points
80,2523,DEQ.7.1.5,The Method of Frobenius,vault/MA/Mathematical-Analysis-&-Modeling/DEQ/7. Approximating Solutions to Differential Equations/7.1. Series Solutions of Differential Equations/Lessons/7.1.5. The Method of Frobenius.md,vault/MA/Mathematical-Analysis-&-Modeling/DEQ/7. Approximating Solutions to Differential Equations/7.1. Series Solutions of Differential Equations/Source/7.1.5. The Method of Frobenius
81,6727,DEQ.7.1.6,Finding Recurrence Relations for the Coefficients of a Frobenius Solution,vault/MA/Mathematical-Analysis-&-Modeling/DEQ/7. Approximating Solutions to Differential Equations/7.1. Series Solutions of Differential Equations/Lessons/7.1.6. Finding Recurrence Relations for the Coefficients of a Frobenius Solution.md,vault/MA/Mathematical-Analysis-&-Modeling/DEQ/7. Approximating Solutions to Differential Equations/7.1. Series Solutions of Differential Equations/Source/7.1.6. Finding Recurrence Relations for the Coefficients of a Frobenius Solution
82,6719,DEQ.7.1.7,Finding General Solutions Using the Method of Frobenius,vault/MA/Mathematical-Analysis-&-Modeling/DEQ/7. Approximating Solutions to Differential Equations/7.1. Series Solutions of Differential Equations/Lessons/7.1.7. Finding General Solutions Using the Method of Frobenius.md,vault/MA/Mathematical-Analysis-&-Modeling/DEQ/7. Approximating Solutions to Differential Equations/7.1. Series Solutions of Differential Equations/Source/7.1.7. Finding General Solutions Using the Method of Frobenius
73,602,DEQ.7.2.1,Euler's Method: Calculating One Step,vault/MA/Mathematical-Analysis-&-Modeling/DEQ/7. Approximating Solutions to Differential Equations/7.2. Euler's Method/Lessons/7.2.1. Euler's Method- Calculating One Step.md,vault/MA/Mathematical-Analysis-&-Modeling/DEQ/7. Approximating Solutions to Differential Equations/7.2. Euler's Method/Source/7.2.1. Euler's Method- Calculating One Step
74,3668,DEQ.7.2.2,Euler's Method: Calculating Multiple Steps,vault/MA/Mathematical-Analysis-&-Modeling/DEQ/7. Approximating Solutions to Differential Equations/7.2. Euler's Method/Lessons/7.2.2. Euler's Method- Calculating Multiple Steps.md,vault/MA/Mathematical-Analysis-&-Modeling/DEQ/7. Approximating Solutions to Differential Equations/7.2. Euler's Method/Source/7.2.2. Euler's Method- Calculating Multiple Steps
75,3247,DEQ.7.2.3,The Modified Euler Method,vault/MA/Mathematical-Analysis-&-Modeling/DEQ/7. Approximating Solutions to Differential Equations/7.2. Euler's Method/Lessons/7.2.3. The Modified Euler Method.md,vault/MA/Mathematical-Analysis-&-Modeling/DEQ/7. Approximating Solutions to Differential Equations/7.2. Euler's Method/Source/7.2.3. The Modified Euler Method
75,3245,DEQ.7.2.4,Euler's Method for Systems of ODEs,vault/MA/Mathematical-Analysis-&-Modeling/DEQ/7. Approximating Solutions to Differential Equations/7.2. Euler's Method/Lessons/7.2.4. Euler's Method for Systems of ODEs.md,vault/MA/Mathematical-Analysis-&-Modeling/DEQ/7. Approximating Solutions to Differential Equations/7.2. Euler's Method/Source/7.2.4. Euler's Method for Systems of ODEs
76,6400,DEQ.7.2.5,Euler's Method for Second-Order ODEs,vault/MA/Mathematical-Analysis-&-Modeling/DEQ/7. Approximating Solutions to Differential Equations/7.2. Euler's Method/Lessons/7.2.5. Euler's Method for Second-Order ODEs.md,vault/MA/Mathematical-Analysis-&-Modeling/DEQ/7. Approximating Solutions to Differential Equations/7.2. Euler's Method/Source/7.2.5. Euler's Method for Second-Order ODEs
75,3248,DEQ.7.3.1,The RK4 Method,vault/MA/Mathematical-Analysis-&-Modeling/DEQ/7. Approximating Solutions to Differential Equations/7.3. Higher-Order Numerical Methods/Lessons/7.3.1. The RK4 Method.md,vault/MA/Mathematical-Analysis-&-Modeling/DEQ/7. Approximating Solutions to Differential Equations/7.3. Higher-Order Numerical Methods/Source/7.3.1. The RK4 Method
76,6397,DEQ.7.3.2,The ABM2 Method,vault/MA/Mathematical-Analysis-&-Modeling/DEQ/7. Approximating Solutions to Differential Equations/7.3. Higher-Order Numerical Methods/Lessons/7.3.2. The ABM2 Method.md,vault/MA/Mathematical-Analysis-&-Modeling/DEQ/7. Approximating Solutions to Differential Equations/7.3. Higher-Order Numerical Methods/Source/7.3.2. The ABM2 Method
75,6396,DEQ.7.4.1,The Implicit Euler Method,vault/MA/Mathematical-Analysis-&-Modeling/DEQ/7. Approximating Solutions to Differential Equations/7.4. Implicit Numerical Methods/Lessons/7.4.1. The Implicit Euler Method.md,vault/MA/Mathematical-Analysis-&-Modeling/DEQ/7. Approximating Solutions to Differential Equations/7.4. Implicit Numerical Methods/Source/7.4.1. The Implicit Euler Method
76,6373,DEQ.7.4.2,The Trapezoidal Method,vault/MA/Mathematical-Analysis-&-Modeling/DEQ/7. Approximating Solutions to Differential Equations/7.4. Implicit Numerical Methods/Lessons/7.4.2. The Trapezoidal Method.md,vault/MA/Mathematical-Analysis-&-Modeling/DEQ/7. Approximating Solutions to Differential Equations/7.4. Implicit Numerical Methods/Source/7.4.2. The Trapezoidal Method
76,6686,DEQ.7.4.3,Using the Implicit Euler Method With Newton's Method,vault/MA/Mathematical-Analysis-&-Modeling/DEQ/7. Approximating Solutions to Differential Equations/7.4. Implicit Numerical Methods/Lessons/7.4.3. Using the Implicit Euler Method With Newton's Method.md,vault/MA/Mathematical-Analysis-&-Modeling/DEQ/7. Approximating Solutions to Differential Equations/7.4. Implicit Numerical Methods/Source/7.4.3. Using the Implicit Euler Method With Newton's Method
77,6689,DEQ.7.4.4,Using the Trapezoidal Method With Newton's Method,vault/MA/Mathematical-Analysis-&-Modeling/DEQ/7. Approximating Solutions to Differential Equations/7.4. Implicit Numerical Methods/Lessons/7.4.4. Using the Trapezoidal Method With Newton's Method.md,vault/MA/Mathematical-Analysis-&-Modeling/DEQ/7. Approximating Solutions to Differential Equations/7.4. Implicit Numerical Methods/Source/7.4.4. Using the Trapezoidal Method With Newton's Method
72,2854,DEQ.7.5.1,Big-O Notation,vault/MA/Mathematical-Analysis-&-Modeling/DEQ/7. Approximating Solutions to Differential Equations/7.5. Analyzing Numerical Methods/Lessons/7.5.1. Big-O Notation.md,vault/MA/Mathematical-Analysis-&-Modeling/DEQ/7. Approximating Solutions to Differential Equations/7.5. Analyzing Numerical Methods/Source/7.5.1. Big-O Notation
75,3246,DEQ.7.5.2,Error in Numerical Methods,vault/MA/Mathematical-Analysis-&-Modeling/DEQ/7. Approximating Solutions to Differential Equations/7.5. Analyzing Numerical Methods/Lessons/7.5.2. Error in Numerical Methods.md,vault/MA/Mathematical-Analysis-&-Modeling/DEQ/7. Approximating Solutions to Differential Equations/7.5. Analyzing Numerical Methods/Source/7.5.2. Error in Numerical Methods
76,6399,DEQ.7.5.3,Order of Numerical Methods,vault/MA/Mathematical-Analysis-&-Modeling/DEQ/7. Approximating Solutions to Differential Equations/7.5. Analyzing Numerical Methods/Lessons/7.5.3. Order of Numerical Methods.md,vault/MA/Mathematical-Analysis-&-Modeling/DEQ/7. Approximating Solutions to Differential Equations/7.5. Analyzing Numerical Methods/Source/7.5.3. Order of Numerical Methods
77,6685,DEQ.7.5.4,Stability of Numerical Methods,vault/MA/Mathematical-Analysis-&-Modeling/DEQ/7. Approximating Solutions to Differential Equations/7.5. Analyzing Numerical Methods/Lessons/7.5.4. Stability of Numerical Methods.md,vault/MA/Mathematical-Analysis-&-Modeling/DEQ/7. Approximating Solutions to Differential Equations/7.5. Analyzing Numerical Methods/Source/7.5.4. Stability of Numerical Methods
68,773,PAS.1.1.1,The Law of Total Probability,vault/MA/Mathematical-Analysis-&-Modeling/PAS/1. Probability & Random Variables/1.1. Probability/Lessons/1.1.1. The Law of Total Probability.md,vault/MA/Mathematical-Analysis-&-Modeling/PAS/1. Probability & Random Variables/1.1. Probability/Source/1.1.1. The Law of Total Probability
69,971,PAS.1.1.2,Extending the Law of Total Probability,vault/MA/Mathematical-Analysis-&-Modeling/PAS/1. Probability & Random Variables/1.1. Probability/Lessons/1.1.2. Extending the Law of Total Probability.md,vault/MA/Mathematical-Analysis-&-Modeling/PAS/1. Probability & Random Variables/1.1. Probability/Source/1.1.2. Extending the Law of Total Probability
69,3272,PAS.1.1.3,Bayes' Theorem,vault/MA/Mathematical-Analysis-&-Modeling/PAS/1. Probability & Random Variables/1.1. Probability/Lessons/1.1.3. Bayes' Theorem.md,vault/MA/Mathematical-Analysis-&-Modeling/PAS/1. Probability & Random Variables/1.1. Probability/Source/1.1.3. Bayes' Theorem
70,3286,PAS.1.1.4,Extending Bayes' Theorem,vault/MA/Mathematical-Analysis-&-Modeling/PAS/1. Probability & Random Variables/1.1. Probability/Lessons/1.1.4. Extending Bayes' Theorem.md,vault/MA/Mathematical-Analysis-&-Modeling/PAS/1. Probability & Random Variables/1.1. Probability/Source/1.1.4. Extending Bayes' Theorem
67,1341,PAS.1.2.1,Permutations With Repetition,vault/MA/Mathematical-Analysis-&-Modeling/PAS/1. Probability & Random Variables/1.2. Combinatorics/Lessons/1.2.1. Permutations With Repetition.md,vault/MA/Mathematical-Analysis-&-Modeling/PAS/1. Probability & Random Variables/1.2. Combinatorics/Source/1.2.1. Permutations With Repetition
62,1342,PAS.1.2.2,K Permutations of N With Repetition,vault/MA/Mathematical-Analysis-&-Modeling/PAS/1. Probability & Random Variables/1.2. Combinatorics/Lessons/1.2.2. K Permutations of N With Repetition.md,vault/MA/Mathematical-Analysis-&-Modeling/PAS/1. Probability & Random Variables/1.2. Combinatorics/Source/1.2.2. K Permutations of N With Repetition
63,1343,PAS.1.2.3,Combinations With Repetition,vault/MA/Mathematical-Analysis-&-Modeling/PAS/1. Probability & Random Variables/1.2. Combinatorics/Lessons/1.2.3. Combinations With Repetition.md,vault/MA/Mathematical-Analysis-&-Modeling/PAS/1. Probability & Random Variables/1.2. Combinatorics/Source/1.2.3. Combinations With Repetition
70,1347,PAS.1.3.1,Probability Density Functions of Continuous Random Variables,vault/MA/Mathematical-Analysis-&-Modeling/PAS/1. Probability & Random Variables/1.3. Random Variables/Lessons/1.3.1. Probability Density Functions of Continuous Random Variables.md,vault/MA/Mathematical-Analysis-&-Modeling/PAS/1. Probability & Random Variables/1.3. Random Variables/Source/1.3.1. Probability Density Functions of Continuous Random Variables
71,4043,PAS.1.3.2,Calculating Probabilities With Continuous Random Variables,vault/MA/Mathematical-Analysis-&-Modeling/PAS/1. Probability & Random Variables/1.3. Random Variables/Lessons/1.3.2. Calculating Probabilities With Continuous Random Variables.md,vault/MA/Mathematical-Analysis-&-Modeling/PAS/1. Probability & Random Variables/1.3. Random Variables/Source/1.3.2. Calculating Probabilities With Continuous Random Variables
72,4100,PAS.1.3.3,Continuous Random Variables Over Infinite Domains,vault/MA/Mathematical-Analysis-&-Modeling/PAS/1. Probability & Random Variables/1.3. Random Variables/Lessons/1.3.3. Continuous Random Variables Over Infinite Domains.md,vault/MA/Mathematical-Analysis-&-Modeling/PAS/1. Probability & Random Variables/1.3. Random Variables/Source/1.3.3. Continuous Random Variables Over Infinite Domains
73,2163,PAS.1.3.4,Cumulative Distribution Functions for Continuous Random Variables,vault/MA/Mathematical-Analysis-&-Modeling/PAS/1. Probability & Random Variables/1.3. Random Variables/Lessons/1.3.4. Cumulative Distribution Functions for Continuous Random Variables.md,vault/MA/Mathematical-Analysis-&-Modeling/PAS/1. Probability & Random Variables/1.3. Random Variables/Source/1.3.4. Cumulative Distribution Functions for Continuous Random Variables
74,3024,PAS.1.3.5,"Median, Quartiles and Percentiles of Continuous Random Variables","vault/MA/Mathematical-Analysis-&-Modeling/PAS/1. Probability & Random Variables/1.3. Random Variables/Lessons/1.3.5. Median, Quartiles and Percentiles of Continuous Random Variables.md","vault/MA/Mathematical-Analysis-&-Modeling/PAS/1. Probability & Random Variables/1.3. Random Variables/Source/1.3.5. Median, Quartiles and Percentiles of Continuous Random Variables"
73,3025,PAS.1.3.6,Finding the Mode of a Continuous Random Variable,vault/MA/Mathematical-Analysis-&-Modeling/PAS/1. Probability & Random Variables/1.3. Random Variables/Lessons/1.3.6. Finding the Mode of a Continuous Random Variable.md,vault/MA/Mathematical-Analysis-&-Modeling/PAS/1. Probability & Random Variables/1.3. Random Variables/Source/1.3.6. Finding the Mode of a Continuous Random Variable
77,2994,PAS.1.3.7,Approximating Discrete Random Variables as Continuous,vault/MA/Mathematical-Analysis-&-Modeling/PAS/1. Probability & Random Variables/1.3. Random Variables/Lessons/1.3.7. Approximating Discrete Random Variables as Continuous.md,vault/MA/Mathematical-Analysis-&-Modeling/PAS/1. Probability & Random Variables/1.3. Random Variables/Source/1.3.7. Approximating Discrete Random Variables as Continuous
74,3867,PAS.1.3.8,Simulating Random Observations,vault/MA/Mathematical-Analysis-&-Modeling/PAS/1. Probability & Random Variables/1.3. Random Variables/Lessons/1.3.8. Simulating Random Observations.md,vault/MA/Mathematical-Analysis-&-Modeling/PAS/1. Probability & Random Variables/1.3. Random Variables/Source/1.3.8. Simulating Random Observations
71,3631,PAS.1.4.1,One-to-One Transformations of Discrete Random Variables,vault/MA/Mathematical-Analysis-&-Modeling/PAS/1. Probability & Random Variables/1.4. Functions of Random Variables/Lessons/1.4.1. One-to-One Transformations of Discrete Random Variables.md,vault/MA/Mathematical-Analysis-&-Modeling/PAS/1. Probability & Random Variables/1.4. Functions of Random Variables/Source/1.4.1. One-to-One Transformations of Discrete Random Variables
72,3647,PAS.1.4.2,Many-to-One Transformations of Discrete Random Variables,vault/MA/Mathematical-Analysis-&-Modeling/PAS/1. Probability & Random Variables/1.4. Functions of Random Variables/Lessons/1.4.2. Many-to-One Transformations of Discrete Random Variables.md,vault/MA/Mathematical-Analysis-&-Modeling/PAS/1. Probability & Random Variables/1.4. Functions of Random Variables/Source/1.4.2. Many-to-One Transformations of Discrete Random Variables
74,3055,PAS.1.4.3,The Distribution Function Method,vault/MA/Mathematical-Analysis-&-Modeling/PAS/1. Probability & Random Variables/1.4. Functions of Random Variables/Lessons/1.4.3. The Distribution Function Method.md,vault/MA/Mathematical-Analysis-&-Modeling/PAS/1. Probability & Random Variables/1.4. Functions of Random Variables/Source/1.4.3. The Distribution Function Method
75,3056,PAS.1.4.4,The Change-of-Variables Method for Continuous Random Variables,vault/MA/Mathematical-Analysis-&-Modeling/PAS/1. Probability & Random Variables/1.4. Functions of Random Variables/Lessons/1.4.4. The Change-of-Variables Method for Continuous Random Variables.md,vault/MA/Mathematical-Analysis-&-Modeling/PAS/1. Probability & Random Variables/1.4. Functions of Random Variables/Source/1.4.4. The Change-of-Variables Method for Continuous Random Variables
75,3637,PAS.1.4.5,The Distribution Function Method With Many-to-One Transformations,vault/MA/Mathematical-Analysis-&-Modeling/PAS/1. Probability & Random Variables/1.4. Functions of Random Variables/Lessons/1.4.5. The Distribution Function Method With Many-to-One Transformations.md,vault/MA/Mathematical-Analysis-&-Modeling/PAS/1. Probability & Random Variables/1.4. Functions of Random Variables/Source/1.4.5. The Distribution Function Method With Many-to-One Transformations
70,730,PAS.2.1.1,Expected Values of Discrete Random Variables,vault/MA/Mathematical-Analysis-&-Modeling/PAS/2. Expectation/2.1. Expectation of Random Variables/Lessons/2.1.1. Expected Values of Discrete Random Variables.md,vault/MA/Mathematical-Analysis-&-Modeling/PAS/2. Expectation/2.1. Expectation of Random Variables/Source/2.1.1. Expected Values of Discrete Random Variables
72,2836,PAS.2.1.2,Properties of Expectation for Discrete Random Variables,vault/MA/Mathematical-Analysis-&-Modeling/PAS/2. Expectation/2.1. Expectation of Random Variables/Lessons/2.1.2. Properties of Expectation for Discrete Random Variables.md,vault/MA/Mathematical-Analysis-&-Modeling/PAS/2. Expectation/2.1. Expectation of Random Variables/Source/2.1.2. Properties of Expectation for Discrete Random Variables
74,1388,PAS.2.1.3,Variance of Discrete Random Variables,vault/MA/Mathematical-Analysis-&-Modeling/PAS/2. Expectation/2.1. Expectation of Random Variables/Lessons/2.1.3. Variance of Discrete Random Variables.md,vault/MA/Mathematical-Analysis-&-Modeling/PAS/2. Expectation/2.1. Expectation of Random Variables/Source/2.1.3. Variance of Discrete Random Variables
73,3642,PAS.2.1.4,Moments of Discrete Random Variables,vault/MA/Mathematical-Analysis-&-Modeling/PAS/2. Expectation/2.1. Expectation of Random Variables/Lessons/2.1.4. Moments of Discrete Random Variables.md,vault/MA/Mathematical-Analysis-&-Modeling/PAS/2. Expectation/2.1. Expectation of Random Variables/Source/2.1.4. Moments of Discrete Random Variables
75,3028,PAS.2.1.5,Properties of Variance for Discrete Random Variables,vault/MA/Mathematical-Analysis-&-Modeling/PAS/2. Expectation/2.1. Expectation of Random Variables/Lessons/2.1.5. Properties of Variance for Discrete Random Variables.md,vault/MA/Mathematical-Analysis-&-Modeling/PAS/2. Expectation/2.1. Expectation of Random Variables/Source/2.1.5. Properties of Variance for Discrete Random Variables
74,2987,PAS.2.1.6,Moments of Continuous Random Variables,vault/MA/Mathematical-Analysis-&-Modeling/PAS/2. Expectation/2.1. Expectation of Random Variables/Lessons/2.1.6. Moments of Continuous Random Variables.md,vault/MA/Mathematical-Analysis-&-Modeling/PAS/2. Expectation/2.1. Expectation of Random Variables/Source/2.1.6. Moments of Continuous Random Variables
73,4012,PAS.2.1.7,Expected Values of Continuous Random Variables,vault/MA/Mathematical-Analysis-&-Modeling/PAS/2. Expectation/2.1. Expectation of Random Variables/Lessons/2.1.7. Expected Values of Continuous Random Variables.md,vault/MA/Mathematical-Analysis-&-Modeling/PAS/2. Expectation/2.1. Expectation of Random Variables/Source/2.1.7. Expected Values of Continuous Random Variables
76,2988,PAS.2.1.8,Variance of Continuous Random Variables,vault/MA/Mathematical-Analysis-&-Modeling/PAS/2. Expectation/2.1. Expectation of Random Variables/Lessons/2.1.8. Variance of Continuous Random Variables.md,vault/MA/Mathematical-Analysis-&-Modeling/PAS/2. Expectation/2.1. Expectation of Random Variables/Source/2.1.8. Variance of Continuous Random Variables
74,1335,PAS.2.1.9,The Rule of the Lazy Statistician,vault/MA/Mathematical-Analysis-&-Modeling/PAS/2. Expectation/2.1. Expectation of Random Variables/Lessons/2.1.9. The Rule of the Lazy Statistician.md,vault/MA/Mathematical-Analysis-&-Modeling/PAS/2. Expectation/2.1. Expectation of Random Variables/Source/2.1.9. The Rule of the Lazy Statistician
75,3401,PAS.2.2.1,Moment-Generating Functions,vault/MA/Mathematical-Analysis-&-Modeling/PAS/2. Expectation/2.2. Moment-Generating Functions/Lessons/2.2.1. Moment-Generating Functions.md,vault/MA/Mathematical-Analysis-&-Modeling/PAS/2. Expectation/2.2. Moment-Generating Functions/Source/2.2.1. Moment-Generating Functions
76,3287,PAS.2.2.2,Calculating Moments Using Moment-Generating Functions,vault/MA/Mathematical-Analysis-&-Modeling/PAS/2. Expectation/2.2. Moment-Generating Functions/Lessons/2.2.2. Calculating Moments Using Moment-Generating Functions.md,vault/MA/Mathematical-Analysis-&-Modeling/PAS/2. Expectation/2.2. Moment-Generating Functions/Source/2.2.2. Calculating Moments Using Moment-Generating Functions
77,3648,PAS.2.2.3,Calculating Variance and Standard Deviation Using Moment-Generating Functions,vault/MA/Mathematical-Analysis-&-Modeling/PAS/2. Expectation/2.2. Moment-Generating Functions/Lessons/2.2.3. Calculating Variance and Standard Deviation Using Moment-Generating Functions.md,vault/MA/Mathematical-Analysis-&-Modeling/PAS/2. Expectation/2.2. Moment-Generating Functions/Source/2.2.3. Calculating Variance and Standard Deviation Using Moment-Generating Functions
78,3288,PAS.2.2.4,Constructing Moment-Generating Functions for Discrete Probability Distributions,vault/MA/Mathematical-Analysis-&-Modeling/PAS/2. Expectation/2.2. Moment-Generating Functions/Lessons/2.2.4. Constructing Moment-Generating Functions for Discrete Probability Distributions.md,vault/MA/Mathematical-Analysis-&-Modeling/PAS/2. Expectation/2.2. Moment-Generating Functions/Source/2.2.4. Constructing Moment-Generating Functions for Discrete Probability Distributions
79,3601,PAS.2.2.5,Constructing Moment-Generating Functions for Continuous Probability Distributions,vault/MA/Mathematical-Analysis-&-Modeling/PAS/2. Expectation/2.2. Moment-Generating Functions/Lessons/2.2.5. Constructing Moment-Generating Functions for Continuous Probability Distributions.md,vault/MA/Mathematical-Analysis-&-Modeling/PAS/2. Expectation/2.2. Moment-Generating Functions/Source/2.2.5. Constructing Moment-Generating Functions for Continuous Probability Distributions
80,3070,PAS.2.2.6,Properties of Moment-Generating Functions,vault/MA/Mathematical-Analysis-&-Modeling/PAS/2. Expectation/2.2. Moment-Generating Functions/Lessons/2.2.6. Properties of Moment-Generating Functions.md,vault/MA/Mathematical-Analysis-&-Modeling/PAS/2. Expectation/2.2. Moment-Generating Functions/Source/2.2.6. Properties of Moment-Generating Functions
81,3293,PAS.2.2.7,The Uniqueness Property of MGFs,vault/MA/Mathematical-Analysis-&-Modeling/PAS/2. Expectation/2.2. Moment-Generating Functions/Lessons/2.2.7. The Uniqueness Property of MGFs.md,vault/MA/Mathematical-Analysis-&-Modeling/PAS/2. Expectation/2.2. Moment-Generating Functions/Source/2.2.7. The Uniqueness Property of MGFs
72,3010,PAS.3.1.1,The Discrete Uniform Distribution,vault/MA/Mathematical-Analysis-&-Modeling/PAS/3. Discrete Probability Distributions/3.1. The Discrete Uniform Distribution/Lessons/3.1.1. The Discrete Uniform Distribution.md,vault/MA/Mathematical-Analysis-&-Modeling/PAS/3. Discrete Probability Distributions/3.1. The Discrete Uniform Distribution/Source/3.1.1. The Discrete Uniform Distribution
75,3402,PAS.3.1.2,Mean and Variance of the Discrete Uniform Distribution,vault/MA/Mathematical-Analysis-&-Modeling/PAS/3. Discrete Probability Distributions/3.1. The Discrete Uniform Distribution/Lessons/3.1.2. Mean and Variance of the Discrete Uniform Distribution.md,vault/MA/Mathematical-Analysis-&-Modeling/PAS/3. Discrete Probability Distributions/3.1. The Discrete Uniform Distribution/Source/3.1.2. Mean and Variance of the Discrete Uniform Distribution
74,3269,PAS.3.1.3,Modeling With Discrete Uniform Distributions,vault/MA/Mathematical-Analysis-&-Modeling/PAS/3. Discrete Probability Distributions/3.1. The Discrete Uniform Distribution/Lessons/3.1.3. Modeling With Discrete Uniform Distributions.md,vault/MA/Mathematical-Analysis-&-Modeling/PAS/3. Discrete Probability Distributions/3.1. The Discrete Uniform Distribution/Source/3.1.3. Modeling With Discrete Uniform Distributions
75,3071,PAS.3.2.1,The Bernoulli Distribution,vault/MA/Mathematical-Analysis-&-Modeling/PAS/3. Discrete Probability Distributions/3.2. The Bernoulli Distribution/Lessons/3.2.1. The Bernoulli Distribution.md,vault/MA/Mathematical-Analysis-&-Modeling/PAS/3. Discrete Probability Distributions/3.2. The Bernoulli Distribution/Source/3.2.1. The Bernoulli Distribution
76,3280,PAS.3.2.2,Mean and Variance of the Bernoulli Distribution,vault/MA/Mathematical-Analysis-&-Modeling/PAS/3. Discrete Probability Distributions/3.2. The Bernoulli Distribution/Lessons/3.2.2. Mean and Variance of the Bernoulli Distribution.md,vault/MA/Mathematical-Analysis-&-Modeling/PAS/3. Discrete Probability Distributions/3.2. The Bernoulli Distribution/Source/3.2.2. Mean and Variance of the Bernoulli Distribution
70,3281,PAS.3.3.1,The Binomial Distribution,vault/MA/Mathematical-Analysis-&-Modeling/PAS/3. Discrete Probability Distributions/3.3. The Binomial Distribution/Lessons/3.3.1. The Binomial Distribution.md,vault/MA/Mathematical-Analysis-&-Modeling/PAS/3. Discrete Probability Distributions/3.3. The Binomial Distribution/Source/3.3.1. The Binomial Distribution
72,1395,PAS.3.3.2,Modeling With the Binomial Distribution,vault/MA/Mathematical-Analysis-&-Modeling/PAS/3. Discrete Probability Distributions/3.3. The Binomial Distribution/Lessons/3.3.2. Modeling With the Binomial Distribution.md,vault/MA/Mathematical-Analysis-&-Modeling/PAS/3. Discrete Probability Distributions/3.3. The Binomial Distribution/Source/3.3.2. Modeling With the Binomial Distribution
77,2149,PAS.3.3.3,Mean and Variance of the Binomial Distribution,vault/MA/Mathematical-Analysis-&-Modeling/PAS/3. Discrete Probability Distributions/3.3. The Binomial Distribution/Lessons/3.3.3. Mean and Variance of the Binomial Distribution.md,vault/MA/Mathematical-Analysis-&-Modeling/PAS/3. Discrete Probability Distributions/3.3. The Binomial Distribution/Source/3.3.3. Mean and Variance of the Binomial Distribution
71,3270,PAS.3.3.4,The CDF of the Binomial Distribution,vault/MA/Mathematical-Analysis-&-Modeling/PAS/3. Discrete Probability Distributions/3.3. The Binomial Distribution/Lessons/3.3.4. The CDF of the Binomial Distribution.md,vault/MA/Mathematical-Analysis-&-Modeling/PAS/3. Discrete Probability Distributions/3.3. The Binomial Distribution/Source/3.3.4. The CDF of the Binomial Distribution
70,3282,PAS.3.4.1,The Poisson Distribution,vault/MA/Mathematical-Analysis-&-Modeling/PAS/3. Discrete Probability Distributions/3.4. The Poisson Distribution/Lessons/3.4.1. The Poisson Distribution.md,vault/MA/Mathematical-Analysis-&-Modeling/PAS/3. Discrete Probability Distributions/3.4. The Poisson Distribution/Source/3.4.1. The Poisson Distribution
76,2838,PAS.3.4.2,Modeling With the Poisson Distribution,vault/MA/Mathematical-Analysis-&-Modeling/PAS/3. Discrete Probability Distributions/3.4. The Poisson Distribution/Lessons/3.4.2. Modeling With the Poisson Distribution.md,vault/MA/Mathematical-Analysis-&-Modeling/PAS/3. Discrete Probability Distributions/3.4. The Poisson Distribution/Source/3.4.2. Modeling With the Poisson Distribution
77,2991,PAS.3.4.3,Mean and Variance of the Poisson Distribution,vault/MA/Mathematical-Analysis-&-Modeling/PAS/3. Discrete Probability Distributions/3.4. The Poisson Distribution/Lessons/3.4.3. Mean and Variance of the Poisson Distribution.md,vault/MA/Mathematical-Analysis-&-Modeling/PAS/3. Discrete Probability Distributions/3.4. The Poisson Distribution/Source/3.4.3. Mean and Variance of the Poisson Distribution
71,3274,PAS.3.4.4,The CDF of the Poisson Distribution,vault/MA/Mathematical-Analysis-&-Modeling/PAS/3. Discrete Probability Distributions/3.4. The Poisson Distribution/Lessons/3.4.4. The CDF of the Poisson Distribution.md,vault/MA/Mathematical-Analysis-&-Modeling/PAS/3. Discrete Probability Distributions/3.4. The Poisson Distribution/Source/3.4.4. The CDF of the Poisson Distribution
78,2840,PAS.3.4.5,The Poisson Approximation of the Binomial Distribution,vault/MA/Mathematical-Analysis-&-Modeling/PAS/3. Discrete Probability Distributions/3.4. The Poisson Distribution/Lessons/3.4.5. The Poisson Approximation of the Binomial Distribution.md,vault/MA/Mathematical-Analysis-&-Modeling/PAS/3. Discrete Probability Distributions/3.4. The Poisson Distribution/Source/3.4.5. The Poisson Approximation of the Binomial Distribution
70,3284,PAS.3.5.1,The Geometric Distribution,vault/MA/Mathematical-Analysis-&-Modeling/PAS/3. Discrete Probability Distributions/3.5. The Geometric Distribution/Lessons/3.5.1. The Geometric Distribution.md,vault/MA/Mathematical-Analysis-&-Modeling/PAS/3. Discrete Probability Distributions/3.5. The Geometric Distribution/Source/3.5.1. The Geometric Distribution
75,2839,PAS.3.5.2,Modeling With the Geometric Distribution,vault/MA/Mathematical-Analysis-&-Modeling/PAS/3. Discrete Probability Distributions/3.5. The Geometric Distribution/Lessons/3.5.2. Modeling With the Geometric Distribution.md,vault/MA/Mathematical-Analysis-&-Modeling/PAS/3. Discrete Probability Distributions/3.5. The Geometric Distribution/Source/3.5.2. Modeling With the Geometric Distribution
76,2992,PAS.3.5.3,Mean and Variance of the Geometric Distribution,vault/MA/Mathematical-Analysis-&-Modeling/PAS/3. Discrete Probability Distributions/3.5. The Geometric Distribution/Lessons/3.5.3. Mean and Variance of the Geometric Distribution.md,vault/MA/Mathematical-Analysis-&-Modeling/PAS/3. Discrete Probability Distributions/3.5. The Geometric Distribution/Source/3.5.3. Mean and Variance of the Geometric Distribution
72,3072,PAS.3.6.1,The Negative Binomial Distribution,vault/MA/Mathematical-Analysis-&-Modeling/PAS/3. Discrete Probability Distributions/3.6. The Negative Binomial Distribution/Lessons/3.6.1. The Negative Binomial Distribution.md,vault/MA/Mathematical-Analysis-&-Modeling/PAS/3. Discrete Probability Distributions/3.6. The Negative Binomial Distribution/Source/3.6.1. The Negative Binomial Distribution
76,3285,PAS.3.6.2,Modeling With the Negative Binomial Distribution,vault/MA/Mathematical-Analysis-&-Modeling/PAS/3. Discrete Probability Distributions/3.6. The Negative Binomial Distribution/Lessons/3.6.2. Modeling With the Negative Binomial Distribution.md,vault/MA/Mathematical-Analysis-&-Modeling/PAS/3. Discrete Probability Distributions/3.6. The Negative Binomial Distribution/Source/3.6.2. Modeling With the Negative Binomial Distribution
77,3273,PAS.3.6.3,Mean and Variance of the Negative Binomial Distribution,vault/MA/Mathematical-Analysis-&-Modeling/PAS/3. Discrete Probability Distributions/3.6. The Negative Binomial Distribution/Lessons/3.6.3. Mean and Variance of the Negative Binomial Distribution.md,vault/MA/Mathematical-Analysis-&-Modeling/PAS/3. Discrete Probability Distributions/3.6. The Negative Binomial Distribution/Source/3.6.3. Mean and Variance of the Negative Binomial Distribution
74,711,PAS.4.1.1,The Z-Score,vault/MA/Mathematical-Analysis-&-Modeling/PAS/4. Continuous Probability Distributions/4.1. The Normal Distribution/Lessons/4.1.1. The Z-Score.md,vault/MA/Mathematical-Analysis-&-Modeling/PAS/4. Continuous Probability Distributions/4.1. The Normal Distribution/Source/4.1.1. The Z-Score
74,265,PAS.4.1.2,The Standard Normal Distribution,vault/MA/Mathematical-Analysis-&-Modeling/PAS/4. Continuous Probability Distributions/4.1. The Normal Distribution/Lessons/4.1.2. The Standard Normal Distribution.md,vault/MA/Mathematical-Analysis-&-Modeling/PAS/4. Continuous Probability Distributions/4.1. The Normal Distribution/Source/4.1.2. The Standard Normal Distribution
75,4420,PAS.4.1.3,Symmetry Properties of the Standard Normal Distribution,vault/MA/Mathematical-Analysis-&-Modeling/PAS/4. Continuous Probability Distributions/4.1. The Normal Distribution/Lessons/4.1.3. Symmetry Properties of the Standard Normal Distribution.md,vault/MA/Mathematical-Analysis-&-Modeling/PAS/4. Continuous Probability Distributions/4.1. The Normal Distribution/Source/4.1.3. Symmetry Properties of the Standard Normal Distribution
76,1843,PAS.4.1.4,The Normal Distribution,vault/MA/Mathematical-Analysis-&-Modeling/PAS/4. Continuous Probability Distributions/4.1. The Normal Distribution/Lessons/4.1.4. The Normal Distribution.md,vault/MA/Mathematical-Analysis-&-Modeling/PAS/4. Continuous Probability Distributions/4.1. The Normal Distribution/Source/4.1.4. The Normal Distribution
77,1470,PAS.4.1.5,Mean and Variance of the Normal Distribution,vault/MA/Mathematical-Analysis-&-Modeling/PAS/4. Continuous Probability Distributions/4.1. The Normal Distribution/Lessons/4.1.5. Mean and Variance of the Normal Distribution.md,vault/MA/Mathematical-Analysis-&-Modeling/PAS/4. Continuous Probability Distributions/4.1. The Normal Distribution/Source/4.1.5. Mean and Variance of the Normal Distribution
76,3214,PAS.4.1.6,Percentage Points of the Standard Normal Distribution,vault/MA/Mathematical-Analysis-&-Modeling/PAS/4. Continuous Probability Distributions/4.1. The Normal Distribution/Lessons/4.1.6. Percentage Points of the Standard Normal Distribution.md,vault/MA/Mathematical-Analysis-&-Modeling/PAS/4. Continuous Probability Distributions/4.1. The Normal Distribution/Source/4.1.6. Percentage Points of the Standard Normal Distribution
78,788,PAS.4.1.7,Modeling With the Normal Distribution,vault/MA/Mathematical-Analysis-&-Modeling/PAS/4. Continuous Probability Distributions/4.1. The Normal Distribution/Lessons/4.1.7. Modeling With the Normal Distribution.md,vault/MA/Mathematical-Analysis-&-Modeling/PAS/4. Continuous Probability Distributions/4.1. The Normal Distribution/Source/4.1.7. Modeling With the Normal Distribution
83,3594,PAS.4.1.8,The Empirical Rule for the Normal Distribution,vault/MA/Mathematical-Analysis-&-Modeling/PAS/4. Continuous Probability Distributions/4.1. The Normal Distribution/Lessons/4.1.8. The Empirical Rule for the Normal Distribution.md,vault/MA/Mathematical-Analysis-&-Modeling/PAS/4. Continuous Probability Distributions/4.1. The Normal Distribution/Source/4.1.8. The Empirical Rule for the Normal Distribution
79,1633,PAS.4.1.9,Normal Approximations of Binomial Distributions,vault/MA/Mathematical-Analysis-&-Modeling/PAS/4. Continuous Probability Distributions/4.1. The Normal Distribution/Lessons/4.1.9. Normal Approximations of Binomial Distributions.md,vault/MA/Mathematical-Analysis-&-Modeling/PAS/4. Continuous Probability Distributions/4.1. The Normal Distribution/Source/4.1.9. Normal Approximations of Binomial Distributions
79,2993,PAS.4.1.10,The Normal Approximation of the Poisson Distribution,vault/MA/Mathematical-Analysis-&-Modeling/PAS/4. Continuous Probability Distributions/4.1. The Normal Distribution/Lessons/4.1.10. The Normal Approximation of the Poisson Distribution.md,vault/MA/Mathematical-Analysis-&-Modeling/PAS/4. Continuous Probability Distributions/4.1. The Normal Distribution/Source/4.1.10. The Normal Approximation of the Poisson Distribution
77,791,PAS.4.2.1,The Continuous Uniform Distribution,vault/MA/Mathematical-Analysis-&-Modeling/PAS/4. Continuous Probability Distributions/4.2. The Continuous Uniform Distribution/Lessons/4.2.1. The Continuous Uniform Distribution.md,vault/MA/Mathematical-Analysis-&-Modeling/PAS/4. Continuous Probability Distributions/4.2. The Continuous Uniform Distribution/Source/4.2.1. The Continuous Uniform Distribution
78,3277,PAS.4.2.2,Mean and Variance of the Continuous Uniform Distribution,vault/MA/Mathematical-Analysis-&-Modeling/PAS/4. Continuous Probability Distributions/4.2. The Continuous Uniform Distribution/Lessons/4.2.2. Mean and Variance of the Continuous Uniform Distribution.md,vault/MA/Mathematical-Analysis-&-Modeling/PAS/4. Continuous Probability Distributions/4.2. The Continuous Uniform Distribution/Source/4.2.2. Mean and Variance of the Continuous Uniform Distribution
82,2990,PAS.4.2.3,Modeling With Continuous Uniform Distributions,vault/MA/Mathematical-Analysis-&-Modeling/PAS/4. Continuous Probability Distributions/4.2. The Continuous Uniform Distribution/Lessons/4.2.3. Modeling With Continuous Uniform Distributions.md,vault/MA/Mathematical-Analysis-&-Modeling/PAS/4. Continuous Probability Distributions/4.2. The Continuous Uniform Distribution/Source/4.2.3. Modeling With Continuous Uniform Distributions
75,3074,PAS.4.3.1,The Exponential Distribution,vault/MA/Mathematical-Analysis-&-Modeling/PAS/4. Continuous Probability Distributions/4.3. The Exponential Distribution/Lessons/4.3.1. The Exponential Distribution.md,vault/MA/Mathematical-Analysis-&-Modeling/PAS/4. Continuous Probability Distributions/4.3. The Exponential Distribution/Source/4.3.1. The Exponential Distribution
76,3353,PAS.4.3.2,Modeling With the Exponential Distribution,vault/MA/Mathematical-Analysis-&-Modeling/PAS/4. Continuous Probability Distributions/4.3. The Exponential Distribution/Lessons/4.3.2. Modeling With the Exponential Distribution.md,vault/MA/Mathematical-Analysis-&-Modeling/PAS/4. Continuous Probability Distributions/4.3. The Exponential Distribution/Source/4.3.2. Modeling With the Exponential Distribution
77,3275,PAS.4.3.3,Mean and Variance of the Exponential Distribution,vault/MA/Mathematical-Analysis-&-Modeling/PAS/4. Continuous Probability Distributions/4.3. The Exponential Distribution/Lessons/4.3.3. Mean and Variance of the Exponential Distribution.md,vault/MA/Mathematical-Analysis-&-Modeling/PAS/4. Continuous Probability Distributions/4.3. The Exponential Distribution/Source/4.3.3. Mean and Variance of the Exponential Distribution
72,3289,PAS.4.4.1,The Gamma Function,vault/MA/Mathematical-Analysis-&-Modeling/PAS/4. Continuous Probability Distributions/4.4. Other Continous Distributions/Lessons/4.4.1. The Gamma Function.md,vault/MA/Mathematical-Analysis-&-Modeling/PAS/4. Continuous Probability Distributions/4.4. Other Continous Distributions/Source/4.4.1. The Gamma Function
78,3075,PAS.4.4.2,The Gamma Distribution,vault/MA/Mathematical-Analysis-&-Modeling/PAS/4. Continuous Probability Distributions/4.4. Other Continous Distributions/Lessons/4.4.2. The Gamma Distribution.md,vault/MA/Mathematical-Analysis-&-Modeling/PAS/4. Continuous Probability Distributions/4.4. Other Continous Distributions/Source/4.4.2. The Gamma Distribution
78,3023,PAS.4.4.3,The Chi-Square Distribution,vault/MA/Mathematical-Analysis-&-Modeling/PAS/4. Continuous Probability Distributions/4.4. Other Continous Distributions/Lessons/4.4.3. The Chi-Square Distribution.md,vault/MA/Mathematical-Analysis-&-Modeling/PAS/4. Continuous Probability Distributions/4.4. Other Continous Distributions/Source/4.4.3. The Chi-Square Distribution
84,3069,PAS.4.4.4,The Student's T-Distribution,vault/MA/Mathematical-Analysis-&-Modeling/PAS/4. Continuous Probability Distributions/4.4. Other Continous Distributions/Lessons/4.4.4. The Student's T-Distribution.md,vault/MA/Mathematical-Analysis-&-Modeling/PAS/4. Continuous Probability Distributions/4.4. Other Continous Distributions/Source/4.4.4. The Student's T-Distribution
85,3060,PAS.4.4.5,The F-Distribution,vault/MA/Mathematical-Analysis-&-Modeling/PAS/4. Continuous Probability Distributions/4.4. Other Continous Distributions/Lessons/4.4.5. The F-Distribution.md,vault/MA/Mathematical-Analysis-&-Modeling/PAS/4. Continuous Probability Distributions/4.4. Other Continous Distributions/Source/4.4.5. The F-Distribution
70,3001,PAS.5.1.1,Joint Distributions for Discrete Random Variables,vault/MA/Mathematical-Analysis-&-Modeling/PAS/5. Combining Random Variables/5.1. Distributions of Two Discrete Random Variables/Lessons/5.1.1. Joint Distributions for Discrete Random Variables.md,vault/MA/Mathematical-Analysis-&-Modeling/PAS/5. Combining Random Variables/5.1. Distributions of Two Discrete Random Variables/Source/5.1.1. Joint Distributions for Discrete Random Variables
71,3004,PAS.5.1.2,The Joint CDF of Two Discrete Random Variables,vault/MA/Mathematical-Analysis-&-Modeling/PAS/5. Combining Random Variables/5.1. Distributions of Two Discrete Random Variables/Lessons/5.1.2. The Joint CDF of Two Discrete Random Variables.md,vault/MA/Mathematical-Analysis-&-Modeling/PAS/5. Combining Random Variables/5.1. Distributions of Two Discrete Random Variables/Source/5.1.2. The Joint CDF of Two Discrete Random Variables
71,3002,PAS.5.1.3,Marginal Distributions for Discrete Random Variables,vault/MA/Mathematical-Analysis-&-Modeling/PAS/5. Combining Random Variables/5.1. Distributions of Two Discrete Random Variables/Lessons/5.1.3. Marginal Distributions for Discrete Random Variables.md,vault/MA/Mathematical-Analysis-&-Modeling/PAS/5. Combining Random Variables/5.1. Distributions of Two Discrete Random Variables/Source/5.1.3. Marginal Distributions for Discrete Random Variables
72,3048,PAS.5.1.4,Independence of Discrete Random Variables,vault/MA/Mathematical-Analysis-&-Modeling/PAS/5. Combining Random Variables/5.1. Distributions of Two Discrete Random Variables/Lessons/5.1.4. Independence of Discrete Random Variables.md,vault/MA/Mathematical-Analysis-&-Modeling/PAS/5. Combining Random Variables/5.1. Distributions of Two Discrete Random Variables/Source/5.1.4. Independence of Discrete Random Variables
74,3003,PAS.5.1.5,Conditional Distributions for Discrete Random Variables,vault/MA/Mathematical-Analysis-&-Modeling/PAS/5. Combining Random Variables/5.1. Distributions of Two Discrete Random Variables/Lessons/5.1.5. Conditional Distributions for Discrete Random Variables.md,vault/MA/Mathematical-Analysis-&-Modeling/PAS/5. Combining Random Variables/5.1. Distributions of Two Discrete Random Variables/Source/5.1.5. Conditional Distributions for Discrete Random Variables
73,2989,PAS.5.1.6,The Trinomial Distribution,vault/MA/Mathematical-Analysis-&-Modeling/PAS/5. Combining Random Variables/5.1. Distributions of Two Discrete Random Variables/Lessons/5.1.6. The Trinomial Distribution.md,vault/MA/Mathematical-Analysis-&-Modeling/PAS/5. Combining Random Variables/5.1. Distributions of Two Discrete Random Variables/Source/5.1.6. The Trinomial Distribution
74,5394,PAS.5.1.7,The Multinomial Distribution,vault/MA/Mathematical-Analysis-&-Modeling/PAS/5. Combining Random Variables/5.1. Distributions of Two Discrete Random Variables/Lessons/5.1.7. The Multinomial Distribution.md,vault/MA/Mathematical-Analysis-&-Modeling/PAS/5. Combining Random Variables/5.1. Distributions of Two Discrete Random Variables/Source/5.1.7. The Multinomial Distribution
76,3052,PAS.5.2.1,Joint Distributions for Continuous Random Variables,vault/MA/Mathematical-Analysis-&-Modeling/PAS/5. Combining Random Variables/5.2. Distributions of Two Continuous Random Variables/Lessons/5.2.1. Joint Distributions for Continuous Random Variables.md,vault/MA/Mathematical-Analysis-&-Modeling/PAS/5. Combining Random Variables/5.2. Distributions of Two Continuous Random Variables/Source/5.2.1. Joint Distributions for Continuous Random Variables
77,3636,PAS.5.2.2,Marginal Distributions for Continuous Random Variables,vault/MA/Mathematical-Analysis-&-Modeling/PAS/5. Combining Random Variables/5.2. Distributions of Two Continuous Random Variables/Lessons/5.2.2. Marginal Distributions for Continuous Random Variables.md,vault/MA/Mathematical-Analysis-&-Modeling/PAS/5. Combining Random Variables/5.2. Distributions of Two Continuous Random Variables/Source/5.2.2. Marginal Distributions for Continuous Random Variables
78,3863,PAS.5.2.3,Independence of Continuous Random Variables,vault/MA/Mathematical-Analysis-&-Modeling/PAS/5. Combining Random Variables/5.2. Distributions of Two Continuous Random Variables/Lessons/5.2.3. Independence of Continuous Random Variables.md,vault/MA/Mathematical-Analysis-&-Modeling/PAS/5. Combining Random Variables/5.2. Distributions of Two Continuous Random Variables/Source/5.2.3. Independence of Continuous Random Variables
79,3022,PAS.5.2.4,Conditional Distributions for Continuous Random Variables,vault/MA/Mathematical-Analysis-&-Modeling/PAS/5. Combining Random Variables/5.2. Distributions of Two Continuous Random Variables/Lessons/5.2.4. Conditional Distributions for Continuous Random Variables.md,vault/MA/Mathematical-Analysis-&-Modeling/PAS/5. Combining Random Variables/5.2. Distributions of Two Continuous Random Variables/Source/5.2.4. Conditional Distributions for Continuous Random Variables
79,3640,PAS.5.2.5,The Joint CDF of Two Continuous Random Variables,vault/MA/Mathematical-Analysis-&-Modeling/PAS/5. Combining Random Variables/5.2. Distributions of Two Continuous Random Variables/Lessons/5.2.5. The Joint CDF of Two Continuous Random Variables.md,vault/MA/Mathematical-Analysis-&-Modeling/PAS/5. Combining Random Variables/5.2. Distributions of Two Continuous Random Variables/Source/5.2.5. The Joint CDF of Two Continuous Random Variables
80,3866,PAS.5.2.6,Properties of the Joint CDF of Two Continuous Random Variables,vault/MA/Mathematical-Analysis-&-Modeling/PAS/5. Combining Random Variables/5.2. Distributions of Two Continuous Random Variables/Lessons/5.2.6. Properties of the Joint CDF of Two Continuous Random Variables.md,vault/MA/Mathematical-Analysis-&-Modeling/PAS/5. Combining Random Variables/5.2. Distributions of Two Continuous Random Variables/Source/5.2.6. Properties of the Joint CDF of Two Continuous Random Variables
82,918,PAS.5.2.7,The Bivariate Normal Distribution,vault/MA/Mathematical-Analysis-&-Modeling/PAS/5. Combining Random Variables/5.2. Distributions of Two Continuous Random Variables/Lessons/5.2.7. The Bivariate Normal Distribution.md,vault/MA/Mathematical-Analysis-&-Modeling/PAS/5. Combining Random Variables/5.2. Distributions of Two Continuous Random Variables/Source/5.2.7. The Bivariate Normal Distribution
73,3295,PAS.5.3.1,Linear Combinations of Binomial Random Variables,vault/MA/Mathematical-Analysis-&-Modeling/PAS/5. Combining Random Variables/5.3. Linear Combinations of Random Variables/Lessons/5.3.1. Linear Combinations of Binomial Random Variables.md,vault/MA/Mathematical-Analysis-&-Modeling/PAS/5. Combining Random Variables/5.3. Linear Combinations of Random Variables/Source/5.3.1. Linear Combinations of Binomial Random Variables
77,3296,PAS.5.3.2,Linear Combinations of Poisson Random Variables,vault/MA/Mathematical-Analysis-&-Modeling/PAS/5. Combining Random Variables/5.3. Linear Combinations of Random Variables/Lessons/5.3.2. Linear Combinations of Poisson Random Variables.md,vault/MA/Mathematical-Analysis-&-Modeling/PAS/5. Combining Random Variables/5.3. Linear Combinations of Random Variables/Source/5.3.2. Linear Combinations of Poisson Random Variables
79,3009,PAS.5.3.3,Combining Two Normally Distributed Random Variables,vault/MA/Mathematical-Analysis-&-Modeling/PAS/5. Combining Random Variables/5.3. Linear Combinations of Random Variables/Lessons/5.3.3. Combining Two Normally Distributed Random Variables.md,vault/MA/Mathematical-Analysis-&-Modeling/PAS/5. Combining Random Variables/5.3. Linear Combinations of Random Variables/Source/5.3.3. Combining Two Normally Distributed Random Variables
80,3638,PAS.5.3.4,Combining Multiple Normally Distributed Random Variables,vault/MA/Mathematical-Analysis-&-Modeling/PAS/5. Combining Random Variables/5.3. Linear Combinations of Random Variables/Lessons/5.3.4. Combining Multiple Normally Distributed Random Variables.md,vault/MA/Mathematical-Analysis-&-Modeling/PAS/5. Combining Random Variables/5.3. Linear Combinations of Random Variables/Source/5.3.4. Combining Multiple Normally Distributed Random Variables
81,3859,PAS.5.3.5,I.I.D Normal Random Variables,vault/MA/Mathematical-Analysis-&-Modeling/PAS/5. Combining Random Variables/5.3. Linear Combinations of Random Variables/Lessons/5.3.5. I.I.D Normal Random Variables.md,vault/MA/Mathematical-Analysis-&-Modeling/PAS/5. Combining Random Variables/5.3. Linear Combinations of Random Variables/Source/5.3.5. I.I.D Normal Random Variables
73,3292,PAS.5.4.1,Expected Values of Sums and Products of Random Variables,vault/MA/Mathematical-Analysis-&-Modeling/PAS/5. Combining Random Variables/5.4. Expectation for Multivariate Distributions/Lessons/5.4.1. Expected Values of Sums and Products of Random Variables.md,vault/MA/Mathematical-Analysis-&-Modeling/PAS/5. Combining Random Variables/5.4. Expectation for Multivariate Distributions/Source/5.4.1. Expected Values of Sums and Products of Random Variables
76,3062,PAS.5.4.2,Variance of Sums of Independent Random Variables,vault/MA/Mathematical-Analysis-&-Modeling/PAS/5. Combining Random Variables/5.4. Expectation for Multivariate Distributions/Lessons/5.4.2. Variance of Sums of Independent Random Variables.md,vault/MA/Mathematical-Analysis-&-Modeling/PAS/5. Combining Random Variables/5.4. Expectation for Multivariate Distributions/Source/5.4.2. Variance of Sums of Independent Random Variables
78,3856,PAS.5.4.3,Computing Expected Values From Joint Distributions,vault/MA/Mathematical-Analysis-&-Modeling/PAS/5. Combining Random Variables/5.4. Expectation for Multivariate Distributions/Lessons/5.4.3. Computing Expected Values From Joint Distributions.md,vault/MA/Mathematical-Analysis-&-Modeling/PAS/5. Combining Random Variables/5.4. Expectation for Multivariate Distributions/Source/5.4.3. Computing Expected Values From Joint Distributions
75,3053,PAS.5.4.4,Conditional Expectation for Discrete Random Variables,vault/MA/Mathematical-Analysis-&-Modeling/PAS/5. Combining Random Variables/5.4. Expectation for Multivariate Distributions/Lessons/5.4.4. Conditional Expectation for Discrete Random Variables.md,vault/MA/Mathematical-Analysis-&-Modeling/PAS/5. Combining Random Variables/5.4. Expectation for Multivariate Distributions/Source/5.4.4. Conditional Expectation for Discrete Random Variables
76,3926,PAS.5.4.5,Conditional Variance for Discrete Random Variables,vault/MA/Mathematical-Analysis-&-Modeling/PAS/5. Combining Random Variables/5.4. Expectation for Multivariate Distributions/Lessons/5.4.5. Conditional Variance for Discrete Random Variables.md,vault/MA/Mathematical-Analysis-&-Modeling/PAS/5. Combining Random Variables/5.4. Expectation for Multivariate Distributions/Source/5.4.5. Conditional Variance for Discrete Random Variables
77,3061,PAS.5.4.6,The Rule of the Lazy Statistician for Two Random Variables,vault/MA/Mathematical-Analysis-&-Modeling/PAS/5. Combining Random Variables/5.4. Expectation for Multivariate Distributions/Lessons/5.4.6. The Rule of the Lazy Statistician for Two Random Variables.md,vault/MA/Mathematical-Analysis-&-Modeling/PAS/5. Combining Random Variables/5.4. Expectation for Multivariate Distributions/Source/5.4.6. The Rule of the Lazy Statistician for Two Random Variables
76,5997,PAS.5.4.7,The Law of Total Expectation for Discrete Random Variables,vault/MA/Mathematical-Analysis-&-Modeling/PAS/5. Combining Random Variables/5.4. Expectation for Multivariate Distributions/Lessons/5.4.7. The Law of Total Expectation for Discrete Random Variables.md,vault/MA/Mathematical-Analysis-&-Modeling/PAS/5. Combining Random Variables/5.4. Expectation for Multivariate Distributions/Source/5.4.7. The Law of Total Expectation for Discrete Random Variables
79,3049,PAS.5.5.1,The Covariance of Two Random Variables,vault/MA/Mathematical-Analysis-&-Modeling/PAS/5. Combining Random Variables/5.5. Covariance of Random Variables/Lessons/5.5.1. The Covariance of Two Random Variables.md,vault/MA/Mathematical-Analysis-&-Modeling/PAS/5. Combining Random Variables/5.5. Covariance of Random Variables/Source/5.5.1. The Covariance of Two Random Variables
80,3940,PAS.5.5.2,Variance of Sums of Random Variables,vault/MA/Mathematical-Analysis-&-Modeling/PAS/5. Combining Random Variables/5.5. Covariance of Random Variables/Lessons/5.5.2. Variance of Sums of Random Variables.md,vault/MA/Mathematical-Analysis-&-Modeling/PAS/5. Combining Random Variables/5.5. Covariance of Random Variables/Source/5.5.2. Variance of Sums of Random Variables
81,3939,PAS.5.5.3,The Covariance Matrix,vault/MA/Mathematical-Analysis-&-Modeling/PAS/5. Combining Random Variables/5.5. Covariance of Random Variables/Lessons/5.5.3. The Covariance Matrix.md,vault/MA/Mathematical-Analysis-&-Modeling/PAS/5. Combining Random Variables/5.5. Covariance of Random Variables/Source/5.5.3. The Covariance Matrix
80,3050,PAS.5.5.4,The Correlation Coefficient for Two Random Variables,vault/MA/Mathematical-Analysis-&-Modeling/PAS/5. Combining Random Variables/5.5. Covariance of Random Variables/Lessons/5.5.4. The Correlation Coefficient for Two Random Variables.md,vault/MA/Mathematical-Analysis-&-Modeling/PAS/5. Combining Random Variables/5.5. Covariance of Random Variables/Source/5.5.4. The Correlation Coefficient for Two Random Variables
79,3138,PAS.5.5.5,The Sample Covariance Matrix,vault/MA/Mathematical-Analysis-&-Modeling/PAS/5. Combining Random Variables/5.5. Covariance of Random Variables/Lessons/5.5.5. The Sample Covariance Matrix.md,vault/MA/Mathematical-Analysis-&-Modeling/PAS/5. Combining Random Variables/5.5. Covariance of Random Variables/Source/5.5.5. The Sample Covariance Matrix
74,2980,PAS.6.1.1,The Sample Mean,"vault/MA/Mathematical-Analysis-&-Modeling/PAS/6. Parametric Inference/6.1. Mean, Variance, and Proportion/Lessons/6.1.1. The Sample Mean.md","vault/MA/Mathematical-Analysis-&-Modeling/PAS/6. Parametric Inference/6.1. Mean, Variance, and Proportion/Source/6.1.1. The Sample Mean"
75,3864,PAS.6.1.2,Sampling Distributions,"vault/MA/Mathematical-Analysis-&-Modeling/PAS/6. Parametric Inference/6.1. Mean, Variance, and Proportion/Lessons/6.1.2. Sampling Distributions.md","vault/MA/Mathematical-Analysis-&-Modeling/PAS/6. Parametric Inference/6.1. Mean, Variance, and Proportion/Source/6.1.2. Sampling Distributions"
78,3820,PAS.6.1.3,The Sample Variance,"vault/MA/Mathematical-Analysis-&-Modeling/PAS/6. Parametric Inference/6.1. Mean, Variance, and Proportion/Lessons/6.1.3. The Sample Variance.md","vault/MA/Mathematical-Analysis-&-Modeling/PAS/6. Parametric Inference/6.1. Mean, Variance, and Proportion/Source/6.1.3. The Sample Variance"
85,4117,PAS.6.1.4,Pooled Variance,"vault/MA/Mathematical-Analysis-&-Modeling/PAS/6. Parametric Inference/6.1. Mean, Variance, and Proportion/Lessons/6.1.4. Pooled Variance.md","vault/MA/Mathematical-Analysis-&-Modeling/PAS/6. Parametric Inference/6.1. Mean, Variance, and Proportion/Source/6.1.4. Pooled Variance"
77,3013,PAS.6.1.5,Variance of Sample Means,"vault/MA/Mathematical-Analysis-&-Modeling/PAS/6. Parametric Inference/6.1. Mean, Variance, and Proportion/Lessons/6.1.5. Variance of Sample Means.md","vault/MA/Mathematical-Analysis-&-Modeling/PAS/6. Parametric Inference/6.1. Mean, Variance, and Proportion/Source/6.1.5. Variance of Sample Means"
82,3067,PAS.6.1.6,Sample Means From Normal Populations,"vault/MA/Mathematical-Analysis-&-Modeling/PAS/6. Parametric Inference/6.1. Mean, Variance, and Proportion/Lessons/6.1.6. Sample Means From Normal Populations.md","vault/MA/Mathematical-Analysis-&-Modeling/PAS/6. Parametric Inference/6.1. Mean, Variance, and Proportion/Source/6.1.6. Sample Means From Normal Populations"
78,3137,PAS.6.1.7,Sampling Proportions From Finite Populations,"vault/MA/Mathematical-Analysis-&-Modeling/PAS/6. Parametric Inference/6.1. Mean, Variance, and Proportion/Lessons/6.1.7. Sampling Proportions From Finite Populations.md","vault/MA/Mathematical-Analysis-&-Modeling/PAS/6. Parametric Inference/6.1. Mean, Variance, and Proportion/Source/6.1.7. Sampling Proportions From Finite Populations"
78,4945,PAS.6.1.8,The Method of Moments,"vault/MA/Mathematical-Analysis-&-Modeling/PAS/6. Parametric Inference/6.1. Mean, Variance, and Proportion/Lessons/6.1.8. The Method of Moments.md","vault/MA/Mathematical-Analysis-&-Modeling/PAS/6. Parametric Inference/6.1. Mean, Variance, and Proportion/Source/6.1.8. The Method of Moments"
79,5363,PAS.6.1.9,The Method of Moments: Two-Parameter Distributions,"vault/MA/Mathematical-Analysis-&-Modeling/PAS/6. Parametric Inference/6.1. Mean, Variance, and Proportion/Lessons/6.1.9. The Method of Moments- Two-Parameter Distributions.md","vault/MA/Mathematical-Analysis-&-Modeling/PAS/6. Parametric Inference/6.1. Mean, Variance, and Proportion/Source/6.1.9. The Method of Moments- Two-Parameter Distributions"
83,359,PAS.6.2.1,The Central Limit Theorem,vault/MA/Mathematical-Analysis-&-Modeling/PAS/6. Parametric Inference/6.2. The Central Limit Theorem/Lessons/6.2.1. The Central Limit Theorem.md,vault/MA/Mathematical-Analysis-&-Modeling/PAS/6. Parametric Inference/6.2. The Central Limit Theorem/Source/6.2.1. The Central Limit Theorem
84,3862,PAS.6.2.2,Applications of the Central Limit Theorem,vault/MA/Mathematical-Analysis-&-Modeling/PAS/6. Parametric Inference/6.2. The Central Limit Theorem/Lessons/6.2.2. Applications of the Central Limit Theorem.md,vault/MA/Mathematical-Analysis-&-Modeling/PAS/6. Parametric Inference/6.2. The Central Limit Theorem/Source/6.2.2. Applications of the Central Limit Theorem
84,3930,PAS.6.2.3,Finite Population Corrections for Sample Means,vault/MA/Mathematical-Analysis-&-Modeling/PAS/6. Parametric Inference/6.2. The Central Limit Theorem/Lessons/6.2.3. Finite Population Corrections for Sample Means.md,vault/MA/Mathematical-Analysis-&-Modeling/PAS/6. Parametric Inference/6.2. The Central Limit Theorem/Source/6.2.3. Finite Population Corrections for Sample Means
84,3932,PAS.6.2.4,Point Estimates of Population Proportions,vault/MA/Mathematical-Analysis-&-Modeling/PAS/6. Parametric Inference/6.2. The Central Limit Theorem/Lessons/6.2.4. Point Estimates of Population Proportions.md,vault/MA/Mathematical-Analysis-&-Modeling/PAS/6. Parametric Inference/6.2. The Central Limit Theorem/Source/6.2.4. Point Estimates of Population Proportions
85,5020,PAS.6.2.5,Finite Population Corrections for Sample Proportions,vault/MA/Mathematical-Analysis-&-Modeling/PAS/6. Parametric Inference/6.2. The Central Limit Theorem/Lessons/6.2.5. Finite Population Corrections for Sample Proportions.md,vault/MA/Mathematical-Analysis-&-Modeling/PAS/6. Parametric Inference/6.2. The Central Limit Theorem/Source/6.2.5. Finite Population Corrections for Sample Proportions
61,3081,PAS.6.3.1,Product Notation,vault/MA/Mathematical-Analysis-&-Modeling/PAS/6. Parametric Inference/6.3. Maximum Likelihood/Lessons/6.3.1. Product Notation.md,vault/MA/Mathematical-Analysis-&-Modeling/PAS/6. Parametric Inference/6.3. Maximum Likelihood/Source/6.3.1. Product Notation
64,294,PAS.6.3.2,Logarithmic Differentiation,vault/MA/Mathematical-Analysis-&-Modeling/PAS/6. Parametric Inference/6.3. Maximum Likelihood/Lessons/6.3.2. Logarithmic Differentiation.md,vault/MA/Mathematical-Analysis-&-Modeling/PAS/6. Parametric Inference/6.3. Maximum Likelihood/Source/6.3.2. Logarithmic Differentiation
76,3603,PAS.6.3.3,Likelihood Functions for Discrete Probability Distributions,vault/MA/Mathematical-Analysis-&-Modeling/PAS/6. Parametric Inference/6.3. Maximum Likelihood/Lessons/6.3.3. Likelihood Functions for Discrete Probability Distributions.md,vault/MA/Mathematical-Analysis-&-Modeling/PAS/6. Parametric Inference/6.3. Maximum Likelihood/Source/6.3.3. Likelihood Functions for Discrete Probability Distributions
77,4124,PAS.6.3.4,Log-Likelihood Functions for Discrete Probability Distributions,vault/MA/Mathematical-Analysis-&-Modeling/PAS/6. Parametric Inference/6.3. Maximum Likelihood/Lessons/6.3.4. Log-Likelihood Functions for Discrete Probability Distributions.md,vault/MA/Mathematical-Analysis-&-Modeling/PAS/6. Parametric Inference/6.3. Maximum Likelihood/Source/6.3.4. Log-Likelihood Functions for Discrete Probability Distributions
77,4123,PAS.6.3.5,Likelihood Functions for Continuous Probability Distributions,vault/MA/Mathematical-Analysis-&-Modeling/PAS/6. Parametric Inference/6.3. Maximum Likelihood/Lessons/6.3.5. Likelihood Functions for Continuous Probability Distributions.md,vault/MA/Mathematical-Analysis-&-Modeling/PAS/6. Parametric Inference/6.3. Maximum Likelihood/Source/6.3.5. Likelihood Functions for Continuous Probability Distributions
78,4125,PAS.6.3.6,Log-Likelihood Functions for Continuous Probability Distributions,vault/MA/Mathematical-Analysis-&-Modeling/PAS/6. Parametric Inference/6.3. Maximum Likelihood/Lessons/6.3.6. Log-Likelihood Functions for Continuous Probability Distributions.md,vault/MA/Mathematical-Analysis-&-Modeling/PAS/6. Parametric Inference/6.3. Maximum Likelihood/Source/6.3.6. Log-Likelihood Functions for Continuous Probability Distributions
79,3077,PAS.6.3.7,Maximum Likelihood Estimation,vault/MA/Mathematical-Analysis-&-Modeling/PAS/6. Parametric Inference/6.3. Maximum Likelihood/Lessons/6.3.7. Maximum Likelihood Estimation.md,vault/MA/Mathematical-Analysis-&-Modeling/PAS/6. Parametric Inference/6.3. Maximum Likelihood/Source/6.3.7. Maximum Likelihood Estimation
84,260,PAS.7.1.1,Confidence Intervals for One Mean: Known Population Variance,vault/MA/Mathematical-Analysis-&-Modeling/PAS/7. Confidence Intervals/7.1. One-Sample Procedures/Lessons/7.1.1. Confidence Intervals for One Mean- Known Population Variance.md,vault/MA/Mathematical-Analysis-&-Modeling/PAS/7. Confidence Intervals/7.1. One-Sample Procedures/Source/7.1.1. Confidence Intervals for One Mean- Known Population Variance
85,3855,PAS.7.1.2,Confidence Intervals for One Mean: Unknown Population Variance,vault/MA/Mathematical-Analysis-&-Modeling/PAS/7. Confidence Intervals/7.1. One-Sample Procedures/Lessons/7.1.2. Confidence Intervals for One Mean- Unknown Population Variance.md,vault/MA/Mathematical-Analysis-&-Modeling/PAS/7. Confidence Intervals/7.1. One-Sample Procedures/Source/7.1.2. Confidence Intervals for One Mean- Unknown Population Variance
86,5275,PAS.7.1.3,Confidence Intervals for One Means: Finite Population Correction,vault/MA/Mathematical-Analysis-&-Modeling/PAS/7. Confidence Intervals/7.1. One-Sample Procedures/Lessons/7.1.3. Confidence Intervals for One Means- Finite Population Correction.md,vault/MA/Mathematical-Analysis-&-Modeling/PAS/7. Confidence Intervals/7.1. One-Sample Procedures/Source/7.1.3. Confidence Intervals for One Means- Finite Population Correction
85,3300,PAS.7.1.4,Confidence Intervals for One Proportion,vault/MA/Mathematical-Analysis-&-Modeling/PAS/7. Confidence Intervals/7.1. One-Sample Procedures/Lessons/7.1.4. Confidence Intervals for One Proportion.md,vault/MA/Mathematical-Analysis-&-Modeling/PAS/7. Confidence Intervals/7.1. One-Sample Procedures/Source/7.1.4. Confidence Intervals for One Proportion
86,3931,PAS.7.1.5,Confidence Intervals for One Proportion: Finite Population Corrections,vault/MA/Mathematical-Analysis-&-Modeling/PAS/7. Confidence Intervals/7.1. One-Sample Procedures/Lessons/7.1.5. Confidence Intervals for One Proportion- Finite Population Corrections.md,vault/MA/Mathematical-Analysis-&-Modeling/PAS/7. Confidence Intervals/7.1. One-Sample Procedures/Source/7.1.5. Confidence Intervals for One Proportion- Finite Population Corrections
85,3299,PAS.7.1.6,Confidence Intervals for One Variance,vault/MA/Mathematical-Analysis-&-Modeling/PAS/7. Confidence Intervals/7.1. One-Sample Procedures/Lessons/7.1.6. Confidence Intervals for One Variance.md,vault/MA/Mathematical-Analysis-&-Modeling/PAS/7. Confidence Intervals/7.1. One-Sample Procedures/Source/7.1.6. Confidence Intervals for One Variance
85,3298,PAS.7.2.1,Confidence Intervals for Two Means: Known and Unequal Population Variances,vault/MA/Mathematical-Analysis-&-Modeling/PAS/7. Confidence Intervals/7.2. Two-Sample Procedures/Lessons/7.2.1. Confidence Intervals for Two Means- Known and Unequal Population Variances.md,vault/MA/Mathematical-Analysis-&-Modeling/PAS/7. Confidence Intervals/7.2. Two-Sample Procedures/Source/7.2.1. Confidence Intervals for Two Means- Known and Unequal Population Variances
86,4946,PAS.7.2.2,Confidence Intervals for Two Means: Equal and Unknown Population Variance,vault/MA/Mathematical-Analysis-&-Modeling/PAS/7. Confidence Intervals/7.2. Two-Sample Procedures/Lessons/7.2.2. Confidence Intervals for Two Means- Equal and Unknown Population Variance.md,vault/MA/Mathematical-Analysis-&-Modeling/PAS/7. Confidence Intervals/7.2. Two-Sample Procedures/Source/7.2.2. Confidence Intervals for Two Means- Equal and Unknown Population Variance
86,4118,PAS.7.2.3,Confidence Intervals for Two Means: Unequal and Unknown Population Variance,vault/MA/Mathematical-Analysis-&-Modeling/PAS/7. Confidence Intervals/7.2. Two-Sample Procedures/Lessons/7.2.3. Confidence Intervals for Two Means- Unequal and Unknown Population Variance.md,vault/MA/Mathematical-Analysis-&-Modeling/PAS/7. Confidence Intervals/7.2. Two-Sample Procedures/Source/7.2.3. Confidence Intervals for Two Means- Unequal and Unknown Population Variance
86,4943,PAS.7.2.4,Confidence Intervals for Two Proportions,vault/MA/Mathematical-Analysis-&-Modeling/PAS/7. Confidence Intervals/7.2. Two-Sample Procedures/Lessons/7.2.4. Confidence Intervals for Two Proportions.md,vault/MA/Mathematical-Analysis-&-Modeling/PAS/7. Confidence Intervals/7.2. Two-Sample Procedures/Source/7.2.4. Confidence Intervals for Two Proportions
86,3970,PAS.7.2.5,Confidence Intervals for Paired Samples: Known Variances,vault/MA/Mathematical-Analysis-&-Modeling/PAS/7. Confidence Intervals/7.2. Two-Sample Procedures/Lessons/7.2.5. Confidence Intervals for Paired Samples- Known Variances.md,vault/MA/Mathematical-Analysis-&-Modeling/PAS/7. Confidence Intervals/7.2. Two-Sample Procedures/Source/7.2.5. Confidence Intervals for Paired Samples- Known Variances
87,3977,PAS.7.2.6,Confidence Intervals for Paired Samples: Unknown Variances,vault/MA/Mathematical-Analysis-&-Modeling/PAS/7. Confidence Intervals/7.2. Two-Sample Procedures/Lessons/7.2.6. Confidence Intervals for Paired Samples- Unknown Variances.md,vault/MA/Mathematical-Analysis-&-Modeling/PAS/7. Confidence Intervals/7.2. Two-Sample Procedures/Source/7.2.6. Confidence Intervals for Paired Samples- Unknown Variances
86,3319,PAS.7.3.1,Estimating Sample Sizes for Means,vault/MA/Mathematical-Analysis-&-Modeling/PAS/7. Confidence Intervals/7.3. Sample Size/Lessons/7.3.1. Estimating Sample Sizes for Means.md,vault/MA/Mathematical-Analysis-&-Modeling/PAS/7. Confidence Intervals/7.3. Sample Size/Source/7.3.1. Estimating Sample Sizes for Means
86,3320,PAS.7.3.2,Estimating Sample Sizes for Proportions,vault/MA/Mathematical-Analysis-&-Modeling/PAS/7. Confidence Intervals/7.3. Sample Size/Lessons/7.3.2. Estimating Sample Sizes for Proportions.md,vault/MA/Mathematical-Analysis-&-Modeling/PAS/7. Confidence Intervals/7.3. Sample Size/Source/7.3.2. Estimating Sample Sizes for Proportions
87,3321,PAS.7.3.3,Estimating Sample Sizes for Proportions: Finite Population Correction,vault/MA/Mathematical-Analysis-&-Modeling/PAS/7. Confidence Intervals/7.3. Sample Size/Lessons/7.3.3. Estimating Sample Sizes for Proportions- Finite Population Correction.md,vault/MA/Mathematical-Analysis-&-Modeling/PAS/7. Confidence Intervals/7.3. Sample Size/Source/7.3.3. Estimating Sample Sizes for Proportions- Finite Population Correction
76,2995,PAS.8.1.1,Introduction to Hypothesis Testing,vault/MA/Mathematical-Analysis-&-Modeling/PAS/8. Hypothesis Testing/8.1. One-Sample Procedures/Lessons/8.1.1. Introduction to Hypothesis Testing.md,vault/MA/Mathematical-Analysis-&-Modeling/PAS/8. Hypothesis Testing/8.1. One-Sample Procedures/Source/8.1.1. Introduction to Hypothesis Testing
77,4126,PAS.8.1.2,Hypothesis Tests for the Rate of a Poisson Distribution,vault/MA/Mathematical-Analysis-&-Modeling/PAS/8. Hypothesis Testing/8.1. One-Sample Procedures/Lessons/8.1.2. Hypothesis Tests for the Rate of a Poisson Distribution.md,vault/MA/Mathematical-Analysis-&-Modeling/PAS/8. Hypothesis Testing/8.1. One-Sample Procedures/Source/8.1.2. Hypothesis Tests for the Rate of a Poisson Distribution
78,4131,PAS.8.1.3,Critical Regions for Left-Tailed Hypothesis Tests,vault/MA/Mathematical-Analysis-&-Modeling/PAS/8. Hypothesis Testing/8.1. One-Sample Procedures/Lessons/8.1.3. Critical Regions for Left-Tailed Hypothesis Tests.md,vault/MA/Mathematical-Analysis-&-Modeling/PAS/8. Hypothesis Testing/8.1. One-Sample Procedures/Source/8.1.3. Critical Regions for Left-Tailed Hypothesis Tests
79,4948,PAS.8.1.4,Critical Regions for Right-Tailed Hypothesis Tests,vault/MA/Mathematical-Analysis-&-Modeling/PAS/8. Hypothesis Testing/8.1. One-Sample Procedures/Lessons/8.1.4. Critical Regions for Right-Tailed Hypothesis Tests.md,vault/MA/Mathematical-Analysis-&-Modeling/PAS/8. Hypothesis Testing/8.1. One-Sample Procedures/Source/8.1.4. Critical Regions for Right-Tailed Hypothesis Tests
80,4120,PAS.8.1.5,Two-Tailed Hypothesis Tests,vault/MA/Mathematical-Analysis-&-Modeling/PAS/8. Hypothesis Testing/8.1. One-Sample Procedures/Lessons/8.1.5. Two-Tailed Hypothesis Tests.md,vault/MA/Mathematical-Analysis-&-Modeling/PAS/8. Hypothesis Testing/8.1. One-Sample Procedures/Source/8.1.5. Two-Tailed Hypothesis Tests
81,3012,PAS.8.1.6,Type I and Type II Errors,vault/MA/Mathematical-Analysis-&-Modeling/PAS/8. Hypothesis Testing/8.1. One-Sample Procedures/Lessons/8.1.6. Type I and Type II Errors.md,vault/MA/Mathematical-Analysis-&-Modeling/PAS/8. Hypothesis Testing/8.1. One-Sample Procedures/Source/8.1.6. Type I and Type II Errors
84,3303,PAS.8.1.7,Hypothesis Tests for One Mean: Known Population Variance,vault/MA/Mathematical-Analysis-&-Modeling/PAS/8. Hypothesis Testing/8.1. One-Sample Procedures/Lessons/8.1.7. Hypothesis Tests for One Mean- Known Population Variance.md,vault/MA/Mathematical-Analysis-&-Modeling/PAS/8. Hypothesis Testing/8.1. One-Sample Procedures/Source/8.1.7. Hypothesis Tests for One Mean- Known Population Variance
85,3311,PAS.8.1.8,Hypothesis Tests for One Mean: Unknown Population Variance,vault/MA/Mathematical-Analysis-&-Modeling/PAS/8. Hypothesis Testing/8.1. One-Sample Procedures/Lessons/8.1.8. Hypothesis Tests for One Mean- Unknown Population Variance.md,vault/MA/Mathematical-Analysis-&-Modeling/PAS/8. Hypothesis Testing/8.1. One-Sample Procedures/Source/8.1.8. Hypothesis Tests for One Mean- Unknown Population Variance
85,3314,PAS.8.1.9,Hypothesis Tests for One Variance,vault/MA/Mathematical-Analysis-&-Modeling/PAS/8. Hypothesis Testing/8.1. One-Sample Procedures/Lessons/8.1.9. Hypothesis Tests for One Variance.md,vault/MA/Mathematical-Analysis-&-Modeling/PAS/8. Hypothesis Testing/8.1. One-Sample Procedures/Source/8.1.9. Hypothesis Tests for One Variance
85,3310,PAS.8.2.1,Hypothesis Tests for Two Means: Known Population Variances,vault/MA/Mathematical-Analysis-&-Modeling/PAS/8. Hypothesis Testing/8.2. Two-Sample Procedures/Lessons/8.2.1. Hypothesis Tests for Two Means- Known Population Variances.md,vault/MA/Mathematical-Analysis-&-Modeling/PAS/8. Hypothesis Testing/8.2. Two-Sample Procedures/Source/8.2.1. Hypothesis Tests for Two Means- Known Population Variances
86,3313,PAS.8.2.2,Hypothesis Tests for Two Means: Equal But Unknown Population Variances,vault/MA/Mathematical-Analysis-&-Modeling/PAS/8. Hypothesis Testing/8.2. Two-Sample Procedures/Lessons/8.2.2. Hypothesis Tests for Two Means- Equal But Unknown Population Variances.md,vault/MA/Mathematical-Analysis-&-Modeling/PAS/8. Hypothesis Testing/8.2. Two-Sample Procedures/Source/8.2.2. Hypothesis Tests for Two Means- Equal But Unknown Population Variances
86,4119,PAS.8.2.3,Hypothesis Tests for Two Means: Unequal and Unknown Population Variances,vault/MA/Mathematical-Analysis-&-Modeling/PAS/8. Hypothesis Testing/8.2. Two-Sample Procedures/Lessons/8.2.3. Hypothesis Tests for Two Means- Unequal and Unknown Population Variances.md,vault/MA/Mathematical-Analysis-&-Modeling/PAS/8. Hypothesis Testing/8.2. Two-Sample Procedures/Source/8.2.3. Hypothesis Tests for Two Means- Unequal and Unknown Population Variances
87,3324,PAS.8.2.4,Hypothesis Tests for Two Proportions,vault/MA/Mathematical-Analysis-&-Modeling/PAS/8. Hypothesis Testing/8.2. Two-Sample Procedures/Lessons/8.2.4. Hypothesis Tests for Two Proportions.md,vault/MA/Mathematical-Analysis-&-Modeling/PAS/8. Hypothesis Testing/8.2. Two-Sample Procedures/Source/8.2.4. Hypothesis Tests for Two Proportions
86,3312,PAS.8.2.5,Hypothesis Tests for Two Means: Paired-Sample Z-Test,vault/MA/Mathematical-Analysis-&-Modeling/PAS/8. Hypothesis Testing/8.2. Two-Sample Procedures/Lessons/8.2.5. Hypothesis Tests for Two Means- Paired-Sample Z-Test.md,vault/MA/Mathematical-Analysis-&-Modeling/PAS/8. Hypothesis Testing/8.2. Two-Sample Procedures/Source/8.2.5. Hypothesis Tests for Two Means- Paired-Sample Z-Test
87,4944,PAS.8.2.6,Hypothesis Tests for Two Means: Paired-Sample T-Test,vault/MA/Mathematical-Analysis-&-Modeling/PAS/8. Hypothesis Testing/8.2. Two-Sample Procedures/Lessons/8.2.6. Hypothesis Tests for Two Means- Paired-Sample T-Test.md,vault/MA/Mathematical-Analysis-&-Modeling/PAS/8. Hypothesis Testing/8.2. Two-Sample Procedures/Source/8.2.6. Hypothesis Tests for Two Means- Paired-Sample T-Test
86,3318,PAS.8.2.7,Hypothesis Tests for Two Variances,vault/MA/Mathematical-Analysis-&-Modeling/PAS/8. Hypothesis Testing/8.2. Two-Sample Procedures/Lessons/8.2.7. Hypothesis Tests for Two Variances.md,vault/MA/Mathematical-Analysis-&-Modeling/PAS/8. Hypothesis Testing/8.2. Two-Sample Procedures/Source/8.2.7. Hypothesis Tests for Two Variances
79,3315,PAS.8.3.1,One-Factor Within Groups and Between Groups Variation,vault/MA/Mathematical-Analysis-&-Modeling/PAS/8. Hypothesis Testing/8.3. Analysis of Variance/Lessons/8.3.1. One-Factor Within Groups and Between Groups Variation.md,vault/MA/Mathematical-Analysis-&-Modeling/PAS/8. Hypothesis Testing/8.3. Analysis of Variance/Source/8.3.1. One-Factor Within Groups and Between Groups Variation
82,5365,PAS.8.3.2,"The Relationship Between SSW, SSB, SST","vault/MA/Mathematical-Analysis-&-Modeling/PAS/8. Hypothesis Testing/8.3. Analysis of Variance/Lessons/8.3.2. The Relationship Between SSW, SSB, SST.md","vault/MA/Mathematical-Analysis-&-Modeling/PAS/8. Hypothesis Testing/8.3. Analysis of Variance/Source/8.3.2. The Relationship Between SSW, SSB, SST"
87,5360,PAS.8.3.3,One-Factor Analysis of Variance,vault/MA/Mathematical-Analysis-&-Modeling/PAS/8. Hypothesis Testing/8.3. Analysis of Variance/Lessons/8.3.3. One-Factor Analysis of Variance.md,vault/MA/Mathematical-Analysis-&-Modeling/PAS/8. Hypothesis Testing/8.3. Analysis of Variance/Source/8.3.3. One-Factor Analysis of Variance
79,1056,PAS.9.1.1,The Linear Correlation Coefficient,vault/MA/Mathematical-Analysis-&-Modeling/PAS/9. Regression/9.1. Correlation and Regression/Lessons/9.1.1. The Linear Correlation Coefficient.md,vault/MA/Mathematical-Analysis-&-Modeling/PAS/9. Regression/9.1. Correlation and Regression/Source/9.1.1. The Linear Correlation Coefficient
83,1057,PAS.9.1.2,Linear Regression,vault/MA/Mathematical-Analysis-&-Modeling/PAS/9. Regression/9.1. Correlation and Regression/Lessons/9.1.2. Linear Regression.md,vault/MA/Mathematical-Analysis-&-Modeling/PAS/9. Regression/9.1. Correlation and Regression/Source/9.1.2. Linear Regression
54,3595,PAS.9.1.3,Residuals and Residual Plots,vault/MA/Mathematical-Analysis-&-Modeling/PAS/9. Regression/9.1. Correlation and Regression/Lessons/9.1.3. Residuals and Residual Plots.md,vault/MA/Mathematical-Analysis-&-Modeling/PAS/9. Regression/9.1. Correlation and Regression/Source/9.1.3. Residuals and Residual Plots
80,3020,PAS.9.1.4,Spearman's Rank Correlation Coefficient,vault/MA/Mathematical-Analysis-&-Modeling/PAS/9. Regression/9.1. Correlation and Regression/Lessons/9.1.4. Spearman's Rank Correlation Coefficient.md,vault/MA/Mathematical-Analysis-&-Modeling/PAS/9. Regression/9.1. Correlation and Regression/Source/9.1.4. Spearman's Rank Correlation Coefficient
86,3322,PAS.9.1.5,Confidence Intervals for Linear Regression Slope Parameters,vault/MA/Mathematical-Analysis-&-Modeling/PAS/9. Regression/9.1. Correlation and Regression/Lessons/9.1.5. Confidence Intervals for Linear Regression Slope Parameters.md,vault/MA/Mathematical-Analysis-&-Modeling/PAS/9. Regression/9.1. Correlation and Regression/Source/9.1.5. Confidence Intervals for Linear Regression Slope Parameters
86,4116,PAS.9.1.6,Confidence Intervals for Linear Regression Intercept Parameters,vault/MA/Mathematical-Analysis-&-Modeling/PAS/9. Regression/9.1. Correlation and Regression/Lessons/9.1.6. Confidence Intervals for Linear Regression Intercept Parameters.md,vault/MA/Mathematical-Analysis-&-Modeling/PAS/9. Regression/9.1. Correlation and Regression/Source/9.1.6. Confidence Intervals for Linear Regression Intercept Parameters
77,2166,PAS.9.2.1,The Least-Squares Solution of a Linear System (Without Collinearity),vault/MA/Mathematical-Analysis-&-Modeling/PAS/9. Regression/9.2. Linear and Nonlinear Regression With Matrices/Lessons/9.2.1. The Least-Squares Solution of a Linear System (Without Collinearity).md,vault/MA/Mathematical-Analysis-&-Modeling/PAS/9. Regression/9.2. Linear and Nonlinear Regression With Matrices/Source/9.2.1. The Least-Squares Solution of a Linear System (Without Collinearity)
79,2167,PAS.9.2.2,The Least-Squares Solution of a Linear System (With Collinearity),vault/MA/Mathematical-Analysis-&-Modeling/PAS/9. Regression/9.2. Linear and Nonlinear Regression With Matrices/Lessons/9.2.2. The Least-Squares Solution of a Linear System (With Collinearity).md,vault/MA/Mathematical-Analysis-&-Modeling/PAS/9. Regression/9.2. Linear and Nonlinear Regression With Matrices/Source/9.2.2. The Least-Squares Solution of a Linear System (With Collinearity)
78,2169,PAS.9.2.3,Linear Regression With Matrices,vault/MA/Mathematical-Analysis-&-Modeling/PAS/9. Regression/9.2. Linear and Nonlinear Regression With Matrices/Lessons/9.2.3. Linear Regression With Matrices.md,vault/MA/Mathematical-Analysis-&-Modeling/PAS/9. Regression/9.2. Linear and Nonlinear Regression With Matrices/Source/9.2.3. Linear Regression With Matrices
79,2170,PAS.9.2.4,Polynomial Regression With Matrices,vault/MA/Mathematical-Analysis-&-Modeling/PAS/9. Regression/9.2. Linear and Nonlinear Regression With Matrices/Lessons/9.2.4. Polynomial Regression With Matrices.md,vault/MA/Mathematical-Analysis-&-Modeling/PAS/9. Regression/9.2. Linear and Nonlinear Regression With Matrices/Source/9.2.4. Polynomial Regression With Matrices
79,2171,PAS.9.2.5,Multiple Linear Regression With Matrices,vault/MA/Mathematical-Analysis-&-Modeling/PAS/9. Regression/9.2. Linear and Nonlinear Regression With Matrices/Lessons/9.2.5. Multiple Linear Regression With Matrices.md,vault/MA/Mathematical-Analysis-&-Modeling/PAS/9. Regression/9.2. Linear and Nonlinear Regression With Matrices/Source/9.2.5. Multiple Linear Regression With Matrices
85,3014,PAS.10.1.1,Introduction to Chi-Square Goodness-of-Fit,vault/MA/Mathematical-Analysis-&-Modeling/PAS/10. Nonparametric Inference/10.1. Goodness-of-Fit and Order Statistics/Lessons/10.1.1. Introduction to Chi-Square Goodness-of-Fit.md,vault/MA/Mathematical-Analysis-&-Modeling/PAS/10. Nonparametric Inference/10.1. Goodness-of-Fit and Order Statistics/Source/10.1.1. Introduction to Chi-Square Goodness-of-Fit
86,3015,PAS.10.1.2,Testing Binomial Models Using Chi-Square Goodness-of-Fit,vault/MA/Mathematical-Analysis-&-Modeling/PAS/10. Nonparametric Inference/10.1. Goodness-of-Fit and Order Statistics/Lessons/10.1.2. Testing Binomial Models Using Chi-Square Goodness-of-Fit.md,vault/MA/Mathematical-Analysis-&-Modeling/PAS/10. Nonparametric Inference/10.1. Goodness-of-Fit and Order Statistics/Source/10.1.2. Testing Binomial Models Using Chi-Square Goodness-of-Fit
86,3016,PAS.10.1.3,Testing Poisson Models Using Chi-Square Goodness-of-Fit,vault/MA/Mathematical-Analysis-&-Modeling/PAS/10. Nonparametric Inference/10.1. Goodness-of-Fit and Order Statistics/Lessons/10.1.3. Testing Poisson Models Using Chi-Square Goodness-of-Fit.md,vault/MA/Mathematical-Analysis-&-Modeling/PAS/10. Nonparametric Inference/10.1. Goodness-of-Fit and Order Statistics/Source/10.1.3. Testing Poisson Models Using Chi-Square Goodness-of-Fit
86,3017,PAS.10.1.4,Testing Continuous Uniform Models Using Chi-Square Goodness-of-Fit,vault/MA/Mathematical-Analysis-&-Modeling/PAS/10. Nonparametric Inference/10.1. Goodness-of-Fit and Order Statistics/Lessons/10.1.4. Testing Continuous Uniform Models Using Chi-Square Goodness-of-Fit.md,vault/MA/Mathematical-Analysis-&-Modeling/PAS/10. Nonparametric Inference/10.1. Goodness-of-Fit and Order Statistics/Source/10.1.4. Testing Continuous Uniform Models Using Chi-Square Goodness-of-Fit
86,3018,PAS.10.1.5,Testing Normal Models Using Chi-Square Goodness-of-Fit,vault/MA/Mathematical-Analysis-&-Modeling/PAS/10. Nonparametric Inference/10.1. Goodness-of-Fit and Order Statistics/Lessons/10.1.5. Testing Normal Models Using Chi-Square Goodness-of-Fit.md,vault/MA/Mathematical-Analysis-&-Modeling/PAS/10. Nonparametric Inference/10.1. Goodness-of-Fit and Order Statistics/Source/10.1.5. Testing Normal Models Using Chi-Square Goodness-of-Fit
86,3317,PAS.10.1.6,Chi-Square Tests of Independence and Homogeneity,vault/MA/Mathematical-Analysis-&-Modeling/PAS/10. Nonparametric Inference/10.1. Goodness-of-Fit and Order Statistics/Lessons/10.1.6. Chi-Square Tests of Independence and Homogeneity.md,vault/MA/Mathematical-Analysis-&-Modeling/PAS/10. Nonparametric Inference/10.1. Goodness-of-Fit and Order Statistics/Source/10.1.6. Chi-Square Tests of Independence and Homogeneity
79,3326,PAS.10.1.7,Introduction to Order Statistics,vault/MA/Mathematical-Analysis-&-Modeling/PAS/10. Nonparametric Inference/10.1. Goodness-of-Fit and Order Statistics/Lessons/10.1.7. Introduction to Order Statistics.md,vault/MA/Mathematical-Analysis-&-Modeling/PAS/10. Nonparametric Inference/10.1. Goodness-of-Fit and Order Statistics/Source/10.1.7. Introduction to Order Statistics
56,47,LAL.1.1.1,Special Sets,vault/MA/Mathematical-Analysis-&-Modeling/LAL/1. Preliminaries/1.1. Introduction to Set Theory/Lessons/1.1.1. Special Sets.md,vault/MA/Mathematical-Analysis-&-Modeling/LAL/1. Preliminaries/1.1. Introduction to Set Theory/Source/1.1.1. Special Sets
57,58,LAL.1.1.2,Statements and Predicates,vault/MA/Mathematical-Analysis-&-Modeling/LAL/1. Preliminaries/1.1. Introduction to Set Theory/Lessons/1.1.2. Statements and Predicates.md,vault/MA/Mathematical-Analysis-&-Modeling/LAL/1. Preliminaries/1.1. Introduction to Set Theory/Source/1.1.2. Statements and Predicates
57,1976,LAL.1.1.3,Equivalent Sets,vault/MA/Mathematical-Analysis-&-Modeling/LAL/1. Preliminaries/1.1. Introduction to Set Theory/Lessons/1.1.3. Equivalent Sets.md,vault/MA/Mathematical-Analysis-&-Modeling/LAL/1. Preliminaries/1.1. Introduction to Set Theory/Source/1.1.3. Equivalent Sets
58,46,LAL.1.1.4,The Constructive Definition of a Set,vault/MA/Mathematical-Analysis-&-Modeling/LAL/1. Preliminaries/1.1. Introduction to Set Theory/Lessons/1.1.4. The Constructive Definition of a Set.md,vault/MA/Mathematical-Analysis-&-Modeling/LAL/1. Preliminaries/1.1. Introduction to Set Theory/Source/1.1.4. The Constructive Definition of a Set
59,4425,LAL.1.1.5,The Conditional Definition of a Set,vault/MA/Mathematical-Analysis-&-Modeling/LAL/1. Preliminaries/1.1. Introduction to Set Theory/Lessons/1.1.5. The Conditional Definition of a Set.md,vault/MA/Mathematical-Analysis-&-Modeling/LAL/1. Preliminaries/1.1. Introduction to Set Theory/Source/1.1.5. The Conditional Definition of a Set
60,4393,LAL.1.1.6,Describing Sets Using Set-Builder Notation,vault/MA/Mathematical-Analysis-&-Modeling/LAL/1. Preliminaries/1.1. Introduction to Set Theory/Lessons/1.1.6. Describing Sets Using Set-Builder Notation.md,vault/MA/Mathematical-Analysis-&-Modeling/LAL/1. Preliminaries/1.1. Introduction to Set Theory/Source/1.1.6. Describing Sets Using Set-Builder Notation
65,4392,LAL.1.1.7,Describing Planar Regions Using Set-Builder Notation,vault/MA/Mathematical-Analysis-&-Modeling/LAL/1. Preliminaries/1.1. Introduction to Set Theory/Lessons/1.1.7. Describing Planar Regions Using Set-Builder Notation.md,vault/MA/Mathematical-Analysis-&-Modeling/LAL/1. Preliminaries/1.1. Introduction to Set Theory/Source/1.1.7. Describing Planar Regions Using Set-Builder Notation
61,48,LAL.1.1.8,Cardinality of Finite Sets,vault/MA/Mathematical-Analysis-&-Modeling/LAL/1. Preliminaries/1.1. Introduction to Set Theory/Lessons/1.1.8. Cardinality of Finite Sets.md,vault/MA/Mathematical-Analysis-&-Modeling/LAL/1. Preliminaries/1.1. Introduction to Set Theory/Source/1.1.8. Cardinality of Finite Sets
62,4386,LAL.1.1.9,Infinite Sets,vault/MA/Mathematical-Analysis-&-Modeling/LAL/1. Preliminaries/1.1. Introduction to Set Theory/Lessons/1.1.9. Infinite Sets.md,vault/MA/Mathematical-Analysis-&-Modeling/LAL/1. Preliminaries/1.1. Introduction to Set Theory/Source/1.1.9. Infinite Sets
61,50,LAL.1.1.10,Subsets,vault/MA/Mathematical-Analysis-&-Modeling/LAL/1. Preliminaries/1.1. Introduction to Set Theory/Lessons/1.1.10. Subsets.md,vault/MA/Mathematical-Analysis-&-Modeling/LAL/1. Preliminaries/1.1. Introduction to Set Theory/Source/1.1.10. Subsets
57,2828,LAL.1.2.1,The Difference of Sets,vault/MA/Mathematical-Analysis-&-Modeling/LAL/1. Preliminaries/1.2. Set Operations/Lessons/1.2.1. The Difference of Sets.md,vault/MA/Mathematical-Analysis-&-Modeling/LAL/1. Preliminaries/1.2. Set Operations/Source/1.2.1. The Difference of Sets
56,2829,LAL.1.2.2,Set Complements,vault/MA/Mathematical-Analysis-&-Modeling/LAL/1. Preliminaries/1.2. Set Operations/Lessons/1.2.2. Set Complements.md,vault/MA/Mathematical-Analysis-&-Modeling/LAL/1. Preliminaries/1.2. Set Operations/Source/1.2.2. Set Complements
63,49,LAL.1.2.3,The Cartesian Product,vault/MA/Mathematical-Analysis-&-Modeling/LAL/1. Preliminaries/1.2. Set Operations/Lessons/1.2.3. The Cartesian Product.md,vault/MA/Mathematical-Analysis-&-Modeling/LAL/1. Preliminaries/1.2. Set Operations/Source/1.2.3. The Cartesian Product
64,4387,LAL.1.2.4,Visualizing Cartesian Products,vault/MA/Mathematical-Analysis-&-Modeling/LAL/1. Preliminaries/1.2. Set Operations/Lessons/1.2.4. Visualizing Cartesian Products.md,vault/MA/Mathematical-Analysis-&-Modeling/LAL/1. Preliminaries/1.2. Set Operations/Source/1.2.4. Visualizing Cartesian Products
63,55,LAL.1.2.5,Indexed Sets,vault/MA/Mathematical-Analysis-&-Modeling/LAL/1. Preliminaries/1.2. Set Operations/Lessons/1.2.5. Indexed Sets.md,vault/MA/Mathematical-Analysis-&-Modeling/LAL/1. Preliminaries/1.2. Set Operations/Source/1.2.5. Indexed Sets
63,3334,LAL.1.2.6,Sets and Functions,vault/MA/Mathematical-Analysis-&-Modeling/LAL/1. Preliminaries/1.2. Set Operations/Lessons/1.2.6. Sets and Functions.md,vault/MA/Mathematical-Analysis-&-Modeling/LAL/1. Preliminaries/1.2. Set Operations/Source/1.2.6. Sets and Functions
62,1376,LAL.1.3.1,The Vector Equation of a Line,vault/MA/Mathematical-Analysis-&-Modeling/LAL/1. Preliminaries/1.3. Vector Geometry/Lessons/1.3.1. The Vector Equation of a Line.md,vault/MA/Mathematical-Analysis-&-Modeling/LAL/1. Preliminaries/1.3. Vector Geometry/Source/1.3.1. The Vector Equation of a Line
63,1920,LAL.1.3.2,The Parametric Equations of a Line,vault/MA/Mathematical-Analysis-&-Modeling/LAL/1. Preliminaries/1.3. Vector Geometry/Lessons/1.3.2. The Parametric Equations of a Line.md,vault/MA/Mathematical-Analysis-&-Modeling/LAL/1. Preliminaries/1.3. Vector Geometry/Source/1.3.2. The Parametric Equations of a Line
64,1799,LAL.1.3.3,The Cartesian Equation of a Line,vault/MA/Mathematical-Analysis-&-Modeling/LAL/1. Preliminaries/1.3. Vector Geometry/Lessons/1.3.3. The Cartesian Equation of a Line.md,vault/MA/Mathematical-Analysis-&-Modeling/LAL/1. Preliminaries/1.3. Vector Geometry/Source/1.3.3. The Cartesian Equation of a Line
65,1805,LAL.1.3.4,The Vector Equation of a Plane,vault/MA/Mathematical-Analysis-&-Modeling/LAL/1. Preliminaries/1.3. Vector Geometry/Lessons/1.3.4. The Vector Equation of a Plane.md,vault/MA/Mathematical-Analysis-&-Modeling/LAL/1. Preliminaries/1.3. Vector Geometry/Source/1.3.4. The Vector Equation of a Plane
66,1807,LAL.1.3.5,The Cartesian Equation of a Plane,vault/MA/Mathematical-Analysis-&-Modeling/LAL/1. Preliminaries/1.3. Vector Geometry/Lessons/1.3.5. The Cartesian Equation of a Plane.md,vault/MA/Mathematical-Analysis-&-Modeling/LAL/1. Preliminaries/1.3. Vector Geometry/Source/1.3.5. The Cartesian Equation of a Plane
64,1806,LAL.1.3.6,The Parametric Equations of a Plane,vault/MA/Mathematical-Analysis-&-Modeling/LAL/1. Preliminaries/1.3. Vector Geometry/Lessons/1.3.6. The Parametric Equations of a Plane.md,vault/MA/Mathematical-Analysis-&-Modeling/LAL/1. Preliminaries/1.3. Vector Geometry/Source/1.3.6. The Parametric Equations of a Plane
70,2539,LAL.1.3.7,The Intersection of Two Planes,vault/MA/Mathematical-Analysis-&-Modeling/LAL/1. Preliminaries/1.3. Vector Geometry/Lessons/1.3.7. The Intersection of Two Planes.md,vault/MA/Mathematical-Analysis-&-Modeling/LAL/1. Preliminaries/1.3. Vector Geometry/Source/1.3.7. The Intersection of Two Planes
67,1810,LAL.1.3.8,The Shortest Distance Between a Plane and a Point,vault/MA/Mathematical-Analysis-&-Modeling/LAL/1. Preliminaries/1.3. Vector Geometry/Lessons/1.3.8. The Shortest Distance Between a Plane and a Point.md,vault/MA/Mathematical-Analysis-&-Modeling/LAL/1. Preliminaries/1.3. Vector Geometry/Source/1.3.8. The Shortest Distance Between a Plane and a Point
67,1808,LAL.1.3.9,The Intersection Between a Line and a Plane,vault/MA/Mathematical-Analysis-&-Modeling/LAL/1. Preliminaries/1.3. Vector Geometry/Lessons/1.3.9. The Intersection Between a Line and a Plane.md,vault/MA/Mathematical-Analysis-&-Modeling/LAL/1. Preliminaries/1.3. Vector Geometry/Source/1.3.9. The Intersection Between a Line and a Plane
62,1775,LAL.2.1.1,Cramer's Rule for 2x2 Systems of Linear Equations,vault/MA/Mathematical-Analysis-&-Modeling/LAL/2. Matrices/2.1. Determinants/Lessons/2.1.1. Cramer's Rule for 2x2 Systems of Linear Equations.md,vault/MA/Mathematical-Analysis-&-Modeling/LAL/2. Matrices/2.1. Determinants/Source/2.1.1. Cramer's Rule for 2x2 Systems of Linear Equations
63,1776,LAL.2.1.2,Cramer’s Rule for 3x3 Systems,vault/MA/Mathematical-Analysis-&-Modeling/LAL/2. Matrices/2.1. Determinants/Lessons/2.1.2. Cramer’s Rule for 3x3 Systems.md,vault/MA/Mathematical-Analysis-&-Modeling/LAL/2. Matrices/2.1. Determinants/Source/2.1.2. Cramer’s Rule for 3x3 Systems
63,1769,LAL.2.1.3,The Determinant of an NxN Matrix,vault/MA/Mathematical-Analysis-&-Modeling/LAL/2. Matrices/2.1. Determinants/Lessons/2.1.3. The Determinant of an NxN Matrix.md,vault/MA/Mathematical-Analysis-&-Modeling/LAL/2. Matrices/2.1. Determinants/Source/2.1.3. The Determinant of an NxN Matrix
66,1770,LAL.2.1.4,Finding Determinants Using Laplace Expansions,vault/MA/Mathematical-Analysis-&-Modeling/LAL/2. Matrices/2.1. Determinants/Lessons/2.1.4. Finding Determinants Using Laplace Expansions.md,vault/MA/Mathematical-Analysis-&-Modeling/LAL/2. Matrices/2.1. Determinants/Source/2.1.4. Finding Determinants Using Laplace Expansions
67,1771,LAL.2.1.5,Basic Properties of Determinants,vault/MA/Mathematical-Analysis-&-Modeling/LAL/2. Matrices/2.1. Determinants/Lessons/2.1.5. Basic Properties of Determinants.md,vault/MA/Mathematical-Analysis-&-Modeling/LAL/2. Matrices/2.1. Determinants/Source/2.1.5. Basic Properties of Determinants
70,1774,LAL.2.1.6,Further Properties of Determinants,vault/MA/Mathematical-Analysis-&-Modeling/LAL/2. Matrices/2.1. Determinants/Lessons/2.1.6. Further Properties of Determinants.md,vault/MA/Mathematical-Analysis-&-Modeling/LAL/2. Matrices/2.1. Determinants/Source/2.1.6. Further Properties of Determinants
68,1772,LAL.2.1.7,Row and Column Operations on Determinants,vault/MA/Mathematical-Analysis-&-Modeling/LAL/2. Matrices/2.1. Determinants/Lessons/2.1.7. Row and Column Operations on Determinants.md,vault/MA/Mathematical-Analysis-&-Modeling/LAL/2. Matrices/2.1. Determinants/Source/2.1.7. Row and Column Operations on Determinants
69,2201,LAL.2.1.8,Conditions When a Determinant Equals Zero,vault/MA/Mathematical-Analysis-&-Modeling/LAL/2. Matrices/2.1. Determinants/Lessons/2.1.8. Conditions When a Determinant Equals Zero.md,vault/MA/Mathematical-Analysis-&-Modeling/LAL/2. Matrices/2.1. Determinants/Source/2.1.8. Conditions When a Determinant Equals Zero
69,1773,LAL.2.1.9,Finding Determinants Using Row and Column Operations,vault/MA/Mathematical-Analysis-&-Modeling/LAL/2. Matrices/2.1. Determinants/Lessons/2.1.9. Finding Determinants Using Row and Column Operations.md,vault/MA/Mathematical-Analysis-&-Modeling/LAL/2. Matrices/2.1. Determinants/Source/2.1.9. Finding Determinants Using Row and Column Operations
66,1735,LAL.2.1.10,Partitioned and Block Matrices,vault/MA/Mathematical-Analysis-&-Modeling/LAL/2. Matrices/2.1. Determinants/Lessons/2.1.10. Partitioned and Block Matrices.md,vault/MA/Mathematical-Analysis-&-Modeling/LAL/2. Matrices/2.1. Determinants/Source/2.1.10. Partitioned and Block Matrices
58,148,LAL.2.2.1,Systems of Equations as Augmented Matrices,vault/MA/Mathematical-Analysis-&-Modeling/LAL/2. Matrices/2.2. Gaussian Elimination/Lessons/2.2.1. Systems of Equations as Augmented Matrices.md,vault/MA/Mathematical-Analysis-&-Modeling/LAL/2. Matrices/2.2. Gaussian Elimination/Source/2.2.1. Systems of Equations as Augmented Matrices
59,2083,LAL.2.2.2,Row Echelon Form,vault/MA/Mathematical-Analysis-&-Modeling/LAL/2. Matrices/2.2. Gaussian Elimination/Lessons/2.2.2. Row Echelon Form.md,vault/MA/Mathematical-Analysis-&-Modeling/LAL/2. Matrices/2.2. Gaussian Elimination/Source/2.2.2. Row Echelon Form
61,1047,LAL.2.2.3,Solving Systems of Equations Using Back Substitution,vault/MA/Mathematical-Analysis-&-Modeling/LAL/2. Matrices/2.2. Gaussian Elimination/Lessons/2.2.3. Solving Systems of Equations Using Back Substitution.md,vault/MA/Mathematical-Analysis-&-Modeling/LAL/2. Matrices/2.2. Gaussian Elimination/Source/2.2.3. Solving Systems of Equations Using Back Substitution
60,149,LAL.2.2.4,Elementary Row Operations,vault/MA/Mathematical-Analysis-&-Modeling/LAL/2. Matrices/2.2. Gaussian Elimination/Lessons/2.2.4. Elementary Row Operations.md,vault/MA/Mathematical-Analysis-&-Modeling/LAL/2. Matrices/2.2. Gaussian Elimination/Source/2.2.4. Elementary Row Operations
61,3029,LAL.2.2.5,Creating Rows or Columns Containing Zeros Using Gaussian Elimination,vault/MA/Mathematical-Analysis-&-Modeling/LAL/2. Matrices/2.2. Gaussian Elimination/Lessons/2.2.5. Creating Rows or Columns Containing Zeros Using Gaussian Elimination.md,vault/MA/Mathematical-Analysis-&-Modeling/LAL/2. Matrices/2.2. Gaussian Elimination/Source/2.2.5. Creating Rows or Columns Containing Zeros Using Gaussian Elimination
62,151,LAL.2.2.6,Solving 2x2 Systems of Equations Using Gaussian Elimination,vault/MA/Mathematical-Analysis-&-Modeling/LAL/2. Matrices/2.2. Gaussian Elimination/Lessons/2.2.6. Solving 2x2 Systems of Equations Using Gaussian Elimination.md,vault/MA/Mathematical-Analysis-&-Modeling/LAL/2. Matrices/2.2. Gaussian Elimination/Source/2.2.6. Solving 2x2 Systems of Equations Using Gaussian Elimination
63,1373,LAL.2.2.7,Solving 2x2 Singular Systems of Equations Using Gaussian Elimination,vault/MA/Mathematical-Analysis-&-Modeling/LAL/2. Matrices/2.2. Gaussian Elimination/Lessons/2.2.7. Solving 2x2 Singular Systems of Equations Using Gaussian Elimination.md,vault/MA/Mathematical-Analysis-&-Modeling/LAL/2. Matrices/2.2. Gaussian Elimination/Source/2.2.7. Solving 2x2 Singular Systems of Equations Using Gaussian Elimination
63,1048,LAL.2.2.8,Solving 3x3 Systems of Equations Using Gaussian Elimination,vault/MA/Mathematical-Analysis-&-Modeling/LAL/2. Matrices/2.2. Gaussian Elimination/Lessons/2.2.8. Solving 3x3 Systems of Equations Using Gaussian Elimination.md,vault/MA/Mathematical-Analysis-&-Modeling/LAL/2. Matrices/2.2. Gaussian Elimination/Source/2.2.8. Solving 3x3 Systems of Equations Using Gaussian Elimination
64,1904,LAL.2.2.9,Identifying the Pivot Columns of a Matrix,vault/MA/Mathematical-Analysis-&-Modeling/LAL/2. Matrices/2.2. Gaussian Elimination/Lessons/2.2.9. Identifying the Pivot Columns of a Matrix.md,vault/MA/Mathematical-Analysis-&-Modeling/LAL/2. Matrices/2.2. Gaussian Elimination/Source/2.2.9. Identifying the Pivot Columns of a Matrix
65,1374,LAL.2.2.10,Solving 3x3 Singular Systems of Equations Using Gaussian Elimination,vault/MA/Mathematical-Analysis-&-Modeling/LAL/2. Matrices/2.2. Gaussian Elimination/Lessons/2.2.10. Solving 3x3 Singular Systems of Equations Using Gaussian Elimination.md,vault/MA/Mathematical-Analysis-&-Modeling/LAL/2. Matrices/2.2. Gaussian Elimination/Source/2.2.10. Solving 3x3 Singular Systems of Equations Using Gaussian Elimination
66,1049,LAL.2.2.11,Reduced Row Echelon Form,vault/MA/Mathematical-Analysis-&-Modeling/LAL/2. Matrices/2.2. Gaussian Elimination/Lessons/2.2.11. Reduced Row Echelon Form.md,vault/MA/Mathematical-Analysis-&-Modeling/LAL/2. Matrices/2.2. Gaussian Elimination/Source/2.2.11. Reduced Row Echelon Form
67,1733,LAL.2.2.12,Gaussian Elimination For NxM Systems of Equations,vault/MA/Mathematical-Analysis-&-Modeling/LAL/2. Matrices/2.2. Gaussian Elimination/Lessons/2.2.12. Gaussian Elimination For NxM Systems of Equations.md,vault/MA/Mathematical-Analysis-&-Modeling/LAL/2. Matrices/2.2. Gaussian Elimination/Source/2.2.12. Gaussian Elimination For NxM Systems of Equations
62,1726,LAL.2.3.1,Elementary 2x2 Matrices,vault/MA/Mathematical-Analysis-&-Modeling/LAL/2. Matrices/2.3. Elementary Matrices/Lessons/2.3.1. Elementary 2x2 Matrices.md,vault/MA/Mathematical-Analysis-&-Modeling/LAL/2. Matrices/2.3. Elementary Matrices/Source/2.3.1. Elementary 2x2 Matrices
65,1727,LAL.2.3.2,Row Operations on 2x2 Matrices as Products of Elementary Matrices,vault/MA/Mathematical-Analysis-&-Modeling/LAL/2. Matrices/2.3. Elementary Matrices/Lessons/2.3.2. Row Operations on 2x2 Matrices as Products of Elementary Matrices.md,vault/MA/Mathematical-Analysis-&-Modeling/LAL/2. Matrices/2.3. Elementary Matrices/Source/2.3.2. Row Operations on 2x2 Matrices as Products of Elementary Matrices
63,1731,LAL.2.3.3,Elementary 3x3 Matrices,vault/MA/Mathematical-Analysis-&-Modeling/LAL/2. Matrices/2.3. Elementary Matrices/Lessons/2.3.3. Elementary 3x3 Matrices.md,vault/MA/Mathematical-Analysis-&-Modeling/LAL/2. Matrices/2.3. Elementary Matrices/Source/2.3.3. Elementary 3x3 Matrices
66,2089,LAL.2.3.4,Row Operations on 3x3 Matrices as Products of Elementary Matrices,vault/MA/Mathematical-Analysis-&-Modeling/LAL/2. Matrices/2.3. Elementary Matrices/Lessons/2.3.4. Row Operations on 3x3 Matrices as Products of Elementary Matrices.md,vault/MA/Mathematical-Analysis-&-Modeling/LAL/2. Matrices/2.3. Elementary Matrices/Source/2.3.4. Row Operations on 3x3 Matrices as Products of Elementary Matrices
73,1730,LAL.2.4.1,The Invertible Matrix Theorem in Terms of 2x2 Systems of Equations,vault/MA/Mathematical-Analysis-&-Modeling/LAL/2. Matrices/2.4. The Inverse of a Matrix/Lessons/2.4.1. The Invertible Matrix Theorem in Terms of 2x2 Systems of Equations.md,vault/MA/Mathematical-Analysis-&-Modeling/LAL/2. Matrices/2.4. The Inverse of a Matrix/Source/2.4.1. The Invertible Matrix Theorem in Terms of 2x2 Systems of Equations
67,1728,LAL.2.4.2,Finding the Inverse of a 2x2 Matrix Using Row Operations,vault/MA/Mathematical-Analysis-&-Modeling/LAL/2. Matrices/2.4. The Inverse of a Matrix/Lessons/2.4.2. Finding the Inverse of a 2x2 Matrix Using Row Operations.md,vault/MA/Mathematical-Analysis-&-Modeling/LAL/2. Matrices/2.4. The Inverse of a Matrix/Source/2.4.2. Finding the Inverse of a 2x2 Matrix Using Row Operations
68,1732,LAL.2.4.3,Finding the Inverse of a 3x3 Matrix Using Row Operations,vault/MA/Mathematical-Analysis-&-Modeling/LAL/2. Matrices/2.4. The Inverse of a Matrix/Lessons/2.4.3. Finding the Inverse of a 3x3 Matrix Using Row Operations.md,vault/MA/Mathematical-Analysis-&-Modeling/LAL/2. Matrices/2.4. The Inverse of a Matrix/Source/2.4.3. Finding the Inverse of a 3x3 Matrix Using Row Operations
69,1734,LAL.2.4.4,Finding the Inverse of an NxN Square Matrix Using Row Operations,vault/MA/Mathematical-Analysis-&-Modeling/LAL/2. Matrices/2.4. The Inverse of a Matrix/Lessons/2.4.4. Finding the Inverse of an NxN Square Matrix Using Row Operations.md,vault/MA/Mathematical-Analysis-&-Modeling/LAL/2. Matrices/2.4. The Inverse of a Matrix/Source/2.4.4. Finding the Inverse of an NxN Square Matrix Using Row Operations
66,42,LAL.2.4.5,Matrices With Easy-to-Find Inverses,vault/MA/Mathematical-Analysis-&-Modeling/LAL/2. Matrices/2.4. The Inverse of a Matrix/Lessons/2.4.5. Matrices With Easy-to-Find Inverses.md,vault/MA/Mathematical-Analysis-&-Modeling/LAL/2. Matrices/2.4. The Inverse of a Matrix/Source/2.4.5. Matrices With Easy-to-Find Inverses
65,1777,LAL.2.5.1,Triangular Matrices,vault/MA/Mathematical-Analysis-&-Modeling/LAL/2. Matrices/2.5. LU Factorization/Lessons/2.5.1. Triangular Matrices.md,vault/MA/Mathematical-Analysis-&-Modeling/LAL/2. Matrices/2.5. LU Factorization/Source/2.5.1. Triangular Matrices
66,1779,LAL.2.5.2,LU Factorization of 2x2 Matrices,vault/MA/Mathematical-Analysis-&-Modeling/LAL/2. Matrices/2.5. LU Factorization/Lessons/2.5.2. LU Factorization of 2x2 Matrices.md,vault/MA/Mathematical-Analysis-&-Modeling/LAL/2. Matrices/2.5. LU Factorization/Source/2.5.2. LU Factorization of 2x2 Matrices
67,1780,LAL.2.5.3,LU Factorization of 3x3 Matrices,vault/MA/Mathematical-Analysis-&-Modeling/LAL/2. Matrices/2.5. LU Factorization/Lessons/2.5.3. LU Factorization of 3x3 Matrices.md,vault/MA/Mathematical-Analysis-&-Modeling/LAL/2. Matrices/2.5. LU Factorization/Source/2.5.3. LU Factorization of 3x3 Matrices
68,1781,LAL.2.5.4,LU Factorization of NxN Matrices,vault/MA/Mathematical-Analysis-&-Modeling/LAL/2. Matrices/2.5. LU Factorization/Lessons/2.5.4. LU Factorization of NxN Matrices.md,vault/MA/Mathematical-Analysis-&-Modeling/LAL/2. Matrices/2.5. LU Factorization/Source/2.5.4. LU Factorization of NxN Matrices
69,1782,LAL.2.5.5,Solving Systems of Equations Using LU Factorization,vault/MA/Mathematical-Analysis-&-Modeling/LAL/2. Matrices/2.5. LU Factorization/Lessons/2.5.5. Solving Systems of Equations Using LU Factorization.md,vault/MA/Mathematical-Analysis-&-Modeling/LAL/2. Matrices/2.5. LU Factorization/Source/2.5.5. Solving Systems of Equations Using LU Factorization
60,1849,LAL.3.1.1,Vectors in N-Dimensional Euclidean Space,vault/MA/Mathematical-Analysis-&-Modeling/LAL/3. Vector Spaces/3.1. Vectors in N-Dimensional Space/Lessons/3.1.1. Vectors in N-Dimensional Euclidean Space.md,vault/MA/Mathematical-Analysis-&-Modeling/LAL/3. Vector Spaces/3.1. Vectors in N-Dimensional Space/Source/3.1.1. Vectors in N-Dimensional Euclidean Space
66,1851,LAL.3.1.2,Linear Combinations of Vectors in N-Dimensional Euclidean Space,vault/MA/Mathematical-Analysis-&-Modeling/LAL/3. Vector Spaces/3.1. Vectors in N-Dimensional Space/Lessons/3.1.2. Linear Combinations of Vectors in N-Dimensional Euclidean Space.md,vault/MA/Mathematical-Analysis-&-Modeling/LAL/3. Vector Spaces/3.1. Vectors in N-Dimensional Space/Source/3.1.2. Linear Combinations of Vectors in N-Dimensional Euclidean Space
68,1852,LAL.3.1.3,Linear Span of Vectors in N-Dimensional Euclidean Space,vault/MA/Mathematical-Analysis-&-Modeling/LAL/3. Vector Spaces/3.1. Vectors in N-Dimensional Space/Lessons/3.1.3. Linear Span of Vectors in N-Dimensional Euclidean Space.md,vault/MA/Mathematical-Analysis-&-Modeling/LAL/3. Vector Spaces/3.1. Vectors in N-Dimensional Space/Source/3.1.3. Linear Span of Vectors in N-Dimensional Euclidean Space
69,1861,LAL.3.1.4,Linear Dependence and Independence,vault/MA/Mathematical-Analysis-&-Modeling/LAL/3. Vector Spaces/3.1. Vectors in N-Dimensional Space/Lessons/3.1.4. Linear Dependence and Independence.md,vault/MA/Mathematical-Analysis-&-Modeling/LAL/3. Vector Spaces/3.1. Vectors in N-Dimensional Space/Source/3.1.4. Linear Dependence and Independence
67,1853,LAL.3.2.1,Subspaces of N-Dimensional Space,vault/MA/Mathematical-Analysis-&-Modeling/LAL/3. Vector Spaces/3.2. Subspaces of N-Dimensional Space/Lessons/3.2.1. Subspaces of N-Dimensional Space.md,vault/MA/Mathematical-Analysis-&-Modeling/LAL/3. Vector Spaces/3.2. Subspaces of N-Dimensional Space/Source/3.2.1. Subspaces of N-Dimensional Space
68,4077,LAL.3.2.2,Subspaces of N-Dimensional Space: Geometric Interpretation,vault/MA/Mathematical-Analysis-&-Modeling/LAL/3. Vector Spaces/3.2. Subspaces of N-Dimensional Space/Lessons/3.2.2. Subspaces of N-Dimensional Space- Geometric Interpretation.md,vault/MA/Mathematical-Analysis-&-Modeling/LAL/3. Vector Spaces/3.2. Subspaces of N-Dimensional Space/Source/3.2.2. Subspaces of N-Dimensional Space- Geometric Interpretation
69,1850,LAL.3.2.3,The Column Space of a Matrix,vault/MA/Mathematical-Analysis-&-Modeling/LAL/3. Vector Spaces/3.2. Subspaces of N-Dimensional Space/Lessons/3.2.3. The Column Space of a Matrix.md,vault/MA/Mathematical-Analysis-&-Modeling/LAL/3. Vector Spaces/3.2. Subspaces of N-Dimensional Space/Source/3.2.3. The Column Space of a Matrix
69,1854,LAL.3.2.4,The Null Space of a Matrix,vault/MA/Mathematical-Analysis-&-Modeling/LAL/3. Vector Spaces/3.2. Subspaces of N-Dimensional Space/Lessons/3.2.4. The Null Space of a Matrix.md,vault/MA/Mathematical-Analysis-&-Modeling/LAL/3. Vector Spaces/3.2. Subspaces of N-Dimensional Space/Source/3.2.4. The Null Space of a Matrix
70,1855,LAL.3.3.1,Finding a Basis of a Span,vault/MA/Mathematical-Analysis-&-Modeling/LAL/3. Vector Spaces/3.3. Bases of N-Dimensional Space/Lessons/3.3.1. Finding a Basis of a Span.md,vault/MA/Mathematical-Analysis-&-Modeling/LAL/3. Vector Spaces/3.3. Bases of N-Dimensional Space/Source/3.3.1. Finding a Basis of a Span
71,2623,LAL.3.3.2,Finding a Basis of the Column Space of a Matrix,vault/MA/Mathematical-Analysis-&-Modeling/LAL/3. Vector Spaces/3.3. Bases of N-Dimensional Space/Lessons/3.3.2. Finding a Basis of the Column Space of a Matrix.md,vault/MA/Mathematical-Analysis-&-Modeling/LAL/3. Vector Spaces/3.3. Bases of N-Dimensional Space/Source/3.3.2. Finding a Basis of the Column Space of a Matrix
71,1856,LAL.3.3.3,Finding a Basis of the Null Space of a Matrix,vault/MA/Mathematical-Analysis-&-Modeling/LAL/3. Vector Spaces/3.3. Bases of N-Dimensional Space/Lessons/3.3.3. Finding a Basis of the Null Space of a Matrix.md,vault/MA/Mathematical-Analysis-&-Modeling/LAL/3. Vector Spaces/3.3. Bases of N-Dimensional Space/Source/3.3.3. Finding a Basis of the Null Space of a Matrix
71,1864,LAL.3.3.4,Expressing the Coordinates of a Vector in a Given Basis,vault/MA/Mathematical-Analysis-&-Modeling/LAL/3. Vector Spaces/3.3. Bases of N-Dimensional Space/Lessons/3.3.4. Expressing the Coordinates of a Vector in a Given Basis.md,vault/MA/Mathematical-Analysis-&-Modeling/LAL/3. Vector Spaces/3.3. Bases of N-Dimensional Space/Source/3.3.4. Expressing the Coordinates of a Vector in a Given Basis
72,1865,LAL.3.3.5,Writing Vectors in Different Bases,vault/MA/Mathematical-Analysis-&-Modeling/LAL/3. Vector Spaces/3.3. Bases of N-Dimensional Space/Lessons/3.3.5. Writing Vectors in Different Bases.md,vault/MA/Mathematical-Analysis-&-Modeling/LAL/3. Vector Spaces/3.3. Bases of N-Dimensional Space/Source/3.3.5. Writing Vectors in Different Bases
73,1928,LAL.3.3.6,The Change-of-Coordinates Matrix,vault/MA/Mathematical-Analysis-&-Modeling/LAL/3. Vector Spaces/3.3. Bases of N-Dimensional Space/Lessons/3.3.6. The Change-of-Coordinates Matrix.md,vault/MA/Mathematical-Analysis-&-Modeling/LAL/3. Vector Spaces/3.3. Bases of N-Dimensional Space/Source/3.3.6. The Change-of-Coordinates Matrix
76,1910,LAL.3.3.7,Changing a Basis Using the Change-of-Coordinates Matrix,vault/MA/Mathematical-Analysis-&-Modeling/LAL/3. Vector Spaces/3.3. Bases of N-Dimensional Space/Lessons/3.3.7. Changing a Basis Using the Change-of-Coordinates Matrix.md,vault/MA/Mathematical-Analysis-&-Modeling/LAL/3. Vector Spaces/3.3. Bases of N-Dimensional Space/Source/3.3.7. Changing a Basis Using the Change-of-Coordinates Matrix
71,1866,LAL.3.4.1,The Dimension of a Span,vault/MA/Mathematical-Analysis-&-Modeling/LAL/3. Vector Spaces/3.4. Dimension and Rank in N-Dimensional Space/Lessons/3.4.1. The Dimension of a Span.md,vault/MA/Mathematical-Analysis-&-Modeling/LAL/3. Vector Spaces/3.4. Dimension and Rank in N-Dimensional Space/Source/3.4.1. The Dimension of a Span
72,1867,LAL.3.4.2,The Rank of a Matrix,vault/MA/Mathematical-Analysis-&-Modeling/LAL/3. Vector Spaces/3.4. Dimension and Rank in N-Dimensional Space/Lessons/3.4.2. The Rank of a Matrix.md,vault/MA/Mathematical-Analysis-&-Modeling/LAL/3. Vector Spaces/3.4. Dimension and Rank in N-Dimensional Space/Source/3.4.2. The Rank of a Matrix
73,1868,LAL.3.4.3,The Dimension of the Null Space of a Matrix,vault/MA/Mathematical-Analysis-&-Modeling/LAL/3. Vector Spaces/3.4. Dimension and Rank in N-Dimensional Space/Lessons/3.4.3. The Dimension of the Null Space of a Matrix.md,vault/MA/Mathematical-Analysis-&-Modeling/LAL/3. Vector Spaces/3.4. Dimension and Rank in N-Dimensional Space/Source/3.4.3. The Dimension of the Null Space of a Matrix
74,1869,LAL.3.4.4,"The Invertible Matrix Theorem in Terms of Dimension, Rank and Nullity","vault/MA/Mathematical-Analysis-&-Modeling/LAL/3. Vector Spaces/3.4. Dimension and Rank in N-Dimensional Space/Lessons/3.4.4. The Invertible Matrix Theorem in Terms of Dimension, Rank and Nullity.md","vault/MA/Mathematical-Analysis-&-Modeling/LAL/3. Vector Spaces/3.4. Dimension and Rank in N-Dimensional Space/Source/3.4.4. The Invertible Matrix Theorem in Terms of Dimension, Rank and Nullity"
75,3836,LAL.3.4.5,The Rank-Nullity Theorem,vault/MA/Mathematical-Analysis-&-Modeling/LAL/3. Vector Spaces/3.4. Dimension and Rank in N-Dimensional Space/Lessons/3.4.5. The Rank-Nullity Theorem.md,vault/MA/Mathematical-Analysis-&-Modeling/LAL/3. Vector Spaces/3.4. Dimension and Rank in N-Dimensional Space/Source/3.4.5. The Rank-Nullity Theorem
67,1906,LAL.3.5.1,Introduction to Abstract Vector Spaces,vault/MA/Mathematical-Analysis-&-Modeling/LAL/3. Vector Spaces/3.5. Abstract Vector Spaces/Lessons/3.5.1. Introduction to Abstract Vector Spaces.md,vault/MA/Mathematical-Analysis-&-Modeling/LAL/3. Vector Spaces/3.5. Abstract Vector Spaces/Source/3.5.1. Introduction to Abstract Vector Spaces
68,3835,LAL.3.5.2,Defining Abstract Vector Spaces,vault/MA/Mathematical-Analysis-&-Modeling/LAL/3. Vector Spaces/3.5. Abstract Vector Spaces/Lessons/3.5.2. Defining Abstract Vector Spaces.md,vault/MA/Mathematical-Analysis-&-Modeling/LAL/3. Vector Spaces/3.5. Abstract Vector Spaces/Source/3.5.2. Defining Abstract Vector Spaces
70,1908,LAL.3.5.3,Linear Independence in Abstract Vector Spaces,vault/MA/Mathematical-Analysis-&-Modeling/LAL/3. Vector Spaces/3.5. Abstract Vector Spaces/Lessons/3.5.3. Linear Independence in Abstract Vector Spaces.md,vault/MA/Mathematical-Analysis-&-Modeling/LAL/3. Vector Spaces/3.5. Abstract Vector Spaces/Source/3.5.3. Linear Independence in Abstract Vector Spaces
69,1907,LAL.3.5.4,Subspaces of Abstract Vector Spaces,vault/MA/Mathematical-Analysis-&-Modeling/LAL/3. Vector Spaces/3.5. Abstract Vector Spaces/Lessons/3.5.4. Subspaces of Abstract Vector Spaces.md,vault/MA/Mathematical-Analysis-&-Modeling/LAL/3. Vector Spaces/3.5. Abstract Vector Spaces/Source/3.5.4. Subspaces of Abstract Vector Spaces
71,1909,LAL.3.5.5,Bases in Abstract Vector Spaces,vault/MA/Mathematical-Analysis-&-Modeling/LAL/3. Vector Spaces/3.5. Abstract Vector Spaces/Lessons/3.5.5. Bases in Abstract Vector Spaces.md,vault/MA/Mathematical-Analysis-&-Modeling/LAL/3. Vector Spaces/3.5. Abstract Vector Spaces/Source/3.5.5. Bases in Abstract Vector Spaces
73,3212,LAL.3.5.6,The Coordinates of a Vector Relative to a Basis in Abstract Vector Spaces,vault/MA/Mathematical-Analysis-&-Modeling/LAL/3. Vector Spaces/3.5. Abstract Vector Spaces/Lessons/3.5.6. The Coordinates of a Vector Relative to a Basis in Abstract Vector Spaces.md,vault/MA/Mathematical-Analysis-&-Modeling/LAL/3. Vector Spaces/3.5. Abstract Vector Spaces/Source/3.5.6. The Coordinates of a Vector Relative to a Basis in Abstract Vector Spaces
74,2759,LAL.3.5.7,Dimension in Abstract Vector Spaces,vault/MA/Mathematical-Analysis-&-Modeling/LAL/3. Vector Spaces/3.5. Abstract Vector Spaces/Lessons/3.5.7. Dimension in Abstract Vector Spaces.md,vault/MA/Mathematical-Analysis-&-Modeling/LAL/3. Vector Spaces/3.5. Abstract Vector Spaces/Source/3.5.7. Dimension in Abstract Vector Spaces
71,2211,LAL.4.1.1,The Standard Matrix of a Linear Transformation in Terms of the Standard Basis,vault/MA/Mathematical-Analysis-&-Modeling/LAL/4. Linear Transformations/4.1. Linear Transformations/Lessons/4.1.1. The Standard Matrix of a Linear Transformation in Terms of the Standard Basis.md,vault/MA/Mathematical-Analysis-&-Modeling/LAL/4. Linear Transformations/4.1. Linear Transformations/Source/4.1.1. The Standard Matrix of a Linear Transformation in Terms of the Standard Basis
74,1960,LAL.4.1.2,The Kernel of a Linear Transformation,vault/MA/Mathematical-Analysis-&-Modeling/LAL/4. Linear Transformations/4.1. Linear Transformations/Lessons/4.1.2. The Kernel of a Linear Transformation.md,vault/MA/Mathematical-Analysis-&-Modeling/LAL/4. Linear Transformations/4.1. Linear Transformations/Source/4.1.2. The Kernel of a Linear Transformation
74,1963,LAL.4.1.3,The Image and Rank of a Linear Transformation,vault/MA/Mathematical-Analysis-&-Modeling/LAL/4. Linear Transformations/4.1. Linear Transformations/Lessons/4.1.3. The Image and Rank of a Linear Transformation.md,vault/MA/Mathematical-Analysis-&-Modeling/LAL/4. Linear Transformations/4.1. Linear Transformations/Source/4.1.3. The Image and Rank of a Linear Transformation
76,3645,LAL.4.1.4,The Image of a Linear Transformation in the Cartesian Plane,vault/MA/Mathematical-Analysis-&-Modeling/LAL/4. Linear Transformations/4.1. Linear Transformations/Lessons/4.1.4. The Image of a Linear Transformation in the Cartesian Plane.md,vault/MA/Mathematical-Analysis-&-Modeling/LAL/4. Linear Transformations/4.1. Linear Transformations/Source/4.1.4. The Image of a Linear Transformation in the Cartesian Plane
75,1962,LAL.4.1.5,The Invertible Matrix Theorem in Terms of Linear Transformations,vault/MA/Mathematical-Analysis-&-Modeling/LAL/4. Linear Transformations/4.1. Linear Transformations/Lessons/4.1.5. The Invertible Matrix Theorem in Terms of Linear Transformations.md,vault/MA/Mathematical-Analysis-&-Modeling/LAL/4. Linear Transformations/4.1. Linear Transformations/Source/4.1.5. The Invertible Matrix Theorem in Terms of Linear Transformations
76,3852,LAL.4.1.6,The Rank-Nullity Theorem in Terms of Linear Transformations,vault/MA/Mathematical-Analysis-&-Modeling/LAL/4. Linear Transformations/4.1. Linear Transformations/Lessons/4.1.6. The Rank-Nullity Theorem in Terms of Linear Transformations.md,vault/MA/Mathematical-Analysis-&-Modeling/LAL/4. Linear Transformations/4.1. Linear Transformations/Source/4.1.6. The Rank-Nullity Theorem in Terms of Linear Transformations
72,1961,LAL.4.2.1,The Matrix of a Linear Transformation Relative to a Basis,vault/MA/Mathematical-Analysis-&-Modeling/LAL/4. Linear Transformations/4.2. Linear Maps and Their Matrix Representations/Lessons/4.2.1. The Matrix of a Linear Transformation Relative to a Basis.md,vault/MA/Mathematical-Analysis-&-Modeling/LAL/4. Linear Transformations/4.2. Linear Maps and Their Matrix Representations/Source/4.2.1. The Matrix of a Linear Transformation Relative to a Basis
74,2014,LAL.4.2.2,Connections Between Matrix Representations of a Linear Transformation,vault/MA/Mathematical-Analysis-&-Modeling/LAL/4. Linear Transformations/4.2. Linear Maps and Their Matrix Representations/Lessons/4.2.2. Connections Between Matrix Representations of a Linear Transformation.md,vault/MA/Mathematical-Analysis-&-Modeling/LAL/4. Linear Transformations/4.2. Linear Maps and Their Matrix Representations/Source/4.2.2. Connections Between Matrix Representations of a Linear Transformation
68,907,LAL.4.2.3,Linear Maps Between Two Different Vector Spaces,vault/MA/Mathematical-Analysis-&-Modeling/LAL/4. Linear Transformations/4.2. Linear Maps and Their Matrix Representations/Lessons/4.2.3. Linear Maps Between Two Different Vector Spaces.md,vault/MA/Mathematical-Analysis-&-Modeling/LAL/4. Linear Transformations/4.2. Linear Maps and Their Matrix Representations/Source/4.2.3. Linear Maps Between Two Different Vector Spaces
73,1967,LAL.4.2.4,The Matrix of a Linear Map Relative to Two Bases,vault/MA/Mathematical-Analysis-&-Modeling/LAL/4. Linear Transformations/4.2. Linear Maps and Their Matrix Representations/Lessons/4.2.4. The Matrix of a Linear Map Relative to Two Bases.md,vault/MA/Mathematical-Analysis-&-Modeling/LAL/4. Linear Transformations/4.2. Linear Maps and Their Matrix Representations/Source/4.2.4. The Matrix of a Linear Map Relative to Two Bases
67,1375,LAL.5.1.1,The Eigenvalues and Eigenvectors of a 2x2 Matrix,vault/MA/Mathematical-Analysis-&-Modeling/LAL/5. Diagonalization of Matrices/5.1. Eigenvectors and Eigenvalues/Lessons/5.1.1. The Eigenvalues and Eigenvectors of a 2x2 Matrix.md,vault/MA/Mathematical-Analysis-&-Modeling/LAL/5. Diagonalization of Matrices/5.1. Eigenvectors and Eigenvalues/Source/5.1.1. The Eigenvalues and Eigenvectors of a 2x2 Matrix
75,990,LAL.5.1.2,Calculating the Eigenvalues of a 2x2 Matrix,vault/MA/Mathematical-Analysis-&-Modeling/LAL/5. Diagonalization of Matrices/5.1. Eigenvectors and Eigenvalues/Lessons/5.1.2. Calculating the Eigenvalues of a 2x2 Matrix.md,vault/MA/Mathematical-Analysis-&-Modeling/LAL/5. Diagonalization of Matrices/5.1. Eigenvectors and Eigenvalues/Source/5.1.2. Calculating the Eigenvalues of a 2x2 Matrix
76,991,LAL.5.1.3,Calculating the Eigenvectors of a 2x2 Matrix,vault/MA/Mathematical-Analysis-&-Modeling/LAL/5. Diagonalization of Matrices/5.1. Eigenvectors and Eigenvalues/Lessons/5.1.3. Calculating the Eigenvectors of a 2x2 Matrix.md,vault/MA/Mathematical-Analysis-&-Modeling/LAL/5. Diagonalization of Matrices/5.1. Eigenvectors and Eigenvalues/Source/5.1.3. Calculating the Eigenvectors of a 2x2 Matrix
76,1964,LAL.5.1.4,The Characteristic Equation of a Matrix,vault/MA/Mathematical-Analysis-&-Modeling/LAL/5. Diagonalization of Matrices/5.1. Eigenvectors and Eigenvalues/Lessons/5.1.4. The Characteristic Equation of a Matrix.md,vault/MA/Mathematical-Analysis-&-Modeling/LAL/5. Diagonalization of Matrices/5.1. Eigenvectors and Eigenvalues/Source/5.1.4. The Characteristic Equation of a Matrix
77,1972,LAL.5.1.5,The Cayley-Hamilton Theorem,vault/MA/Mathematical-Analysis-&-Modeling/LAL/5. Diagonalization of Matrices/5.1. Eigenvectors and Eigenvalues/Lessons/5.1.5. The Cayley-Hamilton Theorem.md,vault/MA/Mathematical-Analysis-&-Modeling/LAL/5. Diagonalization of Matrices/5.1. Eigenvectors and Eigenvalues/Source/5.1.5. The Cayley-Hamilton Theorem
77,1977,LAL.5.1.6,Calculating the Eigenvectors of a 3x3 Matrix With Distinct Eigenvalues,vault/MA/Mathematical-Analysis-&-Modeling/LAL/5. Diagonalization of Matrices/5.1. Eigenvectors and Eigenvalues/Lessons/5.1.6. Calculating the Eigenvectors of a 3x3 Matrix With Distinct Eigenvalues.md,vault/MA/Mathematical-Analysis-&-Modeling/LAL/5. Diagonalization of Matrices/5.1. Eigenvectors and Eigenvalues/Source/5.1.6. Calculating the Eigenvectors of a 3x3 Matrix With Distinct Eigenvalues
78,1965,LAL.5.1.7,Calculating the Eigenvectors of a 3x3 Matrix in the General Case,vault/MA/Mathematical-Analysis-&-Modeling/LAL/5. Diagonalization of Matrices/5.1. Eigenvectors and Eigenvalues/Lessons/5.1.7. Calculating the Eigenvectors of a 3x3 Matrix in the General Case.md,vault/MA/Mathematical-Analysis-&-Modeling/LAL/5. Diagonalization of Matrices/5.1. Eigenvectors and Eigenvalues/Source/5.1.7. Calculating the Eigenvectors of a 3x3 Matrix in the General Case
77,1966,LAL.5.1.8,The Invertible Matrix Theorem in Terms of Eigenvalues,vault/MA/Mathematical-Analysis-&-Modeling/LAL/5. Diagonalization of Matrices/5.1. Eigenvectors and Eigenvalues/Lessons/5.1.8. The Invertible Matrix Theorem in Terms of Eigenvalues.md,vault/MA/Mathematical-Analysis-&-Modeling/LAL/5. Diagonalization of Matrices/5.1. Eigenvectors and Eigenvalues/Source/5.1.8. The Invertible Matrix Theorem in Terms of Eigenvalues
77,1968,LAL.5.2.1,Diagonalizing a 2x2 Matrix,vault/MA/Mathematical-Analysis-&-Modeling/LAL/5. Diagonalization of Matrices/5.2. Diagonalization/Lessons/5.2.1. Diagonalizing a 2x2 Matrix.md,vault/MA/Mathematical-Analysis-&-Modeling/LAL/5. Diagonalization of Matrices/5.2. Diagonalization/Source/5.2.1. Diagonalizing a 2x2 Matrix
78,1969,LAL.5.2.2,Properties of Diagonalization,vault/MA/Mathematical-Analysis-&-Modeling/LAL/5. Diagonalization of Matrices/5.2. Diagonalization/Lessons/5.2.2. Properties of Diagonalization.md,vault/MA/Mathematical-Analysis-&-Modeling/LAL/5. Diagonalization of Matrices/5.2. Diagonalization/Source/5.2.2. Properties of Diagonalization
78,1970,LAL.5.2.3,Diagonalizing a 3x3 Matrix With Distinct Eigenvalues,vault/MA/Mathematical-Analysis-&-Modeling/LAL/5. Diagonalization of Matrices/5.2. Diagonalization/Lessons/5.2.3. Diagonalizing a 3x3 Matrix With Distinct Eigenvalues.md,vault/MA/Mathematical-Analysis-&-Modeling/LAL/5. Diagonalization of Matrices/5.2. Diagonalization/Source/5.2.3. Diagonalizing a 3x3 Matrix With Distinct Eigenvalues
79,1971,LAL.5.2.4,Diagonalizing a 3x3 Matrix in the General Case,vault/MA/Mathematical-Analysis-&-Modeling/LAL/5. Diagonalization of Matrices/5.2. Diagonalization/Lessons/5.2.4. Diagonalizing a 3x3 Matrix in the General Case.md,vault/MA/Mathematical-Analysis-&-Modeling/LAL/5. Diagonalization of Matrices/5.2. Diagonalization/Source/5.2.4. Diagonalizing a 3x3 Matrix in the General Case
60,2703,LAL.5.3.1,Vectors Over the Complex Numbers,vault/MA/Mathematical-Analysis-&-Modeling/LAL/5. Diagonalization of Matrices/5.3. Real Matrices With Complex Eigenvalues/Lessons/5.3.1. Vectors Over the Complex Numbers.md,vault/MA/Mathematical-Analysis-&-Modeling/LAL/5. Diagonalization of Matrices/5.3. Real Matrices With Complex Eigenvalues/Source/5.3.1. Vectors Over the Complex Numbers
65,2015,LAL.5.3.2,Matrices Over the Complex Numbers,vault/MA/Mathematical-Analysis-&-Modeling/LAL/5. Diagonalization of Matrices/5.3. Real Matrices With Complex Eigenvalues/Lessons/5.3.2. Matrices Over the Complex Numbers.md,vault/MA/Mathematical-Analysis-&-Modeling/LAL/5. Diagonalization of Matrices/5.3. Real Matrices With Complex Eigenvalues/Source/5.3.2. Matrices Over the Complex Numbers
77,2016,LAL.5.3.3,Finding Complex Eigenvalues of Real 2x2 Matrices,vault/MA/Mathematical-Analysis-&-Modeling/LAL/5. Diagonalization of Matrices/5.3. Real Matrices With Complex Eigenvalues/Lessons/5.3.3. Finding Complex Eigenvalues of Real 2x2 Matrices.md,vault/MA/Mathematical-Analysis-&-Modeling/LAL/5. Diagonalization of Matrices/5.3. Real Matrices With Complex Eigenvalues/Source/5.3.3. Finding Complex Eigenvalues of Real 2x2 Matrices
78,3574,LAL.5.3.4,Finding Complex Eigenvectors of Real 2x2 Matrices,vault/MA/Mathematical-Analysis-&-Modeling/LAL/5. Diagonalization of Matrices/5.3. Real Matrices With Complex Eigenvalues/Lessons/5.3.4. Finding Complex Eigenvectors of Real 2x2 Matrices.md,vault/MA/Mathematical-Analysis-&-Modeling/LAL/5. Diagonalization of Matrices/5.3. Real Matrices With Complex Eigenvalues/Source/5.3.4. Finding Complex Eigenvectors of Real 2x2 Matrices
68,2017,LAL.5.3.5,Rotation-Scaling Matrices,vault/MA/Mathematical-Analysis-&-Modeling/LAL/5. Diagonalization of Matrices/5.3. Real Matrices With Complex Eigenvalues/Lessons/5.3.5. Rotation-Scaling Matrices.md,vault/MA/Mathematical-Analysis-&-Modeling/LAL/5. Diagonalization of Matrices/5.3. Real Matrices With Complex Eigenvalues/Source/5.3.5. Rotation-Scaling Matrices
79,2018,LAL.5.3.6,Reducing Real 2x2 Matrices to Rotation-Scaling Form,vault/MA/Mathematical-Analysis-&-Modeling/LAL/5. Diagonalization of Matrices/5.3. Real Matrices With Complex Eigenvalues/Lessons/5.3.6. Reducing Real 2x2 Matrices to Rotation-Scaling Form.md,vault/MA/Mathematical-Analysis-&-Modeling/LAL/5. Diagonalization of Matrices/5.3. Real Matrices With Complex Eigenvalues/Source/5.3.6. Reducing Real 2x2 Matrices to Rotation-Scaling Form
80,2019,LAL.5.3.7,Block Diagonalization of NxN Matrices,vault/MA/Mathematical-Analysis-&-Modeling/LAL/5. Diagonalization of Matrices/5.3. Real Matrices With Complex Eigenvalues/Lessons/5.3.7. Block Diagonalization of NxN Matrices.md,vault/MA/Mathematical-Analysis-&-Modeling/LAL/5. Diagonalization of Matrices/5.3. Real Matrices With Complex Eigenvalues/Source/5.3.7. Block Diagonalization of NxN Matrices
76,3776,LAL.5.4.1,Nilpotent and Idempotent Matrices,vault/MA/Mathematical-Analysis-&-Modeling/LAL/5. Diagonalization of Matrices/5.4. Generalized Eigenvectors/Lessons/5.4.1. Nilpotent and Idempotent Matrices.md,vault/MA/Mathematical-Analysis-&-Modeling/LAL/5. Diagonalization of Matrices/5.4. Generalized Eigenvectors/Source/5.4.1. Nilpotent and Idempotent Matrices
79,2738,LAL.5.4.2,Generalized Eigenvectors,vault/MA/Mathematical-Analysis-&-Modeling/LAL/5. Diagonalization of Matrices/5.4. Generalized Eigenvectors/Lessons/5.4.2. Generalized Eigenvectors.md,vault/MA/Mathematical-Analysis-&-Modeling/LAL/5. Diagonalization of Matrices/5.4. Generalized Eigenvectors/Source/5.4.2. Generalized Eigenvectors
80,3633,LAL.5.4.3,Ranks of Generalized Eigenvectors,vault/MA/Mathematical-Analysis-&-Modeling/LAL/5. Diagonalization of Matrices/5.4. Generalized Eigenvectors/Lessons/5.4.3. Ranks of Generalized Eigenvectors.md,vault/MA/Mathematical-Analysis-&-Modeling/LAL/5. Diagonalization of Matrices/5.4. Generalized Eigenvectors/Source/5.4.3. Ranks of Generalized Eigenvectors
81,3634,LAL.5.4.4,Finding Generalized Eigenvectors of Specific Ranks,vault/MA/Mathematical-Analysis-&-Modeling/LAL/5. Diagonalization of Matrices/5.4. Generalized Eigenvectors/Lessons/5.4.4. Finding Generalized Eigenvectors of Specific Ranks.md,vault/MA/Mathematical-Analysis-&-Modeling/LAL/5. Diagonalization of Matrices/5.4. Generalized Eigenvectors/Source/5.4.4. Finding Generalized Eigenvectors of Specific Ranks
68,3114,LAL.5.5.1,Jordan Blocks and Jordan Matrices,vault/MA/Mathematical-Analysis-&-Modeling/LAL/5. Diagonalization of Matrices/5.5. Jordan Canonical Decomposition/Lessons/5.5.1. Jordan Blocks and Jordan Matrices.md,vault/MA/Mathematical-Analysis-&-Modeling/LAL/5. Diagonalization of Matrices/5.5. Jordan Canonical Decomposition/Source/5.5.1. Jordan Blocks and Jordan Matrices
80,3629,LAL.5.5.2,Jordan Canonical Form of a 2x2 Matrix,vault/MA/Mathematical-Analysis-&-Modeling/LAL/5. Diagonalization of Matrices/5.5. Jordan Canonical Decomposition/Lessons/5.5.2. Jordan Canonical Form of a 2x2 Matrix.md,vault/MA/Mathematical-Analysis-&-Modeling/LAL/5. Diagonalization of Matrices/5.5. Jordan Canonical Decomposition/Source/5.5.2. Jordan Canonical Form of a 2x2 Matrix
81,3652,LAL.5.5.3,Jordan Canonical Decomposition of a 2x2 Matrix,vault/MA/Mathematical-Analysis-&-Modeling/LAL/5. Diagonalization of Matrices/5.5. Jordan Canonical Decomposition/Lessons/5.5.3. Jordan Canonical Decomposition of a 2x2 Matrix.md,vault/MA/Mathematical-Analysis-&-Modeling/LAL/5. Diagonalization of Matrices/5.5. Jordan Canonical Decomposition/Source/5.5.3. Jordan Canonical Decomposition of a 2x2 Matrix
82,3115,LAL.5.5.4,Jordan Canonical Form of a 3x3 Matrix,vault/MA/Mathematical-Analysis-&-Modeling/LAL/5. Diagonalization of Matrices/5.5. Jordan Canonical Decomposition/Lessons/5.5.4. Jordan Canonical Form of a 3x3 Matrix.md,vault/MA/Mathematical-Analysis-&-Modeling/LAL/5. Diagonalization of Matrices/5.5. Jordan Canonical Decomposition/Source/5.5.4. Jordan Canonical Form of a 3x3 Matrix
83,3639,LAL.5.5.5,Jordan Canonical Decomposition of a 3x3 Matrix,vault/MA/Mathematical-Analysis-&-Modeling/LAL/5. Diagonalization of Matrices/5.5. Jordan Canonical Decomposition/Lessons/5.5.5. Jordan Canonical Decomposition of a 3x3 Matrix.md,vault/MA/Mathematical-Analysis-&-Modeling/LAL/5. Diagonalization of Matrices/5.5. Jordan Canonical Decomposition/Source/5.5.5. Jordan Canonical Decomposition of a 3x3 Matrix
82,2927,LAL.5.5.6,Matrix Functions,vault/MA/Mathematical-Analysis-&-Modeling/LAL/5. Diagonalization of Matrices/5.5. Jordan Canonical Decomposition/Lessons/5.5.6. Matrix Functions.md,vault/MA/Mathematical-Analysis-&-Modeling/LAL/5. Diagonalization of Matrices/5.5. Jordan Canonical Decomposition/Source/5.5.6. Matrix Functions
68,2094,LAL.6.1.1,The Dot Product in N-Dimensional Euclidean Space,vault/MA/Mathematical-Analysis-&-Modeling/LAL/6. Projections/6.1. Inner Products/Lessons/6.1.1. The Dot Product in N-Dimensional Euclidean Space.md,vault/MA/Mathematical-Analysis-&-Modeling/LAL/6. Projections/6.1. Inner Products/Source/6.1.1. The Dot Product in N-Dimensional Euclidean Space
69,2095,LAL.6.1.2,The Norm of a Vector in N-Dimensional Euclidean Space,vault/MA/Mathematical-Analysis-&-Modeling/LAL/6. Projections/6.1. Inner Products/Lessons/6.1.2. The Norm of a Vector in N-Dimensional Euclidean Space.md,vault/MA/Mathematical-Analysis-&-Modeling/LAL/6. Projections/6.1. Inner Products/Source/6.1.2. The Norm of a Vector in N-Dimensional Euclidean Space
73,2096,LAL.6.1.3,Inner Product Spaces,vault/MA/Mathematical-Analysis-&-Modeling/LAL/6. Projections/6.1. Inner Products/Lessons/6.1.3. Inner Product Spaces.md,vault/MA/Mathematical-Analysis-&-Modeling/LAL/6. Projections/6.1. Inner Products/Source/6.1.3. Inner Product Spaces
74,2097,LAL.6.1.4,The Inner Product in Vector Spaces Over the Complex Numbers,vault/MA/Mathematical-Analysis-&-Modeling/LAL/6. Projections/6.1. Inner Products/Lessons/6.1.4. The Inner Product in Vector Spaces Over the Complex Numbers.md,vault/MA/Mathematical-Analysis-&-Modeling/LAL/6. Projections/6.1. Inner Products/Source/6.1.4. The Inner Product in Vector Spaces Over the Complex Numbers
74,2098,LAL.6.1.5,The Norm of a Vector in Inner Product Spaces,vault/MA/Mathematical-Analysis-&-Modeling/LAL/6. Projections/6.1. Inner Products/Lessons/6.1.5. The Norm of a Vector in Inner Product Spaces.md,vault/MA/Mathematical-Analysis-&-Modeling/LAL/6. Projections/6.1. Inner Products/Source/6.1.5. The Norm of a Vector in Inner Product Spaces
70,2099,LAL.6.2.1,Orthogonal Vectors in Euclidean Spaces,vault/MA/Mathematical-Analysis-&-Modeling/LAL/6. Projections/6.2. Orthogonality/Lessons/6.2.1. Orthogonal Vectors in Euclidean Spaces.md,vault/MA/Mathematical-Analysis-&-Modeling/LAL/6. Projections/6.2. Orthogonality/Source/6.2.1. Orthogonal Vectors in Euclidean Spaces
74,2100,LAL.6.2.2,Orthogonal Vectors in Inner Product Spaces,vault/MA/Mathematical-Analysis-&-Modeling/LAL/6. Projections/6.2. Orthogonality/Lessons/6.2.2. Orthogonal Vectors in Inner Product Spaces.md,vault/MA/Mathematical-Analysis-&-Modeling/LAL/6. Projections/6.2. Orthogonality/Source/6.2.2. Orthogonal Vectors in Inner Product Spaces
70,2101,LAL.6.2.3,The Cauchy-Schwarz Inequality and the Angle Between Two Vectors,vault/MA/Mathematical-Analysis-&-Modeling/LAL/6. Projections/6.2. Orthogonality/Lessons/6.2.3. The Cauchy-Schwarz Inequality and the Angle Between Two Vectors.md,vault/MA/Mathematical-Analysis-&-Modeling/LAL/6. Projections/6.2. Orthogonality/Source/6.2.3. The Cauchy-Schwarz Inequality and the Angle Between Two Vectors
71,2153,LAL.6.2.4,The Pythagorean Theorem and the Triangle Inequality,vault/MA/Mathematical-Analysis-&-Modeling/LAL/6. Projections/6.2. Orthogonality/Lessons/6.2.4. The Pythagorean Theorem and the Triangle Inequality.md,vault/MA/Mathematical-Analysis-&-Modeling/LAL/6. Projections/6.2. Orthogonality/Source/6.2.4. The Pythagorean Theorem and the Triangle Inequality
71,2102,LAL.6.2.5,Orthogonal Complements,vault/MA/Mathematical-Analysis-&-Modeling/LAL/6. Projections/6.2. Orthogonality/Lessons/6.2.5. Orthogonal Complements.md,vault/MA/Mathematical-Analysis-&-Modeling/LAL/6. Projections/6.2. Orthogonality/Source/6.2.5. Orthogonal Complements
72,2103,LAL.6.2.6,Orthogonal Sets in Euclidean Spaces,vault/MA/Mathematical-Analysis-&-Modeling/LAL/6. Projections/6.2. Orthogonality/Lessons/6.2.6. Orthogonal Sets in Euclidean Spaces.md,vault/MA/Mathematical-Analysis-&-Modeling/LAL/6. Projections/6.2. Orthogonality/Source/6.2.6. Orthogonal Sets in Euclidean Spaces
75,2104,LAL.6.2.7,Orthogonal Sets in Inner Product Spaces,vault/MA/Mathematical-Analysis-&-Modeling/LAL/6. Projections/6.2. Orthogonality/Lessons/6.2.7. Orthogonal Sets in Inner Product Spaces.md,vault/MA/Mathematical-Analysis-&-Modeling/LAL/6. Projections/6.2. Orthogonality/Source/6.2.7. Orthogonal Sets in Inner Product Spaces
77,2105,LAL.6.2.8,Orthogonal Matrices,vault/MA/Mathematical-Analysis-&-Modeling/LAL/6. Projections/6.2. Orthogonality/Lessons/6.2.8. Orthogonal Matrices.md,vault/MA/Mathematical-Analysis-&-Modeling/LAL/6. Projections/6.2. Orthogonality/Source/6.2.8. Orthogonal Matrices
78,4319,LAL.6.2.9,Orthogonal Linear Transformations,vault/MA/Mathematical-Analysis-&-Modeling/LAL/6. Projections/6.2. Orthogonality/Lessons/6.2.9. Orthogonal Linear Transformations.md,vault/MA/Mathematical-Analysis-&-Modeling/LAL/6. Projections/6.2. Orthogonality/Source/6.2.9. Orthogonal Linear Transformations
79,2200,LAL.6.2.10,The Four Fundamental Subspaces of a Matrix,vault/MA/Mathematical-Analysis-&-Modeling/LAL/6. Projections/6.2. Orthogonality/Lessons/6.2.10. The Four Fundamental Subspaces of a Matrix.md,vault/MA/Mathematical-Analysis-&-Modeling/LAL/6. Projections/6.2. Orthogonality/Source/6.2.10. The Four Fundamental Subspaces of a Matrix
72,2122,LAL.6.3.1,Projecting Vectors Onto One-Dimensional Subspaces,vault/MA/Mathematical-Analysis-&-Modeling/LAL/6. Projections/6.3. Orthogonal Projections/Lessons/6.3.1. Projecting Vectors Onto One-Dimensional Subspaces.md,vault/MA/Mathematical-Analysis-&-Modeling/LAL/6. Projections/6.3. Orthogonal Projections/Source/6.3.1. Projecting Vectors Onto One-Dimensional Subspaces
73,2825,LAL.6.3.2,The Components of a Vector with Respect to an Orthogonal or Orthonormal Basis,vault/MA/Mathematical-Analysis-&-Modeling/LAL/6. Projections/6.3. Orthogonal Projections/Lessons/6.3.2. The Components of a Vector with Respect to an Orthogonal or Orthonormal Basis.md,vault/MA/Mathematical-Analysis-&-Modeling/LAL/6. Projections/6.3. Orthogonal Projections/Source/6.3.2. The Components of a Vector with Respect to an Orthogonal or Orthonormal Basis
74,2123,LAL.6.3.3,Projecting Vectors Onto Subspaces in Euclidean Spaces (Orthogonal Bases),vault/MA/Mathematical-Analysis-&-Modeling/LAL/6. Projections/6.3. Orthogonal Projections/Lessons/6.3.3. Projecting Vectors Onto Subspaces in Euclidean Spaces (Orthogonal Bases).md,vault/MA/Mathematical-Analysis-&-Modeling/LAL/6. Projections/6.3. Orthogonal Projections/Source/6.3.3. Projecting Vectors Onto Subspaces in Euclidean Spaces (Orthogonal Bases)
75,2124,LAL.6.3.4,Projecting Vectors Onto Subspaces in Euclidean Spaces (Arbitrary Bases),vault/MA/Mathematical-Analysis-&-Modeling/LAL/6. Projections/6.3. Orthogonal Projections/Lessons/6.3.4. Projecting Vectors Onto Subspaces in Euclidean Spaces (Arbitrary Bases).md,vault/MA/Mathematical-Analysis-&-Modeling/LAL/6. Projections/6.3. Orthogonal Projections/Source/6.3.4. Projecting Vectors Onto Subspaces in Euclidean Spaces (Arbitrary Bases)
76,3818,LAL.6.3.5,Projecting Vectors Onto Subspaces in Euclidean Spaces (Arbitrary Bases): Applications,vault/MA/Mathematical-Analysis-&-Modeling/LAL/6. Projections/6.3. Orthogonal Projections/Lessons/6.3.5. Projecting Vectors Onto Subspaces in Euclidean Spaces (Arbitrary Bases)- Applications.md,vault/MA/Mathematical-Analysis-&-Modeling/LAL/6. Projections/6.3. Orthogonal Projections/Source/6.3.5. Projecting Vectors Onto Subspaces in Euclidean Spaces (Arbitrary Bases)- Applications
77,2125,LAL.6.3.6,"Projection Matrices, Linear Transformations and Their Properties","vault/MA/Mathematical-Analysis-&-Modeling/LAL/6. Projections/6.3. Orthogonal Projections/Lessons/6.3.6. Projection Matrices, Linear Transformations and Their Properties.md","vault/MA/Mathematical-Analysis-&-Modeling/LAL/6. Projections/6.3. Orthogonal Projections/Source/6.3.6. Projection Matrices, Linear Transformations and Their Properties"
75,2126,LAL.6.3.7,Projecting Vectors Onto Subspaces in Inner Product Spaces,vault/MA/Mathematical-Analysis-&-Modeling/LAL/6. Projections/6.3. Orthogonal Projections/Lessons/6.3.7. Projecting Vectors Onto Subspaces in Inner Product Spaces.md,vault/MA/Mathematical-Analysis-&-Modeling/LAL/6. Projections/6.3. Orthogonal Projections/Source/6.3.7. Projecting Vectors Onto Subspaces in Inner Product Spaces
73,2127,LAL.6.4.1,The Gram-Schmidt Process for Two Vectors,vault/MA/Mathematical-Analysis-&-Modeling/LAL/6. Projections/6.4. Orthogonalization Processes/Lessons/6.4.1. The Gram-Schmidt Process for Two Vectors.md,vault/MA/Mathematical-Analysis-&-Modeling/LAL/6. Projections/6.4. Orthogonalization Processes/Source/6.4.1. The Gram-Schmidt Process for Two Vectors
75,2128,LAL.6.4.2,The Gram-Schmidt Process in the General Case,vault/MA/Mathematical-Analysis-&-Modeling/LAL/6. Projections/6.4. Orthogonalization Processes/Lessons/6.4.2. The Gram-Schmidt Process in the General Case.md,vault/MA/Mathematical-Analysis-&-Modeling/LAL/6. Projections/6.4. Orthogonalization Processes/Source/6.4.2. The Gram-Schmidt Process in the General Case
79,2129,LAL.6.4.3,QR Factorization,vault/MA/Mathematical-Analysis-&-Modeling/LAL/6. Projections/6.4. Orthogonalization Processes/Lessons/6.4.3. QR Factorization.md,vault/MA/Mathematical-Analysis-&-Modeling/LAL/6. Projections/6.4. Orthogonalization Processes/Source/6.4.3. QR Factorization
76,3118,LAL.7.1.1,Symmetric Matrices,vault/MA/Mathematical-Analysis-&-Modeling/LAL/7. Quadratic Forms/7.1. Diagonalization of Symmetric Matrices/Lessons/7.1.1. Symmetric Matrices.md,vault/MA/Mathematical-Analysis-&-Modeling/LAL/7. Quadratic Forms/7.1. Diagonalization of Symmetric Matrices/Source/7.1.1. Symmetric Matrices
79,3335,LAL.7.1.2,Diagonalization of 2x2 Symmetric Matrices,vault/MA/Mathematical-Analysis-&-Modeling/LAL/7. Quadratic Forms/7.1. Diagonalization of Symmetric Matrices/Lessons/7.1.2. Diagonalization of 2x2 Symmetric Matrices.md,vault/MA/Mathematical-Analysis-&-Modeling/LAL/7. Quadratic Forms/7.1. Diagonalization of Symmetric Matrices/Source/7.1.2. Diagonalization of 2x2 Symmetric Matrices
80,3119,LAL.7.1.3,Diagonalization of 3x3 Symmetric Matrices,vault/MA/Mathematical-Analysis-&-Modeling/LAL/7. Quadratic Forms/7.1. Diagonalization of Symmetric Matrices/Lessons/7.1.3. Diagonalization of 3x3 Symmetric Matrices.md,vault/MA/Mathematical-Analysis-&-Modeling/LAL/7. Quadratic Forms/7.1. Diagonalization of Symmetric Matrices/Source/7.1.3. Diagonalization of 3x3 Symmetric Matrices
81,3120,LAL.7.1.4,The Spectral Theorem,vault/MA/Mathematical-Analysis-&-Modeling/LAL/7. Quadratic Forms/7.1. Diagonalization of Symmetric Matrices/Lessons/7.1.4. The Spectral Theorem.md,vault/MA/Mathematical-Analysis-&-Modeling/LAL/7. Quadratic Forms/7.1. Diagonalization of Symmetric Matrices/Source/7.1.4. The Spectral Theorem
65,3121,LAL.7.2.1,Bilinear Forms,vault/MA/Mathematical-Analysis-&-Modeling/LAL/7. Quadratic Forms/7.2. Quadratic Forms/Lessons/7.2.1. Bilinear Forms.md,vault/MA/Mathematical-Analysis-&-Modeling/LAL/7. Quadratic Forms/7.2. Quadratic Forms/Source/7.2.1. Bilinear Forms
77,3123,LAL.7.2.2,Quadratic Forms,vault/MA/Mathematical-Analysis-&-Modeling/LAL/7. Quadratic Forms/7.2. Quadratic Forms/Lessons/7.2.2. Quadratic Forms.md,vault/MA/Mathematical-Analysis-&-Modeling/LAL/7. Quadratic Forms/7.2. Quadratic Forms/Source/7.2.2. Quadratic Forms
78,3122,LAL.7.2.3,Change of Variables in Quadratic Forms,vault/MA/Mathematical-Analysis-&-Modeling/LAL/7. Quadratic Forms/7.2. Quadratic Forms/Lessons/7.2.3. Change of Variables in Quadratic Forms.md,vault/MA/Mathematical-Analysis-&-Modeling/LAL/7. Quadratic Forms/7.2. Quadratic Forms/Source/7.2.3. Change of Variables in Quadratic Forms
79,3124,LAL.7.2.4,Finding the Canonical Form of a Quadratic Form Using Lagrange's Method,vault/MA/Mathematical-Analysis-&-Modeling/LAL/7. Quadratic Forms/7.2. Quadratic Forms/Lessons/7.2.4. Finding the Canonical Form of a Quadratic Form Using Lagrange's Method.md,vault/MA/Mathematical-Analysis-&-Modeling/LAL/7. Quadratic Forms/7.2. Quadratic Forms/Source/7.2.4. Finding the Canonical Form of a Quadratic Form Using Lagrange's Method
81,3126,LAL.7.2.5,Finding the Canonical Form of a Quadratic Form Using Orthogonal Transformations,vault/MA/Mathematical-Analysis-&-Modeling/LAL/7. Quadratic Forms/7.2. Quadratic Forms/Lessons/7.2.5. Finding the Canonical Form of a Quadratic Form Using Orthogonal Transformations.md,vault/MA/Mathematical-Analysis-&-Modeling/LAL/7. Quadratic Forms/7.2. Quadratic Forms/Source/7.2.5. Finding the Canonical Form of a Quadratic Form Using Orthogonal Transformations
78,3127,LAL.7.2.6,Positive-Definite and Negative-Definite Quadratic Forms,vault/MA/Mathematical-Analysis-&-Modeling/LAL/7. Quadratic Forms/7.2. Quadratic Forms/Lessons/7.2.6. Positive-Definite and Negative-Definite Quadratic Forms.md,vault/MA/Mathematical-Analysis-&-Modeling/LAL/7. Quadratic Forms/7.2. Quadratic Forms/Source/7.2.6. Positive-Definite and Negative-Definite Quadratic Forms
82,3129,LAL.7.3.1,Reducing a Quadratic Curve to Its Principal Axes,vault/MA/Mathematical-Analysis-&-Modeling/LAL/7. Quadratic Forms/7.3. Quadratic Forms in Euclidian Space/Lessons/7.3.1. Reducing a Quadratic Curve to Its Principal Axes.md,vault/MA/Mathematical-Analysis-&-Modeling/LAL/7. Quadratic Forms/7.3. Quadratic Forms in Euclidian Space/Source/7.3.1. Reducing a Quadratic Curve to Its Principal Axes
83,3336,LAL.7.3.2,Classifying Quadratic Curves,vault/MA/Mathematical-Analysis-&-Modeling/LAL/7. Quadratic Forms/7.3. Quadratic Forms in Euclidian Space/Lessons/7.3.2. Classifying Quadratic Curves.md,vault/MA/Mathematical-Analysis-&-Modeling/LAL/7. Quadratic Forms/7.3. Quadratic Forms in Euclidian Space/Source/7.3.2. Classifying Quadratic Curves
78,3171,LAL.7.4.1,Constrained Optimization of Quadratic Forms,vault/MA/Mathematical-Analysis-&-Modeling/LAL/7. Quadratic Forms/7.4. Singular Value Decomposition/Lessons/7.4.1. Constrained Optimization of Quadratic Forms.md,vault/MA/Mathematical-Analysis-&-Modeling/LAL/7. Quadratic Forms/7.4. Singular Value Decomposition/Source/7.4.1. Constrained Optimization of Quadratic Forms
81,4238,LAL.7.4.2,Constrained Optimization of Quadratic Forms: Determining Where Extrema are Attained,vault/MA/Mathematical-Analysis-&-Modeling/LAL/7. Quadratic Forms/7.4. Singular Value Decomposition/Lessons/7.4.2. Constrained Optimization of Quadratic Forms- Determining Where Extrema are Attained.md,vault/MA/Mathematical-Analysis-&-Modeling/LAL/7. Quadratic Forms/7.4. Singular Value Decomposition/Source/7.4.2. Constrained Optimization of Quadratic Forms- Determining Where Extrema are Attained
82,3131,LAL.7.4.3,The Singular Values of a Matrix,vault/MA/Mathematical-Analysis-&-Modeling/LAL/7. Quadratic Forms/7.4. Singular Value Decomposition/Lessons/7.4.3. The Singular Values of a Matrix.md,vault/MA/Mathematical-Analysis-&-Modeling/LAL/7. Quadratic Forms/7.4. Singular Value Decomposition/Source/7.4.3. The Singular Values of a Matrix
83,3819,LAL.7.4.4,Computing the Singular Values of a Matrix,vault/MA/Mathematical-Analysis-&-Modeling/LAL/7. Quadratic Forms/7.4. Singular Value Decomposition/Lessons/7.4.4. Computing the Singular Values of a Matrix.md,vault/MA/Mathematical-Analysis-&-Modeling/LAL/7. Quadratic Forms/7.4. Singular Value Decomposition/Source/7.4.4. Computing the Singular Values of a Matrix
84,3132,LAL.7.4.5,Singular Value Decomposition of 2x2 Matrices,vault/MA/Mathematical-Analysis-&-Modeling/LAL/7. Quadratic Forms/7.4. Singular Value Decomposition/Lessons/7.4.5. Singular Value Decomposition of 2x2 Matrices.md,vault/MA/Mathematical-Analysis-&-Modeling/LAL/7. Quadratic Forms/7.4. Singular Value Decomposition/Source/7.4.5. Singular Value Decomposition of 2x2 Matrices
85,3278,LAL.7.4.6,Singular Value Decomposition of 2x2 Matrices With Zero or Repeated Eigenvalues,vault/MA/Mathematical-Analysis-&-Modeling/LAL/7. Quadratic Forms/7.4. Singular Value Decomposition/Lessons/7.4.6. Singular Value Decomposition of 2x2 Matrices With Zero or Repeated Eigenvalues.md,vault/MA/Mathematical-Analysis-&-Modeling/LAL/7. Quadratic Forms/7.4. Singular Value Decomposition/Source/7.4.6. Singular Value Decomposition of 2x2 Matrices With Zero or Repeated Eigenvalues
86,3133,LAL.7.4.7,Singular Value Decomposition of Larger Matrices,vault/MA/Mathematical-Analysis-&-Modeling/LAL/7. Quadratic Forms/7.4. Singular Value Decomposition/Lessons/7.4.7. Singular Value Decomposition of Larger Matrices.md,vault/MA/Mathematical-Analysis-&-Modeling/LAL/7. Quadratic Forms/7.4. Singular Value Decomposition/Source/7.4.7. Singular Value Decomposition of Larger Matrices
87,3134,LAL.7.4.8,Singular Value Decomposition and the Pseudoinverse Matrix,vault/MA/Mathematical-Analysis-&-Modeling/LAL/7. Quadratic Forms/7.4. Singular Value Decomposition/Lessons/7.4.8. Singular Value Decomposition and the Pseudoinverse Matrix.md,vault/MA/Mathematical-Analysis-&-Modeling/LAL/7. Quadratic Forms/7.4. Singular Value Decomposition/Source/7.4.8. Singular Value Decomposition and the Pseudoinverse Matrix
77,2166,LAL.8.1.1,The Least-Squares Solution of a Linear System (Without Collinearity),vault/MA/Mathematical-Analysis-&-Modeling/LAL/8. Applications of Linear Algebra/8.1. Linear Least-Squares Problems/Lessons/8.1.1. The Least-Squares Solution of a Linear System (Without Collinearity).md,vault/MA/Mathematical-Analysis-&-Modeling/LAL/8. Applications of Linear Algebra/8.1. Linear Least-Squares Problems/Source/8.1.1. The Least-Squares Solution of a Linear System (Without Collinearity)
79,2167,LAL.8.1.2,The Least-Squares Solution of a Linear System (With Collinearity),vault/MA/Mathematical-Analysis-&-Modeling/LAL/8. Applications of Linear Algebra/8.1. Linear Least-Squares Problems/Lessons/8.1.2. The Least-Squares Solution of a Linear System (With Collinearity).md,vault/MA/Mathematical-Analysis-&-Modeling/LAL/8. Applications of Linear Algebra/8.1. Linear Least-Squares Problems/Source/8.1.2. The Least-Squares Solution of a Linear System (With Collinearity)
80,2168,LAL.8.1.3,Finding a Least-Squares Solution Using QR Factorization,vault/MA/Mathematical-Analysis-&-Modeling/LAL/8. Applications of Linear Algebra/8.1. Linear Least-Squares Problems/Lessons/8.1.3. Finding a Least-Squares Solution Using QR Factorization.md,vault/MA/Mathematical-Analysis-&-Modeling/LAL/8. Applications of Linear Algebra/8.1. Linear Least-Squares Problems/Source/8.1.3. Finding a Least-Squares Solution Using QR Factorization
80,3135,LAL.8.1.4,Weighted Least-Squares,vault/MA/Mathematical-Analysis-&-Modeling/LAL/8. Applications of Linear Algebra/8.1. Linear Least-Squares Problems/Lessons/8.1.4. Weighted Least-Squares.md,vault/MA/Mathematical-Analysis-&-Modeling/LAL/8. Applications of Linear Algebra/8.1. Linear Least-Squares Problems/Source/8.1.4. Weighted Least-Squares
63,1911,LAL.8.2.1,Markov Chains,vault/MA/Mathematical-Analysis-&-Modeling/LAL/8. Applications of Linear Algebra/8.2. Markov Chains/Lessons/8.2.1. Markov Chains.md,vault/MA/Mathematical-Analysis-&-Modeling/LAL/8. Applications of Linear Algebra/8.2. Markov Chains/Source/8.2.1. Markov Chains
66,1913,LAL.8.2.2,Steady-State Vectors,vault/MA/Mathematical-Analysis-&-Modeling/LAL/8. Applications of Linear Algebra/8.2. Markov Chains/Lessons/8.2.2. Steady-State Vectors.md,vault/MA/Mathematical-Analysis-&-Modeling/LAL/8. Applications of Linear Algebra/8.2. Markov Chains/Source/8.2.2. Steady-State Vectors
78,2169,LAL.8.3.1,Linear Regression With Matrices,vault/MA/Mathematical-Analysis-&-Modeling/LAL/8. Applications of Linear Algebra/8.3. Linear Regression/Lessons/8.3.1. Linear Regression With Matrices.md,vault/MA/Mathematical-Analysis-&-Modeling/LAL/8. Applications of Linear Algebra/8.3. Linear Regression/Source/8.3.1. Linear Regression With Matrices
79,2170,LAL.8.3.2,Polynomial Regression With Matrices,vault/MA/Mathematical-Analysis-&-Modeling/LAL/8. Applications of Linear Algebra/8.3. Linear Regression/Lessons/8.3.2. Polynomial Regression With Matrices.md,vault/MA/Mathematical-Analysis-&-Modeling/LAL/8. Applications of Linear Algebra/8.3. Linear Regression/Source/8.3.2. Polynomial Regression With Matrices
79,2171,LAL.8.3.3,Multiple Linear Regression With Matrices,vault/MA/Mathematical-Analysis-&-Modeling/LAL/8. Applications of Linear Algebra/8.3. Linear Regression/Lessons/8.3.3. Multiple Linear Regression With Matrices.md,vault/MA/Mathematical-Analysis-&-Modeling/LAL/8. Applications of Linear Algebra/8.3. Linear Regression/Source/8.3.3. Multiple Linear Regression With Matrices
