topic-id,topic-name,layer,courses,topic-codes,lesson-paths,source-paths
6364,Newton's Law of Universal Gravitation,44,DEQ,DEQ.2.3.5,vault/MA/Mathematical-Analysis-&-Modeling/DEQ/2. Modeling With First-Order Differential Equations/2.3. Physical Applications of First-Order ODEs/Lessons/2.3.5. Newton's Law of Universal Gravitation.md,vault/MA/Mathematical-Analysis-&-Modeling/DEQ/2. Modeling With First-Order Differential Equations/2.3. Physical Applications of First-Order ODEs/Source/2.3.5. Newton's Law of Universal Gravitation
3595,Residuals and Residual Plots,54,PAS,PAS.9.1.3,vault/MA/Mathematical-Analysis-&-Modeling/PAS/9. Regression/9.1. Correlation and Regression/Lessons/9.1.3. Residuals and Residual Plots.md,vault/MA/Mathematical-Analysis-&-Modeling/PAS/9. Regression/9.1. Correlation and Regression/Source/9.1.3. Residuals and Residual Plots
47,Special Sets,56,LAL,LAL.1.1.1,vault/MA/Mathematical-Analysis-&-Modeling/LAL/1. Preliminaries/1.1. Introduction to Set Theory/Lessons/1.1.1. Special Sets.md,vault/MA/Mathematical-Analysis-&-Modeling/LAL/1. Preliminaries/1.1. Introduction to Set Theory/Source/1.1.1. Special Sets
2760,The Unit Step Function,56,DEQ,DEQ.5.1.2,vault/MA/Mathematical-Analysis-&-Modeling/DEQ/5. Laplace Transforms/5.1. Laplace Transforms/Lessons/5.1.2. The Unit Step Function.md,vault/MA/Mathematical-Analysis-&-Modeling/DEQ/5. Laplace Transforms/5.1. Laplace Transforms/Source/5.1.2. The Unit Step Function
2829,Set Complements,56,LAL,LAL.1.2.2,vault/MA/Mathematical-Analysis-&-Modeling/LAL/1. Preliminaries/1.2. Set Operations/Lessons/1.2.2. Set Complements.md,vault/MA/Mathematical-Analysis-&-Modeling/LAL/1. Preliminaries/1.2. Set Operations/Source/1.2.2. Set Complements
58,Statements and Predicates,57,LAL,LAL.1.1.2,vault/MA/Mathematical-Analysis-&-Modeling/LAL/1. Preliminaries/1.1. Introduction to Set Theory/Lessons/1.1.2. Statements and Predicates.md,vault/MA/Mathematical-Analysis-&-Modeling/LAL/1. Preliminaries/1.1. Introduction to Set Theory/Source/1.1.2. Statements and Predicates
1976,Equivalent Sets,57,LAL,LAL.1.1.3,vault/MA/Mathematical-Analysis-&-Modeling/LAL/1. Preliminaries/1.1. Introduction to Set Theory/Lessons/1.1.3. Equivalent Sets.md,vault/MA/Mathematical-Analysis-&-Modeling/LAL/1. Preliminaries/1.1. Introduction to Set Theory/Source/1.1.3. Equivalent Sets
2828,The Difference of Sets,57,LAL,LAL.1.2.1,vault/MA/Mathematical-Analysis-&-Modeling/LAL/1. Preliminaries/1.2. Set Operations/Lessons/1.2.1. The Difference of Sets.md,vault/MA/Mathematical-Analysis-&-Modeling/LAL/1. Preliminaries/1.2. Set Operations/Source/1.2.1. The Difference of Sets
46,The Constructive Definition of a Set,58,LAL,LAL.1.1.4,vault/MA/Mathematical-Analysis-&-Modeling/LAL/1. Preliminaries/1.1. Introduction to Set Theory/Lessons/1.1.4. The Constructive Definition of a Set.md,vault/MA/Mathematical-Analysis-&-Modeling/LAL/1. Preliminaries/1.1. Introduction to Set Theory/Source/1.1.4. The Constructive Definition of a Set
148,Systems of Equations as Augmented Matrices,58,LAL,LAL.2.2.1,vault/MA/Mathematical-Analysis-&-Modeling/LAL/2. Matrices/2.2. Gaussian Elimination/Lessons/2.2.1. Systems of Equations as Augmented Matrices.md,vault/MA/Mathematical-Analysis-&-Modeling/LAL/2. Matrices/2.2. Gaussian Elimination/Source/2.2.1. Systems of Equations as Augmented Matrices
1989,Introduction to Recurrence Relations,58,DEQ,DEQ.7.1.1,vault/MA/Mathematical-Analysis-&-Modeling/DEQ/7. Approximating Solutions to Differential Equations/7.1. Series Solutions of Differential Equations/Lessons/7.1.1. Introduction to Recurrence Relations.md,vault/MA/Mathematical-Analysis-&-Modeling/DEQ/7. Approximating Solutions to Differential Equations/7.1. Series Solutions of Differential Equations/Source/7.1.1. Introduction to Recurrence Relations
2083,Row Echelon Form,59,LAL,LAL.2.2.2,vault/MA/Mathematical-Analysis-&-Modeling/LAL/2. Matrices/2.2. Gaussian Elimination/Lessons/2.2.2. Row Echelon Form.md,vault/MA/Mathematical-Analysis-&-Modeling/LAL/2. Matrices/2.2. Gaussian Elimination/Source/2.2.2. Row Echelon Form
4425,The Conditional Definition of a Set,59,LAL,LAL.1.1.5,vault/MA/Mathematical-Analysis-&-Modeling/LAL/1. Preliminaries/1.1. Introduction to Set Theory/Lessons/1.1.5. The Conditional Definition of a Set.md,vault/MA/Mathematical-Analysis-&-Modeling/LAL/1. Preliminaries/1.1. Introduction to Set Theory/Source/1.1.5. The Conditional Definition of a Set
149,Elementary Row Operations,60,LAL,LAL.2.2.4,vault/MA/Mathematical-Analysis-&-Modeling/LAL/2. Matrices/2.2. Gaussian Elimination/Lessons/2.2.4. Elementary Row Operations.md,vault/MA/Mathematical-Analysis-&-Modeling/LAL/2. Matrices/2.2. Gaussian Elimination/Source/2.2.4. Elementary Row Operations
1849,Vectors in N-Dimensional Euclidean Space,60,LAL,LAL.3.1.1,vault/MA/Mathematical-Analysis-&-Modeling/LAL/3. Vector Spaces/3.1. Vectors in N-Dimensional Space/Lessons/3.1.1. Vectors in N-Dimensional Euclidean Space.md,vault/MA/Mathematical-Analysis-&-Modeling/LAL/3. Vector Spaces/3.1. Vectors in N-Dimensional Space/Source/3.1.1. Vectors in N-Dimensional Euclidean Space
2026,Moments and Center of Mass,60,MVC,MVC.6.2.3,vault/MA/Mathematical-Analysis-&-Modeling/MVC/6. Applications of Multivariable Calculus/6.2. Applications of Multiple Integrals/Lessons/6.2.3. Moments and Center of Mass.md,vault/MA/Mathematical-Analysis-&-Modeling/MVC/6. Applications of Multivariable Calculus/6.2. Applications of Multiple Integrals/Source/6.2.3. Moments and Center of Mass
2703,Vectors Over the Complex Numbers,60,LAL,LAL.5.3.1,vault/MA/Mathematical-Analysis-&-Modeling/LAL/5. Diagonalization of Matrices/5.3. Real Matrices With Complex Eigenvalues/Lessons/5.3.1. Vectors Over the Complex Numbers.md,vault/MA/Mathematical-Analysis-&-Modeling/LAL/5. Diagonalization of Matrices/5.3. Real Matrices With Complex Eigenvalues/Source/5.3.1. Vectors Over the Complex Numbers
4393,Describing Sets Using Set-Builder Notation,60,LAL,LAL.1.1.6,vault/MA/Mathematical-Analysis-&-Modeling/LAL/1. Preliminaries/1.1. Introduction to Set Theory/Lessons/1.1.6. Describing Sets Using Set-Builder Notation.md,vault/MA/Mathematical-Analysis-&-Modeling/LAL/1. Preliminaries/1.1. Introduction to Set Theory/Source/1.1.6. Describing Sets Using Set-Builder Notation
48,Cardinality of Finite Sets,61,LAL,LAL.1.1.8,vault/MA/Mathematical-Analysis-&-Modeling/LAL/1. Preliminaries/1.1. Introduction to Set Theory/Lessons/1.1.8. Cardinality of Finite Sets.md,vault/MA/Mathematical-Analysis-&-Modeling/LAL/1. Preliminaries/1.1. Introduction to Set Theory/Source/1.1.8. Cardinality of Finite Sets
50,Subsets,61,LAL,LAL.1.1.10,vault/MA/Mathematical-Analysis-&-Modeling/LAL/1. Preliminaries/1.1. Introduction to Set Theory/Lessons/1.1.10. Subsets.md,vault/MA/Mathematical-Analysis-&-Modeling/LAL/1. Preliminaries/1.1. Introduction to Set Theory/Source/1.1.10. Subsets
1047,Solving Systems of Equations Using Back Substitution,61,LAL,LAL.2.2.3,vault/MA/Mathematical-Analysis-&-Modeling/LAL/2. Matrices/2.2. Gaussian Elimination/Lessons/2.2.3. Solving Systems of Equations Using Back Substitution.md,vault/MA/Mathematical-Analysis-&-Modeling/LAL/2. Matrices/2.2. Gaussian Elimination/Source/2.2.3. Solving Systems of Equations Using Back Substitution
3029,Creating Rows or Columns Containing Zeros Using Gaussian Elimination,61,LAL,LAL.2.2.5,vault/MA/Mathematical-Analysis-&-Modeling/LAL/2. Matrices/2.2. Gaussian Elimination/Lessons/2.2.5. Creating Rows or Columns Containing Zeros Using Gaussian Elimination.md,vault/MA/Mathematical-Analysis-&-Modeling/LAL/2. Matrices/2.2. Gaussian Elimination/Source/2.2.5. Creating Rows or Columns Containing Zeros Using Gaussian Elimination
3081,Product Notation,61,PAS,PAS.6.3.1,vault/MA/Mathematical-Analysis-&-Modeling/PAS/6. Parametric Inference/6.3. Maximum Likelihood/Lessons/6.3.1. Product Notation.md,vault/MA/Mathematical-Analysis-&-Modeling/PAS/6. Parametric Inference/6.3. Maximum Likelihood/Source/6.3.1. Product Notation
151,Solving 2x2 Systems of Equations Using Gaussian Elimination,62,LAL,LAL.2.2.6,vault/MA/Mathematical-Analysis-&-Modeling/LAL/2. Matrices/2.2. Gaussian Elimination/Lessons/2.2.6. Solving 2x2 Systems of Equations Using Gaussian Elimination.md,vault/MA/Mathematical-Analysis-&-Modeling/LAL/2. Matrices/2.2. Gaussian Elimination/Source/2.2.6. Solving 2x2 Systems of Equations Using Gaussian Elimination
1342,K Permutations of N With Repetition,62,PAS,PAS.1.2.2,vault/MA/Mathematical-Analysis-&-Modeling/PAS/1. Probability & Random Variables/1.2. Combinatorics/Lessons/1.2.2. K Permutations of N With Repetition.md,vault/MA/Mathematical-Analysis-&-Modeling/PAS/1. Probability & Random Variables/1.2. Combinatorics/Source/1.2.2. K Permutations of N With Repetition
1376,The Vector Equation of a Line,62,LAL,LAL.1.3.1,vault/MA/Mathematical-Analysis-&-Modeling/LAL/1. Preliminaries/1.3. Vector Geometry/Lessons/1.3.1. The Vector Equation of a Line.md,vault/MA/Mathematical-Analysis-&-Modeling/LAL/1. Preliminaries/1.3. Vector Geometry/Source/1.3.1. The Vector Equation of a Line
1726,Elementary 2x2 Matrices,62,LAL,LAL.2.3.1,vault/MA/Mathematical-Analysis-&-Modeling/LAL/2. Matrices/2.3. Elementary Matrices/Lessons/2.3.1. Elementary 2x2 Matrices.md,vault/MA/Mathematical-Analysis-&-Modeling/LAL/2. Matrices/2.3. Elementary Matrices/Source/2.3.1. Elementary 2x2 Matrices
1737,The Domain of a Vector-Valued Function,62,MVC,MVC.1.1.1,vault/MA/Mathematical-Analysis-&-Modeling/MVC/1. Vector Functions and Vector Fields/1.1. Vector-Valued Functions/Lessons/1.1.1. The Domain of a Vector-Valued Function.md,vault/MA/Mathematical-Analysis-&-Modeling/MVC/1. Vector Functions and Vector Fields/1.1. Vector-Valued Functions/Source/1.1.1. The Domain of a Vector-Valued Function
1775,Cramer's Rule for 2x2 Systems of Linear Equations,62,LAL,LAL.2.1.1,vault/MA/Mathematical-Analysis-&-Modeling/LAL/2. Matrices/2.1. Determinants/Lessons/2.1.1. Cramer's Rule for 2x2 Systems of Linear Equations.md,vault/MA/Mathematical-Analysis-&-Modeling/LAL/2. Matrices/2.1. Determinants/Source/2.1.1. Cramer's Rule for 2x2 Systems of Linear Equations
4386,Infinite Sets,62,LAL,LAL.1.1.9,vault/MA/Mathematical-Analysis-&-Modeling/LAL/1. Preliminaries/1.1. Introduction to Set Theory/Lessons/1.1.9. Infinite Sets.md,vault/MA/Mathematical-Analysis-&-Modeling/LAL/1. Preliminaries/1.1. Introduction to Set Theory/Source/1.1.9. Infinite Sets
49,The Cartesian Product,63,LAL,LAL.1.2.3,vault/MA/Mathematical-Analysis-&-Modeling/LAL/1. Preliminaries/1.2. Set Operations/Lessons/1.2.3. The Cartesian Product.md,vault/MA/Mathematical-Analysis-&-Modeling/LAL/1. Preliminaries/1.2. Set Operations/Source/1.2.3. The Cartesian Product
55,Indexed Sets,63,LAL,LAL.1.2.5,vault/MA/Mathematical-Analysis-&-Modeling/LAL/1. Preliminaries/1.2. Set Operations/Lessons/1.2.5. Indexed Sets.md,vault/MA/Mathematical-Analysis-&-Modeling/LAL/1. Preliminaries/1.2. Set Operations/Source/1.2.5. Indexed Sets
290,The Floor and Ceiling Functions,63,DEQ,DEQ.5.1.1,vault/MA/Mathematical-Analysis-&-Modeling/DEQ/5. Laplace Transforms/5.1. Laplace Transforms/Lessons/5.1.1. The Floor and Ceiling Functions.md,vault/MA/Mathematical-Analysis-&-Modeling/DEQ/5. Laplace Transforms/5.1. Laplace Transforms/Source/5.1.1. The Floor and Ceiling Functions
1048,Solving 3x3 Systems of Equations Using Gaussian Elimination,63,LAL,LAL.2.2.8,vault/MA/Mathematical-Analysis-&-Modeling/LAL/2. Matrices/2.2. Gaussian Elimination/Lessons/2.2.8. Solving 3x3 Systems of Equations Using Gaussian Elimination.md,vault/MA/Mathematical-Analysis-&-Modeling/LAL/2. Matrices/2.2. Gaussian Elimination/Source/2.2.8. Solving 3x3 Systems of Equations Using Gaussian Elimination
1343,Combinations With Repetition,63,PAS,PAS.1.2.3,vault/MA/Mathematical-Analysis-&-Modeling/PAS/1. Probability & Random Variables/1.2. Combinatorics/Lessons/1.2.3. Combinations With Repetition.md,vault/MA/Mathematical-Analysis-&-Modeling/PAS/1. Probability & Random Variables/1.2. Combinatorics/Source/1.2.3. Combinations With Repetition
1373,Solving 2x2 Singular Systems of Equations Using Gaussian Elimination,63,LAL,LAL.2.2.7,vault/MA/Mathematical-Analysis-&-Modeling/LAL/2. Matrices/2.2. Gaussian Elimination/Lessons/2.2.7. Solving 2x2 Singular Systems of Equations Using Gaussian Elimination.md,vault/MA/Mathematical-Analysis-&-Modeling/LAL/2. Matrices/2.2. Gaussian Elimination/Source/2.2.7. Solving 2x2 Singular Systems of Equations Using Gaussian Elimination
1731,Elementary 3x3 Matrices,63,LAL,LAL.2.3.3,vault/MA/Mathematical-Analysis-&-Modeling/LAL/2. Matrices/2.3. Elementary Matrices/Lessons/2.3.3. Elementary 3x3 Matrices.md,vault/MA/Mathematical-Analysis-&-Modeling/LAL/2. Matrices/2.3. Elementary Matrices/Source/2.3.3. Elementary 3x3 Matrices
1769,The Determinant of an NxN Matrix,63,LAL,LAL.2.1.3,vault/MA/Mathematical-Analysis-&-Modeling/LAL/2. Matrices/2.1. Determinants/Lessons/2.1.3. The Determinant of an NxN Matrix.md,vault/MA/Mathematical-Analysis-&-Modeling/LAL/2. Matrices/2.1. Determinants/Source/2.1.3. The Determinant of an NxN Matrix
1776,Cramer’s Rule for 3x3 Systems,63,LAL,LAL.2.1.2,vault/MA/Mathematical-Analysis-&-Modeling/LAL/2. Matrices/2.1. Determinants/Lessons/2.1.2. Cramer’s Rule for 3x3 Systems.md,vault/MA/Mathematical-Analysis-&-Modeling/LAL/2. Matrices/2.1. Determinants/Source/2.1.2. Cramer’s Rule for 3x3 Systems
1911,Markov Chains,63,LAL,LAL.8.2.1,vault/MA/Mathematical-Analysis-&-Modeling/LAL/8. Applications of Linear Algebra/8.2. Markov Chains/Lessons/8.2.1. Markov Chains.md,vault/MA/Mathematical-Analysis-&-Modeling/LAL/8. Applications of Linear Algebra/8.2. Markov Chains/Source/8.2.1. Markov Chains
1920,The Parametric Equations of a Line,63,LAL,LAL.1.3.2,vault/MA/Mathematical-Analysis-&-Modeling/LAL/1. Preliminaries/1.3. Vector Geometry/Lessons/1.3.2. The Parametric Equations of a Line.md,vault/MA/Mathematical-Analysis-&-Modeling/LAL/1. Preliminaries/1.3. Vector Geometry/Source/1.3.2. The Parametric Equations of a Line
3334,Sets and Functions,63,LAL,LAL.1.2.6,vault/MA/Mathematical-Analysis-&-Modeling/LAL/1. Preliminaries/1.2. Set Operations/Lessons/1.2.6. Sets and Functions.md,vault/MA/Mathematical-Analysis-&-Modeling/LAL/1. Preliminaries/1.2. Set Operations/Source/1.2.6. Sets and Functions
294,Logarithmic Differentiation,64,PAS,PAS.6.3.2,vault/MA/Mathematical-Analysis-&-Modeling/PAS/6. Parametric Inference/6.3. Maximum Likelihood/Lessons/6.3.2. Logarithmic Differentiation.md,vault/MA/Mathematical-Analysis-&-Modeling/PAS/6. Parametric Inference/6.3. Maximum Likelihood/Source/6.3.2. Logarithmic Differentiation
1741,Limits of Vector-Valued Functions,64,MVC,MVC.1.1.2,vault/MA/Mathematical-Analysis-&-Modeling/MVC/1. Vector Functions and Vector Fields/1.1. Vector-Valued Functions/Lessons/1.1.2. Limits of Vector-Valued Functions.md,vault/MA/Mathematical-Analysis-&-Modeling/MVC/1. Vector Functions and Vector Fields/1.1. Vector-Valued Functions/Source/1.1.2. Limits of Vector-Valued Functions
1799,The Cartesian Equation of a Line,64,LAL,LAL.1.3.3,vault/MA/Mathematical-Analysis-&-Modeling/LAL/1. Preliminaries/1.3. Vector Geometry/Lessons/1.3.3. The Cartesian Equation of a Line.md,vault/MA/Mathematical-Analysis-&-Modeling/LAL/1. Preliminaries/1.3. Vector Geometry/Source/1.3.3. The Cartesian Equation of a Line
1806,The Parametric Equations of a Plane,64,LAL,LAL.1.3.6,vault/MA/Mathematical-Analysis-&-Modeling/LAL/1. Preliminaries/1.3. Vector Geometry/Lessons/1.3.6. The Parametric Equations of a Plane.md,vault/MA/Mathematical-Analysis-&-Modeling/LAL/1. Preliminaries/1.3. Vector Geometry/Source/1.3.6. The Parametric Equations of a Plane
1904,Identifying the Pivot Columns of a Matrix,64,LAL,LAL.2.2.9,vault/MA/Mathematical-Analysis-&-Modeling/LAL/2. Matrices/2.2. Gaussian Elimination/Lessons/2.2.9. Identifying the Pivot Columns of a Matrix.md,vault/MA/Mathematical-Analysis-&-Modeling/LAL/2. Matrices/2.2. Gaussian Elimination/Source/2.2.9. Identifying the Pivot Columns of a Matrix
3387,Affine Transformations,64,MVC,MVC.2.6.1,vault/MA/Mathematical-Analysis-&-Modeling/MVC/2. Multivariable Functions/2.6. Plane Transformations/Lessons/2.6.1. Affine Transformations.md,vault/MA/Mathematical-Analysis-&-Modeling/MVC/2. Multivariable Functions/2.6. Plane Transformations/Source/2.6.1. Affine Transformations
4387,Visualizing Cartesian Products,64,LAL,LAL.1.2.4,vault/MA/Mathematical-Analysis-&-Modeling/LAL/1. Preliminaries/1.2. Set Operations/Lessons/1.2.4. Visualizing Cartesian Products.md,vault/MA/Mathematical-Analysis-&-Modeling/LAL/1. Preliminaries/1.2. Set Operations/Source/1.2.4. Visualizing Cartesian Products
6669,Piecewise Continuity,64,DEQ,DEQ.5.1.3,vault/MA/Mathematical-Analysis-&-Modeling/DEQ/5. Laplace Transforms/5.1. Laplace Transforms/Lessons/5.1.3. Piecewise Continuity.md,vault/MA/Mathematical-Analysis-&-Modeling/DEQ/5. Laplace Transforms/5.1. Laplace Transforms/Source/5.1.3. Piecewise Continuity
650,Differential Operators,65,DEQ,DEQ.3.1.1,vault/MA/Mathematical-Analysis-&-Modeling/DEQ/3. Linear Differential Equations/3.1. Theory of Solutions to Linear ODEs/Lessons/3.1.1. Differential Operators.md,vault/MA/Mathematical-Analysis-&-Modeling/DEQ/3. Linear Differential Equations/3.1. Theory of Solutions to Linear ODEs/Source/3.1.1. Differential Operators
1374,Solving 3x3 Singular Systems of Equations Using Gaussian Elimination,65,LAL,LAL.2.2.10,vault/MA/Mathematical-Analysis-&-Modeling/LAL/2. Matrices/2.2. Gaussian Elimination/Lessons/2.2.10. Solving 3x3 Singular Systems of Equations Using Gaussian Elimination.md,vault/MA/Mathematical-Analysis-&-Modeling/LAL/2. Matrices/2.2. Gaussian Elimination/Source/2.2.10. Solving 3x3 Singular Systems of Equations Using Gaussian Elimination
1727,Row Operations on 2x2 Matrices as Products of Elementary Matrices,65,LAL,LAL.2.3.2,vault/MA/Mathematical-Analysis-&-Modeling/LAL/2. Matrices/2.3. Elementary Matrices/Lessons/2.3.2. Row Operations on 2x2 Matrices as Products of Elementary Matrices.md,vault/MA/Mathematical-Analysis-&-Modeling/LAL/2. Matrices/2.3. Elementary Matrices/Source/2.3.2. Row Operations on 2x2 Matrices as Products of Elementary Matrices
1777,Triangular Matrices,65,LAL,LAL.2.5.1,vault/MA/Mathematical-Analysis-&-Modeling/LAL/2. Matrices/2.5. LU Factorization/Lessons/2.5.1. Triangular Matrices.md,vault/MA/Mathematical-Analysis-&-Modeling/LAL/2. Matrices/2.5. LU Factorization/Source/2.5.1. Triangular Matrices
1805,The Vector Equation of a Plane,65,LAL,LAL.1.3.4,vault/MA/Mathematical-Analysis-&-Modeling/LAL/1. Preliminaries/1.3. Vector Geometry/Lessons/1.3.4. The Vector Equation of a Plane.md,vault/MA/Mathematical-Analysis-&-Modeling/LAL/1. Preliminaries/1.3. Vector Geometry/Source/1.3.4. The Vector Equation of a Plane
2015,Matrices Over the Complex Numbers,65,LAL,LAL.5.3.2,vault/MA/Mathematical-Analysis-&-Modeling/LAL/5. Diagonalization of Matrices/5.3. Real Matrices With Complex Eigenvalues/Lessons/5.3.2. Matrices Over the Complex Numbers.md,vault/MA/Mathematical-Analysis-&-Modeling/LAL/5. Diagonalization of Matrices/5.3. Real Matrices With Complex Eigenvalues/Source/5.3.2. Matrices Over the Complex Numbers
3121,Bilinear Forms,65,LAL,LAL.7.2.1,vault/MA/Mathematical-Analysis-&-Modeling/LAL/7. Quadratic Forms/7.2. Quadratic Forms/Lessons/7.2.1. Bilinear Forms.md,vault/MA/Mathematical-Analysis-&-Modeling/LAL/7. Quadratic Forms/7.2. Quadratic Forms/Source/7.2.1. Bilinear Forms
4392,Describing Planar Regions Using Set-Builder Notation,65,LAL,LAL.1.1.7,vault/MA/Mathematical-Analysis-&-Modeling/LAL/1. Preliminaries/1.1. Introduction to Set Theory/Lessons/1.1.7. Describing Planar Regions Using Set-Builder Notation.md,vault/MA/Mathematical-Analysis-&-Modeling/LAL/1. Preliminaries/1.1. Introduction to Set Theory/Source/1.1.7. Describing Planar Regions Using Set-Builder Notation
42,Matrices With Easy-to-Find Inverses,66,LAL,LAL.2.4.5,vault/MA/Mathematical-Analysis-&-Modeling/LAL/2. Matrices/2.4. The Inverse of a Matrix/Lessons/2.4.5. Matrices With Easy-to-Find Inverses.md,vault/MA/Mathematical-Analysis-&-Modeling/LAL/2. Matrices/2.4. The Inverse of a Matrix/Source/2.4.5. Matrices With Easy-to-Find Inverses
1049,Reduced Row Echelon Form,66,LAL,LAL.2.2.11,vault/MA/Mathematical-Analysis-&-Modeling/LAL/2. Matrices/2.2. Gaussian Elimination/Lessons/2.2.11. Reduced Row Echelon Form.md,vault/MA/Mathematical-Analysis-&-Modeling/LAL/2. Matrices/2.2. Gaussian Elimination/Source/2.2.11. Reduced Row Echelon Form
1735,Partitioned and Block Matrices,66,LAL,LAL.2.1.10,vault/MA/Mathematical-Analysis-&-Modeling/LAL/2. Matrices/2.1. Determinants/Lessons/2.1.10. Partitioned and Block Matrices.md,vault/MA/Mathematical-Analysis-&-Modeling/LAL/2. Matrices/2.1. Determinants/Source/2.1.10. Partitioned and Block Matrices
1770,Finding Determinants Using Laplace Expansions,66,LAL,LAL.2.1.4,vault/MA/Mathematical-Analysis-&-Modeling/LAL/2. Matrices/2.1. Determinants/Lessons/2.1.4. Finding Determinants Using Laplace Expansions.md,vault/MA/Mathematical-Analysis-&-Modeling/LAL/2. Matrices/2.1. Determinants/Source/2.1.4. Finding Determinants Using Laplace Expansions
1779,LU Factorization of 2x2 Matrices,66,LAL,LAL.2.5.2,vault/MA/Mathematical-Analysis-&-Modeling/LAL/2. Matrices/2.5. LU Factorization/Lessons/2.5.2. LU Factorization of 2x2 Matrices.md,vault/MA/Mathematical-Analysis-&-Modeling/LAL/2. Matrices/2.5. LU Factorization/Source/2.5.2. LU Factorization of 2x2 Matrices
1807,The Cartesian Equation of a Plane,66,LAL,LAL.1.3.5,vault/MA/Mathematical-Analysis-&-Modeling/LAL/1. Preliminaries/1.3. Vector Geometry/Lessons/1.3.5. The Cartesian Equation of a Plane.md,vault/MA/Mathematical-Analysis-&-Modeling/LAL/1. Preliminaries/1.3. Vector Geometry/Source/1.3.5. The Cartesian Equation of a Plane
1851,Linear Combinations of Vectors in N-Dimensional Euclidean Space,66,LAL,LAL.3.1.2,vault/MA/Mathematical-Analysis-&-Modeling/LAL/3. Vector Spaces/3.1. Vectors in N-Dimensional Space/Lessons/3.1.2. Linear Combinations of Vectors in N-Dimensional Euclidean Space.md,vault/MA/Mathematical-Analysis-&-Modeling/LAL/3. Vector Spaces/3.1. Vectors in N-Dimensional Space/Source/3.1.2. Linear Combinations of Vectors in N-Dimensional Euclidean Space
1913,Steady-State Vectors,66,LAL,LAL.8.2.2,vault/MA/Mathematical-Analysis-&-Modeling/LAL/8. Applications of Linear Algebra/8.2. Markov Chains/Lessons/8.2.2. Steady-State Vectors.md,vault/MA/Mathematical-Analysis-&-Modeling/LAL/8. Applications of Linear Algebra/8.2. Markov Chains/Source/8.2.2. Steady-State Vectors
1930,Interior and Boundary Points,66,MVC,MVC.2.1.1,vault/MA/Mathematical-Analysis-&-Modeling/MVC/2. Multivariable Functions/2.1. Introduction to Multivariable Functions/Lessons/2.1.1. Interior and Boundary Points.md,vault/MA/Mathematical-Analysis-&-Modeling/MVC/2. Multivariable Functions/2.1. Introduction to Multivariable Functions/Source/2.1.1. Interior and Boundary Points
2089,Row Operations on 3x3 Matrices as Products of Elementary Matrices,66,LAL,LAL.2.3.4,vault/MA/Mathematical-Analysis-&-Modeling/LAL/2. Matrices/2.3. Elementary Matrices/Lessons/2.3.4. Row Operations on 3x3 Matrices as Products of Elementary Matrices.md,vault/MA/Mathematical-Analysis-&-Modeling/LAL/2. Matrices/2.3. Elementary Matrices/Source/2.3.4. Row Operations on 3x3 Matrices as Products of Elementary Matrices
3697,Partitions of Intervals,66,MVC,MVC.3.1.2,vault/MA/Mathematical-Analysis-&-Modeling/MVC/3. Multiple Integrals/3.1. Riemann Sums/Lessons/3.1.2. Partitions of Intervals.md,vault/MA/Mathematical-Analysis-&-Modeling/MVC/3. Multiple Integrals/3.1. Riemann Sums/Source/3.1.2. Partitions of Intervals
1341,Permutations With Repetition,67,PAS,PAS.1.2.1,vault/MA/Mathematical-Analysis-&-Modeling/PAS/1. Probability & Random Variables/1.2. Combinatorics/Lessons/1.2.1. Permutations With Repetition.md,vault/MA/Mathematical-Analysis-&-Modeling/PAS/1. Probability & Random Variables/1.2. Combinatorics/Source/1.2.1. Permutations With Repetition
1375,The Eigenvalues and Eigenvectors of a 2x2 Matrix,67,LAL,LAL.5.1.1,vault/MA/Mathematical-Analysis-&-Modeling/LAL/5. Diagonalization of Matrices/5.1. Eigenvectors and Eigenvalues/Lessons/5.1.1. The Eigenvalues and Eigenvectors of a 2x2 Matrix.md,vault/MA/Mathematical-Analysis-&-Modeling/LAL/5. Diagonalization of Matrices/5.1. Eigenvectors and Eigenvalues/Source/5.1.1. The Eigenvalues and Eigenvectors of a 2x2 Matrix
1728,Finding the Inverse of a 2x2 Matrix Using Row Operations,67,LAL,LAL.2.4.2,vault/MA/Mathematical-Analysis-&-Modeling/LAL/2. Matrices/2.4. The Inverse of a Matrix/Lessons/2.4.2. Finding the Inverse of a 2x2 Matrix Using Row Operations.md,vault/MA/Mathematical-Analysis-&-Modeling/LAL/2. Matrices/2.4. The Inverse of a Matrix/Source/2.4.2. Finding the Inverse of a 2x2 Matrix Using Row Operations
1733,Gaussian Elimination For NxM Systems of Equations,67,LAL,LAL.2.2.12,vault/MA/Mathematical-Analysis-&-Modeling/LAL/2. Matrices/2.2. Gaussian Elimination/Lessons/2.2.12. Gaussian Elimination For NxM Systems of Equations.md,vault/MA/Mathematical-Analysis-&-Modeling/LAL/2. Matrices/2.2. Gaussian Elimination/Source/2.2.12. Gaussian Elimination For NxM Systems of Equations
1739,Continuity and Differentiability of Vector-Valued Functions,67,MVC,MVC.1.1.3,vault/MA/Mathematical-Analysis-&-Modeling/MVC/1. Vector Functions and Vector Fields/1.1. Vector-Valued Functions/Lessons/1.1.3. Continuity and Differentiability of Vector-Valued Functions.md,vault/MA/Mathematical-Analysis-&-Modeling/MVC/1. Vector Functions and Vector Fields/1.1. Vector-Valued Functions/Source/1.1.3. Continuity and Differentiability of Vector-Valued Functions
1771,Basic Properties of Determinants,67,LAL,LAL.2.1.5,vault/MA/Mathematical-Analysis-&-Modeling/LAL/2. Matrices/2.1. Determinants/Lessons/2.1.5. Basic Properties of Determinants.md,vault/MA/Mathematical-Analysis-&-Modeling/LAL/2. Matrices/2.1. Determinants/Source/2.1.5. Basic Properties of Determinants
1780,LU Factorization of 3x3 Matrices,67,LAL,LAL.2.5.3,vault/MA/Mathematical-Analysis-&-Modeling/LAL/2. Matrices/2.5. LU Factorization/Lessons/2.5.3. LU Factorization of 3x3 Matrices.md,vault/MA/Mathematical-Analysis-&-Modeling/LAL/2. Matrices/2.5. LU Factorization/Source/2.5.3. LU Factorization of 3x3 Matrices
1808,The Intersection Between a Line and a Plane,67,LAL,LAL.1.3.9,vault/MA/Mathematical-Analysis-&-Modeling/LAL/1. Preliminaries/1.3. Vector Geometry/Lessons/1.3.9. The Intersection Between a Line and a Plane.md,vault/MA/Mathematical-Analysis-&-Modeling/LAL/1. Preliminaries/1.3. Vector Geometry/Source/1.3.9. The Intersection Between a Line and a Plane
1810,The Shortest Distance Between a Plane and a Point,67,LAL,LAL.1.3.8,vault/MA/Mathematical-Analysis-&-Modeling/LAL/1. Preliminaries/1.3. Vector Geometry/Lessons/1.3.8. The Shortest Distance Between a Plane and a Point.md,vault/MA/Mathematical-Analysis-&-Modeling/LAL/1. Preliminaries/1.3. Vector Geometry/Source/1.3.8. The Shortest Distance Between a Plane and a Point
1853,Subspaces of N-Dimensional Space,67,LAL,LAL.3.2.1,vault/MA/Mathematical-Analysis-&-Modeling/LAL/3. Vector Spaces/3.2. Subspaces of N-Dimensional Space/Lessons/3.2.1. Subspaces of N-Dimensional Space.md,vault/MA/Mathematical-Analysis-&-Modeling/LAL/3. Vector Spaces/3.2. Subspaces of N-Dimensional Space/Source/3.2.1. Subspaces of N-Dimensional Space
1906,Introduction to Abstract Vector Spaces,67,LAL,LAL.3.5.1,vault/MA/Mathematical-Analysis-&-Modeling/LAL/3. Vector Spaces/3.5. Abstract Vector Spaces/Lessons/3.5.1. Introduction to Abstract Vector Spaces.md,vault/MA/Mathematical-Analysis-&-Modeling/LAL/3. Vector Spaces/3.5. Abstract Vector Spaces/Source/3.5.1. Introduction to Abstract Vector Spaces
3706,The Image of an Affine Transformation,67,MVC,MVC.2.6.2,vault/MA/Mathematical-Analysis-&-Modeling/MVC/2. Multivariable Functions/2.6. Plane Transformations/Lessons/2.6.2. The Image of an Affine Transformation.md,vault/MA/Mathematical-Analysis-&-Modeling/MVC/2. Multivariable Functions/2.6. Plane Transformations/Source/2.6.2. The Image of an Affine Transformation
4063,Interiors and Boundaries of Sets,67,MVC,MVC.2.1.2,vault/MA/Mathematical-Analysis-&-Modeling/MVC/2. Multivariable Functions/2.1. Introduction to Multivariable Functions/Lessons/2.1.2. Interiors and Boundaries of Sets.md,vault/MA/Mathematical-Analysis-&-Modeling/MVC/2. Multivariable Functions/2.1. Introduction to Multivariable Functions/Source/2.1.2. Interiors and Boundaries of Sets
6707,Linear Differential Operators,67,DEQ,DEQ.3.1.2,vault/MA/Mathematical-Analysis-&-Modeling/DEQ/3. Linear Differential Equations/3.1. Theory of Solutions to Linear ODEs/Lessons/3.1.2. Linear Differential Operators.md,vault/MA/Mathematical-Analysis-&-Modeling/DEQ/3. Linear Differential Equations/3.1. Theory of Solutions to Linear ODEs/Source/3.1.2. Linear Differential Operators
773,The Law of Total Probability,68,PAS,PAS.1.1.1,vault/MA/Mathematical-Analysis-&-Modeling/PAS/1. Probability & Random Variables/1.1. Probability/Lessons/1.1.1. The Law of Total Probability.md,vault/MA/Mathematical-Analysis-&-Modeling/PAS/1. Probability & Random Variables/1.1. Probability/Source/1.1.1. The Law of Total Probability
907,Linear Maps Between Two Different Vector Spaces,68,LAL,LAL.4.2.3,vault/MA/Mathematical-Analysis-&-Modeling/LAL/4. Linear Transformations/4.2. Linear Maps and Their Matrix Representations/Lessons/4.2.3. Linear Maps Between Two Different Vector Spaces.md,vault/MA/Mathematical-Analysis-&-Modeling/LAL/4. Linear Transformations/4.2. Linear Maps and Their Matrix Representations/Source/4.2.3. Linear Maps Between Two Different Vector Spaces
1732,Finding the Inverse of a 3x3 Matrix Using Row Operations,68,LAL,LAL.2.4.3,vault/MA/Mathematical-Analysis-&-Modeling/LAL/2. Matrices/2.4. The Inverse of a Matrix/Lessons/2.4.3. Finding the Inverse of a 3x3 Matrix Using Row Operations.md,vault/MA/Mathematical-Analysis-&-Modeling/LAL/2. Matrices/2.4. The Inverse of a Matrix/Source/2.4.3. Finding the Inverse of a 3x3 Matrix Using Row Operations
1738,Differentiation Rules for Vector-Valued Functions,68,MVC,MVC.1.1.4,vault/MA/Mathematical-Analysis-&-Modeling/MVC/1. Vector Functions and Vector Fields/1.1. Vector-Valued Functions/Lessons/1.1.4. Differentiation Rules for Vector-Valued Functions.md,vault/MA/Mathematical-Analysis-&-Modeling/MVC/1. Vector Functions and Vector Fields/1.1. Vector-Valued Functions/Source/1.1.4. Differentiation Rules for Vector-Valued Functions
1772,Row and Column Operations on Determinants,68,LAL,LAL.2.1.7,vault/MA/Mathematical-Analysis-&-Modeling/LAL/2. Matrices/2.1. Determinants/Lessons/2.1.7. Row and Column Operations on Determinants.md,vault/MA/Mathematical-Analysis-&-Modeling/LAL/2. Matrices/2.1. Determinants/Source/2.1.7. Row and Column Operations on Determinants
1781,LU Factorization of NxN Matrices,68,LAL,LAL.2.5.4,vault/MA/Mathematical-Analysis-&-Modeling/LAL/2. Matrices/2.5. LU Factorization/Lessons/2.5.4. LU Factorization of NxN Matrices.md,vault/MA/Mathematical-Analysis-&-Modeling/LAL/2. Matrices/2.5. LU Factorization/Source/2.5.4. LU Factorization of NxN Matrices
1792,Tangent Vectors and Tangent Lines to Curves,68,MVC,MVC.1.1.7,vault/MA/Mathematical-Analysis-&-Modeling/MVC/1. Vector Functions and Vector Fields/1.1. Vector-Valued Functions/Lessons/1.1.7. Tangent Vectors and Tangent Lines to Curves.md,vault/MA/Mathematical-Analysis-&-Modeling/MVC/1. Vector Functions and Vector Fields/1.1. Vector-Valued Functions/Source/1.1.7. Tangent Vectors and Tangent Lines to Curves
1852,Linear Span of Vectors in N-Dimensional Euclidean Space,68,LAL,LAL.3.1.3,vault/MA/Mathematical-Analysis-&-Modeling/LAL/3. Vector Spaces/3.1. Vectors in N-Dimensional Space/Lessons/3.1.3. Linear Span of Vectors in N-Dimensional Euclidean Space.md,vault/MA/Mathematical-Analysis-&-Modeling/LAL/3. Vector Spaces/3.1. Vectors in N-Dimensional Space/Source/3.1.3. Linear Span of Vectors in N-Dimensional Euclidean Space
1979,Type I and II Regions in Two-Dimensional Space,68,MVC,MVC.3.2.4,vault/MA/Mathematical-Analysis-&-Modeling/MVC/3. Multiple Integrals/3.2. Double Integrals/Lessons/3.2.4. Type I and II Regions in Two-Dimensional Space.md,vault/MA/Mathematical-Analysis-&-Modeling/MVC/3. Multiple Integrals/3.2. Double Integrals/Source/3.2.4. Type I and II Regions in Two-Dimensional Space
2017,Rotation-Scaling Matrices,68,LAL,LAL.5.3.5,vault/MA/Mathematical-Analysis-&-Modeling/LAL/5. Diagonalization of Matrices/5.3. Real Matrices With Complex Eigenvalues/Lessons/5.3.5. Rotation-Scaling Matrices.md,vault/MA/Mathematical-Analysis-&-Modeling/LAL/5. Diagonalization of Matrices/5.3. Real Matrices With Complex Eigenvalues/Source/5.3.5. Rotation-Scaling Matrices
2094,The Dot Product in N-Dimensional Euclidean Space,68,LAL,LAL.6.1.1,vault/MA/Mathematical-Analysis-&-Modeling/LAL/6. Projections/6.1. Inner Products/Lessons/6.1.1. The Dot Product in N-Dimensional Euclidean Space.md,vault/MA/Mathematical-Analysis-&-Modeling/LAL/6. Projections/6.1. Inner Products/Source/6.1.1. The Dot Product in N-Dimensional Euclidean Space
3114,Jordan Blocks and Jordan Matrices,68,LAL,LAL.5.5.1,vault/MA/Mathematical-Analysis-&-Modeling/LAL/5. Diagonalization of Matrices/5.5. Jordan Canonical Decomposition/Lessons/5.5.1. Jordan Blocks and Jordan Matrices.md,vault/MA/Mathematical-Analysis-&-Modeling/LAL/5. Diagonalization of Matrices/5.5. Jordan Canonical Decomposition/Source/5.5.1. Jordan Blocks and Jordan Matrices
3835,Defining Abstract Vector Spaces,68,LAL,LAL.3.5.2,vault/MA/Mathematical-Analysis-&-Modeling/LAL/3. Vector Spaces/3.5. Abstract Vector Spaces/Lessons/3.5.2. Defining Abstract Vector Spaces.md,vault/MA/Mathematical-Analysis-&-Modeling/LAL/3. Vector Spaces/3.5. Abstract Vector Spaces/Source/3.5.2. Defining Abstract Vector Spaces
4077,Subspaces of N-Dimensional Space: Geometric Interpretation,68,LAL,LAL.3.2.2,vault/MA/Mathematical-Analysis-&-Modeling/LAL/3. Vector Spaces/3.2. Subspaces of N-Dimensional Space/Lessons/3.2.2. Subspaces of N-Dimensional Space- Geometric Interpretation.md,vault/MA/Mathematical-Analysis-&-Modeling/LAL/3. Vector Spaces/3.2. Subspaces of N-Dimensional Space/Source/3.2.2. Subspaces of N-Dimensional Space- Geometric Interpretation
4097,Open and Closed Sets,68,MVC,MVC.2.1.3,vault/MA/Mathematical-Analysis-&-Modeling/MVC/2. Multivariable Functions/2.1. Introduction to Multivariable Functions/Lessons/2.1.3. Open and Closed Sets.md,vault/MA/Mathematical-Analysis-&-Modeling/MVC/2. Multivariable Functions/2.1. Introduction to Multivariable Functions/Source/2.1.3. Open and Closed Sets
4167,Moments and Centers of Mass of Thin Rods,68,MVC,MVC.6.2.4,vault/MA/Mathematical-Analysis-&-Modeling/MVC/6. Applications of Multivariable Calculus/6.2. Applications of Multiple Integrals/Lessons/6.2.4. Moments and Centers of Mass of Thin Rods.md,vault/MA/Mathematical-Analysis-&-Modeling/MVC/6. Applications of Multivariable Calculus/6.2. Applications of Multiple Integrals/Source/6.2.4. Moments and Centers of Mass of Thin Rods
971,Extending the Law of Total Probability,69,PAS,PAS.1.1.2,vault/MA/Mathematical-Analysis-&-Modeling/PAS/1. Probability & Random Variables/1.1. Probability/Lessons/1.1.2. Extending the Law of Total Probability.md,vault/MA/Mathematical-Analysis-&-Modeling/PAS/1. Probability & Random Variables/1.1. Probability/Source/1.1.2. Extending the Law of Total Probability
1734,Finding the Inverse of an NxN Square Matrix Using Row Operations,69,LAL,LAL.2.4.4,vault/MA/Mathematical-Analysis-&-Modeling/LAL/2. Matrices/2.4. The Inverse of a Matrix/Lessons/2.4.4. Finding the Inverse of an NxN Square Matrix Using Row Operations.md,vault/MA/Mathematical-Analysis-&-Modeling/LAL/2. Matrices/2.4. The Inverse of a Matrix/Source/2.4.4. Finding the Inverse of an NxN Square Matrix Using Row Operations
1773,Finding Determinants Using Row and Column Operations,69,LAL,LAL.2.1.9,vault/MA/Mathematical-Analysis-&-Modeling/LAL/2. Matrices/2.1. Determinants/Lessons/2.1.9. Finding Determinants Using Row and Column Operations.md,vault/MA/Mathematical-Analysis-&-Modeling/LAL/2. Matrices/2.1. Determinants/Source/2.1.9. Finding Determinants Using Row and Column Operations
1782,Solving Systems of Equations Using LU Factorization,69,LAL,LAL.2.5.5,vault/MA/Mathematical-Analysis-&-Modeling/LAL/2. Matrices/2.5. LU Factorization/Lessons/2.5.5. Solving Systems of Equations Using LU Factorization.md,vault/MA/Mathematical-Analysis-&-Modeling/LAL/2. Matrices/2.5. LU Factorization/Source/2.5.5. Solving Systems of Equations Using LU Factorization
1850,The Column Space of a Matrix,69,LAL,LAL.3.2.3,vault/MA/Mathematical-Analysis-&-Modeling/LAL/3. Vector Spaces/3.2. Subspaces of N-Dimensional Space/Lessons/3.2.3. The Column Space of a Matrix.md,vault/MA/Mathematical-Analysis-&-Modeling/LAL/3. Vector Spaces/3.2. Subspaces of N-Dimensional Space/Source/3.2.3. The Column Space of a Matrix
1854,The Null Space of a Matrix,69,LAL,LAL.3.2.4,vault/MA/Mathematical-Analysis-&-Modeling/LAL/3. Vector Spaces/3.2. Subspaces of N-Dimensional Space/Lessons/3.2.4. The Null Space of a Matrix.md,vault/MA/Mathematical-Analysis-&-Modeling/LAL/3. Vector Spaces/3.2. Subspaces of N-Dimensional Space/Source/3.2.4. The Null Space of a Matrix
1861,Linear Dependence and Independence,69,LAL,LAL.3.1.4,vault/MA/Mathematical-Analysis-&-Modeling/LAL/3. Vector Spaces/3.1. Vectors in N-Dimensional Space/Lessons/3.1.4. Linear Dependence and Independence.md,vault/MA/Mathematical-Analysis-&-Modeling/LAL/3. Vector Spaces/3.1. Vectors in N-Dimensional Space/Source/3.1.4. Linear Dependence and Independence
1899,The Domain of a Multivariable Function,69,MVC,MVC.2.1.4,vault/MA/Mathematical-Analysis-&-Modeling/MVC/2. Multivariable Functions/2.1. Introduction to Multivariable Functions/Lessons/2.1.4. The Domain of a Multivariable Function.md,vault/MA/Mathematical-Analysis-&-Modeling/MVC/2. Multivariable Functions/2.1. Introduction to Multivariable Functions/Source/2.1.4. The Domain of a Multivariable Function
1907,Subspaces of Abstract Vector Spaces,69,LAL,LAL.3.5.4,vault/MA/Mathematical-Analysis-&-Modeling/LAL/3. Vector Spaces/3.5. Abstract Vector Spaces/Lessons/3.5.4. Subspaces of Abstract Vector Spaces.md,vault/MA/Mathematical-Analysis-&-Modeling/LAL/3. Vector Spaces/3.5. Abstract Vector Spaces/Source/3.5.4. Subspaces of Abstract Vector Spaces
2095,The Norm of a Vector in N-Dimensional Euclidean Space,69,LAL,LAL.6.1.2,vault/MA/Mathematical-Analysis-&-Modeling/LAL/6. Projections/6.1. Inner Products/Lessons/6.1.2. The Norm of a Vector in N-Dimensional Euclidean Space.md,vault/MA/Mathematical-Analysis-&-Modeling/LAL/6. Projections/6.1. Inner Products/Source/6.1.2. The Norm of a Vector in N-Dimensional Euclidean Space
2201,Conditions When a Determinant Equals Zero,69,LAL,LAL.2.1.8,vault/MA/Mathematical-Analysis-&-Modeling/LAL/2. Matrices/2.1. Determinants/Lessons/2.1.8. Conditions When a Determinant Equals Zero.md,vault/MA/Mathematical-Analysis-&-Modeling/LAL/2. Matrices/2.1. Determinants/Source/2.1.8. Conditions When a Determinant Equals Zero
3272,Bayes' Theorem,69,PAS,PAS.1.1.3,vault/MA/Mathematical-Analysis-&-Modeling/PAS/1. Probability & Random Variables/1.1. Probability/Lessons/1.1.3. Bayes' Theorem.md,vault/MA/Mathematical-Analysis-&-Modeling/PAS/1. Probability & Random Variables/1.1. Probability/Source/1.1.3. Bayes' Theorem
3707,The Inverse of an Affine Transformation,69,MVC,MVC.2.6.3,vault/MA/Mathematical-Analysis-&-Modeling/MVC/2. Multivariable Functions/2.6. Plane Transformations/Lessons/2.6.3. The Inverse of an Affine Transformation.md,vault/MA/Mathematical-Analysis-&-Modeling/MVC/2. Multivariable Functions/2.6. Plane Transformations/Source/2.6.3. The Inverse of an Affine Transformation
730,Expected Values of Discrete Random Variables,70,PAS,PAS.2.1.1,vault/MA/Mathematical-Analysis-&-Modeling/PAS/2. Expectation/2.1. Expectation of Random Variables/Lessons/2.1.1. Expected Values of Discrete Random Variables.md,vault/MA/Mathematical-Analysis-&-Modeling/PAS/2. Expectation/2.1. Expectation of Random Variables/Source/2.1.1. Expected Values of Discrete Random Variables
1347,Probability Density Functions of Continuous Random Variables,70,MVC;PAS,MVC.6.3.1;PAS.1.3.1,vault/MA/Mathematical-Analysis-&-Modeling/MVC/6. Applications of Multivariable Calculus/6.3. Random Variables/Lessons/6.3.1. Probability Density Functions of Continuous Random Variables.md;vault/MA/Mathematical-Analysis-&-Modeling/PAS/1. Probability & Random Variables/1.3. Random Variables/Lessons/1.3.1. Probability Density Functions of Continuous Random Variables.md,vault/MA/Mathematical-Analysis-&-Modeling/MVC/6. Applications of Multivariable Calculus/6.3. Random Variables/Source/6.3.1. Probability Density Functions of Continuous Random Variables;vault/MA/Mathematical-Analysis-&-Modeling/PAS/1. Probability & Random Variables/1.3. Random Variables/Source/1.3.1. Probability Density Functions of Continuous Random Variables
1774,Further Properties of Determinants,70,LAL,LAL.2.1.6,vault/MA/Mathematical-Analysis-&-Modeling/LAL/2. Matrices/2.1. Determinants/Lessons/2.1.6. Further Properties of Determinants.md,vault/MA/Mathematical-Analysis-&-Modeling/LAL/2. Matrices/2.1. Determinants/Source/2.1.6. Further Properties of Determinants
1855,Finding a Basis of a Span,70,LAL,LAL.3.3.1,vault/MA/Mathematical-Analysis-&-Modeling/LAL/3. Vector Spaces/3.3. Bases of N-Dimensional Space/Lessons/3.3.1. Finding a Basis of a Span.md,vault/MA/Mathematical-Analysis-&-Modeling/LAL/3. Vector Spaces/3.3. Bases of N-Dimensional Space/Source/3.3.1. Finding a Basis of a Span
1896,Ellipsoids,70,MVC,MVC.2.2.1,vault/MA/Mathematical-Analysis-&-Modeling/MVC/2. Multivariable Functions/2.2. Quadric Surfaces and Cylinders/Lessons/2.2.1. Ellipsoids.md,vault/MA/Mathematical-Analysis-&-Modeling/MVC/2. Multivariable Functions/2.2. Quadric Surfaces and Cylinders/Source/2.2.1. Ellipsoids
1900,Level Curves,70,MVC,MVC.2.1.5,vault/MA/Mathematical-Analysis-&-Modeling/MVC/2. Multivariable Functions/2.1. Introduction to Multivariable Functions/Lessons/2.1.5. Level Curves.md,vault/MA/Mathematical-Analysis-&-Modeling/MVC/2. Multivariable Functions/2.1. Introduction to Multivariable Functions/Source/2.1.5. Level Curves
1908,Linear Independence in Abstract Vector Spaces,70,LAL,LAL.3.5.3,vault/MA/Mathematical-Analysis-&-Modeling/LAL/3. Vector Spaces/3.5. Abstract Vector Spaces/Lessons/3.5.3. Linear Independence in Abstract Vector Spaces.md,vault/MA/Mathematical-Analysis-&-Modeling/LAL/3. Vector Spaces/3.5. Abstract Vector Spaces/Source/3.5.3. Linear Independence in Abstract Vector Spaces
1931,Limits and Continuity of Multivariable Functions,70,MVC,MVC.2.1.7,vault/MA/Mathematical-Analysis-&-Modeling/MVC/2. Multivariable Functions/2.1. Introduction to Multivariable Functions/Lessons/2.1.7. Limits and Continuity of Multivariable Functions.md,vault/MA/Mathematical-Analysis-&-Modeling/MVC/2. Multivariable Functions/2.1. Introduction to Multivariable Functions/Source/2.1.7. Limits and Continuity of Multivariable Functions
1981,Cylindrical Polar Coordinates,70,MVC,MVC.3.5.1,vault/MA/Mathematical-Analysis-&-Modeling/MVC/3. Multiple Integrals/3.5. Change of Variables for Triple Integrals/Lessons/3.5.1. Cylindrical Polar Coordinates.md,vault/MA/Mathematical-Analysis-&-Modeling/MVC/3. Multiple Integrals/3.5. Change of Variables for Triple Integrals/Source/3.5.1. Cylindrical Polar Coordinates
1982,Spherical Polar Coordinates,70,MVC,MVC.3.5.3,vault/MA/Mathematical-Analysis-&-Modeling/MVC/3. Multiple Integrals/3.5. Change of Variables for Triple Integrals/Lessons/3.5.3. Spherical Polar Coordinates.md,vault/MA/Mathematical-Analysis-&-Modeling/MVC/3. Multiple Integrals/3.5. Change of Variables for Triple Integrals/Source/3.5.3. Spherical Polar Coordinates
1983,Double Summations,70,MVC,MVC.3.1.1,vault/MA/Mathematical-Analysis-&-Modeling/MVC/3. Multiple Integrals/3.1. Riemann Sums/Lessons/3.1.1. Double Summations.md,vault/MA/Mathematical-Analysis-&-Modeling/MVC/3. Multiple Integrals/3.1. Riemann Sums/Source/3.1.1. Double Summations
2023,Modeling With First-Order ODEs,70,DEQ,DEQ.2.1.1,vault/MA/Mathematical-Analysis-&-Modeling/DEQ/2. Modeling With First-Order Differential Equations/2.1. Applications of First-Order ODEs/Lessons/2.1.1. Modeling With First-Order ODEs.md,vault/MA/Mathematical-Analysis-&-Modeling/DEQ/2. Modeling With First-Order Differential Equations/2.1. Applications of First-Order ODEs/Source/2.1.1. Modeling With First-Order ODEs
2099,Orthogonal Vectors in Euclidean Spaces,70,LAL,LAL.6.2.1,vault/MA/Mathematical-Analysis-&-Modeling/LAL/6. Projections/6.2. Orthogonality/Lessons/6.2.1. Orthogonal Vectors in Euclidean Spaces.md,vault/MA/Mathematical-Analysis-&-Modeling/LAL/6. Projections/6.2. Orthogonality/Source/6.2.1. Orthogonal Vectors in Euclidean Spaces
2101,The Cauchy-Schwarz Inequality and the Angle Between Two Vectors,70,LAL,LAL.6.2.3,vault/MA/Mathematical-Analysis-&-Modeling/LAL/6. Projections/6.2. Orthogonality/Lessons/6.2.3. The Cauchy-Schwarz Inequality and the Angle Between Two Vectors.md,vault/MA/Mathematical-Analysis-&-Modeling/LAL/6. Projections/6.2. Orthogonality/Source/6.2.3. The Cauchy-Schwarz Inequality and the Angle Between Two Vectors
2539,The Intersection of Two Planes,70,LAL,LAL.1.3.7,vault/MA/Mathematical-Analysis-&-Modeling/LAL/1. Preliminaries/1.3. Vector Geometry/Lessons/1.3.7. The Intersection of Two Planes.md,vault/MA/Mathematical-Analysis-&-Modeling/LAL/1. Preliminaries/1.3. Vector Geometry/Source/1.3.7. The Intersection of Two Planes
2613,Approximating Volumes Using Lower Riemann Sums,70,MVC,MVC.3.1.4,vault/MA/Mathematical-Analysis-&-Modeling/MVC/3. Multiple Integrals/3.1. Riemann Sums/Lessons/3.1.4. Approximating Volumes Using Lower Riemann Sums.md,vault/MA/Mathematical-Analysis-&-Modeling/MVC/3. Multiple Integrals/3.1. Riemann Sums/Source/3.1.4. Approximating Volumes Using Lower Riemann Sums
2614,Approximating Volumes Using Upper Riemann Sums,70,MVC,MVC.3.1.5,vault/MA/Mathematical-Analysis-&-Modeling/MVC/3. Multiple Integrals/3.1. Riemann Sums/Lessons/3.1.5. Approximating Volumes Using Upper Riemann Sums.md,vault/MA/Mathematical-Analysis-&-Modeling/MVC/3. Multiple Integrals/3.1. Riemann Sums/Source/3.1.5. Approximating Volumes Using Upper Riemann Sums
3001,Joint Distributions for Discrete Random Variables,70,MVC;PAS,MVC.6.3.4;PAS.5.1.1,vault/MA/Mathematical-Analysis-&-Modeling/MVC/6. Applications of Multivariable Calculus/6.3. Random Variables/Lessons/6.3.4. Joint Distributions for Discrete Random Variables.md;vault/MA/Mathematical-Analysis-&-Modeling/PAS/5. Combining Random Variables/5.1. Distributions of Two Discrete Random Variables/Lessons/5.1.1. Joint Distributions for Discrete Random Variables.md,vault/MA/Mathematical-Analysis-&-Modeling/MVC/6. Applications of Multivariable Calculus/6.3. Random Variables/Source/6.3.4. Joint Distributions for Discrete Random Variables;vault/MA/Mathematical-Analysis-&-Modeling/PAS/5. Combining Random Variables/5.1. Distributions of Two Discrete Random Variables/Source/5.1.1. Joint Distributions for Discrete Random Variables
3281,The Binomial Distribution,70,PAS,PAS.3.3.1,vault/MA/Mathematical-Analysis-&-Modeling/PAS/3. Discrete Probability Distributions/3.3. The Binomial Distribution/Lessons/3.3.1. The Binomial Distribution.md,vault/MA/Mathematical-Analysis-&-Modeling/PAS/3. Discrete Probability Distributions/3.3. The Binomial Distribution/Source/3.3.1. The Binomial Distribution
3282,The Poisson Distribution,70,PAS,PAS.3.4.1,vault/MA/Mathematical-Analysis-&-Modeling/PAS/3. Discrete Probability Distributions/3.4. The Poisson Distribution/Lessons/3.4.1. The Poisson Distribution.md,vault/MA/Mathematical-Analysis-&-Modeling/PAS/3. Discrete Probability Distributions/3.4. The Poisson Distribution/Source/3.4.1. The Poisson Distribution
3284,The Geometric Distribution,70,PAS,PAS.3.5.1,vault/MA/Mathematical-Analysis-&-Modeling/PAS/3. Discrete Probability Distributions/3.5. The Geometric Distribution/Lessons/3.5.1. The Geometric Distribution.md,vault/MA/Mathematical-Analysis-&-Modeling/PAS/3. Discrete Probability Distributions/3.5. The Geometric Distribution/Source/3.5.1. The Geometric Distribution
3286,Extending Bayes' Theorem,70,PAS,PAS.1.1.4,vault/MA/Mathematical-Analysis-&-Modeling/PAS/1. Probability & Random Variables/1.1. Probability/Lessons/1.1.4. Extending Bayes' Theorem.md,vault/MA/Mathematical-Analysis-&-Modeling/PAS/1. Probability & Random Variables/1.1. Probability/Source/1.1.4. Extending Bayes' Theorem
3343,Vector Fields,70,MVC,MVC.1.3.1,vault/MA/Mathematical-Analysis-&-Modeling/MVC/1. Vector Functions and Vector Fields/1.3. Vector Fields/Lessons/1.3.1. Vector Fields.md,vault/MA/Mathematical-Analysis-&-Modeling/MVC/1. Vector Functions and Vector Fields/1.3. Vector Fields/Source/1.3.1. Vector Fields
1789,Parametric Surfaces,71,MVC,MVC.5.1.1,vault/MA/Mathematical-Analysis-&-Modeling/MVC/5. Surface Integrals/5.1. Parametric Surfaces/Lessons/5.1.1. Parametric Surfaces.md,vault/MA/Mathematical-Analysis-&-Modeling/MVC/5. Surface Integrals/5.1. Parametric Surfaces/Source/5.1.1. Parametric Surfaces
1856,Finding a Basis of the Null Space of a Matrix,71,LAL,LAL.3.3.3,vault/MA/Mathematical-Analysis-&-Modeling/LAL/3. Vector Spaces/3.3. Bases of N-Dimensional Space/Lessons/3.3.3. Finding a Basis of the Null Space of a Matrix.md,vault/MA/Mathematical-Analysis-&-Modeling/LAL/3. Vector Spaces/3.3. Bases of N-Dimensional Space/Source/3.3.3. Finding a Basis of the Null Space of a Matrix
1864,Expressing the Coordinates of a Vector in a Given Basis,71,LAL,LAL.3.3.4,vault/MA/Mathematical-Analysis-&-Modeling/LAL/3. Vector Spaces/3.3. Bases of N-Dimensional Space/Lessons/3.3.4. Expressing the Coordinates of a Vector in a Given Basis.md,vault/MA/Mathematical-Analysis-&-Modeling/LAL/3. Vector Spaces/3.3. Bases of N-Dimensional Space/Source/3.3.4. Expressing the Coordinates of a Vector in a Given Basis
1866,The Dimension of a Span,71,LAL,LAL.3.4.1,vault/MA/Mathematical-Analysis-&-Modeling/LAL/3. Vector Spaces/3.4. Dimension and Rank in N-Dimensional Space/Lessons/3.4.1. The Dimension of a Span.md,vault/MA/Mathematical-Analysis-&-Modeling/LAL/3. Vector Spaces/3.4. Dimension and Rank in N-Dimensional Space/Source/3.4.1. The Dimension of a Span
1892,Hyperboloids,71,MVC,MVC.2.2.2,vault/MA/Mathematical-Analysis-&-Modeling/MVC/2. Multivariable Functions/2.2. Quadric Surfaces and Cylinders/Lessons/2.2.2. Hyperboloids.md,vault/MA/Mathematical-Analysis-&-Modeling/MVC/2. Multivariable Functions/2.2. Quadric Surfaces and Cylinders/Source/2.2.2. Hyperboloids
1893,Paraboloids,71,MVC,MVC.2.2.3,vault/MA/Mathematical-Analysis-&-Modeling/MVC/2. Multivariable Functions/2.2. Quadric Surfaces and Cylinders/Lessons/2.2.3. Paraboloids.md,vault/MA/Mathematical-Analysis-&-Modeling/MVC/2. Multivariable Functions/2.2. Quadric Surfaces and Cylinders/Source/2.2.3. Paraboloids
1894,Elliptic Cones,71,MVC,MVC.2.2.4,vault/MA/Mathematical-Analysis-&-Modeling/MVC/2. Multivariable Functions/2.2. Quadric Surfaces and Cylinders/Lessons/2.2.4. Elliptic Cones.md,vault/MA/Mathematical-Analysis-&-Modeling/MVC/2. Multivariable Functions/2.2. Quadric Surfaces and Cylinders/Source/2.2.4. Elliptic Cones
1895,Cylinders,71,MVC,MVC.2.2.5,vault/MA/Mathematical-Analysis-&-Modeling/MVC/2. Multivariable Functions/2.2. Quadric Surfaces and Cylinders/Lessons/2.2.5. Cylinders.md,vault/MA/Mathematical-Analysis-&-Modeling/MVC/2. Multivariable Functions/2.2. Quadric Surfaces and Cylinders/Source/2.2.5. Cylinders
1909,Bases in Abstract Vector Spaces,71,LAL,LAL.3.5.5,vault/MA/Mathematical-Analysis-&-Modeling/LAL/3. Vector Spaces/3.5. Abstract Vector Spaces/Lessons/3.5.5. Bases in Abstract Vector Spaces.md,vault/MA/Mathematical-Analysis-&-Modeling/LAL/3. Vector Spaces/3.5. Abstract Vector Spaces/Source/3.5.5. Bases in Abstract Vector Spaces
1929,Introduction to Partial Derivatives,71,MVC,MVC.2.3.1,vault/MA/Mathematical-Analysis-&-Modeling/MVC/2. Multivariable Functions/2.3. Partial Derivatives/Lessons/2.3.1. Introduction to Partial Derivatives.md,vault/MA/Mathematical-Analysis-&-Modeling/MVC/2. Multivariable Functions/2.3. Partial Derivatives/Source/2.3.1. Introduction to Partial Derivatives
1992,Double Integrals Over Rectangular Domains,71,MVC,MVC.3.2.1,vault/MA/Mathematical-Analysis-&-Modeling/MVC/3. Multiple Integrals/3.2. Double Integrals/Lessons/3.2.1. Double Integrals Over Rectangular Domains.md,vault/MA/Mathematical-Analysis-&-Modeling/MVC/3. Multiple Integrals/3.2. Double Integrals/Source/3.2.1. Double Integrals Over Rectangular Domains
2102,Orthogonal Complements,71,LAL,LAL.6.2.5,vault/MA/Mathematical-Analysis-&-Modeling/LAL/6. Projections/6.2. Orthogonality/Lessons/6.2.5. Orthogonal Complements.md,vault/MA/Mathematical-Analysis-&-Modeling/LAL/6. Projections/6.2. Orthogonality/Source/6.2.5. Orthogonal Complements
2153,The Pythagorean Theorem and the Triangle Inequality,71,LAL,LAL.6.2.4,vault/MA/Mathematical-Analysis-&-Modeling/LAL/6. Projections/6.2. Orthogonality/Lessons/6.2.4. The Pythagorean Theorem and the Triangle Inequality.md,vault/MA/Mathematical-Analysis-&-Modeling/LAL/6. Projections/6.2. Orthogonality/Source/6.2.4. The Pythagorean Theorem and the Triangle Inequality
2211,The Standard Matrix of a Linear Transformation in Terms of the Standard Basis,71,LAL,LAL.4.1.1,vault/MA/Mathematical-Analysis-&-Modeling/LAL/4. Linear Transformations/4.1. Linear Transformations/Lessons/4.1.1. The Standard Matrix of a Linear Transformation in Terms of the Standard Basis.md,vault/MA/Mathematical-Analysis-&-Modeling/LAL/4. Linear Transformations/4.1. Linear Transformations/Source/4.1.1. The Standard Matrix of a Linear Transformation in Terms of the Standard Basis
2615,Lower Riemann Sums Over General Rectangular Partitions,71,MVC,MVC.3.1.6,vault/MA/Mathematical-Analysis-&-Modeling/MVC/3. Multiple Integrals/3.1. Riemann Sums/Lessons/3.1.6. Lower Riemann Sums Over General Rectangular Partitions.md,vault/MA/Mathematical-Analysis-&-Modeling/MVC/3. Multiple Integrals/3.1. Riemann Sums/Source/3.1.6. Lower Riemann Sums Over General Rectangular Partitions
2623,Finding a Basis of the Column Space of a Matrix,71,LAL,LAL.3.3.2,vault/MA/Mathematical-Analysis-&-Modeling/LAL/3. Vector Spaces/3.3. Bases of N-Dimensional Space/Lessons/3.3.2. Finding a Basis of the Column Space of a Matrix.md,vault/MA/Mathematical-Analysis-&-Modeling/LAL/3. Vector Spaces/3.3. Bases of N-Dimensional Space/Source/3.3.2. Finding a Basis of the Column Space of a Matrix
3002,Marginal Distributions for Discrete Random Variables,71,PAS,PAS.5.1.3,vault/MA/Mathematical-Analysis-&-Modeling/PAS/5. Combining Random Variables/5.1. Distributions of Two Discrete Random Variables/Lessons/5.1.3. Marginal Distributions for Discrete Random Variables.md,vault/MA/Mathematical-Analysis-&-Modeling/PAS/5. Combining Random Variables/5.1. Distributions of Two Discrete Random Variables/Source/5.1.3. Marginal Distributions for Discrete Random Variables
3004,The Joint CDF of Two Discrete Random Variables,71,PAS,PAS.5.1.2,vault/MA/Mathematical-Analysis-&-Modeling/PAS/5. Combining Random Variables/5.1. Distributions of Two Discrete Random Variables/Lessons/5.1.2. The Joint CDF of Two Discrete Random Variables.md,vault/MA/Mathematical-Analysis-&-Modeling/PAS/5. Combining Random Variables/5.1. Distributions of Two Discrete Random Variables/Source/5.1.2. The Joint CDF of Two Discrete Random Variables
3270,The CDF of the Binomial Distribution,71,PAS,PAS.3.3.4,vault/MA/Mathematical-Analysis-&-Modeling/PAS/3. Discrete Probability Distributions/3.3. The Binomial Distribution/Lessons/3.3.4. The CDF of the Binomial Distribution.md,vault/MA/Mathematical-Analysis-&-Modeling/PAS/3. Discrete Probability Distributions/3.3. The Binomial Distribution/Source/3.3.4. The CDF of the Binomial Distribution
3274,The CDF of the Poisson Distribution,71,PAS,PAS.3.4.4,vault/MA/Mathematical-Analysis-&-Modeling/PAS/3. Discrete Probability Distributions/3.4. The Poisson Distribution/Lessons/3.4.4. The CDF of the Poisson Distribution.md,vault/MA/Mathematical-Analysis-&-Modeling/PAS/3. Discrete Probability Distributions/3.4. The Poisson Distribution/Source/3.4.4. The CDF of the Poisson Distribution
3569,Surfaces in Cylindrical Polar Coordinates,71,MVC,MVC.3.5.2,vault/MA/Mathematical-Analysis-&-Modeling/MVC/3. Multiple Integrals/3.5. Change of Variables for Triple Integrals/Lessons/3.5.2. Surfaces in Cylindrical Polar Coordinates.md,vault/MA/Mathematical-Analysis-&-Modeling/MVC/3. Multiple Integrals/3.5. Change of Variables for Triple Integrals/Source/3.5.2. Surfaces in Cylindrical Polar Coordinates
3570,Surfaces in Spherical Polar Coordinates,71,MVC,MVC.3.5.4,vault/MA/Mathematical-Analysis-&-Modeling/MVC/3. Multiple Integrals/3.5. Change of Variables for Triple Integrals/Lessons/3.5.4. Surfaces in Spherical Polar Coordinates.md,vault/MA/Mathematical-Analysis-&-Modeling/MVC/3. Multiple Integrals/3.5. Change of Variables for Triple Integrals/Source/3.5.4. Surfaces in Spherical Polar Coordinates
3631,One-to-One Transformations of Discrete Random Variables,71,PAS,PAS.1.4.1,vault/MA/Mathematical-Analysis-&-Modeling/PAS/1. Probability & Random Variables/1.4. Functions of Random Variables/Lessons/1.4.1. One-to-One Transformations of Discrete Random Variables.md,vault/MA/Mathematical-Analysis-&-Modeling/PAS/1. Probability & Random Variables/1.4. Functions of Random Variables/Source/1.4.1. One-to-One Transformations of Discrete Random Variables
3696,Upper Riemann Sums Over General Rectangular Partitions,71,MVC,MVC.3.1.7,vault/MA/Mathematical-Analysis-&-Modeling/MVC/3. Multiple Integrals/3.1. Riemann Sums/Lessons/3.1.7. Upper Riemann Sums Over General Rectangular Partitions.md,vault/MA/Mathematical-Analysis-&-Modeling/MVC/3. Multiple Integrals/3.1. Riemann Sums/Source/3.1.7. Upper Riemann Sums Over General Rectangular Partitions
3698,Calculating Double Summations Over Partitions,71,MVC,MVC.3.1.3,vault/MA/Mathematical-Analysis-&-Modeling/MVC/3. Multiple Integrals/3.1. Riemann Sums/Lessons/3.1.3. Calculating Double Summations Over Partitions.md,vault/MA/Mathematical-Analysis-&-Modeling/MVC/3. Multiple Integrals/3.1. Riemann Sums/Source/3.1.3. Calculating Double Summations Over Partitions
3860,Further Modeling With First-Order ODEs,71,DEQ,DEQ.2.1.2,vault/MA/Mathematical-Analysis-&-Modeling/DEQ/2. Modeling With First-Order Differential Equations/2.1. Applications of First-Order ODEs/Lessons/2.1.2. Further Modeling With First-Order ODEs.md,vault/MA/Mathematical-Analysis-&-Modeling/DEQ/2. Modeling With First-Order Differential Equations/2.1. Applications of First-Order ODEs/Source/2.1.2. Further Modeling With First-Order ODEs
4043,Calculating Probabilities With Continuous Random Variables,71,MVC;PAS,MVC.6.3.2;PAS.1.3.2,vault/MA/Mathematical-Analysis-&-Modeling/MVC/6. Applications of Multivariable Calculus/6.3. Random Variables/Lessons/6.3.2. Calculating Probabilities With Continuous Random Variables.md;vault/MA/Mathematical-Analysis-&-Modeling/PAS/1. Probability & Random Variables/1.3. Random Variables/Lessons/1.3.2. Calculating Probabilities With Continuous Random Variables.md,vault/MA/Mathematical-Analysis-&-Modeling/MVC/6. Applications of Multivariable Calculus/6.3. Random Variables/Source/6.3.2. Calculating Probabilities With Continuous Random Variables;vault/MA/Mathematical-Analysis-&-Modeling/PAS/1. Probability & Random Variables/1.3. Random Variables/Source/1.3.2. Calculating Probabilities With Continuous Random Variables
466,Solving First-Order ODEs Using Separation of Variables,72,DEQ,DEQ.1.1.1,vault/MA/Mathematical-Analysis-&-Modeling/DEQ/1. First-Order Differential Equations/1.1. Techniques for Solving First-Order ODEs/Lessons/1.1.1. Solving First-Order ODEs Using Separation of Variables.md,vault/MA/Mathematical-Analysis-&-Modeling/DEQ/1. First-Order Differential Equations/1.1. Techniques for Solving First-Order ODEs/Source/1.1.1. Solving First-Order ODEs Using Separation of Variables
906,Introduction to First-Order Linear ODEs,72,DEQ,DEQ.1.1.3,vault/MA/Mathematical-Analysis-&-Modeling/DEQ/1. First-Order Differential Equations/1.1. Techniques for Solving First-Order ODEs/Lessons/1.1.3. Introduction to First-Order Linear ODEs.md,vault/MA/Mathematical-Analysis-&-Modeling/DEQ/1. First-Order Differential Equations/1.1. Techniques for Solving First-Order ODEs/Source/1.1.3. Introduction to First-Order Linear ODEs
1395,Modeling With the Binomial Distribution,72,PAS,PAS.3.3.2,vault/MA/Mathematical-Analysis-&-Modeling/PAS/3. Discrete Probability Distributions/3.3. The Binomial Distribution/Lessons/3.3.2. Modeling With the Binomial Distribution.md,vault/MA/Mathematical-Analysis-&-Modeling/PAS/3. Discrete Probability Distributions/3.3. The Binomial Distribution/Source/3.3.2. Modeling With the Binomial Distribution
1744,Integration Rules for Vector-Valued Functions,72,MVC,MVC.1.1.5,vault/MA/Mathematical-Analysis-&-Modeling/MVC/1. Vector Functions and Vector Fields/1.1. Vector-Valued Functions/Lessons/1.1.5. Integration Rules for Vector-Valued Functions.md,vault/MA/Mathematical-Analysis-&-Modeling/MVC/1. Vector Functions and Vector Fields/1.1. Vector-Valued Functions/Source/1.1.5. Integration Rules for Vector-Valued Functions
1794,Unit Tangent Vectors,72,MVC,MVC.1.1.8,vault/MA/Mathematical-Analysis-&-Modeling/MVC/1. Vector Functions and Vector Fields/1.1. Vector-Valued Functions/Lessons/1.1.8. Unit Tangent Vectors.md,vault/MA/Mathematical-Analysis-&-Modeling/MVC/1. Vector Functions and Vector Fields/1.1. Vector-Valued Functions/Source/1.1.8. Unit Tangent Vectors
1865,Writing Vectors in Different Bases,72,LAL,LAL.3.3.5,vault/MA/Mathematical-Analysis-&-Modeling/LAL/3. Vector Spaces/3.3. Bases of N-Dimensional Space/Lessons/3.3.5. Writing Vectors in Different Bases.md,vault/MA/Mathematical-Analysis-&-Modeling/LAL/3. Vector Spaces/3.3. Bases of N-Dimensional Space/Source/3.3.5. Writing Vectors in Different Bases
1867,The Rank of a Matrix,72,LAL,LAL.3.4.2,vault/MA/Mathematical-Analysis-&-Modeling/LAL/3. Vector Spaces/3.4. Dimension and Rank in N-Dimensional Space/Lessons/3.4.2. The Rank of a Matrix.md,vault/MA/Mathematical-Analysis-&-Modeling/LAL/3. Vector Spaces/3.4. Dimension and Rank in N-Dimensional Space/Source/3.4.2. The Rank of a Matrix
1898,Identifying Quadric Surfaces,72,MVC,MVC.2.2.7,vault/MA/Mathematical-Analysis-&-Modeling/MVC/2. Multivariable Functions/2.2. Quadric Surfaces and Cylinders/Lessons/2.2.7. Identifying Quadric Surfaces.md,vault/MA/Mathematical-Analysis-&-Modeling/MVC/2. Multivariable Functions/2.2. Quadric Surfaces and Cylinders/Source/2.2.7. Identifying Quadric Surfaces
1961,The Matrix of a Linear Transformation Relative to a Basis,72,LAL,LAL.4.2.1,vault/MA/Mathematical-Analysis-&-Modeling/LAL/4. Linear Transformations/4.2. Linear Maps and Their Matrix Representations/Lessons/4.2.1. The Matrix of a Linear Transformation Relative to a Basis.md,vault/MA/Mathematical-Analysis-&-Modeling/LAL/4. Linear Transformations/4.2. Linear Maps and Their Matrix Representations/Source/4.2.1. The Matrix of a Linear Transformation Relative to a Basis
1990,Defining Double Integrals Using Lower and Upper Riemann Sums,72,MVC,MVC.3.1.8,vault/MA/Mathematical-Analysis-&-Modeling/MVC/3. Multiple Integrals/3.1. Riemann Sums/Lessons/3.1.8. Defining Double Integrals Using Lower and Upper Riemann Sums.md,vault/MA/Mathematical-Analysis-&-Modeling/MVC/3. Multiple Integrals/3.1. Riemann Sums/Source/3.1.8. Defining Double Integrals Using Lower and Upper Riemann Sums
1994,Surface Areas of Revolution: Rotation About the X-Axis,72,MVC,MVC.5.2.1,vault/MA/Mathematical-Analysis-&-Modeling/MVC/5. Surface Integrals/5.2. Surface Area/Lessons/5.2.1. Surface Areas of Revolution- Rotation About the X-Axis.md,vault/MA/Mathematical-Analysis-&-Modeling/MVC/5. Surface Integrals/5.2. Surface Area/Source/5.2.1. Surface Areas of Revolution- Rotation About the X-Axis
2103,Orthogonal Sets in Euclidean Spaces,72,LAL,LAL.6.2.6,vault/MA/Mathematical-Analysis-&-Modeling/LAL/6. Projections/6.2. Orthogonality/Lessons/6.2.6. Orthogonal Sets in Euclidean Spaces.md,vault/MA/Mathematical-Analysis-&-Modeling/LAL/6. Projections/6.2. Orthogonality/Source/6.2.6. Orthogonal Sets in Euclidean Spaces
2122,Projecting Vectors Onto One-Dimensional Subspaces,72,LAL,LAL.6.3.1,vault/MA/Mathematical-Analysis-&-Modeling/LAL/6. Projections/6.3. Orthogonal Projections/Lessons/6.3.1. Projecting Vectors Onto One-Dimensional Subspaces.md,vault/MA/Mathematical-Analysis-&-Modeling/LAL/6. Projections/6.3. Orthogonal Projections/Source/6.3.1. Projecting Vectors Onto One-Dimensional Subspaces
2536,Homogeneous Functions,72,DEQ,DEQ.1.2.1,vault/MA/Mathematical-Analysis-&-Modeling/DEQ/1. First-Order Differential Equations/1.2. Special First-Order Equations/Lessons/1.2.1. Homogeneous Functions.md,vault/MA/Mathematical-Analysis-&-Modeling/DEQ/1. First-Order Differential Equations/1.2. Special First-Order Equations/Source/1.2.1. Homogeneous Functions
2616,Double Integrals Over Non-Rectangular Domains,72,MVC,MVC.3.2.2,vault/MA/Mathematical-Analysis-&-Modeling/MVC/3. Multiple Integrals/3.2. Double Integrals/Lessons/3.2.2. Double Integrals Over Non-Rectangular Domains.md,vault/MA/Mathematical-Analysis-&-Modeling/MVC/3. Multiple Integrals/3.2. Double Integrals/Source/3.2.2. Double Integrals Over Non-Rectangular Domains
2836,Properties of Expectation for Discrete Random Variables,72,PAS,PAS.2.1.2,vault/MA/Mathematical-Analysis-&-Modeling/PAS/2. Expectation/2.1. Expectation of Random Variables/Lessons/2.1.2. Properties of Expectation for Discrete Random Variables.md,vault/MA/Mathematical-Analysis-&-Modeling/PAS/2. Expectation/2.1. Expectation of Random Variables/Source/2.1.2. Properties of Expectation for Discrete Random Variables
2854,Big-O Notation,72,DEQ,DEQ.7.5.1,vault/MA/Mathematical-Analysis-&-Modeling/DEQ/7. Approximating Solutions to Differential Equations/7.5. Analyzing Numerical Methods/Lessons/7.5.1. Big-O Notation.md,vault/MA/Mathematical-Analysis-&-Modeling/DEQ/7. Approximating Solutions to Differential Equations/7.5. Analyzing Numerical Methods/Source/7.5.1. Big-O Notation
2976,Qualitative Analysis of First-Order ODEs,72,DEQ,DEQ.1.4.1,vault/MA/Mathematical-Analysis-&-Modeling/DEQ/1. First-Order Differential Equations/1.4. Qualitative Techniques for Differential Equations/Lessons/1.4.1. Qualitative Analysis of First-Order ODEs.md,vault/MA/Mathematical-Analysis-&-Modeling/DEQ/1. First-Order Differential Equations/1.4. Qualitative Techniques for Differential Equations/Source/1.4.1. Qualitative Analysis of First-Order ODEs
3010,The Discrete Uniform Distribution,72,PAS,PAS.3.1.1,vault/MA/Mathematical-Analysis-&-Modeling/PAS/3. Discrete Probability Distributions/3.1. The Discrete Uniform Distribution/Lessons/3.1.1. The Discrete Uniform Distribution.md,vault/MA/Mathematical-Analysis-&-Modeling/PAS/3. Discrete Probability Distributions/3.1. The Discrete Uniform Distribution/Source/3.1.1. The Discrete Uniform Distribution
3048,Independence of Discrete Random Variables,72,PAS,PAS.5.1.4,vault/MA/Mathematical-Analysis-&-Modeling/PAS/5. Combining Random Variables/5.1. Distributions of Two Discrete Random Variables/Lessons/5.1.4. Independence of Discrete Random Variables.md,vault/MA/Mathematical-Analysis-&-Modeling/PAS/5. Combining Random Variables/5.1. Distributions of Two Discrete Random Variables/Source/5.1.4. Independence of Discrete Random Variables
3072,The Negative Binomial Distribution,72,PAS,PAS.3.6.1,vault/MA/Mathematical-Analysis-&-Modeling/PAS/3. Discrete Probability Distributions/3.6. The Negative Binomial Distribution/Lessons/3.6.1. The Negative Binomial Distribution.md,vault/MA/Mathematical-Analysis-&-Modeling/PAS/3. Discrete Probability Distributions/3.6. The Negative Binomial Distribution/Source/3.6.1. The Negative Binomial Distribution
3289,The Gamma Function,72,PAS,PAS.4.4.1,vault/MA/Mathematical-Analysis-&-Modeling/PAS/4. Continuous Probability Distributions/4.4. Other Continous Distributions/Lessons/4.4.1. The Gamma Function.md,vault/MA/Mathematical-Analysis-&-Modeling/PAS/4. Continuous Probability Distributions/4.4. Other Continous Distributions/Source/4.4.1. The Gamma Function
3356,"Simple, Closed, and Oriented Curves",72,MVC,MVC.4.1.1,"vault/MA/Mathematical-Analysis-&-Modeling/MVC/4. Line Integrals/4.1. Line Integrals of Scalar Functions/Lessons/4.1.1. Simple, Closed, and Oriented Curves.md","vault/MA/Mathematical-Analysis-&-Modeling/MVC/4. Line Integrals/4.1. Line Integrals of Scalar Functions/Source/4.1.1. Simple, Closed, and Oriented Curves"
3371,Parametrizations of Ellipsoids and Cones,72,MVC,MVC.5.1.3,vault/MA/Mathematical-Analysis-&-Modeling/MVC/5. Surface Integrals/5.1. Parametric Surfaces/Lessons/5.1.3. Parametrizations of Ellipsoids and Cones.md,vault/MA/Mathematical-Analysis-&-Modeling/MVC/5. Surface Integrals/5.1. Parametric Surfaces/Source/5.1.3. Parametrizations of Ellipsoids and Cones
3597,Parametrizations of Paraboloids and Hyperboloids,72,MVC,MVC.5.1.4,vault/MA/Mathematical-Analysis-&-Modeling/MVC/5. Surface Integrals/5.1. Parametric Surfaces/Lessons/5.1.4. Parametrizations of Paraboloids and Hyperboloids.md,vault/MA/Mathematical-Analysis-&-Modeling/MVC/5. Surface Integrals/5.1. Parametric Surfaces/Source/5.1.4. Parametrizations of Paraboloids and Hyperboloids
3647,Many-to-One Transformations of Discrete Random Variables,72,PAS,PAS.1.4.2,vault/MA/Mathematical-Analysis-&-Modeling/PAS/1. Probability & Random Variables/1.4. Functions of Random Variables/Lessons/1.4.2. Many-to-One Transformations of Discrete Random Variables.md,vault/MA/Mathematical-Analysis-&-Modeling/PAS/1. Probability & Random Variables/1.4. Functions of Random Variables/Source/1.4.2. Many-to-One Transformations of Discrete Random Variables
4096,Computing Partial Derivatives Using the Rules of Differentiation,72,MVC,MVC.2.3.2,vault/MA/Mathematical-Analysis-&-Modeling/MVC/2. Multivariable Functions/2.3. Partial Derivatives/Lessons/2.3.2. Computing Partial Derivatives Using the Rules of Differentiation.md,vault/MA/Mathematical-Analysis-&-Modeling/MVC/2. Multivariable Functions/2.3. Partial Derivatives/Source/2.3.2. Computing Partial Derivatives Using the Rules of Differentiation
4100,Continuous Random Variables Over Infinite Domains,72,MVC;PAS,MVC.6.3.3;PAS.1.3.3,vault/MA/Mathematical-Analysis-&-Modeling/MVC/6. Applications of Multivariable Calculus/6.3. Random Variables/Lessons/6.3.3. Continuous Random Variables Over Infinite Domains.md;vault/MA/Mathematical-Analysis-&-Modeling/PAS/1. Probability & Random Variables/1.3. Random Variables/Lessons/1.3.3. Continuous Random Variables Over Infinite Domains.md,vault/MA/Mathematical-Analysis-&-Modeling/MVC/6. Applications of Multivariable Calculus/6.3. Random Variables/Source/6.3.3. Continuous Random Variables Over Infinite Domains;vault/MA/Mathematical-Analysis-&-Modeling/PAS/1. Probability & Random Variables/1.3. Random Variables/Source/1.3.3. Continuous Random Variables Over Infinite Domains
4208,Intersections of Lines and Planes With Surfaces,72,MVC,MVC.2.2.6,vault/MA/Mathematical-Analysis-&-Modeling/MVC/2. Multivariable Functions/2.2. Quadric Surfaces and Cylinders/Lessons/2.2.6. Intersections of Lines and Planes With Surfaces.md,vault/MA/Mathematical-Analysis-&-Modeling/MVC/2. Multivariable Functions/2.2. Quadric Surfaces and Cylinders/Source/2.2.6. Intersections of Lines and Planes With Surfaces
602,Euler's Method: Calculating One Step,73,DEQ,DEQ.7.2.1,vault/MA/Mathematical-Analysis-&-Modeling/DEQ/7. Approximating Solutions to Differential Equations/7.2. Euler's Method/Lessons/7.2.1. Euler's Method- Calculating One Step.md,vault/MA/Mathematical-Analysis-&-Modeling/DEQ/7. Approximating Solutions to Differential Equations/7.2. Euler's Method/Source/7.2.1. Euler's Method- Calculating One Step
877,Solving First-Order Linear ODEs Using Integrating Factors,73,DEQ,DEQ.1.1.7,vault/MA/Mathematical-Analysis-&-Modeling/DEQ/1. First-Order Differential Equations/1.1. Techniques for Solving First-Order ODEs/Lessons/1.1.7. Solving First-Order Linear ODEs Using Integrating Factors.md,vault/MA/Mathematical-Analysis-&-Modeling/DEQ/1. First-Order Differential Equations/1.1. Techniques for Solving First-Order ODEs/Source/1.1.7. Solving First-Order Linear ODEs Using Integrating Factors
878,Homogeneous First-Order ODEs,73,DEQ,DEQ.1.2.2,vault/MA/Mathematical-Analysis-&-Modeling/DEQ/1. First-Order Differential Equations/1.2. Special First-Order Equations/Lessons/1.2.2. Homogeneous First-Order ODEs.md,vault/MA/Mathematical-Analysis-&-Modeling/DEQ/1. First-Order Differential Equations/1.2. Special First-Order Equations/Source/1.2.2. Homogeneous First-Order ODEs
1179,Solving First-Order IVPs Using Separation of Variables,73,DEQ,DEQ.1.1.2,vault/MA/Mathematical-Analysis-&-Modeling/DEQ/1. First-Order Differential Equations/1.1. Techniques for Solving First-Order ODEs/Lessons/1.1.2. Solving First-Order IVPs Using Separation of Variables.md,vault/MA/Mathematical-Analysis-&-Modeling/DEQ/1. First-Order Differential Equations/1.1. Techniques for Solving First-Order ODEs/Source/1.1.2. Solving First-Order IVPs Using Separation of Variables
1401,Outward-Pointing Unit Normal Vectors in 2D,73,MVC,MVC.4.5.1,vault/MA/Mathematical-Analysis-&-Modeling/MVC/4. Line Integrals/4.5. Circulation and Flux/Lessons/4.5.1. Outward-Pointing Unit Normal Vectors in 2D.md,vault/MA/Mathematical-Analysis-&-Modeling/MVC/4. Line Integrals/4.5. Circulation and Flux/Source/4.5.1. Outward-Pointing Unit Normal Vectors in 2D
1730,The Invertible Matrix Theorem in Terms of 2x2 Systems of Equations,73,LAL,LAL.2.4.1,vault/MA/Mathematical-Analysis-&-Modeling/LAL/2. Matrices/2.4. The Inverse of a Matrix/Lessons/2.4.1. The Invertible Matrix Theorem in Terms of 2x2 Systems of Equations.md,vault/MA/Mathematical-Analysis-&-Modeling/LAL/2. Matrices/2.4. The Inverse of a Matrix/Source/2.4.1. The Invertible Matrix Theorem in Terms of 2x2 Systems of Equations
1795,Principal Normal Vectors,73,MVC,MVC.1.1.9,vault/MA/Mathematical-Analysis-&-Modeling/MVC/1. Vector Functions and Vector Fields/1.1. Vector-Valued Functions/Lessons/1.1.9. Principal Normal Vectors.md,vault/MA/Mathematical-Analysis-&-Modeling/MVC/1. Vector Functions and Vector Fields/1.1. Vector-Valued Functions/Source/1.1.9. Principal Normal Vectors
1824,Orthogonal Trajectories,73,DEQ,DEQ.2.1.5,vault/MA/Mathematical-Analysis-&-Modeling/DEQ/2. Modeling With First-Order Differential Equations/2.1. Applications of First-Order ODEs/Lessons/2.1.5. Orthogonal Trajectories.md,vault/MA/Mathematical-Analysis-&-Modeling/DEQ/2. Modeling With First-Order Differential Equations/2.1. Applications of First-Order ODEs/Source/2.1.5. Orthogonal Trajectories
1868,The Dimension of the Null Space of a Matrix,73,LAL,LAL.3.4.3,vault/MA/Mathematical-Analysis-&-Modeling/LAL/3. Vector Spaces/3.4. Dimension and Rank in N-Dimensional Space/Lessons/3.4.3. The Dimension of the Null Space of a Matrix.md,vault/MA/Mathematical-Analysis-&-Modeling/LAL/3. Vector Spaces/3.4. Dimension and Rank in N-Dimensional Space/Source/3.4.3. The Dimension of the Null Space of a Matrix
1928,The Change-of-Coordinates Matrix,73,LAL,LAL.3.3.6,vault/MA/Mathematical-Analysis-&-Modeling/LAL/3. Vector Spaces/3.3. Bases of N-Dimensional Space/Lessons/3.3.6. The Change-of-Coordinates Matrix.md,vault/MA/Mathematical-Analysis-&-Modeling/LAL/3. Vector Spaces/3.3. Bases of N-Dimensional Space/Source/3.3.6. The Change-of-Coordinates Matrix
1932,Partial Differentiability of Multivariable Functions,73,MVC,MVC.2.3.4,vault/MA/Mathematical-Analysis-&-Modeling/MVC/2. Multivariable Functions/2.3. Partial Derivatives/Lessons/2.3.4. Partial Differentiability of Multivariable Functions.md,vault/MA/Mathematical-Analysis-&-Modeling/MVC/2. Multivariable Functions/2.3. Partial Derivatives/Source/2.3.4. Partial Differentiability of Multivariable Functions
1955,Geometric Interpretations of Partial Derivatives,73,MVC,MVC.2.3.3,vault/MA/Mathematical-Analysis-&-Modeling/MVC/2. Multivariable Functions/2.3. Partial Derivatives/Lessons/2.3.3. Geometric Interpretations of Partial Derivatives.md,vault/MA/Mathematical-Analysis-&-Modeling/MVC/2. Multivariable Functions/2.3. Partial Derivatives/Source/2.3.3. Geometric Interpretations of Partial Derivatives
1967,The Matrix of a Linear Map Relative to Two Bases,73,LAL,LAL.4.2.4,vault/MA/Mathematical-Analysis-&-Modeling/LAL/4. Linear Transformations/4.2. Linear Maps and Their Matrix Representations/Lessons/4.2.4. The Matrix of a Linear Map Relative to Two Bases.md,vault/MA/Mathematical-Analysis-&-Modeling/LAL/4. Linear Transformations/4.2. Linear Maps and Their Matrix Representations/Source/4.2.4. The Matrix of a Linear Map Relative to Two Bases
1978,Level Surfaces,73,MVC,MVC.2.1.6,vault/MA/Mathematical-Analysis-&-Modeling/MVC/2. Multivariable Functions/2.1. Introduction to Multivariable Functions/Lessons/2.1.6. Level Surfaces.md,vault/MA/Mathematical-Analysis-&-Modeling/MVC/2. Multivariable Functions/2.1. Introduction to Multivariable Functions/Source/2.1.6. Level Surfaces
1980,Tangent Planes to Surfaces,73,MVC,MVC.2.3.7,vault/MA/Mathematical-Analysis-&-Modeling/MVC/2. Multivariable Functions/2.3. Partial Derivatives/Lessons/2.3.7. Tangent Planes to Surfaces.md,vault/MA/Mathematical-Analysis-&-Modeling/MVC/2. Multivariable Functions/2.3. Partial Derivatives/Source/2.3.7. Tangent Planes to Surfaces
1999,The Jacobian,73,MVC,MVC.2.7.1,vault/MA/Mathematical-Analysis-&-Modeling/MVC/2. Multivariable Functions/2.7. Differentiation/Lessons/2.7.1. The Jacobian.md,vault/MA/Mathematical-Analysis-&-Modeling/MVC/2. Multivariable Functions/2.7. Differentiation/Source/2.7.1. The Jacobian
2000,Properties of Double Integrals,73,MVC,MVC.3.2.3,vault/MA/Mathematical-Analysis-&-Modeling/MVC/3. Multiple Integrals/3.2. Double Integrals/Lessons/3.2.3. Properties of Double Integrals.md,vault/MA/Mathematical-Analysis-&-Modeling/MVC/3. Multiple Integrals/3.2. Double Integrals/Source/3.2.3. Properties of Double Integrals
2086,Introduction to Systems of Linear ODEs,73,DEQ,DEQ.4.1.1,vault/MA/Mathematical-Analysis-&-Modeling/DEQ/4. Systems of Differential Equations/4.1. Systems of ODEs/Lessons/4.1.1. Introduction to Systems of Linear ODEs.md,vault/MA/Mathematical-Analysis-&-Modeling/DEQ/4. Systems of Differential Equations/4.1. Systems of ODEs/Source/4.1.1. Introduction to Systems of Linear ODEs
2096,Inner Product Spaces,73,LAL,LAL.6.1.3,vault/MA/Mathematical-Analysis-&-Modeling/LAL/6. Projections/6.1. Inner Products/Lessons/6.1.3. Inner Product Spaces.md,vault/MA/Mathematical-Analysis-&-Modeling/LAL/6. Projections/6.1. Inner Products/Source/6.1.3. Inner Product Spaces
2127,The Gram-Schmidt Process for Two Vectors,73,LAL,LAL.6.4.1,vault/MA/Mathematical-Analysis-&-Modeling/LAL/6. Projections/6.4. Orthogonalization Processes/Lessons/6.4.1. The Gram-Schmidt Process for Two Vectors.md,vault/MA/Mathematical-Analysis-&-Modeling/LAL/6. Projections/6.4. Orthogonalization Processes/Source/6.4.1. The Gram-Schmidt Process for Two Vectors
2130,"Type I, II, and III Regions in Three-Dimensional Space",73,MVC,MVC.3.3.3,"vault/MA/Mathematical-Analysis-&-Modeling/MVC/3. Multiple Integrals/3.3. Triple Integrals/Lessons/3.3.3. Type I, II, and III Regions in Three-Dimensional Space.md","vault/MA/Mathematical-Analysis-&-Modeling/MVC/3. Multiple Integrals/3.3. Triple Integrals/Source/3.3.3. Type I, II, and III Regions in Three-Dimensional Space"
2163,Cumulative Distribution Functions for Continuous Random Variables,73,PAS,PAS.1.3.4,vault/MA/Mathematical-Analysis-&-Modeling/PAS/1. Probability & Random Variables/1.3. Random Variables/Lessons/1.3.4. Cumulative Distribution Functions for Continuous Random Variables.md,vault/MA/Mathematical-Analysis-&-Modeling/PAS/1. Probability & Random Variables/1.3. Random Variables/Source/1.3.4. Cumulative Distribution Functions for Continuous Random Variables
2529,Introduction to Laplace Transforms,73,DEQ,DEQ.5.1.4,vault/MA/Mathematical-Analysis-&-Modeling/DEQ/5. Laplace Transforms/5.1. Laplace Transforms/Lessons/5.1.4. Introduction to Laplace Transforms.md,vault/MA/Mathematical-Analysis-&-Modeling/DEQ/5. Laplace Transforms/5.1. Laplace Transforms/Source/5.1.4. Introduction to Laplace Transforms
2548,Introduction to Second-Order Linear ODEs,73,DEQ,DEQ.3.1.3,vault/MA/Mathematical-Analysis-&-Modeling/DEQ/3. Linear Differential Equations/3.1. Theory of Solutions to Linear ODEs/Lessons/3.1.3. Introduction to Second-Order Linear ODEs.md,vault/MA/Mathematical-Analysis-&-Modeling/DEQ/3. Linear Differential Equations/3.1. Theory of Solutions to Linear ODEs/Source/3.1.3. Introduction to Second-Order Linear ODEs
2722,Newton's Second Law,73,MVC,MVC.6.1.4,vault/MA/Mathematical-Analysis-&-Modeling/MVC/6. Applications of Multivariable Calculus/6.1. Vector Mechanics/Lessons/6.1.4. Newton's Second Law.md,vault/MA/Mathematical-Analysis-&-Modeling/MVC/6. Applications of Multivariable Calculus/6.1. Vector Mechanics/Source/6.1.4. Newton's Second Law
2825,The Components of a Vector with Respect to an Orthogonal or Orthonormal Basis,73,LAL,LAL.6.3.2,vault/MA/Mathematical-Analysis-&-Modeling/LAL/6. Projections/6.3. Orthogonal Projections/Lessons/6.3.2. The Components of a Vector with Respect to an Orthogonal or Orthonormal Basis.md,vault/MA/Mathematical-Analysis-&-Modeling/LAL/6. Projections/6.3. Orthogonal Projections/Source/6.3.2. The Components of a Vector with Respect to an Orthogonal or Orthonormal Basis
2989,The Trinomial Distribution,73,PAS,PAS.5.1.6,vault/MA/Mathematical-Analysis-&-Modeling/PAS/5. Combining Random Variables/5.1. Distributions of Two Discrete Random Variables/Lessons/5.1.6. The Trinomial Distribution.md,vault/MA/Mathematical-Analysis-&-Modeling/PAS/5. Combining Random Variables/5.1. Distributions of Two Discrete Random Variables/Source/5.1.6. The Trinomial Distribution
3025,Finding the Mode of a Continuous Random Variable,73,PAS,PAS.1.3.6,vault/MA/Mathematical-Analysis-&-Modeling/PAS/1. Probability & Random Variables/1.3. Random Variables/Lessons/1.3.6. Finding the Mode of a Continuous Random Variable.md,vault/MA/Mathematical-Analysis-&-Modeling/PAS/1. Probability & Random Variables/1.3. Random Variables/Source/1.3.6. Finding the Mode of a Continuous Random Variable
3173,The Multivariable Chain Rule,73,MVC,MVC.2.5.1,vault/MA/Mathematical-Analysis-&-Modeling/MVC/2. Multivariable Functions/2.5. The Multivariable Chain Rule/Lessons/2.5.1. The Multivariable Chain Rule.md,vault/MA/Mathematical-Analysis-&-Modeling/MVC/2. Multivariable Functions/2.5. The Multivariable Chain Rule/Source/2.5.1. The Multivariable Chain Rule
3179,Solving First-Order ODEs by Substitution,73,DEQ,DEQ.1.1.8,vault/MA/Mathematical-Analysis-&-Modeling/DEQ/1. First-Order Differential Equations/1.1. Techniques for Solving First-Order ODEs/Lessons/1.1.8. Solving First-Order ODEs by Substitution.md,vault/MA/Mathematical-Analysis-&-Modeling/DEQ/1. First-Order Differential Equations/1.1. Techniques for Solving First-Order ODEs/Source/1.1.8. Solving First-Order ODEs by Substitution
3212,The Coordinates of a Vector Relative to a Basis in Abstract Vector Spaces,73,LAL,LAL.3.5.6,vault/MA/Mathematical-Analysis-&-Modeling/LAL/3. Vector Spaces/3.5. Abstract Vector Spaces/Lessons/3.5.6. The Coordinates of a Vector Relative to a Basis in Abstract Vector Spaces.md,vault/MA/Mathematical-Analysis-&-Modeling/LAL/3. Vector Spaces/3.5. Abstract Vector Spaces/Source/3.5.6. The Coordinates of a Vector Relative to a Basis in Abstract Vector Spaces
3276,Slope Fields for Directly Integrable Differential Equations,73,DEQ,DEQ.1.3.1,vault/MA/Mathematical-Analysis-&-Modeling/DEQ/1. First-Order Differential Equations/1.3. Slope Fields/Lessons/1.3.1. Slope Fields for Directly Integrable Differential Equations.md,vault/MA/Mathematical-Analysis-&-Modeling/DEQ/1. First-Order Differential Equations/1.3. Slope Fields/Source/1.3.1. Slope Fields for Directly Integrable Differential Equations
3292,Expected Values of Sums and Products of Random Variables,73,PAS,PAS.5.4.1,vault/MA/Mathematical-Analysis-&-Modeling/PAS/5. Combining Random Variables/5.4. Expectation for Multivariate Distributions/Lessons/5.4.1. Expected Values of Sums and Products of Random Variables.md,vault/MA/Mathematical-Analysis-&-Modeling/PAS/5. Combining Random Variables/5.4. Expectation for Multivariate Distributions/Source/5.4.1. Expected Values of Sums and Products of Random Variables
3295,Linear Combinations of Binomial Random Variables,73,PAS,PAS.5.3.1,vault/MA/Mathematical-Analysis-&-Modeling/PAS/5. Combining Random Variables/5.3. Linear Combinations of Random Variables/Lessons/5.3.1. Linear Combinations of Binomial Random Variables.md,vault/MA/Mathematical-Analysis-&-Modeling/PAS/5. Combining Random Variables/5.3. Linear Combinations of Random Variables/Source/5.3.1. Linear Combinations of Binomial Random Variables
3357,Connected and Simply-Connected Regions,73,MVC,MVC.1.3.6,vault/MA/Mathematical-Analysis-&-Modeling/MVC/1. Vector Functions and Vector Fields/1.3. Vector Fields/Lessons/1.3.6. Connected and Simply-Connected Regions.md,vault/MA/Mathematical-Analysis-&-Modeling/MVC/1. Vector Functions and Vector Fields/1.3. Vector Fields/Source/1.3.6. Connected and Simply-Connected Regions
3596,Parametrizations of Cylinders,73,MVC,MVC.5.1.5,vault/MA/Mathematical-Analysis-&-Modeling/MVC/5. Surface Integrals/5.1. Parametric Surfaces/Lessons/5.1.5. Parametrizations of Cylinders.md,vault/MA/Mathematical-Analysis-&-Modeling/MVC/5. Surface Integrals/5.1. Parametric Surfaces/Source/5.1.5. Parametrizations of Cylinders
3632,Surface Areas of Revolution: Rotation About the Y-Axis,73,MVC,MVC.5.2.2,vault/MA/Mathematical-Analysis-&-Modeling/MVC/5. Surface Integrals/5.2. Surface Area/Lessons/5.2.2. Surface Areas of Revolution- Rotation About the Y-Axis.md,vault/MA/Mathematical-Analysis-&-Modeling/MVC/5. Surface Integrals/5.2. Surface Area/Source/5.2.2. Surface Areas of Revolution- Rotation About the Y-Axis
3642,Moments of Discrete Random Variables,73,PAS,PAS.2.1.4,vault/MA/Mathematical-Analysis-&-Modeling/PAS/2. Expectation/2.1. Expectation of Random Variables/Lessons/2.1.4. Moments of Discrete Random Variables.md,vault/MA/Mathematical-Analysis-&-Modeling/PAS/2. Expectation/2.1. Expectation of Random Variables/Source/2.1.4. Moments of Discrete Random Variables
4012,Expected Values of Continuous Random Variables,73,PAS,PAS.2.1.7,vault/MA/Mathematical-Analysis-&-Modeling/PAS/2. Expectation/2.1. Expectation of Random Variables/Lessons/2.1.7. Expected Values of Continuous Random Variables.md,vault/MA/Mathematical-Analysis-&-Modeling/PAS/2. Expectation/2.1. Expectation of Random Variables/Source/2.1.7. Expected Values of Continuous Random Variables
265,The Standard Normal Distribution,74,PAS,PAS.4.1.2,vault/MA/Mathematical-Analysis-&-Modeling/PAS/4. Continuous Probability Distributions/4.1. The Normal Distribution/Lessons/4.1.2. The Standard Normal Distribution.md,vault/MA/Mathematical-Analysis-&-Modeling/PAS/4. Continuous Probability Distributions/4.1. The Normal Distribution/Source/4.1.2. The Standard Normal Distribution
711,The Z-Score,74,PAS,PAS.4.1.1,vault/MA/Mathematical-Analysis-&-Modeling/PAS/4. Continuous Probability Distributions/4.1. The Normal Distribution/Lessons/4.1.1. The Z-Score.md,vault/MA/Mathematical-Analysis-&-Modeling/PAS/4. Continuous Probability Distributions/4.1. The Normal Distribution/Source/4.1.1. The Z-Score
876,Exponential Growth and Decay Models With First-Order ODEs,74,DEQ,DEQ.2.2.1,vault/MA/Mathematical-Analysis-&-Modeling/DEQ/2. Modeling With First-Order Differential Equations/2.2. Growth and Decay Models With First-Order ODEs/Lessons/2.2.1. Exponential Growth and Decay Models With First-Order ODEs.md,vault/MA/Mathematical-Analysis-&-Modeling/DEQ/2. Modeling With First-Order Differential Equations/2.2. Growth and Decay Models With First-Order ODEs/Source/2.2.1. Exponential Growth and Decay Models With First-Order ODEs
1164,Reducing ODEs to First-Order Linear by Substitution,74,DEQ,DEQ.1.1.10,vault/MA/Mathematical-Analysis-&-Modeling/DEQ/1. First-Order Differential Equations/1.1. Techniques for Solving First-Order ODEs/Lessons/1.1.10. Reducing ODEs to First-Order Linear by Substitution.md,vault/MA/Mathematical-Analysis-&-Modeling/DEQ/1. First-Order Differential Equations/1.1. Techniques for Solving First-Order ODEs/Source/1.1.10. Reducing ODEs to First-Order Linear by Substitution
1335,The Rule of the Lazy Statistician,74,PAS,PAS.2.1.9,vault/MA/Mathematical-Analysis-&-Modeling/PAS/2. Expectation/2.1. Expectation of Random Variables/Lessons/2.1.9. The Rule of the Lazy Statistician.md,vault/MA/Mathematical-Analysis-&-Modeling/PAS/2. Expectation/2.1. Expectation of Random Variables/Source/2.1.9. The Rule of the Lazy Statistician
1388,Variance of Discrete Random Variables,74,PAS,PAS.2.1.3,vault/MA/Mathematical-Analysis-&-Modeling/PAS/2. Expectation/2.1. Expectation of Random Variables/Lessons/2.1.3. Variance of Discrete Random Variables.md,vault/MA/Mathematical-Analysis-&-Modeling/PAS/2. Expectation/2.1. Expectation of Random Variables/Source/2.1.3. Variance of Discrete Random Variables
1713,Modeling Mixture Problems With First-Order Separable ODEs,74,DEQ,DEQ.2.1.3,vault/MA/Mathematical-Analysis-&-Modeling/DEQ/2. Modeling With First-Order Differential Equations/2.1. Applications of First-Order ODEs/Lessons/2.1.3. Modeling Mixture Problems With First-Order Separable ODEs.md,vault/MA/Mathematical-Analysis-&-Modeling/DEQ/2. Modeling With First-Order Differential Equations/2.1. Applications of First-Order ODEs/Source/2.1.3. Modeling Mixture Problems With First-Order Separable ODEs
1837,The Arc Length of a Vector-Valued Function,74,MVC,MVC.1.1.6,vault/MA/Mathematical-Analysis-&-Modeling/MVC/1. Vector Functions and Vector Fields/1.1. Vector-Valued Functions/Lessons/1.1.6. The Arc Length of a Vector-Valued Function.md,vault/MA/Mathematical-Analysis-&-Modeling/MVC/1. Vector Functions and Vector Fields/1.1. Vector-Valued Functions/Source/1.1.6. The Arc Length of a Vector-Valued Function
1869,"The Invertible Matrix Theorem in Terms of Dimension, Rank and Nullity",74,LAL,LAL.3.4.4,"vault/MA/Mathematical-Analysis-&-Modeling/LAL/3. Vector Spaces/3.4. Dimension and Rank in N-Dimensional Space/Lessons/3.4.4. The Invertible Matrix Theorem in Terms of Dimension, Rank and Nullity.md","vault/MA/Mathematical-Analysis-&-Modeling/LAL/3. Vector Spaces/3.4. Dimension and Rank in N-Dimensional Space/Source/3.4.4. The Invertible Matrix Theorem in Terms of Dimension, Rank and Nullity"
1925,Reduction of Order,74,DEQ,DEQ.3.1.5,vault/MA/Mathematical-Analysis-&-Modeling/DEQ/3. Linear Differential Equations/3.1. Theory of Solutions to Linear ODEs/Lessons/3.1.5. Reduction of Order.md,vault/MA/Mathematical-Analysis-&-Modeling/DEQ/3. Linear Differential Equations/3.1. Theory of Solutions to Linear ODEs/Source/3.1.5. Reduction of Order
1934,The Gradient Vector,74,MVC,MVC.2.4.1,vault/MA/Mathematical-Analysis-&-Modeling/MVC/2. Multivariable Functions/2.4. The Gradient Vector/Lessons/2.4.1. The Gradient Vector.md,vault/MA/Mathematical-Analysis-&-Modeling/MVC/2. Multivariable Functions/2.4. The Gradient Vector/Source/2.4.1. The Gradient Vector
1942,The Multivariable Chain Rule With Polar Coordinates,74,MVC,MVC.2.5.2,vault/MA/Mathematical-Analysis-&-Modeling/MVC/2. Multivariable Functions/2.5. The Multivariable Chain Rule/Lessons/2.5.2. The Multivariable Chain Rule With Polar Coordinates.md,vault/MA/Mathematical-Analysis-&-Modeling/MVC/2. Multivariable Functions/2.5. The Multivariable Chain Rule/Source/2.5.2. The Multivariable Chain Rule With Polar Coordinates
1960,The Kernel of a Linear Transformation,74,LAL,LAL.4.1.2,vault/MA/Mathematical-Analysis-&-Modeling/LAL/4. Linear Transformations/4.1. Linear Transformations/Lessons/4.1.2. The Kernel of a Linear Transformation.md,vault/MA/Mathematical-Analysis-&-Modeling/LAL/4. Linear Transformations/4.1. Linear Transformations/Source/4.1.2. The Kernel of a Linear Transformation
1963,The Image and Rank of a Linear Transformation,74,LAL,LAL.4.1.3,vault/MA/Mathematical-Analysis-&-Modeling/LAL/4. Linear Transformations/4.1. Linear Transformations/Lessons/4.1.3. The Image and Rank of a Linear Transformation.md,vault/MA/Mathematical-Analysis-&-Modeling/LAL/4. Linear Transformations/4.1. Linear Transformations/Source/4.1.3. The Image and Rank of a Linear Transformation
1995,Surface Areas of Revolution for Parametric Curves,74,MVC,MVC.5.2.3,vault/MA/Mathematical-Analysis-&-Modeling/MVC/5. Surface Integrals/5.2. Surface Area/Lessons/5.2.3. Surface Areas of Revolution for Parametric Curves.md,vault/MA/Mathematical-Analysis-&-Modeling/MVC/5. Surface Integrals/5.2. Surface Area/Source/5.2.3. Surface Areas of Revolution for Parametric Curves
2014,Connections Between Matrix Representations of a Linear Transformation,74,LAL,LAL.4.2.2,vault/MA/Mathematical-Analysis-&-Modeling/LAL/4. Linear Transformations/4.2. Linear Maps and Their Matrix Representations/Lessons/4.2.2. Connections Between Matrix Representations of a Linear Transformation.md,vault/MA/Mathematical-Analysis-&-Modeling/LAL/4. Linear Transformations/4.2. Linear Maps and Their Matrix Representations/Source/4.2.2. Connections Between Matrix Representations of a Linear Transformation
2097,The Inner Product in Vector Spaces Over the Complex Numbers,74,LAL,LAL.6.1.4,vault/MA/Mathematical-Analysis-&-Modeling/LAL/6. Projections/6.1. Inner Products/Lessons/6.1.4. The Inner Product in Vector Spaces Over the Complex Numbers.md,vault/MA/Mathematical-Analysis-&-Modeling/LAL/6. Projections/6.1. Inner Products/Source/6.1.4. The Inner Product in Vector Spaces Over the Complex Numbers
2098,The Norm of a Vector in Inner Product Spaces,74,LAL,LAL.6.1.5,vault/MA/Mathematical-Analysis-&-Modeling/LAL/6. Projections/6.1. Inner Products/Lessons/6.1.5. The Norm of a Vector in Inner Product Spaces.md,vault/MA/Mathematical-Analysis-&-Modeling/LAL/6. Projections/6.1. Inner Products/Source/6.1.5. The Norm of a Vector in Inner Product Spaces
2100,Orthogonal Vectors in Inner Product Spaces,74,LAL,LAL.6.2.2,vault/MA/Mathematical-Analysis-&-Modeling/LAL/6. Projections/6.2. Orthogonality/Lessons/6.2.2. Orthogonal Vectors in Inner Product Spaces.md,vault/MA/Mathematical-Analysis-&-Modeling/LAL/6. Projections/6.2. Orthogonality/Source/6.2.2. Orthogonal Vectors in Inner Product Spaces
2123,Projecting Vectors Onto Subspaces in Euclidean Spaces (Orthogonal Bases),74,LAL,LAL.6.3.3,vault/MA/Mathematical-Analysis-&-Modeling/LAL/6. Projections/6.3. Orthogonal Projections/Lessons/6.3.3. Projecting Vectors Onto Subspaces in Euclidean Spaces (Orthogonal Bases).md,vault/MA/Mathematical-Analysis-&-Modeling/LAL/6. Projections/6.3. Orthogonal Projections/Source/6.3.3. Projecting Vectors Onto Subspaces in Euclidean Spaces (Orthogonal Bases)
2151,Double Integrals Over Type I Regions,74,MVC,MVC.3.2.5,vault/MA/Mathematical-Analysis-&-Modeling/MVC/3. Multiple Integrals/3.2. Double Integrals/Lessons/3.2.5. Double Integrals Over Type I Regions.md,vault/MA/Mathematical-Analysis-&-Modeling/MVC/3. Multiple Integrals/3.2. Double Integrals/Source/3.2.5. Double Integrals Over Type I Regions
2537,Linearity of Laplace Transforms,74,DEQ,DEQ.5.1.5,vault/MA/Mathematical-Analysis-&-Modeling/DEQ/5. Laplace Transforms/5.1. Laplace Transforms/Lessons/5.1.5. Linearity of Laplace Transforms.md,vault/MA/Mathematical-Analysis-&-Modeling/DEQ/5. Laplace Transforms/5.1. Laplace Transforms/Source/5.1.5. Linearity of Laplace Transforms
2538,Laplace Transforms of Derivatives,74,DEQ,DEQ.5.1.8,vault/MA/Mathematical-Analysis-&-Modeling/DEQ/5. Laplace Transforms/5.1. Laplace Transforms/Lessons/5.1.8. Laplace Transforms of Derivatives.md,vault/MA/Mathematical-Analysis-&-Modeling/DEQ/5. Laplace Transforms/5.1. Laplace Transforms/Source/5.1.8. Laplace Transforms of Derivatives
2547,Linear Independence of Solutions to Homogeneous ODEs,74,DEQ,DEQ.3.1.6,vault/MA/Mathematical-Analysis-&-Modeling/DEQ/3. Linear Differential Equations/3.1. Theory of Solutions to Linear ODEs/Lessons/3.1.6. Linear Independence of Solutions to Homogeneous ODEs.md,vault/MA/Mathematical-Analysis-&-Modeling/DEQ/3. Linear Differential Equations/3.1. Theory of Solutions to Linear ODEs/Source/3.1.6. Linear Independence of Solutions to Homogeneous ODEs
2549,The Superposition Principle,74,DEQ,DEQ.3.1.4,vault/MA/Mathematical-Analysis-&-Modeling/DEQ/3. Linear Differential Equations/3.1. Theory of Solutions to Linear ODEs/Lessons/3.1.4. The Superposition Principle.md,vault/MA/Mathematical-Analysis-&-Modeling/DEQ/3. Linear Differential Equations/3.1. Theory of Solutions to Linear ODEs/Source/3.1.4. The Superposition Principle
2759,Dimension in Abstract Vector Spaces,74,LAL,LAL.3.5.7,vault/MA/Mathematical-Analysis-&-Modeling/LAL/3. Vector Spaces/3.5. Abstract Vector Spaces/Lessons/3.5.7. Dimension in Abstract Vector Spaces.md,vault/MA/Mathematical-Analysis-&-Modeling/LAL/3. Vector Spaces/3.5. Abstract Vector Spaces/Source/3.5.7. Dimension in Abstract Vector Spaces
2980,The Sample Mean,74,PAS,PAS.6.1.1,"vault/MA/Mathematical-Analysis-&-Modeling/PAS/6. Parametric Inference/6.1. Mean, Variance, and Proportion/Lessons/6.1.1. The Sample Mean.md","vault/MA/Mathematical-Analysis-&-Modeling/PAS/6. Parametric Inference/6.1. Mean, Variance, and Proportion/Source/6.1.1. The Sample Mean"
2987,Moments of Continuous Random Variables,74,PAS,PAS.2.1.6,vault/MA/Mathematical-Analysis-&-Modeling/PAS/2. Expectation/2.1. Expectation of Random Variables/Lessons/2.1.6. Moments of Continuous Random Variables.md,vault/MA/Mathematical-Analysis-&-Modeling/PAS/2. Expectation/2.1. Expectation of Random Variables/Source/2.1.6. Moments of Continuous Random Variables
3003,Conditional Distributions for Discrete Random Variables,74,PAS,PAS.5.1.5,vault/MA/Mathematical-Analysis-&-Modeling/PAS/5. Combining Random Variables/5.1. Distributions of Two Discrete Random Variables/Lessons/5.1.5. Conditional Distributions for Discrete Random Variables.md,vault/MA/Mathematical-Analysis-&-Modeling/PAS/5. Combining Random Variables/5.1. Distributions of Two Discrete Random Variables/Source/5.1.5. Conditional Distributions for Discrete Random Variables
3024,"Median, Quartiles and Percentiles of Continuous Random Variables",74,PAS,PAS.1.3.5,"vault/MA/Mathematical-Analysis-&-Modeling/PAS/1. Probability & Random Variables/1.3. Random Variables/Lessons/1.3.5. Median, Quartiles and Percentiles of Continuous Random Variables.md","vault/MA/Mathematical-Analysis-&-Modeling/PAS/1. Probability & Random Variables/1.3. Random Variables/Source/1.3.5. Median, Quartiles and Percentiles of Continuous Random Variables"
3055,The Distribution Function Method,74,PAS,PAS.1.4.3,vault/MA/Mathematical-Analysis-&-Modeling/PAS/1. Probability & Random Variables/1.4. Functions of Random Variables/Lessons/1.4.3. The Distribution Function Method.md,vault/MA/Mathematical-Analysis-&-Modeling/PAS/1. Probability & Random Variables/1.4. Functions of Random Variables/Source/1.4.3. The Distribution Function Method
3176,Binormal Vectors,74,MVC,MVC.1.1.10,vault/MA/Mathematical-Analysis-&-Modeling/MVC/1. Vector Functions and Vector Fields/1.1. Vector-Valued Functions/Lessons/1.1.10. Binormal Vectors.md,vault/MA/Mathematical-Analysis-&-Modeling/MVC/1. Vector Functions and Vector Fields/1.1. Vector-Valued Functions/Source/1.1.10. Binormal Vectors
3184,Equilibrium Solutions of First-Order ODEs,74,DEQ,DEQ.1.4.2,vault/MA/Mathematical-Analysis-&-Modeling/DEQ/1. First-Order Differential Equations/1.4. Qualitative Techniques for Differential Equations/Lessons/1.4.2. Equilibrium Solutions of First-Order ODEs.md,vault/MA/Mathematical-Analysis-&-Modeling/DEQ/1. First-Order Differential Equations/1.4. Qualitative Techniques for Differential Equations/Source/1.4.2. Equilibrium Solutions of First-Order ODEs
3186,Expressing Homogeneous ODEs as First-Order Systems,74,DEQ,DEQ.4.1.2,vault/MA/Mathematical-Analysis-&-Modeling/DEQ/4. Systems of Differential Equations/4.1. Systems of ODEs/Lessons/4.1.2. Expressing Homogeneous ODEs as First-Order Systems.md,vault/MA/Mathematical-Analysis-&-Modeling/DEQ/4. Systems of Differential Equations/4.1. Systems of ODEs/Source/4.1.2. Expressing Homogeneous ODEs as First-Order Systems
3219,Analyzing Slope Fields for Directly Integrable Differential Equations,74,DEQ,DEQ.1.3.4,vault/MA/Mathematical-Analysis-&-Modeling/DEQ/1. First-Order Differential Equations/1.3. Slope Fields/Lessons/1.3.4. Analyzing Slope Fields for Directly Integrable Differential Equations.md,vault/MA/Mathematical-Analysis-&-Modeling/DEQ/1. First-Order Differential Equations/1.3. Slope Fields/Source/1.3.4. Analyzing Slope Fields for Directly Integrable Differential Equations
3235,Velocity and Acceleration as Functions of Displacement,74,MVC;DEQ,MVC.6.1.1;DEQ.2.3.1,vault/MA/Mathematical-Analysis-&-Modeling/MVC/6. Applications of Multivariable Calculus/6.1. Vector Mechanics/Lessons/6.1.1. Velocity and Acceleration as Functions of Displacement.md;vault/MA/Mathematical-Analysis-&-Modeling/DEQ/2. Modeling With First-Order Differential Equations/2.3. Physical Applications of First-Order ODEs/Lessons/2.3.1. Velocity and Acceleration as Functions of Displacement.md,vault/MA/Mathematical-Analysis-&-Modeling/MVC/6. Applications of Multivariable Calculus/6.1. Vector Mechanics/Source/6.1.1. Velocity and Acceleration as Functions of Displacement;vault/MA/Mathematical-Analysis-&-Modeling/DEQ/2. Modeling With First-Order Differential Equations/2.3. Physical Applications of First-Order ODEs/Source/2.3.1. Velocity and Acceleration as Functions of Displacement
3269,Modeling With Discrete Uniform Distributions,74,PAS,PAS.3.1.3,vault/MA/Mathematical-Analysis-&-Modeling/PAS/3. Discrete Probability Distributions/3.1. The Discrete Uniform Distribution/Lessons/3.1.3. Modeling With Discrete Uniform Distributions.md,vault/MA/Mathematical-Analysis-&-Modeling/PAS/3. Discrete Probability Distributions/3.1. The Discrete Uniform Distribution/Source/3.1.3. Modeling With Discrete Uniform Distributions
3340,Applying Newton's Second Law in the Plane,74,MVC,MVC.6.1.5,vault/MA/Mathematical-Analysis-&-Modeling/MVC/6. Applications of Multivariable Calculus/6.1. Vector Mechanics/Lessons/6.1.5. Applying Newton's Second Law in the Plane.md,vault/MA/Mathematical-Analysis-&-Modeling/MVC/6. Applications of Multivariable Calculus/6.1. Vector Mechanics/Source/6.1.5. Applying Newton's Second Law in the Plane
3351,Slope Fields for Autonomous Differential Equations,74,DEQ,DEQ.1.3.2,vault/MA/Mathematical-Analysis-&-Modeling/DEQ/1. First-Order Differential Equations/1.3. Slope Fields/Lessons/1.3.2. Slope Fields for Autonomous Differential Equations.md,vault/MA/Mathematical-Analysis-&-Modeling/DEQ/1. First-Order Differential Equations/1.3. Slope Fields/Source/1.3.2. Slope Fields for Autonomous Differential Equations
3373,Tangent Planes to Parametric Surfaces,74,MVC,MVC.5.1.2,vault/MA/Mathematical-Analysis-&-Modeling/MVC/5. Surface Integrals/5.1. Parametric Surfaces/Lessons/5.1.2. Tangent Planes to Parametric Surfaces.md,vault/MA/Mathematical-Analysis-&-Modeling/MVC/5. Surface Integrals/5.1. Parametric Surfaces/Source/5.1.2. Tangent Planes to Parametric Surfaces
3628,Further Solving First-Order ODEs by Substitution,74,DEQ,DEQ.1.1.9,vault/MA/Mathematical-Analysis-&-Modeling/DEQ/1. First-Order Differential Equations/1.1. Techniques for Solving First-Order ODEs/Lessons/1.1.9. Further Solving First-Order ODEs by Substitution.md,vault/MA/Mathematical-Analysis-&-Modeling/DEQ/1. First-Order Differential Equations/1.1. Techniques for Solving First-Order ODEs/Source/1.1.9. Further Solving First-Order ODEs by Substitution
3668,Euler's Method: Calculating Multiple Steps,74,DEQ,DEQ.7.2.2,vault/MA/Mathematical-Analysis-&-Modeling/DEQ/7. Approximating Solutions to Differential Equations/7.2. Euler's Method/Lessons/7.2.2. Euler's Method- Calculating Multiple Steps.md,vault/MA/Mathematical-Analysis-&-Modeling/DEQ/7. Approximating Solutions to Differential Equations/7.2. Euler's Method/Source/7.2.2. Euler's Method- Calculating Multiple Steps
3867,Simulating Random Observations,74,PAS,PAS.1.3.8,vault/MA/Mathematical-Analysis-&-Modeling/PAS/1. Probability & Random Variables/1.3. Random Variables/Lessons/1.3.8. Simulating Random Observations.md,vault/MA/Mathematical-Analysis-&-Modeling/PAS/1. Probability & Random Variables/1.3. Random Variables/Source/1.3.8. Simulating Random Observations
4149,The Inverse Function Theorem,74,MVC,MVC.2.7.2,vault/MA/Mathematical-Analysis-&-Modeling/MVC/2. Multivariable Functions/2.7. Differentiation/Lessons/2.7.2. The Inverse Function Theorem.md,vault/MA/Mathematical-Analysis-&-Modeling/MVC/2. Multivariable Functions/2.7. Differentiation/Source/2.7.2. The Inverse Function Theorem
5379,Newton's Method for Multivariable Functions,74,MVC,MVC.2.8.7,vault/MA/Mathematical-Analysis-&-Modeling/MVC/2. Multivariable Functions/2.8. Optimization/Lessons/2.8.7. Newton's Method for Multivariable Functions.md,vault/MA/Mathematical-Analysis-&-Modeling/MVC/2. Multivariable Functions/2.8. Optimization/Source/2.8.7. Newton's Method for Multivariable Functions
5394,The Multinomial Distribution,74,PAS,PAS.5.1.7,vault/MA/Mathematical-Analysis-&-Modeling/PAS/5. Combining Random Variables/5.1. Distributions of Two Discrete Random Variables/Lessons/5.1.7. The Multinomial Distribution.md,vault/MA/Mathematical-Analysis-&-Modeling/PAS/5. Combining Random Variables/5.1. Distributions of Two Discrete Random Variables/Source/5.1.7. The Multinomial Distribution
6355,Clairaut Differential Equations,74,DEQ,DEQ.1.2.7,vault/MA/Mathematical-Analysis-&-Modeling/DEQ/1. First-Order Differential Equations/1.2. Special First-Order Equations/Lessons/1.2.7. Clairaut Differential Equations.md,vault/MA/Mathematical-Analysis-&-Modeling/DEQ/1. First-Order Differential Equations/1.2. Special First-Order Equations/Source/1.2.7. Clairaut Differential Equations
6678,General Solutions of First-Order Linear ODEs,74,DEQ,DEQ.1.1.4,vault/MA/Mathematical-Analysis-&-Modeling/DEQ/1. First-Order Differential Equations/1.1. Techniques for Solving First-Order ODEs/Lessons/1.1.4. General Solutions of First-Order Linear ODEs.md,vault/MA/Mathematical-Analysis-&-Modeling/DEQ/1. First-Order Differential Equations/1.1. Techniques for Solving First-Order ODEs/Source/1.1.4. General Solutions of First-Order Linear ODEs
6682,Differentiating Under the Integral Sign,74,MVC,MVC.2.3.9,vault/MA/Mathematical-Analysis-&-Modeling/MVC/2. Multivariable Functions/2.3. Partial Derivatives/Lessons/2.3.9. Differentiating Under the Integral Sign.md,vault/MA/Mathematical-Analysis-&-Modeling/MVC/2. Multivariable Functions/2.3. Partial Derivatives/Source/2.3.9. Differentiating Under the Integral Sign
6717,Laplace Transforms of Piecewise Continuous Functions,74,DEQ,DEQ.5.1.6,vault/MA/Mathematical-Analysis-&-Modeling/DEQ/5. Laplace Transforms/5.1. Laplace Transforms/Lessons/5.1.6. Laplace Transforms of Piecewise Continuous Functions.md,vault/MA/Mathematical-Analysis-&-Modeling/DEQ/5. Laplace Transforms/5.1. Laplace Transforms/Source/5.1.6. Laplace Transforms of Piecewise Continuous Functions
990,Calculating the Eigenvalues of a 2x2 Matrix,75,LAL,LAL.5.1.2,vault/MA/Mathematical-Analysis-&-Modeling/LAL/5. Diagonalization of Matrices/5.1. Eigenvectors and Eigenvalues/Lessons/5.1.2. Calculating the Eigenvalues of a 2x2 Matrix.md,vault/MA/Mathematical-Analysis-&-Modeling/LAL/5. Diagonalization of Matrices/5.1. Eigenvectors and Eigenvalues/Source/5.1.2. Calculating the Eigenvalues of a 2x2 Matrix
1163,Logistic Growth Models With First-Order ODEs,75,DEQ,DEQ.2.2.6,vault/MA/Mathematical-Analysis-&-Modeling/DEQ/2. Modeling With First-Order Differential Equations/2.2. Growth and Decay Models With First-Order ODEs/Lessons/2.2.6. Logistic Growth Models With First-Order ODEs.md,vault/MA/Mathematical-Analysis-&-Modeling/DEQ/2. Modeling With First-Order Differential Equations/2.2. Growth and Decay Models With First-Order ODEs/Source/2.2.6. Logistic Growth Models With First-Order ODEs
1712,Falling Body Problems With Linear Drag,75,DEQ,DEQ.2.3.3,vault/MA/Mathematical-Analysis-&-Modeling/DEQ/2. Modeling With First-Order Differential Equations/2.3. Physical Applications of First-Order ODEs/Lessons/2.3.3. Falling Body Problems With Linear Drag.md,vault/MA/Mathematical-Analysis-&-Modeling/DEQ/2. Modeling With First-Order Differential Equations/2.3. Physical Applications of First-Order ODEs/Source/2.3.3. Falling Body Problems With Linear Drag
1790,Areas of Parametric Surfaces,75,MVC,MVC.5.2.4,vault/MA/Mathematical-Analysis-&-Modeling/MVC/5. Surface Integrals/5.2. Surface Area/Lessons/5.2.4. Areas of Parametric Surfaces.md,vault/MA/Mathematical-Analysis-&-Modeling/MVC/5. Surface Integrals/5.2. Surface Area/Source/5.2.4. Areas of Parametric Surfaces
1796,The Osculating Plane,75,MVC,MVC.1.1.11,vault/MA/Mathematical-Analysis-&-Modeling/MVC/1. Vector Functions and Vector Fields/1.1. Vector-Valued Functions/Lessons/1.1.11. The Osculating Plane.md,vault/MA/Mathematical-Analysis-&-Modeling/MVC/1. Vector Functions and Vector Fields/1.1. Vector-Valued Functions/Source/1.1.11. The Osculating Plane
1838,Parameterization by Arc Length,75,MVC,MVC.1.1.12,vault/MA/Mathematical-Analysis-&-Modeling/MVC/1. Vector Functions and Vector Fields/1.1. Vector-Valued Functions/Lessons/1.1.12. Parameterization by Arc Length.md,vault/MA/Mathematical-Analysis-&-Modeling/MVC/1. Vector Functions and Vector Fields/1.1. Vector-Valued Functions/Source/1.1.12. Parameterization by Arc Length
1924,Inhibited Growth Models With First-Order ODEs,75,DEQ,DEQ.2.2.4,vault/MA/Mathematical-Analysis-&-Modeling/DEQ/2. Modeling With First-Order Differential Equations/2.2. Growth and Decay Models With First-Order ODEs/Lessons/2.2.4. Inhibited Growth Models With First-Order ODEs.md,vault/MA/Mathematical-Analysis-&-Modeling/DEQ/2. Modeling With First-Order Differential Equations/2.2. Growth and Decay Models With First-Order ODEs/Source/2.2.4. Inhibited Growth Models With First-Order ODEs
1933,Higher-Order Partial Derivatives,75,MVC,MVC.2.3.5,vault/MA/Mathematical-Analysis-&-Modeling/MVC/2. Multivariable Functions/2.3. Partial Derivatives/Lessons/2.3.5. Higher-Order Partial Derivatives.md,vault/MA/Mathematical-Analysis-&-Modeling/MVC/2. Multivariable Functions/2.3. Partial Derivatives/Source/2.3.5. Higher-Order Partial Derivatives
1936,The Multivariable Chain Rule in Vector Form,75,MVC,MVC.2.5.3,vault/MA/Mathematical-Analysis-&-Modeling/MVC/2. Multivariable Functions/2.5. The Multivariable Chain Rule/Lessons/2.5.3. The Multivariable Chain Rule in Vector Form.md,vault/MA/Mathematical-Analysis-&-Modeling/MVC/2. Multivariable Functions/2.5. The Multivariable Chain Rule/Source/2.5.3. The Multivariable Chain Rule in Vector Form
1937,Linearization of Multivariable Functions,75,MVC,MVC.2.3.8,vault/MA/Mathematical-Analysis-&-Modeling/MVC/2. Multivariable Functions/2.3. Partial Derivatives/Lessons/2.3.8. Linearization of Multivariable Functions.md,vault/MA/Mathematical-Analysis-&-Modeling/MVC/2. Multivariable Functions/2.3. Partial Derivatives/Source/2.3.8. Linearization of Multivariable Functions
1938,Directional Derivatives,75,MVC,MVC.2.4.5,vault/MA/Mathematical-Analysis-&-Modeling/MVC/2. Multivariable Functions/2.4. The Gradient Vector/Lessons/2.4.5. Directional Derivatives.md,vault/MA/Mathematical-Analysis-&-Modeling/MVC/2. Multivariable Functions/2.4. The Gradient Vector/Source/2.4.5. Directional Derivatives
1939,The Gradient as a Normal Vector,75,MVC,MVC.2.4.2,vault/MA/Mathematical-Analysis-&-Modeling/MVC/2. Multivariable Functions/2.4. The Gradient Vector/Lessons/2.4.2. The Gradient as a Normal Vector.md,vault/MA/Mathematical-Analysis-&-Modeling/MVC/2. Multivariable Functions/2.4. The Gradient Vector/Source/2.4.2. The Gradient as a Normal Vector
1941,The Multivariable Mean-Value Theorem,75,MVC,MVC.2.4.6,vault/MA/Mathematical-Analysis-&-Modeling/MVC/2. Multivariable Functions/2.4. The Gradient Vector/Lessons/2.4.6. The Multivariable Mean-Value Theorem.md,vault/MA/Mathematical-Analysis-&-Modeling/MVC/2. Multivariable Functions/2.4. The Gradient Vector/Source/2.4.6. The Multivariable Mean-Value Theorem
1962,The Invertible Matrix Theorem in Terms of Linear Transformations,75,LAL,LAL.4.1.5,vault/MA/Mathematical-Analysis-&-Modeling/LAL/4. Linear Transformations/4.1. Linear Transformations/Lessons/4.1.5. The Invertible Matrix Theorem in Terms of Linear Transformations.md,vault/MA/Mathematical-Analysis-&-Modeling/LAL/4. Linear Transformations/4.1. Linear Transformations/Source/4.1.5. The Invertible Matrix Theorem in Terms of Linear Transformations
2058,The Jacobian of a Three-Dimensional Transformation,75,MVC,MVC.2.7.3,vault/MA/Mathematical-Analysis-&-Modeling/MVC/2. Multivariable Functions/2.7. Differentiation/Lessons/2.7.3. The Jacobian of a Three-Dimensional Transformation.md,vault/MA/Mathematical-Analysis-&-Modeling/MVC/2. Multivariable Functions/2.7. Differentiation/Source/2.7.3. The Jacobian of a Three-Dimensional Transformation
2104,Orthogonal Sets in Inner Product Spaces,75,LAL,LAL.6.2.7,vault/MA/Mathematical-Analysis-&-Modeling/LAL/6. Projections/6.2. Orthogonality/Lessons/6.2.7. Orthogonal Sets in Inner Product Spaces.md,vault/MA/Mathematical-Analysis-&-Modeling/LAL/6. Projections/6.2. Orthogonality/Source/6.2.7. Orthogonal Sets in Inner Product Spaces
2107,Line Integrals of Scalar Functions,75,MVC,MVC.4.1.2,vault/MA/Mathematical-Analysis-&-Modeling/MVC/4. Line Integrals/4.1. Line Integrals of Scalar Functions/Lessons/4.1.2. Line Integrals of Scalar Functions.md,vault/MA/Mathematical-Analysis-&-Modeling/MVC/4. Line Integrals/4.1. Line Integrals of Scalar Functions/Source/4.1.2. Line Integrals of Scalar Functions
2124,Projecting Vectors Onto Subspaces in Euclidean Spaces (Arbitrary Bases),75,LAL,LAL.6.3.4,vault/MA/Mathematical-Analysis-&-Modeling/LAL/6. Projections/6.3. Orthogonal Projections/Lessons/6.3.4. Projecting Vectors Onto Subspaces in Euclidean Spaces (Arbitrary Bases).md,vault/MA/Mathematical-Analysis-&-Modeling/LAL/6. Projections/6.3. Orthogonal Projections/Source/6.3.4. Projecting Vectors Onto Subspaces in Euclidean Spaces (Arbitrary Bases)
2126,Projecting Vectors Onto Subspaces in Inner Product Spaces,75,LAL,LAL.6.3.7,vault/MA/Mathematical-Analysis-&-Modeling/LAL/6. Projections/6.3. Orthogonal Projections/Lessons/6.3.7. Projecting Vectors Onto Subspaces in Inner Product Spaces.md,vault/MA/Mathematical-Analysis-&-Modeling/LAL/6. Projections/6.3. Orthogonal Projections/Source/6.3.7. Projecting Vectors Onto Subspaces in Inner Product Spaces
2128,The Gram-Schmidt Process in the General Case,75,LAL,LAL.6.4.2,vault/MA/Mathematical-Analysis-&-Modeling/LAL/6. Projections/6.4. Orthogonalization Processes/Lessons/6.4.2. The Gram-Schmidt Process in the General Case.md,vault/MA/Mathematical-Analysis-&-Modeling/LAL/6. Projections/6.4. Orthogonalization Processes/Source/6.4.2. The Gram-Schmidt Process in the General Case
2152,Double Integrals Over Type II Regions,75,MVC,MVC.3.2.6,vault/MA/Mathematical-Analysis-&-Modeling/MVC/3. Multiple Integrals/3.2. Double Integrals/Lessons/3.2.6. Double Integrals Over Type II Regions.md,vault/MA/Mathematical-Analysis-&-Modeling/MVC/3. Multiple Integrals/3.2. Double Integrals/Source/3.2.6. Double Integrals Over Type II Regions
2522,Bernoulli Differential Equations,75,DEQ,DEQ.1.2.5,vault/MA/Mathematical-Analysis-&-Modeling/DEQ/1. First-Order Differential Equations/1.2. Special First-Order Equations/Lessons/1.2.5. Bernoulli Differential Equations.md,vault/MA/Mathematical-Analysis-&-Modeling/DEQ/1. First-Order Differential Equations/1.2. Special First-Order Equations/Source/1.2.5. Bernoulli Differential Equations
2740,General Solutions of Linear ODEs,75,DEQ,DEQ.3.1.7,vault/MA/Mathematical-Analysis-&-Modeling/DEQ/3. Linear Differential Equations/3.1. Theory of Solutions to Linear ODEs/Lessons/3.1.7. General Solutions of Linear ODEs.md,vault/MA/Mathematical-Analysis-&-Modeling/DEQ/3. Linear Differential Equations/3.1. Theory of Solutions to Linear ODEs/Source/3.1.7. General Solutions of Linear ODEs
2832,Nonlinear Transformations of Plane Regions,75,MVC,MVC.2.6.4,vault/MA/Mathematical-Analysis-&-Modeling/MVC/2. Multivariable Functions/2.6. Plane Transformations/Lessons/2.6.4. Nonlinear Transformations of Plane Regions.md,vault/MA/Mathematical-Analysis-&-Modeling/MVC/2. Multivariable Functions/2.6. Plane Transformations/Source/2.6.4. Nonlinear Transformations of Plane Regions
2839,Modeling With the Geometric Distribution,75,PAS,PAS.3.5.2,vault/MA/Mathematical-Analysis-&-Modeling/PAS/3. Discrete Probability Distributions/3.5. The Geometric Distribution/Lessons/3.5.2. Modeling With the Geometric Distribution.md,vault/MA/Mathematical-Analysis-&-Modeling/PAS/3. Discrete Probability Distributions/3.5. The Geometric Distribution/Source/3.5.2. Modeling With the Geometric Distribution
3028,Properties of Variance for Discrete Random Variables,75,PAS,PAS.2.1.5,vault/MA/Mathematical-Analysis-&-Modeling/PAS/2. Expectation/2.1. Expectation of Random Variables/Lessons/2.1.5. Properties of Variance for Discrete Random Variables.md,vault/MA/Mathematical-Analysis-&-Modeling/PAS/2. Expectation/2.1. Expectation of Random Variables/Source/2.1.5. Properties of Variance for Discrete Random Variables
3053,Conditional Expectation for Discrete Random Variables,75,PAS,PAS.5.4.4,vault/MA/Mathematical-Analysis-&-Modeling/PAS/5. Combining Random Variables/5.4. Expectation for Multivariate Distributions/Lessons/5.4.4. Conditional Expectation for Discrete Random Variables.md,vault/MA/Mathematical-Analysis-&-Modeling/PAS/5. Combining Random Variables/5.4. Expectation for Multivariate Distributions/Source/5.4.4. Conditional Expectation for Discrete Random Variables
3056,The Change-of-Variables Method for Continuous Random Variables,75,PAS,PAS.1.4.4,vault/MA/Mathematical-Analysis-&-Modeling/PAS/1. Probability & Random Variables/1.4. Functions of Random Variables/Lessons/1.4.4. The Change-of-Variables Method for Continuous Random Variables.md,vault/MA/Mathematical-Analysis-&-Modeling/PAS/1. Probability & Random Variables/1.4. Functions of Random Variables/Source/1.4.4. The Change-of-Variables Method for Continuous Random Variables
3071,The Bernoulli Distribution,75,PAS,PAS.3.2.1,vault/MA/Mathematical-Analysis-&-Modeling/PAS/3. Discrete Probability Distributions/3.2. The Bernoulli Distribution/Lessons/3.2.1. The Bernoulli Distribution.md,vault/MA/Mathematical-Analysis-&-Modeling/PAS/3. Discrete Probability Distributions/3.2. The Bernoulli Distribution/Source/3.2.1. The Bernoulli Distribution
3074,The Exponential Distribution,75,PAS,PAS.4.3.1,vault/MA/Mathematical-Analysis-&-Modeling/PAS/4. Continuous Probability Distributions/4.3. The Exponential Distribution/Lessons/4.3.1. The Exponential Distribution.md,vault/MA/Mathematical-Analysis-&-Modeling/PAS/4. Continuous Probability Distributions/4.3. The Exponential Distribution/Source/4.3.1. The Exponential Distribution
3220,Analyzing Slope Fields for Autonomous Differential Equations,75,DEQ,DEQ.1.3.5,vault/MA/Mathematical-Analysis-&-Modeling/DEQ/1. First-Order Differential Equations/1.3. Slope Fields/Lessons/1.3.5. Analyzing Slope Fields for Autonomous Differential Equations.md,vault/MA/Mathematical-Analysis-&-Modeling/DEQ/1. First-Order Differential Equations/1.3. Slope Fields/Source/1.3.5. Analyzing Slope Fields for Autonomous Differential Equations
3245,Euler's Method for Systems of ODEs,75,DEQ,DEQ.7.2.4,vault/MA/Mathematical-Analysis-&-Modeling/DEQ/7. Approximating Solutions to Differential Equations/7.2. Euler's Method/Lessons/7.2.4. Euler's Method for Systems of ODEs.md,vault/MA/Mathematical-Analysis-&-Modeling/DEQ/7. Approximating Solutions to Differential Equations/7.2. Euler's Method/Source/7.2.4. Euler's Method for Systems of ODEs
3246,Error in Numerical Methods,75,DEQ,DEQ.7.5.2,vault/MA/Mathematical-Analysis-&-Modeling/DEQ/7. Approximating Solutions to Differential Equations/7.5. Analyzing Numerical Methods/Lessons/7.5.2. Error in Numerical Methods.md,vault/MA/Mathematical-Analysis-&-Modeling/DEQ/7. Approximating Solutions to Differential Equations/7.5. Analyzing Numerical Methods/Source/7.5.2. Error in Numerical Methods
3247,The Modified Euler Method,75,DEQ,DEQ.7.2.3,vault/MA/Mathematical-Analysis-&-Modeling/DEQ/7. Approximating Solutions to Differential Equations/7.2. Euler's Method/Lessons/7.2.3. The Modified Euler Method.md,vault/MA/Mathematical-Analysis-&-Modeling/DEQ/7. Approximating Solutions to Differential Equations/7.2. Euler's Method/Source/7.2.3. The Modified Euler Method
3248,The RK4 Method,75,DEQ,DEQ.7.3.1,vault/MA/Mathematical-Analysis-&-Modeling/DEQ/7. Approximating Solutions to Differential Equations/7.3. Higher-Order Numerical Methods/Lessons/7.3.1. The RK4 Method.md,vault/MA/Mathematical-Analysis-&-Modeling/DEQ/7. Approximating Solutions to Differential Equations/7.3. Higher-Order Numerical Methods/Source/7.3.1. The RK4 Method
3344,Visualizing Vector Fields,75,MVC,MVC.1.3.2,vault/MA/Mathematical-Analysis-&-Modeling/MVC/1. Vector Functions and Vector Fields/1.3. Vector Fields/Lessons/1.3.2. Visualizing Vector Fields.md,vault/MA/Mathematical-Analysis-&-Modeling/MVC/1. Vector Functions and Vector Fields/1.3. Vector Fields/Source/1.3.2. Visualizing Vector Fields
3352,Slope Fields for Nonautonomous Differential Equations,75,DEQ,DEQ.1.3.3,vault/MA/Mathematical-Analysis-&-Modeling/DEQ/1. First-Order Differential Equations/1.3. Slope Fields/Lessons/1.3.3. Slope Fields for Nonautonomous Differential Equations.md,vault/MA/Mathematical-Analysis-&-Modeling/DEQ/1. First-Order Differential Equations/1.3. Slope Fields/Source/1.3.3. Slope Fields for Nonautonomous Differential Equations
3401,Moment-Generating Functions,75,PAS,PAS.2.2.1,vault/MA/Mathematical-Analysis-&-Modeling/PAS/2. Expectation/2.2. Moment-Generating Functions/Lessons/2.2.1. Moment-Generating Functions.md,vault/MA/Mathematical-Analysis-&-Modeling/PAS/2. Expectation/2.2. Moment-Generating Functions/Source/2.2.1. Moment-Generating Functions
3402,Mean and Variance of the Discrete Uniform Distribution,75,PAS,PAS.3.1.2,vault/MA/Mathematical-Analysis-&-Modeling/PAS/3. Discrete Probability Distributions/3.1. The Discrete Uniform Distribution/Lessons/3.1.2. Mean and Variance of the Discrete Uniform Distribution.md,vault/MA/Mathematical-Analysis-&-Modeling/PAS/3. Discrete Probability Distributions/3.1. The Discrete Uniform Distribution/Source/3.1.2. Mean and Variance of the Discrete Uniform Distribution
3635,Expressing Inhomogeneous ODEs as First-Order Systems,75,DEQ,DEQ.4.1.3,vault/MA/Mathematical-Analysis-&-Modeling/DEQ/4. Systems of Differential Equations/4.1. Systems of ODEs/Lessons/4.1.3. Expressing Inhomogeneous ODEs as First-Order Systems.md,vault/MA/Mathematical-Analysis-&-Modeling/DEQ/4. Systems of Differential Equations/4.1. Systems of ODEs/Source/4.1.3. Expressing Inhomogeneous ODEs as First-Order Systems
3637,The Distribution Function Method With Many-to-One Transformations,75,PAS,PAS.1.4.5,vault/MA/Mathematical-Analysis-&-Modeling/PAS/1. Probability & Random Variables/1.4. Functions of Random Variables/Lessons/1.4.5. The Distribution Function Method With Many-to-One Transformations.md,vault/MA/Mathematical-Analysis-&-Modeling/PAS/1. Probability & Random Variables/1.4. Functions of Random Variables/Source/1.4.5. The Distribution Function Method With Many-to-One Transformations
3672,Exponential Growth and Decay Models With First-Order ODEs: Calculating Unknown Times and Initial Values,75,DEQ,DEQ.2.2.2,vault/MA/Mathematical-Analysis-&-Modeling/DEQ/2. Modeling With First-Order Differential Equations/2.2. Growth and Decay Models With First-Order ODEs/Lessons/2.2.2. Exponential Growth and Decay Models With First-Order ODEs- Calculating Unknown Times and Initial Values.md,vault/MA/Mathematical-Analysis-&-Modeling/DEQ/2. Modeling With First-Order Differential Equations/2.2. Growth and Decay Models With First-Order ODEs/Source/2.2.2. Exponential Growth and Decay Models With First-Order ODEs- Calculating Unknown Times and Initial Values
3687,The Work-Energy Principle,75,MVC,MVC.6.1.6,vault/MA/Mathematical-Analysis-&-Modeling/MVC/6. Applications of Multivariable Calculus/6.1. Vector Mechanics/Lessons/6.1.6. The Work-Energy Principle.md,vault/MA/Mathematical-Analysis-&-Modeling/MVC/6. Applications of Multivariable Calculus/6.1. Vector Mechanics/Source/6.1.6. The Work-Energy Principle
3693,Determining Properties of Objects Described as Functions of Displacement,75,MVC;DEQ,MVC.6.1.2;DEQ.2.3.2,vault/MA/Mathematical-Analysis-&-Modeling/MVC/6. Applications of Multivariable Calculus/6.1. Vector Mechanics/Lessons/6.1.2. Determining Properties of Objects Described as Functions of Displacement.md;vault/MA/Mathematical-Analysis-&-Modeling/DEQ/2. Modeling With First-Order Differential Equations/2.3. Physical Applications of First-Order ODEs/Lessons/2.3.2. Determining Properties of Objects Described as Functions of Displacement.md,vault/MA/Mathematical-Analysis-&-Modeling/MVC/6. Applications of Multivariable Calculus/6.1. Vector Mechanics/Source/6.1.2. Determining Properties of Objects Described as Functions of Displacement;vault/MA/Mathematical-Analysis-&-Modeling/DEQ/2. Modeling With First-Order Differential Equations/2.3. Physical Applications of First-Order ODEs/Source/2.3.2. Determining Properties of Objects Described as Functions of Displacement
3836,The Rank-Nullity Theorem,75,LAL,LAL.3.4.5,vault/MA/Mathematical-Analysis-&-Modeling/LAL/3. Vector Spaces/3.4. Dimension and Rank in N-Dimensional Space/Lessons/3.4.5. The Rank-Nullity Theorem.md,vault/MA/Mathematical-Analysis-&-Modeling/LAL/3. Vector Spaces/3.4. Dimension and Rank in N-Dimensional Space/Source/3.4.5. The Rank-Nullity Theorem
3864,Sampling Distributions,75,PAS,PAS.6.1.2,"vault/MA/Mathematical-Analysis-&-Modeling/PAS/6. Parametric Inference/6.1. Mean, Variance, and Proportion/Lessons/6.1.2. Sampling Distributions.md","vault/MA/Mathematical-Analysis-&-Modeling/PAS/6. Parametric Inference/6.1. Mean, Variance, and Proportion/Source/6.1.2. Sampling Distributions"
4420,Symmetry Properties of the Standard Normal Distribution,75,PAS,PAS.4.1.3,vault/MA/Mathematical-Analysis-&-Modeling/PAS/4. Continuous Probability Distributions/4.1. The Normal Distribution/Lessons/4.1.3. Symmetry Properties of the Standard Normal Distribution.md,vault/MA/Mathematical-Analysis-&-Modeling/PAS/4. Continuous Probability Distributions/4.1. The Normal Distribution/Source/4.1.3. Symmetry Properties of the Standard Normal Distribution
6367,Abel's Identity,75,DEQ,DEQ.3.1.8,vault/MA/Mathematical-Analysis-&-Modeling/DEQ/3. Linear Differential Equations/3.1. Theory of Solutions to Linear ODEs/Lessons/3.1.8. Abel's Identity.md,vault/MA/Mathematical-Analysis-&-Modeling/DEQ/3. Linear Differential Equations/3.1. Theory of Solutions to Linear ODEs/Source/3.1.8. Abel's Identity
6374,Linear Independence for Homogeneous Systems of ODEs,75,DEQ,DEQ.4.1.4,vault/MA/Mathematical-Analysis-&-Modeling/DEQ/4. Systems of Differential Equations/4.1. Systems of ODEs/Lessons/4.1.4. Linear Independence for Homogeneous Systems of ODEs.md,vault/MA/Mathematical-Analysis-&-Modeling/DEQ/4. Systems of Differential Equations/4.1. Systems of ODEs/Source/4.1.4. Linear Independence for Homogeneous Systems of ODEs
6396,The Implicit Euler Method,75,DEQ,DEQ.7.4.1,vault/MA/Mathematical-Analysis-&-Modeling/DEQ/7. Approximating Solutions to Differential Equations/7.4. Implicit Numerical Methods/Lessons/7.4.1. The Implicit Euler Method.md,vault/MA/Mathematical-Analysis-&-Modeling/DEQ/7. Approximating Solutions to Differential Equations/7.4. Implicit Numerical Methods/Source/7.4.1. The Implicit Euler Method
6402,The Smoothness Property of Laplace Transforms,75,DEQ,DEQ.5.1.7,vault/MA/Mathematical-Analysis-&-Modeling/DEQ/5. Laplace Transforms/5.1. Laplace Transforms/Lessons/5.1.7. The Smoothness Property of Laplace Transforms.md,vault/MA/Mathematical-Analysis-&-Modeling/DEQ/5. Laplace Transforms/5.1. Laplace Transforms/Source/5.1.7. The Smoothness Property of Laplace Transforms
6692,d'Alembert Differential Equations,75,DEQ,DEQ.1.2.8,vault/MA/Mathematical-Analysis-&-Modeling/DEQ/1. First-Order Differential Equations/1.2. Special First-Order Equations/Lessons/1.2.8. d'Alembert Differential Equations.md,vault/MA/Mathematical-Analysis-&-Modeling/DEQ/1. First-Order Differential Equations/1.2. Special First-Order Equations/Source/1.2.8. d'Alembert Differential Equations
6699,Modeling Escape Velocity With First-Order ODEs,75,DEQ,DEQ.2.3.6,vault/MA/Mathematical-Analysis-&-Modeling/DEQ/2. Modeling With First-Order Differential Equations/2.3. Physical Applications of First-Order ODEs/Lessons/2.3.6. Modeling Escape Velocity With First-Order ODEs.md,vault/MA/Mathematical-Analysis-&-Modeling/DEQ/2. Modeling With First-Order Differential Equations/2.3. Physical Applications of First-Order ODEs/Source/2.3.6. Modeling Escape Velocity With First-Order ODEs
6700,Modeling Mixture Problems With First-Order Linear ODEs,75,DEQ,DEQ.2.1.4,vault/MA/Mathematical-Analysis-&-Modeling/DEQ/2. Modeling With First-Order Differential Equations/2.1. Applications of First-Order ODEs/Lessons/2.1.4. Modeling Mixture Problems With First-Order Linear ODEs.md,vault/MA/Mathematical-Analysis-&-Modeling/DEQ/2. Modeling With First-Order Differential Equations/2.1. Applications of First-Order ODEs/Source/2.1.4. Modeling Mixture Problems With First-Order Linear ODEs
614,Second-Order Homogeneous ODEs: Characteristic Equations With Distinct Real Roots,76,DEQ,DEQ.3.2.1,vault/MA/Mathematical-Analysis-&-Modeling/DEQ/3. Linear Differential Equations/3.2. Second-Order Linear ODEs With Constant Coefficients/Lessons/3.2.1. Second-Order Homogeneous ODEs- Characteristic Equations With Distinct Real Roots.md,vault/MA/Mathematical-Analysis-&-Modeling/DEQ/3. Linear Differential Equations/3.2. Second-Order Linear ODEs With Constant Coefficients/Source/3.2.1. Second-Order Homogeneous ODEs- Characteristic Equations With Distinct Real Roots
649,Inhibited Decay Models With First-Order ODEs,76,DEQ,DEQ.2.2.5,vault/MA/Mathematical-Analysis-&-Modeling/DEQ/2. Modeling With First-Order Differential Equations/2.2. Growth and Decay Models With First-Order ODEs/Lessons/2.2.5. Inhibited Decay Models With First-Order ODEs.md,vault/MA/Mathematical-Analysis-&-Modeling/DEQ/2. Modeling With First-Order Differential Equations/2.2. Growth and Decay Models With First-Order ODEs/Source/2.2.5. Inhibited Decay Models With First-Order ODEs
991,Calculating the Eigenvectors of a 2x2 Matrix,76,LAL,LAL.5.1.3,vault/MA/Mathematical-Analysis-&-Modeling/LAL/5. Diagonalization of Matrices/5.1. Eigenvectors and Eigenvalues/Lessons/5.1.3. Calculating the Eigenvectors of a 2x2 Matrix.md,vault/MA/Mathematical-Analysis-&-Modeling/LAL/5. Diagonalization of Matrices/5.1. Eigenvectors and Eigenvalues/Source/5.1.3. Calculating the Eigenvectors of a 2x2 Matrix
1833,Introduction to Curvature,76,MVC,MVC.1.2.1,vault/MA/Mathematical-Analysis-&-Modeling/MVC/1. Vector Functions and Vector Fields/1.2. Curvature/Lessons/1.2.1. Introduction to Curvature.md,vault/MA/Mathematical-Analysis-&-Modeling/MVC/1. Vector Functions and Vector Fields/1.2. Curvature/Source/1.2.1. Introduction to Curvature
1843,The Normal Distribution,76,PAS,PAS.4.1.4,vault/MA/Mathematical-Analysis-&-Modeling/PAS/4. Continuous Probability Distributions/4.1. The Normal Distribution/Lessons/4.1.4. The Normal Distribution.md,vault/MA/Mathematical-Analysis-&-Modeling/PAS/4. Continuous Probability Distributions/4.1. The Normal Distribution/Source/4.1.4. The Normal Distribution
1910,Changing a Basis Using the Change-of-Coordinates Matrix,76,LAL,LAL.3.3.7,vault/MA/Mathematical-Analysis-&-Modeling/LAL/3. Vector Spaces/3.3. Bases of N-Dimensional Space/Lessons/3.3.7. Changing a Basis Using the Change-of-Coordinates Matrix.md,vault/MA/Mathematical-Analysis-&-Modeling/LAL/3. Vector Spaces/3.3. Bases of N-Dimensional Space/Source/3.3.7. Changing a Basis Using the Change-of-Coordinates Matrix
1940,Tangent Lines to Level Curves,76,MVC,MVC.2.4.3,vault/MA/Mathematical-Analysis-&-Modeling/MVC/2. Multivariable Functions/2.4. The Gradient Vector/Lessons/2.4.3. Tangent Lines to Level Curves.md,vault/MA/Mathematical-Analysis-&-Modeling/MVC/2. Multivariable Functions/2.4. The Gradient Vector/Source/2.4.3. Tangent Lines to Level Curves
1957,Equality of Mixed Partial Derivatives,76,MVC,MVC.2.3.6,vault/MA/Mathematical-Analysis-&-Modeling/MVC/2. Multivariable Functions/2.3. Partial Derivatives/Lessons/2.3.6. Equality of Mixed Partial Derivatives.md,vault/MA/Mathematical-Analysis-&-Modeling/MVC/2. Multivariable Functions/2.3. Partial Derivatives/Source/2.3.6. Equality of Mixed Partial Derivatives
1964,The Characteristic Equation of a Matrix,76,LAL,LAL.5.1.4,vault/MA/Mathematical-Analysis-&-Modeling/LAL/5. Diagonalization of Matrices/5.1. Eigenvectors and Eigenvalues/Lessons/5.1.4. The Characteristic Equation of a Matrix.md,vault/MA/Mathematical-Analysis-&-Modeling/LAL/5. Diagonalization of Matrices/5.1. Eigenvectors and Eigenvalues/Source/5.1.4. The Characteristic Equation of a Matrix
1996,Double Integrals Over Partitioned Regions,76,MVC,MVC.3.2.7,vault/MA/Mathematical-Analysis-&-Modeling/MVC/3. Multiple Integrals/3.2. Double Integrals/Lessons/3.2.7. Double Integrals Over Partitioned Regions.md,vault/MA/Mathematical-Analysis-&-Modeling/MVC/3. Multiple Integrals/3.2. Double Integrals/Source/3.2.7. Double Integrals Over Partitioned Regions
2108,Line Integrals of Vector-Valued Functions Over Parametric Curves,76,MVC,MVC.4.4.1,vault/MA/Mathematical-Analysis-&-Modeling/MVC/4. Line Integrals/4.4. Line Integrals of Vector-Valued Functions/Lessons/4.4.1. Line Integrals of Vector-Valued Functions Over Parametric Curves.md,vault/MA/Mathematical-Analysis-&-Modeling/MVC/4. Line Integrals/4.4. Line Integrals of Vector-Valued Functions/Source/4.4.1. Line Integrals of Vector-Valued Functions Over Parametric Curves
2131,The Divergence of a Vector Field,76,MVC,MVC.1.4.1,vault/MA/Mathematical-Analysis-&-Modeling/MVC/1. Vector Functions and Vector Fields/1.4. Divergence and Curl/Lessons/1.4.1. The Divergence of a Vector Field.md,vault/MA/Mathematical-Analysis-&-Modeling/MVC/1. Vector Functions and Vector Fields/1.4. Divergence and Curl/Source/1.4.1. The Divergence of a Vector Field
2132,The Curl of a Vector Field,76,MVC,MVC.1.4.3,vault/MA/Mathematical-Analysis-&-Modeling/MVC/1. Vector Functions and Vector Fields/1.4. Divergence and Curl/Lessons/1.4.3. The Curl of a Vector Field.md,vault/MA/Mathematical-Analysis-&-Modeling/MVC/1. Vector Functions and Vector Fields/1.4. Divergence and Curl/Source/1.4.3. The Curl of a Vector Field
2530,Inverse Laplace Transforms,76,DEQ,DEQ.5.1.12,vault/MA/Mathematical-Analysis-&-Modeling/DEQ/5. Laplace Transforms/5.1. Laplace Transforms/Lessons/5.1.12. Inverse Laplace Transforms.md,vault/MA/Mathematical-Analysis-&-Modeling/DEQ/5. Laplace Transforms/5.1. Laplace Transforms/Source/5.1.12. Inverse Laplace Transforms
2532,Phase Lines of First-Order ODEs,76,DEQ,DEQ.1.4.3,vault/MA/Mathematical-Analysis-&-Modeling/DEQ/1. First-Order Differential Equations/1.4. Qualitative Techniques for Differential Equations/Lessons/1.4.3. Phase Lines of First-Order ODEs.md,vault/MA/Mathematical-Analysis-&-Modeling/DEQ/1. First-Order Differential Equations/1.4. Qualitative Techniques for Differential Equations/Source/1.4.3. Phase Lines of First-Order ODEs
2635,Line Integrals of Scalar Functions Over Paths Expressed as Functions of X,76,MVC,MVC.4.1.4,vault/MA/Mathematical-Analysis-&-Modeling/MVC/4. Line Integrals/4.1. Line Integrals of Scalar Functions/Lessons/4.1.4. Line Integrals of Scalar Functions Over Paths Expressed as Functions of X.md,vault/MA/Mathematical-Analysis-&-Modeling/MVC/4. Line Integrals/4.1. Line Integrals of Scalar Functions/Source/4.1.4. Line Integrals of Scalar Functions Over Paths Expressed as Functions of X
2838,Modeling With the Poisson Distribution,76,PAS,PAS.3.4.2,vault/MA/Mathematical-Analysis-&-Modeling/PAS/3. Discrete Probability Distributions/3.4. The Poisson Distribution/Lessons/3.4.2. Modeling With the Poisson Distribution.md,vault/MA/Mathematical-Analysis-&-Modeling/PAS/3. Discrete Probability Distributions/3.4. The Poisson Distribution/Source/3.4.2. Modeling With the Poisson Distribution
2988,Variance of Continuous Random Variables,76,PAS,PAS.2.1.8,vault/MA/Mathematical-Analysis-&-Modeling/PAS/2. Expectation/2.1. Expectation of Random Variables/Lessons/2.1.8. Variance of Continuous Random Variables.md,vault/MA/Mathematical-Analysis-&-Modeling/PAS/2. Expectation/2.1. Expectation of Random Variables/Source/2.1.8. Variance of Continuous Random Variables
2992,Mean and Variance of the Geometric Distribution,76,PAS,PAS.3.5.3,vault/MA/Mathematical-Analysis-&-Modeling/PAS/3. Discrete Probability Distributions/3.5. The Geometric Distribution/Lessons/3.5.3. Mean and Variance of the Geometric Distribution.md,vault/MA/Mathematical-Analysis-&-Modeling/PAS/3. Discrete Probability Distributions/3.5. The Geometric Distribution/Source/3.5.3. Mean and Variance of the Geometric Distribution
2995,Introduction to Hypothesis Testing,76,PAS,PAS.8.1.1,vault/MA/Mathematical-Analysis-&-Modeling/PAS/8. Hypothesis Testing/8.1. One-Sample Procedures/Lessons/8.1.1. Introduction to Hypothesis Testing.md,vault/MA/Mathematical-Analysis-&-Modeling/PAS/8. Hypothesis Testing/8.1. One-Sample Procedures/Source/8.1.1. Introduction to Hypothesis Testing
3052,Joint Distributions for Continuous Random Variables,76,MVC;PAS,MVC.6.3.5;PAS.5.2.1,vault/MA/Mathematical-Analysis-&-Modeling/MVC/6. Applications of Multivariable Calculus/6.3. Random Variables/Lessons/6.3.5. Joint Distributions for Continuous Random Variables.md;vault/MA/Mathematical-Analysis-&-Modeling/PAS/5. Combining Random Variables/5.2. Distributions of Two Continuous Random Variables/Lessons/5.2.1. Joint Distributions for Continuous Random Variables.md,vault/MA/Mathematical-Analysis-&-Modeling/MVC/6. Applications of Multivariable Calculus/6.3. Random Variables/Source/6.3.5. Joint Distributions for Continuous Random Variables;vault/MA/Mathematical-Analysis-&-Modeling/PAS/5. Combining Random Variables/5.2. Distributions of Two Continuous Random Variables/Source/5.2.1. Joint Distributions for Continuous Random Variables
3062,Variance of Sums of Independent Random Variables,76,PAS,PAS.5.4.2,vault/MA/Mathematical-Analysis-&-Modeling/PAS/5. Combining Random Variables/5.4. Expectation for Multivariate Distributions/Lessons/5.4.2. Variance of Sums of Independent Random Variables.md,vault/MA/Mathematical-Analysis-&-Modeling/PAS/5. Combining Random Variables/5.4. Expectation for Multivariate Distributions/Source/5.4.2. Variance of Sums of Independent Random Variables
3118,Symmetric Matrices,76,LAL,LAL.7.1.1,vault/MA/Mathematical-Analysis-&-Modeling/LAL/7. Quadratic Forms/7.1. Diagonalization of Symmetric Matrices/Lessons/7.1.1. Symmetric Matrices.md,vault/MA/Mathematical-Analysis-&-Modeling/LAL/7. Quadratic Forms/7.1. Diagonalization of Symmetric Matrices/Source/7.1.1. Symmetric Matrices
3145,Properties of Line Integrals of Scalar Functions,76,MVC,MVC.4.1.3,vault/MA/Mathematical-Analysis-&-Modeling/MVC/4. Line Integrals/4.1. Line Integrals of Scalar Functions/Lessons/4.1.3. Properties of Line Integrals of Scalar Functions.md,vault/MA/Mathematical-Analysis-&-Modeling/MVC/4. Line Integrals/4.1. Line Integrals of Scalar Functions/Source/4.1.3. Properties of Line Integrals of Scalar Functions
3195,Introduction to Fourier Series,76,DEQ,DEQ.6.2.1,vault/MA/Mathematical-Analysis-&-Modeling/DEQ/6. Boundary Value Problems/6.2. Fourier Series/Lessons/6.2.1. Introduction to Fourier Series.md,vault/MA/Mathematical-Analysis-&-Modeling/DEQ/6. Boundary Value Problems/6.2. Fourier Series/Source/6.2.1. Introduction to Fourier Series
3214,Percentage Points of the Standard Normal Distribution,76,PAS,PAS.4.1.6,vault/MA/Mathematical-Analysis-&-Modeling/PAS/4. Continuous Probability Distributions/4.1. The Normal Distribution/Lessons/4.1.6. Percentage Points of the Standard Normal Distribution.md,vault/MA/Mathematical-Analysis-&-Modeling/PAS/4. Continuous Probability Distributions/4.1. The Normal Distribution/Source/4.1.6. Percentage Points of the Standard Normal Distribution
3237,General Solutions of First-Order Linear Systems of ODEs,76,DEQ,DEQ.4.1.5,vault/MA/Mathematical-Analysis-&-Modeling/DEQ/4. Systems of Differential Equations/4.1. Systems of ODEs/Lessons/4.1.5. General Solutions of First-Order Linear Systems of ODEs.md,vault/MA/Mathematical-Analysis-&-Modeling/DEQ/4. Systems of Differential Equations/4.1. Systems of ODEs/Source/4.1.5. General Solutions of First-Order Linear Systems of ODEs
3280,Mean and Variance of the Bernoulli Distribution,76,PAS,PAS.3.2.2,vault/MA/Mathematical-Analysis-&-Modeling/PAS/3. Discrete Probability Distributions/3.2. The Bernoulli Distribution/Lessons/3.2.2. Mean and Variance of the Bernoulli Distribution.md,vault/MA/Mathematical-Analysis-&-Modeling/PAS/3. Discrete Probability Distributions/3.2. The Bernoulli Distribution/Source/3.2.2. Mean and Variance of the Bernoulli Distribution
3285,Modeling With the Negative Binomial Distribution,76,PAS,PAS.3.6.2,vault/MA/Mathematical-Analysis-&-Modeling/PAS/3. Discrete Probability Distributions/3.6. The Negative Binomial Distribution/Lessons/3.6.2. Modeling With the Negative Binomial Distribution.md,vault/MA/Mathematical-Analysis-&-Modeling/PAS/3. Discrete Probability Distributions/3.6. The Negative Binomial Distribution/Source/3.6.2. Modeling With the Negative Binomial Distribution
3287,Calculating Moments Using Moment-Generating Functions,76,PAS,PAS.2.2.2,vault/MA/Mathematical-Analysis-&-Modeling/PAS/2. Expectation/2.2. Moment-Generating Functions/Lessons/2.2.2. Calculating Moments Using Moment-Generating Functions.md,vault/MA/Mathematical-Analysis-&-Modeling/PAS/2. Expectation/2.2. Moment-Generating Functions/Source/2.2.2. Calculating Moments Using Moment-Generating Functions
3350,Analyzing Slope Fields for Nonautonomous Differential Equations,76,DEQ,DEQ.1.3.6,vault/MA/Mathematical-Analysis-&-Modeling/DEQ/1. First-Order Differential Equations/1.3. Slope Fields/Lessons/1.3.6. Analyzing Slope Fields for Nonautonomous Differential Equations.md,vault/MA/Mathematical-Analysis-&-Modeling/DEQ/1. First-Order Differential Equations/1.3. Slope Fields/Source/1.3.6. Analyzing Slope Fields for Nonautonomous Differential Equations
3353,Modeling With the Exponential Distribution,76,PAS,PAS.4.3.2,vault/MA/Mathematical-Analysis-&-Modeling/PAS/4. Continuous Probability Distributions/4.3. The Exponential Distribution/Lessons/4.3.2. Modeling With the Exponential Distribution.md,vault/MA/Mathematical-Analysis-&-Modeling/PAS/4. Continuous Probability Distributions/4.3. The Exponential Distribution/Source/4.3.2. Modeling With the Exponential Distribution
3372,Surfaces of Revolution,76,MVC,MVC.5.2.5,vault/MA/Mathematical-Analysis-&-Modeling/MVC/5. Surface Integrals/5.2. Surface Area/Lessons/5.2.5. Surfaces of Revolution.md,vault/MA/Mathematical-Analysis-&-Modeling/MVC/5. Surface Integrals/5.2. Surface Area/Source/5.2.5. Surfaces of Revolution
3551,Qualitative Analysis of the Logistic Growth Equation,76,DEQ,DEQ.2.2.7,vault/MA/Mathematical-Analysis-&-Modeling/DEQ/2. Modeling With First-Order Differential Equations/2.2. Growth and Decay Models With First-Order ODEs/Lessons/2.2.7. Qualitative Analysis of the Logistic Growth Equation.md,vault/MA/Mathematical-Analysis-&-Modeling/DEQ/2. Modeling With First-Order Differential Equations/2.2. Growth and Decay Models With First-Order ODEs/Source/2.2.7. Qualitative Analysis of the Logistic Growth Equation
3603,Likelihood Functions for Discrete Probability Distributions,76,PAS,PAS.6.3.3,vault/MA/Mathematical-Analysis-&-Modeling/PAS/6. Parametric Inference/6.3. Maximum Likelihood/Lessons/6.3.3. Likelihood Functions for Discrete Probability Distributions.md,vault/MA/Mathematical-Analysis-&-Modeling/PAS/6. Parametric Inference/6.3. Maximum Likelihood/Source/6.3.3. Likelihood Functions for Discrete Probability Distributions
3645,The Image of a Linear Transformation in the Cartesian Plane,76,LAL,LAL.4.1.4,vault/MA/Mathematical-Analysis-&-Modeling/LAL/4. Linear Transformations/4.1. Linear Transformations/Lessons/4.1.4. The Image of a Linear Transformation in the Cartesian Plane.md,vault/MA/Mathematical-Analysis-&-Modeling/LAL/4. Linear Transformations/4.1. Linear Transformations/Source/4.1.4. The Image of a Linear Transformation in the Cartesian Plane
3673,Exponential Growth and Decay Models With First-Order ODEs: Half-Life Problems,76,DEQ,DEQ.2.2.3,vault/MA/Mathematical-Analysis-&-Modeling/DEQ/2. Modeling With First-Order Differential Equations/2.2. Growth and Decay Models With First-Order ODEs/Lessons/2.2.3. Exponential Growth and Decay Models With First-Order ODEs- Half-Life Problems.md,vault/MA/Mathematical-Analysis-&-Modeling/DEQ/2. Modeling With First-Order Differential Equations/2.2. Growth and Decay Models With First-Order ODEs/Source/2.2.3. Exponential Growth and Decay Models With First-Order ODEs- Half-Life Problems
3674,Solving the Logistic Growth Equation,76,DEQ,DEQ.2.2.8,vault/MA/Mathematical-Analysis-&-Modeling/DEQ/2. Modeling With First-Order Differential Equations/2.2. Growth and Decay Models With First-Order ODEs/Lessons/2.2.8. Solving the Logistic Growth Equation.md,vault/MA/Mathematical-Analysis-&-Modeling/DEQ/2. Modeling With First-Order Differential Equations/2.2. Growth and Decay Models With First-Order ODEs/Source/2.2.8. Solving the Logistic Growth Equation
3692,Gradient Vector Fields,76,MVC,MVC.1.3.3,vault/MA/Mathematical-Analysis-&-Modeling/MVC/1. Vector Functions and Vector Fields/1.3. Vector Fields/Lessons/1.3.3. Gradient Vector Fields.md,vault/MA/Mathematical-Analysis-&-Modeling/MVC/1. Vector Functions and Vector Fields/1.3. Vector Fields/Source/1.3.3. Gradient Vector Fields
3776,Nilpotent and Idempotent Matrices,76,LAL,LAL.5.4.1,vault/MA/Mathematical-Analysis-&-Modeling/LAL/5. Diagonalization of Matrices/5.4. Generalized Eigenvectors/Lessons/5.4.1. Nilpotent and Idempotent Matrices.md,vault/MA/Mathematical-Analysis-&-Modeling/LAL/5. Diagonalization of Matrices/5.4. Generalized Eigenvectors/Source/5.4.1. Nilpotent and Idempotent Matrices
3818,Projecting Vectors Onto Subspaces in Euclidean Spaces (Arbitrary Bases): Applications,76,LAL,LAL.6.3.5,vault/MA/Mathematical-Analysis-&-Modeling/LAL/6. Projections/6.3. Orthogonal Projections/Lessons/6.3.5. Projecting Vectors Onto Subspaces in Euclidean Spaces (Arbitrary Bases)- Applications.md,vault/MA/Mathematical-Analysis-&-Modeling/LAL/6. Projections/6.3. Orthogonal Projections/Source/6.3.5. Projecting Vectors Onto Subspaces in Euclidean Spaces (Arbitrary Bases)- Applications
3852,The Rank-Nullity Theorem in Terms of Linear Transformations,76,LAL,LAL.4.1.6,vault/MA/Mathematical-Analysis-&-Modeling/LAL/4. Linear Transformations/4.1. Linear Transformations/Lessons/4.1.6. The Rank-Nullity Theorem in Terms of Linear Transformations.md,vault/MA/Mathematical-Analysis-&-Modeling/LAL/4. Linear Transformations/4.1. Linear Transformations/Source/4.1.6. The Rank-Nullity Theorem in Terms of Linear Transformations
3926,Conditional Variance for Discrete Random Variables,76,PAS,PAS.5.4.5,vault/MA/Mathematical-Analysis-&-Modeling/PAS/5. Combining Random Variables/5.4. Expectation for Multivariate Distributions/Lessons/5.4.5. Conditional Variance for Discrete Random Variables.md,vault/MA/Mathematical-Analysis-&-Modeling/PAS/5. Combining Random Variables/5.4. Expectation for Multivariate Distributions/Source/5.4.5. Conditional Variance for Discrete Random Variables
4134,Transformations of Regions Between Curves,76,MVC,MVC.2.6.6,vault/MA/Mathematical-Analysis-&-Modeling/MVC/2. Multivariable Functions/2.6. Plane Transformations/Lessons/2.6.6. Transformations of Regions Between Curves.md,vault/MA/Mathematical-Analysis-&-Modeling/MVC/2. Multivariable Functions/2.6. Plane Transformations/Source/2.6.6. Transformations of Regions Between Curves
4135,Polar Coordinate Transformations,76,MVC,MVC.2.6.5,vault/MA/Mathematical-Analysis-&-Modeling/MVC/2. Multivariable Functions/2.6. Plane Transformations/Lessons/2.6.5. Polar Coordinate Transformations.md,vault/MA/Mathematical-Analysis-&-Modeling/MVC/2. Multivariable Functions/2.6. Plane Transformations/Source/2.6.5. Polar Coordinate Transformations
4141,Repeated Integrals in Three Dimensions,76,MVC,MVC.3.3.1,vault/MA/Mathematical-Analysis-&-Modeling/MVC/3. Multiple Integrals/3.3. Triple Integrals/Lessons/3.3.1. Repeated Integrals in Three Dimensions.md,vault/MA/Mathematical-Analysis-&-Modeling/MVC/3. Multiple Integrals/3.3. Triple Integrals/Source/3.3.1. Repeated Integrals in Three Dimensions
4169,The Derivative of a Multivariable Function,76,MVC,MVC.2.7.4,vault/MA/Mathematical-Analysis-&-Modeling/MVC/2. Multivariable Functions/2.7. Differentiation/Lessons/2.7.4. The Derivative of a Multivariable Function.md,vault/MA/Mathematical-Analysis-&-Modeling/MVC/2. Multivariable Functions/2.7. Differentiation/Source/2.7.4. The Derivative of a Multivariable Function
5997,The Law of Total Expectation for Discrete Random Variables,76,PAS,PAS.5.4.7,vault/MA/Mathematical-Analysis-&-Modeling/PAS/5. Combining Random Variables/5.4. Expectation for Multivariate Distributions/Lessons/5.4.7. The Law of Total Expectation for Discrete Random Variables.md,vault/MA/Mathematical-Analysis-&-Modeling/PAS/5. Combining Random Variables/5.4. Expectation for Multivariate Distributions/Source/5.4.7. The Law of Total Expectation for Discrete Random Variables
6354,Riccati Differential Equations,76,DEQ,DEQ.1.2.6,vault/MA/Mathematical-Analysis-&-Modeling/DEQ/1. First-Order Differential Equations/1.2. Special First-Order Equations/Lessons/1.2.6. Riccati Differential Equations.md,vault/MA/Mathematical-Analysis-&-Modeling/DEQ/1. First-Order Differential Equations/1.2. Special First-Order Equations/Source/1.2.6. Riccati Differential Equations
6369,The First Shifting Theorem of Laplace Transforms,76,DEQ,DEQ.5.1.10,vault/MA/Mathematical-Analysis-&-Modeling/DEQ/5. Laplace Transforms/5.1. Laplace Transforms/Lessons/5.1.10. The First Shifting Theorem of Laplace Transforms.md,vault/MA/Mathematical-Analysis-&-Modeling/DEQ/5. Laplace Transforms/5.1. Laplace Transforms/Source/5.1.10. The First Shifting Theorem of Laplace Transforms
6370,The Second Shifting Theorem of Laplace Transforms,76,DEQ,DEQ.5.1.11,vault/MA/Mathematical-Analysis-&-Modeling/DEQ/5. Laplace Transforms/5.1. Laplace Transforms/Lessons/5.1.11. The Second Shifting Theorem of Laplace Transforms.md,vault/MA/Mathematical-Analysis-&-Modeling/DEQ/5. Laplace Transforms/5.1. Laplace Transforms/Source/5.1.11. The Second Shifting Theorem of Laplace Transforms
6373,The Trapezoidal Method,76,DEQ,DEQ.7.4.2,vault/MA/Mathematical-Analysis-&-Modeling/DEQ/7. Approximating Solutions to Differential Equations/7.4. Implicit Numerical Methods/Lessons/7.4.2. The Trapezoidal Method.md,vault/MA/Mathematical-Analysis-&-Modeling/DEQ/7. Approximating Solutions to Differential Equations/7.4. Implicit Numerical Methods/Source/7.4.2. The Trapezoidal Method
6397,The ABM2 Method,76,DEQ,DEQ.7.3.2,vault/MA/Mathematical-Analysis-&-Modeling/DEQ/7. Approximating Solutions to Differential Equations/7.3. Higher-Order Numerical Methods/Lessons/7.3.2. The ABM2 Method.md,vault/MA/Mathematical-Analysis-&-Modeling/DEQ/7. Approximating Solutions to Differential Equations/7.3. Higher-Order Numerical Methods/Source/7.3.2. The ABM2 Method
6399,Order of Numerical Methods,76,DEQ,DEQ.7.5.3,vault/MA/Mathematical-Analysis-&-Modeling/DEQ/7. Approximating Solutions to Differential Equations/7.5. Analyzing Numerical Methods/Lessons/7.5.3. Order of Numerical Methods.md,vault/MA/Mathematical-Analysis-&-Modeling/DEQ/7. Approximating Solutions to Differential Equations/7.5. Analyzing Numerical Methods/Source/7.5.3. Order of Numerical Methods
6400,Euler's Method for Second-Order ODEs,76,DEQ,DEQ.7.2.5,vault/MA/Mathematical-Analysis-&-Modeling/DEQ/7. Approximating Solutions to Differential Equations/7.2. Euler's Method/Lessons/7.2.5. Euler's Method for Second-Order ODEs.md,vault/MA/Mathematical-Analysis-&-Modeling/DEQ/7. Approximating Solutions to Differential Equations/7.2. Euler's Method/Source/7.2.5. Euler's Method for Second-Order ODEs
6679,Solving First-Order Linear ODEs With Exponential Forcing,76,DEQ,DEQ.1.1.5,vault/MA/Mathematical-Analysis-&-Modeling/DEQ/1. First-Order Differential Equations/1.1. Techniques for Solving First-Order ODEs/Lessons/1.1.5. Solving First-Order Linear ODEs With Exponential Forcing.md,vault/MA/Mathematical-Analysis-&-Modeling/DEQ/1. First-Order Differential Equations/1.1. Techniques for Solving First-Order ODEs/Source/1.1.5. Solving First-Order Linear ODEs With Exponential Forcing
6680,Solving First-Order Linear ODEs With Sinusoidal Forcing,76,DEQ,DEQ.1.1.6,vault/MA/Mathematical-Analysis-&-Modeling/DEQ/1. First-Order Differential Equations/1.1. Techniques for Solving First-Order ODEs/Lessons/1.1.6. Solving First-Order Linear ODEs With Sinusoidal Forcing.md,vault/MA/Mathematical-Analysis-&-Modeling/DEQ/1. First-Order Differential Equations/1.1. Techniques for Solving First-Order ODEs/Source/1.1.6. Solving First-Order Linear ODEs With Sinusoidal Forcing
6686,Using the Implicit Euler Method With Newton's Method,76,DEQ,DEQ.7.4.3,vault/MA/Mathematical-Analysis-&-Modeling/DEQ/7. Approximating Solutions to Differential Equations/7.4. Implicit Numerical Methods/Lessons/7.4.3. Using the Implicit Euler Method With Newton's Method.md,vault/MA/Mathematical-Analysis-&-Modeling/DEQ/7. Approximating Solutions to Differential Equations/7.4. Implicit Numerical Methods/Source/7.4.3. Using the Implicit Euler Method With Newton's Method
6693,Falling Body Problems With Quadratic Drag,76,DEQ,DEQ.2.3.4,vault/MA/Mathematical-Analysis-&-Modeling/DEQ/2. Modeling With First-Order Differential Equations/2.3. Physical Applications of First-Order ODEs/Lessons/2.3.4. Falling Body Problems With Quadratic Drag.md,vault/MA/Mathematical-Analysis-&-Modeling/DEQ/2. Modeling With First-Order Differential Equations/2.3. Physical Applications of First-Order ODEs/Source/2.3.4. Falling Body Problems With Quadratic Drag
791,The Continuous Uniform Distribution,77,PAS,PAS.4.2.1,vault/MA/Mathematical-Analysis-&-Modeling/PAS/4. Continuous Probability Distributions/4.2. The Continuous Uniform Distribution/Lessons/4.2.1. The Continuous Uniform Distribution.md,vault/MA/Mathematical-Analysis-&-Modeling/PAS/4. Continuous Probability Distributions/4.2. The Continuous Uniform Distribution/Source/4.2.1. The Continuous Uniform Distribution
879,Second-Order Homogeneous ODEs: Characteristic Equations With Repeated Roots,77,DEQ,DEQ.3.2.2,vault/MA/Mathematical-Analysis-&-Modeling/DEQ/3. Linear Differential Equations/3.2. Second-Order Linear ODEs With Constant Coefficients/Lessons/3.2.2. Second-Order Homogeneous ODEs- Characteristic Equations With Repeated Roots.md,vault/MA/Mathematical-Analysis-&-Modeling/DEQ/3. Linear Differential Equations/3.2. Second-Order Linear ODEs With Constant Coefficients/Source/3.2.2. Second-Order Homogeneous ODEs- Characteristic Equations With Repeated Roots
880,Second-Order Homogeneous ODEs: Characteristic Equations With Complex Roots,77,DEQ,DEQ.3.2.3,vault/MA/Mathematical-Analysis-&-Modeling/DEQ/3. Linear Differential Equations/3.2. Second-Order Linear ODEs With Constant Coefficients/Lessons/3.2.3. Second-Order Homogeneous ODEs- Characteristic Equations With Complex Roots.md,vault/MA/Mathematical-Analysis-&-Modeling/DEQ/3. Linear Differential Equations/3.2. Second-Order Linear ODEs With Constant Coefficients/Source/3.2.3. Second-Order Homogeneous ODEs- Characteristic Equations With Complex Roots
1470,Mean and Variance of the Normal Distribution,77,PAS,PAS.4.1.5,vault/MA/Mathematical-Analysis-&-Modeling/PAS/4. Continuous Probability Distributions/4.1. The Normal Distribution/Lessons/4.1.5. Mean and Variance of the Normal Distribution.md,vault/MA/Mathematical-Analysis-&-Modeling/PAS/4. Continuous Probability Distributions/4.1. The Normal Distribution/Source/4.1.5. Mean and Variance of the Normal Distribution
1788,Modeling RL Circuits With First-Order ODEs,77,DEQ,DEQ.2.3.7,vault/MA/Mathematical-Analysis-&-Modeling/DEQ/2. Modeling With First-Order Differential Equations/2.3. Physical Applications of First-Order ODEs/Lessons/2.3.7. Modeling RL Circuits With First-Order ODEs.md,vault/MA/Mathematical-Analysis-&-Modeling/DEQ/2. Modeling With First-Order Differential Equations/2.3. Physical Applications of First-Order ODEs/Source/2.3.7. Modeling RL Circuits With First-Order ODEs
1836,Finding Curvature Using the Cross Product,77,MVC,MVC.1.2.2,vault/MA/Mathematical-Analysis-&-Modeling/MVC/1. Vector Functions and Vector Fields/1.2. Curvature/Lessons/1.2.2. Finding Curvature Using the Cross Product.md,vault/MA/Mathematical-Analysis-&-Modeling/MVC/1. Vector Functions and Vector Fields/1.2. Curvature/Source/1.2.2. Finding Curvature Using the Cross Product
1950,Differentials,77,MVC,MVC.2.5.4,vault/MA/Mathematical-Analysis-&-Modeling/MVC/2. Multivariable Functions/2.5. The Multivariable Chain Rule/Lessons/2.5.4. Differentials.md,vault/MA/Mathematical-Analysis-&-Modeling/MVC/2. Multivariable Functions/2.5. The Multivariable Chain Rule/Source/2.5.4. Differentials
1966,The Invertible Matrix Theorem in Terms of Eigenvalues,77,LAL,LAL.5.1.8,vault/MA/Mathematical-Analysis-&-Modeling/LAL/5. Diagonalization of Matrices/5.1. Eigenvectors and Eigenvalues/Lessons/5.1.8. The Invertible Matrix Theorem in Terms of Eigenvalues.md,vault/MA/Mathematical-Analysis-&-Modeling/LAL/5. Diagonalization of Matrices/5.1. Eigenvectors and Eigenvalues/Source/5.1.8. The Invertible Matrix Theorem in Terms of Eigenvalues
1968,Diagonalizing a 2x2 Matrix,77,LAL,LAL.5.2.1,vault/MA/Mathematical-Analysis-&-Modeling/LAL/5. Diagonalization of Matrices/5.2. Diagonalization/Lessons/5.2.1. Diagonalizing a 2x2 Matrix.md,vault/MA/Mathematical-Analysis-&-Modeling/LAL/5. Diagonalization of Matrices/5.2. Diagonalization/Source/5.2.1. Diagonalizing a 2x2 Matrix
1972,The Cayley-Hamilton Theorem,77,LAL,LAL.5.1.5,vault/MA/Mathematical-Analysis-&-Modeling/LAL/5. Diagonalization of Matrices/5.1. Eigenvectors and Eigenvalues/Lessons/5.1.5. The Cayley-Hamilton Theorem.md,vault/MA/Mathematical-Analysis-&-Modeling/LAL/5. Diagonalization of Matrices/5.1. Eigenvectors and Eigenvalues/Source/5.1.5. The Cayley-Hamilton Theorem
1977,Calculating the Eigenvectors of a 3x3 Matrix With Distinct Eigenvalues,77,LAL,LAL.5.1.6,vault/MA/Mathematical-Analysis-&-Modeling/LAL/5. Diagonalization of Matrices/5.1. Eigenvectors and Eigenvalues/Lessons/5.1.6. Calculating the Eigenvectors of a 3x3 Matrix With Distinct Eigenvalues.md,vault/MA/Mathematical-Analysis-&-Modeling/LAL/5. Diagonalization of Matrices/5.1. Eigenvectors and Eigenvalues/Source/5.1.6. Calculating the Eigenvectors of a 3x3 Matrix With Distinct Eigenvalues
1984,Tangent Planes to Level Surfaces,77,MVC,MVC.2.4.4,vault/MA/Mathematical-Analysis-&-Modeling/MVC/2. Multivariable Functions/2.4. The Gradient Vector/Lessons/2.4.4. Tangent Planes to Level Surfaces.md,vault/MA/Mathematical-Analysis-&-Modeling/MVC/2. Multivariable Functions/2.4. The Gradient Vector/Source/2.4.4. Tangent Planes to Level Surfaces
1998,Computing Areas Using a Change of Variables,77,MVC,MVC.3.4.3,vault/MA/Mathematical-Analysis-&-Modeling/MVC/3. Multiple Integrals/3.4. Change of Variables for Double Integrals/Lessons/3.4.3. Computing Areas Using a Change of Variables.md,vault/MA/Mathematical-Analysis-&-Modeling/MVC/3. Multiple Integrals/3.4. Change of Variables for Double Integrals/Source/3.4.3. Computing Areas Using a Change of Variables
2016,Finding Complex Eigenvalues of Real 2x2 Matrices,77,LAL,LAL.5.3.3,vault/MA/Mathematical-Analysis-&-Modeling/LAL/5. Diagonalization of Matrices/5.3. Real Matrices With Complex Eigenvalues/Lessons/5.3.3. Finding Complex Eigenvalues of Real 2x2 Matrices.md,vault/MA/Mathematical-Analysis-&-Modeling/LAL/5. Diagonalization of Matrices/5.3. Real Matrices With Complex Eigenvalues/Source/5.3.3. Finding Complex Eigenvalues of Real 2x2 Matrices
2030,Double Integrals in Plane Polar Coordinates,77,MVC,MVC.3.4.1,vault/MA/Mathematical-Analysis-&-Modeling/MVC/3. Multiple Integrals/3.4. Change of Variables for Double Integrals/Lessons/3.4.1. Double Integrals in Plane Polar Coordinates.md,vault/MA/Mathematical-Analysis-&-Modeling/MVC/3. Multiple Integrals/3.4. Change of Variables for Double Integrals/Source/3.4.1. Double Integrals in Plane Polar Coordinates
2052,Triple Integrals Over Rectangular Domains,77,MVC,MVC.3.3.2,vault/MA/Mathematical-Analysis-&-Modeling/MVC/3. Multiple Integrals/3.3. Triple Integrals/Lessons/3.3.2. Triple Integrals Over Rectangular Domains.md,vault/MA/Mathematical-Analysis-&-Modeling/MVC/3. Multiple Integrals/3.3. Triple Integrals/Source/3.3.2. Triple Integrals Over Rectangular Domains
2105,Orthogonal Matrices,77,LAL,LAL.6.2.8,vault/MA/Mathematical-Analysis-&-Modeling/LAL/6. Projections/6.2. Orthogonality/Lessons/6.2.8. Orthogonal Matrices.md,vault/MA/Mathematical-Analysis-&-Modeling/LAL/6. Projections/6.2. Orthogonality/Source/6.2.8. Orthogonal Matrices
2125,"Projection Matrices, Linear Transformations and Their Properties",77,LAL,LAL.6.3.6,"vault/MA/Mathematical-Analysis-&-Modeling/LAL/6. Projections/6.3. Orthogonal Projections/Lessons/6.3.6. Projection Matrices, Linear Transformations and Their Properties.md","vault/MA/Mathematical-Analysis-&-Modeling/LAL/6. Projections/6.3. Orthogonal Projections/Source/6.3.6. Projection Matrices, Linear Transformations and Their Properties"
2149,Mean and Variance of the Binomial Distribution,77,PAS,PAS.3.3.3,vault/MA/Mathematical-Analysis-&-Modeling/PAS/3. Discrete Probability Distributions/3.3. The Binomial Distribution/Lessons/3.3.3. Mean and Variance of the Binomial Distribution.md,vault/MA/Mathematical-Analysis-&-Modeling/PAS/3. Discrete Probability Distributions/3.3. The Binomial Distribution/Source/3.3.3. Mean and Variance of the Binomial Distribution
2166,The Least-Squares Solution of a Linear System (Without Collinearity),77,PAS;LAL,PAS.9.2.1;LAL.8.1.1,vault/MA/Mathematical-Analysis-&-Modeling/PAS/9. Regression/9.2. Linear and Nonlinear Regression With Matrices/Lessons/9.2.1. The Least-Squares Solution of a Linear System (Without Collinearity).md;vault/MA/Mathematical-Analysis-&-Modeling/LAL/8. Applications of Linear Algebra/8.1. Linear Least-Squares Problems/Lessons/8.1.1. The Least-Squares Solution of a Linear System (Without Collinearity).md,vault/MA/Mathematical-Analysis-&-Modeling/PAS/9. Regression/9.2. Linear and Nonlinear Regression With Matrices/Source/9.2.1. The Least-Squares Solution of a Linear System (Without Collinearity);vault/MA/Mathematical-Analysis-&-Modeling/LAL/8. Applications of Linear Algebra/8.1. Linear Least-Squares Problems/Source/8.1.1. The Least-Squares Solution of a Linear System (Without Collinearity)
2528,Cauchy-Euler Equations: Characteristic Equations With Distinct Real Roots,77,DEQ,DEQ.3.3.1,vault/MA/Mathematical-Analysis-&-Modeling/DEQ/3. Linear Differential Equations/3.3. The Cauchy-Euler Equations/Lessons/3.3.1. Cauchy-Euler Equations- Characteristic Equations With Distinct Real Roots.md,vault/MA/Mathematical-Analysis-&-Modeling/DEQ/3. Linear Differential Equations/3.3. The Cauchy-Euler Equations/Source/3.3.1. Cauchy-Euler Equations- Characteristic Equations With Distinct Real Roots
2531,Solving First-Order ODEs Using Laplace Transforms,77,DEQ,DEQ.5.2.1,vault/MA/Mathematical-Analysis-&-Modeling/DEQ/5. Laplace Transforms/5.2. Solving Linear ODEs Using Laplace Transforms/Lessons/5.2.1. Solving First-Order ODEs Using Laplace Transforms.md,vault/MA/Mathematical-Analysis-&-Modeling/DEQ/5. Laplace Transforms/5.2. Solving Linear ODEs Using Laplace Transforms/Source/5.2.1. Solving First-Order ODEs Using Laplace Transforms
2742,Introduction to Boundary Value Problems,77,DEQ,DEQ.6.1.1,vault/MA/Mathematical-Analysis-&-Modeling/DEQ/6. Boundary Value Problems/6.1. Boundary Value Problems/Lessons/6.1.1. Introduction to Boundary Value Problems.md,vault/MA/Mathematical-Analysis-&-Modeling/DEQ/6. Boundary Value Problems/6.1. Boundary Value Problems/Source/6.1.1. Introduction to Boundary Value Problems
2824,The Second Derivative of a Multivariable Function,77,MVC,MVC.2.7.5,vault/MA/Mathematical-Analysis-&-Modeling/MVC/2. Multivariable Functions/2.7. Differentiation/Lessons/2.7.5. The Second Derivative of a Multivariable Function.md,vault/MA/Mathematical-Analysis-&-Modeling/MVC/2. Multivariable Functions/2.7. Differentiation/Source/2.7.5. The Second Derivative of a Multivariable Function
2973,Variation of Parameters for First-Order Linear ODEs,77,DEQ,DEQ.3.4.1,vault/MA/Mathematical-Analysis-&-Modeling/DEQ/3. Linear Differential Equations/3.4. Variation of Parameters/Lessons/3.4.1. Variation of Parameters for First-Order Linear ODEs.md,vault/MA/Mathematical-Analysis-&-Modeling/DEQ/3. Linear Differential Equations/3.4. Variation of Parameters/Source/3.4.1. Variation of Parameters for First-Order Linear ODEs
2991,Mean and Variance of the Poisson Distribution,77,PAS,PAS.3.4.3,vault/MA/Mathematical-Analysis-&-Modeling/PAS/3. Discrete Probability Distributions/3.4. The Poisson Distribution/Lessons/3.4.3. Mean and Variance of the Poisson Distribution.md,vault/MA/Mathematical-Analysis-&-Modeling/PAS/3. Discrete Probability Distributions/3.4. The Poisson Distribution/Source/3.4.3. Mean and Variance of the Poisson Distribution
2994,Approximating Discrete Random Variables as Continuous,77,PAS,PAS.1.3.7,vault/MA/Mathematical-Analysis-&-Modeling/PAS/1. Probability & Random Variables/1.3. Random Variables/Lessons/1.3.7. Approximating Discrete Random Variables as Continuous.md,vault/MA/Mathematical-Analysis-&-Modeling/PAS/1. Probability & Random Variables/1.3. Random Variables/Source/1.3.7. Approximating Discrete Random Variables as Continuous
3013,Variance of Sample Means,77,PAS,PAS.6.1.5,"vault/MA/Mathematical-Analysis-&-Modeling/PAS/6. Parametric Inference/6.1. Mean, Variance, and Proportion/Lessons/6.1.5. Variance of Sample Means.md","vault/MA/Mathematical-Analysis-&-Modeling/PAS/6. Parametric Inference/6.1. Mean, Variance, and Proportion/Source/6.1.5. Variance of Sample Means"
3061,The Rule of the Lazy Statistician for Two Random Variables,77,PAS,PAS.5.4.6,vault/MA/Mathematical-Analysis-&-Modeling/PAS/5. Combining Random Variables/5.4. Expectation for Multivariate Distributions/Lessons/5.4.6. The Rule of the Lazy Statistician for Two Random Variables.md,vault/MA/Mathematical-Analysis-&-Modeling/PAS/5. Combining Random Variables/5.4. Expectation for Multivariate Distributions/Source/5.4.6. The Rule of the Lazy Statistician for Two Random Variables
3123,Quadratic Forms,77,LAL,LAL.7.2.2,vault/MA/Mathematical-Analysis-&-Modeling/LAL/7. Quadratic Forms/7.2. Quadratic Forms/Lessons/7.2.2. Quadratic Forms.md,vault/MA/Mathematical-Analysis-&-Modeling/LAL/7. Quadratic Forms/7.2. Quadratic Forms/Source/7.2.2. Quadratic Forms
3149,Conservative Vector Fields in the Cartesian Plane,77,MVC,MVC.1.3.4,vault/MA/Mathematical-Analysis-&-Modeling/MVC/1. Vector Functions and Vector Fields/1.3. Vector Fields/Lessons/1.3.4. Conservative Vector Fields in the Cartesian Plane.md,vault/MA/Mathematical-Analysis-&-Modeling/MVC/1. Vector Functions and Vector Fields/1.3. Vector Fields/Source/1.3.4. Conservative Vector Fields in the Cartesian Plane
3238,Solving Decoupled Homogeneous Systems of ODEs,77,DEQ,DEQ.4.2.1,vault/MA/Mathematical-Analysis-&-Modeling/DEQ/4. Systems of Differential Equations/4.2. Solving Systems of Linear ODEs/Lessons/4.2.1. Solving Decoupled Homogeneous Systems of ODEs.md,vault/MA/Mathematical-Analysis-&-Modeling/DEQ/4. Systems of Differential Equations/4.2. Solving Systems of Linear ODEs/Source/4.2.1. Solving Decoupled Homogeneous Systems of ODEs
3273,Mean and Variance of the Negative Binomial Distribution,77,PAS,PAS.3.6.3,vault/MA/Mathematical-Analysis-&-Modeling/PAS/3. Discrete Probability Distributions/3.6. The Negative Binomial Distribution/Lessons/3.6.3. Mean and Variance of the Negative Binomial Distribution.md,vault/MA/Mathematical-Analysis-&-Modeling/PAS/3. Discrete Probability Distributions/3.6. The Negative Binomial Distribution/Source/3.6.3. Mean and Variance of the Negative Binomial Distribution
3275,Mean and Variance of the Exponential Distribution,77,PAS,PAS.4.3.3,vault/MA/Mathematical-Analysis-&-Modeling/PAS/4. Continuous Probability Distributions/4.3. The Exponential Distribution/Lessons/4.3.3. Mean and Variance of the Exponential Distribution.md,vault/MA/Mathematical-Analysis-&-Modeling/PAS/4. Continuous Probability Distributions/4.3. The Exponential Distribution/Source/4.3.3. Mean and Variance of the Exponential Distribution
3296,Linear Combinations of Poisson Random Variables,77,PAS,PAS.5.3.2,vault/MA/Mathematical-Analysis-&-Modeling/PAS/5. Combining Random Variables/5.3. Linear Combinations of Random Variables/Lessons/5.3.2. Linear Combinations of Poisson Random Variables.md,vault/MA/Mathematical-Analysis-&-Modeling/PAS/5. Combining Random Variables/5.3. Linear Combinations of Random Variables/Source/5.3.2. Linear Combinations of Poisson Random Variables
3354,Further Properties of Line Integrals of Scalar Functions,77,MVC,MVC.4.2.4,vault/MA/Mathematical-Analysis-&-Modeling/MVC/4. Line Integrals/4.2. Line Integrals of Scalar Functions Over Parametric Curves/Lessons/4.2.4. Further Properties of Line Integrals of Scalar Functions.md,vault/MA/Mathematical-Analysis-&-Modeling/MVC/4. Line Integrals/4.2. Line Integrals of Scalar Functions Over Parametric Curves/Source/4.2.4. Further Properties of Line Integrals of Scalar Functions
3386,Surface Integrals Over Parametric Surfaces,77,MVC,MVC.5.3.1,vault/MA/Mathematical-Analysis-&-Modeling/MVC/5. Surface Integrals/5.3. Surface Integrals/Lessons/5.3.1. Surface Integrals Over Parametric Surfaces.md,vault/MA/Mathematical-Analysis-&-Modeling/MVC/5. Surface Integrals/5.3. Surface Integrals/Source/5.3.1. Surface Integrals Over Parametric Surfaces
3636,Marginal Distributions for Continuous Random Variables,77,PAS,PAS.5.2.2,vault/MA/Mathematical-Analysis-&-Modeling/PAS/5. Combining Random Variables/5.2. Distributions of Two Continuous Random Variables/Lessons/5.2.2. Marginal Distributions for Continuous Random Variables.md,vault/MA/Mathematical-Analysis-&-Modeling/PAS/5. Combining Random Variables/5.2. Distributions of Two Continuous Random Variables/Source/5.2.2. Marginal Distributions for Continuous Random Variables
3648,Calculating Variance and Standard Deviation Using Moment-Generating Functions,77,PAS,PAS.2.2.3,vault/MA/Mathematical-Analysis-&-Modeling/PAS/2. Expectation/2.2. Moment-Generating Functions/Lessons/2.2.3. Calculating Variance and Standard Deviation Using Moment-Generating Functions.md,vault/MA/Mathematical-Analysis-&-Modeling/PAS/2. Expectation/2.2. Moment-Generating Functions/Source/2.2.3. Calculating Variance and Standard Deviation Using Moment-Generating Functions
3688,Line Integrals of Scalar Functions Over Circles,77,MVC,MVC.4.2.2,vault/MA/Mathematical-Analysis-&-Modeling/MVC/4. Line Integrals/4.2. Line Integrals of Scalar Functions Over Parametric Curves/Lessons/4.2.2. Line Integrals of Scalar Functions Over Circles.md,vault/MA/Mathematical-Analysis-&-Modeling/MVC/4. Line Integrals/4.2. Line Integrals of Scalar Functions Over Parametric Curves/Source/4.2.2. Line Integrals of Scalar Functions Over Circles
3689,Line Integrals of Scalar Functions Over Paths Expressed as Functions of Y,77,MVC,MVC.4.1.5,vault/MA/Mathematical-Analysis-&-Modeling/MVC/4. Line Integrals/4.1. Line Integrals of Scalar Functions/Lessons/4.1.5. Line Integrals of Scalar Functions Over Paths Expressed as Functions of Y.md,vault/MA/Mathematical-Analysis-&-Modeling/MVC/4. Line Integrals/4.1. Line Integrals of Scalar Functions/Source/4.1.5. Line Integrals of Scalar Functions Over Paths Expressed as Functions of Y
3699,Line Integrals of Scalar Functions Over Line Segments,77,MVC,MVC.4.2.1,vault/MA/Mathematical-Analysis-&-Modeling/MVC/4. Line Integrals/4.2. Line Integrals of Scalar Functions Over Parametric Curves/Lessons/4.2.1. Line Integrals of Scalar Functions Over Line Segments.md,vault/MA/Mathematical-Analysis-&-Modeling/MVC/4. Line Integrals/4.2. Line Integrals of Scalar Functions Over Parametric Curves/Source/4.2.1. Line Integrals of Scalar Functions Over Line Segments
3700,Properties of the Curl Operator,77,MVC,MVC.1.4.4,vault/MA/Mathematical-Analysis-&-Modeling/MVC/1. Vector Functions and Vector Fields/1.4. Divergence and Curl/Lessons/1.4.4. Properties of the Curl Operator.md,vault/MA/Mathematical-Analysis-&-Modeling/MVC/1. Vector Functions and Vector Fields/1.4. Divergence and Curl/Source/1.4.4. Properties of the Curl Operator
3701,Properties of the Divergence Operator,77,MVC,MVC.1.4.2,vault/MA/Mathematical-Analysis-&-Modeling/MVC/1. Vector Functions and Vector Fields/1.4. Divergence and Curl/Lessons/1.4.2. Properties of the Divergence Operator.md,vault/MA/Mathematical-Analysis-&-Modeling/MVC/1. Vector Functions and Vector Fields/1.4. Divergence and Curl/Source/1.4.2. Properties of the Divergence Operator
3717,Stream Functions,77,MVC,MVC.1.3.7,vault/MA/Mathematical-Analysis-&-Modeling/MVC/1. Vector Functions and Vector Fields/1.3. Vector Fields/Lessons/1.3.7. Stream Functions.md,vault/MA/Mathematical-Analysis-&-Modeling/MVC/1. Vector Functions and Vector Fields/1.3. Vector Fields/Source/1.3.7. Stream Functions
4123,Likelihood Functions for Continuous Probability Distributions,77,PAS,PAS.6.3.5,vault/MA/Mathematical-Analysis-&-Modeling/PAS/6. Parametric Inference/6.3. Maximum Likelihood/Lessons/6.3.5. Likelihood Functions for Continuous Probability Distributions.md,vault/MA/Mathematical-Analysis-&-Modeling/PAS/6. Parametric Inference/6.3. Maximum Likelihood/Source/6.3.5. Likelihood Functions for Continuous Probability Distributions
4124,Log-Likelihood Functions for Discrete Probability Distributions,77,PAS,PAS.6.3.4,vault/MA/Mathematical-Analysis-&-Modeling/PAS/6. Parametric Inference/6.3. Maximum Likelihood/Lessons/6.3.4. Log-Likelihood Functions for Discrete Probability Distributions.md,vault/MA/Mathematical-Analysis-&-Modeling/PAS/6. Parametric Inference/6.3. Maximum Likelihood/Source/6.3.4. Log-Likelihood Functions for Discrete Probability Distributions
4126,Hypothesis Tests for the Rate of a Poisson Distribution,77,PAS,PAS.8.1.2,vault/MA/Mathematical-Analysis-&-Modeling/PAS/8. Hypothesis Testing/8.1. One-Sample Procedures/Lessons/8.1.2. Hypothesis Tests for the Rate of a Poisson Distribution.md,vault/MA/Mathematical-Analysis-&-Modeling/PAS/8. Hypothesis Testing/8.1. One-Sample Procedures/Source/8.1.2. Hypothesis Tests for the Rate of a Poisson Distribution
6372,Laplace Transforms of Integrals,77,DEQ,DEQ.5.1.9,vault/MA/Mathematical-Analysis-&-Modeling/DEQ/5. Laplace Transforms/5.1. Laplace Transforms/Lessons/5.1.9. Laplace Transforms of Integrals.md,vault/MA/Mathematical-Analysis-&-Modeling/DEQ/5. Laplace Transforms/5.1. Laplace Transforms/Source/5.1.9. Laplace Transforms of Integrals
6685,Stability of Numerical Methods,77,DEQ,DEQ.7.5.4,vault/MA/Mathematical-Analysis-&-Modeling/DEQ/7. Approximating Solutions to Differential Equations/7.5. Analyzing Numerical Methods/Lessons/7.5.4. Stability of Numerical Methods.md,vault/MA/Mathematical-Analysis-&-Modeling/DEQ/7. Approximating Solutions to Differential Equations/7.5. Analyzing Numerical Methods/Source/7.5.4. Stability of Numerical Methods
6689,Using the Trapezoidal Method With Newton's Method,77,DEQ,DEQ.7.4.4,vault/MA/Mathematical-Analysis-&-Modeling/DEQ/7. Approximating Solutions to Differential Equations/7.4. Implicit Numerical Methods/Lessons/7.4.4. Using the Trapezoidal Method With Newton's Method.md,vault/MA/Mathematical-Analysis-&-Modeling/DEQ/7. Approximating Solutions to Differential Equations/7.4. Implicit Numerical Methods/Source/7.4.4. Using the Trapezoidal Method With Newton's Method
6709,Properties of Fourier Series,77,DEQ,DEQ.6.2.2,vault/MA/Mathematical-Analysis-&-Modeling/DEQ/6. Boundary Value Problems/6.2. Fourier Series/Lessons/6.2.2. Properties of Fourier Series.md,vault/MA/Mathematical-Analysis-&-Modeling/DEQ/6. Boundary Value Problems/6.2. Fourier Series/Source/6.2.2. Properties of Fourier Series
788,Modeling With the Normal Distribution,78,PAS,PAS.4.1.7,vault/MA/Mathematical-Analysis-&-Modeling/PAS/4. Continuous Probability Distributions/4.1. The Normal Distribution/Lessons/4.1.7. Modeling With the Normal Distribution.md,vault/MA/Mathematical-Analysis-&-Modeling/PAS/4. Continuous Probability Distributions/4.1. The Normal Distribution/Source/4.1.7. Modeling With the Normal Distribution
1834,Radius of Curvature,78,MVC,MVC.1.2.3,vault/MA/Mathematical-Analysis-&-Modeling/MVC/1. Vector Functions and Vector Fields/1.2. Curvature/Lessons/1.2.3. Radius of Curvature.md,vault/MA/Mathematical-Analysis-&-Modeling/MVC/1. Vector Functions and Vector Fields/1.2. Curvature/Source/1.2.3. Radius of Curvature
1951,Calculating Potential Functions,78,MVC,MVC.1.3.5,vault/MA/Mathematical-Analysis-&-Modeling/MVC/1. Vector Functions and Vector Fields/1.3. Vector Fields/Lessons/1.3.5. Calculating Potential Functions.md,vault/MA/Mathematical-Analysis-&-Modeling/MVC/1. Vector Functions and Vector Fields/1.3. Vector Fields/Source/1.3.5. Calculating Potential Functions
1965,Calculating the Eigenvectors of a 3x3 Matrix in the General Case,78,LAL,LAL.5.1.7,vault/MA/Mathematical-Analysis-&-Modeling/LAL/5. Diagonalization of Matrices/5.1. Eigenvectors and Eigenvalues/Lessons/5.1.7. Calculating the Eigenvectors of a 3x3 Matrix in the General Case.md,vault/MA/Mathematical-Analysis-&-Modeling/LAL/5. Diagonalization of Matrices/5.1. Eigenvectors and Eigenvalues/Source/5.1.7. Calculating the Eigenvectors of a 3x3 Matrix in the General Case
1969,Properties of Diagonalization,78,LAL,LAL.5.2.2,vault/MA/Mathematical-Analysis-&-Modeling/LAL/5. Diagonalization of Matrices/5.2. Diagonalization/Lessons/5.2.2. Properties of Diagonalization.md,vault/MA/Mathematical-Analysis-&-Modeling/LAL/5. Diagonalization of Matrices/5.2. Diagonalization/Source/5.2.2. Properties of Diagonalization
1970,Diagonalizing a 3x3 Matrix With Distinct Eigenvalues,78,LAL,LAL.5.2.3,vault/MA/Mathematical-Analysis-&-Modeling/LAL/5. Diagonalization of Matrices/5.2. Diagonalization/Lessons/5.2.3. Diagonalizing a 3x3 Matrix With Distinct Eigenvalues.md,vault/MA/Mathematical-Analysis-&-Modeling/LAL/5. Diagonalization of Matrices/5.2. Diagonalization/Source/5.2.3. Diagonalizing a 3x3 Matrix With Distinct Eigenvalues
2025,"Density, Mass, and Charge of Plane Laminas",78,MVC,MVC.6.2.2,"vault/MA/Mathematical-Analysis-&-Modeling/MVC/6. Applications of Multivariable Calculus/6.2. Applications of Multiple Integrals/Lessons/6.2.2. Density, Mass, and Charge of Plane Laminas.md","vault/MA/Mathematical-Analysis-&-Modeling/MVC/6. Applications of Multivariable Calculus/6.2. Applications of Multiple Integrals/Source/6.2.2. Density, Mass, and Charge of Plane Laminas"
2059,Triple Integrals in Cylindrical Polar Coordinates,78,MVC,MVC.3.5.5,vault/MA/Mathematical-Analysis-&-Modeling/MVC/3. Multiple Integrals/3.5. Change of Variables for Triple Integrals/Lessons/3.5.5. Triple Integrals in Cylindrical Polar Coordinates.md,vault/MA/Mathematical-Analysis-&-Modeling/MVC/3. Multiple Integrals/3.5. Change of Variables for Triple Integrals/Source/3.5.5. Triple Integrals in Cylindrical Polar Coordinates
2169,Linear Regression With Matrices,78,PAS;LAL,PAS.9.2.3;LAL.8.3.1,vault/MA/Mathematical-Analysis-&-Modeling/PAS/9. Regression/9.2. Linear and Nonlinear Regression With Matrices/Lessons/9.2.3. Linear Regression With Matrices.md;vault/MA/Mathematical-Analysis-&-Modeling/LAL/8. Applications of Linear Algebra/8.3. Linear Regression/Lessons/8.3.1. Linear Regression With Matrices.md,vault/MA/Mathematical-Analysis-&-Modeling/PAS/9. Regression/9.2. Linear and Nonlinear Regression With Matrices/Source/9.2.3. Linear Regression With Matrices;vault/MA/Mathematical-Analysis-&-Modeling/LAL/8. Applications of Linear Algebra/8.3. Linear Regression/Source/8.3.1. Linear Regression With Matrices
2524,Simple Harmonic Oscillators,78,DEQ,DEQ.3.5.1,vault/MA/Mathematical-Analysis-&-Modeling/DEQ/3. Linear Differential Equations/3.5. Modeling With Second-Order ODEs/Lessons/3.5.1. Simple Harmonic Oscillators.md,vault/MA/Mathematical-Analysis-&-Modeling/DEQ/3. Linear Differential Equations/3.5. Modeling With Second-Order ODEs/Source/3.5.1. Simple Harmonic Oscillators
2527,Variation of Parameters for Second-Order ODEs,78,DEQ,DEQ.3.4.2,vault/MA/Mathematical-Analysis-&-Modeling/DEQ/3. Linear Differential Equations/3.4. Variation of Parameters/Lessons/3.4.2. Variation of Parameters for Second-Order ODEs.md,vault/MA/Mathematical-Analysis-&-Modeling/DEQ/3. Linear Differential Equations/3.4. Variation of Parameters/Source/3.4.2. Variation of Parameters for Second-Order ODEs
2540,Solving Second-Order ODEs Using Laplace Transforms,78,DEQ,DEQ.5.2.3,vault/MA/Mathematical-Analysis-&-Modeling/DEQ/5. Laplace Transforms/5.2. Solving Linear ODEs Using Laplace Transforms/Lessons/5.2.3. Solving Second-Order ODEs Using Laplace Transforms.md,vault/MA/Mathematical-Analysis-&-Modeling/DEQ/5. Laplace Transforms/5.2. Solving Linear ODEs Using Laplace Transforms/Source/5.2.3. Solving Second-Order ODEs Using Laplace Transforms
2542,Taylor Series Solutions of Differential Equations,78,DEQ,DEQ.7.1.2,vault/MA/Mathematical-Analysis-&-Modeling/DEQ/7. Approximating Solutions to Differential Equations/7.1. Series Solutions of Differential Equations/Lessons/7.1.2. Taylor Series Solutions of Differential Equations.md,vault/MA/Mathematical-Analysis-&-Modeling/DEQ/7. Approximating Solutions to Differential Equations/7.1. Series Solutions of Differential Equations/Source/7.1.2. Taylor Series Solutions of Differential Equations
2543,Power Series Solutions of Differential Equations,78,DEQ,DEQ.7.1.3,vault/MA/Mathematical-Analysis-&-Modeling/DEQ/7. Approximating Solutions to Differential Equations/7.1. Series Solutions of Differential Equations/Lessons/7.1.3. Power Series Solutions of Differential Equations.md,vault/MA/Mathematical-Analysis-&-Modeling/DEQ/7. Approximating Solutions to Differential Equations/7.1. Series Solutions of Differential Equations/Source/7.1.3. Power Series Solutions of Differential Equations
2544,Cauchy-Euler Equations: Characteristic Equations With Repeated Roots,78,DEQ,DEQ.3.3.2,vault/MA/Mathematical-Analysis-&-Modeling/DEQ/3. Linear Differential Equations/3.3. The Cauchy-Euler Equations/Lessons/3.3.2. Cauchy-Euler Equations- Characteristic Equations With Repeated Roots.md,vault/MA/Mathematical-Analysis-&-Modeling/DEQ/3. Linear Differential Equations/3.3. The Cauchy-Euler Equations/Source/3.3.2. Cauchy-Euler Equations- Characteristic Equations With Repeated Roots
2545,Cauchy-Euler Equations: Characteristic Equations With Complex Roots,78,DEQ,DEQ.3.3.3,vault/MA/Mathematical-Analysis-&-Modeling/DEQ/3. Linear Differential Equations/3.3. The Cauchy-Euler Equations/Lessons/3.3.3. Cauchy-Euler Equations- Characteristic Equations With Complex Roots.md,vault/MA/Mathematical-Analysis-&-Modeling/DEQ/3. Linear Differential Equations/3.3. The Cauchy-Euler Equations/Source/3.3.3. Cauchy-Euler Equations- Characteristic Equations With Complex Roots
2638,Line Integrals of Scalar Functions Over Polar Curves,78,MVC,MVC.4.2.5,vault/MA/Mathematical-Analysis-&-Modeling/MVC/4. Line Integrals/4.2. Line Integrals of Scalar Functions Over Parametric Curves/Lessons/4.2.5. Line Integrals of Scalar Functions Over Polar Curves.md,vault/MA/Mathematical-Analysis-&-Modeling/MVC/4. Line Integrals/4.2. Line Integrals of Scalar Functions Over Parametric Curves/Source/4.2.5. Line Integrals of Scalar Functions Over Polar Curves
2741,Second-Order Homogeneous Initial Value Problems,78,DEQ,DEQ.3.2.4,vault/MA/Mathematical-Analysis-&-Modeling/DEQ/3. Linear Differential Equations/3.2. Second-Order Linear ODEs With Constant Coefficients/Lessons/3.2.4. Second-Order Homogeneous Initial Value Problems.md,vault/MA/Mathematical-Analysis-&-Modeling/DEQ/3. Linear Differential Equations/3.2. Second-Order Linear ODEs With Constant Coefficients/Source/3.2.4. Second-Order Homogeneous Initial Value Problems
2840,The Poisson Approximation of the Binomial Distribution,78,PAS,PAS.3.4.5,vault/MA/Mathematical-Analysis-&-Modeling/PAS/3. Discrete Probability Distributions/3.4. The Poisson Distribution/Lessons/3.4.5. The Poisson Approximation of the Binomial Distribution.md,vault/MA/Mathematical-Analysis-&-Modeling/PAS/3. Discrete Probability Distributions/3.4. The Poisson Distribution/Source/3.4.5. The Poisson Approximation of the Binomial Distribution
3023,The Chi-Square Distribution,78,PAS,PAS.4.4.3,vault/MA/Mathematical-Analysis-&-Modeling/PAS/4. Continuous Probability Distributions/4.4. Other Continous Distributions/Lessons/4.4.3. The Chi-Square Distribution.md,vault/MA/Mathematical-Analysis-&-Modeling/PAS/4. Continuous Probability Distributions/4.4. Other Continous Distributions/Source/4.4.3. The Chi-Square Distribution
3075,The Gamma Distribution,78,PAS,PAS.4.4.2,vault/MA/Mathematical-Analysis-&-Modeling/PAS/4. Continuous Probability Distributions/4.4. Other Continous Distributions/Lessons/4.4.2. The Gamma Distribution.md,vault/MA/Mathematical-Analysis-&-Modeling/PAS/4. Continuous Probability Distributions/4.4. Other Continous Distributions/Source/4.4.2. The Gamma Distribution
3122,Change of Variables in Quadratic Forms,78,LAL,LAL.7.2.3,vault/MA/Mathematical-Analysis-&-Modeling/LAL/7. Quadratic Forms/7.2. Quadratic Forms/Lessons/7.2.3. Change of Variables in Quadratic Forms.md,vault/MA/Mathematical-Analysis-&-Modeling/LAL/7. Quadratic Forms/7.2. Quadratic Forms/Source/7.2.3. Change of Variables in Quadratic Forms
3127,Positive-Definite and Negative-Definite Quadratic Forms,78,LAL,LAL.7.2.6,vault/MA/Mathematical-Analysis-&-Modeling/LAL/7. Quadratic Forms/7.2. Quadratic Forms/Lessons/7.2.6. Positive-Definite and Negative-Definite Quadratic Forms.md,vault/MA/Mathematical-Analysis-&-Modeling/LAL/7. Quadratic Forms/7.2. Quadratic Forms/Source/7.2.6. Positive-Definite and Negative-Definite Quadratic Forms
3137,Sampling Proportions From Finite Populations,78,PAS,PAS.6.1.7,"vault/MA/Mathematical-Analysis-&-Modeling/PAS/6. Parametric Inference/6.1. Mean, Variance, and Proportion/Lessons/6.1.7. Sampling Proportions From Finite Populations.md","vault/MA/Mathematical-Analysis-&-Modeling/PAS/6. Parametric Inference/6.1. Mean, Variance, and Proportion/Source/6.1.7. Sampling Proportions From Finite Populations"
3147,The Average Value of a Multivariable Function,78,MVC,MVC.6.2.1,vault/MA/Mathematical-Analysis-&-Modeling/MVC/6. Applications of Multivariable Calculus/6.2. Applications of Multiple Integrals/Lessons/6.2.1. The Average Value of a Multivariable Function.md,vault/MA/Mathematical-Analysis-&-Modeling/MVC/6. Applications of Multivariable Calculus/6.2. Applications of Multiple Integrals/Source/6.2.1. The Average Value of a Multivariable Function
3171,Constrained Optimization of Quadratic Forms,78,LAL,LAL.7.4.1,vault/MA/Mathematical-Analysis-&-Modeling/LAL/7. Quadratic Forms/7.4. Singular Value Decomposition/Lessons/7.4.1. Constrained Optimization of Quadratic Forms.md,vault/MA/Mathematical-Analysis-&-Modeling/LAL/7. Quadratic Forms/7.4. Singular Value Decomposition/Source/7.4.1. Constrained Optimization of Quadratic Forms
3196,Fourier Sine Series,78,DEQ,DEQ.6.2.3,vault/MA/Mathematical-Analysis-&-Modeling/DEQ/6. Boundary Value Problems/6.2. Fourier Series/Lessons/6.2.3. Fourier Sine Series.md,vault/MA/Mathematical-Analysis-&-Modeling/DEQ/6. Boundary Value Problems/6.2. Fourier Series/Source/6.2.3. Fourier Sine Series
3197,Fourier Cosine Series,78,DEQ,DEQ.6.2.4,vault/MA/Mathematical-Analysis-&-Modeling/DEQ/6. Boundary Value Problems/6.2. Fourier Series/Lessons/6.2.4. Fourier Cosine Series.md,vault/MA/Mathematical-Analysis-&-Modeling/DEQ/6. Boundary Value Problems/6.2. Fourier Series/Source/6.2.4. Fourier Cosine Series
3277,Mean and Variance of the Continuous Uniform Distribution,78,PAS,PAS.4.2.2,vault/MA/Mathematical-Analysis-&-Modeling/PAS/4. Continuous Probability Distributions/4.2. The Continuous Uniform Distribution/Lessons/4.2.2. Mean and Variance of the Continuous Uniform Distribution.md,vault/MA/Mathematical-Analysis-&-Modeling/PAS/4. Continuous Probability Distributions/4.2. The Continuous Uniform Distribution/Source/4.2.2. Mean and Variance of the Continuous Uniform Distribution
3288,Constructing Moment-Generating Functions for Discrete Probability Distributions,78,PAS,PAS.2.2.4,vault/MA/Mathematical-Analysis-&-Modeling/PAS/2. Expectation/2.2. Moment-Generating Functions/Lessons/2.2.4. Constructing Moment-Generating Functions for Discrete Probability Distributions.md,vault/MA/Mathematical-Analysis-&-Modeling/PAS/2. Expectation/2.2. Moment-Generating Functions/Source/2.2.4. Constructing Moment-Generating Functions for Discrete Probability Distributions
3574,Finding Complex Eigenvectors of Real 2x2 Matrices,78,LAL,LAL.5.3.4,vault/MA/Mathematical-Analysis-&-Modeling/LAL/5. Diagonalization of Matrices/5.3. Real Matrices With Complex Eigenvalues/Lessons/5.3.4. Finding Complex Eigenvectors of Real 2x2 Matrices.md,vault/MA/Mathematical-Analysis-&-Modeling/LAL/5. Diagonalization of Matrices/5.3. Real Matrices With Complex Eigenvalues/Source/5.3.4. Finding Complex Eigenvectors of Real 2x2 Matrices
3602,Areas of Surfaces,78,MVC,MVC.5.2.6,vault/MA/Mathematical-Analysis-&-Modeling/MVC/5. Surface Integrals/5.2. Surface Area/Lessons/5.2.6. Areas of Surfaces.md,vault/MA/Mathematical-Analysis-&-Modeling/MVC/5. Surface Integrals/5.2. Surface Area/Source/5.2.6. Areas of Surfaces
3690,Line Integrals of Scalar Functions Over Ellipses,78,MVC,MVC.4.2.3,vault/MA/Mathematical-Analysis-&-Modeling/MVC/4. Line Integrals/4.2. Line Integrals of Scalar Functions Over Parametric Curves/Lessons/4.2.3. Line Integrals of Scalar Functions Over Ellipses.md,vault/MA/Mathematical-Analysis-&-Modeling/MVC/4. Line Integrals/4.2. Line Integrals of Scalar Functions Over Parametric Curves/Source/4.2.3. Line Integrals of Scalar Functions Over Ellipses
3715,Flux in Two-Dimensional Vector Fields,78,MVC,MVC.4.5.3,vault/MA/Mathematical-Analysis-&-Modeling/MVC/4. Line Integrals/4.5. Circulation and Flux/Lessons/4.5.3. Flux in Two-Dimensional Vector Fields.md,vault/MA/Mathematical-Analysis-&-Modeling/MVC/4. Line Integrals/4.5. Circulation and Flux/Source/4.5.3. Flux in Two-Dimensional Vector Fields
3820,The Sample Variance,78,PAS,PAS.6.1.3,"vault/MA/Mathematical-Analysis-&-Modeling/PAS/6. Parametric Inference/6.1. Mean, Variance, and Proportion/Lessons/6.1.3. The Sample Variance.md","vault/MA/Mathematical-Analysis-&-Modeling/PAS/6. Parametric Inference/6.1. Mean, Variance, and Proportion/Source/6.1.3. The Sample Variance"
3856,Computing Expected Values From Joint Distributions,78,PAS,PAS.5.4.3,vault/MA/Mathematical-Analysis-&-Modeling/PAS/5. Combining Random Variables/5.4. Expectation for Multivariate Distributions/Lessons/5.4.3. Computing Expected Values From Joint Distributions.md,vault/MA/Mathematical-Analysis-&-Modeling/PAS/5. Combining Random Variables/5.4. Expectation for Multivariate Distributions/Source/5.4.3. Computing Expected Values From Joint Distributions
3863,Independence of Continuous Random Variables,78,PAS,PAS.5.2.3,vault/MA/Mathematical-Analysis-&-Modeling/PAS/5. Combining Random Variables/5.2. Distributions of Two Continuous Random Variables/Lessons/5.2.3. Independence of Continuous Random Variables.md,vault/MA/Mathematical-Analysis-&-Modeling/PAS/5. Combining Random Variables/5.2. Distributions of Two Continuous Random Variables/Source/5.2.3. Independence of Continuous Random Variables
4125,Log-Likelihood Functions for Continuous Probability Distributions,78,PAS,PAS.6.3.6,vault/MA/Mathematical-Analysis-&-Modeling/PAS/6. Parametric Inference/6.3. Maximum Likelihood/Lessons/6.3.6. Log-Likelihood Functions for Continuous Probability Distributions.md,vault/MA/Mathematical-Analysis-&-Modeling/PAS/6. Parametric Inference/6.3. Maximum Likelihood/Source/6.3.6. Log-Likelihood Functions for Continuous Probability Distributions
4131,Critical Regions for Left-Tailed Hypothesis Tests,78,PAS,PAS.8.1.3,vault/MA/Mathematical-Analysis-&-Modeling/PAS/8. Hypothesis Testing/8.1. One-Sample Procedures/Lessons/8.1.3. Critical Regions for Left-Tailed Hypothesis Tests.md,vault/MA/Mathematical-Analysis-&-Modeling/PAS/8. Hypothesis Testing/8.1. One-Sample Procedures/Source/8.1.3. Critical Regions for Left-Tailed Hypothesis Tests
4146,Triple Integrals Over Type I Regions,78,MVC,MVC.3.3.4,vault/MA/Mathematical-Analysis-&-Modeling/MVC/3. Multiple Integrals/3.3. Triple Integrals/Lessons/3.3.4. Triple Integrals Over Type I Regions.md,vault/MA/Mathematical-Analysis-&-Modeling/MVC/3. Multiple Integrals/3.3. Triple Integrals/Source/3.3.4. Triple Integrals Over Type I Regions
4171,Second-Degree Taylor Polynomials of Multivariable Functions,78,MVC,MVC.2.7.6,vault/MA/Mathematical-Analysis-&-Modeling/MVC/2. Multivariable Functions/2.7. Differentiation/Lessons/2.7.6. Second-Degree Taylor Polynomials of Multivariable Functions.md,vault/MA/Mathematical-Analysis-&-Modeling/MVC/2. Multivariable Functions/2.7. Differentiation/Source/2.7.6. Second-Degree Taylor Polynomials of Multivariable Functions
4319,Orthogonal Linear Transformations,78,LAL,LAL.6.2.9,vault/MA/Mathematical-Analysis-&-Modeling/LAL/6. Projections/6.2. Orthogonality/Lessons/6.2.9. Orthogonal Linear Transformations.md,vault/MA/Mathematical-Analysis-&-Modeling/LAL/6. Projections/6.2. Orthogonality/Source/6.2.9. Orthogonal Linear Transformations
4945,The Method of Moments,78,PAS,PAS.6.1.8,"vault/MA/Mathematical-Analysis-&-Modeling/PAS/6. Parametric Inference/6.1. Mean, Variance, and Proportion/Lessons/6.1.8. The Method of Moments.md","vault/MA/Mathematical-Analysis-&-Modeling/PAS/6. Parametric Inference/6.1. Mean, Variance, and Proportion/Source/6.1.8. The Method of Moments"
5377,Newton's Method for Optimizing Multivariable Functions,78,MVC,MVC.2.8.8,vault/MA/Mathematical-Analysis-&-Modeling/MVC/2. Multivariable Functions/2.8. Optimization/Lessons/2.8.8. Newton's Method for Optimizing Multivariable Functions.md,vault/MA/Mathematical-Analysis-&-Modeling/MVC/2. Multivariable Functions/2.8. Optimization/Source/2.8.8. Newton's Method for Optimizing Multivariable Functions
6375,Matrix Exponentials,78,DEQ,DEQ.4.4.1,vault/MA/Mathematical-Analysis-&-Modeling/DEQ/4. Systems of Differential Equations/4.4. Solving Systems of ODEs Using Matrix Methods/Lessons/4.4.1. Matrix Exponentials.md,vault/MA/Mathematical-Analysis-&-Modeling/DEQ/4. Systems of Differential Equations/4.4. Solving Systems of ODEs Using Matrix Methods/Source/4.4.1. Matrix Exponentials
6382,Fourier Series of Arbitrary Period,78,DEQ,DEQ.6.2.5,vault/MA/Mathematical-Analysis-&-Modeling/DEQ/6. Boundary Value Problems/6.2. Fourier Series/Lessons/6.2.5. Fourier Series of Arbitrary Period.md,vault/MA/Mathematical-Analysis-&-Modeling/DEQ/6. Boundary Value Problems/6.2. Fourier Series/Source/6.2.5. Fourier Series of Arbitrary Period
6701,Modeling RC Circuits With First-Order ODEs,78,DEQ,DEQ.2.3.8,vault/MA/Mathematical-Analysis-&-Modeling/DEQ/2. Modeling With First-Order Differential Equations/2.3. Physical Applications of First-Order ODEs/Lessons/2.3.8. Modeling RC Circuits With First-Order ODEs.md,vault/MA/Mathematical-Analysis-&-Modeling/DEQ/2. Modeling With First-Order Differential Equations/2.3. Physical Applications of First-Order ODEs/Source/2.3.8. Modeling RC Circuits With First-Order ODEs
6711,Second-Order Homogeneous Boundary Value Problems,78,DEQ,DEQ.6.1.2,vault/MA/Mathematical-Analysis-&-Modeling/DEQ/6. Boundary Value Problems/6.1. Boundary Value Problems/Lessons/6.1.2. Second-Order Homogeneous Boundary Value Problems.md,vault/MA/Mathematical-Analysis-&-Modeling/DEQ/6. Boundary Value Problems/6.1. Boundary Value Problems/Source/6.1.2. Second-Order Homogeneous Boundary Value Problems
6718,Solving First-Order ODEs With Time-Delayed Forcing Using Laplace Transforms,78,DEQ,DEQ.5.2.2,vault/MA/Mathematical-Analysis-&-Modeling/DEQ/5. Laplace Transforms/5.2. Solving Linear ODEs Using Laplace Transforms/Lessons/5.2.2. Solving First-Order ODEs With Time-Delayed Forcing Using Laplace Transforms.md,vault/MA/Mathematical-Analysis-&-Modeling/DEQ/5. Laplace Transforms/5.2. Solving Linear ODEs Using Laplace Transforms/Source/5.2.2. Solving First-Order ODEs With Time-Delayed Forcing Using Laplace Transforms
881,Second-Order Inhomogeneous ODEs With Polynomial Forcing,79,DEQ,DEQ.3.2.5,vault/MA/Mathematical-Analysis-&-Modeling/DEQ/3. Linear Differential Equations/3.2. Second-Order Linear ODEs With Constant Coefficients/Lessons/3.2.5. Second-Order Inhomogeneous ODEs With Polynomial Forcing.md,vault/MA/Mathematical-Analysis-&-Modeling/DEQ/3. Linear Differential Equations/3.2. Second-Order Linear ODEs With Constant Coefficients/Source/3.2.5. Second-Order Inhomogeneous ODEs With Polynomial Forcing
882,Second-Order Inhomogeneous ODEs With Exponential Forcing,79,DEQ,DEQ.3.2.6,vault/MA/Mathematical-Analysis-&-Modeling/DEQ/3. Linear Differential Equations/3.2. Second-Order Linear ODEs With Constant Coefficients/Lessons/3.2.6. Second-Order Inhomogeneous ODEs With Exponential Forcing.md,vault/MA/Mathematical-Analysis-&-Modeling/DEQ/3. Linear Differential Equations/3.2. Second-Order Linear ODEs With Constant Coefficients/Source/3.2.6. Second-Order Inhomogeneous ODEs With Exponential Forcing
883,Second-Order Inhomogeneous ODEs With Sinusoidal Forcing,79,DEQ,DEQ.3.2.7,vault/MA/Mathematical-Analysis-&-Modeling/DEQ/3. Linear Differential Equations/3.2. Second-Order Linear ODEs With Constant Coefficients/Lessons/3.2.7. Second-Order Inhomogeneous ODEs With Sinusoidal Forcing.md,vault/MA/Mathematical-Analysis-&-Modeling/DEQ/3. Linear Differential Equations/3.2. Second-Order Linear ODEs With Constant Coefficients/Source/3.2.7. Second-Order Inhomogeneous ODEs With Sinusoidal Forcing
1056,The Linear Correlation Coefficient,79,PAS,PAS.9.1.1,vault/MA/Mathematical-Analysis-&-Modeling/PAS/9. Regression/9.1. Correlation and Regression/Lessons/9.1.1. The Linear Correlation Coefficient.md,vault/MA/Mathematical-Analysis-&-Modeling/PAS/9. Regression/9.1. Correlation and Regression/Source/9.1.1. The Linear Correlation Coefficient
1264,Surface Integrals Over Cartesian Surfaces,79,MVC,MVC.5.3.2,vault/MA/Mathematical-Analysis-&-Modeling/MVC/5. Surface Integrals/5.3. Surface Integrals/Lessons/5.3.2. Surface Integrals Over Cartesian Surfaces.md,vault/MA/Mathematical-Analysis-&-Modeling/MVC/5. Surface Integrals/5.3. Surface Integrals/Source/5.3.2. Surface Integrals Over Cartesian Surfaces
1633,Normal Approximations of Binomial Distributions,79,PAS,PAS.4.1.9,vault/MA/Mathematical-Analysis-&-Modeling/PAS/4. Continuous Probability Distributions/4.1. The Normal Distribution/Lessons/4.1.9. Normal Approximations of Binomial Distributions.md,vault/MA/Mathematical-Analysis-&-Modeling/PAS/4. Continuous Probability Distributions/4.1. The Normal Distribution/Source/4.1.9. Normal Approximations of Binomial Distributions
1839,The Curvature of a Plane Curve,79,MVC,MVC.1.2.4,vault/MA/Mathematical-Analysis-&-Modeling/MVC/1. Vector Functions and Vector Fields/1.2. Curvature/Lessons/1.2.4. The Curvature of a Plane Curve.md,vault/MA/Mathematical-Analysis-&-Modeling/MVC/1. Vector Functions and Vector Fields/1.2. Curvature/Source/1.2.4. The Curvature of a Plane Curve
1880,Regular Singular Points,79,DEQ,DEQ.7.1.4,vault/MA/Mathematical-Analysis-&-Modeling/DEQ/7. Approximating Solutions to Differential Equations/7.1. Series Solutions of Differential Equations/Lessons/7.1.4. Regular Singular Points.md,vault/MA/Mathematical-Analysis-&-Modeling/DEQ/7. Approximating Solutions to Differential Equations/7.1. Series Solutions of Differential Equations/Source/7.1.4. Regular Singular Points
1945,Global vs. Local Extrema and Critical Points of Multivariable Functions,79,MVC,MVC.2.8.1,vault/MA/Mathematical-Analysis-&-Modeling/MVC/2. Multivariable Functions/2.8. Optimization/Lessons/2.8.1. Global vs. Local Extrema and Critical Points of Multivariable Functions.md,vault/MA/Mathematical-Analysis-&-Modeling/MVC/2. Multivariable Functions/2.8. Optimization/Source/2.8.1. Global vs. Local Extrema and Critical Points of Multivariable Functions
1971,Diagonalizing a 3x3 Matrix in the General Case,79,LAL,LAL.5.2.4,vault/MA/Mathematical-Analysis-&-Modeling/LAL/5. Diagonalization of Matrices/5.2. Diagonalization/Lessons/5.2.4. Diagonalizing a 3x3 Matrix in the General Case.md,vault/MA/Mathematical-Analysis-&-Modeling/LAL/5. Diagonalization of Matrices/5.2. Diagonalization/Source/5.2.4. Diagonalizing a 3x3 Matrix in the General Case
1997,Changing the Order of Integration in Double Integrals,79,MVC,MVC.3.2.8,vault/MA/Mathematical-Analysis-&-Modeling/MVC/3. Multiple Integrals/3.2. Double Integrals/Lessons/3.2.8. Changing the Order of Integration in Double Integrals.md,vault/MA/Mathematical-Analysis-&-Modeling/MVC/3. Multiple Integrals/3.2. Double Integrals/Source/3.2.8. Changing the Order of Integration in Double Integrals
2018,Reducing Real 2x2 Matrices to Rotation-Scaling Form,79,LAL,LAL.5.3.6,vault/MA/Mathematical-Analysis-&-Modeling/LAL/5. Diagonalization of Matrices/5.3. Real Matrices With Complex Eigenvalues/Lessons/5.3.6. Reducing Real 2x2 Matrices to Rotation-Scaling Form.md,vault/MA/Mathematical-Analysis-&-Modeling/LAL/5. Diagonalization of Matrices/5.3. Real Matrices With Complex Eigenvalues/Source/5.3.6. Reducing Real 2x2 Matrices to Rotation-Scaling Form
2087,Solving Homogeneous Systems of ODEs With Distinct Eigenvalues,79,DEQ,DEQ.4.2.2,vault/MA/Mathematical-Analysis-&-Modeling/DEQ/4. Systems of Differential Equations/4.2. Solving Systems of Linear ODEs/Lessons/4.2.2. Solving Homogeneous Systems of ODEs With Distinct Eigenvalues.md,vault/MA/Mathematical-Analysis-&-Modeling/DEQ/4. Systems of Differential Equations/4.2. Solving Systems of Linear ODEs/Source/4.2.2. Solving Homogeneous Systems of ODEs With Distinct Eigenvalues
2109,Line Integrals With Respect to X and Y,79,MVC,MVC.4.3.1,vault/MA/Mathematical-Analysis-&-Modeling/MVC/4. Line Integrals/4.3. Line Integrals With Respect to X and Y/Lessons/4.3.1. Line Integrals With Respect to X and Y.md,vault/MA/Mathematical-Analysis-&-Modeling/MVC/4. Line Integrals/4.3. Line Integrals With Respect to X and Y/Source/4.3.1. Line Integrals With Respect to X and Y
2129,QR Factorization,79,LAL,LAL.6.4.3,vault/MA/Mathematical-Analysis-&-Modeling/LAL/6. Projections/6.4. Orthogonalization Processes/Lessons/6.4.3. QR Factorization.md,vault/MA/Mathematical-Analysis-&-Modeling/LAL/6. Projections/6.4. Orthogonalization Processes/Source/6.4.3. QR Factorization
2141,Triple Integrals Over Type II Regions,79,MVC,MVC.3.3.5,vault/MA/Mathematical-Analysis-&-Modeling/MVC/3. Multiple Integrals/3.3. Triple Integrals/Lessons/3.3.5. Triple Integrals Over Type II Regions.md,vault/MA/Mathematical-Analysis-&-Modeling/MVC/3. Multiple Integrals/3.3. Triple Integrals/Source/3.3.5. Triple Integrals Over Type II Regions
2142,Triple Integrals Over Type III Regions,79,MVC,MVC.3.3.6,vault/MA/Mathematical-Analysis-&-Modeling/MVC/3. Multiple Integrals/3.3. Triple Integrals/Lessons/3.3.6. Triple Integrals Over Type III Regions.md,vault/MA/Mathematical-Analysis-&-Modeling/MVC/3. Multiple Integrals/3.3. Triple Integrals/Source/3.3.6. Triple Integrals Over Type III Regions
2167,The Least-Squares Solution of a Linear System (With Collinearity),79,PAS;LAL,PAS.9.2.2;LAL.8.1.2,vault/MA/Mathematical-Analysis-&-Modeling/PAS/9. Regression/9.2. Linear and Nonlinear Regression With Matrices/Lessons/9.2.2. The Least-Squares Solution of a Linear System (With Collinearity).md;vault/MA/Mathematical-Analysis-&-Modeling/LAL/8. Applications of Linear Algebra/8.1. Linear Least-Squares Problems/Lessons/8.1.2. The Least-Squares Solution of a Linear System (With Collinearity).md,vault/MA/Mathematical-Analysis-&-Modeling/PAS/9. Regression/9.2. Linear and Nonlinear Regression With Matrices/Source/9.2.2. The Least-Squares Solution of a Linear System (With Collinearity);vault/MA/Mathematical-Analysis-&-Modeling/LAL/8. Applications of Linear Algebra/8.1. Linear Least-Squares Problems/Source/8.1.2. The Least-Squares Solution of a Linear System (With Collinearity)
2170,Polynomial Regression With Matrices,79,PAS;LAL,PAS.9.2.4;LAL.8.3.2,vault/MA/Mathematical-Analysis-&-Modeling/PAS/9. Regression/9.2. Linear and Nonlinear Regression With Matrices/Lessons/9.2.4. Polynomial Regression With Matrices.md;vault/MA/Mathematical-Analysis-&-Modeling/LAL/8. Applications of Linear Algebra/8.3. Linear Regression/Lessons/8.3.2. Polynomial Regression With Matrices.md,vault/MA/Mathematical-Analysis-&-Modeling/PAS/9. Regression/9.2. Linear and Nonlinear Regression With Matrices/Source/9.2.4. Polynomial Regression With Matrices;vault/MA/Mathematical-Analysis-&-Modeling/LAL/8. Applications of Linear Algebra/8.3. Linear Regression/Source/8.3.2. Polynomial Regression With Matrices
2171,Multiple Linear Regression With Matrices,79,PAS;LAL,PAS.9.2.5;LAL.8.3.3,vault/MA/Mathematical-Analysis-&-Modeling/PAS/9. Regression/9.2. Linear and Nonlinear Regression With Matrices/Lessons/9.2.5. Multiple Linear Regression With Matrices.md;vault/MA/Mathematical-Analysis-&-Modeling/LAL/8. Applications of Linear Algebra/8.3. Linear Regression/Lessons/8.3.3. Multiple Linear Regression With Matrices.md,vault/MA/Mathematical-Analysis-&-Modeling/PAS/9. Regression/9.2. Linear and Nonlinear Regression With Matrices/Source/9.2.5. Multiple Linear Regression With Matrices;vault/MA/Mathematical-Analysis-&-Modeling/LAL/8. Applications of Linear Algebra/8.3. Linear Regression/Source/8.3.3. Multiple Linear Regression With Matrices
2200,The Four Fundamental Subspaces of a Matrix,79,LAL,LAL.6.2.10,vault/MA/Mathematical-Analysis-&-Modeling/LAL/6. Projections/6.2. Orthogonality/Lessons/6.2.10. The Four Fundamental Subspaces of a Matrix.md,vault/MA/Mathematical-Analysis-&-Modeling/LAL/6. Projections/6.2. Orthogonality/Source/6.2.10. The Four Fundamental Subspaces of a Matrix
2521,Exact Differential Equations,79,DEQ,DEQ.1.2.3,vault/MA/Mathematical-Analysis-&-Modeling/DEQ/1. First-Order Differential Equations/1.2. Special First-Order Equations/Lessons/1.2.3. Exact Differential Equations.md,vault/MA/Mathematical-Analysis-&-Modeling/DEQ/1. First-Order Differential Equations/1.2. Special First-Order Equations/Source/1.2.3. Exact Differential Equations
2525,Damped Oscillators,79,DEQ,DEQ.3.5.2,vault/MA/Mathematical-Analysis-&-Modeling/DEQ/3. Linear Differential Equations/3.5. Modeling With Second-Order ODEs/Lessons/3.5.2. Damped Oscillators.md,vault/MA/Mathematical-Analysis-&-Modeling/DEQ/3. Linear Differential Equations/3.5. Modeling With Second-Order ODEs/Source/3.5.2. Damped Oscillators
2738,Generalized Eigenvectors,79,LAL,LAL.5.4.2,vault/MA/Mathematical-Analysis-&-Modeling/LAL/5. Diagonalization of Matrices/5.4. Generalized Eigenvectors/Lessons/5.4.2. Generalized Eigenvectors.md,vault/MA/Mathematical-Analysis-&-Modeling/LAL/5. Diagonalization of Matrices/5.4. Generalized Eigenvectors/Source/5.4.2. Generalized Eigenvectors
2835,Double Integrals Between Polar Curves,79,MVC,MVC.3.4.2,vault/MA/Mathematical-Analysis-&-Modeling/MVC/3. Multiple Integrals/3.4. Change of Variables for Double Integrals/Lessons/3.4.2. Double Integrals Between Polar Curves.md,vault/MA/Mathematical-Analysis-&-Modeling/MVC/3. Multiple Integrals/3.4. Change of Variables for Double Integrals/Source/3.4.2. Double Integrals Between Polar Curves
2993,The Normal Approximation of the Poisson Distribution,79,PAS,PAS.4.1.10,vault/MA/Mathematical-Analysis-&-Modeling/PAS/4. Continuous Probability Distributions/4.1. The Normal Distribution/Lessons/4.1.10. The Normal Approximation of the Poisson Distribution.md,vault/MA/Mathematical-Analysis-&-Modeling/PAS/4. Continuous Probability Distributions/4.1. The Normal Distribution/Source/4.1.10. The Normal Approximation of the Poisson Distribution
3009,Combining Two Normally Distributed Random Variables,79,PAS,PAS.5.3.3,vault/MA/Mathematical-Analysis-&-Modeling/PAS/5. Combining Random Variables/5.3. Linear Combinations of Random Variables/Lessons/5.3.3. Combining Two Normally Distributed Random Variables.md,vault/MA/Mathematical-Analysis-&-Modeling/PAS/5. Combining Random Variables/5.3. Linear Combinations of Random Variables/Source/5.3.3. Combining Two Normally Distributed Random Variables
3022,Conditional Distributions for Continuous Random Variables,79,PAS,PAS.5.2.4,vault/MA/Mathematical-Analysis-&-Modeling/PAS/5. Combining Random Variables/5.2. Distributions of Two Continuous Random Variables/Lessons/5.2.4. Conditional Distributions for Continuous Random Variables.md,vault/MA/Mathematical-Analysis-&-Modeling/PAS/5. Combining Random Variables/5.2. Distributions of Two Continuous Random Variables/Source/5.2.4. Conditional Distributions for Continuous Random Variables
3049,The Covariance of Two Random Variables,79,PAS,PAS.5.5.1,vault/MA/Mathematical-Analysis-&-Modeling/PAS/5. Combining Random Variables/5.5. Covariance of Random Variables/Lessons/5.5.1. The Covariance of Two Random Variables.md,vault/MA/Mathematical-Analysis-&-Modeling/PAS/5. Combining Random Variables/5.5. Covariance of Random Variables/Source/5.5.1. The Covariance of Two Random Variables
3077,Maximum Likelihood Estimation,79,PAS,PAS.6.3.7,vault/MA/Mathematical-Analysis-&-Modeling/PAS/6. Parametric Inference/6.3. Maximum Likelihood/Lessons/6.3.7. Maximum Likelihood Estimation.md,vault/MA/Mathematical-Analysis-&-Modeling/PAS/6. Parametric Inference/6.3. Maximum Likelihood/Source/6.3.7. Maximum Likelihood Estimation
3124,Finding the Canonical Form of a Quadratic Form Using Lagrange's Method,79,LAL,LAL.7.2.4,vault/MA/Mathematical-Analysis-&-Modeling/LAL/7. Quadratic Forms/7.2. Quadratic Forms/Lessons/7.2.4. Finding the Canonical Form of a Quadratic Form Using Lagrange's Method.md,vault/MA/Mathematical-Analysis-&-Modeling/LAL/7. Quadratic Forms/7.2. Quadratic Forms/Source/7.2.4. Finding the Canonical Form of a Quadratic Form Using Lagrange's Method
3138,The Sample Covariance Matrix,79,PAS,PAS.5.5.5,vault/MA/Mathematical-Analysis-&-Modeling/PAS/5. Combining Random Variables/5.5. Covariance of Random Variables/Lessons/5.5.5. The Sample Covariance Matrix.md,vault/MA/Mathematical-Analysis-&-Modeling/PAS/5. Combining Random Variables/5.5. Covariance of Random Variables/Source/5.5.5. The Sample Covariance Matrix
3198,Convergence of Fourier Series,79,DEQ,DEQ.6.2.6,vault/MA/Mathematical-Analysis-&-Modeling/DEQ/6. Boundary Value Problems/6.2. Fourier Series/Lessons/6.2.6. Convergence of Fourier Series.md,vault/MA/Mathematical-Analysis-&-Modeling/DEQ/6. Boundary Value Problems/6.2. Fourier Series/Source/6.2.6. Convergence of Fourier Series
3211,Eigenvalues and Eigenfunctions of Homogeneous BVPs,79,DEQ,DEQ.6.1.4,vault/MA/Mathematical-Analysis-&-Modeling/DEQ/6. Boundary Value Problems/6.1. Boundary Value Problems/Lessons/6.1.4. Eigenvalues and Eigenfunctions of Homogeneous BVPs.md,vault/MA/Mathematical-Analysis-&-Modeling/DEQ/6. Boundary Value Problems/6.1. Boundary Value Problems/Source/6.1.4. Eigenvalues and Eigenfunctions of Homogeneous BVPs
3315,One-Factor Within Groups and Between Groups Variation,79,PAS,PAS.8.3.1,vault/MA/Mathematical-Analysis-&-Modeling/PAS/8. Hypothesis Testing/8.3. Analysis of Variance/Lessons/8.3.1. One-Factor Within Groups and Between Groups Variation.md,vault/MA/Mathematical-Analysis-&-Modeling/PAS/8. Hypothesis Testing/8.3. Analysis of Variance/Source/8.3.1. One-Factor Within Groups and Between Groups Variation
3326,Introduction to Order Statistics,79,PAS,PAS.10.1.7,vault/MA/Mathematical-Analysis-&-Modeling/PAS/10. Nonparametric Inference/10.1. Goodness-of-Fit and Order Statistics/Lessons/10.1.7. Introduction to Order Statistics.md,vault/MA/Mathematical-Analysis-&-Modeling/PAS/10. Nonparametric Inference/10.1. Goodness-of-Fit and Order Statistics/Source/10.1.7. Introduction to Order Statistics
3335,Diagonalization of 2x2 Symmetric Matrices,79,LAL,LAL.7.1.2,vault/MA/Mathematical-Analysis-&-Modeling/LAL/7. Quadratic Forms/7.1. Diagonalization of Symmetric Matrices/Lessons/7.1.2. Diagonalization of 2x2 Symmetric Matrices.md,vault/MA/Mathematical-Analysis-&-Modeling/LAL/7. Quadratic Forms/7.1. Diagonalization of Symmetric Matrices/Source/7.1.2. Diagonalization of 2x2 Symmetric Matrices
3338,Circular Motion About the Origin,79,MVC,MVC.6.1.7,vault/MA/Mathematical-Analysis-&-Modeling/MVC/6. Applications of Multivariable Calculus/6.1. Vector Mechanics/Lessons/6.1.7. Circular Motion About the Origin.md,vault/MA/Mathematical-Analysis-&-Modeling/MVC/6. Applications of Multivariable Calculus/6.1. Vector Mechanics/Source/6.1.7. Circular Motion About the Origin
3601,Constructing Moment-Generating Functions for Continuous Probability Distributions,79,PAS,PAS.2.2.5,vault/MA/Mathematical-Analysis-&-Modeling/PAS/2. Expectation/2.2. Moment-Generating Functions/Lessons/2.2.5. Constructing Moment-Generating Functions for Continuous Probability Distributions.md,vault/MA/Mathematical-Analysis-&-Modeling/PAS/2. Expectation/2.2. Moment-Generating Functions/Source/2.2.5. Constructing Moment-Generating Functions for Continuous Probability Distributions
3640,The Joint CDF of Two Continuous Random Variables,79,PAS,PAS.5.2.5,vault/MA/Mathematical-Analysis-&-Modeling/PAS/5. Combining Random Variables/5.2. Distributions of Two Continuous Random Variables/Lessons/5.2.5. The Joint CDF of Two Continuous Random Variables.md,vault/MA/Mathematical-Analysis-&-Modeling/PAS/5. Combining Random Variables/5.2. Distributions of Two Continuous Random Variables/Source/5.2.5. The Joint CDF of Two Continuous Random Variables
3711,Line Integrals of Vector-Valued Functions Over General Curves,79,MVC,MVC.4.4.2,vault/MA/Mathematical-Analysis-&-Modeling/MVC/4. Line Integrals/4.4. Line Integrals of Vector-Valued Functions/Lessons/4.4.2. Line Integrals of Vector-Valued Functions Over General Curves.md,vault/MA/Mathematical-Analysis-&-Modeling/MVC/4. Line Integrals/4.4. Line Integrals of Vector-Valued Functions/Source/4.4.2. Line Integrals of Vector-Valued Functions Over General Curves
4166,Moments and Centers of Mass of Plane Laminas,79,MVC,MVC.6.2.5,vault/MA/Mathematical-Analysis-&-Modeling/MVC/6. Applications of Multivariable Calculus/6.2. Applications of Multiple Integrals/Lessons/6.2.5. Moments and Centers of Mass of Plane Laminas.md,vault/MA/Mathematical-Analysis-&-Modeling/MVC/6. Applications of Multivariable Calculus/6.2. Applications of Multiple Integrals/Source/6.2.5. Moments and Centers of Mass of Plane Laminas
4948,Critical Regions for Right-Tailed Hypothesis Tests,79,PAS,PAS.8.1.4,vault/MA/Mathematical-Analysis-&-Modeling/PAS/8. Hypothesis Testing/8.1. One-Sample Procedures/Lessons/8.1.4. Critical Regions for Right-Tailed Hypothesis Tests.md,vault/MA/Mathematical-Analysis-&-Modeling/PAS/8. Hypothesis Testing/8.1. One-Sample Procedures/Source/8.1.4. Critical Regions for Right-Tailed Hypothesis Tests
5363,The Method of Moments: Two-Parameter Distributions,79,PAS,PAS.6.1.9,"vault/MA/Mathematical-Analysis-&-Modeling/PAS/6. Parametric Inference/6.1. Mean, Variance, and Proportion/Lessons/6.1.9. The Method of Moments- Two-Parameter Distributions.md","vault/MA/Mathematical-Analysis-&-Modeling/PAS/6. Parametric Inference/6.1. Mean, Variance, and Proportion/Source/6.1.9. The Method of Moments- Two-Parameter Distributions"
6383,Differentiating and Integrating Fourier Series,79,DEQ,DEQ.6.2.7,vault/MA/Mathematical-Analysis-&-Modeling/DEQ/6. Boundary Value Problems/6.2. Fourier Series/Lessons/6.2.7. Differentiating and Integrating Fourier Series.md,vault/MA/Mathematical-Analysis-&-Modeling/DEQ/6. Boundary Value Problems/6.2. Fourier Series/Source/6.2.7. Differentiating and Integrating Fourier Series
6704,Solving Second-Order ODEs Using Variation of Parameters,79,DEQ,DEQ.3.4.3,vault/MA/Mathematical-Analysis-&-Modeling/DEQ/3. Linear Differential Equations/3.4. Variation of Parameters/Lessons/3.4.3. Solving Second-Order ODEs Using Variation of Parameters.md,vault/MA/Mathematical-Analysis-&-Modeling/DEQ/3. Linear Differential Equations/3.4. Variation of Parameters/Source/3.4.3. Solving Second-Order ODEs Using Variation of Parameters
6710,Second-Order Inhomogeneous Boundary Value Problems,79,DEQ,DEQ.6.1.3,vault/MA/Mathematical-Analysis-&-Modeling/DEQ/6. Boundary Value Problems/6.1. Boundary Value Problems/Lessons/6.1.3. Second-Order Inhomogeneous Boundary Value Problems.md,vault/MA/Mathematical-Analysis-&-Modeling/DEQ/6. Boundary Value Problems/6.1. Boundary Value Problems/Source/6.1.3. Second-Order Inhomogeneous Boundary Value Problems
6728,Solving Second-Order ODEs With Time-Delayed Forcing Using Laplace Transforms,79,DEQ,DEQ.5.2.4,vault/MA/Mathematical-Analysis-&-Modeling/DEQ/5. Laplace Transforms/5.2. Solving Linear ODEs Using Laplace Transforms/Lessons/5.2.4. Solving Second-Order ODEs With Time-Delayed Forcing Using Laplace Transforms.md,vault/MA/Mathematical-Analysis-&-Modeling/DEQ/5. Laplace Transforms/5.2. Solving Linear ODEs Using Laplace Transforms/Source/5.2.4. Solving Second-Order ODEs With Time-Delayed Forcing Using Laplace Transforms
1845,Modeling Capacitor Charge in RCL Circuits With Second-Order ODEs,80,DEQ,DEQ.3.5.5,vault/MA/Mathematical-Analysis-&-Modeling/DEQ/3. Linear Differential Equations/3.5. Modeling With Second-Order ODEs/Lessons/3.5.5. Modeling Capacitor Charge in RCL Circuits With Second-Order ODEs.md,vault/MA/Mathematical-Analysis-&-Modeling/DEQ/3. Linear Differential Equations/3.5. Modeling With Second-Order ODEs/Source/3.5.5. Modeling Capacitor Charge in RCL Circuits With Second-Order ODEs
1944,The Second Partial Derivatives Test,80,MVC,MVC.2.8.2,vault/MA/Mathematical-Analysis-&-Modeling/MVC/2. Multivariable Functions/2.8. Optimization/Lessons/2.8.2. The Second Partial Derivatives Test.md,vault/MA/Mathematical-Analysis-&-Modeling/MVC/2. Multivariable Functions/2.8. Optimization/Source/2.8.2. The Second Partial Derivatives Test
1948,Lagrange Multipliers With One Constraint,80,MVC,MVC.2.8.4,vault/MA/Mathematical-Analysis-&-Modeling/MVC/2. Multivariable Functions/2.8. Optimization/Lessons/2.8.4. Lagrange Multipliers With One Constraint.md,vault/MA/Mathematical-Analysis-&-Modeling/MVC/2. Multivariable Functions/2.8. Optimization/Source/2.8.4. Lagrange Multipliers With One Constraint
2019,Block Diagonalization of NxN Matrices,80,LAL,LAL.5.3.7,vault/MA/Mathematical-Analysis-&-Modeling/LAL/5. Diagonalization of Matrices/5.3. Real Matrices With Complex Eigenvalues/Lessons/5.3.7. Block Diagonalization of NxN Matrices.md,vault/MA/Mathematical-Analysis-&-Modeling/LAL/5. Diagonalization of Matrices/5.3. Real Matrices With Complex Eigenvalues/Source/5.3.7. Block Diagonalization of NxN Matrices
2027,Moments of Inertia of Laminas About the Coordinate Axes,80,MVC,MVC.6.2.6,vault/MA/Mathematical-Analysis-&-Modeling/MVC/6. Applications of Multivariable Calculus/6.2. Applications of Multiple Integrals/Lessons/6.2.6. Moments of Inertia of Laminas About the Coordinate Axes.md,vault/MA/Mathematical-Analysis-&-Modeling/MVC/6. Applications of Multivariable Calculus/6.2. Applications of Multiple Integrals/Source/6.2.6. Moments of Inertia of Laminas About the Coordinate Axes
2053,Calculating Volumes of Solids Using Triple Integrals,80,MVC,MVC.3.3.7,vault/MA/Mathematical-Analysis-&-Modeling/MVC/3. Multiple Integrals/3.3. Triple Integrals/Lessons/3.3.7. Calculating Volumes of Solids Using Triple Integrals.md,vault/MA/Mathematical-Analysis-&-Modeling/MVC/3. Multiple Integrals/3.3. Triple Integrals/Source/3.3.7. Calculating Volumes of Solids Using Triple Integrals
2056,Changing the Order of Integration in Triple Integrals: Changing Projection,80,MVC,MVC.3.3.8,vault/MA/Mathematical-Analysis-&-Modeling/MVC/3. Multiple Integrals/3.3. Triple Integrals/Lessons/3.3.8. Changing the Order of Integration in Triple Integrals- Changing Projection.md,vault/MA/Mathematical-Analysis-&-Modeling/MVC/3. Multiple Integrals/3.3. Triple Integrals/Source/3.3.8. Changing the Order of Integration in Triple Integrals- Changing Projection
2088,Solving Homogeneous Systems of ODEs With Distinct Eigenvalues and Initial Conditions,80,DEQ,DEQ.4.2.3,vault/MA/Mathematical-Analysis-&-Modeling/DEQ/4. Systems of Differential Equations/4.2. Solving Systems of Linear ODEs/Lessons/4.2.3. Solving Homogeneous Systems of ODEs With Distinct Eigenvalues and Initial Conditions.md,vault/MA/Mathematical-Analysis-&-Modeling/DEQ/4. Systems of Differential Equations/4.2. Solving Systems of Linear ODEs/Source/4.2.3. Solving Homogeneous Systems of ODEs With Distinct Eigenvalues and Initial Conditions
2110,The Fundamental Theorem for Line Integrals,80,MVC,MVC.4.4.5,vault/MA/Mathematical-Analysis-&-Modeling/MVC/4. Line Integrals/4.4. Line Integrals of Vector-Valued Functions/Lessons/4.4.5. The Fundamental Theorem for Line Integrals.md,vault/MA/Mathematical-Analysis-&-Modeling/MVC/4. Line Integrals/4.4. Line Integrals of Vector-Valued Functions/Source/4.4.5. The Fundamental Theorem for Line Integrals
2168,Finding a Least-Squares Solution Using QR Factorization,80,LAL,LAL.8.1.3,vault/MA/Mathematical-Analysis-&-Modeling/LAL/8. Applications of Linear Algebra/8.1. Linear Least-Squares Problems/Lessons/8.1.3. Finding a Least-Squares Solution Using QR Factorization.md,vault/MA/Mathematical-Analysis-&-Modeling/LAL/8. Applications of Linear Algebra/8.1. Linear Least-Squares Problems/Source/8.1.3. Finding a Least-Squares Solution Using QR Factorization
2523,The Method of Frobenius,80,DEQ,DEQ.7.1.5,vault/MA/Mathematical-Analysis-&-Modeling/DEQ/7. Approximating Solutions to Differential Equations/7.1. Series Solutions of Differential Equations/Lessons/7.1.5. The Method of Frobenius.md,vault/MA/Mathematical-Analysis-&-Modeling/DEQ/7. Approximating Solutions to Differential Equations/7.1. Series Solutions of Differential Equations/Source/7.1.5. The Method of Frobenius
2526,Forced Oscillators,80,DEQ,DEQ.3.5.3,vault/MA/Mathematical-Analysis-&-Modeling/DEQ/3. Linear Differential Equations/3.5. Modeling With Second-Order ODEs/Lessons/3.5.3. Forced Oscillators.md,vault/MA/Mathematical-Analysis-&-Modeling/DEQ/3. Linear Differential Equations/3.5. Modeling With Second-Order ODEs/Source/3.5.3. Forced Oscillators
2546,Cauchy-Euler Equations With Forcing,80,DEQ,DEQ.3.3.4,vault/MA/Mathematical-Analysis-&-Modeling/DEQ/3. Linear Differential Equations/3.3. The Cauchy-Euler Equations/Lessons/3.3.4. Cauchy-Euler Equations With Forcing.md,vault/MA/Mathematical-Analysis-&-Modeling/DEQ/3. Linear Differential Equations/3.3. The Cauchy-Euler Equations/Source/3.3.4. Cauchy-Euler Equations With Forcing
3020,Spearman's Rank Correlation Coefficient,80,PAS,PAS.9.1.4,vault/MA/Mathematical-Analysis-&-Modeling/PAS/9. Regression/9.1. Correlation and Regression/Lessons/9.1.4. Spearman's Rank Correlation Coefficient.md,vault/MA/Mathematical-Analysis-&-Modeling/PAS/9. Regression/9.1. Correlation and Regression/Source/9.1.4. Spearman's Rank Correlation Coefficient
3050,The Correlation Coefficient for Two Random Variables,80,PAS,PAS.5.5.4,vault/MA/Mathematical-Analysis-&-Modeling/PAS/5. Combining Random Variables/5.5. Covariance of Random Variables/Lessons/5.5.4. The Correlation Coefficient for Two Random Variables.md,vault/MA/Mathematical-Analysis-&-Modeling/PAS/5. Combining Random Variables/5.5. Covariance of Random Variables/Source/5.5.4. The Correlation Coefficient for Two Random Variables
3070,Properties of Moment-Generating Functions,80,PAS,PAS.2.2.6,vault/MA/Mathematical-Analysis-&-Modeling/PAS/2. Expectation/2.2. Moment-Generating Functions/Lessons/2.2.6. Properties of Moment-Generating Functions.md,vault/MA/Mathematical-Analysis-&-Modeling/PAS/2. Expectation/2.2. Moment-Generating Functions/Source/2.2.6. Properties of Moment-Generating Functions
3119,Diagonalization of 3x3 Symmetric Matrices,80,LAL,LAL.7.1.3,vault/MA/Mathematical-Analysis-&-Modeling/LAL/7. Quadratic Forms/7.1. Diagonalization of Symmetric Matrices/Lessons/7.1.3. Diagonalization of 3x3 Symmetric Matrices.md,vault/MA/Mathematical-Analysis-&-Modeling/LAL/7. Quadratic Forms/7.1. Diagonalization of Symmetric Matrices/Source/7.1.3. Diagonalization of 3x3 Symmetric Matrices
3135,Weighted Least-Squares,80,LAL,LAL.8.1.4,vault/MA/Mathematical-Analysis-&-Modeling/LAL/8. Applications of Linear Algebra/8.1. Linear Least-Squares Problems/Lessons/8.1.4. Weighted Least-Squares.md,vault/MA/Mathematical-Analysis-&-Modeling/LAL/8. Applications of Linear Algebra/8.1. Linear Least-Squares Problems/Source/8.1.4. Weighted Least-Squares
3177,The Components of Acceleration,80,MVC,MVC.6.1.3,vault/MA/Mathematical-Analysis-&-Modeling/MVC/6. Applications of Multivariable Calculus/6.1. Vector Mechanics/Lessons/6.1.3. The Components of Acceleration.md,vault/MA/Mathematical-Analysis-&-Modeling/MVC/6. Applications of Multivariable Calculus/6.1. Vector Mechanics/Source/6.1.3. The Components of Acceleration
3178,Flux in Three-Dimensional Vector Fields,80,MVC,MVC.5.3.3,vault/MA/Mathematical-Analysis-&-Modeling/MVC/5. Surface Integrals/5.3. Surface Integrals/Lessons/5.3.3. Flux in Three-Dimensional Vector Fields.md,vault/MA/Mathematical-Analysis-&-Modeling/MVC/5. Surface Integrals/5.3. Surface Integrals/Source/5.3.3. Flux in Three-Dimensional Vector Fields
3209,Variation of Parameters With Higher-Order ODEs,80,DEQ,DEQ.3.4.4,vault/MA/Mathematical-Analysis-&-Modeling/DEQ/3. Linear Differential Equations/3.4. Variation of Parameters/Lessons/3.4.4. Variation of Parameters With Higher-Order ODEs.md,vault/MA/Mathematical-Analysis-&-Modeling/DEQ/3. Linear Differential Equations/3.4. Variation of Parameters/Source/3.4.4. Variation of Parameters With Higher-Order ODEs
3629,Jordan Canonical Form of a 2x2 Matrix,80,LAL,LAL.5.5.2,vault/MA/Mathematical-Analysis-&-Modeling/LAL/5. Diagonalization of Matrices/5.5. Jordan Canonical Decomposition/Lessons/5.5.2. Jordan Canonical Form of a 2x2 Matrix.md,vault/MA/Mathematical-Analysis-&-Modeling/LAL/5. Diagonalization of Matrices/5.5. Jordan Canonical Decomposition/Source/5.5.2. Jordan Canonical Form of a 2x2 Matrix
3633,Ranks of Generalized Eigenvectors,80,LAL,LAL.5.4.3,vault/MA/Mathematical-Analysis-&-Modeling/LAL/5. Diagonalization of Matrices/5.4. Generalized Eigenvectors/Lessons/5.4.3. Ranks of Generalized Eigenvectors.md,vault/MA/Mathematical-Analysis-&-Modeling/LAL/5. Diagonalization of Matrices/5.4. Generalized Eigenvectors/Source/5.4.3. Ranks of Generalized Eigenvectors
3638,Combining Multiple Normally Distributed Random Variables,80,PAS,PAS.5.3.4,vault/MA/Mathematical-Analysis-&-Modeling/PAS/5. Combining Random Variables/5.3. Linear Combinations of Random Variables/Lessons/5.3.4. Combining Multiple Normally Distributed Random Variables.md,vault/MA/Mathematical-Analysis-&-Modeling/PAS/5. Combining Random Variables/5.3. Linear Combinations of Random Variables/Source/5.3.4. Combining Multiple Normally Distributed Random Variables
3694,Interpreting Line Integrals of Vector-Valued Functions,80,MVC,MVC.4.4.3,vault/MA/Mathematical-Analysis-&-Modeling/MVC/4. Line Integrals/4.4. Line Integrals of Vector-Valued Functions/Lessons/4.4.3. Interpreting Line Integrals of Vector-Valued Functions.md,vault/MA/Mathematical-Analysis-&-Modeling/MVC/4. Line Integrals/4.4. Line Integrals of Vector-Valued Functions/Source/4.4.3. Interpreting Line Integrals of Vector-Valued Functions
3705,Sums of Line Integrals With Respect to X and Y Over Parametric Curves,80,MVC,MVC.4.3.3,vault/MA/Mathematical-Analysis-&-Modeling/MVC/4. Line Integrals/4.3. Line Integrals With Respect to X and Y/Lessons/4.3.3. Sums of Line Integrals With Respect to X and Y Over Parametric Curves.md,vault/MA/Mathematical-Analysis-&-Modeling/MVC/4. Line Integrals/4.3. Line Integrals With Respect to X and Y/Source/4.3.3. Sums of Line Integrals With Respect to X and Y Over Parametric Curves
3708,Properties of Line Integrals With Respect to X and Y,80,MVC,MVC.4.3.2,vault/MA/Mathematical-Analysis-&-Modeling/MVC/4. Line Integrals/4.3. Line Integrals With Respect to X and Y/Lessons/4.3.2. Properties of Line Integrals With Respect to X and Y.md,vault/MA/Mathematical-Analysis-&-Modeling/MVC/4. Line Integrals/4.3. Line Integrals With Respect to X and Y/Source/4.3.2. Properties of Line Integrals With Respect to X and Y
3866,Properties of the Joint CDF of Two Continuous Random Variables,80,PAS,PAS.5.2.6,vault/MA/Mathematical-Analysis-&-Modeling/PAS/5. Combining Random Variables/5.2. Distributions of Two Continuous Random Variables/Lessons/5.2.6. Properties of the Joint CDF of Two Continuous Random Variables.md,vault/MA/Mathematical-Analysis-&-Modeling/PAS/5. Combining Random Variables/5.2. Distributions of Two Continuous Random Variables/Source/5.2.6. Properties of the Joint CDF of Two Continuous Random Variables
3940,Variance of Sums of Random Variables,80,PAS,PAS.5.5.2,vault/MA/Mathematical-Analysis-&-Modeling/PAS/5. Combining Random Variables/5.5. Covariance of Random Variables/Lessons/5.5.2. Variance of Sums of Random Variables.md,vault/MA/Mathematical-Analysis-&-Modeling/PAS/5. Combining Random Variables/5.5. Covariance of Random Variables/Source/5.5.2. Variance of Sums of Random Variables
4120,Two-Tailed Hypothesis Tests,80,PAS,PAS.8.1.5,vault/MA/Mathematical-Analysis-&-Modeling/PAS/8. Hypothesis Testing/8.1. One-Sample Procedures/Lessons/8.1.5. Two-Tailed Hypothesis Tests.md,vault/MA/Mathematical-Analysis-&-Modeling/PAS/8. Hypothesis Testing/8.1. One-Sample Procedures/Source/8.1.5. Two-Tailed Hypothesis Tests
4132,Computing Double Integrals Using a Change of Variables,80,MVC,MVC.3.4.4,vault/MA/Mathematical-Analysis-&-Modeling/MVC/3. Multiple Integrals/3.4. Change of Variables for Double Integrals/Lessons/3.4.4. Computing Double Integrals Using a Change of Variables.md,vault/MA/Mathematical-Analysis-&-Modeling/MVC/3. Multiple Integrals/3.4. Change of Variables for Double Integrals/Source/3.4.4. Computing Double Integrals Using a Change of Variables
6353,Solving Exact ODEs Using Integrating Factors,80,DEQ,DEQ.1.2.4,vault/MA/Mathematical-Analysis-&-Modeling/DEQ/1. First-Order Differential Equations/1.2. Special First-Order Equations/Lessons/1.2.4. Solving Exact ODEs Using Integrating Factors.md,vault/MA/Mathematical-Analysis-&-Modeling/DEQ/1. First-Order Differential Equations/1.2. Special First-Order Equations/Source/1.2.4. Solving Exact ODEs Using Integrating Factors
1947,Calculating Global Extrema of Multivariable Functions,81,MVC,MVC.2.8.3,vault/MA/Mathematical-Analysis-&-Modeling/MVC/2. Multivariable Functions/2.8. Optimization/Lessons/2.8.3. Calculating Global Extrema of Multivariable Functions.md,vault/MA/Mathematical-Analysis-&-Modeling/MVC/2. Multivariable Functions/2.8. Optimization/Source/2.8.3. Calculating Global Extrema of Multivariable Functions
2533,Classifying Equilibrium Solutions of First-Order ODEs,81,DEQ,DEQ.1.4.4,vault/MA/Mathematical-Analysis-&-Modeling/DEQ/1. First-Order Differential Equations/1.4. Qualitative Techniques for Differential Equations/Lessons/1.4.4. Classifying Equilibrium Solutions of First-Order ODEs.md,vault/MA/Mathematical-Analysis-&-Modeling/DEQ/1. First-Order Differential Equations/1.4. Qualitative Techniques for Differential Equations/Source/1.4.4. Classifying Equilibrium Solutions of First-Order ODEs
2818,Solving Homogeneous Systems of ODEs With Repeated Eigenvalues,81,DEQ,DEQ.4.2.4,vault/MA/Mathematical-Analysis-&-Modeling/DEQ/4. Systems of Differential Equations/4.2. Solving Systems of Linear ODEs/Lessons/4.2.4. Solving Homogeneous Systems of ODEs With Repeated Eigenvalues.md,vault/MA/Mathematical-Analysis-&-Modeling/DEQ/4. Systems of Differential Equations/4.2. Solving Systems of Linear ODEs/Source/4.2.4. Solving Homogeneous Systems of ODEs With Repeated Eigenvalues
2819,Solving Homogeneous Systems of ODEs With Complex Eigenvalues,81,DEQ,DEQ.4.2.5,vault/MA/Mathematical-Analysis-&-Modeling/DEQ/4. Systems of Differential Equations/4.2. Solving Systems of Linear ODEs/Lessons/4.2.5. Solving Homogeneous Systems of ODEs With Complex Eigenvalues.md,vault/MA/Mathematical-Analysis-&-Modeling/DEQ/4. Systems of Differential Equations/4.2. Solving Systems of Linear ODEs/Source/4.2.5. Solving Homogeneous Systems of ODEs With Complex Eigenvalues
3012,Type I and Type II Errors,81,PAS,PAS.8.1.6,vault/MA/Mathematical-Analysis-&-Modeling/PAS/8. Hypothesis Testing/8.1. One-Sample Procedures/Lessons/8.1.6. Type I and Type II Errors.md,vault/MA/Mathematical-Analysis-&-Modeling/PAS/8. Hypothesis Testing/8.1. One-Sample Procedures/Source/8.1.6. Type I and Type II Errors
3120,The Spectral Theorem,81,LAL,LAL.7.1.4,vault/MA/Mathematical-Analysis-&-Modeling/LAL/7. Quadratic Forms/7.1. Diagonalization of Symmetric Matrices/Lessons/7.1.4. The Spectral Theorem.md,vault/MA/Mathematical-Analysis-&-Modeling/LAL/7. Quadratic Forms/7.1. Diagonalization of Symmetric Matrices/Source/7.1.4. The Spectral Theorem
3126,Finding the Canonical Form of a Quadratic Form Using Orthogonal Transformations,81,LAL,LAL.7.2.5,vault/MA/Mathematical-Analysis-&-Modeling/LAL/7. Quadratic Forms/7.2. Quadratic Forms/Lessons/7.2.5. Finding the Canonical Form of a Quadratic Form Using Orthogonal Transformations.md,vault/MA/Mathematical-Analysis-&-Modeling/LAL/7. Quadratic Forms/7.2. Quadratic Forms/Source/7.2.5. Finding the Canonical Form of a Quadratic Form Using Orthogonal Transformations
3188,Phase Planes and Phase Portraits,81,DEQ,DEQ.4.3.1,vault/MA/Mathematical-Analysis-&-Modeling/DEQ/4. Systems of Differential Equations/4.3. Phase Portraits for Systems of Linear ODEs/Lessons/4.3.1. Phase Planes and Phase Portraits.md,vault/MA/Mathematical-Analysis-&-Modeling/DEQ/4. Systems of Differential Equations/4.3. Phase Portraits for Systems of Linear ODEs/Source/4.3.1. Phase Planes and Phase Portraits
3232,Solving Homogeneous Systems of ODEs Using Laplace Transforms,81,DEQ,DEQ.5.2.5,vault/MA/Mathematical-Analysis-&-Modeling/DEQ/5. Laplace Transforms/5.2. Solving Linear ODEs Using Laplace Transforms/Lessons/5.2.5. Solving Homogeneous Systems of ODEs Using Laplace Transforms.md,vault/MA/Mathematical-Analysis-&-Modeling/DEQ/5. Laplace Transforms/5.2. Solving Linear ODEs Using Laplace Transforms/Source/5.2.5. Solving Homogeneous Systems of ODEs Using Laplace Transforms
3293,The Uniqueness Property of MGFs,81,PAS,PAS.2.2.7,vault/MA/Mathematical-Analysis-&-Modeling/PAS/2. Expectation/2.2. Moment-Generating Functions/Lessons/2.2.7. The Uniqueness Property of MGFs.md,vault/MA/Mathematical-Analysis-&-Modeling/PAS/2. Expectation/2.2. Moment-Generating Functions/Source/2.2.7. The Uniqueness Property of MGFs
3360,Path Independence of Line Integrals,81,MVC,MVC.4.4.6,vault/MA/Mathematical-Analysis-&-Modeling/MVC/4. Line Integrals/4.4. Line Integrals of Vector-Valued Functions/Lessons/4.4.6. Path Independence of Line Integrals.md,vault/MA/Mathematical-Analysis-&-Modeling/MVC/4. Line Integrals/4.4. Line Integrals of Vector-Valued Functions/Source/4.4.6. Path Independence of Line Integrals
3380,Lagrange Multipliers With Multiple Constraints,81,MVC,MVC.2.8.5,vault/MA/Mathematical-Analysis-&-Modeling/MVC/2. Multivariable Functions/2.8. Optimization/Lessons/2.8.5. Lagrange Multipliers With Multiple Constraints.md,vault/MA/Mathematical-Analysis-&-Modeling/MVC/2. Multivariable Functions/2.8. Optimization/Source/2.8.5. Lagrange Multipliers With Multiple Constraints
3634,Finding Generalized Eigenvectors of Specific Ranks,81,LAL,LAL.5.4.4,vault/MA/Mathematical-Analysis-&-Modeling/LAL/5. Diagonalization of Matrices/5.4. Generalized Eigenvectors/Lessons/5.4.4. Finding Generalized Eigenvectors of Specific Ranks.md,vault/MA/Mathematical-Analysis-&-Modeling/LAL/5. Diagonalization of Matrices/5.4. Generalized Eigenvectors/Source/5.4.4. Finding Generalized Eigenvectors of Specific Ranks
3652,Jordan Canonical Decomposition of a 2x2 Matrix,81,LAL,LAL.5.5.3,vault/MA/Mathematical-Analysis-&-Modeling/LAL/5. Diagonalization of Matrices/5.5. Jordan Canonical Decomposition/Lessons/5.5.3. Jordan Canonical Decomposition of a 2x2 Matrix.md,vault/MA/Mathematical-Analysis-&-Modeling/LAL/5. Diagonalization of Matrices/5.5. Jordan Canonical Decomposition/Source/5.5.3. Jordan Canonical Decomposition of a 2x2 Matrix
3703,Sums of Line Integrals With Respect to X and Y,81,MVC,MVC.4.3.4,vault/MA/Mathematical-Analysis-&-Modeling/MVC/4. Line Integrals/4.3. Line Integrals With Respect to X and Y/Lessons/4.3.4. Sums of Line Integrals With Respect to X and Y.md,vault/MA/Mathematical-Analysis-&-Modeling/MVC/4. Line Integrals/4.3. Line Integrals With Respect to X and Y/Source/4.3.4. Sums of Line Integrals With Respect to X and Y
3704,Properties of Line Integrals of Vector-Valued Functions,81,MVC,MVC.4.4.4,vault/MA/Mathematical-Analysis-&-Modeling/MVC/4. Line Integrals/4.4. Line Integrals of Vector-Valued Functions/Lessons/4.4.4. Properties of Line Integrals of Vector-Valued Functions.md,vault/MA/Mathematical-Analysis-&-Modeling/MVC/4. Line Integrals/4.4. Line Integrals of Vector-Valued Functions/Source/4.4.4. Properties of Line Integrals of Vector-Valued Functions
3859,I.I.D Normal Random Variables,81,PAS,PAS.5.3.5,vault/MA/Mathematical-Analysis-&-Modeling/PAS/5. Combining Random Variables/5.3. Linear Combinations of Random Variables/Lessons/5.3.5. I.I.D Normal Random Variables.md,vault/MA/Mathematical-Analysis-&-Modeling/PAS/5. Combining Random Variables/5.3. Linear Combinations of Random Variables/Source/5.3.5. I.I.D Normal Random Variables
3939,The Covariance Matrix,81,PAS,PAS.5.5.3,vault/MA/Mathematical-Analysis-&-Modeling/PAS/5. Combining Random Variables/5.5. Covariance of Random Variables/Lessons/5.5.3. The Covariance Matrix.md,vault/MA/Mathematical-Analysis-&-Modeling/PAS/5. Combining Random Variables/5.5. Covariance of Random Variables/Source/5.5.3. The Covariance Matrix
4145,Calculating Flux Through Parametric Surfaces,81,MVC,MVC.5.3.5,vault/MA/Mathematical-Analysis-&-Modeling/MVC/5. Surface Integrals/5.3. Surface Integrals/Lessons/5.3.5. Calculating Flux Through Parametric Surfaces.md,vault/MA/Mathematical-Analysis-&-Modeling/MVC/5. Surface Integrals/5.3. Surface Integrals/Source/5.3.5. Calculating Flux Through Parametric Surfaces
4151,Computing Triple Integrals Using a Change of Variables,81,MVC,MVC.3.5.7,vault/MA/Mathematical-Analysis-&-Modeling/MVC/3. Multiple Integrals/3.5. Change of Variables for Triple Integrals/Lessons/3.5.7. Computing Triple Integrals Using a Change of Variables.md,vault/MA/Mathematical-Analysis-&-Modeling/MVC/3. Multiple Integrals/3.5. Change of Variables for Triple Integrals/Source/3.5.7. Computing Triple Integrals Using a Change of Variables
4158,Changing the Order of Integration in Triple Integrals: Changing Region,81,MVC,MVC.3.3.9,vault/MA/Mathematical-Analysis-&-Modeling/MVC/3. Multiple Integrals/3.3. Triple Integrals/Lessons/3.3.9. Changing the Order of Integration in Triple Integrals- Changing Region.md,vault/MA/Mathematical-Analysis-&-Modeling/MVC/3. Multiple Integrals/3.3. Triple Integrals/Source/3.3.9. Changing the Order of Integration in Triple Integrals- Changing Region
4164,Optimizing Multivariable Functions Using Lagrange Multipliers,81,MVC,MVC.2.8.6,vault/MA/Mathematical-Analysis-&-Modeling/MVC/2. Multivariable Functions/2.8. Optimization/Lessons/2.8.6. Optimizing Multivariable Functions Using Lagrange Multipliers.md,vault/MA/Mathematical-Analysis-&-Modeling/MVC/2. Multivariable Functions/2.8. Optimization/Source/2.8.6. Optimizing Multivariable Functions Using Lagrange Multipliers
4173,Moments of Inertia of Laminas About Other Axes,81,MVC,MVC.6.2.7,vault/MA/Mathematical-Analysis-&-Modeling/MVC/6. Applications of Multivariable Calculus/6.2. Applications of Multiple Integrals/Lessons/6.2.7. Moments of Inertia of Laminas About Other Axes.md,vault/MA/Mathematical-Analysis-&-Modeling/MVC/6. Applications of Multivariable Calculus/6.2. Applications of Multiple Integrals/Source/6.2.7. Moments of Inertia of Laminas About Other Axes
4174,Calculating the Radius of Gyration of a Plane Lamina,81,MVC,MVC.6.2.8,vault/MA/Mathematical-Analysis-&-Modeling/MVC/6. Applications of Multivariable Calculus/6.2. Applications of Multiple Integrals/Lessons/6.2.8. Calculating the Radius of Gyration of a Plane Lamina.md,vault/MA/Mathematical-Analysis-&-Modeling/MVC/6. Applications of Multivariable Calculus/6.2. Applications of Multiple Integrals/Source/6.2.8. Calculating the Radius of Gyration of a Plane Lamina
4238,Constrained Optimization of Quadratic Forms: Determining Where Extrema are Attained,81,LAL,LAL.7.4.2,vault/MA/Mathematical-Analysis-&-Modeling/LAL/7. Quadratic Forms/7.4. Singular Value Decomposition/Lessons/7.4.2. Constrained Optimization of Quadratic Forms- Determining Where Extrema are Attained.md,vault/MA/Mathematical-Analysis-&-Modeling/LAL/7. Quadratic Forms/7.4. Singular Value Decomposition/Source/7.4.2. Constrained Optimization of Quadratic Forms- Determining Where Extrema are Attained
6376,Fundamental Matrices,81,DEQ,DEQ.4.4.2,vault/MA/Mathematical-Analysis-&-Modeling/DEQ/4. Systems of Differential Equations/4.4. Solving Systems of ODEs Using Matrix Methods/Lessons/4.4.2. Fundamental Matrices.md,vault/MA/Mathematical-Analysis-&-Modeling/DEQ/4. Systems of Differential Equations/4.4. Solving Systems of ODEs Using Matrix Methods/Source/4.4.2. Fundamental Matrices
6720,Resonance in Vibrating Systems,81,DEQ,DEQ.3.5.4,vault/MA/Mathematical-Analysis-&-Modeling/DEQ/3. Linear Differential Equations/3.5. Modeling With Second-Order ODEs/Lessons/3.5.4. Resonance in Vibrating Systems.md,vault/MA/Mathematical-Analysis-&-Modeling/DEQ/3. Linear Differential Equations/3.5. Modeling With Second-Order ODEs/Source/3.5.4. Resonance in Vibrating Systems
6726,Modeling Current in RCL Circuits With Second-Order ODEs,81,DEQ,DEQ.3.5.6,vault/MA/Mathematical-Analysis-&-Modeling/DEQ/3. Linear Differential Equations/3.5. Modeling With Second-Order ODEs/Lessons/3.5.6. Modeling Current in RCL Circuits With Second-Order ODEs.md,vault/MA/Mathematical-Analysis-&-Modeling/DEQ/3. Linear Differential Equations/3.5. Modeling With Second-Order ODEs/Source/3.5.6. Modeling Current in RCL Circuits With Second-Order ODEs
6727,Finding Recurrence Relations for the Coefficients of a Frobenius Solution,81,DEQ,DEQ.7.1.6,vault/MA/Mathematical-Analysis-&-Modeling/DEQ/7. Approximating Solutions to Differential Equations/7.1. Series Solutions of Differential Equations/Lessons/7.1.6. Finding Recurrence Relations for the Coefficients of a Frobenius Solution.md,vault/MA/Mathematical-Analysis-&-Modeling/DEQ/7. Approximating Solutions to Differential Equations/7.1. Series Solutions of Differential Equations/Source/7.1.6. Finding Recurrence Relations for the Coefficients of a Frobenius Solution
918,The Bivariate Normal Distribution,82,PAS,PAS.5.2.7,vault/MA/Mathematical-Analysis-&-Modeling/PAS/5. Combining Random Variables/5.2. Distributions of Two Continuous Random Variables/Lessons/5.2.7. The Bivariate Normal Distribution.md,vault/MA/Mathematical-Analysis-&-Modeling/PAS/5. Combining Random Variables/5.2. Distributions of Two Continuous Random Variables/Source/5.2.7. The Bivariate Normal Distribution
2028,The Parallel Axis Theorem,82,MVC,MVC.6.2.9,vault/MA/Mathematical-Analysis-&-Modeling/MVC/6. Applications of Multivariable Calculus/6.2. Applications of Multiple Integrals/Lessons/6.2.9. The Parallel Axis Theorem.md,vault/MA/Mathematical-Analysis-&-Modeling/MVC/6. Applications of Multivariable Calculus/6.2. Applications of Multiple Integrals/Source/6.2.9. The Parallel Axis Theorem
2060,Triple Integrals in Spherical Polar Coordinates,82,MVC,MVC.3.5.6,vault/MA/Mathematical-Analysis-&-Modeling/MVC/3. Multiple Integrals/3.5. Change of Variables for Triple Integrals/Lessons/3.5.6. Triple Integrals in Spherical Polar Coordinates.md,vault/MA/Mathematical-Analysis-&-Modeling/MVC/3. Multiple Integrals/3.5. Change of Variables for Triple Integrals/Source/3.5.6. Triple Integrals in Spherical Polar Coordinates
2927,Matrix Functions,82,LAL,LAL.5.5.6,vault/MA/Mathematical-Analysis-&-Modeling/LAL/5. Diagonalization of Matrices/5.5. Jordan Canonical Decomposition/Lessons/5.5.6. Matrix Functions.md,vault/MA/Mathematical-Analysis-&-Modeling/LAL/5. Diagonalization of Matrices/5.5. Jordan Canonical Decomposition/Source/5.5.6. Matrix Functions
2990,Modeling With Continuous Uniform Distributions,82,PAS,PAS.4.2.3,vault/MA/Mathematical-Analysis-&-Modeling/PAS/4. Continuous Probability Distributions/4.2. The Continuous Uniform Distribution/Lessons/4.2.3. Modeling With Continuous Uniform Distributions.md,vault/MA/Mathematical-Analysis-&-Modeling/PAS/4. Continuous Probability Distributions/4.2. The Continuous Uniform Distribution/Source/4.2.3. Modeling With Continuous Uniform Distributions
3067,Sample Means From Normal Populations,82,PAS,PAS.6.1.6,"vault/MA/Mathematical-Analysis-&-Modeling/PAS/6. Parametric Inference/6.1. Mean, Variance, and Proportion/Lessons/6.1.6. Sample Means From Normal Populations.md","vault/MA/Mathematical-Analysis-&-Modeling/PAS/6. Parametric Inference/6.1. Mean, Variance, and Proportion/Source/6.1.6. Sample Means From Normal Populations"
3115,Jordan Canonical Form of a 3x3 Matrix,82,LAL,LAL.5.5.4,vault/MA/Mathematical-Analysis-&-Modeling/LAL/5. Diagonalization of Matrices/5.5. Jordan Canonical Decomposition/Lessons/5.5.4. Jordan Canonical Form of a 3x3 Matrix.md,vault/MA/Mathematical-Analysis-&-Modeling/LAL/5. Diagonalization of Matrices/5.5. Jordan Canonical Decomposition/Source/5.5.4. Jordan Canonical Form of a 3x3 Matrix
3129,Reducing a Quadratic Curve to Its Principal Axes,82,LAL,LAL.7.3.1,vault/MA/Mathematical-Analysis-&-Modeling/LAL/7. Quadratic Forms/7.3. Quadratic Forms in Euclidian Space/Lessons/7.3.1. Reducing a Quadratic Curve to Its Principal Axes.md,vault/MA/Mathematical-Analysis-&-Modeling/LAL/7. Quadratic Forms/7.3. Quadratic Forms in Euclidian Space/Source/7.3.1. Reducing a Quadratic Curve to Its Principal Axes
3131,The Singular Values of a Matrix,82,LAL,LAL.7.4.3,vault/MA/Mathematical-Analysis-&-Modeling/LAL/7. Quadratic Forms/7.4. Singular Value Decomposition/Lessons/7.4.3. The Singular Values of a Matrix.md,vault/MA/Mathematical-Analysis-&-Modeling/LAL/7. Quadratic Forms/7.4. Singular Value Decomposition/Source/7.4.3. The Singular Values of a Matrix
3189,Solving Inhomogeneous Systems of ODEs,82,DEQ,DEQ.4.2.6,vault/MA/Mathematical-Analysis-&-Modeling/DEQ/4. Systems of Differential Equations/4.2. Solving Systems of Linear ODEs/Lessons/4.2.6. Solving Inhomogeneous Systems of ODEs.md,vault/MA/Mathematical-Analysis-&-Modeling/DEQ/4. Systems of Differential Equations/4.2. Solving Systems of Linear ODEs/Source/4.2.6. Solving Inhomogeneous Systems of ODEs
3713,Circulation,82,MVC,MVC.4.5.2,vault/MA/Mathematical-Analysis-&-Modeling/MVC/4. Line Integrals/4.5. Circulation and Flux/Lessons/4.5.2. Circulation.md,vault/MA/Mathematical-Analysis-&-Modeling/MVC/4. Line Integrals/4.5. Circulation and Flux/Source/4.5.2. Circulation
3716,Calculating Flux in Two-Dimensional Vector Fields,82,MVC,MVC.4.5.4,vault/MA/Mathematical-Analysis-&-Modeling/MVC/4. Line Integrals/4.5. Circulation and Flux/Lessons/4.5.4. Calculating Flux in Two-Dimensional Vector Fields.md,vault/MA/Mathematical-Analysis-&-Modeling/MVC/4. Line Integrals/4.5. Circulation and Flux/Source/4.5.4. Calculating Flux in Two-Dimensional Vector Fields
4143,Calculating Flux Through Cartesian Surfaces,82,MVC,MVC.5.3.6,vault/MA/Mathematical-Analysis-&-Modeling/MVC/5. Surface Integrals/5.3. Surface Integrals/Lessons/5.3.6. Calculating Flux Through Cartesian Surfaces.md,vault/MA/Mathematical-Analysis-&-Modeling/MVC/5. Surface Integrals/5.3. Surface Integrals/Source/5.3.6. Calculating Flux Through Cartesian Surfaces
4162,Flux Through Closed Surfaces,82,MVC,MVC.5.3.4,vault/MA/Mathematical-Analysis-&-Modeling/MVC/5. Surface Integrals/5.3. Surface Integrals/Lessons/5.3.4. Flux Through Closed Surfaces.md,vault/MA/Mathematical-Analysis-&-Modeling/MVC/5. Surface Integrals/5.3. Surface Integrals/Source/5.3.4. Flux Through Closed Surfaces
5365,"The Relationship Between SSW, SSB, SST",82,PAS,PAS.8.3.2,"vault/MA/Mathematical-Analysis-&-Modeling/PAS/8. Hypothesis Testing/8.3. Analysis of Variance/Lessons/8.3.2. The Relationship Between SSW, SSB, SST.md","vault/MA/Mathematical-Analysis-&-Modeling/PAS/8. Hypothesis Testing/8.3. Analysis of Variance/Source/8.3.2. The Relationship Between SSW, SSB, SST"
6377,Equilibrium Points and Stability for Systems of ODEs,82,DEQ,DEQ.4.3.2,vault/MA/Mathematical-Analysis-&-Modeling/DEQ/4. Systems of Differential Equations/4.3. Phase Portraits for Systems of Linear ODEs/Lessons/4.3.2. Equilibrium Points and Stability for Systems of ODEs.md,vault/MA/Mathematical-Analysis-&-Modeling/DEQ/4. Systems of Differential Equations/4.3. Phase Portraits for Systems of Linear ODEs/Source/4.3.2. Equilibrium Points and Stability for Systems of ODEs
6386,Solving ODEs Using Fourier Series,82,DEQ,DEQ.6.2.8,vault/MA/Mathematical-Analysis-&-Modeling/DEQ/6. Boundary Value Problems/6.2. Fourier Series/Lessons/6.2.8. Solving ODEs Using Fourier Series.md,vault/MA/Mathematical-Analysis-&-Modeling/DEQ/6. Boundary Value Problems/6.2. Fourier Series/Source/6.2.8. Solving ODEs Using Fourier Series
6690,Solving Homogeneous Systems of ODEs Using Matrix Methods,82,DEQ,DEQ.4.4.3,vault/MA/Mathematical-Analysis-&-Modeling/DEQ/4. Systems of Differential Equations/4.4. Solving Systems of ODEs Using Matrix Methods/Lessons/4.4.3. Solving Homogeneous Systems of ODEs Using Matrix Methods.md,vault/MA/Mathematical-Analysis-&-Modeling/DEQ/4. Systems of Differential Equations/4.4. Solving Systems of ODEs Using Matrix Methods/Source/4.4.3. Solving Homogeneous Systems of ODEs Using Matrix Methods
6719,Finding General Solutions Using the Method of Frobenius,82,DEQ,DEQ.7.1.7,vault/MA/Mathematical-Analysis-&-Modeling/DEQ/7. Approximating Solutions to Differential Equations/7.1. Series Solutions of Differential Equations/Lessons/7.1.7. Finding General Solutions Using the Method of Frobenius.md,vault/MA/Mathematical-Analysis-&-Modeling/DEQ/7. Approximating Solutions to Differential Equations/7.1. Series Solutions of Differential Equations/Source/7.1.7. Finding General Solutions Using the Method of Frobenius
359,The Central Limit Theorem,83,PAS,PAS.6.2.1,vault/MA/Mathematical-Analysis-&-Modeling/PAS/6. Parametric Inference/6.2. The Central Limit Theorem/Lessons/6.2.1. The Central Limit Theorem.md,vault/MA/Mathematical-Analysis-&-Modeling/PAS/6. Parametric Inference/6.2. The Central Limit Theorem/Source/6.2.1. The Central Limit Theorem
1057,Linear Regression,83,PAS,PAS.9.1.2,vault/MA/Mathematical-Analysis-&-Modeling/PAS/9. Regression/9.1. Correlation and Regression/Lessons/9.1.2. Linear Regression.md,vault/MA/Mathematical-Analysis-&-Modeling/PAS/9. Regression/9.1. Correlation and Regression/Source/9.1.2. Linear Regression
2116,Introduction to Green's Theorem,83,MVC,MVC.4.6.1,vault/MA/Mathematical-Analysis-&-Modeling/MVC/4. Line Integrals/4.6. Green's Theorem/Lessons/4.6.1. Introduction to Green's Theorem.md,vault/MA/Mathematical-Analysis-&-Modeling/MVC/4. Line Integrals/4.6. Green's Theorem/Source/4.6.1. Introduction to Green's Theorem
3190,Solving Inhomogeneous Systems of ODEs Using Laplace Transforms,83,DEQ,DEQ.5.2.6,vault/MA/Mathematical-Analysis-&-Modeling/DEQ/5. Laplace Transforms/5.2. Solving Linear ODEs Using Laplace Transforms/Lessons/5.2.6. Solving Inhomogeneous Systems of ODEs Using Laplace Transforms.md,vault/MA/Mathematical-Analysis-&-Modeling/DEQ/5. Laplace Transforms/5.2. Solving Linear ODEs Using Laplace Transforms/Source/5.2.6. Solving Inhomogeneous Systems of ODEs Using Laplace Transforms
3242,Phase Portraits for Decoupled Linear Systems,83,DEQ,DEQ.4.3.3,vault/MA/Mathematical-Analysis-&-Modeling/DEQ/4. Systems of Differential Equations/4.3. Phase Portraits for Systems of Linear ODEs/Lessons/4.3.3. Phase Portraits for Decoupled Linear Systems.md,vault/MA/Mathematical-Analysis-&-Modeling/DEQ/4. Systems of Differential Equations/4.3. Phase Portraits for Systems of Linear ODEs/Source/4.3.3. Phase Portraits for Decoupled Linear Systems
3336,Classifying Quadratic Curves,83,LAL,LAL.7.3.2,vault/MA/Mathematical-Analysis-&-Modeling/LAL/7. Quadratic Forms/7.3. Quadratic Forms in Euclidian Space/Lessons/7.3.2. Classifying Quadratic Curves.md,vault/MA/Mathematical-Analysis-&-Modeling/LAL/7. Quadratic Forms/7.3. Quadratic Forms in Euclidian Space/Source/7.3.2. Classifying Quadratic Curves
3594,The Empirical Rule for the Normal Distribution,83,PAS,PAS.4.1.8,vault/MA/Mathematical-Analysis-&-Modeling/PAS/4. Continuous Probability Distributions/4.1. The Normal Distribution/Lessons/4.1.8. The Empirical Rule for the Normal Distribution.md,vault/MA/Mathematical-Analysis-&-Modeling/PAS/4. Continuous Probability Distributions/4.1. The Normal Distribution/Source/4.1.8. The Empirical Rule for the Normal Distribution
3639,Jordan Canonical Decomposition of a 3x3 Matrix,83,LAL,LAL.5.5.5,vault/MA/Mathematical-Analysis-&-Modeling/LAL/5. Diagonalization of Matrices/5.5. Jordan Canonical Decomposition/Lessons/5.5.5. Jordan Canonical Decomposition of a 3x3 Matrix.md,vault/MA/Mathematical-Analysis-&-Modeling/LAL/5. Diagonalization of Matrices/5.5. Jordan Canonical Decomposition/Source/5.5.5. Jordan Canonical Decomposition of a 3x3 Matrix
3819,Computing the Singular Values of a Matrix,83,LAL,LAL.7.4.4,vault/MA/Mathematical-Analysis-&-Modeling/LAL/7. Quadratic Forms/7.4. Singular Value Decomposition/Lessons/7.4.4. Computing the Singular Values of a Matrix.md,vault/MA/Mathematical-Analysis-&-Modeling/LAL/7. Quadratic Forms/7.4. Singular Value Decomposition/Source/7.4.4. Computing the Singular Values of a Matrix
4144,Calculating Flux Through Closed Surfaces,83,MVC,MVC.5.3.7,vault/MA/Mathematical-Analysis-&-Modeling/MVC/5. Surface Integrals/5.3. Surface Integrals/Lessons/5.3.7. Calculating Flux Through Closed Surfaces.md,vault/MA/Mathematical-Analysis-&-Modeling/MVC/5. Surface Integrals/5.3. Surface Integrals/Source/5.3.7. Calculating Flux Through Closed Surfaces
4160,Source-Free Vector Fields,83,MVC,MVC.4.5.5,vault/MA/Mathematical-Analysis-&-Modeling/MVC/4. Line Integrals/4.5. Circulation and Flux/Lessons/4.5.5. Source-Free Vector Fields.md,vault/MA/Mathematical-Analysis-&-Modeling/MVC/4. Line Integrals/4.5. Circulation and Flux/Source/4.5.5. Source-Free Vector Fields
6691,Solving Inhomogeneous Systems of ODEs Using Matrix Methods,83,DEQ,DEQ.4.4.4,vault/MA/Mathematical-Analysis-&-Modeling/DEQ/4. Systems of Differential Equations/4.4. Solving Systems of ODEs Using Matrix Methods/Lessons/4.4.4. Solving Inhomogeneous Systems of ODEs Using Matrix Methods.md,vault/MA/Mathematical-Analysis-&-Modeling/DEQ/4. Systems of Differential Equations/4.4. Solving Systems of ODEs Using Matrix Methods/Source/4.4.4. Solving Inhomogeneous Systems of ODEs Using Matrix Methods
6721,Solving IVPs Using Fourier Series,83,DEQ,DEQ.6.2.9,vault/MA/Mathematical-Analysis-&-Modeling/DEQ/6. Boundary Value Problems/6.2. Fourier Series/Lessons/6.2.9. Solving IVPs Using Fourier Series.md,vault/MA/Mathematical-Analysis-&-Modeling/DEQ/6. Boundary Value Problems/6.2. Fourier Series/Source/6.2.9. Solving IVPs Using Fourier Series
260,Confidence Intervals for One Mean: Known Population Variance,84,PAS,PAS.7.1.1,vault/MA/Mathematical-Analysis-&-Modeling/PAS/7. Confidence Intervals/7.1. One-Sample Procedures/Lessons/7.1.1. Confidence Intervals for One Mean- Known Population Variance.md,vault/MA/Mathematical-Analysis-&-Modeling/PAS/7. Confidence Intervals/7.1. One-Sample Procedures/Source/7.1.1. Confidence Intervals for One Mean- Known Population Variance
2138,Stokes' Theorem,84,MVC,MVC.5.3.9,vault/MA/Mathematical-Analysis-&-Modeling/MVC/5. Surface Integrals/5.3. Surface Integrals/Lessons/5.3.9. Stokes' Theorem.md,vault/MA/Mathematical-Analysis-&-Modeling/MVC/5. Surface Integrals/5.3. Surface Integrals/Source/5.3.9. Stokes' Theorem
2198,Using Green's Theorem to Calculate Area,84,MVC,MVC.4.6.3,vault/MA/Mathematical-Analysis-&-Modeling/MVC/4. Line Integrals/4.6. Green's Theorem/Lessons/4.6.3. Using Green's Theorem to Calculate Area.md,vault/MA/Mathematical-Analysis-&-Modeling/MVC/4. Line Integrals/4.6. Green's Theorem/Source/4.6.3. Using Green's Theorem to Calculate Area
3069,The Student's T-Distribution,84,PAS,PAS.4.4.4,vault/MA/Mathematical-Analysis-&-Modeling/PAS/4. Continuous Probability Distributions/4.4. Other Continous Distributions/Lessons/4.4.4. The Student's T-Distribution.md,vault/MA/Mathematical-Analysis-&-Modeling/PAS/4. Continuous Probability Distributions/4.4. Other Continous Distributions/Source/4.4.4. The Student's T-Distribution
3132,Singular Value Decomposition of 2x2 Matrices,84,LAL,LAL.7.4.5,vault/MA/Mathematical-Analysis-&-Modeling/LAL/7. Quadratic Forms/7.4. Singular Value Decomposition/Lessons/7.4.5. Singular Value Decomposition of 2x2 Matrices.md,vault/MA/Mathematical-Analysis-&-Modeling/LAL/7. Quadratic Forms/7.4. Singular Value Decomposition/Source/7.4.5. Singular Value Decomposition of 2x2 Matrices
3187,Solving Systems of ODEs Using Variation of Parameters,84,DEQ,DEQ.4.4.5,vault/MA/Mathematical-Analysis-&-Modeling/DEQ/4. Systems of Differential Equations/4.4. Solving Systems of ODEs Using Matrix Methods/Lessons/4.4.5. Solving Systems of ODEs Using Variation of Parameters.md,vault/MA/Mathematical-Analysis-&-Modeling/DEQ/4. Systems of Differential Equations/4.4. Solving Systems of ODEs Using Matrix Methods/Source/4.4.5. Solving Systems of ODEs Using Variation of Parameters
3239,Phase Portraits for Linear Systems With Real Distinct Eigenvalues,84,DEQ,DEQ.4.3.4,vault/MA/Mathematical-Analysis-&-Modeling/DEQ/4. Systems of Differential Equations/4.3. Phase Portraits for Systems of Linear ODEs/Lessons/4.3.4. Phase Portraits for Linear Systems With Real Distinct Eigenvalues.md,vault/MA/Mathematical-Analysis-&-Modeling/DEQ/4. Systems of Differential Equations/4.3. Phase Portraits for Systems of Linear ODEs/Source/4.3.4. Phase Portraits for Linear Systems With Real Distinct Eigenvalues
3303,Hypothesis Tests for One Mean: Known Population Variance,84,PAS,PAS.8.1.7,vault/MA/Mathematical-Analysis-&-Modeling/PAS/8. Hypothesis Testing/8.1. One-Sample Procedures/Lessons/8.1.7. Hypothesis Tests for One Mean- Known Population Variance.md,vault/MA/Mathematical-Analysis-&-Modeling/PAS/8. Hypothesis Testing/8.1. One-Sample Procedures/Source/8.1.7. Hypothesis Tests for One Mean- Known Population Variance
3361,Green's Theorem in Flux Form,84,MVC,MVC.4.6.5,vault/MA/Mathematical-Analysis-&-Modeling/MVC/4. Line Integrals/4.6. Green's Theorem/Lessons/4.6.5. Green's Theorem in Flux Form.md,vault/MA/Mathematical-Analysis-&-Modeling/MVC/4. Line Integrals/4.6. Green's Theorem/Source/4.6.5. Green's Theorem in Flux Form
3627,Green's Theorem in Polar Coordinates,84,MVC,MVC.4.6.2,vault/MA/Mathematical-Analysis-&-Modeling/MVC/4. Line Integrals/4.6. Green's Theorem/Lessons/4.6.2. Green's Theorem in Polar Coordinates.md,vault/MA/Mathematical-Analysis-&-Modeling/MVC/4. Line Integrals/4.6. Green's Theorem/Source/4.6.2. Green's Theorem in Polar Coordinates
3862,Applications of the Central Limit Theorem,84,PAS,PAS.6.2.2,vault/MA/Mathematical-Analysis-&-Modeling/PAS/6. Parametric Inference/6.2. The Central Limit Theorem/Lessons/6.2.2. Applications of the Central Limit Theorem.md,vault/MA/Mathematical-Analysis-&-Modeling/PAS/6. Parametric Inference/6.2. The Central Limit Theorem/Source/6.2.2. Applications of the Central Limit Theorem
3930,Finite Population Corrections for Sample Means,84,PAS,PAS.6.2.3,vault/MA/Mathematical-Analysis-&-Modeling/PAS/6. Parametric Inference/6.2. The Central Limit Theorem/Lessons/6.2.3. Finite Population Corrections for Sample Means.md,vault/MA/Mathematical-Analysis-&-Modeling/PAS/6. Parametric Inference/6.2. The Central Limit Theorem/Source/6.2.3. Finite Population Corrections for Sample Means
3932,Point Estimates of Population Proportions,84,PAS,PAS.6.2.4,vault/MA/Mathematical-Analysis-&-Modeling/PAS/6. Parametric Inference/6.2. The Central Limit Theorem/Lessons/6.2.4. Point Estimates of Population Proportions.md,vault/MA/Mathematical-Analysis-&-Modeling/PAS/6. Parametric Inference/6.2. The Central Limit Theorem/Source/6.2.4. Point Estimates of Population Proportions
6722,Solving BVPs Using Fourier Series,84,DEQ,DEQ.6.2.10,vault/MA/Mathematical-Analysis-&-Modeling/DEQ/6. Boundary Value Problems/6.2. Fourier Series/Lessons/6.2.10. Solving BVPs Using Fourier Series.md,vault/MA/Mathematical-Analysis-&-Modeling/DEQ/6. Boundary Value Problems/6.2. Fourier Series/Source/6.2.10. Solving BVPs Using Fourier Series
2117,Extending Green's Theorem,85,MVC,MVC.4.6.4,vault/MA/Mathematical-Analysis-&-Modeling/MVC/4. Line Integrals/4.6. Green's Theorem/Lessons/4.6.4. Extending Green's Theorem.md,vault/MA/Mathematical-Analysis-&-Modeling/MVC/4. Line Integrals/4.6. Green's Theorem/Source/4.6.4. Extending Green's Theorem
2135,The Divergence Theorem,85,MVC,MVC.5.3.8,vault/MA/Mathematical-Analysis-&-Modeling/MVC/5. Surface Integrals/5.3. Surface Integrals/Lessons/5.3.8. The Divergence Theorem.md,vault/MA/Mathematical-Analysis-&-Modeling/MVC/5. Surface Integrals/5.3. Surface Integrals/Source/5.3.8. The Divergence Theorem
3014,Introduction to Chi-Square Goodness-of-Fit,85,PAS,PAS.10.1.1,vault/MA/Mathematical-Analysis-&-Modeling/PAS/10. Nonparametric Inference/10.1. Goodness-of-Fit and Order Statistics/Lessons/10.1.1. Introduction to Chi-Square Goodness-of-Fit.md,vault/MA/Mathematical-Analysis-&-Modeling/PAS/10. Nonparametric Inference/10.1. Goodness-of-Fit and Order Statistics/Source/10.1.1. Introduction to Chi-Square Goodness-of-Fit
3060,The F-Distribution,85,PAS,PAS.4.4.5,vault/MA/Mathematical-Analysis-&-Modeling/PAS/4. Continuous Probability Distributions/4.4. Other Continous Distributions/Lessons/4.4.5. The F-Distribution.md,vault/MA/Mathematical-Analysis-&-Modeling/PAS/4. Continuous Probability Distributions/4.4. Other Continous Distributions/Source/4.4.5. The F-Distribution
3240,Phase Portraits for Linear Systems With Repeated Eigenvalues,85,DEQ,DEQ.4.3.5,vault/MA/Mathematical-Analysis-&-Modeling/DEQ/4. Systems of Differential Equations/4.3. Phase Portraits for Systems of Linear ODEs/Lessons/4.3.5. Phase Portraits for Linear Systems With Repeated Eigenvalues.md,vault/MA/Mathematical-Analysis-&-Modeling/DEQ/4. Systems of Differential Equations/4.3. Phase Portraits for Systems of Linear ODEs/Source/4.3.5. Phase Portraits for Linear Systems With Repeated Eigenvalues
3241,Phase Portraits for Linear Systems With Complex Eigenvalues,85,DEQ,DEQ.4.3.7,vault/MA/Mathematical-Analysis-&-Modeling/DEQ/4. Systems of Differential Equations/4.3. Phase Portraits for Systems of Linear ODEs/Lessons/4.3.7. Phase Portraits for Linear Systems With Complex Eigenvalues.md,vault/MA/Mathematical-Analysis-&-Modeling/DEQ/4. Systems of Differential Equations/4.3. Phase Portraits for Systems of Linear ODEs/Source/4.3.7. Phase Portraits for Linear Systems With Complex Eigenvalues
3278,Singular Value Decomposition of 2x2 Matrices With Zero or Repeated Eigenvalues,85,LAL,LAL.7.4.6,vault/MA/Mathematical-Analysis-&-Modeling/LAL/7. Quadratic Forms/7.4. Singular Value Decomposition/Lessons/7.4.6. Singular Value Decomposition of 2x2 Matrices With Zero or Repeated Eigenvalues.md,vault/MA/Mathematical-Analysis-&-Modeling/LAL/7. Quadratic Forms/7.4. Singular Value Decomposition/Source/7.4.6. Singular Value Decomposition of 2x2 Matrices With Zero or Repeated Eigenvalues
3298,Confidence Intervals for Two Means: Known and Unequal Population Variances,85,PAS,PAS.7.2.1,vault/MA/Mathematical-Analysis-&-Modeling/PAS/7. Confidence Intervals/7.2. Two-Sample Procedures/Lessons/7.2.1. Confidence Intervals for Two Means- Known and Unequal Population Variances.md,vault/MA/Mathematical-Analysis-&-Modeling/PAS/7. Confidence Intervals/7.2. Two-Sample Procedures/Source/7.2.1. Confidence Intervals for Two Means- Known and Unequal Population Variances
3299,Confidence Intervals for One Variance,85,PAS,PAS.7.1.6,vault/MA/Mathematical-Analysis-&-Modeling/PAS/7. Confidence Intervals/7.1. One-Sample Procedures/Lessons/7.1.6. Confidence Intervals for One Variance.md,vault/MA/Mathematical-Analysis-&-Modeling/PAS/7. Confidence Intervals/7.1. One-Sample Procedures/Source/7.1.6. Confidence Intervals for One Variance
3300,Confidence Intervals for One Proportion,85,PAS,PAS.7.1.4,vault/MA/Mathematical-Analysis-&-Modeling/PAS/7. Confidence Intervals/7.1. One-Sample Procedures/Lessons/7.1.4. Confidence Intervals for One Proportion.md,vault/MA/Mathematical-Analysis-&-Modeling/PAS/7. Confidence Intervals/7.1. One-Sample Procedures/Source/7.1.4. Confidence Intervals for One Proportion
3310,Hypothesis Tests for Two Means: Known Population Variances,85,PAS,PAS.8.2.1,vault/MA/Mathematical-Analysis-&-Modeling/PAS/8. Hypothesis Testing/8.2. Two-Sample Procedures/Lessons/8.2.1. Hypothesis Tests for Two Means- Known Population Variances.md,vault/MA/Mathematical-Analysis-&-Modeling/PAS/8. Hypothesis Testing/8.2. Two-Sample Procedures/Source/8.2.1. Hypothesis Tests for Two Means- Known Population Variances
3311,Hypothesis Tests for One Mean: Unknown Population Variance,85,PAS,PAS.8.1.8,vault/MA/Mathematical-Analysis-&-Modeling/PAS/8. Hypothesis Testing/8.1. One-Sample Procedures/Lessons/8.1.8. Hypothesis Tests for One Mean- Unknown Population Variance.md,vault/MA/Mathematical-Analysis-&-Modeling/PAS/8. Hypothesis Testing/8.1. One-Sample Procedures/Source/8.1.8. Hypothesis Tests for One Mean- Unknown Population Variance
3314,Hypothesis Tests for One Variance,85,PAS,PAS.8.1.9,vault/MA/Mathematical-Analysis-&-Modeling/PAS/8. Hypothesis Testing/8.1. One-Sample Procedures/Lessons/8.1.9. Hypothesis Tests for One Variance.md,vault/MA/Mathematical-Analysis-&-Modeling/PAS/8. Hypothesis Testing/8.1. One-Sample Procedures/Source/8.1.9. Hypothesis Tests for One Variance
3855,Confidence Intervals for One Mean: Unknown Population Variance,85,PAS,PAS.7.1.2,vault/MA/Mathematical-Analysis-&-Modeling/PAS/7. Confidence Intervals/7.1. One-Sample Procedures/Lessons/7.1.2. Confidence Intervals for One Mean- Unknown Population Variance.md,vault/MA/Mathematical-Analysis-&-Modeling/PAS/7. Confidence Intervals/7.1. One-Sample Procedures/Source/7.1.2. Confidence Intervals for One Mean- Unknown Population Variance
4117,Pooled Variance,85,PAS,PAS.6.1.4,"vault/MA/Mathematical-Analysis-&-Modeling/PAS/6. Parametric Inference/6.1. Mean, Variance, and Proportion/Lessons/6.1.4. Pooled Variance.md","vault/MA/Mathematical-Analysis-&-Modeling/PAS/6. Parametric Inference/6.1. Mean, Variance, and Proportion/Source/6.1.4. Pooled Variance"
5020,Finite Population Corrections for Sample Proportions,85,PAS,PAS.6.2.5,vault/MA/Mathematical-Analysis-&-Modeling/PAS/6. Parametric Inference/6.2. The Central Limit Theorem/Lessons/6.2.5. Finite Population Corrections for Sample Proportions.md,vault/MA/Mathematical-Analysis-&-Modeling/PAS/6. Parametric Inference/6.2. The Central Limit Theorem/Source/6.2.5. Finite Population Corrections for Sample Proportions
3015,Testing Binomial Models Using Chi-Square Goodness-of-Fit,86,PAS,PAS.10.1.2,vault/MA/Mathematical-Analysis-&-Modeling/PAS/10. Nonparametric Inference/10.1. Goodness-of-Fit and Order Statistics/Lessons/10.1.2. Testing Binomial Models Using Chi-Square Goodness-of-Fit.md,vault/MA/Mathematical-Analysis-&-Modeling/PAS/10. Nonparametric Inference/10.1. Goodness-of-Fit and Order Statistics/Source/10.1.2. Testing Binomial Models Using Chi-Square Goodness-of-Fit
3016,Testing Poisson Models Using Chi-Square Goodness-of-Fit,86,PAS,PAS.10.1.3,vault/MA/Mathematical-Analysis-&-Modeling/PAS/10. Nonparametric Inference/10.1. Goodness-of-Fit and Order Statistics/Lessons/10.1.3. Testing Poisson Models Using Chi-Square Goodness-of-Fit.md,vault/MA/Mathematical-Analysis-&-Modeling/PAS/10. Nonparametric Inference/10.1. Goodness-of-Fit and Order Statistics/Source/10.1.3. Testing Poisson Models Using Chi-Square Goodness-of-Fit
3017,Testing Continuous Uniform Models Using Chi-Square Goodness-of-Fit,86,PAS,PAS.10.1.4,vault/MA/Mathematical-Analysis-&-Modeling/PAS/10. Nonparametric Inference/10.1. Goodness-of-Fit and Order Statistics/Lessons/10.1.4. Testing Continuous Uniform Models Using Chi-Square Goodness-of-Fit.md,vault/MA/Mathematical-Analysis-&-Modeling/PAS/10. Nonparametric Inference/10.1. Goodness-of-Fit and Order Statistics/Source/10.1.4. Testing Continuous Uniform Models Using Chi-Square Goodness-of-Fit
3018,Testing Normal Models Using Chi-Square Goodness-of-Fit,86,PAS,PAS.10.1.5,vault/MA/Mathematical-Analysis-&-Modeling/PAS/10. Nonparametric Inference/10.1. Goodness-of-Fit and Order Statistics/Lessons/10.1.5. Testing Normal Models Using Chi-Square Goodness-of-Fit.md,vault/MA/Mathematical-Analysis-&-Modeling/PAS/10. Nonparametric Inference/10.1. Goodness-of-Fit and Order Statistics/Source/10.1.5. Testing Normal Models Using Chi-Square Goodness-of-Fit
3133,Singular Value Decomposition of Larger Matrices,86,LAL,LAL.7.4.7,vault/MA/Mathematical-Analysis-&-Modeling/LAL/7. Quadratic Forms/7.4. Singular Value Decomposition/Lessons/7.4.7. Singular Value Decomposition of Larger Matrices.md,vault/MA/Mathematical-Analysis-&-Modeling/LAL/7. Quadratic Forms/7.4. Singular Value Decomposition/Source/7.4.7. Singular Value Decomposition of Larger Matrices
3312,Hypothesis Tests for Two Means: Paired-Sample Z-Test,86,PAS,PAS.8.2.5,vault/MA/Mathematical-Analysis-&-Modeling/PAS/8. Hypothesis Testing/8.2. Two-Sample Procedures/Lessons/8.2.5. Hypothesis Tests for Two Means- Paired-Sample Z-Test.md,vault/MA/Mathematical-Analysis-&-Modeling/PAS/8. Hypothesis Testing/8.2. Two-Sample Procedures/Source/8.2.5. Hypothesis Tests for Two Means- Paired-Sample Z-Test
3313,Hypothesis Tests for Two Means: Equal But Unknown Population Variances,86,PAS,PAS.8.2.2,vault/MA/Mathematical-Analysis-&-Modeling/PAS/8. Hypothesis Testing/8.2. Two-Sample Procedures/Lessons/8.2.2. Hypothesis Tests for Two Means- Equal But Unknown Population Variances.md,vault/MA/Mathematical-Analysis-&-Modeling/PAS/8. Hypothesis Testing/8.2. Two-Sample Procedures/Source/8.2.2. Hypothesis Tests for Two Means- Equal But Unknown Population Variances
3317,Chi-Square Tests of Independence and Homogeneity,86,PAS,PAS.10.1.6,vault/MA/Mathematical-Analysis-&-Modeling/PAS/10. Nonparametric Inference/10.1. Goodness-of-Fit and Order Statistics/Lessons/10.1.6. Chi-Square Tests of Independence and Homogeneity.md,vault/MA/Mathematical-Analysis-&-Modeling/PAS/10. Nonparametric Inference/10.1. Goodness-of-Fit and Order Statistics/Source/10.1.6. Chi-Square Tests of Independence and Homogeneity
3318,Hypothesis Tests for Two Variances,86,PAS,PAS.8.2.7,vault/MA/Mathematical-Analysis-&-Modeling/PAS/8. Hypothesis Testing/8.2. Two-Sample Procedures/Lessons/8.2.7. Hypothesis Tests for Two Variances.md,vault/MA/Mathematical-Analysis-&-Modeling/PAS/8. Hypothesis Testing/8.2. Two-Sample Procedures/Source/8.2.7. Hypothesis Tests for Two Variances
3319,Estimating Sample Sizes for Means,86,PAS,PAS.7.3.1,vault/MA/Mathematical-Analysis-&-Modeling/PAS/7. Confidence Intervals/7.3. Sample Size/Lessons/7.3.1. Estimating Sample Sizes for Means.md,vault/MA/Mathematical-Analysis-&-Modeling/PAS/7. Confidence Intervals/7.3. Sample Size/Source/7.3.1. Estimating Sample Sizes for Means
3320,Estimating Sample Sizes for Proportions,86,PAS,PAS.7.3.2,vault/MA/Mathematical-Analysis-&-Modeling/PAS/7. Confidence Intervals/7.3. Sample Size/Lessons/7.3.2. Estimating Sample Sizes for Proportions.md,vault/MA/Mathematical-Analysis-&-Modeling/PAS/7. Confidence Intervals/7.3. Sample Size/Source/7.3.2. Estimating Sample Sizes for Proportions
3322,Confidence Intervals for Linear Regression Slope Parameters,86,PAS,PAS.9.1.5,vault/MA/Mathematical-Analysis-&-Modeling/PAS/9. Regression/9.1. Correlation and Regression/Lessons/9.1.5. Confidence Intervals for Linear Regression Slope Parameters.md,vault/MA/Mathematical-Analysis-&-Modeling/PAS/9. Regression/9.1. Correlation and Regression/Source/9.1.5. Confidence Intervals for Linear Regression Slope Parameters
3931,Confidence Intervals for One Proportion: Finite Population Corrections,86,PAS,PAS.7.1.5,vault/MA/Mathematical-Analysis-&-Modeling/PAS/7. Confidence Intervals/7.1. One-Sample Procedures/Lessons/7.1.5. Confidence Intervals for One Proportion- Finite Population Corrections.md,vault/MA/Mathematical-Analysis-&-Modeling/PAS/7. Confidence Intervals/7.1. One-Sample Procedures/Source/7.1.5. Confidence Intervals for One Proportion- Finite Population Corrections
3970,Confidence Intervals for Paired Samples: Known Variances,86,PAS,PAS.7.2.5,vault/MA/Mathematical-Analysis-&-Modeling/PAS/7. Confidence Intervals/7.2. Two-Sample Procedures/Lessons/7.2.5. Confidence Intervals for Paired Samples- Known Variances.md,vault/MA/Mathematical-Analysis-&-Modeling/PAS/7. Confidence Intervals/7.2. Two-Sample Procedures/Source/7.2.5. Confidence Intervals for Paired Samples- Known Variances
4116,Confidence Intervals for Linear Regression Intercept Parameters,86,PAS,PAS.9.1.6,vault/MA/Mathematical-Analysis-&-Modeling/PAS/9. Regression/9.1. Correlation and Regression/Lessons/9.1.6. Confidence Intervals for Linear Regression Intercept Parameters.md,vault/MA/Mathematical-Analysis-&-Modeling/PAS/9. Regression/9.1. Correlation and Regression/Source/9.1.6. Confidence Intervals for Linear Regression Intercept Parameters
4118,Confidence Intervals for Two Means: Unequal and Unknown Population Variance,86,PAS,PAS.7.2.3,vault/MA/Mathematical-Analysis-&-Modeling/PAS/7. Confidence Intervals/7.2. Two-Sample Procedures/Lessons/7.2.3. Confidence Intervals for Two Means- Unequal and Unknown Population Variance.md,vault/MA/Mathematical-Analysis-&-Modeling/PAS/7. Confidence Intervals/7.2. Two-Sample Procedures/Source/7.2.3. Confidence Intervals for Two Means- Unequal and Unknown Population Variance
4119,Hypothesis Tests for Two Means: Unequal and Unknown Population Variances,86,PAS,PAS.8.2.3,vault/MA/Mathematical-Analysis-&-Modeling/PAS/8. Hypothesis Testing/8.2. Two-Sample Procedures/Lessons/8.2.3. Hypothesis Tests for Two Means- Unequal and Unknown Population Variances.md,vault/MA/Mathematical-Analysis-&-Modeling/PAS/8. Hypothesis Testing/8.2. Two-Sample Procedures/Source/8.2.3. Hypothesis Tests for Two Means- Unequal and Unknown Population Variances
4943,Confidence Intervals for Two Proportions,86,PAS,PAS.7.2.4,vault/MA/Mathematical-Analysis-&-Modeling/PAS/7. Confidence Intervals/7.2. Two-Sample Procedures/Lessons/7.2.4. Confidence Intervals for Two Proportions.md,vault/MA/Mathematical-Analysis-&-Modeling/PAS/7. Confidence Intervals/7.2. Two-Sample Procedures/Source/7.2.4. Confidence Intervals for Two Proportions
4946,Confidence Intervals for Two Means: Equal and Unknown Population Variance,86,PAS,PAS.7.2.2,vault/MA/Mathematical-Analysis-&-Modeling/PAS/7. Confidence Intervals/7.2. Two-Sample Procedures/Lessons/7.2.2. Confidence Intervals for Two Means- Equal and Unknown Population Variance.md,vault/MA/Mathematical-Analysis-&-Modeling/PAS/7. Confidence Intervals/7.2. Two-Sample Procedures/Source/7.2.2. Confidence Intervals for Two Means- Equal and Unknown Population Variance
5275,Confidence Intervals for One Means: Finite Population Correction,86,PAS,PAS.7.1.3,vault/MA/Mathematical-Analysis-&-Modeling/PAS/7. Confidence Intervals/7.1. One-Sample Procedures/Lessons/7.1.3. Confidence Intervals for One Means- Finite Population Correction.md,vault/MA/Mathematical-Analysis-&-Modeling/PAS/7. Confidence Intervals/7.1. One-Sample Procedures/Source/7.1.3. Confidence Intervals for One Means- Finite Population Correction
6379,Phase Portraits for Linear Systems With Zero Eigenvalues,86,DEQ,DEQ.4.3.6,vault/MA/Mathematical-Analysis-&-Modeling/DEQ/4. Systems of Differential Equations/4.3. Phase Portraits for Systems of Linear ODEs/Lessons/4.3.6. Phase Portraits for Linear Systems With Zero Eigenvalues.md,vault/MA/Mathematical-Analysis-&-Modeling/DEQ/4. Systems of Differential Equations/4.3. Phase Portraits for Systems of Linear ODEs/Source/4.3.6. Phase Portraits for Linear Systems With Zero Eigenvalues
3134,Singular Value Decomposition and the Pseudoinverse Matrix,87,LAL,LAL.7.4.8,vault/MA/Mathematical-Analysis-&-Modeling/LAL/7. Quadratic Forms/7.4. Singular Value Decomposition/Lessons/7.4.8. Singular Value Decomposition and the Pseudoinverse Matrix.md,vault/MA/Mathematical-Analysis-&-Modeling/LAL/7. Quadratic Forms/7.4. Singular Value Decomposition/Source/7.4.8. Singular Value Decomposition and the Pseudoinverse Matrix
3321,Estimating Sample Sizes for Proportions: Finite Population Correction,87,PAS,PAS.7.3.3,vault/MA/Mathematical-Analysis-&-Modeling/PAS/7. Confidence Intervals/7.3. Sample Size/Lessons/7.3.3. Estimating Sample Sizes for Proportions- Finite Population Correction.md,vault/MA/Mathematical-Analysis-&-Modeling/PAS/7. Confidence Intervals/7.3. Sample Size/Source/7.3.3. Estimating Sample Sizes for Proportions- Finite Population Correction
3324,Hypothesis Tests for Two Proportions,87,PAS,PAS.8.2.4,vault/MA/Mathematical-Analysis-&-Modeling/PAS/8. Hypothesis Testing/8.2. Two-Sample Procedures/Lessons/8.2.4. Hypothesis Tests for Two Proportions.md,vault/MA/Mathematical-Analysis-&-Modeling/PAS/8. Hypothesis Testing/8.2. Two-Sample Procedures/Source/8.2.4. Hypothesis Tests for Two Proportions
3977,Confidence Intervals for Paired Samples: Unknown Variances,87,PAS,PAS.7.2.6,vault/MA/Mathematical-Analysis-&-Modeling/PAS/7. Confidence Intervals/7.2. Two-Sample Procedures/Lessons/7.2.6. Confidence Intervals for Paired Samples- Unknown Variances.md,vault/MA/Mathematical-Analysis-&-Modeling/PAS/7. Confidence Intervals/7.2. Two-Sample Procedures/Source/7.2.6. Confidence Intervals for Paired Samples- Unknown Variances
4944,Hypothesis Tests for Two Means: Paired-Sample T-Test,87,PAS,PAS.8.2.6,vault/MA/Mathematical-Analysis-&-Modeling/PAS/8. Hypothesis Testing/8.2. Two-Sample Procedures/Lessons/8.2.6. Hypothesis Tests for Two Means- Paired-Sample T-Test.md,vault/MA/Mathematical-Analysis-&-Modeling/PAS/8. Hypothesis Testing/8.2. Two-Sample Procedures/Source/8.2.6. Hypothesis Tests for Two Means- Paired-Sample T-Test
5360,One-Factor Analysis of Variance,87,PAS,PAS.8.3.3,vault/MA/Mathematical-Analysis-&-Modeling/PAS/8. Hypothesis Testing/8.3. Analysis of Variance/Lessons/8.3.3. One-Factor Analysis of Variance.md,vault/MA/Mathematical-Analysis-&-Modeling/PAS/8. Hypothesis Testing/8.3. Analysis of Variance/Source/8.3.3. One-Factor Analysis of Variance
6380,Shifted Systems of ODEs,87,DEQ,DEQ.4.3.8,vault/MA/Mathematical-Analysis-&-Modeling/DEQ/4. Systems of Differential Equations/4.3. Phase Portraits for Systems of Linear ODEs/Lessons/4.3.8. Shifted Systems of ODEs.md,vault/MA/Mathematical-Analysis-&-Modeling/DEQ/4. Systems of Differential Equations/4.3. Phase Portraits for Systems of Linear ODEs/Source/4.3.8. Shifted Systems of ODEs
6378,Linear Approximations Near Equilibria,88,DEQ,DEQ.4.3.9,vault/MA/Mathematical-Analysis-&-Modeling/DEQ/4. Systems of Differential Equations/4.3. Phase Portraits for Systems of Linear ODEs/Lessons/4.3.9. Linear Approximations Near Equilibria.md,vault/MA/Mathematical-Analysis-&-Modeling/DEQ/4. Systems of Differential Equations/4.3. Phase Portraits for Systems of Linear ODEs/Source/4.3.9. Linear Approximations Near Equilibria
3191,The Lotka-Volterra Predator-Prey Model,89,DEQ,DEQ.4.5.1,vault/MA/Mathematical-Analysis-&-Modeling/DEQ/4. Systems of Differential Equations/4.5. Modeling With Systems of Linear ODEs/Lessons/4.5.1. The Lotka-Volterra Predator-Prey Model.md,vault/MA/Mathematical-Analysis-&-Modeling/DEQ/4. Systems of Differential Equations/4.5. Modeling With Systems of Linear ODEs/Source/4.5.1. The Lotka-Volterra Predator-Prey Model
3231,The Lotka-Volterra Model With Carrying Capacity,90,DEQ,DEQ.4.5.2,vault/MA/Mathematical-Analysis-&-Modeling/DEQ/4. Systems of Differential Equations/4.5. Modeling With Systems of Linear ODEs/Lessons/4.5.2. The Lotka-Volterra Model With Carrying Capacity.md,vault/MA/Mathematical-Analysis-&-Modeling/DEQ/4. Systems of Differential Equations/4.5. Modeling With Systems of Linear ODEs/Source/4.5.2. The Lotka-Volterra Model With Carrying Capacity
