node_id,lesson_id,topic_code,module,assignment_folder,assignment_date,assignment_code,assignment_type,lesson_file,lesson_kind,problem_number,lesson_title,source_relative_path,source_path,headings,incoming_prerequisite_edge_count,dependent_lesson_count,outgoing_matched_prerequisite_count,prerequisite_hub,cycle_flag,cycle_component_id,cycle_member_count
212-M1-031,212-M1-031,MTH212.M1.31,M1,2026-06-23-M1-00,2026-06-23,M1-00,Lecture,Problem-1.md,Problem lesson,1,Finding When Angular Velocity Reverses Direction,M1/2026-06-23-M1-00/Lessons/Problem-1.md,/Users/jake/Developer/study/vault/212/M1/2026-06-23-M1-00/Lessons/Problem-1.md,Turn Reversal into a Zero-Velocity Equation | Isolate the Squared Time | Choose the Nonnegative Time | Compute the Given Reversal Time,0,0,1,false,false,,
212-M1-032,212-M1-032,MTH212.M1.32,M1,2026-06-23-M1-00,2026-06-23,M1-00,Lecture,Problem-2.md,Problem lesson,2,Angular Displacement Before Reversal,M1/2026-06-23-M1-00/Lessons/Problem-2.md,/Users/jake/Developer/study/vault/212/M1/2026-06-23-M1-00/Lessons/Problem-2.md,Find the Reversal Time | Set Up the Angle Integral | Evaluate the Polynomial Integral | Combine the Steps,2,2,1,false,false,,
212-M1-066,212-M1-066,MTH212.M1.66,M1,2026-06-23-M1-00,2026-06-23,M1-00,Lecture,tangential-acceleration-from-angular-acceleration.md,Supplemental lesson,,Converting Angular Acceleration to Tangential Acceleration,M1/2026-06-23-M1-00/Lessons/tangential-acceleration-from-angular-acceleration.md,/Users/jake/Developer/study/vault/212/M1/2026-06-23-M1-00/Lessons/tangential-acceleration-from-angular-acceleration.md,Convert Angular Change into Tangential Change | Solve Backward for Angular Acceleration | Carry the Sign into the Tangential Direction | Keep Tangential and Radial Acceleration Separate,1,1,1,false,false,,
212-M1-033,212-M1-033,MTH212.M1.33,M1,2026-06-24-M1-1,2026-06-24,M1-1,Lecture,Problem-1.md,Problem lesson,1,Convert Revolutions Per Second to Angular Frequency,M1/2026-06-24-M1-1/Lessons/Problem-1.md,/Users/jake/Developer/study/vault/212/M1/2026-06-24-M1-1/Lessons/Problem-1.md,One Revolution Is \(2\pi\) Radians | Convert A Rotation Rate | Round The Angular Frequency | Avoid Leaving Revolutions In The Answer,10,8,2,true,true,CYCLE-001,4
212-M1-034,212-M1-034,MTH212.M1.34,M1,2026-06-24-M1-1,2026-06-24,M1-1,Lecture,Problem-2.md,Problem lesson,2,Magnitude of Constant Angular Acceleration,M1/2026-06-24-M1-1/Lessons/Problem-2.md,/Users/jake/Developer/study/vault/212/M1/2026-06-24-M1-1/Lessons/Problem-2.md,Use The Constant Acceleration Formula | Keep The Sign Until The End | Find The Magnitude For A Stopping Disk | Attach The Units And Round,4,4,1,true,true,CYCLE-001,4
212-M1-035,212-M1-035,MTH212.M1.35,M1,2026-06-24-M1-1,2026-06-24,M1-1,Lecture,Problem-3.md,Problem lesson,3,Finding Angular Acceleration Direction While Stopping,M1/2026-06-24-M1-1/Lessons/Problem-3.md,/Users/jake/Developer/study/vault/212/M1/2026-06-24-M1-1/Lessons/Problem-3.md,Finding the Angular Velocity Direction | Reversing Direction When Rotation Stops | Checking the Direction With Signs | Separating Slowing Down From Speeding Up,2,2,1,false,false,,
212-M1-036,212-M1-036,MTH212.M1.36,M1,2026-06-24-M1-1,2026-06-24,M1-1,Lecture,Problem-4.md,Problem lesson,4,Revolutions While A Disk Stops,M1/2026-06-24-M1-1/Lessons/Problem-4.md,/Users/jake/Developer/study/vault/212/M1/2026-06-24-M1-1/Lessons/Problem-4.md,Read The Stopping Cue | Find The Angular Displacement | Convert Radians To Revolutions | Avoid The Constant-Speed Trap,1,1,3,false,true,CYCLE-001,4
212-M1-037,212-M1-037,MTH212.M1.37,M1,2026-06-25-M1-2,2026-06-25,M1-2,Lecture,Problem-1.md,Problem lesson,1,Find Angular Speed From Angular Position,M1/2026-06-25-M1-2/Lessons/Problem-1.md,/Users/jake/Developer/study/vault/212/M1/2026-06-25-M1-2/Lessons/Problem-1.md,"Differentiate the Position Formula | Evaluate at the Requested Time | Report Speed, Not Signed Velocity | Match the Target Problem",5,4,0,true,false,,
212-M1-038,212-M1-038,MTH212.M1.38,M1,2026-06-25-M1-2,2026-06-25,M1-2,Lecture,Problem-2.md,Problem lesson,2,Deciding Where Distance Belongs in a Speed Formula,M1/2026-06-25-M1-2/Lessons/Problem-2.md,/Users/jake/Developer/study/vault/212/M1/2026-06-25-M1-2/Lessons/Problem-2.md,Hold The Timing Condition Fixed | Match Increase To Numerator Or Denominator | Avoid Letting Two Things Change At Once | Connect The Reasoning To The Disk Formula,4,4,1,true,true,CYCLE-002,2
212-M1-039,212-M1-039,MTH212.M1.39,M1,2026-06-25-M1-2,2026-06-25,M1-2,Lecture,Problem-3.md,Problem lesson,3,Putting Period in the Denominator for Rotating-Disk Speed,M1/2026-06-25-M1-2/Lessons/Problem-3.md,/Users/jake/Developer/study/vault/212/M1/2026-06-25-M1-2/Lessons/Problem-3.md,Change Period Into Angular Speed | Find the Time for a Fixed Angle | Place the Period in the Speed Formula | Check the Direction of the Relationship,8,8,4,true,true,CYCLE-002,2
212-M1-040,212-M1-040,MTH212.M1.40,M1,2026-06-25-M1-2,2026-06-25,M1-2,Lecture,Problem-4.md,Problem lesson,4,Placing Angular Separation in a Speed Formula,M1/2026-06-25-M1-2/Lessons/Problem-4.md,/Users/jake/Developer/study/vault/212/M1/2026-06-25-M1-2/Lessons/Problem-4.md,Relate Angle to Fraction of a Turn | Turn Rotation Time Into Bullet Speed | Decide Whether an Angle Belongs Upstairs or Downstairs | Avoid the Angle Trap,0,0,2,false,false,,
212-M1-041,212-M1-041,MTH212.M1.41,M1,2026-06-25-M1-2,2026-06-25,M1-2,Lecture,Problem-5.md,Problem lesson,5,Bullet Speed from Rotating Disk Alignment,M1/2026-06-25-M1-2/Lessons/Problem-5.md,/Users/jake/Developer/study/vault/212/M1/2026-06-25-M1-2/Lessons/Problem-5.md,Turn Angular Separation Into Flight Time | Use Flight Time to Find Speed | Build the Symbolic Formula | Substitute the Given Values | Avoid the Full-Period Trap,0,0,3,false,false,,
212-M1-003,212-M1-003,MTH212.M1.03,M1,2026-06-25-M1-2,2026-06-25,M1-2,Lecture,Problem-6.md,Problem lesson,6,Ranking Radial Accelerations,M1/2026-06-25-M1-2/Lessons/Problem-6.md,/Users/jake/Developer/study/vault/212/M1/2026-06-25-M1-2/Lessons/Problem-6.md,Calculate Radial Acceleration From Speed and Radius | Use the Square on Speed | Use the Radius in the Denominator | Rank Several Circular Motions | Check the Common Trap,7,7,1,true,false,,
212-M1-042,212-M1-042,MTH212.M1.42,M1,2026-06-25-M1-2,2026-06-25,M1-2,Lecture,Problem-7.md,Problem lesson,7,Angle Turned Before Reversal,M1/2026-06-25-M1-2/Lessons/Problem-7.md,/Users/jake/Developer/study/vault/212/M1/2026-06-25-M1-2/Lessons/Problem-7.md,Find the Reversal Time | Integrate Angular Velocity | Use the Correct Bounds | Match the Target Problem,0,0,0,false,false,,
212-M1-043,212-M1-043,MTH212.M1.43,M1,2026-06-28-HW-1,2026-06-28,HW-1,Homework,Problem-1.md,Problem lesson,1,Converting Revolutions per Minute to Radians per Second,M1/2026-06-28-HW-1/Lessons/Problem-1.md,/Users/jake/Developer/study/vault/212/M1/2026-06-28-HW-1/Lessons/Problem-1.md,Choosing the Conversion Factors | Checking the Remaining Units | Simplifying the Number | Avoiding the Minute-to-Second Trap | Matching the Answer Choices,4,4,1,true,true,CYCLE-001,4
212-M1-044,212-M1-044,MTH212.M1.44,M1,2026-06-28-HW-1,2026-06-28,HW-1,Homework,Problem-2.md,Problem lesson,2,Finding the Time for One Revolution While Speeding Up,M1/2026-06-28-HW-1/Lessons/Problem-2.md,/Users/jake/Developer/study/vault/212/M1/2026-06-28-HW-1/Lessons/Problem-2.md,Converting a Revolution to Distance | Writing the Distance Equation | Solving the Quadratic for Time | Keeping the Positive Symbolic Root | Matching the Answer Choices,1,1,0,false,false,,
212-M1-045,212-M1-045,MTH212.M1.45,M1,2026-06-28-HW-1,2026-06-28,HW-1,Homework,Problem-3.md,Problem lesson,3,Finding the Units of a Coefficient in Angular Acceleration,M1/2026-06-28-HW-1/Lessons/Problem-3.md,/Users/jake/Developer/study/vault/212/M1/2026-06-28-HW-1/Lessons/Problem-3.md,Matching Units in a Sum | Dividing Out a Time Power | Distinguishing the Coefficient From the Constant Term | Checking Variants of the Same Move,0,0,1,false,false,,
212-M1-046,212-M1-046,MTH212.M1.46,M1,2026-06-28-HW-1,2026-06-28,HW-1,Homework,Problem-4.md,Problem lesson,4,Finding Angular Velocity From Angular Acceleration,M1/2026-06-28-HW-1/Lessons/Problem-4.md,/Users/jake/Developer/study/vault/212/M1/2026-06-28-HW-1/Lessons/Problem-4.md,Integrating Angular Acceleration | Separating Given Constants From the Integration Constant | Using the Initial Angular Velocity | Matching the Homework Form,3,2,1,true,false,,
212-M1-047,212-M1-047,MTH212.M1.47,M1,2026-06-28-HW-1,2026-06-28,HW-1,Homework,Problem-5.md,Problem lesson,5,Finding Angular Position From Angular Acceleration,M1/2026-06-28-HW-1/Lessons/Problem-5.md,/Users/jake/Developer/study/vault/212/M1/2026-06-28-HW-1/Lessons/Problem-5.md,Integrating Acceleration to Velocity | Integrating Velocity to Position | Using Initial Conditions | Keeping the Coefficients Straight | Matching the Requested Formula,2,2,3,false,false,,
212-M1-006,212-M1-006,MTH212.M1.06,M1,2026-06-28-HW-1,2026-06-28,HW-1,Homework,Problem-6.md,Problem lesson,6,Recognizing Tangential Velocity in Circular Motion,M1/2026-06-28-HW-1/Lessons/Problem-6.md,/Users/jake/Developer/study/vault/212/M1/2026-06-28-HW-1/Lessons/Problem-6.md,Using the Radius and Tangent Directions | Checking the Relationship Without Knowing Clockwise or Counterclockwise | Distinguishing Velocity From Acceleration | Matching the True-or-False Statement,9,8,2,true,true,CYCLE-003,3
212-M1-007,212-M1-007,MTH212.M1.07,M1,2026-06-28-HW-1,2026-06-28,HW-1,Homework,Problem-7.md,Problem lesson,7,Comparing Centripetal Acceleration with the Radius Vector,M1/2026-06-28-HW-1/Lessons/Problem-7.md,/Users/jake/Developer/study/vault/212/M1/2026-06-28-HW-1/Lessons/Problem-7.md,Reading the Radius Vector | Finding the Acceleration Direction | Comparing the Two Directions | Separating Velocity from Acceleration | Answering the True-or-False Claim,5,5,1,true,false,,
212-M1-001,212-M1-001,MTH212.M1.01,M1,2026-06-28-HW-1,2026-06-28,HW-1,Homework,Problem-8.md,Problem lesson,8,Relating Tangential Speed to Angular Speed,M1/2026-06-28-HW-1/Lessons/Problem-8.md,/Users/jake/Developer/study/vault/212/M1/2026-06-28-HW-1/Lessons/Problem-8.md,Converting Angle Swept to Arc Length | Turning Arc Length per Time Into Speed | Checking the Units | Reading Magnitude Statements | Checking the True-or-False Claim,5,3,1,true,false,,
212-M1-004,212-M1-004,MTH212.M1.04,M1,2026-06-28-HW-1,2026-06-28,HW-1,Homework,Problem-9.md,Problem lesson,9,Checking the Magnitude of Centripetal Acceleration,M1/2026-06-28-HW-1/Lessons/Problem-9.md,/Users/jake/Developer/study/vault/212/M1/2026-06-28-HW-1/Lessons/Problem-9.md,Recognizing the Direction of Circular Acceleration | Using the Speed Formula for the Magnitude | Rewriting the Magnitude With Angular Speed | Checking a True-or-False Statement,8,8,4,true,false,,
212-M1-048,212-M1-048,MTH212.M1.48,M1,2026-06-28-HW-1,2026-06-28,HW-1,Homework,Problem-10.md,Problem lesson,10,Identifying Velocity Direction in Non-Uniform Circular Motion,M1/2026-06-28-HW-1/Lessons/Problem-10.md,/Users/jake/Developer/study/vault/212/M1/2026-06-28-HW-1/Lessons/Problem-10.md,Reading the Circular-Motion Cue | Separating Speed Changes From Velocity Direction | Checking Perpendicularity With Components | Checking the Homework Claim,4,3,3,true,true,CYCLE-003,3
212-M1-049,212-M1-049,MTH212.M1.49,M1,2026-06-28-HW-1,2026-06-28,HW-1,Homework,Problem-11.md,Problem lesson,11,Testing Whether Circular-Motion Acceleration Is Perpendicular to the Radius,M1/2026-06-28-HW-1/Lessons/Problem-11.md,/Users/jake/Developer/study/vault/212/M1/2026-06-28-HW-1/Lessons/Problem-11.md,Separate Radial and Tangential Acceleration | Use the Perpendicular Test | Handle Non-Uniform Speed | Check the True-or-False Statement,2,2,1,false,false,,
212-M1-050,212-M1-050,MTH212.M1.50,M1,2026-06-28-HW-1,2026-06-28,HW-1,Homework,Problem-12.md,Problem lesson,12,Checking Speed From Angular Speed in Non-Uniform Circular Motion,M1/2026-06-28-HW-1/Lessons/Problem-12.md,/Users/jake/Developer/study/vault/212/M1/2026-06-28-HW-1/Lessons/Problem-12.md,Separating Velocity Direction From Speed | Using Instantaneous Angular Speed | Checking the Units of $r\omega$ | Why Non-Uniform Motion Still Uses $r\omega$ | Checking the True-or-False Claim,1,1,4,false,true,CYCLE-003,3
212-M1-008,212-M1-008,MTH212.M1.08,M1,2026-06-28-HW-1,2026-06-28,HW-1,Homework,Problem-13.md,Problem lesson,13,Choosing the Acceleration Direction When Circular Motion Speeds Up,M1/2026-06-28-HW-1/Lessons/Problem-13.md,/Users/jake/Developer/study/vault/212/M1/2026-06-28-HW-1/Lessons/Problem-13.md,Separate the Two Direction Cues | Use Speeding Up to Set the Tangential Direction | Add the Inward and Tangential Directions | Check the Original Arrow Choice,2,2,3,false,true,CYCLE-004,3
212-M1-051,212-M1-051,MTH212.M1.51,M1,2026-06-28-HW-1,2026-06-28,HW-1,Homework,Problem-14.md,Problem lesson,14,Matching Angular Velocity to an Angular Position Graph,M1/2026-06-28-HW-1/Lessons/Problem-14.md,/Users/jake/Developer/study/vault/212/M1/2026-06-28-HW-1/Lessons/Problem-14.md,Read Velocity as Slope | Mark Where Velocity Is Zero | Match the Sign Pattern | Use Steepness to Choose the Best Graph | Match the Homework Graph,3,3,3,true,true,CYCLE-005,2
212-M1-052,212-M1-052,MTH212.M1.52,M1,2026-06-28-HW-1,2026-06-28,HW-1,Homework,Problem-15.md,Problem lesson,15,Matching Angular Acceleration to a Position Graph,M1/2026-06-28-HW-1/Lessons/Problem-15.md,/Users/jake/Developer/study/vault/212/M1/2026-06-28-HW-1/Lessons/Problem-15.md,Reading Curvature As Acceleration | Using Turning Points As Sign Checks | Finding Inflection Points | Choosing The Matching Graph | Avoiding Slope And Height Traps,2,1,3,false,true,CYCLE-005,2
212-M1-016,212-M1-016,MTH212.M1.16,M1,2026-06-29-M1-3,2026-06-29,M1-3,Lecture,Problem-1.md,Problem lesson,1,Comparing Ferris Wheel Normal Forces,M1/2026-06-29-M1-3/Lessons/Problem-1.md,/Users/jake/Developer/study/vault/212/M1/2026-06-29-M1-3/Lessons/Problem-1.md,Aim the Radial Equation Inward | Top of the Wheel | Bottom of the Wheel | Compare the Two Normal Forces,0,0,2,false,false,,
212-M1-002,212-M1-002,MTH212.M1.02,M1,2026-06-29-M1-3,2026-06-29,M1-3,Lecture,Problem-2.md,Problem lesson,2,Tangential Speed From Angular Velocity,M1/2026-06-29-M1-3/Lessons/Problem-2.md,/Users/jake/Developer/study/vault/212/M1/2026-06-29-M1-3/Lessons/Problem-2.md,Use Radius Times Angular Velocity | Keep Units and Round the Product | Avoid Radius and Diameter Traps,2,2,0,false,false,,
212-M1-053,212-M1-053,MTH212.M1.53,M1,2026-06-29-M1-3,2026-06-29,M1-3,Lecture,Problem-3.md,Problem lesson,3,Comparing Ferris-Wheel Normal Forces at the Top and Bottom,M1/2026-06-29-M1-3/Lessons/Problem-3.md,/Users/jake/Developer/study/vault/212/M1/2026-06-29-M1-3/Lessons/Problem-3.md,Choose the Inward Direction at Each Point | Write the Two Radial Force Equations | Solve Each Equation for the Normal Force | Compare the Two Normal Forces,0,0,2,false,false,,
212-M1-017,212-M1-017,MTH212.M1.17,M1,2026-06-29-M1-3,2026-06-29,M1-3,Lecture,Problem-4.md,Problem lesson,4,Finding the Normal Force at the Bottom of a Ferris Wheel,M1/2026-06-29-M1-3/Lessons/Problem-4.md,/Users/jake/Developer/study/vault/212/M1/2026-06-29-M1-3/Lessons/Problem-4.md,Choose the Radial Direction | Compute the Centripetal Force Term | Solve for the Normal Force | Avoid the Top-Bottom Sign Mix-Up,2,2,2,false,false,,
212-M1-018,212-M1-018,MTH212.M1.18,M1,2026-06-29-M1-3,2026-06-29,M1-3,Lecture,Problem-5.md,Problem lesson,5,Normal Force at the Top of a Ferris Wheel,M1/2026-06-29-M1-3/Lessons/Problem-5.md,/Users/jake/Developer/study/vault/212/M1/2026-06-29-M1-3/Lessons/Problem-5.md,Find the Inward Direction at the Top | Write the Top-Position Force Balance | Substitute Angular Speed into the Force Balance | Avoid the Bottom-Position Sign Error,0,0,2,false,false,,
212-M1-014,212-M1-014,MTH212.M1.14,M1,2026-06-29-M1-3,2026-06-29,M1-3,Lecture,Problem-6.md,Problem lesson,6,Threshold Angular Speed Before Slipping,M1/2026-06-29-M1-3/Lessons/Problem-6.md,/Users/jake/Developer/study/vault/212/M1/2026-06-29-M1-3/Lessons/Problem-6.md,Set Up the Threshold Equation | Cancel Mass and Solve for Angular Speed | Compute the Threshold Speed | Avoid the Extra-Given Trap,0,0,2,false,false,,
212-M1-021,212-M1-021,MTH212.M1.21,M1,2026-06-30-M1-4,2026-06-30,M1-4,Lecture,Problem-1.md,Problem lesson,1,Choosing a Free-Body Diagram for an Icy Banked Curve,M1/2026-06-30-M1-4/Lessons/Problem-1.md,/Users/jake/Developer/study/vault/212/M1/2026-06-30-M1-4/Lessons/Problem-1.md,Start With Real Forces | Point Weight and Normal | Reject Extra Motion Arrows | Match the Diagram,4,3,3,true,true,CYCLE-006,8
212-M1-012,212-M1-012,MTH212.M1.12,M1,2026-06-30-M1-4,2026-06-30,M1-4,Lecture,Problem-2.md,Problem lesson,2,Free-Body Diagrams for Level Circular Motion,M1/2026-06-30-M1-4/Lessons/Problem-2.md,/Users/jake/Developer/study/vault/212/M1/2026-06-30-M1-4/Lessons/Problem-2.md,Balance the Vertical Forces | Point the Sideways Force Toward the Center | Use the View to Choose Left or Right | Reject Extra or Outward Forces | Match the Original Diagram,5,5,3,true,true,CYCLE-006,8
212-M1-013,212-M1-013,MTH212.M1.13,M1,2026-06-30-M1-4,2026-06-30,M1-4,Lecture,Problem-3.md,Problem lesson,3,Finding Static Friction on a Flat Curve,M1/2026-06-30-M1-4/Lessons/Problem-3.md,/Users/jake/Developer/study/vault/212/M1/2026-06-30-M1-4/Lessons/Problem-3.md,Identify the Inward Force | Set the Limiting-Speed Equation | Cancel Mass and Solve for the Coefficient | Substitute the Values | Check Mass and Units,0,0,3,false,false,,
212-M1-022,212-M1-022,MTH212.M1.22,M1,2026-06-30-M1-4,2026-06-30,M1-4,Lecture,Problem-4.md,Problem lesson,4,Finding the Speed for a Frictionless Banked Curve,M1/2026-06-30-M1-4/Lessons/Problem-4.md,/Users/jake/Developer/study/vault/212/M1/2026-06-30-M1-4/Lessons/Problem-4.md,Resolve the Normal Force | Derive the No-Friction Speed Formula | Compute the Speed from Radius and Bank Angle | Check the Original Problem,4,3,2,true,true,CYCLE-006,8
212-M1-023,212-M1-023,MTH212.M1.23,M1,2026-06-30-M1-4,2026-06-30,M1-4,Lecture,Problem-5.md,Problem lesson,5,Choosing Friction Direction on a Banked Curve,M1/2026-06-30-M1-4/Lessons/Problem-5.md,/Users/jake/Developer/study/vault/212/M1/2026-06-30-M1-4/Lessons/Problem-5.md,Match the No-Friction Speed | Handle a Speed That Is Too High | Handle a Speed That Is Too Low | Apply the Answer Choices,0,0,2,false,false,,
212-M1-024,212-M1-024,MTH212.M1.24,M1,2026-06-30-M1-4,2026-06-30,M1-4,Lecture,Problem-6.md,Problem lesson,6,Maximum Speed on a Frictional Banked Curve,M1/2026-06-30-M1-4/Lessons/Problem-6.md,/Users/jake/Developer/study/vault/212/M1/2026-06-30-M1-4/Lessons/Problem-6.md,Friction Points Down the Bank at Maximum Speed | Write the Radial and Vertical Force Equations | Divide the Equations to Isolate Speed | Evaluate the Formula Carefully,2,2,2,false,false,,
212-M1-026,212-M1-026,MTH212.M1.26,M1,2026-06-30-M1-4,2026-06-30,M1-4,Lecture,Problem-7.md,Problem lesson,7,Choosing a Free-Body Diagram for a Conical Pendulum,M1/2026-06-30-M1-4/Lessons/Problem-7.md,/Users/jake/Developer/study/vault/212/M1/2026-06-30-M1-4/Lessons/Problem-7.md,List Only Real Forces | Point Each Force in Its Physical Direction | Use Centripetal Acceleration as a Net-Force Check | Apply the Answer Choices,1,1,2,false,false,,
212-M1-009,212-M1-009,MTH212.M1.09,M1,2026-07-02-M1-5,2026-07-02,M1-5,Lecture,Problem-1.md,Problem lesson,1,Choosing the Net Force Direction for Speeding-Up Circular Motion,M1/2026-07-02-M1-5/Lessons/Problem-1.md,/Users/jake/Developer/study/vault/212/M1/2026-07-02-M1-5/Lessons/Problem-1.md,Split the Net Force Into Two Components | Find the Forward Tangent | Combine Inward and Forward | Avoid the Tangent-Only Trap | Original-Style Check,1,1,3,false,false,,
212-M1-054,212-M1-054,MTH212.M1.54,M1,2026-07-02-M1-5,2026-07-02,M1-5,Lecture,Problem-2.md,Problem lesson,2,Choosing the Net Force Direction for Clockwise Speeding Up,M1/2026-07-02-M1-5/Lessons/Problem-2.md,/Users/jake/Developer/study/vault/212/M1/2026-07-02-M1-5/Lessons/Problem-2.md,Convert Net Force to Acceleration Direction | Mark the Inward Radial Component | Mark the Forward Tangential Component | Combine the Components and Match the Arrow,3,3,4,true,true,CYCLE-004,3
212-M1-055,212-M1-055,MTH212.M1.55,M1,2026-07-02-M1-5,2026-07-02,M1-5,Lecture,Problem-3.md,Problem lesson,3,Finding Radial Acceleration From Inward Forces,M1/2026-07-02-M1-5/Lessons/Problem-3.md,/Users/jake/Developer/study/vault/212/M1/2026-07-02-M1-5/Lessons/Problem-3.md,Set the Inward Radial Equation | Resolve Weight Onto the Radial Axis | Solve for the Radial Acceleration | Use the Given Numbers and Round,7,6,1,true,false,,
212-M1-056,212-M1-056,MTH212.M1.56,M1,2026-07-02-M1-5,2026-07-02,M1-5,Lecture,Problem-4.md,Problem lesson,4,Finding Tangential Acceleration in a Vertical Circle,M1/2026-07-02-M1-5/Lessons/Problem-4.md,/Users/jake/Developer/study/vault/212/M1/2026-07-02-M1-5/Lessons/Problem-4.md,Separate Radial and Tangential Forces | Choose the Tangential Component of Weight | Convert Tangential Force to Acceleration | Ignore Radial Data and Sign Traps,3,2,2,true,true,CYCLE-006,8
212-M1-057,212-M1-057,MTH212.M1.57,M1,2026-07-02-M1-5,2026-07-02,M1-5,Lecture,Problem-5.md,Problem lesson,5,Total Acceleration From Radial and Tangential Components,M1/2026-07-02-M1-5/Lessons/Problem-5.md,/Users/jake/Developer/study/vault/212/M1/2026-07-02-M1-5/Lessons/Problem-5.md,Combine Perpendicular Acceleration Components | Find the Components First | Keep Direction Separate From Magnitude | Apply the Assignment Values,1,1,2,false,true,CYCLE-006,8
212-M1-058,212-M1-058,MTH212.M1.58,M1,2026-07-02-M1-5,2026-07-02,M1-5,Lecture,Problem-6.md,Problem lesson,6,Release Height from a Vertical Circle,M1/2026-07-02-M1-5/Lessons/Problem-6.md,/Users/jake/Developer/study/vault/212/M1/2026-07-02-M1-5/Lessons/Problem-6.md,Turn Radial Forces Into Speed | Find the Upward Release Component | Combine Speed With Projectile Height | Finish the Assignment Calculation,0,0,1,false,false,,
212-M1-005,212-M1-005,MTH212.M1.05,M1,2026-07-03-HW-2,2026-07-03,HW-2,Homework,Problem-1.md,Problem lesson,1,Recognizing Uniform Circular Motion,M1/2026-07-03-HW-2/Lessons/Problem-1.md,/Users/jake/Developer/study/vault/212/M1/2026-07-03-HW-2/Lessons/Problem-1.md,Check the Two Required Features | Use Period as Evidence for Constant Speed | Avoid Force-Based Distractions | Choose the Best Explanation,3,3,2,true,false,,
212-M1-027,212-M1-027,MTH212.M1.27,M1,2026-07-03-HW-2,2026-07-03,HW-2,Homework,Problem-2.md,Problem lesson,2,Finding the Radius from an Angled String,M1/2026-07-03-HW-2/Lessons/Problem-2.md,/Users/jake/Developer/study/vault/212/M1/2026-07-03-HW-2/Lessons/Problem-2.md,Turn the Side View Into a Right Triangle | Choose Cosine When the Angle Starts at the Horizontal | Do Not Swap the Reference Line | Apply the Rule to the Conical Pendulum,0,0,0,false,false,,
212-M1-059,212-M1-059,MTH212.M1.59,M1,2026-07-03-HW-2,2026-07-03,HW-2,Homework,Problem-3.md,Problem lesson,3,Finding Centripetal Force From Radius and Period,M1/2026-07-03-HW-2/Lessons/Problem-3.md,/Users/jake/Developer/study/vault/212/M1/2026-07-03-HW-2/Lessons/Problem-3.md,Turn Period Into Speed | Substitute Speed Into Centripetal Force | Match the Formula to the Answer Choices | Check How the Period Affects the Force,4,4,3,true,false,,
212-M1-011,212-M1-011,MTH212.M1.11,M1,2026-07-03-HW-2,2026-07-03,HW-2,Homework,Problem-4.md,Problem lesson,4,Finding the Net-Force Direction in Circular Motion,M1/2026-07-03-HW-2/Lessons/Problem-4.md,/Users/jake/Developer/study/vault/212/M1/2026-07-03-HW-2/Lessons/Problem-4.md,Point Net Force Toward the Circle Center | Use the Side View to Name the Direction | Separate Net Force From Individual Forces | Check the Opposite Side,5,4,2,true,true,CYCLE-004,3
212-M1-028,212-M1-028,MTH212.M1.28,M1,2026-07-03-HW-2,2026-07-03,HW-2,Homework,Problem-5.md,Problem lesson,5,Deriving the Angle in a Conical Pendulum,M1/2026-07-03-HW-2/Lessons/Problem-5.md,/Users/jake/Developer/study/vault/212/M1/2026-07-03-HW-2/Lessons/Problem-5.md,Use the Given Angle to Choose Components | Write the Radial and Vertical Force Equations | Replace the Circular Acceleration | Solve for the Angle,3,2,1,true,true,CYCLE-006,8
212-M1-060,212-M1-060,MTH212.M1.60,M1,2026-07-03-HW-2,2026-07-03,HW-2,Homework,Problem-6.md,Problem lesson,6,Writing the Vertical Force Equation on a Banked Track,M1/2026-07-03-HW-2/Lessons/Problem-6.md,/Users/jake/Developer/study/vault/212/M1/2026-07-03-HW-2/Lessons/Problem-6.md,Resolve the Normal Force | Resolve Friction Pointing Up the Track | Use Zero Vertical Acceleration | Avoid Swapping Sine and Cosine,8,8,3,true,true,CYCLE-006,8
212-M1-061,212-M1-061,MTH212.M1.61,M1,2026-07-03-HW-2,2026-07-03,HW-2,Homework,Problem-7.md,Problem lesson,7,Resolving Banked-Track Forces Along the Centripetal Direction,M1/2026-07-03-HW-2/Lessons/Problem-7.md,/Users/jake/Developer/study/vault/212/M1/2026-07-03-HW-2/Lessons/Problem-7.md,Choose the Inward Axis | Resolve the Normal Force | Resolve Friction Pointing Up the Track | Write the Centripetal Force Equation,4,4,2,true,false,,
212-M1-062,212-M1-062,MTH212.M1.62,M1,2026-07-03-HW-2,2026-07-03,HW-2,Homework,Problem-8.md,Problem lesson,8,Finding Uphill Friction on a Banked Curve,M1/2026-07-03-HW-2/Lessons/Problem-8.md,/Users/jake/Developer/study/vault/212/M1/2026-07-03-HW-2/Lessons/Problem-8.md,Choose Components from the Given Friction Direction | Write the Radial and Vertical Force Equations | Eliminate the Normal Force | Match the Formula to the Answer Choices,0,0,2,false,false,,
212-M1-025,212-M1-025,MTH212.M1.25,M1,2026-07-03-HW-2,2026-07-03,HW-2,Homework,Problem-9.md,Problem lesson,9,Deciding True Statements About Static Friction on a Banked Turn,M1/2026-07-03-HW-2/Lessons/Problem-9.md,/Users/jake/Developer/study/vault/212/M1/2026-07-03-HW-2/Lessons/Problem-9.md,Point the Acceleration Inward | Find the Speed That Needs No Friction | Use Speed to Choose the Friction Direction | Connect Friction Magnitude to Speed Limits | Check the Problem Statements,0,0,3,false,false,,
212-M1-063,212-M1-063,MTH212.M1.63,M1,2026-07-03-HW-2,2026-07-03,HW-2,Homework,Problem-10.md,Problem lesson,10,Testing Loop-the-Loop Statements,M1/2026-07-03-HW-2/Lessons/Problem-10.md,/Users/jake/Developer/study/vault/212/M1/2026-07-03-HW-2/Lessons/Problem-10.md,Use the Top of the Loop as the Contact Test | Use Energy to Connect the Entry Speed and the Top Speed | Separate Energy Conservation from Uniform Circular Motion | Check Whether the Centripetal Force Is Constant | Choose the True Statements,3,3,3,true,false,,
212-M1-029,212-M1-029,MTH212.M1.29,M1,2026-07-03-HW-2,2026-07-03,HW-2,Homework,Problem-11.md,Problem lesson,11,Finding the Minimum Entry Speed for a Loop-the-Loop,M1/2026-07-03-HW-2/Lessons/Problem-11.md,/Users/jake/Developer/study/vault/212/M1/2026-07-03-HW-2/Lessons/Problem-11.md,Set the Top Contact Condition | Use Energy from Bottom to Top | Combine the Two Conditions | Match the Answer Choices,0,0,3,false,false,,
212-M1-020,212-M1-020,MTH212.M1.20,M1,2026-07-03-HW-2,2026-07-03,HW-2,Homework,Problem-12.md,Problem lesson,12,Recognizing Contact Loss on a Curved Surface,M1/2026-07-03-HW-2/Lessons/Problem-12.md,/Users/jake/Developer/study/vault/212/M1/2026-07-03-HW-2/Lessons/Problem-12.md,Use Zero Normal Force as the Contact-Loss Test | Keep Radial Acceleration Separate from the Normal Force | Separate Radial and Tangential Acceleration | Reject Uniform Circular Motion When Speed Changes | Choose the True Igloo Statement,2,2,3,false,true,CYCLE-006,8
212-M1-030,212-M1-030,MTH212.M1.30,M1,2026-07-03-HW-2,2026-07-03,HW-2,Homework,Problem-13.md,Problem lesson,13,Finding the Critical Angle Where a Slider Leaves a Sphere,M1/2026-07-03-HW-2/Lessons/Problem-13.md,/Users/jake/Developer/study/vault/212/M1/2026-07-03-HW-2/Lessons/Problem-13.md,Write the Radial Force Equation | Set the Normal Force to Zero at Lift-Off | Use Energy to Find the Speed at an Angle | Combine the Two Equations | Match the Critical Angle to the Choices,0,0,2,false,false,,
212-M1-064,212-M1-064,MTH212.M1.64,M1,2026-07-05-PQ-1,2026-07-05,PQ-1,Practice Quiz,Problem-1.md,Problem lesson,1,Comparing Centripetal Acceleration At Fixed Speed,M1/2026-07-05-PQ-1/Lessons/Problem-1.md,/Users/jake/Developer/study/vault/212/M1/2026-07-05-PQ-1/Lessons/Problem-1.md,Recognize Acceleration In Circular Motion | Compare Radii At The Same Speed | Translate Smaller Circle To Smaller Radius | Compare Radius Changes By Factors,2,2,1,false,false,,
212-M1-010,212-M1-010,MTH212.M1.10,M1,2026-07-05-PQ-1,2026-07-05,PQ-1,Practice Quiz,Problem-2.md,Problem lesson,2,Reading Net Force Arrows for Circular Motion,M1/2026-07-05-PQ-1/Lessons/Problem-2.md,/Users/jake/Developer/study/vault/212/M1/2026-07-05-PQ-1/Lessons/Problem-2.md,Split the Net Force Into Radial and Tangential Parts | Use Motion Direction to Find the Tangent Direction | Use Speeding Up or Slowing Down | Choose the Matching Diagram,0,0,3,false,false,,
212-M1-019,212-M1-019,MTH212.M1.19,M1,2026-07-05-PQ-1,2026-07-05,PQ-1,Practice Quiz,Problem-3.md,Problem lesson,3,Comparing Normal Force and Weight at the Top of a Hill,M1/2026-07-05-PQ-1/Lessons/Problem-3.md,/Users/jake/Developer/study/vault/212/M1/2026-07-05-PQ-1/Lessons/Problem-3.md,Choose the Center Direction | Make the Net Force Point Inward | Compare the Opposing Forces | Reverse the Comparison When the Center Changes | Avoid the Equal-Force Trap | Apply the Hill Question,0,0,3,false,false,,
212-M1-015,212-M1-015,MTH212.M1.15,M1,2026-07-05-PQ-1,2026-07-05,PQ-1,Practice Quiz,Problem-4.md,Problem lesson,4,Finding the Minimum Period Before a Coin Slips,M1/2026-07-05-PQ-1/Lessons/Problem-4.md,/Users/jake/Developer/study/vault/212/M1/2026-07-05-PQ-1/Lessons/Problem-4.md,"Draw the Forces on the Coin | Use Static Friction as the Radial Force | Convert the Speed Limit to a Period | Read ""Smallest Period"" as a Threshold",0,0,2,false,false,,
212-M1-065,212-M1-065,MTH212.M1.65,M1,2026-07-05-PQ-1,2026-07-05,PQ-1,Practice Quiz,Problem-5.md,Problem lesson,5,Bead on a Frictionless Cone,M1/2026-07-05-PQ-1/Lessons/Problem-5.md,/Users/jake/Developer/study/vault/212/M1/2026-07-05-PQ-1/Lessons/Problem-5.md,Choose the Forces and Axes | Resolve the Normal Force | Eliminate the Normal Force | Use the Cone Geometry | Find and Interpret the Period,0,0,4,false,false,,
PATH:M1/2026-07-06-Q-1/Lessons/Problem-1.md,,,M1,2026-07-06-Q-1,2026-07-06,Q-1,Quiz,Problem-1.md,Problem lesson,1,Acceleration in Constant-Speed Circular Motion,M1/2026-07-06-Q-1/Lessons/Problem-1.md,/Users/jake/Developer/study/vault/212/M1/2026-07-06-Q-1/Lessons/Problem-1.md,Constant Speed Can Still Mean Acceleration | Pair Tangent Velocity with Inward Acceleration | Apply the Constant-Speed Circle Test,3,3,2,true,false,,
PATH:M1/2026-07-06-Q-1/Lessons/Problem-2.md,,,M1,2026-07-06-Q-1,2026-07-06,Q-1,Quiz,Problem-2.md,Problem lesson,2,Choosing the Net-Force Vector in Constant-Speed Circular Motion,M1/2026-07-06-Q-1/Lessons/Problem-2.md,/Users/jake/Developer/study/vault/212/M1/2026-07-06-Q-1/Lessons/Problem-2.md,Follow the Radius Toward the Center | Remove the Tangential Direction | Recognize a Crest | Apply the Rule to the Truck,0,0,1,false,false,,
PATH:M1/2026-07-06-Q-1/Lessons/Problem-3.md,,,M1,2026-07-06-Q-1,2026-07-06,Q-1,Quiz,Problem-3.md,Problem lesson,3,Choosing a Free-Body Diagram for a Rotating Bead,M1/2026-07-06-Q-1/Lessons/Problem-3.md,/Users/jake/Developer/study/vault/212/M1/2026-07-06-Q-1/Lessons/Problem-3.md,List Physical Interactions Only | Infer the Required Net-Force Direction | Recover the Loop's Contact Force,0,0,2,false,false,,
PATH:M1/2026-07-06-Q-1/Lessons/Problem-4.md,,,M1,2026-07-06-Q-1,2026-07-06,Q-1,Quiz,Problem-4.md,Problem lesson,4,Resolving Vertical-Circle Motion with r-t Axes,M1/2026-07-06-Q-1/Lessons/Problem-4.md,/Users/jake/Developer/study/vault/212/M1/2026-07-06-Q-1/Lessons/Problem-4.md,Draw the Axes and Real Forces | Resolve Weight onto the r-t Axes | Write the Component Equations | Combine Components for Total Acceleration | Use Radial Acceleration to Find Angular Speed,0,0,2,false,false,,
PATH:M1/2026-07-06-Q-1/Lessons/Problem-5.md,,,M1,2026-07-06-Q-1,2026-07-06,Q-1,Quiz,Problem-5.md,Problem lesson,5,From Linear Velocity to Spool Revolutions,M1/2026-07-06-Q-1/Lessons/Problem-5.md,/Users/jake/Developer/study/vault/212/M1/2026-07-06-Q-1/Lessons/Problem-5.md,Accumulate the Unwound Rope Length | Convert Rope Length to Revolutions | Build the Symbolic Chain | Apply the Chain and Report the Result,0,0,0,false,false,,
212-M2-001,212-M2-001,MTH212.M2.01,M2,2026-07-07-M2-1,2026-07-07,M2-1,Lecture,Problem-1.md,Problem lesson,1,Finding the Center of Mass of Two Point Masses,M2/2026-07-07-M2-1/Lessons/Problem-1.md,/Users/jake/Developer/study/vault/212/M2/2026-07-07-M2-1/Lessons/Problem-1.md,Build the Mass-Position Ledger | Cancel a Common Mass Scale | Check the Location and Direction | Apply the Method to the Two Blocks,0,0,1,false,false,,
212-M2-002,212-M2-002,MTH212.M2.02,M2,2026-07-07-M2-1,2026-07-07,M2-1,Lecture,Problem-2.md,Problem lesson,2,Center of Mass of Two Point Masses,M2/2026-07-07-M2-1/Lessons/Problem-2.md,/Users/jake/Developer/study/vault/212/M2/2026-07-07-M2-1/Lessons/Problem-2.md,Choose Coordinates From the Requested Reference Point | Form the Mass-Weighted Average | Use a Mass Ratio and Check the Result | Apply the Method to the Two Blocks,7,7,0,true,false,,
212-M2-003,212-M2-003,MTH212.M2.03,M2,2026-07-07-M2-1,2026-07-07,M2-1,Lecture,Problem-3.md,Problem lesson,3,Finding the Center of Mass of Identical Blocks,M2/2026-07-07-M2-1/Lessons/Problem-3.md,/Users/jake/Developer/study/vault/212/M2/2026-07-07-M2-1/Lessons/Problem-3.md,Locate Each Block Center | Average Equal-Mass Coordinates | Count Stacked Blocks as Repeated Coordinates | Apply the Method to the Block Arrangement,0,0,0,false,false,,
212-M2-004,212-M2-004,MTH212.M2.04,M2,2026-07-07-M2-1,2026-07-07,M2-1,Lecture,Problem-4.md,Problem lesson,4,Finding the Center of Mass of Joined Cubes,M2/2026-07-07-M2-1/Lessons/Problem-4.md,/Users/jake/Developer/study/vault/212/M2/2026-07-07-M2-1/Lessons/Problem-4.md,Turn Volume Into Mass Weight | Locate Each Cube's Center | Build and Simplify the Weighted Average | Check and Round the Result | Apply the Method to the Composite Cubes,1,1,1,false,false,,
212-M2-005,212-M2-005,MTH212.M2.05,M2,2026-07-07-M2-1,2026-07-07,M2-1,Lecture,Problem-5.md,Problem lesson,5,Bounding the Center of Mass of Two Unequal Cubes,M2/2026-07-07-M2-1/Lessons/Problem-5.md,/Users/jake/Developer/study/vault/212/M2/2026-07-07-M2-1/Lessons/Problem-5.md,Locate the Center of Each Cube | Turn Side Lengths into a Mass Ratio | Measure the Shift Toward the Smaller Cube | Apply the Bound to the Composite Cubes,0,0,0,false,false,,
212-M2-006,212-M2-006,MTH212.M2.06,M2,2026-07-07-M2-1,2026-07-07,M2-1,Lecture,Problem-6.md,Problem lesson,6,Finding a Linear-Density Coefficient From Total Mass,M2/2026-07-07-M2-1/Lessons/Problem-6.md,/Users/jake/Developer/study/vault/212/M2/2026-07-07-M2-1/Lessons/Problem-6.md,Turn Linear Density Into Total Mass | Integrate and Isolate the Coefficient | Substitute Values and Track Units | Apply the Method to the Rod,6,6,2,true,true,CYCLE-007,3
212-M2-007,212-M2-007,MTH212.M2.07,M2,2026-07-08-M2-2,2026-07-08,M2-2,Lecture,Problem-1.md,Problem lesson,1,Comparing Moment of Inertia From Mass Distribution,M2/2026-07-08-M2-2/Lessons/Problem-1.md,/Users/jake/Developer/study/vault/212/M2/2026-07-08-M2-2/Lessons/Problem-1.md,Measure Distance From the Rotation Axis | Use the Squared-Distance Effect | Cancel Identical Contributions | Apply the Comparison to the Barbells,7,7,0,true,false,,
212-M2-008,212-M2-008,MTH212.M2.08,M2,2026-07-08-M2-2,2026-07-08,M2-2,Lecture,Problem-2.md,Problem lesson,2,Center of Mass of a Rod With Linearly Increasing Density,M2/2026-07-08-M2-2/Lessons/Problem-2.md,/Users/jake/Developer/study/vault/212/M2/2026-07-08-M2-2/Lessons/Problem-2.md,Build the Mass and First-Moment Integrals | Evaluate the Integrals | Simplify the Ratio and Check the Location | Apply the Method to the Rod,1,1,1,false,true,CYCLE-007,3
212-M2-009,212-M2-009,MTH212.M2.09,M2,2026-07-08-M2-2,2026-07-08,M2-2,Lecture,Problem-3.md,Problem lesson,3,Eliminating a Density Constant in a Rod-Inertia Integral,M2/2026-07-08-M2-2/Lessons/Problem-3.md,/Users/jake/Developer/study/vault/212/M2/2026-07-08-M2-2/Lessons/Problem-3.md,Use Total Mass to Find the Density Constant | Build the Moment-of-Inertia Integral | Eliminate the Constant Before Substituting | Apply the Method to the Nonuniform Rod,0,0,2,false,false,,
212-M2-010,212-M2-010,MTH212.M2.10,M2,2026-07-08-M2-2,2026-07-08,M2-2,Lecture,Problem-4.md,Problem lesson,4,Moment of Inertia About an Off-Center Rod Pivot,M2/2026-07-08-M2-2/Lessons/Problem-4.md,/Users/jake/Developer/study/vault/212/M2/2026-07-08-M2-2/Lessons/Problem-4.md,Find the Center-to-Pivot Distance | Apply the Parallel-Axis Theorem | Combine the Fractional Coefficients | Apply the Method to the Rod,7,7,3,true,true,CYCLE-009,3
212-M2-011,212-M2-011,MTH212.M2.11,M2,2026-07-09-M2-3,2026-07-09,M2-3,Lecture,Problem-1.md,Problem lesson,1,Comparing Torque Magnitudes From a Diagram,M2/2026-07-09-M2-3/Lessons/Problem-1.md,/Users/jake/Developer/study/vault/212/M2/2026-07-09-M2-3/Lessons/Problem-1.md,Use the Torque-Magnitude Formula | Worked example | Think in Perpendicular Lever Arms | Worked example | Recognize Maximum and Zero Torque | Rank Equal Forces Efficiently | Worked example | Apply the Comparison,5,5,1,true,false,,
212-M2-012,212-M2-012,MTH212.M2.12,M2,2026-07-09-M2-3,2026-07-09,M2-3,Lecture,Problem-2.md,Problem lesson,2,Finding the Smallest Torque From a Force Diagram,M2/2026-07-09-M2-3/Lessons/Problem-2.md,/Users/jake/Developer/study/vault/212/M2/2026-07-09-M2-3/Lessons/Problem-2.md,Use the Angle Between Position and Force | Detect Zero Torque From the Line of Action | Compare Equal Forces With Perpendicular Lever Arms | Apply the Test to the Door,0,0,2,false,false,,
212-M2-013,212-M2-013,MTH212.M2.13,M2,2026-07-09-M2-3,2026-07-09,M2-3,Lecture,Problem-3.md,Problem lesson,3,Finding Torque from a Force at an Angle,M2/2026-07-09-M2-3/Lessons/Problem-3.md,/Users/jake/Developer/study/vault/212/M2/2026-07-09-M2-3/Lessons/Problem-3.md,Identify the Two Torque Vectors | Calculate the Torque Magnitude | Determine the Rotation Direction | Apply the Method to the Wrench,7,7,0,true,false,,
212-M2-014,212-M2-014,MTH212.M2.14,M2,2026-07-09-M2-3,2026-07-09,M2-3,Lecture,Problem-4.md,Problem lesson,4,Finding the Direction of a Torque Vector,M2/2026-07-09-M2-3/Lessons/Problem-4.md,/Users/jake/Developer/study/vault/212/M2/2026-07-09-M2-3/Lessons/Problem-4.md,Determine the Sense of Rotation | Map Rotation to Into or Out of the Page | Check the Direction With the Cross Product | Apply the Method to the Wrench,2,2,2,false,false,,
212-M2-015,212-M2-015,MTH212.M2.15,M2,2026-07-09-M2-3,2026-07-09,M2-3,Lecture,Problem-5.md,Problem lesson,5,Finding a Spool's Angular Acceleration From Tension,M2/2026-07-09-M2-3/Lessons/Problem-5.md,/Users/jake/Developer/study/vault/212/M2/2026-07-09-M2-3/Lessons/Problem-5.md,Draw the Force and Torque Diagrams | Combine Torque With Rotational Inertia | Convert the Radius Before Substitution | Calculate Magnitude and Direction | Apply the Method to the Spool,5,4,3,true,true,CYCLE-010,2
212-M2-016,212-M2-016,MTH212.M2.16,M2,2026-07-09-M2-3,2026-07-09,M2-3,Lecture,Problem-6.md,Problem lesson,6,Finding an Unknown Mass in Rigidly Attached Cylinders,M2/2026-07-09-M2-3/Lessons/Problem-6.md,/Users/jake/Developer/study/vault/212/M2/2026-07-09-M2-3/Lessons/Problem-6.md,Convert the Applied Force to Total Inertia | Separate the Known and Unknown Inertias | Avoid the Radius-Squared and One-Half Traps | Apply the Inertia Budget to the Two Cylinders,6,5,2,true,true,CYCLE-010,2
212-M2-017,212-M2-017,MTH212.M2.17,M2,2026-07-12-HW-3,2026-07-12,HW-3,Homework,Problem-1.md,Problem lesson,1,Interpreting the Moment of Inertia Integral,M2/2026-07-12-HW-3/Lessons/Problem-1.md,/Users/jake/Developer/study/vault/212/M2/2026-07-12-HW-3/Lessons/Problem-1.md,Read the Integrand | Changing the Axis Changes the Inertia | Replace Mass Elements with Geometry | Choose an Integral or a Sum | Connect the Ideas,2,2,0,false,false,,
212-M2-018,212-M2-018,MTH212.M2.18,M2,2026-07-12-HW-3,2026-07-12,HW-3,Homework,Problem-2.md,Problem lesson,2,Combining Center of Mass and Moment of Inertia,M2/2026-07-12-HW-3/Lessons/Problem-2.md,/Users/jake/Developer/study/vault/212/M2/2026-07-12-HW-3/Lessons/Problem-2.md,Classify the Quantity Before Combining | Combine Center-of-Mass Positions | Add Moments of Inertia About the Same Axis | Reject the Weighted-Inertia Trap,0,0,2,false,false,,
212-M2-019,212-M2-019,MTH212.M2.19,M2,2026-07-12-HW-3,2026-07-12,HW-3,Homework,Problem-3.md,Problem lesson,3,Finding a Density Constant from Total Mass,M2/2026-07-12-HW-3/Lessons/Problem-3.md,/Users/jake/Developer/study/vault/212/M2/2026-07-12-HW-3/Lessons/Problem-3.md,Turn Density into a Mass Equation | Integrate a Power-Law Density | Solve for the Density Constant | Check the Result,0,0,1,false,false,,
212-M2-020,212-M2-020,MTH212.M2.20,M2,2026-07-12-HW-3,2026-07-12,HW-3,Homework,Problem-4.md,Problem lesson,4,Center of Mass from a Linear Density,M2/2026-07-12-HW-3/Lessons/Problem-4.md,/Users/jake/Developer/study/vault/212/M2/2026-07-12-HW-3/Lessons/Problem-4.md,Turn Density into a First Moment | Integrate a Power Density | Distinguish Mass from Moment | Check the Location,2,2,1,false,true,CYCLE-007,3
212-M2-021,212-M2-021,MTH212.M2.21,M2,2026-07-12-HW-3,2026-07-12,HW-3,Homework,Problem-5.md,Problem lesson,5,Calculating a Rod's Moment of Inertia from Linear Density,M2/2026-07-12-HW-3/Lessons/Problem-5.md,/Users/jake/Developer/study/vault/212/M2/2026-07-12-HW-3/Lessons/Problem-5.md,Build the Inertia Element | Combine the Distance and Density Powers | Use the Rod's Bounds | Keep Mass and Moment of Inertia Distinct,1,1,2,false,false,,
212-M2-022,212-M2-022,MTH212.M2.22,M2,2026-07-12-HW-3,2026-07-12,HW-3,Homework,Problem-6.md,Problem lesson,6,Shifting a Moment of Inertia to a Parallel Axis,M2/2026-07-12-HW-3/Lessons/Problem-6.md,/Users/jake/Developer/study/vault/212/M2/2026-07-12-HW-3/Lessons/Problem-6.md,Identify the Axis Separation | Apply the Parallel-Axis Theorem | Avoid the Main Traps | Check the Result,5,5,1,true,true,CYCLE-008,2
212-M2-023,212-M2-023,MTH212.M2.23,M2,2026-07-12-HW-3,2026-07-12,HW-3,Homework,Problem-7.md,Problem lesson,7,Comparing Rotational Kinetic Energies About Parallel Axes,M2/2026-07-12-HW-3/Lessons/Problem-7.md,/Users/jake/Developer/study/vault/212/M2/2026-07-12-HW-3/Lessons/Problem-7.md,Cancel the Shared Angular-Speed Factor | Shift One Disk's Moment of Inertia | Add the Two Disks About One Axis | Compare the Contact and Center Axes,5,5,2,true,true,CYCLE-011,4
212-M2-024,212-M2-024,MTH212.M2.24,M2,2026-07-12-HW-3,2026-07-12,HW-3,Homework,Problem-8.md,Problem lesson,8,Mass Removed from a Uniform Disk,M2/2026-07-12-HW-3/Lessons/Problem-8.md,/Users/jake/Developer/study/vault/212/M2/2026-07-12-HW-3/Lessons/Problem-8.md,Convert the Radius Fraction to an Area Fraction | Ignore the Hole's Position When Finding Its Mass | Avoid the Unsquared-Radius Trap,2,2,0,false,false,,
212-M2-025,212-M2-025,MTH212.M2.25,M2,2026-07-12-HW-3,2026-07-12,HW-3,Homework,Problem-9.md,Problem lesson,9,Center of Mass on a Symmetry Axis,M2/2026-07-12-HW-3/Lessons/Problem-9.md,/Users/jake/Developer/study/vault/212/M2/2026-07-12-HW-3/Lessons/Problem-9.md,Recognize the Reflection Symmetry | See Why Paired Mass Cancels | Match the Axis to the Forced Coordinate | Apply the Test to an Excavated Disk | Know When the Shortcut Does Not Apply,0,0,1,false,false,,
212-M2-026,212-M2-026,MTH212.M2.26,M2,2026-07-12-HW-3,2026-07-12,HW-3,Homework,Problem-10.md,Problem lesson,10,Center of Mass of an Object with a Hole,M2/2026-07-12-HW-3/Lessons/Problem-10.md,/Users/jake/Developer/study/vault/212/M2/2026-07-12-HW-3/Lessons/Problem-10.md,Represent a Hole as Negative Mass | Find the Removed Mass from Area | Use the Remaining Mass in the Denominator | Check the Direction of the Shift | Apply the Method to the Excavated Disk,0,0,1,false,false,,
212-M2-027,212-M2-027,MTH212.M2.27,M2,2026-07-13-M2-4,2026-07-13,M2-4,Lecture,Problem-1.md,Problem lesson,1,Balancing a Plank With Opposing Torques,M2/2026-07-13-M2-4/Lessons/Problem-1.md,/Users/jake/Developer/study/vault/212/M2/2026-07-13-M2-4/Lessons/Problem-1.md,Choose the Fulcrum as the Pivot | Compute Perpendicular Torque | Balance the Opposing Torques | Check the Mass-Distance Relationship | Apply the Method,2,2,1,false,false,,
212-M2-028,212-M2-028,MTH212.M2.28,M2,2026-07-13-M2-4,2026-07-13,M2-4,Lecture,Problem-2.md,Problem lesson,2,Finding the Load Position at the Tipping Point,M2/2026-07-13-M2-4/Lessons/Problem-2.md,/Users/jake/Developer/study/vault/212/M2/2026-07-13-M2-4/Lessons/Problem-2.md,Identify the Tipping Pivot | Measure Lever Arms From the Pivot | Balance the Opposing Torques | Apply the Method to the Board and Box,0,0,2,false,false,,
212-M2-029,212-M2-029,MTH212.M2.29,M2,2026-07-13-M2-4,2026-07-13,M2-4,Lecture,Problem-3.md,Problem lesson,3,Minimum Friction for a Ladder Against a Smooth Wall,M2/2026-07-13-M2-4/Lessons/Problem-3.md,/Users/jake/Developer/study/vault/212/M2/2026-07-13-M2-4/Lessons/Problem-3.md,Choose the Bottom as the Torque Pivot | Use the Correct Lever Arms | Turn Force Balance Into a Friction Ratio | Apply the Method to Problem 3,0,0,2,false,false,,
212-M2-030,212-M2-030,MTH212.M2.30,M2,2026-07-13-M2-4,2026-07-13,M2-4,Lecture,Problem-4.md,Problem lesson,4,Finding Atwood-Machine Acceleration With a Massive Pulley,M2/2026-07-13-M2-4/Lessons/Problem-4.md,/Users/jake/Developer/study/vault/212/M2/2026-07-13-M2-4/Lessons/Problem-4.md,Write the Two Block Equations | Write the Pulley Torque Equation | Eliminate the Tensions | Use the Uniform-Disk Inertia | Apply the Formula,2,2,1,false,false,,
212-M2-031,212-M2-031,MTH212.M2.31,M2,2026-07-14-M2-5,2026-07-14,M2-5,Lecture,Problem-1.md,Problem lesson,1,Comparing Atwood-Machine Accelerations With Pulley Inertia,M2/2026-07-14-M2-5/Lessons/Problem-1.md,/Users/jake/Developer/study/vault/212/M2/2026-07-14-M2-5/Lessons/Problem-1.md,Identify the Unchanged Driving Force | Include the Pulley's Rotational Inertia | Compare the Two Denominators | Distinguish Frictionless From Massless | Apply the Comparison,0,0,1,false,false,,
212-M2-032,212-M2-032,MTH212.M2.32,M2,2026-07-14-M2-5,2026-07-14,M2-5,Lecture,Problem-2.md,Problem lesson,2,Speed of a Rolling Hollow Sphere From Energy,M2/2026-07-14-M2-5/Lessons/Problem-2.md,/Users/jake/Developer/study/vault/212/M2/2026-07-14-M2-5/Lessons/Problem-2.md,Convert Ramp Distance to Vertical Drop | Include Both Forms of Kinetic Energy | Simplify Before Substituting Numbers | Apply the Method to the Hollow Sphere,4,4,4,true,true,CYCLE-011,4
212-M2-033,212-M2-033,MTH212.M2.33,M2,2026-07-14-M2-5,2026-07-14,M2-5,Lecture,Problem-3.md,Problem lesson,3,Angular Speed After Rotating Cups Collect Rain,M2/2026-07-14-M2-5/Lessons/Problem-3.md,/Users/jake/Developer/study/vault/212/M2/2026-07-14-M2-5/Lessons/Problem-3.md,Choose Angular Momentum Conservation | Compare the Moments of Inertia | Use the Inverse Change in Angular Speed | Apply the Method to Problem 3,2,1,3,false,false,,
212-M2-034,212-M2-034,MTH212.M2.34,M2,2026-07-14-M2-5,2026-07-14,M2-5,Lecture,Problem-4.md,Problem lesson,4,Mechanical Energy Lost When Rotating Cups Capture Rain,M2/2026-07-14-M2-5/Lessons/Problem-4.md,/Users/jake/Developer/study/vault/212/M2/2026-07-14-M2-5/Lessons/Problem-4.md,Find the Post-Capture Rotation | Compare Initial and Final Kinetic Energy | Derive the Energy-Loss Formula | Apply the Method to Problem 4,0,0,4,false,false,,
212-M2-035,212-M2-035,MTH212.M2.35,M2,2026-07-14-M2-5,2026-07-14,M2-5,Lecture,Problem-5.md,Problem lesson,5,Finding Angular Speed After a Bullet Embeds in a Rotor,M2/2026-07-14-M2-5/Lessons/Problem-5.md,/Users/jake/Developer/study/vault/212/M2/2026-07-14-M2-5/Lessons/Problem-5.md,Choose Angular Momentum About the Spindle | Find the Bullet's Initial Angular Momentum | Build the Final Moment of Inertia | Solve for Angular Speed | Apply the Method,3,3,1,true,false,,
212-M2-036,212-M2-036,MTH212.M2.36,M2,2026-07-14-M2-6,2026-07-14,M2-6,Lecture,Problem-1.md,Problem lesson,1,Predicting Angular Speed When Mass Is Added,M2/2026-07-14-M2-6/Lessons/Problem-1.md,/Users/jake/Developer/study/vault/212/M2/2026-07-14-M2-6/Lessons/Problem-1.md,Check Whether Angular Momentum Is Conserved | Account for the Incoming Mass | Connect Added Mass to Moment of Inertia | Compare the Initial and Final Angular Speeds | Apply the Method,1,1,1,false,false,,
212-M2-037,212-M2-037,MTH212.M2.37,M2,2026-07-15-HW-4,2026-07-15,HW-4,Homework,Problem-1.md,Problem lesson,1,Comparing Rolling Objects on an Incline,M2/2026-07-15-HW-4/Lessons/Problem-1.md,/Users/jake/Developer/study/vault/212/M2/2026-07-15-HW-4/Lessons/Problem-1.md,Use the Rolling-Acceleration Formula | Cancel Mass and Radius for the Same Shape | Connect Acceleration to Arrival Time | Know When Shape Changes the Result | Apply the Test to the Two Cylinders,1,1,2,false,true,CYCLE-012,2
212-M2-038,212-M2-038,MTH212.M2.38,M2,2026-07-15-HW-4,2026-07-15,HW-4,Homework,Problem-2.md,Problem lesson,2,Time for a Solid Cylinder to Roll Down a Ramp,M2/2026-07-15-HW-4/Lessons/Problem-2.md,/Users/jake/Developer/study/vault/212/M2/2026-07-15-HW-4/Lessons/Problem-2.md,Find the Rolling Acceleration | Convert Height to Ramp Distance | Solve for the Descent Time | Recognize What Cancels,3,3,3,true,true,CYCLE-012,2
212-M2-039,212-M2-039,MTH212.M2.39,M2,2026-07-15-HW-4,2026-07-15,HW-4,Homework,Problem-3.md,Problem lesson,3,Speed of a Rolling Solid Cylinder From Energy,M2/2026-07-15-HW-4/Lessons/Problem-3.md,/Users/jake/Developer/study/vault/212/M2/2026-07-15-HW-4/Lessons/Problem-3.md,"Account for Both Kinds of Kinetic Energy | Use the Solid-Cylinder Moment of Inertia | Recognize What Cancels | Use Vertical Height, Not Ramp Angle",4,3,3,true,true,CYCLE-011,4
212-M2-040,212-M2-040,MTH212.M2.40,M2,2026-07-15-HW-4,2026-07-15,HW-4,Homework,Problem-4.md,Problem lesson,4,Total Kinetic Energy From a Loss of Height,M2/2026-07-15-HW-4/Lessons/Problem-4.md,/Users/jake/Developer/study/vault/212/M2/2026-07-15-HW-4/Lessons/Problem-4.md,Match the Energy at the Two Endpoints | Treat Total Kinetic Energy as One Quantity | Substitute the Mass Named in the Question | Ignore Details That Do Not Affect the Energy Change,4,4,2,true,true,CYCLE-011,4
212-M2-041,212-M2-041,MTH212.M2.41,M2,2026-07-15-HW-4,2026-07-15,HW-4,Homework,Problem-5.md,Problem lesson,5,Acceleration of a Yo-Yo Pulled at Its Axle,M2/2026-07-15-HW-4/Lessons/Problem-5.md,/Users/jake/Developer/study/vault/212/M2/2026-07-15-HW-4/Lessons/Problem-5.md,Choose Signs From the Rolling Direction | Couple Translation and Rotation | Let the Equations Determine Friction | Apply the Axle Radius,0,0,2,false,false,,
212-M2-042,212-M2-042,MTH212.M2.42,M2,2026-07-15-HW-4,2026-07-15,HW-4,Homework,Problem-6.md,Problem lesson,6,Balancing a Rod and Sphere About a Support,M2/2026-07-15-HW-4/Lessons/Problem-6.md,/Users/jake/Developer/study/vault/212/M2/2026-07-15-HW-4/Lessons/Problem-6.md,Locate Each Weight | Measure Lever Arms From the Support | Balance the Opposing Torques | Solve and Verify the Balance Equation | Apply the Method to the Rod and Sphere,2,2,2,false,true,CYCLE-009,3
212-M2-043,212-M2-043,MTH212.M2.43,M2,2026-07-15-HW-4,2026-07-15,HW-4,Homework,Problem-7.md,Problem lesson,7,Choosing the Rotation Axis After an Off-Center Collision,M2/2026-07-15-HW-4/Lessons/Problem-7.md,/Users/jake/Developer/study/vault/212/M2/2026-07-15-HW-4/Lessons/Problem-7.md,Use the Center of Mass of the Whole Object | Check Whether the Impact Produces Rotation | Locate the Combined Center of Mass | Apply the Test to the Rod and Ball | Keep Translation and Rotation Separate,0,0,2,false,false,,
212-M2-044,212-M2-044,MTH212.M2.44,M2,2026-07-15-HW-4,2026-07-15,HW-4,Homework,Problem-8.md,Problem lesson,8,Conservation Tests for an Off-Center Sticking Collision,M2/2026-07-15-HW-4/Lessons/Problem-8.md,/Users/jake/Developer/study/vault/212/M2/2026-07-15-HW-4/Lessons/Problem-8.md,Choose the Complete System | Test Each Conservation Law Separately | Choose a Valid Origin for Angular Momentum | Apply the Tests to the Rod and Ball,1,1,1,false,false,,
212-M2-045,212-M2-045,MTH212.M2.45,M2,2026-07-15-HW-4,2026-07-15,HW-4,Homework,Problem-9.md,Problem lesson,9,Moment of Inertia of a Rod–Ball Composite,M2/2026-07-15-HW-4/Lessons/Problem-9.md,/Users/jake/Developer/study/vault/212/M2/2026-07-15-HW-4/Lessons/Problem-9.md,Add the Component Inertias | Measure the Ball's Offset | Shift the Ball's Inertia | Assemble the Given System,1,1,3,false,true,CYCLE-009,3
212-M2-046,212-M2-046,MTH212.M2.46,M2,2026-07-15-HW-4,2026-07-15,HW-4,Homework,Problem-10.md,Problem lesson,10,Finding a Two-Object Center of Mass in the Plane,M2/2026-07-15-HW-4/Lessons/Problem-10.md,/Users/jake/Developer/study/vault/212/M2/2026-07-15-HW-4/Lessons/Problem-10.md,Place Each Object's Center | Average Each Coordinate by Mass | Turn the Displacement Into a Distance | Separate Geometry From Collision Data,0,0,1,false,false,,
212-M2-047,212-M2-047,MTH212.M2.47,M2,2026-07-15-HW-4,2026-07-15,HW-4,Homework,Problem-11.md,Problem lesson,11,Shifting Moment of Inertia to the Center-of-Mass Axis,M2/2026-07-15-HW-4/Lessons/Problem-11.md,/Users/jake/Developer/study/vault/212/M2/2026-07-15-HW-4/Lessons/Problem-11.md,Choose the Direction of the Axis Shift | Square the Center-of-Mass Displacement | Apply the Shift to the Rod-Ball System | Avoid the Mass and Sign Traps,1,1,2,false,true,CYCLE-008,2
212-M2-048,212-M2-048,MTH212.M2.48,M2,2026-07-15-HW-4,2026-07-15,HW-4,Homework,Problem-12.md,Problem lesson,12,Angular Momentum About a Combined Center of Mass,M2/2026-07-15-HW-4/Lessons/Problem-12.md,/Users/jake/Developer/study/vault/212/M2/2026-07-15-HW-4/Lessons/Problem-12.md,Choose the Easier Instant | Locate the Combined Center of Mass | Measure Position From the New Origin | Use the Cross Product for Magnitude and Direction | Ignore Position Components Parallel to Momentum,1,1,2,false,false,,
212-M2-049,212-M2-049,MTH212.M2.49,M2,2026-07-15-HW-4,2026-07-15,HW-4,Homework,Problem-13.md,Problem lesson,13,Finding Angular Speed from Angular Momentum,M2/2026-07-15-HW-4/Lessons/Problem-13.md,/Users/jake/Developer/study/vault/212/M2/2026-07-15-HW-4/Lessons/Problem-13.md,Connect Angular Momentum and Angular Speed | Isolate Angular Speed | Check Units and Dependence | Apply the Rule to the Rod–Ball Collision,0,0,1,false,false,,
212-M3-001,212-M3-001,MTH212.M3.01,M3,2026-07-15-M3-1,2026-07-15,M3-1,Lecture,Problem-1.md,Problem lesson,1,Scaling Force With an Inverse-Square Law,M3/2026-07-15-M3-1/Lessons/Problem-1.md,/Users/jake/Developer/study/vault/212/M3/2026-07-15-M3-1/Lessons/Problem-1.md,Recognize the Inverse-Square Dependence | Replace the Distance by a Scale Factor | Handle a Decrease in Distance | Apply the Rule to Gravitational Force,0,0,0,false,false,,
212-M3-002,212-M3-002,MTH212.M3.02,M3,2026-07-15-M3-1,2026-07-15,M3-1,Lecture,Problem-2.md,Problem lesson,2,Gravity at Altitude as a Fraction of Surface Gravity,M3/2026-07-15-M3-1/Lessons/Problem-2.md,/Users/jake/Developer/study/vault/212/M3/2026-07-15-M3-1/Lessons/Problem-2.md,Convert Altitude to Distance From the Center | Build the Inverse-Square Ratio | Use a Radius Factor and Check the Result | Apply the Method to the Satellite,2,2,1,false,true,CYCLE-013,2
212-M3-003,212-M3-003,MTH212.M3.03,M3,2026-07-15-M3-1,2026-07-15,M3-1,Lecture,Problem-3.md,Problem lesson,3,Finding a Geostationary Satellite's Altitude,M3/2026-07-15-M3-1/Lessons/Problem-3.md,/Users/jake/Developer/study/vault/212/M3/2026-07-15-M3-1/Lessons/Problem-3.md,Convert the Period to Seconds | Solve the Period Formula for Orbital Radius | Convert Orbital Radius to Altitude | Apply the Method to Problem 3,0,0,1,false,false,,
212-M3-004,212-M3-004,MTH212.M3.04,M3,2026-07-15-M3-1,2026-07-15,M3-1,Lecture,Problem-4.md,Problem lesson,4,Finding Orbital Distance From Orbital Period,M3/2026-07-15-M3-1/Lessons/Problem-4.md,/Users/jake/Developer/study/vault/212/M3/2026-07-15-M3-1/Lessons/Problem-4.md,Recognize the Solar-Unit Form of Kepler's Law | Isolate the Orbital Distance | Evaluate the Fractional Exponent | Keep the Required Precision | Apply the Method,1,1,0,false,false,,
212-M3-005,212-M3-005,MTH212.M3.05,M3,2026-07-16-M3-2,2026-07-16,M3-2,Lecture,Problem-1.md,Problem lesson,1,Finding Orbital Distance From Orbital Period,M3/2026-07-16-M3-2/Lessons/Problem-1.md,/Users/jake/Developer/study/vault/212/M3/2026-07-16-M3-2/Lessons/Problem-1.md,"Use the Normalized Form of Kepler's Third Law | Solve the Cubic Relationship for Distance | Evaluate the Fractional Power Correctly | Check Scale, Units, and Precision | Apply the Procedure to the Hypothetical Planet",0,0,1,false,false,,
212-M3-006,212-M3-006,MTH212.M3.06,M3,2026-07-16-M3-2,2026-07-16,M3-2,Lecture,Problem-2.md,Problem lesson,2,Finding a Two-Body Center of Mass as a Fraction of Separation,M3/2026-07-16-M3-2/Lessons/Problem-2.md,/Users/jake/Developer/study/vault/212/M3/2026-07-16-M3-2/Lessons/Problem-2.md,Assign Coordinates From the Stated Origin | Form the Mass-Weighted Average | Use the Mass-Ratio Shortcut and Check the Location | Apply the Method to the Binary Star System,0,0,0,false,false,,
212-M3-007,212-M3-007,MTH212.M3.07,M3,2026-07-16-M3-2,2026-07-16,M3-2,Lecture,Problem-3.md,Problem lesson,3,Finding the Orbital Period of a Binary Star System,M3/2026-07-16-M3-2/Lessons/Problem-3.md,/Users/jake/Developer/study/vault/212/M3/2026-07-16-M3-2/Lessons/Problem-3.md,Use the Total Mass | Evaluate the Formula From the Inside Out | Convert Seconds to Earth Years | Apply the Method to Problem 3,0,0,1,false,false,,
212-M3-008,212-M3-008,MTH212.M3.08,M3,2026-07-16-M3-2,2026-07-16,M3-2,Lecture,Problem-4.md,Problem lesson,4,Combining Equal Gravitational Forces in an Equilateral Triangle,M3/2026-07-16-M3-2/Lessons/Problem-4.md,/Users/jake/Developer/study/vault/212/M3/2026-07-16-M3-2/Lessons/Problem-4.md,Calculate One Pairwise Gravitational Force | Use the Triangle Geometry to Set the Angle | Add the Two Equal Force Vectors | Convert to Yottanewtons and Round | Apply the Method,3,3,0,true,false,,
212-M3-009,212-M3-009,MTH212.M3.09,M3,2026-07-16-M3-2,2026-07-16,M3-2,Lecture,Problem-5.md,Problem lesson,5,Finding the Speed in a Three-Mass Equilateral Orbit,M3/2026-07-16-M3-2/Lessons/Problem-5.md,/Users/jake/Developer/study/vault/212/M3/2026-07-16-M3-2/Lessons/Problem-5.md,Combine the Two Gravitational Forces | Use the Center-to-Corner Radius | Balance Gravity With Centripetal Force | Apply the Method to Problem 5,0,0,2,false,false,,
212-M3-010,212-M3-010,MTH212.M3.10,M3,2026-07-16-M3-2,2026-07-16,M3-2,Lecture,Problem-6.md,Problem lesson,6,Total Mechanical Energy of a Three-Body Orbit,M3/2026-07-16-M3-2/Lessons/Problem-6.md,/Users/jake/Developer/study/vault/212/M3/2026-07-16-M3-2/Lessons/Problem-6.md,Count Bodies and Interaction Pairs | Build the Total Kinetic and Potential Energies | Use the Orbit Relation Before Adding | Evaluate and Convert to the Requested Energy Scale,1,1,2,false,false,,
212-M3-011,212-M3-011,MTH212.M3.11,M3,2026-07-17-HW-5,2026-07-17,HW-5,Homework,Problem-1.md,Problem lesson,1,Testing Statements About Gravity and Orbits,M3/2026-07-17-HW-5/Lessons/Problem-1.md,/Users/jake/Developer/study/vault/212/M3/2026-07-17-HW-5/Lessons/Problem-1.md,Check a Formula Against Its Conditions | Read the Sign of Gravitational Potential Energy | Test Definitions Word by Word | Translate Proportionality Into an Equation | Final Statement Check,0,0,2,false,false,,
212-M3-012,212-M3-012,MTH212.M3.12,M3,2026-07-17-HW-5,2026-07-17,HW-5,Homework,Problem-2.md,Problem lesson,2,Balancing Opposing Inverse-Square Forces,M3/2026-07-17-HW-5/Lessons/Problem-2.md,/Users/jake/Developer/study/vault/212/M3/2026-07-17-HW-5/Lessons/Problem-2.md,Write the Two Distances | Equate the Force Magnitudes | Take the Physical Square Root | Simplify and Check the Position,8,6,0,true,false,,
212-M3-013,212-M3-013,MTH212.M3.13,M3,2026-07-17-HW-5,2026-07-17,HW-5,Homework,Problem-3.md,Problem lesson,3,Net Gravitational Force from a Right-Triangle Arrangement,M3/2026-07-17-HW-5/Lessons/Problem-3.md,/Users/jake/Developer/study/vault/212/M3/2026-07-17-HW-5/Lessons/Problem-3.md,Point Each Force Toward Its Source | Resolve a Diagonal Gravitational Force | Add Matching Components | Find the Net-Force Magnitude,2,2,1,false,false,,
212-M3-014,212-M3-014,MTH212.M3.14,M3,2026-07-17-HW-5,2026-07-17,HW-5,Homework,Problem-4.md,Problem lesson,4,Scaling Surface Gravity With Mass and Radius,M3/2026-07-17-HW-5/Lessons/Problem-4.md,/Users/jake/Developer/study/vault/212/M3/2026-07-17-HW-5/Lessons/Problem-4.md,Build the Gravity Ratio | Apply the Mass Scale Factor | Square the Radius Scale Factor | Combine Both Scale Factors,2,2,1,false,true,CYCLE-013,2
212-M3-015,212-M3-015,MTH212.M3.15,M3,2026-07-17-HW-5,2026-07-17,HW-5,Homework,Problem-5.md,Problem lesson,5,Scaling Orbital Period with Orbital Radius,M3/2026-07-17-HW-5/Lessons/Problem-5.md,/Users/jake/Developer/study/vault/212/M3/2026-07-17-HW-5/Lessons/Problem-5.md,Compare Two Circular Orbits | Simplify the Radius Scale Factor | Move to a Smaller Orbit | Avoid Linear and Cubic Scaling Traps,1,1,1,false,false,,
212-M3-016,212-M3-016,MTH212.M3.16,M3,2026-07-17-HW-5,2026-07-17,HW-5,Homework,Problem-6.md,Problem lesson,6,Scaling Kinetic Energy in a Circular Orbit,M3/2026-07-17-HW-5/Lessons/Problem-6.md,/Users/jake/Developer/study/vault/212/M3/2026-07-17-HW-5/Lessons/Problem-6.md,Build the Circular-Orbit Energy Formula | Compare Two Orbits With a Ratio | Read Any Radius Scale Factor | Avoid the Inverse-Square Trap | Apply the Rule to the Given Orbit,0,0,3,false,false,,
212-M3-017,212-M3-017,MTH212.M3.17,M3,2026-07-17-HW-5,2026-07-17,HW-5,Homework,Problem-7.md,Problem lesson,7,Comparing Orbital Speeds at the Apsides,M3/2026-07-17-HW-5/Lessons/Problem-7.md,/Users/jake/Developer/study/vault/212/M3/2026-07-17-HW-5/Lessons/Problem-7.md,Turn Equal Areas Into a Product | Identify the Faster Apsis | Find the Speed Factor | Avoid the Inverse-Square Trap,0,0,0,false,false,,
212-M3-018,212-M3-018,MTH212.M3.18,M3,2026-07-17-HW-5,2026-07-17,HW-5,Homework,Problem-8.md,Problem lesson,8,Gravitational Potential Energy of a Three-Body System,M3/2026-07-17-HW-5/Lessons/Problem-8.md,/Users/jake/Developer/study/vault/212/M3/2026-07-17-HW-5/Lessons/Problem-8.md,Use the pair-energy rule | Count every pair exactly once | Find a separation from the geometry | Assemble the three-body energy,4,4,1,true,true,CYCLE-014,2
212-M3-019,212-M3-019,MTH212.M3.19,M3,2026-07-19-PQ-2,2026-07-19,PQ-2,Practice Quiz,Problem-1.md,Problem lesson,1,Comparing Angular Momentum at Equal Angular Speed,M3/2026-07-19-PQ-2/Lessons/Problem-1.md,/Users/jake/Developer/study/vault/212/M3/2026-07-19-PQ-2/Lessons/Problem-1.md,Cancel the Shared Angular Speed | Use Distance From the Axis | Read a Posture Diagram | Avoid the Equal-Mass Trap,0,0,2,false,false,,
212-M3-020,212-M3-020,MTH212.M3.20,M3,2026-07-19-PQ-2,2026-07-19,PQ-2,Practice Quiz,Problem-2.md,Problem lesson,2,Comparing Translational and Rotational Kinetic Energy in Rolling,M3/2026-07-19-PQ-2/Lessons/Problem-2.md,/Users/jake/Developer/study/vault/212/M3/2026-07-19-PQ-2/Lessons/Problem-2.md,Put Both Energies in Terms of Speed | Apply the Comparison to a Uniform Hoop | Use the Inertia Factor to Compare Other Shapes | Avoid the Total-Energy Trap,6,4,1,true,false,,
212-M3-021,212-M3-021,MTH212.M3.21,M3,2026-07-19-PQ-2,2026-07-19,PQ-2,Practice Quiz,Problem-3.md,Problem lesson,3,Comparing Descent Times with a Rotating Flywheel,M3/2026-07-19-PQ-2/Lessons/Problem-3.md,/Users/jake/Developer/study/vault/212/M3/2026-07-19-PQ-2/Lessons/Problem-3.md,Treat Rotation as Added Inertia | Turn Acceleration into a Time Comparison | Avoid the Equal-Weight Trap | Apply the Chain to the Two Flywheels,0,0,2,false,false,,
212-M3-022,212-M3-022,MTH212.M3.22,M3,2026-07-19-PQ-2,2026-07-19,PQ-2,Practice Quiz,Problem-4.md,Problem lesson,4,Finding the Tipping Threshold With Torque Balance,M3/2026-07-19-PQ-2/Lessons/Problem-4.md,/Users/jake/Developer/study/vault/212/M3/2026-07-19-PQ-2/Lessons/Problem-4.md,Recognize the Tipping Pivot | Draw the Forces and Measure Lever Arms | Balance Torques at the Threshold | Decide Whether a Placement Is Stable,0,0,2,false,false,,
212-M3-023,212-M3-023,MTH212.M3.23,M3,2026-07-19-PQ-2,2026-07-19,PQ-2,Practice Quiz,Problem-5.md,Problem lesson,5,Four Stars Orbiting at the Corners of a Square,M3/2026-07-19-PQ-2/Lessons/Problem-5.md,/Users/jake/Developer/study/vault/212/M3/2026-07-19-PQ-2/Lessons/Problem-5.md,Build the Square-Geometry Ledger | Combine the Forces Toward the Center | Use the Net Force for Circular Motion | Count Pairs for Potential Energy,0,0,2,false,false,,
PATH:M3/2026-07-20-Q-2/Lessons/Examples/Examples.md,,,M3,2026-07-20-Q-2,2026-07-20,Q-2,Quiz,Examples.md,Example index,,Module 2 Lecture Examples,M3/2026-07-20-Q-2/Lessons/Examples/Examples.md,/Users/jake/Developer/study/vault/212/M3/2026-07-20-Q-2/Lessons/Examples/Examples.md,"M2-1 — Center of Mass, Torque Balance, and Mass Density | M2-2 — Center of Mass and Moment of Inertia | M2-3 — Torque and Rotational Dynamics | M2-4 — Static Equilibrium and Massive Pulleys | M2-5 — Rolling Motion and Angular Momentum",0,0,0,false,false,,
PATH:M3/2026-07-20-Q-2/Lessons/Examples/M2-1-01-Two-Point-Masses.md,,,M3,2026-07-20-Q-2,2026-07-20,Q-2,Quiz,M2-1-01-Two-Point-Masses.md,Supplemental lesson,,Two Point Masses: Center of Mass and Torque Balance,M3/2026-07-20-Q-2/Lessons/Examples/M2-1-01-Two-Point-Masses.md,/Users/jake/Developer/study/vault/212/M3/2026-07-20-Q-2/Lessons/Examples/M2-1-01-Two-Point-Masses.md,1. The Problem | 2. The Equations | 3. The Walkthrough,0,0,0,false,false,,
PATH:M3/2026-07-20-Q-2/Lessons/Examples/M2-1-02-Identical-Block-Groups.md,,,M3,2026-07-20-Q-2,2026-07-20,Q-2,Quiz,M2-1-02-Identical-Block-Groups.md,Supplemental lesson,,Arrangement of Identical Blocks,M3/2026-07-20-Q-2/Lessons/Examples/M2-1-02-Identical-Block-Groups.md,/Users/jake/Developer/study/vault/212/M3/2026-07-20-Q-2/Lessons/Examples/M2-1-02-Identical-Block-Groups.md,1. The Problem | 2. The Equations | 3. The Walkthrough,0,0,0,false,false,,
PATH:M3/2026-07-20-Q-2/Lessons/Examples/M2-1-03-Two-Attached-Cubes.md,,,M3,2026-07-20-Q-2,2026-07-20,Q-2,Quiz,M2-1-03-Two-Attached-Cubes.md,Supplemental lesson,,Two Attached Cubes: Composite Center of Mass,M3/2026-07-20-Q-2/Lessons/Examples/M2-1-03-Two-Attached-Cubes.md,/Users/jake/Developer/study/vault/212/M3/2026-07-20-Q-2/Lessons/Examples/M2-1-03-Two-Attached-Cubes.md,1. The Problem | 2. The Equations | 3. The Walkthrough,0,0,0,false,false,,
PATH:M3/2026-07-20-Q-2/Lessons/Examples/M2-1-04-Variable-Linear-Density.md,,,M3,2026-07-20-Q-2,2026-07-20,Q-2,Quiz,M2-1-04-Variable-Linear-Density.md,Supplemental lesson,,Rod with Position-Dependent Linear Density,M3/2026-07-20-Q-2/Lessons/Examples/M2-1-04-Variable-Linear-Density.md,/Users/jake/Developer/study/vault/212/M3/2026-07-20-Q-2/Lessons/Examples/M2-1-04-Variable-Linear-Density.md,1. The Problem | 2. The Equations | 3. The Walkthrough,0,0,0,false,false,,
PATH:M3/2026-07-20-Q-2/Lessons/Examples/M2-2-01-Variable-Density-Rod-Center-of-Mass.md,,,M3,2026-07-20-Q-2,2026-07-20,Q-2,Quiz,M2-2-01-Variable-Density-Rod-Center-of-Mass.md,Supplemental lesson,,Variable-Density Rod: Center of Mass,M3/2026-07-20-Q-2/Lessons/Examples/M2-2-01-Variable-Density-Rod-Center-of-Mass.md,/Users/jake/Developer/study/vault/212/M3/2026-07-20-Q-2/Lessons/Examples/M2-2-01-Variable-Density-Rod-Center-of-Mass.md,1. The Problem | 2. The Equations | 3. The Walkthrough,0,0,0,false,false,,
PATH:M3/2026-07-20-Q-2/Lessons/Examples/M2-2-02-Uniform-Rod-About-Center.md,,,M3,2026-07-20-Q-2,2026-07-20,Q-2,Quiz,M2-2-02-Uniform-Rod-About-Center.md,Supplemental lesson,,Uniform Thin Rod Rotating About Its Center,M3/2026-07-20-Q-2/Lessons/Examples/M2-2-02-Uniform-Rod-About-Center.md,/Users/jake/Developer/study/vault/212/M3/2026-07-20-Q-2/Lessons/Examples/M2-2-02-Uniform-Rod-About-Center.md,1. The Problem | 2. The Equations | 3. The Walkthrough,1,1,0,false,false,,
PATH:M3/2026-07-20-Q-2/Lessons/Examples/M2-2-03-Uniform-Rod-About-End.md,,,M3,2026-07-20-Q-2,2026-07-20,Q-2,Quiz,M2-2-03-Uniform-Rod-About-End.md,Supplemental lesson,,Uniform Thin Rod Rotating About One End,M3/2026-07-20-Q-2/Lessons/Examples/M2-2-03-Uniform-Rod-About-End.md,/Users/jake/Developer/study/vault/212/M3/2026-07-20-Q-2/Lessons/Examples/M2-2-03-Uniform-Rod-About-End.md,1. The Problem | 2. The Equations | 3. The Walkthrough,0,0,0,false,false,,
PATH:M3/2026-07-20-Q-2/Lessons/Examples/M2-2-04-Parallel-Axis-Theorem-Rod-End.md,,,M3,2026-07-20-Q-2,2026-07-20,Q-2,Quiz,M2-2-04-Parallel-Axis-Theorem-Rod-End.md,Supplemental lesson,,Parallel-Axis Theorem Applied to a Rod,M3/2026-07-20-Q-2/Lessons/Examples/M2-2-04-Parallel-Axis-Theorem-Rod-End.md,/Users/jake/Developer/study/vault/212/M3/2026-07-20-Q-2/Lessons/Examples/M2-2-04-Parallel-Axis-Theorem-Rod-End.md,1. The Problem | 2. The Equations | 3. The Walkthrough,0,0,0,false,false,,
PATH:M3/2026-07-20-Q-2/Lessons/Examples/M2-2-05-Variable-Density-Rod-Moment-of-Inertia.md,,,M3,2026-07-20-Q-2,2026-07-20,Q-2,Quiz,M2-2-05-Variable-Density-Rod-Moment-of-Inertia.md,Supplemental lesson,,Variable-Density Rod: Moment of Inertia,M3/2026-07-20-Q-2/Lessons/Examples/M2-2-05-Variable-Density-Rod-Moment-of-Inertia.md,/Users/jake/Developer/study/vault/212/M3/2026-07-20-Q-2/Lessons/Examples/M2-2-05-Variable-Density-Rod-Moment-of-Inertia.md,1. The Problem | 2. The Equations | 3. The Walkthrough,0,0,0,false,false,,
PATH:M3/2026-07-20-Q-2/Lessons/Examples/M2-2-06-Rod-Axis-One-Third-From-End.md,,,M3,2026-07-20-Q-2,2026-07-20,Q-2,Quiz,M2-2-06-Rod-Axis-One-Third-From-End.md,Supplemental lesson,,Uniform Rod Rotating One-Third of the Way from an End,M3/2026-07-20-Q-2/Lessons/Examples/M2-2-06-Rod-Axis-One-Third-From-End.md,/Users/jake/Developer/study/vault/212/M3/2026-07-20-Q-2/Lessons/Examples/M2-2-06-Rod-Axis-One-Third-From-End.md,1. The Problem | 2. The Equations | 3. The Walkthrough,0,0,0,false,false,,
PATH:M3/2026-07-20-Q-2/Lessons/Examples/M2-2-07-Composite-Rod-and-Point-Mass.md,,,M3,2026-07-20-Q-2,2026-07-20,Q-2,Quiz,M2-2-07-Composite-Rod-and-Point-Mass.md,Supplemental lesson,,Composite Object: Rod and Point Mass,M3/2026-07-20-Q-2/Lessons/Examples/M2-2-07-Composite-Rod-and-Point-Mass.md,/Users/jake/Developer/study/vault/212/M3/2026-07-20-Q-2/Lessons/Examples/M2-2-07-Composite-Rod-and-Point-Mass.md,1. The Problem | 2. The Equations | 3. The Walkthrough,0,0,0,false,false,,
PATH:M3/2026-07-20-Q-2/Lessons/Examples/M2-3-01-Door-Torque-Concept.md,,,M3,2026-07-20-Q-2,2026-07-20,Q-2,Quiz,M2-3-01-Door-Torque-Concept.md,Supplemental lesson,,Door Concept Question: Comparing Torques,M3/2026-07-20-Q-2/Lessons/Examples/M2-3-01-Door-Torque-Concept.md,/Users/jake/Developer/study/vault/212/M3/2026-07-20-Q-2/Lessons/Examples/M2-3-01-Door-Torque-Concept.md,1. The Problem | 2. The Equations | 3. The Walkthrough,0,0,0,false,false,,
PATH:M3/2026-07-20-Q-2/Lessons/Examples/M2-3-02-Wrench-Torque.md,,,M3,2026-07-20-Q-2,2026-07-20,Q-2,Quiz,M2-3-02-Wrench-Torque.md,Supplemental lesson,,Wrench Example: Torque Magnitude and Direction,M3/2026-07-20-Q-2/Lessons/Examples/M2-3-02-Wrench-Torque.md,/Users/jake/Developer/study/vault/212/M3/2026-07-20-Q-2/Lessons/Examples/M2-3-02-Wrench-Torque.md,1. The Problem | 2. The Equations | 3. The Walkthrough,0,0,0,false,false,,
PATH:M3/2026-07-20-Q-2/Lessons/Examples/M2-3-03-Spool-Pulled-by-Cord.md,,,M3,2026-07-20-Q-2,2026-07-20,Q-2,Quiz,M2-3-03-Spool-Pulled-by-Cord.md,Supplemental lesson,,Spool Pulled by a Cord,M3/2026-07-20-Q-2/Lessons/Examples/M2-3-03-Spool-Pulled-by-Cord.md,/Users/jake/Developer/study/vault/212/M3/2026-07-20-Q-2/Lessons/Examples/M2-3-03-Spool-Pulled-by-Cord.md,1. The Problem | 2. The Equations | 3. The Walkthrough,0,0,0,false,false,,
PATH:M3/2026-07-20-Q-2/Lessons/Examples/M2-3-04-Rigidly-Attached-Cylinders.md,,,M3,2026-07-20-Q-2,2026-07-20,Q-2,Quiz,M2-3-04-Rigidly-Attached-Cylinders.md,Supplemental lesson,,Two Rigidly Attached Solid Cylinders,M3/2026-07-20-Q-2/Lessons/Examples/M2-3-04-Rigidly-Attached-Cylinders.md,/Users/jake/Developer/study/vault/212/M3/2026-07-20-Q-2/Lessons/Examples/M2-3-04-Rigidly-Attached-Cylinders.md,1. The Problem | 2. The Equations | 3. The Walkthrough,0,0,0,false,false,,
PATH:M3/2026-07-20-Q-2/Lessons/Examples/M2-4-01-Plank-Tipping.md,,,M3,2026-07-20-Q-2,2026-07-20,Q-2,Quiz,M2-4-01-Plank-Tipping.md,Supplemental lesson,,Plank Just Beginning to Tip,M3/2026-07-20-Q-2/Lessons/Examples/M2-4-01-Plank-Tipping.md,/Users/jake/Developer/study/vault/212/M3/2026-07-20-Q-2/Lessons/Examples/M2-4-01-Plank-Tipping.md,1. The Problem | 2. The Equations | 3. The Walkthrough,0,0,0,false,false,,
PATH:M3/2026-07-20-Q-2/Lessons/Examples/M2-4-02-Ladder-Friction.md,,,M3,2026-07-20-Q-2,2026-07-20,Q-2,Quiz,M2-4-02-Ladder-Friction.md,Supplemental lesson,,Ladder Against a Frictionless Wall,M3/2026-07-20-Q-2/Lessons/Examples/M2-4-02-Ladder-Friction.md,/Users/jake/Developer/study/vault/212/M3/2026-07-20-Q-2/Lessons/Examples/M2-4-02-Ladder-Friction.md,1. The Problem | 2. The Equations | 3. The Walkthrough,0,0,0,false,false,,
PATH:M3/2026-07-20-Q-2/Lessons/Examples/M2-4-03-Massive-Pulley-Atwood-Machine.md,,,M3,2026-07-20-Q-2,2026-07-20,Q-2,Quiz,M2-4-03-Massive-Pulley-Atwood-Machine.md,Supplemental lesson,,Atwood Machine with a Massive Pulley,M3/2026-07-20-Q-2/Lessons/Examples/M2-4-03-Massive-Pulley-Atwood-Machine.md,/Users/jake/Developer/study/vault/212/M3/2026-07-20-Q-2/Lessons/Examples/M2-4-03-Massive-Pulley-Atwood-Machine.md,1. The Problem | 2. The Equations | 3. The Walkthrough,0,0,0,false,false,,
PATH:M3/2026-07-20-Q-2/Lessons/Examples/M2-5-01-Hollow-Sphere-Rolling.md,,,M3,2026-07-20-Q-2,2026-07-20,Q-2,Quiz,M2-5-01-Hollow-Sphere-Rolling.md,Supplemental lesson,,Hollow Sphere Rolling Down a Ramp,M3/2026-07-20-Q-2/Lessons/Examples/M2-5-01-Hollow-Sphere-Rolling.md,/Users/jake/Developer/study/vault/212/M3/2026-07-20-Q-2/Lessons/Examples/M2-5-01-Hollow-Sphere-Rolling.md,1. The Problem | 2. The Equations | 3. The Walkthrough,0,0,0,false,false,,
PATH:M3/2026-07-20-Q-2/Lessons/Examples/M2-5-02-Rain-in-Rotating-Cups.md,,,M3,2026-07-20-Q-2,2026-07-20,Q-2,Quiz,M2-5-02-Rain-in-Rotating-Cups.md,Supplemental lesson,,Rain Falling into Rotating Cups,M3/2026-07-20-Q-2/Lessons/Examples/M2-5-02-Rain-in-Rotating-Cups.md,/Users/jake/Developer/study/vault/212/M3/2026-07-20-Q-2/Lessons/Examples/M2-5-02-Rain-in-Rotating-Cups.md,1. The Problem | 2. The Equations | 3. The Walkthrough,0,0,0,false,false,,
PATH:M3/2026-07-20-Q-2/Lessons/Examples/M2-5-03-Rain-Cup-Energy-Loss.md,,,M3,2026-07-20-Q-2,2026-07-20,Q-2,Quiz,M2-5-03-Rain-Cup-Energy-Loss.md,Supplemental lesson,,Mechanical Energy Lost in the Rain-Cup Collision,M3/2026-07-20-Q-2/Lessons/Examples/M2-5-03-Rain-Cup-Energy-Loss.md,/Users/jake/Developer/study/vault/212/M3/2026-07-20-Q-2/Lessons/Examples/M2-5-03-Rain-Cup-Energy-Loss.md,1. The Problem | 2. The Equations | 3. The Walkthrough,0,0,0,false,false,,
PATH:M3/2026-07-20-Q-2/Lessons/Examples/M2-5-04-Bullet-Embedding-in-Cylinder.md,,,M3,2026-07-20-Q-2,2026-07-20,Q-2,Quiz,M2-5-04-Bullet-Embedding-in-Cylinder.md,Supplemental lesson,,Bullet Embedding in a Solid Cylinder,M3/2026-07-20-Q-2/Lessons/Examples/M2-5-04-Bullet-Embedding-in-Cylinder.md,/Users/jake/Developer/study/vault/212/M3/2026-07-20-Q-2/Lessons/Examples/M2-5-04-Bullet-Embedding-in-Cylinder.md,1. The Problem | 2. The Equations | 3. The Walkthrough,0,0,0,false,false,,
212-M3-024,212-M3-024,MTH212.M3.24,M3,2026-07-20-Q-2,2026-07-20,Q-2,Quiz,Group-1-Center-of-Mass-and-Density.md,Group review,,Locate a System's Center of Mass,M3/2026-07-20-Q-2/Lessons/Group-1-Center-of-Mass-and-Density.md,/Users/jake/Developer/study/vault/212/M3/2026-07-20-Q-2/Lessons/Group-1-Center-of-Mass-and-Density.md,Average Positions Using Mass as the Weight | Replace Groups by Equivalent Point Masses | Turn Geometry into Mass | Convert Density into a Mass Element | Check the Result with Balance and Bounds,1,1,3,false,false,,
212-M3-025,212-M3-025,MTH212.M3.25,M3,2026-07-20-Q-2,2026-07-20,Q-2,Quiz,Group-2-Moment-of-Inertia.md,Group review,,Build the Moment of Inertia About a Chosen Axis,M3/2026-07-20-Q-2/Lessons/Group-2-Moment-of-Inertia.md,/Users/jake/Developer/study/vault/212/M3/2026-07-20-Q-2/Lessons/Group-2-Moment-of-Inertia.md,Measure Every Mass from the Axis | Integrate a Continuous Distribution | Shift to a Parallel Axis | Add Rigidly Connected Pieces | Treat a Hole as Removed Mass | Connect Moment of Inertia to Rotational Energy,2,2,4,false,false,,
212-M3-026,212-M3-026,MTH212.M3.26,M3,2026-07-20-Q-2,2026-07-20,Q-2,Quiz,Group-3-Torque-and-Rotational-Dynamics.md,Group review,,Turn Applied Forces into Angular Acceleration,M3/2026-07-20-Q-2/Lessons/Group-3-Torque-and-Rotational-Dynamics.md,/Users/jake/Developer/study/vault/212/M3/2026-07-20-Q-2/Lessons/Group-3-Torque-and-Rotational-Dynamics.md,Find the Perpendicular Turning Effect | Assign a Torque Direction | Choose an Axis That Removes Unknown Torques | Apply Rotational Newton's Second Law | Combine the Inertia of Rigidly Attached Bodies | Predict Changes Before Calculating,0,0,4,false,false,,
212-M3-027,212-M3-027,MTH212.M3.27,M3,2026-07-20-Q-2,2026-07-20,Q-2,Quiz,Group-4-Equilibrium-and-Massive-Pulleys.md,Group review,,Solve Coupled Equilibrium and Massive-Pulley Systems,M3/2026-07-20-Q-2/Lessons/Group-4-Equilibrium-and-Massive-Pulleys.md,/Users/jake/Developer/study/vault/212/M3/2026-07-20-Q-2/Lessons/Group-4-Equilibrium-and-Massive-Pulleys.md,Use Both Force and Torque Balance | Recognize the Tipping Threshold | Choose a Pivot for a Ladder | Separate the Tensions of a Massive Pulley | Connect Translation and Rotation | Check Limiting Cases,1,1,4,false,false,,
212-M3-028,212-M3-028,MTH212.M3.28,M3,2026-07-20-Q-2,2026-07-20,Q-2,Quiz,Group-5-Rolling-and-Angular-Momentum.md,Group review,,Connect Rolling Motion to Angular-Momentum Conservation,M3/2026-07-20-Q-2/Lessons/Group-5-Rolling-and-Angular-Momentum.md,/Users/jake/Developer/study/vault/212/M3/2026-07-20-Q-2/Lessons/Group-5-Rolling-and-Angular-Momentum.md,Choose the Governing Idea | Worked Example | Apply the No-Slip Constraint | Worked Example | Build the Rolling Energy Equation | Worked Example | Use an Object's Shape to Predict Its Motion | Worked Example | Write Angular Momentum About a Chosen Axis | Worked Example | Test Whether Angular Momentum Is Conserved | Worked Example | Handle a Sticking Rotational Collision | Worked Example | Keep Angular Momentum and Energy Separate | Worked Example,2,2,4,false,false,,
PATH:M3/2026-07-20-Q-2/Lessons/Problem-1.md,,,M3,2026-07-20-Q-2,2026-07-20,Q-2,Quiz,Problem-1.md,Problem lesson,1,Ranking Forces in a Massive-Pulley Atwood Machine,M3/2026-07-20-Q-2/Lessons/Problem-1.md,/Users/jake/Developer/study/vault/212/M3/2026-07-20-Q-2/Lessons/Problem-1.md,Compare Tension and Weight on Each Block | Use Pulley Torque to Compare the Tensions | Link the Comparisons into One Ranking | Know When the Tensions Can Be Equal,1,1,2,false,false,,
PATH:M3/2026-07-20-Q-2/Lessons/Problem-2.md,,,M3,2026-07-20-Q-2,2026-07-20,Q-2,Quiz,Problem-2.md,Problem lesson,2,Comparing the Speeds of Rolling Objects,M3/2026-07-20-Q-2/Lessons/Problem-2.md,/Users/jake/Developer/study/vault/212/M3/2026-07-20-Q-2/Lessons/Problem-2.md,Write All Kinetic Energy in Terms of Speed | Recognize When Radius Cancels | Compare Different Shapes | Separate Center-of-Mass Speed from Angular Speed,0,0,3,false,false,,
PATH:M3/2026-07-20-Q-2/Lessons/Problem-3.md,,,M3,2026-07-20-Q-2,2026-07-20,Q-2,Quiz,Problem-3.md,Problem lesson,3,Total Gravitational Potential Energy: Sum Every Pair Once,M3/2026-07-20-Q-2/Lessons/Problem-3.md,/Users/jake/Developer/study/vault/212/M3/2026-07-20-Q-2/Lessons/Problem-3.md,One Pair Gives One Energy Term | List Every Unique Pair | Use the Separation Between the Two Objects | Compare Negative Totals,1,1,1,false,true,CYCLE-014,2
PATH:M3/2026-07-20-Q-2/Lessons/Problem-4.md,,,M3,2026-07-20-Q-2,2026-07-20,Q-2,Quiz,Problem-4.md,Problem lesson,4,From Composite Center of Mass to Tangential Speed,M3/2026-07-20-Q-2/Lessons/Problem-4.md,/Users/jake/Developer/study/vault/212/M3/2026-07-20-Q-2/Lessons/Problem-4.md,Represent Each Piece by a Mass and Position | Compute the Mass-Weighted Position | Measure Radius from the Rotation Axis | Combine Center of Mass with Tangential Speed,0,0,2,false,false,,
PATH:M3/2026-07-20-Q-2/Lessons/Problem-5.md,,,M3,2026-07-20-Q-2,2026-07-20,Q-2,Quiz,Problem-5.md,Problem lesson,5,Solving Circular Binary-Star Systems from Their Separation,M3/2026-07-20-Q-2/Lessons/Problem-5.md,/Users/jake/Developer/study/vault/212/M3/2026-07-20-Q-2/Lessons/Problem-5.md,Locate the Center of Mass from a Chosen Origin | Use the Relative Orbit to Find the Period | Use the Circular-Orbit Energy Shortcut | Carry One Mass Ratio Through the Full System,0,0,3,false,false,,
212-M4-001,212-M4-001,MTH212.M4.01,M4,2026-07-21-M4-1,2026-07-21,M4-1,Lecture,Problem-1.md,Problem lesson,1,Finding Maximum Speed From a Cosine Position Function,M4/2026-07-21-M4-1/Lessons/Problem-1.md,/Users/jake/Developer/study/vault/212/M4/2026-07-21-M4-1/Lessons/Problem-1.md,Differentiate the Position Function | Extract the Maximum Speed | Evaluate the Formula With Units | Apply the Procedure to the Oscillator,2,2,2,false,false,,
212-M4-002,212-M4-002,MTH212.M4.02,M4,2026-07-21-M4-1,2026-07-21,M4-1,Lecture,Problem-2.md,Problem lesson,2,Reading Amplitude From a Position–Time Graph,M4/2026-07-21-M4-1/Lessons/Problem-2.md,/Users/jake/Developer/study/vault/212/M4/2026-07-21-M4-1/Lessons/Problem-2.md,Measure From Equilibrium to an Extreme | Halve the Peak-to-Peak Distance | Handle a Shifted Equilibrium | Apply the Rule to the Given Oscillator,4,4,1,true,false,,
212-M4-003,212-M4-003,MTH212.M4.03,M4,2026-07-21-M4-1,2026-07-21,M4-1,Lecture,Problem-3.md,Problem lesson,3,Reading an Oscillation Period From a Position-Time Graph,M4/2026-07-21-M4-1/Lessons/Problem-3.md,/Users/jake/Developer/study/vault/212/M4/2026-07-21-M4-1/Lessons/Problem-3.md,Measure One Complete Repeat | Match Both Position and Phase | Use Several Cycles When Available | Apply the Method to Problem 3,6,6,1,true,false,,
212-M4-004,212-M4-004,MTH212.M4.04,M4,2026-07-21-M4-1,2026-07-21,M4-1,Lecture,Problem-4.md,Problem lesson,4,Finding Frequency From a Position–Time Graph,M4/2026-07-21-M4-1/Lessons/Problem-4.md,/Users/jake/Developer/study/vault/212/M4/2026-07-21-M4-1/Lessons/Problem-4.md,Measure One Complete Cycle | Convert Period to Frequency | Avoid Half-Cycle and Axis Traps | Apply the Method to the Given Oscillator,1,1,0,false,false,,
212-M4-005,212-M4-005,MTH212.M4.05,M4,2026-07-21-M4-1,2026-07-21,M4-1,Lecture,Problem-5.md,Problem lesson,5,Finding Angular Frequency From an Oscillation Graph,M4/2026-07-21-M4-1/Lessons/Problem-5.md,/Users/jake/Developer/study/vault/212/M4/2026-07-21-M4-1/Lessons/Problem-5.md,Read the Period From the Graph | Convert Cycles to Radians | Measure Across Several Cycles | Apply the Method to Problem 5,0,0,1,false,false,,
212-M4-006,212-M4-006,MTH212.M4.06,M4,2026-07-21-M4-1,2026-07-21,M4-1,Lecture,Problem-6.md,Problem lesson,6,Finding Maximum SHM Speed From a Position-Time Graph,M4/2026-07-21-M4-1/Lessons/Problem-6.md,/Users/jake/Developer/study/vault/212/M4/2026-07-21-M4-1/Lessons/Problem-6.md,Read the Amplitude From the Vertical Scale | Read the Period From Repeated Points | Convert Graph Readings Into Maximum Speed | Apply the Procedure to the Oscillator Graph,2,2,3,false,false,,
212-M4-007,212-M4-007,MTH212.M4.07,M4,2026-07-21-M4-1,2026-07-21,M4-1,Lecture,Problem-7.md,Problem lesson,7,Finding SHM Displacement From Release Data,M4/2026-07-21-M4-1/Lessons/Problem-7.md,/Users/jake/Developer/study/vault/212/M4/2026-07-21-M4-1/Lessons/Problem-7.md,Convert Coordinates to Amplitude | Choose Cosine From the Release Condition | Convert Cycle Count to Angular Frequency | Evaluate the Phase and Interpret the Sign | Apply the Model to the Given Spring–Block System,0,0,0,false,false,,
212-M4-008,212-M4-008,MTH212.M4.08,M4,2026-07-21-M4-1,2026-07-21,M4-1,Lecture,Problem-8.md,Problem lesson,8,Finding Instantaneous SHM Velocity From Cycle Data,M4/2026-07-21-M4-1/Lessons/Problem-8.md,/Users/jake/Developer/study/vault/212/M4/2026-07-21-M4-1/Lessons/Problem-8.md,Find the Amplitude From the Setup | Convert Oscillation Count to Angular Frequency | Build the Velocity Function From the Release Condition | Evaluate Velocity and Interpret Its Sign | Apply the Procedure to the Spring-Block System,3,2,3,true,false,,
212-M4-009,212-M4-009,MTH212.M4.09,M4,2026-07-21-M4-1,2026-07-21,M4-1,Lecture,Problem-9.md,Problem lesson,9,Finding Maximum Speed in a Spring Oscillation,M4/2026-07-21-M4-1/Lessons/Problem-9.md,/Users/jake/Developer/study/vault/212/M4/2026-07-21-M4-1/Lessons/Problem-9.md,Match the Two Energy States | Solve for the Positive Speed | Check Units and Scaling | Apply the Method to Problem 9,1,1,3,false,false,,
212-M4-030,212-M4-030,MTH212.M4.30,M4,2026-07-22-M4-2,2026-07-22,M4-2,Lecture,pendulum-shm-small-angle-derivation.md,Supplemental lesson,,Why a Pendulum Becomes Simple Harmonic Motion,M4/2026-07-22-M4-2/Lessons/pendulum-shm-small-angle-derivation.md,/Users/jake/Developer/study/vault/212/M4/2026-07-22-M4-2/Lessons/pendulum-shm-small-angle-derivation.md,Read Gravity's Torque as Restoring | Linearize the Torque at Small Angles | Match the Equation to SHM | Convert the SHM Coefficient into a Period | Specialize to a Simple Pendulum and Check the Model,1,1,1,false,false,,
212-M4-010,212-M4-010,MTH212.M4.10,M4,2026-07-22-M4-2,2026-07-22,M4-2,Lecture,Problem-1.md,Problem lesson,1,Comparing Pendulum Periods When Bob Mass Changes,M4/2026-07-22-M4-2/Lessons/Problem-1.md,/Users/jake/Developer/study/vault/212/M4/2026-07-22-M4-2/Lessons/Problem-1.md,Translate One Oscillation Into Period | Inspect the Variables in the Period Formula | Compare Two Pendulums Directly | Separate Mass Changes From Length Changes | Apply the Test to the Two Pendulums,0,0,2,false,false,,
212-M4-011,212-M4-011,MTH212.M4.11,M4,2026-07-22-M4-2,2026-07-22,M4-2,Lecture,Problem-2.md,Problem lesson,2,Calculating the Frequency of a Simple Pendulum,M4/2026-07-22-M4-2/Lessons/Problem-2.md,/Users/jake/Developer/study/vault/212/M4/2026-07-22-M4-2/Lessons/Problem-2.md,"Choose the Frequency Formula and Relevant Data | Substitute Length and Track the Units | Distinguish Frequency, Period, and Angular Frequency | Apply the Procedure to the Given Pendulum",0,0,0,false,false,,
212-M4-012,212-M4-012,MTH212.M4.12,M4,2026-07-22-M4-2,2026-07-22,M4-2,Lecture,Problem-3.md,Problem lesson,3,Period of a Uniform Rod as a Physical Pendulum,M4/2026-07-22-M4-2/Lessons/Problem-3.md,/Users/jake/Developer/study/vault/212/M4/2026-07-22-M4-2/Lessons/Problem-3.md,Choose the Physical-Pendulum Quantities | Substitute and Cancel Symbolically | Evaluate and Check the Result | Apply the Method to Problem 3,2,2,3,false,false,,
212-M4-013,212-M4-013,MTH212.M4.13,M4,2026-07-22-M4-2,2026-07-22,M4-2,Lecture,Problem-4.md,Problem lesson,4,Finding the Period of a Uniform Rod About an Offset Pivot,M4/2026-07-22-M4-2/Lessons/Problem-4.md,/Users/jake/Developer/study/vault/212/M4/2026-07-22-M4-2/Lessons/Problem-4.md,Find the Pivot-to-Center-of-Mass Distance | Shift the Moment of Inertia to the Pivot | Build and Simplify the Period Formula | Evaluate the Period and Check the Units | Apply the Procedure to the Offset-Pivot Rod,1,1,3,false,false,,
212-M4-014,212-M4-014,MTH212.M4.14,M4,2026-07-22-M4-2,2026-07-22,M4-2,Lecture,Problem-5.md,Problem lesson,5,Period of a Rod-and-Point-Mass Pendulum,M4/2026-07-22-M4-2/Lessons/Problem-5.md,/Users/jake/Developer/study/vault/212/M4/2026-07-22-M4-2/Lessons/Problem-5.md,Build the Composite-Pendulum Formula | Make a Component Ledger | Simplify and Evaluate the Period | Apply the Method to Problem 5,0,0,3,false,false,,
212-M4-015,212-M4-015,MTH212.M4.15,M4,2026-07-22-M4-2,2026-07-22,M4-2,Lecture,Problem-6.md,Problem lesson,6,Finding the Period of a Rod–Disk Physical Pendulum,M4/2026-07-22-M4-2/Lessons/Problem-6.md,/Users/jake/Developer/study/vault/212/M4/2026-07-22-M4-2/Lessons/Problem-6.md,Locate Each Center of Mass | Understand the Parallel-Axis Theorem | Build the Total Moment of Inertia | Build the Gravitational Torque Factor | Assemble and Evaluate the Period | Apply the Method to the Given Pendulum,1,1,1,false,false,,
212-M4-016,212-M4-016,MTH212.M4.16,M4,2026-07-23-HW-6,2026-07-23,HW-6,Homework,Problem-1.md,Problem lesson,1,Amplitude and the Period of a Spring Oscillator,M4/2026-07-23-HW-6/Lessons/Problem-1.md,/Users/jake/Developer/study/vault/212/M4/2026-07-23-HW-6/Lessons/Problem-1.md,Read the Period Formula | Separate Motion Size from Cycle Time | Avoid the Proportionality Trap,0,0,2,false,false,,
212-M4-017,212-M4-017,MTH212.M4.17,M4,2026-07-23-HW-6,2026-07-23,HW-6,Homework,Problem-2.md,Problem lesson,2,Scaling Maximum Kinetic Energy with Amplitude,M4/2026-07-23-HW-6/Lessons/Problem-2.md,/Users/jake/Developer/study/vault/212/M4/2026-07-23-HW-6/Lessons/Problem-2.md,Connect Amplitude to Maximum Kinetic Energy | Square the Whole Amplitude Factor | Handle a Smaller Amplitude | Work Backward from an Energy Factor,0,0,2,false,false,,
212-M4-018,212-M4-018,MTH212.M4.18,M4,2026-07-23-HW-6,2026-07-23,HW-6,Homework,Problem-3.md,Problem lesson,3,Choosing an SHM Cosine Equation from a Position–Time Graph,M4/2026-07-23-HW-6/Lessons/Problem-3.md,/Users/jake/Developer/study/vault/212/M4/2026-07-23-HW-6/Lessons/Problem-3.md,Read the Amplitude and Period | Convert the Period to Angular Frequency | Use the Initial Motion to Choose the Phase | Assemble and Check the Equation,0,0,3,false,false,,
212-M4-019,212-M4-019,MTH212.M4.19,M4,2026-07-23-HW-6,2026-07-23,HW-6,Homework,Problem-4.md,Problem lesson,4,Maximum Kinetic Energy from an SHM Position–Time Graph,M4/2026-07-23-HW-6/Lessons/Problem-4.md,/Users/jake/Developer/study/vault/212/M4/2026-07-23-HW-6/Lessons/Problem-4.md,Read Amplitude and Period | Turn Period into Angular Frequency | Connect the Graph to Maximum Kinetic Energy | Avoid the Peak-to-Peak Trap | Solve the Given Graph,1,1,1,false,false,,
212-M4-020,212-M4-020,MTH212.M4.20,M4,2026-07-23-HW-6,2026-07-23,HW-6,Homework,Problem-5.md,Problem lesson,5,Ranking Acceleration Magnitudes from an SHM Position Graph,M4/2026-07-23-HW-6/Lessons/Problem-5.md,/Users/jake/Developer/study/vault/212/M4/2026-07-23-HW-6/Lessons/Problem-5.md,Acceleration Magnitude Follows Distance from Equilibrium | Ignore the Sign of Position | Do Not Rank by the Graph's Slope | Apply the Rule to the Homework Graph,2,1,1,false,false,,
212-M4-021,212-M4-021,MTH212.M4.21,M4,2026-07-23-HW-6,2026-07-23,HW-6,Homework,Problem-6.md,Problem lesson,6,Period of an Oscillator Before Its Mass Changes,M4/2026-07-23-HW-6/Lessons/Problem-6.md,/Users/jake/Developer/study/vault/212/M4/2026-07-23-HW-6/Lessons/Problem-6.md,Freeze the System at the Requested Time | Use the Mass-Spring Period Formula | Ignore Amplitude and Instantaneous Position | Distinguish Period from Frequency,2,2,2,false,false,,
212-M4-022,212-M4-022,MTH212.M4.22,M4,2026-07-23-HW-6,2026-07-23,HW-6,Homework,Problem-7.md,Problem lesson,7,Speed of a Spring Oscillator at a Given Position,M4/2026-07-23-HW-6/Lessons/Problem-7.md,/Users/jake/Developer/study/vault/212/M4/2026-07-23-HW-6/Lessons/Problem-7.md,Use the System Before the Event | Turn the Energy Balance Into Speed | Square a Fractional Position | Separate Speed From Direction,4,3,1,true,false,,
212-M4-023,212-M4-023,MTH212.M4.23,M4,2026-07-23-HW-6,2026-07-23,HW-6,Homework,Problem-8.md,Problem lesson,8,Speed Immediately After a Mass Sticks to a Moving Block,M4/2026-07-23-HW-6/Lessons/Problem-8.md,/Users/jake/Developer/study/vault/212/M4/2026-07-23-HW-6/Lessons/Problem-8.md,Build the Horizontal Momentum Equation | Solve for the Shared Speed | Check the Mass Fraction | Do Not Conserve Kinetic Energy | Apply the Rule to the Spring–Block Collision,0,0,0,false,false,,
212-M4-024,212-M4-024,MTH212.M4.24,M4,2026-07-23-HW-6,2026-07-23,HW-6,Homework,Problem-9.md,Problem lesson,9,Mechanical-Energy Change During a Sticking Collision,M4/2026-07-23-HW-6/Lessons/Problem-9.md,/Users/jake/Developer/study/vault/212/M4/2026-07-23-HW-6/Lessons/Problem-9.md,Write the Two Energy Snapshots | Subtract and Cancel Unchanged Energy | Apply the Homework Notation | Check the Sign of the Change,1,1,2,false,false,,
212-M4-025,212-M4-025,MTH212.M4.25,M4,2026-07-23-HW-6,2026-07-23,HW-6,Homework,Problem-10.md,Problem lesson,10,Finding a New Spring-Oscillation Amplitude After an Energy Change,M4/2026-07-23-HW-6/Lessons/Problem-10.md,/Users/jake/Developer/study/vault/212/M4/2026-07-23-HW-6/Lessons/Problem-10.md,Update the Mechanical Energy | Convert Energy to Amplitude | Combine the Two Relations | Check the Sign and Physical Range,0,0,2,false,false,,
212-M4-026,212-M4-026,MTH212.M4.26,M4,2026-07-23-HW-6,2026-07-23,HW-6,Homework,Problem-11.md,Problem lesson,11,Period After Mass Sticks to a Spring Oscillator,M4/2026-07-23-HW-6/Lessons/Problem-11.md,/Users/jake/Developer/study/vault/212/M4/2026-07-23-HW-6/Lessons/Problem-11.md,Identify the Moving Mass | Substitute Into the Period Formula | Check Whether the Period Should Increase | Ignore Details That Do Not Set the Period,0,0,1,false,false,,
212-M4-027,212-M4-027,MTH212.M4.27,M4,2026-07-23-HW-6,2026-07-23,HW-6,Homework,Problem-12.md,Problem lesson,12,Period of an Ideal Simple Pendulum,M4/2026-07-23-HW-6/Lessons/Problem-12.md,/Users/jake/Developer/study/vault/212/M4/2026-07-23-HW-6/Lessons/Problem-12.md,Compute the Period from Length | Use Only the Quantities Kept by the Model | Match the Period to a Time Range,1,1,1,false,false,,
212-M4-028,212-M4-028,MTH212.M4.28,M4,2026-07-23-HW-6,2026-07-23,HW-6,Homework,Problem-13.md,Problem lesson,13,Finding a Decay Constant from Period Counts,M4/2026-07-23-HW-6/Lessons/Problem-13.md,/Users/jake/Developer/study/vault/212/M4/2026-07-23-HW-6/Lessons/Problem-13.md,Solve the Amplitude Ratio for the Decay Constant | Convert a Number of Periods into Time | Build the Full Pendulum Calculation | Keep the Sign and the Factor of Two,0,0,1,false,false,,
212-M4-029,212-M4-029,MTH212.M4.29,M4,2026-07-23-HW-6,2026-07-23,HW-6,Homework,Problem-14.md,Problem lesson,14,Finding the Period of a Rod-and-Sphere Physical Pendulum,M4/2026-07-23-HW-6/Lessons/Problem-14.md,/Users/jake/Developer/study/vault/212/M4/2026-07-23-HW-6/Lessons/Problem-14.md,Locate Each Center of Mass | Move Each Moment of Inertia to the Pivot | Assemble the Period Formula | Apply the Method to the Portland Pendulum,0,0,2,false,false,,
212-M5-001,212-M5-001,MTH212.M5.01,M5,2026-07-23-M5-1,2026-07-23,M5-1,Lecture,Problem-1.md,Problem lesson,1,Reading Particle Motion From a Displacement-Time Graph,M5/2026-07-23-M5-1/Lessons/Problem-1.md,/Users/jake/Developer/study/vault/212/M5/2026-07-23-M5-1/Lessons/Problem-1.md,Read the Local Slope From Left to Right | Separate Displacement From Velocity | Use the Tangent at the Marked Instant | Separate Particle Motion From Wave Propagation | Apply the Rule to the Marked Particle,3,3,1,true,false,,
212-M5-002,212-M5-002,MTH212.M5.02,M5,2026-07-23-M5-1,2026-07-23,M5-1,Lecture,Problem-2.md,Problem lesson,2,Compare Frequencies on Identical Springs,M5/2026-07-23-M5-1/Lessons/Problem-2.md,/Users/jake/Developer/study/vault/212/M5/2026-07-23-M5-1/Lessons/Problem-2.md,Read the Mass Dependence | Compare Frequencies With a Ratio | Separate Amplitude From Frequency | Match the Source Diagram and Options,4,2,1,true,false,,
212-M5-003,212-M5-003,MTH212.M5.03,M5,2026-07-23-M5-1,2026-07-23,M5-1,Lecture,Problem-3.md,Problem lesson,3,Identifying the Restoring Force of a Hanging Spring,M5/2026-07-23-M5-1/Lessons/Problem-3.md,/Users/jake/Developer/study/vault/212/M5/2026-07-23-M5-1/Lessons/Problem-3.md,Recognize a Restoring Force | Separate Equilibrium Balance From Restoration | Check Both Sides of Equilibrium | Apply the Test to Problem 3,1,1,0,false,false,,
212-M5-004,212-M5-004,MTH212.M5.04,M5,2026-07-23-M5-1,2026-07-23,M5-1,Lecture,Problem-4.md,Problem lesson,4,Identifying the Restoring Force in a Transverse String Wave,M5/2026-07-23-M5-1/Lessons/Problem-4.md,/Users/jake/Developer/study/vault/212/M5/2026-07-23-M5-1/Lessons/Problem-4.md,Add the Tension Forces on a Curved Segment | Use Curvature to Find the Restoring Direction | Test Gravity Against the Restoring-Force Requirement | Separate the Driver From the Restoring Interaction | Apply the Reasoning to the String Diagram,0,0,3,false,false,,
212-M5-005,212-M5-005,MTH212.M5.05,M5,2026-07-23-M5-1,2026-07-23,M5-1,Lecture,Problem-5.md,Problem lesson,5,Inferring Particle Motion From a Traveling-Wave Snapshot,M5/2026-07-23-M5-1/Lessons/Problem-5.md,/Users/jake/Developer/study/vault/212/M5/2026-07-23-M5-1/Lessons/Problem-5.md,Separate Wave Motion From Particle Motion | Advance the Wave While Holding the Particle Position Fixed | Use the Local-Slope Rule | Apply the Move to the Marked Particle,1,1,2,false,false,,
212-M5-006,212-M5-006,MTH212.M5.06,M5,2026-07-23-M5-1,2026-07-23,M5-1,Lecture,Problem-6.md,Problem lesson,6,Finding Where a Wave Particle Moves Fastest,M5/2026-07-23-M5-1/Lessons/Problem-6.md,/Users/jake/Developer/study/vault/212/M5/2026-07-23-M5-1/Lessons/Problem-6.md,Read Particle Speed From Local Slope | Separate Height From Speed | Separate Direction From Speed | Apply the Slope Test to Problem 6,0,0,2,false,false,,
212-M5-007,212-M5-007,MTH212.M5.07,M5,2026-07-23-M5-1,2026-07-23,M5-1,Lecture,Problem-7.md,Problem lesson,7,Predicting Wave-Speed Changes From a Hanging Mass,M5/2026-07-23-M5-1/Lessons/Problem-7.md,/Users/jake/Developer/study/vault/212/M5/2026-07-23-M5-1/Lessons/Problem-7.md,Identify What Changes | Chain Mass to Tension to Wave Speed | Use a Square-Root Scale Factor | Keep Block Mass Separate From String Density | Apply the Reasoning to the Pulley Setup,0,0,1,false,false,,
212-M5-008,212-M5-008,MTH212.M5.08,M5,2026-07-27-M5-2,2026-07-27,M5-2,Lecture,Problem-1.md,Problem lesson,1,Finding Wave Speed on a String With a Hanging Mass,M5/2026-07-27-M5-2/Lessons/Problem-1.md,/Users/jake/Developer/study/vault/212/M5/2026-07-27-M5-2/Lessons/Problem-1.md,Find the String's Linear Mass Density | Find the Tension From the Hanging Ball | Combine the Quantities in the Wave-Speed Formula | Check Units and Round at the End | Apply the Method to the Hanging Ball,8,5,0,true,false,,
212-M5-009,212-M5-009,MTH212.M5.09,M5,2026-07-27-M5-2,2026-07-27,M5-2,Lecture,Problem-2.md,Problem lesson,2,Wave Speed in a Wire Tensioned by a Hanging Mass,M5/2026-07-27-M5-2/Lessons/Problem-2.md,/Users/jake/Developer/study/vault/212/M5/2026-07-27-M5-2/Lessons/Problem-2.md,Build Tension and Linear Density | Combine the Ingredients Into Wave Speed | Keep the Two Masses in Their Own Roles | Match the Diagram and Answer Form,1,1,2,false,false,,
212-M5-010,212-M5-010,MTH212.M5.10,M5,2026-07-27-M5-2,2026-07-27,M5-2,Lecture,Problem-3.md,Problem lesson,3,Maximum Transverse Particle Speed on a Tensioned Wire,M5/2026-07-27-M5-2/Lessons/Problem-3.md,/Users/jake/Developer/study/vault/212/M5/2026-07-27-M5-2/Lessons/Problem-3.md,Find the Wave Propagation Speed | Convert Wave Speed to Maximum Particle Speed | Handle Amplitude and Wavelength Units | Solve the Given Wire-and-Pulley Problem,0,0,4,false,false,,
212-M5-011,212-M5-011,MTH212.M5.11,M5,2026-07-27-M5-2,2026-07-27,M5-2,Lecture,Problem-4.md,Problem lesson,4,Locate a Listener on a Circular Wavefront,M5/2026-07-27-M5-2/Lessons/Problem-4.md,/Users/jake/Developer/study/vault/212/M5/2026-07-27-M5-2/Lessons/Problem-4.md,Find the Source and Wavefront Radius | Use the Positive-Y Right Triangle | Carry the Geometry Through the Full Chain | Match the Source Coordinates and Answer Form,0,0,1,false,false,,
212-M5-012,212-M5-012,MTH212.M5.12,M5,2026-07-27-M5-2,2026-07-27,M5-2,Lecture,Problem-5.md,Problem lesson,5,Ranking Index of Refraction From Wavelength,M5/2026-07-27-M5-2/Lessons/Problem-5.md,/Users/jake/Developer/study/vault/212/M5/2026-07-27-M5-2/Lessons/Problem-5.md,"Use Constant Frequency to Rank Wave Speeds | Reverse the Speed Order to Rank Refractive Index | Combine the Two Relationships | Read Wavelength From a Snapshot | Apply the Chain to Media A, B, and C",3,2,2,true,false,,
212-M5-013,212-M5-013,MTH212.M5.13,M5,2026-07-27-M5-2,2026-07-27,M5-2,Lecture,Problem-6.md,Problem lesson,6,Counting Wavelengths Inside a Material,M5/2026-07-27-M5-2/Lessons/Problem-6.md,/Users/jake/Developer/study/vault/212/M5/2026-07-27-M5-2/Lessons/Problem-6.md,Recognize What Changes at the Boundary | Count Wavelengths Using Matching Units | Combine the Two Steps | Apply the Move to Problem 6,2,2,2,false,false,,
212-M5-014,212-M5-014,MTH212.M5.14,M5,2026-07-28-HW-7,2026-07-28,HW-7,Homework,Problem-1.md,Problem lesson,1,Changing Frequency on the Same Taut String,M5/2026-07-28-HW-7/Lessons/Problem-1.md,/Users/jake/Developer/study/vault/212/M5/2026-07-28-HW-7/Lessons/Problem-1.md,Decide Whether the Wave Speed Changes | Use the Wave Equation at Fixed Speed | Scale the Wavelength by a Frequency Factor | Avoid the Frequency-Speed Trap,9,9,0,true,false,,
212-M5-015,212-M5-015,MTH212.M5.15,M5,2026-07-28-HW-7,2026-07-28,HW-7,Homework,Problem-2.md,Problem lesson,2,Wave Speed on a String Supporting a Hanging Mass,M5/2026-07-28-HW-7/Lessons/Problem-2.md,/Users/jake/Developer/study/vault/212/M5/2026-07-28-HW-7/Lessons/Problem-2.md,Convert Total String Mass to Linear Density | Use the Hanging Block to Find the Tension | Substitute Both String Properties | Keep the Two Masses in Their Roles,0,0,1,false,false,,
212-M5-016,212-M5-016,MTH212.M5.16,M5,2026-07-28-HW-7,2026-07-28,HW-7,Homework,Problem-3.md,Problem lesson,3,Counting Wavelengths in a Refractive Medium,M5/2026-07-28-HW-7/Lessons/Problem-3.md,/Users/jake/Developer/study/vault/212/M5/2026-07-28-HW-7/Lessons/Problem-3.md,Count Wavelengths Across a Distance | Rewrite the Count Using Frequency | Account for Refractive Index | Subtract the Two Counts,0,0,2,false,false,,
212-M5-017,212-M5-017,MTH212.M5.17,M5,2026-07-28-HW-7,2026-07-28,HW-7,Homework,Problem-4.md,Problem lesson,4,Doppler Shift from a Moving Sound Source,M5/2026-07-28-HW-7/Lessons/Problem-4.md,/Users/jake/Developer/study/vault/212/M5/2026-07-28-HW-7/Lessons/Problem-4.md,Find the Wavelength in Front of the Source | Convert the Wavelength to the Heard Frequency | Choose the Sign from the Direction of Motion | Keep Source Motion in the Denominator | Use Only the Information the Question Needs,1,1,1,false,false,,
212-M5-018,212-M5-018,MTH212.M5.18,M5,2026-07-28-HW-7,2026-07-28,HW-7,Homework,Problem-5.md,Problem lesson,5,Hearing an Echo as a Moving Observer,M5/2026-07-28-HW-7/Lessons/Problem-5.md,/Users/jake/Developer/study/vault/212/M5/2026-07-28-HW-7/Lessons/Problem-5.md,Keep the Frequency at a Stationary Reflection | Use the Moving-Observer Factor | Use Direction to Choose the Sign | Apply the Factor to the Hawk's Echo,1,1,0,false,false,,
212-M5-019,212-M5-019,MTH212.M5.19,M5,2026-07-28-HW-7,2026-07-28,HW-7,Homework,Problem-6.md,Problem lesson,6,Comparing Sound Levels for Spherical and Tube Spreading,M5/2026-07-28-HW-7/Lessons/Problem-6.md,/Users/jake/Developer/study/vault/212/M5/2026-07-28-HW-7/Lessons/Problem-6.md,Compare Intensity Using Carrying Area | Turn an Intensity Ratio Into a Level Change | Build the Sphere-to-Tube Area Ratio | Use the Logarithm Power Rule,0,0,1,false,false,,
212-M5-020,212-M5-020,MTH212.M5.20,M5,2026-07-28-HW-7,2026-07-28,HW-7,Homework,Problem-7.md,Problem lesson,7,Reading a Wave's Direction from Its Phase,M5/2026-07-28-HW-7/Lessons/Problem-7.md,/Users/jake/Developer/study/vault/212/M5/2026-07-28-HW-7/Lessons/Problem-7.md,Track One Point of Constant Phase | Recognize the Plus-Sign Case | Ignore Amplitude and Constant Phase Shifts | Handle Any Signed Linear Phase,0,0,0,false,false,,
212-M5-021,212-M5-021,MTH212.M5.21,M5,2026-07-28-HW-7,2026-07-28,HW-7,Homework,Problem-8.md,Problem lesson,8,Time for a Traveling Wave to Move One Wavelength,M5/2026-07-28-HW-7/Lessons/Problem-8.md,/Users/jake/Developer/study/vault/212/M5/2026-07-28-HW-7/Lessons/Problem-8.md,Read the Wave Parameters | Convert Angular Frequency to Period | Verify With Wavelength and Speed | Avoid Coefficient and Unit Traps | Apply the Method to Problem 8,2,2,0,false,false,,
212-M5-022,212-M5-022,MTH212.M5.22,M5,2026-07-28-HW-7,2026-07-28,HW-7,Homework,Problem-9.md,Problem lesson,9,Finding the Maximum Speed of a String Element,M5/2026-07-28-HW-7/Lessons/Problem-9.md,/Users/jake/Developer/study/vault/212/M5/2026-07-28-HW-7/Lessons/Problem-9.md,Differentiate at a Fixed Position | Use the Velocity Amplitude | Separate Element Speed from Wave Speed | Ignore Phase and Direction Signs,0,0,2,false,false,,
212-M5-023,212-M5-023,MTH212.M5.23,M5,2026-07-28-HW-7,2026-07-28,HW-7,Homework,Problem-10.md,Problem lesson,10,Finding Wave Speed from a Traveling-Wave Equation,M5/2026-07-28-HW-7/Lessons/Problem-10.md,/Users/jake/Developer/study/vault/212/M5/2026-07-28-HW-7/Lessons/Problem-10.md,Read the Two Phase Coefficients | Divide Angular Frequency by Wave Number | Use Units to Check the Quotient | Ignore Features That Do Not Set the Speed,1,1,0,false,false,,
212-M5-024,212-M5-024,MTH212.M5.24,M5,2026-07-28-M5-3,2026-07-28,M5-3,Lecture,Problem-1.md,Problem lesson,1,Finding Distance From Sound Intensity,M5/2026-07-28-M5-3/Lessons/Problem-1.md,/Users/jake/Developer/study/vault/212/M5/2026-07-28-M5-3/Lessons/Problem-1.md,Use the Inverse-Square Invariant | Solve for the New Distance | Keep the Intensity Ratio in the Right Order | Choose the Physical Root and Round Last | Apply the Method to the Speaker,3,3,0,true,false,,
212-M5-025,212-M5-025,MTH212.M5.25,M5,2026-07-28-M5-3,2026-07-28,M5-3,Lecture,Problem-2.md,Problem lesson,2,Sound Intensity at a New Distance,M5/2026-07-28-M5-3/Lessons/Problem-2.md,/Users/jake/Developer/study/vault/212/M5/2026-07-28-M5-3/Lessons/Problem-2.md,Recognize the Inverse-Square Change | Use the Distance-Ratio Formula | Keep the Ratio Direction Correct | Match the Number-Only Answer Form,1,1,1,false,false,,
212-M5-026,212-M5-026,MTH212.M5.26,M5,2026-07-28-M5-3,2026-07-28,M5-3,Lecture,Problem-3.md,Problem lesson,3,Scaling Sound Intensity With the Inverse-Square Law,M5/2026-07-28-M5-3/Lessons/Problem-3.md,/Users/jake/Developer/study/vault/212/M5/2026-07-28-M5-3/Lessons/Problem-3.md,Scale Intensity With a Distance Ratio | Reverse the Direction When Moving Closer | Square the Entire Ratio | Solve the Given Speaker Problem,0,0,1,false,false,,
212-M5-027,212-M5-027,MTH212.M5.27,M5,2026-07-28-M5-3,2026-07-28,M5-3,Lecture,Problem-4.md,Problem lesson,4,Combining Equal Independent Sound Sources in Decibels,M5/2026-07-28-M5-3/Lessons/Problem-4.md,/Users/jake/Developer/study/vault/212/M5/2026-07-28-M5-3/Lessons/Problem-4.md,Add Intensities Before Converting to Decibels | Use the Level-Change Formula | Extend the Same Move to More Sources | Solve the Given Conversation Problem,1,1,1,false,true,CYCLE-015,2
212-M5-028,212-M5-028,MTH212.M5.28,M5,2026-07-28-M5-3,2026-07-28,M5-3,Lecture,Problem-5.md,Problem lesson,5,Doppler Shift for a Moving Observer,M5/2026-07-28-M5-3/Lessons/Problem-5.md,/Users/jake/Developer/study/vault/212/M5/2026-07-28-M5-3/Lessons/Problem-5.md,Decode the Reduced Cheat-Sheet Block | Identify the Moving Observer Case | Evaluate the Doppler Multiplier | Choose the Sign and Check the Direction | Match the Number-Only Answer Form,0,0,1,false,false,,
212-M5-029,212-M5-029,MTH212.M5.29,M5,2026-07-28-M5-3,2026-07-28,M5-3,Lecture,Problem-6.md,Problem lesson,6,Choosing Source Motion for a Doppler Shift,M5/2026-07-28-M5-3/Lessons/Problem-6.md,/Users/jake/Developer/study/vault/212/M5/2026-07-28-M5-3/Lessons/Problem-6.md,Compare the Two Frequencies First | Match the Shift to the Source's Direction | Explain the Shift With Wavefront Spacing | Keep Frequency Separate From Loudness | Apply the Rule to the Bat,1,1,1,false,false,,
212-M5-030,212-M5-030,MTH212.M5.30,M5,2026-07-28-M5-3,2026-07-28,M5-3,Lecture,Problem-7.md,Problem lesson,7,Solving for the Speed of a Receding Sound Source,M5/2026-07-28-M5-3/Lessons/Problem-7.md,/Users/jake/Developer/study/vault/212/M5/2026-07-28-M5-3/Lessons/Problem-7.md,Choose the Receding-Source Formula | Isolate the Source Speed | Substitute a Frequency Ratio | Solve the Given Bat Problem,0,0,1,false,false,,
212-M5-031,212-M5-031,MTH212.M5.31,M5,2026-07-29-M5-4,2026-07-29,M5-4,Lecture,Problem-1.md,Problem lesson,1,Comparing Heard Frequencies for a Moving Sound Source,M5/2026-07-29-M5-4/Lessons/Problem-1.md,/Users/jake/Developer/study/vault/212/M5/2026-07-29-M5-4/Lessons/Problem-1.md,Read the Direction of Motion | Compare Each Listener With the Source | Keep Pitch Separate From Loudness | Apply the Rule to the Fire Engine,0,0,0,false,false,,
212-M5-032,212-M5-032,MTH212.M5.32,M5,2026-07-29-M5-4,2026-07-29,M5-4,Lecture,Problem-2.md,Problem lesson,2,Fundamental Frequency of a Tensioned Wire,M5/2026-07-29-M5-4/Lessons/Problem-2.md,/Users/jake/Developer/study/vault/212/M5/2026-07-29-M5-4/Lessons/Problem-2.md,Connect the Fundamental Mode to Wave Speed | Combine the Wire Data Into One Formula | Keep Total Mass and Linear Density Distinct | Match the Required Answer Form,0,0,0,false,false,,
212-M5-033,212-M5-033,MTH212.M5.33,M5,2026-07-29-M5-4,2026-07-29,M5-4,Lecture,Problem-3.md,Problem lesson,3,Third-Harmonic Frequency of a Wire Tensioned by a Hanging Mass,M5/2026-07-29-M5-4/Lessons/Problem-3.md,/Users/jake/Developer/study/vault/212/M5/2026-07-29-M5-4/Lessons/Problem-3.md,Translate the Setup Into Quantities | Build the Harmonic-Frequency Formula | Keep the Harmonic Number | Solve the Given Wire-and-Pulley Problem,0,0,2,false,false,,
212-M5-034,212-M5-034,MTH212.M5.34,M5,2026-07-29-M5-4,2026-07-29,M5-4,Lecture,Problem-4.md,Problem lesson,4,Third Harmonic of an Open–Closed Pipe,M5/2026-07-29-M5-4/Lessons/Problem-4.md,/Users/jake/Developer/study/vault/212/M5/2026-07-29-M5-4/Lessons/Problem-4.md,Place the Displacement Nodes and Antinodes | Convert the Pattern to a Wavelength | Convert Wavelength to Frequency | Apply the Method and Round,1,1,1,false,false,,
212-M5-035,212-M5-035,MTH212.M5.35,M5,2026-07-29-M5-4,2026-07-29,M5-4,Lecture,Problem-5.md,Problem lesson,5,Fifth Harmonic of an Open–Closed Pipe,M5/2026-07-29-M5-4/Lessons/Problem-5.md,/Users/jake/Developer/study/vault/212/M5/2026-07-29-M5-4/Lessons/Problem-5.md,Anchor the Boundary Conditions | Count Quarter-Wavelength Segments | Convert Wavelength to Frequency | Complete the Given Pipe Problem,0,0,2,false,false,,
212-M5-036,212-M5-036,MTH212.M5.36,M5,2026-07-30-M5-5,2026-07-30,M5-5,Lecture,Problem-1.md,Problem lesson,1,Largest Displacement When Two Pulses Overlap,M5/2026-07-30-M5-5/Lessons/Problem-1.md,/Users/jake/Developer/study/vault/212/M5/2026-07-30-M5-5/Lessons/Problem-1.md,Read Each Signed Pulse Height | Add Displacements at the Same Point | Find the Largest Displacement During the Passage | Report the Requested Value,0,0,1,false,false,,
212-M5-037,212-M5-037,MTH212.M5.37,M5,2026-07-30-M5-5,2026-07-30,M5-5,Lecture,Problem-2.md,Problem lesson,2,Finding Complete Constructive Interference in a Crest Diagram,M5/2026-07-30-M5-5/Lessons/Problem-2.md,/Users/jake/Developer/study/vault/212/M5/2026-07-30-M5-5/Lessons/Problem-2.md,Read One Wavefront Family | Recognize Both In-Phase Combinations | Reject a Crest–Trough Pair | Check Every Labeled Point,0,0,0,false,false,,
212-M5-038,212-M5-038,MTH212.M5.38,M5,2026-07-30-M5-5,2026-07-30,M5-5,Lecture,Problem-3.md,Problem lesson,3,Classifying Interference from Completely Out-of-Phase Sources,M5/2026-07-30-M5-5/Lessons/Problem-3.md,/Users/jake/Developer/study/vault/212/M5/2026-07-30-M5-5/Lessons/Problem-3.md,Convert Frequency to Wavelength | Find the Path Difference | Include the Sources' Starting Phase | Classify the Antenna Interference | Recognize the Neither Case,0,0,2,false,false,,
212-M5-039,212-M5-039,MTH212.M5.39,M5,2026-07-30-M5-5,2026-07-30,M5-5,Lecture,Problem-4.md,Problem lesson,4,Combining Path and Starting Phase Differences,M5/2026-07-30-M5-5/Lessons/Problem-4.md,/Users/jake/Developer/study/vault/212/M5/2026-07-30-M5-5/Lessons/Problem-4.md,Measure the Path Difference | Convert Path Difference to Phase | Include the Initial Phase Offset | Match the Requested Phase Form | Complete the Two-Flute Calculation,2,2,0,false,false,,
212-M5-040,212-M5-040,MTH212.M5.40,M5,2026-07-30-M5-5,2026-07-30,M5-5,Lecture,Problem-5.md,Problem lesson,5,Finding the First Constructive-Interference Point,M5/2026-07-30-M5-5/Lessons/Problem-5.md,/Users/jake/Developer/study/vault/212/M5/2026-07-30-M5-5/Lessons/Problem-5.md,Convert Frequency to Wavelength | Write the Path Difference | Choose the First Constructive Path Difference | Solve the Path-Difference Equation | Apply the Full Procedure,0,0,1,false,false,,
212-M5-041,212-M5-041,MTH212.M5.41,M5,2026-07-31-HW-8,2026-07-31,HW-8,Homework,Problem-1.md,Problem lesson,1,Finding the Fundamental Frequency from a Harmonic,M5/2026-07-31-HW-8/Lessons/Problem-1.md,/Users/jake/Developer/study/vault/212/M5/2026-07-31-HW-8/Lessons/Problem-1.md,Read the Harmonic Number as a Multiplier | Recover the Fundamental by Dividing | Check the Direction of the Scaling,0,0,0,false,false,,
212-M5-042,212-M5-042,MTH212.M5.42,M5,2026-07-31-HW-8,2026-07-31,HW-8,Homework,Problem-2.md,Problem lesson,2,Matching Fundamental Frequencies of Open and Closed Tubes,M5/2026-07-31-HW-8/Lessons/Problem-2.md,/Users/jake/Developer/study/vault/212/M5/2026-07-31-HW-8/Lessons/Problem-2.md,Read the Fundamental Pattern | Match the Frequencies | Compress the Result to a Length Ratio | Reverse the Comparison | Reject the Equal-Length Trap,0,0,1,false,false,,
212-M5-043,212-M5-043,MTH212.M5.43,M5,2026-07-31-HW-8,2026-07-31,HW-8,Homework,Problem-3.md,Problem lesson,3,Finding Frequency from Adjacent Antinode Spacing,M5/2026-07-31-HW-8/Lessons/Problem-3.md,/Users/jake/Developer/study/vault/212/M5/2026-07-31-HW-8/Lessons/Problem-3.md,Turn Antinode Spacing into Wavelength | Use Wave Speed to Find Frequency | Keep the Length Units Consistent | Avoid the Half-Wavelength Trap,1,1,2,false,false,,
212-M5-044,212-M5-044,MTH212.M5.44,M5,2026-07-31-HW-8,2026-07-31,HW-8,Homework,Problem-4.md,Problem lesson,4,Finding String Tension from a Harmonic Frequency,M5/2026-07-31-HW-8/Lessons/Problem-4.md,/Users/jake/Developer/study/vault/212/M5/2026-07-31-HW-8/Lessons/Problem-4.md,Turn the Harmonic Number into a Wavelength | Use Frequency to Find Wave Speed | Convert Wave Speed into Tension | Chain the Relations Without Dropping the Square,0,0,0,false,false,,
212-M5-045,212-M5-045,MTH212.M5.45,M5,2026-08-02-PQ-3,2026-08-02,PQ-3,Practice Quiz,Problem-1.md,Problem lesson,1,Deciding What Changes a Pendulum's Frequency — Version 1: Derivation First,M5/2026-08-02-PQ-3/Lessons/Problem-1.md,/Users/jake/Developer/study/vault/212/M5/2026-08-02-PQ-3/Lessons/Problem-1.md,Derive the Small-Angle Frequency | Read What the Formula Says | Turn the Formula Into a Comparison Rule | Apply the Rule | Read the Dependency Formula | Compare a Variable That Does Matter | Reject a False Mass Dependence | Why Mass Does Not Appear | Apply the Dependency Formula | Compare a Variable That Does Matter | Check the Mass Conclusion,0,0,12,false,false,,
212-M5-046,212-M5-046,MTH212.M5.46,M5,2026-08-02-PQ-3,2026-08-02,PQ-3,Practice Quiz,Problem-2.md,Problem lesson,2,Convert an Intensity Ratio into a Decibel Change,M5/2026-08-02-PQ-3/Lessons/Problem-2.md,/Users/jake/Developer/study/vault/212/M5/2026-08-02-PQ-3/Lessons/Problem-2.md,Use the Intensity Ratio | Add the Change to an Existing Level | Keep the Ratio in the Correct Order,1,1,1,false,true,CYCLE-015,2
212-M5-047,212-M5-047,MTH212.M5.47,M5,2026-08-02-PQ-3,2026-08-02,PQ-3,Practice Quiz,Problem-3.md,Problem lesson,3,Classifying Two-Source Interference from Path and Starting Phase,M5/2026-08-02-PQ-3/Lessons/Problem-3.md,/Users/jake/Developer/study/vault/212/M5/2026-08-02-PQ-3/Lessons/Problem-3.md,Find the Path Difference | Turn Path Difference into Phase | Include the Starting Phase | Recognize the Neither Case,0,0,2,false,false,,
212-M5-048,212-M5-048,MTH212.M5.48,M5,2026-08-02-PQ-3,2026-08-02,PQ-3,Practice Quiz,Problem-4.md,Problem lesson,4,Deriving Wave Speed on a Load-Bearing Wire,M5/2026-08-02-PQ-3/Lessons/Problem-4.md,/Users/jake/Developer/study/vault/212/M5/2026-08-02-PQ-3/Lessons/Problem-4.md,"Core Move 1: Read ""Static"" for Each Object | Core Move 2: Transfer the Hanging Load to the Shelf | Core Move 3: Build the Shelf's Extended Free-Body Diagram | Core Move 4: Turn the Diagram Into a Torque Equation | Core Move 5: Solve Symbolically for the Support-Wire Tension | Optional: Recover the Single Hinge Force | Step 1: Find the Horizontal Component | Step 2: Find the Vertical Component | Step 3: Reconstruct the Magnitude | Step 4: Reconstruct the Direction | Core Move 6: Find the Support Wire's Actual Length | Core Move 7: Convert Wire Mass Into Linear Density | Core Move 8: Combine the Static and Wave Models | Optional Numerical Transfer | Separate Medium Data from Wave Data | Complete Exam-Style Walkthrough | Part A — Draw the Diagrams | Part B — Derive the Wave Speed",0,0,3,false,false,,
212-M5-049,212-M5-049,MTH212.M5.49,M5,2026-08-02-PQ-3,2026-08-02,PQ-3,Practice Quiz,Problem-5.md,Problem lesson,5,Extreme Doppler Frequencies from a Rotating Source,M5/2026-08-02-PQ-3/Lessons/Problem-5.md,/Users/jake/Developer/study/vault/212/M5/2026-08-02-PQ-3/Lessons/Problem-5.md,Convert Rotation Rate to Source Speed | Match Toward and Away Motion to the Signs | Calculate the Two Extreme Frequencies | Complete the Rotating-Whistle Problem,0,0,1,false,false,,
212-M5-052,212-M5-052,MTH212.M5.52,M5,2026-08-03-Q-3,2026-08-03,Q-3,Quiz,fixed-free-end-reflection.md,Supplemental lesson,,Reflections at Fixed and Free Ends,M5/2026-08-03-Q-3/Lessons/fixed-free-end-reflection.md,/Users/jake/Developer/study/vault/212/M5/2026-08-03-Q-3/Lessons/fixed-free-end-reflection.md,Invert at a Fixed End | Preserve Orientation at a Free End | Separate Travel Direction From Inversion | Recognize the Scope Boundary,0,0,0,false,false,,
212-M5-050,212-M5-050,MTH212.M5.50,M5,2026-08-03-Q-3,2026-08-03,Q-3,Quiz,shm-speeding-up-or-slowing-down.md,Supplemental lesson,,Deciding Whether an SHM Oscillator Is Speeding Up or Slowing Down,M5/2026-08-03-Q-3/Lessons/shm-speeding-up-or-slowing-down.md,/Users/jake/Developer/study/vault/212/M5/2026-08-03-Q-3/Lessons/shm-speeding-up-or-slowing-down.md,Find Acceleration From Displacement | Same Signs Mean Speeding Up | Opposite Signs Mean Slowing Down | Handle Equilibrium and Turning Points,0,0,1,false,false,,
212-M5-051,212-M5-051,MTH212.M5.51,M5,2026-08-03-Q-3,2026-08-03,Q-3,Quiz,wave-power-intensity-scaling.md,Supplemental lesson,,Scaling Wave Power and Intensity with Frequency and Amplitude,M5/2026-08-03-Q-3/Lessons/wave-power-intensity-scaling.md,/Users/jake/Developer/study/vault/212/M5/2026-08-03-Q-3/Lessons/wave-power-intensity-scaling.md,Scale With Amplitude | Scale Frequency and Amplitude Together | Recover a Frequency or Amplitude Ratio | Keep Wave Amplitude Separate From Area,1,1,2,false,false,,
PATH:M6/2026-08-05-M6-1/Lessons/Problem-1.md,,,M6,2026-08-05-M6-1,2026-08-05,M6-1,Lecture,Problem-1.md,Problem lesson,1,Screen Distance and Double-Slit Fringe Spacing,M6/2026-08-05-M6-1/Lessons/Problem-1.md,/Users/jake/Developer/study/vault/212/M6/2026-08-05-M6-1/Lessons/Problem-1.md,Read the Fringe-Spacing Law | Compare Two Screen Distances | Keep Angle and Position Separate | Apply the Screen-Distance Cue,2,2,2,false,true,CYCLE-016,2
PATH:M6/2026-08-05-M6-1/Lessons/Problem-2.md,,,M6,2026-08-05-M6-1,2026-08-05,M6-1,Lecture,Problem-2.md,Problem lesson,2,How Screen Distance Changes Double-Slit Fringe Spacing,M6/2026-08-05-M6-1/Lessons/Problem-2.md,/Users/jake/Developer/study/vault/212/M6/2026-08-05-M6-1/Lessons/Problem-2.md,Read the Screen-Distance Dependence | Scale the Spacing Without Recalculating | Separate Fringe Angle from Screen Position | Apply the Cue to the Laboratory Pattern,2,2,1,false,true,CYCLE-016,2
PATH:M6/2026-08-05-M6-1/Lessons/Problem-3.md,,,M6,2026-08-05-M6-1,2026-08-05,M6-1,Lecture,Problem-3.md,Problem lesson,3,Reading Path Difference from a Double-Slit Pattern,M6/2026-08-05-M6-1/Lessons/Problem-3.md,/Users/jake/Developer/study/vault/212/M6/2026-08-05-M6-1/Lessons/Problem-3.md,Bright Fringes Use Whole Wavelengths | Count from the Central Maximum | Separate Bright and Dark Fringes | Name the Longer Path,2,2,1,false,false,,
PATH:M6/2026-08-05-M6-1/Lessons/Problem-4.md,,,M6,2026-08-05-M6-1,2026-08-05,M6-1,Lecture,Problem-4.md,Problem lesson,4,Finding Wavelength From a Double-Slit Intensity Graph,M6/2026-08-05-M6-1/Lessons/Problem-4.md,/Users/jake/Developer/study/vault/212/M6/2026-08-05-M6-1/Lessons/Problem-4.md,Read the Spacing Between Bright Peaks | Use Several Intervals When Helpful | Convert Every Length Before Substitution | Apply the Full Graph-to-Wavelength Chain,0,0,0,false,false,,
PATH:M6/2026-08-05-M6-1/Lessons/Problem-5.md,,,M6,2026-08-05-M6-1,2026-08-05,M6-1,Lecture,Problem-5.md,Problem lesson,5,Finding Wavelength from a Diffraction-Grating Pattern,M6/2026-08-05-M6-1/Lessons/Problem-5.md,/Users/jake/Developer/study/vault/212/M6/2026-08-05-M6-1/Lessons/Problem-5.md,Turn Screen Position into an Angle | Use the Bright-Fringe Order | Combine the Geometry and Grating Equation | Know When the Small-Angle Shortcut Fails,3,3,1,true,false,,
PATH:M6/2026-08-06-M6-2/Lessons/Problem-1.md,,,M6,2026-08-06-M6-2,2026-08-06,M6-2,Lecture,Problem-1.md,Problem lesson,1,Finding Slit Width from Adjacent Single-Slit Minima,M6/2026-08-06-M6-2/Lessons/Problem-1.md,/Users/jake/Developer/study/vault/212/M6/2026-08-06-M6-2/Lessons/Problem-1.md,Turn Two Minima into One Spacing | Isolate the Slit Width | Calculate with One Unit System | Distinguish Adjacent Minima from the Central Width,1,1,0,false,false,,
PATH:M6/2026-08-06-M6-2/Lessons/Problem-2.md,,,M6,2026-08-06-M6-2,2026-08-06,M6-2,Lecture,Problem-2.md,Problem lesson,2,Finding Diffraction-Grating Line Density from Symmetric Fringes,M6/2026-08-06-M6-2/Lessons/Problem-2.md,/Users/jake/Developer/study/vault/212/M6/2026-08-06-M6-2/Lessons/Problem-2.md,Halve the Symmetric Fringe Separation | Find the Angle from Screen Geometry | Convert Grating Spacing to Line Density | Apply the Full Chain,0,0,2,false,false,,
PATH:M6/2026-08-06-M6-2/Lessons/Problem-3.md,,,M6,2026-08-06-M6-2,2026-08-06,M6-2,Lecture,Problem-3.md,Problem lesson,3,Counting Visible Diffraction-Grating Maxima on a Finite Screen,M6/2026-08-06-M6-2/Lessons/Problem-3.md,/Users/jake/Developer/study/vault/212/M6/2026-08-06-M6-2/Lessons/Problem-3.md,Turn the Screen Width into an Edge Angle | Turn the Angle Limit into an Integer Order | Count the Symmetric Orders | Use the Tighter of the Two Limits | Apply the Complete Visibility Test,1,1,1,false,false,,
PATH:M6/2026-08-06-M6-2/Lessons/Problem-4.md,,,M6,2026-08-06-M6-2,2026-08-06,M6-2,Lecture,Problem-4.md,Problem lesson,4,Finding Screen Distance from a Single-Slit Diffraction Graph,M6/2026-08-06-M6-2/Lessons/Problem-4.md,/Users/jake/Developer/study/vault/212/M6/2026-08-06-M6-2/Lessons/Problem-4.md,Measure the First-Minimum Distance | Isolate the Screen Distance | Calculate in One Unit System | Use the Central Width Correctly,2,1,0,false,false,,
PATH:M6/2026-08-06-M6-2/Lessons/Problem-5.md,,,M6,2026-08-06-M6-2,2026-08-06,M6-2,Lecture,Problem-5.md,Problem lesson,5,Estimating Secondary Bright Fringes in Single-Slit Diffraction,M6/2026-08-06-M6-2/Lessons/Problem-5.md,/Users/jake/Developer/study/vault/212/M6/2026-08-06-M6-2/Lessons/Problem-5.md,Match a Bright Fringe to Its Neighboring Minima | Estimate the Midpoint | Use the Compact Bright-Fringe Formula | Convert Units and Report the Distance,0,0,0,false,false,,
PATH:M6/2026-08-09-HW-9/Lessons/Problem-1.md,,,M6,2026-08-09-HW-9,2026-08-09,HW-9,Homework,Problem-1.md,Problem lesson,1,Choosing a Slit Width for Clear Single-Slit Diffraction,M6/2026-08-09-HW-9/Lessons/Problem-1.md,/Users/jake/Developer/study/vault/212/M6/2026-08-09-HW-9/Lessons/Problem-1.md,Test the First Minimum | Use the Physical Range of Sine | Connect Slit Width to Pattern Spread | Choose a Practical Slit Width,0,0,1,false,false,,
PATH:M6/2026-08-09-HW-9/Lessons/Problem-2.md,,,M6,2026-08-09-HW-9,2026-08-09,HW-9,Homework,Problem-2.md,Problem lesson,2,Finding Slit Width from the Central Diffraction Maximum,M6/2026-08-09-HW-9/Lessons/Problem-2.md,/Users/jake/Developer/study/vault/212/M6/2026-08-09-HW-9/Lessons/Problem-2.md,Build the Full-Width Formula | Solve from the Width Ratio | Distinguish Full Width from Half-Width | Check with the Inverse-Variation Invariant,0,0,2,false,false,,
PATH:M6/2026-08-09-HW-9/Lessons/Problem-3.md,,,M6,2026-08-09-HW-9,2026-08-09,HW-9,Homework,Problem-3.md,Problem lesson,3,Comparing Same-Side Single-Slit Minima,M6/2026-08-09-HW-9/Lessons/Problem-3.md,/Users/jake/Developer/study/vault/212/M6/2026-08-09-HW-9/Lessons/Problem-3.md,Locate One First Minimum | Subtract Same-Side Positions | Keep Length Units Consistent | Distinguish Same-Side Spacing from Central Width | Apply the Move to Violet and Green Light,0,0,0,false,false,,
PATH:M6/2026-08-09-HW-9/Lessons/Problem-4.md,,,M6,2026-08-09-HW-9,2026-08-09,HW-9,Homework,Problem-4.md,Problem lesson,4,Predicting Changes in Double-Slit Fringe Spacing,M6/2026-08-09-HW-9/Lessons/Problem-4.md,/Users/jake/Developer/study/vault/212/M6/2026-08-09-HW-9/Lessons/Problem-4.md,Read the Fringe-Spacing Formula | Translate a Frequency Change | Change the Screen Distance | Change the Slit Separation | Combine Several Changes,0,0,1,false,false,,
PATH:M6/2026-08-09-HW-9/Lessons/Problem-5.md,,,M6,2026-08-09-HW-9,2026-08-09,HW-9,Homework,Problem-5.md,Problem lesson,5,Fitting More Double-Slit Fringes on a Fixed Screen,M6/2026-08-09-HW-9/Lessons/Problem-5.md,/Users/jake/Developer/study/vault/212/M6/2026-08-09-HW-9/Lessons/Problem-5.md,Translate Fringe Count Into Fringe Spacing | Follow a Frequency Change Through Wavelength | Read the Geometry Factors | Combine Changes With Scale Factors,0,0,2,false,false,,
PATH:M6/2026-08-09-HW-9/Lessons/Problem-6.md,,,M6,2026-08-09-HW-9,2026-08-09,HW-9,Homework,Problem-6.md,Problem lesson,6,Changing Slit Separation at a Fixed Fringe Angle,M6/2026-08-09-HW-9/Lessons/Problem-6.md,/Users/jake/Developer/study/vault/212/M6/2026-08-09-HW-9/Lessons/Problem-6.md,Translate Fringe Labels Into Path Differences | Compare Conditions at One Angle | Use a Direction Check | Apply the Full Method,0,0,1,false,false,,
PATH:M6/2026-08-09-HW-9/Lessons/Problem-7.md,,,M6,2026-08-09-HW-9,2026-08-09,HW-9,Homework,Problem-7.md,Problem lesson,7,Exact Diffraction-Grating Positions on a Screen,M6/2026-08-09-HW-9/Lessons/Problem-7.md,/Users/jake/Developer/study/vault/212/M6/2026-08-09-HW-9/Lessons/Problem-7.md,Turn the Order Into a Sine Ratio | Convert Sine to Tangent | Use Tangent for the Screen Position | Keep the Geometry Exact,0,0,1,false,false,,
PATH:M7/2026-08-12-HW-10/Lessons/Problem-1.md,,,M7,2026-08-12-HW-10,2026-08-12,HW-10,Homework,Problem-1.md,Problem lesson,1,Auditing Qualitative Optics Claims,M7/2026-08-12-HW-10/Lessons/Problem-1.md,/Users/jake/Developer/study/vault/212/M7/2026-08-12-HW-10/Lessons/Problem-1.md,Classify an Image by the Actual Rays | Measure Snell's-Law Angles from the Normal | Test a Diverging Lens with Magnification | Audit a Set of Claims One at a Time,2,2,1,false,true,CYCLE-017,3
PATH:M7/2026-08-12-HW-10/Lessons/Problem-2.md,,,M7,2026-08-12-HW-10,2026-08-12,HW-10,Homework,Problem-2.md,Problem lesson,2,Identifying a Material from Refraction,M7/2026-08-12-HW-10/Lessons/Problem-2.md,/Users/jake/Developer/study/vault/212/M7/2026-08-12-HW-10/Lessons/Problem-2.md,Put the Angles into Snell's Law | Calculate the Unknown Index | Measure Every Angle from the Normal | Compare with a Reference Material,0,0,0,false,false,,
PATH:M7/2026-08-12-HW-10/Lessons/Problem-3.md,,,M7,2026-08-12-HW-10,2026-08-12,HW-10,Homework,Problem-3.md,Problem lesson,3,Choosing a Refracted Ray at a Boundary,M7/2026-08-12-HW-10/Lessons/Problem-3.md,/Users/jake/Developer/study/vault/212/M7/2026-08-12-HW-10/Lessons/Problem-3.md,Draw the Normal First | Use the Refractive-Index Change | Choose the Possible Path,0,0,0,false,false,,
PATH:M7/2026-08-12-HW-10/Lessons/Problem-4.md,,,M7,2026-08-12-HW-10,2026-08-12,HW-10,Homework,Problem-4.md,Problem lesson,4,Classifying a Plane-Mirror Image,M7/2026-08-12-HW-10/Lessons/Problem-4.md,/Users/jake/Developer/study/vault/212/M7/2026-08-12-HW-10/Lessons/Problem-4.md,Place the Image Behind the Mirror | Classify the Image | Audit Every Part of a Description,1,1,1,false,true,CYCLE-017,3
PATH:M7/2026-08-12-HW-10/Lessons/Problem-5.md,,,M7,2026-08-12-HW-10,2026-08-12,HW-10,Homework,Problem-5.md,Problem lesson,5,Reading Thin-Lens Magnification to Identify the Image and Lens,M7/2026-08-12-HW-10/Lessons/Problem-5.md,/Users/jake/Developer/study/vault/212/M7/2026-08-12-HW-10/Lessons/Problem-5.md,Read the Sign First | Read the Magnitude Separately | Use the Object Position to Identify the Lens | Combine the Cues,1,1,1,false,false,,
PATH:M7/2026-08-12-HW-10/Lessons/Problem-6.md,,,M7,2026-08-12-HW-10,2026-08-12,HW-10,Homework,Problem-6.md,Problem lesson,6,Inferring Lens Type from a Magnified Image,M7/2026-08-12-HW-10/Lessons/Problem-6.md,/Users/jake/Developer/study/vault/212/M7/2026-08-12-HW-10/Lessons/Problem-6.md,Translate “Larger” into Magnification | Eliminate a Diverging Lens | Map the Two Magnifying Regions | Make Only the Guaranteed Inference,0,0,1,false,false,,
PATH:M7/2026-08-12-HW-10/Lessons/Problem-7.md,,,M7,2026-08-12-HW-10,2026-08-12,HW-10,Homework,Problem-7.md,Problem lesson,7,Tracing a Parallel Ray Through a Converging Lens,M7/2026-08-12-HW-10/Lessons/Problem-7.md,/Users/jake/Developer/study/vault/212/M7/2026-08-12-HW-10/Lessons/Problem-7.md,Locate the Near and Far Sides | Reverse the Travel Direction | Join the Lens Point to the Far Focus | Keep the Reverse Rule Separate | Choose the Labeled Path,2,1,0,false,false,,
PATH:M7/2026-08-12-HW-10/Lessons/Problem-8.md,,,M7,2026-08-12-HW-10,2026-08-12,HW-10,Homework,Problem-8.md,Problem lesson,8,Classifying Images Formed by Thin Lenses,M7/2026-08-12-HW-10/Lessons/Problem-8.md,/Users/jake/Developer/study/vault/212/M7/2026-08-12-HW-10/Lessons/Problem-8.md,Run the Lens Decision | Use the Region Between \(f\) and \(2f\) | Cross Inside the Focal Point | Use the Diverging-Lens Invariant | Test Each Statement Independently,1,1,2,false,false,,
PATH:M7/2026-08-12-HW-10/Lessons/Problem-9.md,,,M7,2026-08-12-HW-10,2026-08-12,HW-10,Homework,Problem-9.md,Problem lesson,9,Why Convex-Mirror Images Are Always Virtual,M7/2026-08-12-HW-10/Lessons/Problem-9.md,/Users/jake/Developer/study/vault/212/M7/2026-08-12-HW-10/Lessons/Problem-9.md,Read the Diverging-Ray Pattern | Use Backward Extensions to Locate the Image | Check Every Real-Object Distance | Separate Image Type From Size | Apply the Universal Rule,4,4,2,true,true,CYCLE-017,3
PATH:M7/2026-08-12-HW-10/Lessons/Problem-10.md,,,M7,2026-08-12-HW-10,2026-08-12,HW-10,Homework,Problem-10.md,Problem lesson,10,Classifying a Lens from a Ray Diagram,M7/2026-08-12-HW-10/Lessons/Problem-10.md,/Users/jake/Developer/study/vault/212/M7/2026-08-12-HW-10/Lessons/Problem-10.md,Follow the Parallel Ray | Distinguish Actual Rays from Backward Extensions | Confirm the Classification with Both Cues,1,1,3,false,false,,
PATH:M7/2026-08-12-HW-10/Lessons/Problem-11.md,,,M7,2026-08-12-HW-10,2026-08-12,HW-10,Homework,Problem-11.md,Problem lesson,11,Solving the Thin-Lens Equation for Image Distance,M7/2026-08-12-HW-10/Lessons/Problem-11.md,/Users/jake/Developer/study/vault/212/M7/2026-08-12-HW-10/Lessons/Problem-11.md,Isolate the Image-Distance Reciprocal | Combine the Reciprocal Difference | Invert the Entire Fraction | Check the Sign and Focal-Point Boundary | Apply the Formula to the Ray Diagram,0,0,1,false,false,,
