edge_id,relationship,source_prerequisite_id,source_lesson_node_id,source_lesson_id,source_lesson_title,source_module,source_assignment_date,source_path,prerequisite_text,target_lesson_node_id,target_lesson_id,target_lesson_title,target_module,target_assignment_date,target_path,temporal_relation,is_primary_match,confidence,match_basis,evidence,candidate_rank,candidate_score,propagated_from_exact_text,review_status,cycle_flag,cycle_component_id,cycle_member_count
P212-E0001,REQUIRES,P212-0003,212-M1-031,212-M1-031,Finding When Angular Velocity Reverses Direction,M1,2026-06-23,/Users/jake/Developer/study/vault/212/M1/2026-06-23-M1-00/Lessons/Problem-1.md,Knowing that the sign of angular velocity gives rotation direction,212-M1-035,212-M1-035,Finding Angular Acceleration Direction While Stopping,M1,2026-06-24,/Users/jake/Developer/study/vault/212/M1/2026-06-24-M1-1/Lessons/Problem-3.md,later,true,Medium,concept_equivalent,The lesson maps clockwise and counterclockwise rotation to angular-velocity direction with the right-hand rule.,1,0.4859,false,semantically-reviewed,false,,
P212-E0002,REQUIRES,P212-0005,212-M1-032,212-M1-032,Angular Displacement Before Reversal,M1,2026-06-23,/Users/jake/Developer/study/vault/212/M1/2026-06-23-M1-00/Lessons/Problem-2.md,Interpret angular displacement as the integral of angular velocity.,212-M1-047,212-M1-047,Finding Angular Position From Angular Acceleration,M1,2026-06-28,/Users/jake/Developer/study/vault/212/M1/2026-06-28-HW-1/Lessons/Problem-5.md,later,true,High,worked_move_equivalent,The lesson obtains angular position by integrating angular velocity as the second step of its derivative chain.,5,0.2553,false,semantically-reviewed,false,,
P212-E0003,REQUIRES,P212-0007,212-M1-066,212-M1-066,Converting Angular Acceleration to Tangential Acceleration,M1,2026-06-23,/Users/jake/Developer/study/vault/212/M1/2026-06-23-M1-00/Lessons/tangential-acceleration-from-angular-acceleration.md,Interpret $\omega$ as angular velocity and $\alpha$ as angular acceleration.,212-M1-034,212-M1-034,Magnitude of Constant Angular Acceleration,M1,2026-06-24,/Users/jake/Developer/study/vault/212/M1/2026-06-24-M1-1/Lessons/Problem-2.md,later,true,High,concept_equivalent,The lesson defines angular acceleration as the rate of change of angular velocity and uses both quantities throughout.,4,0.3997,false,semantically-reviewed,false,,
P212-E0004,REQUIRES,P212-0010,212-M1-033,212-M1-033,Convert Revolutions Per Second to Angular Frequency,M1,2026-06-24,/Users/jake/Developer/study/vault/212/M1/2026-06-24-M1-1/Lessons/Problem-1.md,Know that one full revolution is \(2\pi\) radians.,212-M1-036,212-M1-036,Revolutions While A Disk Stops,M1,2026-06-24,/Users/jake/Developer/study/vault/212/M1/2026-06-24-M1-1/Lessons/Problem-4.md,same-date,true,High,worked_move_equivalent,The lesson explicitly teaches and practices one revolution equals two pi radians.,1,0.37,false,semantically-reviewed,true,CYCLE-001,4
P212-E0005,REQUIRES,P212-0011,212-M1-033,212-M1-033,Convert Revolutions Per Second to Angular Frequency,M1,2026-06-24,/Users/jake/Developer/study/vault/212/M1/2026-06-24-M1-1/Lessons/Problem-1.md,Know how to multiply by a unit conversion factor.,212-M1-043,212-M1-043,Converting Revolutions per Minute to Radians per Second,M1,2026-06-28,/Users/jake/Developer/study/vault/212/M1/2026-06-28-HW-1/Lessons/Problem-1.md,later,true,High,worked_move_equivalent,The lesson teaches arranging unit-conversion factors so the old units cancel.,1,0.2929,false,semantically-reviewed,true,CYCLE-001,4
P212-E0006,REQUIRES,P212-0016,212-M1-034,212-M1-034,Magnitude of Constant Angular Acceleration,M1,2026-06-24,/Users/jake/Developer/study/vault/212/M1/2026-06-24-M1-1/Lessons/Problem-2.md,Use radians per second as angular velocity units.,212-M1-033,212-M1-033,Convert Revolutions Per Second to Angular Frequency,M1,2026-06-24,/Users/jake/Developer/study/vault/212/M1/2026-06-24-M1-1/Lessons/Problem-1.md,same-date,true,High,worked_move_equivalent,The lesson converts rotation rates to radians per second and checks the resulting units.,1,0.4438,false,semantically-reviewed,true,CYCLE-001,4
P212-E0007,REQUIRES,P212-0020,212-M1-035,212-M1-035,Finding Angular Acceleration Direction While Stopping,M1,2026-06-24,/Users/jake/Developer/study/vault/212/M1/2026-06-24-M1-1/Lessons/Problem-3.md,Angular acceleration as the rate of change of angular velocity,212-M1-034,212-M1-034,Magnitude of Constant Angular Acceleration,M1,2026-06-24,/Users/jake/Developer/study/vault/212/M1/2026-06-24-M1-1/Lessons/Problem-2.md,same-date,true,High,concept_equivalent,The lesson directly defines angular acceleration as change in angular velocity per elapsed time.,4,0.3633,false,semantically-reviewed,false,,
P212-E0008,REQUIRES,P212-0021,212-M1-036,212-M1-036,Revolutions While A Disk Stops,M1,2026-06-24,/Users/jake/Developer/study/vault/212/M1/2026-06-24-M1-1/Lessons/Problem-4.md,Know that angular velocity is measured in radians per second.,212-M1-033,212-M1-033,Convert Revolutions Per Second to Angular Frequency,M1,2026-06-24,/Users/jake/Developer/study/vault/212/M1/2026-06-24-M1-1/Lessons/Problem-1.md,same-date,true,High,concept_equivalent,The lesson identifies radians per second as the requested angular-rate unit and practices converting to it.,1,0.4153,false,semantically-reviewed,true,CYCLE-001,4
P212-E0009,REQUIRES,P212-0022,212-M1-036,212-M1-036,Revolutions While A Disk Stops,M1,2026-06-24,/Users/jake/Developer/study/vault/212/M1/2026-06-24-M1-1/Lessons/Problem-4.md,Know that constant angular acceleration makes angular velocity change at a constant rate.,212-M1-034,212-M1-034,Magnitude of Constant Angular Acceleration,M1,2026-06-24,/Users/jake/Developer/study/vault/212/M1/2026-06-24-M1-1/Lessons/Problem-2.md,same-date,true,High,concept_equivalent,The lesson states that constant angular acceleration changes angular velocity by the same amount each second.,2,0.4224,false,semantically-reviewed,true,CYCLE-001,4
P212-E0010,REQUIRES,P212-0023,212-M1-036,212-M1-036,Revolutions While A Disk Stops,M1,2026-06-24,/Users/jake/Developer/study/vault/212/M1/2026-06-24-M1-1/Lessons/Problem-4.md,Know that one full revolution is $2\pi$ radians.,212-M1-033,212-M1-033,Convert Revolutions Per Second to Angular Frequency,M1,2026-06-24,/Users/jake/Developer/study/vault/212/M1/2026-06-24-M1-1/Lessons/Problem-1.md,same-date,true,High,worked_move_equivalent,The lesson explicitly teaches and applies the two-pi-radians-per-revolution conversion.,1,0.4163,false,semantically-reviewed,true,CYCLE-001,4
P212-E0011,REQUIRES,P212-0027,212-M1-038,212-M1-038,Deciding Where Distance Belongs in a Speed Formula,M1,2026-06-25,/Users/jake/Developer/study/vault/212/M1/2026-06-25-M1-2/Lessons/Problem-2.md,Speed relates distance and time by $v=\dfrac{\text{distance}}{\text{time}}$.,212-M1-039,212-M1-039,Putting Period in the Denominator for Rotating-Disk Speed,M1,2026-06-25,/Users/jake/Developer/study/vault/212/M1/2026-06-25-M1-2/Lessons/Problem-3.md,same-date,true,High,worked_move_equivalent,The lesson computes bullet speed by dividing travel distance by travel time.,3,0.2629,false,semantically-reviewed,true,CYCLE-002,2
P212-E0012,REQUIRES,P212-0031,212-M1-039,212-M1-039,Putting Period in the Denominator for Rotating-Disk Speed,M1,2026-06-25,/Users/jake/Developer/study/vault/212/M1/2026-06-25-M1-2/Lessons/Problem-3.md,Speed is distance divided by time: $v=\dfrac{\text{distance}}{\text{time}}$.,212-M1-038,212-M1-038,Deciding Where Distance Belongs in a Speed Formula,M1,2026-06-25,/Users/jake/Developer/study/vault/212/M1/2026-06-25-M1-2/Lessons/Problem-2.md,same-date,true,High,worked_move_equivalent,The lesson uses fixed-time examples to teach that speed is distance divided by time.,8,0.2066,false,semantically-reviewed,true,CYCLE-002,2
P212-E0013,REQUIRES,P212-0032,212-M1-039,212-M1-039,Putting Period in the Denominator for Rotating-Disk Speed,M1,2026-06-25,/Users/jake/Developer/study/vault/212/M1/2026-06-25-M1-2/Lessons/Problem-3.md,One full revolution is $2\pi$ radians.,212-M1-033,212-M1-033,Convert Revolutions Per Second to Angular Frequency,M1,2026-06-24,/Users/jake/Developer/study/vault/212/M1/2026-06-24-M1-1/Lessons/Problem-1.md,earlier,true,High,worked_move_equivalent,The lesson explicitly teaches one complete revolution as two pi radians.,1,0.4322,false,semantically-reviewed,false,,
P212-E0014,REQUIRES,P212-0033,212-M1-039,212-M1-039,Putting Period in the Denominator for Rotating-Disk Speed,M1,2026-06-25,/Users/jake/Developer/study/vault/212/M1/2026-06-25-M1-2/Lessons/Problem-3.md,Period $T$ is the time for one full revolution.,212-M1-044,212-M1-044,Finding the Time for One Revolution While Speeding Up,M1,2026-06-28,/Users/jake/Developer/study/vault/212/M1/2026-06-28-HW-1/Lessons/Problem-2.md,later,true,High,concept_equivalent,The lesson treats the period as the elapsed time for one revolution while solving a rotation problem.,1,0.3918,false,semantically-reviewed,false,,
P212-E0015,REQUIRES,P212-0034,212-M1-039,212-M1-039,Putting Period in the Denominator for Rotating-Disk Speed,M1,2026-06-25,/Users/jake/Developer/study/vault/212/M1/2026-06-25-M1-2/Lessons/Problem-3.md,Angular speed is angle divided by time.,212-M1-033,212-M1-033,Convert Revolutions Per Second to Angular Frequency,M1,2026-06-24,/Users/jake/Developer/study/vault/212/M1/2026-06-24-M1-1/Lessons/Problem-1.md,earlier,true,High,concept_equivalent,The lesson defines angular frequency as angle swept per unit time.,,,false,semantically-reviewed,false,,
P212-E0016,REQUIRES,P212-0036,212-M1-040,212-M1-040,Placing Angular Separation in a Speed Formula,M1,2026-06-25,/Users/jake/Developer/study/vault/212/M1/2026-06-25-M1-2/Lessons/Problem-4.md,Know that a period $T$ is the time for one full rotation.,212-M1-039,212-M1-039,Putting Period in the Denominator for Rotating-Disk Speed,M1,2026-06-25,/Users/jake/Developer/study/vault/212/M1/2026-06-25-M1-2/Lessons/Problem-3.md,same-date,true,High,concept_equivalent,The lesson explicitly distinguishes the period as the time for one full revolution.,1,0.35,false,semantically-reviewed,false,,
P212-E0017,REQUIRES,P212-0037,212-M1-040,212-M1-040,Placing Angular Separation in a Speed Formula,M1,2026-06-25,/Users/jake/Developer/study/vault/212/M1/2026-06-25-M1-2/Lessons/Problem-4.md,Know that speed is distance divided by time: $v=\dfrac{\text{distance}}{\text{time}}$.,212-M1-038,212-M1-038,Deciding Where Distance Belongs in a Speed Formula,M1,2026-06-25,/Users/jake/Developer/study/vault/212/M1/2026-06-25-M1-2/Lessons/Problem-2.md,same-date,true,High,worked_move_equivalent,The lesson directly practices placing distance over time in a speed calculation.,,,false,semantically-reviewed,false,,
P212-E0018,REQUIRES,P212-0038,212-M1-041,212-M1-041,Bullet Speed from Rotating Disk Alignment,M1,2026-06-25,/Users/jake/Developer/study/vault/212/M1/2026-06-25-M1-2/Lessons/Problem-5.md,Constant speed means $v=\dfrac{\text{distance}}{\text{time}}$.,212-M1-038,212-M1-038,Deciding Where Distance Belongs in a Speed Formula,M1,2026-06-25,/Users/jake/Developer/study/vault/212/M1/2026-06-25-M1-2/Lessons/Problem-2.md,same-date,true,High,worked_move_equivalent,The lesson compares distances covered in a fixed time using speed equals distance over time.,,,false,semantically-reviewed,false,,
P212-E0019,REQUIRES,P212-0039,212-M1-041,212-M1-041,Bullet Speed from Rotating Disk Alignment,M1,2026-06-25,/Users/jake/Developer/study/vault/212/M1/2026-06-25-M1-2/Lessons/Problem-5.md,One full rotation is $2\pi$ radians.,212-M1-033,212-M1-033,Convert Revolutions Per Second to Angular Frequency,M1,2026-06-24,/Users/jake/Developer/study/vault/212/M1/2026-06-24-M1-1/Lessons/Problem-1.md,earlier,true,High,worked_move_equivalent,The lesson explicitly teaches that a complete rotation is two pi radians.,1,0.2703,false,semantically-reviewed,false,,
P212-E0020,REQUIRES,P212-0040,212-M1-041,212-M1-041,Bullet Speed from Rotating Disk Alignment,M1,2026-06-25,/Users/jake/Developer/study/vault/212/M1/2026-06-25-M1-2/Lessons/Problem-5.md,A period $T$ is the time for one full rotation.,212-M1-039,212-M1-039,Putting Period in the Denominator for Rotating-Disk Speed,M1,2026-06-25,/Users/jake/Developer/study/vault/212/M1/2026-06-25-M1-2/Lessons/Problem-3.md,same-date,true,High,concept_equivalent,The lesson identifies the period as the time required for one full revolution.,1,0.3539,false,semantically-reviewed,false,,
P212-E0021,REQUIRES,P212-0041,212-M1-003,212-M1-003,Ranking Radial Accelerations,M1,2026-06-25,/Users/jake/Developer/study/vault/212/M1/2026-06-25-M1-2/Lessons/Problem-6.md,Recognize speed $v$ and radius $r$ in a circular-motion diagram.,212-M1-064,212-M1-064,Comparing Centripetal Acceleration At Fixed Speed,M1,2026-07-05,/Users/jake/Developer/study/vault/212/M1/2026-07-05-PQ-1/Lessons/Problem-1.md,later,true,Medium,worked_move_equivalent,The lesson repeatedly reads speed and circular-path radius from diagrams before comparing v squared over r.,1,0.4081,false,semantically-reviewed,false,,
P212-E0022,REQUIRES,P212-0047,212-M1-043,212-M1-043,Converting Revolutions per Minute to Radians per Second,M1,2026-06-28,/Users/jake/Developer/study/vault/212/M1/2026-06-28-HW-1/Lessons/Problem-1.md,$1$ revolution equals $2\pi$ radians,212-M1-033,212-M1-033,Convert Revolutions Per Second to Angular Frequency,M1,2026-06-24,/Users/jake/Developer/study/vault/212/M1/2026-06-24-M1-1/Lessons/Problem-1.md,earlier,true,High,worked_move_equivalent,The lesson teaches the exact revolution-to-radian conversion in examples and practice.,1,0.4328,false,semantically-reviewed,true,CYCLE-001,4
P212-E0023,REQUIRES,P212-0055,212-M1-045,212-M1-045,Finding the Units of a Coefficient in Angular Acceleration,M1,2026-06-28,/Users/jake/Developer/study/vault/212/M1/2026-06-28-HW-1/Lessons/Problem-3.md,"SI units for angular position, angular velocity, and angular acceleration",212-M1-047,212-M1-047,Finding Angular Position From Angular Acceleration,M1,2026-06-28,/Users/jake/Developer/study/vault/212/M1/2026-06-28-HW-1/Lessons/Problem-5.md,same-date,true,Medium,worked_move_equivalent,The lesson carries angular position velocity and acceleration through two integrations with their SI angular units.,1,0.4336,false,semantically-reviewed,false,,
P212-E0024,REQUIRES,P212-0058,212-M1-046,212-M1-046,Finding Angular Velocity From Angular Acceleration,M1,2026-06-28,/Users/jake/Developer/study/vault/212/M1/2026-06-28-HW-1/Lessons/Problem-4.md,Angular acceleration is the time derivative of angular velocity: $\alpha_z(t)=\dfrac{\mathrm{d}\omega_z}{\mathrm{d}t}$,212-M1-034,212-M1-034,Magnitude of Constant Angular Acceleration,M1,2026-06-24,/Users/jake/Developer/study/vault/212/M1/2026-06-24-M1-1/Lessons/Problem-2.md,earlier,true,High,concept_equivalent,The lesson defines alpha as the time rate of change of omega and applies that relation numerically.,5,0.3624,false,semantically-reviewed,false,,
P212-E0025,REQUIRES,P212-0062,212-M1-047,212-M1-047,Finding Angular Position From Angular Acceleration,M1,2026-06-28,/Users/jake/Developer/study/vault/212/M1/2026-06-28-HW-1/Lessons/Problem-5.md,The relationships $\alpha_z(t)=\dfrac{d\omega_z}{dt}$ and $\omega_z(t)=\dfrac{d\theta_z}{dt}$,212-M1-037,212-M1-037,Find Angular Speed From Angular Position,M1,2026-06-25,/Users/jake/Developer/study/vault/212/M1/2026-06-25-M1-2/Lessons/Problem-1.md,earlier,false,High,compound_split,This half of the compound dependency teaches omega as d-theta by dt through differentiation.,3,0.3244,false,semantically-reviewed,false,,
P212-E0026,REQUIRES,P212-0062,212-M1-047,212-M1-047,Finding Angular Position From Angular Acceleration,M1,2026-06-28,/Users/jake/Developer/study/vault/212/M1/2026-06-28-HW-1/Lessons/Problem-5.md,The relationships $\alpha_z(t)=\dfrac{d\omega_z}{dt}$ and $\omega_z(t)=\dfrac{d\theta_z}{dt}$,212-M1-046,212-M1-046,Finding Angular Velocity From Angular Acceleration,M1,2026-06-28,/Users/jake/Developer/study/vault/212/M1/2026-06-28-HW-1/Lessons/Problem-4.md,same-date,true,High,compound_split,This half of the compound dependency teaches alpha as d-omega by dt and reverses it by integration.,1,0.4204,false,semantically-reviewed,false,,
P212-E0027,REQUIRES,P212-0064,212-M1-047,212-M1-047,Finding Angular Position From Angular Acceleration,M1,2026-06-28,/Users/jake/Developer/study/vault/212/M1/2026-06-28-HW-1/Lessons/Problem-5.md,How an initial condition determines an integration constant,212-M1-046,212-M1-046,Finding Angular Velocity From Angular Acceleration,M1,2026-06-28,/Users/jake/Developer/study/vault/212/M1/2026-06-28-HW-1/Lessons/Problem-4.md,same-date,true,High,worked_move_equivalent,The lesson substitutes an initial angular velocity to determine the integration constant.,1,0.4184,false,semantically-reviewed,false,,
P212-E0028,REQUIRES,P212-0065,212-M1-006,212-M1-006,Recognizing Tangential Velocity in Circular Motion,M1,2026-06-28,/Users/jake/Developer/study/vault/212/M1/2026-06-28-HW-1/Lessons/Problem-6.md,A radius vector $\vec r$ points from the center of a circle to the object,212-M1-048,212-M1-048,Identifying Velocity Direction in Non-Uniform Circular Motion,M1,2026-06-28,/Users/jake/Developer/study/vault/212/M1/2026-06-28-HW-1/Lessons/Problem-10.md,same-date,true,High,concept_equivalent,The lesson explicitly defines the radius vector as pointing from the circle center to the object.,,,false,semantically-reviewed,true,CYCLE-003,3
P212-E0029,REQUIRES,P212-0068,212-M1-006,212-M1-006,Recognizing Tangential Velocity in Circular Motion,M1,2026-06-28,/Users/jake/Developer/study/vault/212/M1/2026-06-28-HW-1/Lessons/Problem-6.md,A tangent to a circle is perpendicular to the radius at the point of contact,212-M1-048,212-M1-048,Identifying Velocity Direction in Non-Uniform Circular Motion,M1,2026-06-28,/Users/jake/Developer/study/vault/212/M1/2026-06-28-HW-1/Lessons/Problem-10.md,same-date,true,High,concept_equivalent,The lesson explicitly teaches that the tangent direction is perpendicular to the radius at the contact point.,7,0.1647,false,semantically-reviewed,true,CYCLE-003,3
P212-E0030,REQUIRES,P212-0072,212-M1-007,212-M1-007,Comparing Centripetal Acceleration with the Radius Vector,M1,2026-06-28,/Users/jake/Developer/study/vault/212/M1/2026-06-28-HW-1/Lessons/Problem-7.md,"In uniform circular motion, the position vector $\vec r$ is measured from the circle's center to the object",212-M1-048,212-M1-048,Identifying Velocity Direction in Non-Uniform Circular Motion,M1,2026-06-28,/Users/jake/Developer/study/vault/212/M1/2026-06-28-HW-1/Lessons/Problem-10.md,same-date,true,High,concept_equivalent,The lesson defines r from the center to the object and practices reading that direction in diagrams.,2,0.2923,false,semantically-reviewed,false,,
P212-E0031,REQUIRES,P212-0074,212-M1-001,212-M1-001,Relating Tangential Speed to Angular Speed,M1,2026-06-28,/Users/jake/Developer/study/vault/212/M1/2026-06-28-HW-1/Lessons/Problem-8.md,Angular speed $\omega$ measures angle swept per unit time,212-M1-033,212-M1-033,Convert Revolutions Per Second to Angular Frequency,M1,2026-06-24,/Users/jake/Developer/study/vault/212/M1/2026-06-24-M1-1/Lessons/Problem-1.md,earlier,true,High,concept_equivalent,The lesson defines angular rate as angle swept divided by elapsed time.,8,0.2658,false,semantically-reviewed,false,,
P212-E0032,REQUIRES,P212-0077,212-M1-004,212-M1-004,Checking the Magnitude of Centripetal Acceleration,M1,2026-06-28,/Users/jake/Developer/study/vault/212/M1/2026-06-28-HW-1/Lessons/Problem-9.md,"In uniform circular motion, the object moves at constant speed around a circle",212-M1-005,212-M1-005,Recognizing Uniform Circular Motion,M1,2026-07-03,/Users/jake/Developer/study/vault/212/M1/2026-07-03-HW-2/Lessons/Problem-1.md,later,true,High,title_exact,The lesson teaches uniform circular motion as a circular path traversed at constant speed.,2,0.3583,false,semantically-reviewed,false,,
P212-E0033,REQUIRES,P212-0078,212-M1-004,212-M1-004,Checking the Magnitude of Centripetal Acceleration,M1,2026-06-28,/Users/jake/Developer/study/vault/212/M1/2026-06-28-HW-1/Lessons/Problem-9.md,Velocity is tangent to the circle,212-M1-006,212-M1-006,Recognizing Tangential Velocity in Circular Motion,M1,2026-06-28,/Users/jake/Developer/study/vault/212/M1/2026-06-28-HW-1/Lessons/Problem-6.md,same-date,true,High,concept_equivalent,The lesson's core rule is that instantaneous velocity points tangent to the circle.,1,0.4053,false,semantically-reviewed,false,,
P212-E0034,REQUIRES,P212-0079,212-M1-004,212-M1-004,Checking the Magnitude of Centripetal Acceleration,M1,2026-06-28,/Users/jake/Developer/study/vault/212/M1/2026-06-28-HW-1/Lessons/Problem-9.md,Acceleration points toward the center of the circle,212-M1-007,212-M1-007,Comparing Centripetal Acceleration with the Radius Vector,M1,2026-06-28,/Users/jake/Developer/study/vault/212/M1/2026-06-28-HW-1/Lessons/Problem-7.md,same-date,true,High,concept_equivalent,The lesson shows that circular-motion acceleration points opposite the outward radius and therefore inward.,6,0.2557,false,semantically-reviewed,false,,
P212-E0035,REQUIRES,P212-0081,212-M1-004,212-M1-004,Checking the Magnitude of Centripetal Acceleration,M1,2026-06-28,/Users/jake/Developer/study/vault/212/M1/2026-06-28-HW-1/Lessons/Problem-9.md,Linear speed and angular speed are related by $v=\omega r$,212-M1-001,212-M1-001,Relating Tangential Speed to Angular Speed,M1,2026-06-28,/Users/jake/Developer/study/vault/212/M1/2026-06-28-HW-1/Lessons/Problem-8.md,same-date,true,High,worked_move_equivalent,The lesson derives and practices the exact relation speed equals radius times angular speed.,2,0.3684,false,semantically-reviewed,false,,
P212-E0036,REQUIRES,P212-0083,212-M1-048,212-M1-048,Identifying Velocity Direction in Non-Uniform Circular Motion,M1,2026-06-28,/Users/jake/Developer/study/vault/212/M1/2026-06-28-HW-1/Lessons/Problem-10.md,Velocity $\vec v$ points in the instantaneous direction of motion,212-M1-006,212-M1-006,Recognizing Tangential Velocity in Circular Motion,M1,2026-06-28,/Users/jake/Developer/study/vault/212/M1/2026-06-28-HW-1/Lessons/Problem-6.md,same-date,true,High,concept_equivalent,The lesson identifies velocity with the object's instantaneous tangent direction.,2,0.3104,false,semantically-reviewed,true,CYCLE-003,3
P212-E0037,REQUIRES,P212-0084,212-M1-048,212-M1-048,Identifying Velocity Direction in Non-Uniform Circular Motion,M1,2026-06-28,/Users/jake/Developer/study/vault/212/M1/2026-06-28-HW-1/Lessons/Problem-10.md,A tangent line to a circle is perpendicular to the radius at the point of contact,212-M1-006,212-M1-006,Recognizing Tangential Velocity in Circular Motion,M1,2026-06-28,/Users/jake/Developer/study/vault/212/M1/2026-06-28-HW-1/Lessons/Problem-6.md,same-date,true,High,concept_equivalent,The lesson explicitly teaches tangent perpendicular to radius using diagram examples.,1,0.3072,false,semantically-reviewed,true,CYCLE-003,3
P212-E0038,REQUIRES,P212-0085,212-M1-048,212-M1-048,Identifying Velocity Direction in Non-Uniform Circular Motion,M1,2026-06-28,/Users/jake/Developer/study/vault/212/M1/2026-06-28-HW-1/Lessons/Problem-10.md,Non-uniform circular motion means the speed or angular speed can change,212-M1-050,212-M1-050,Checking Speed From Angular Speed in Non-Uniform Circular Motion,M1,2026-06-28,/Users/jake/Developer/study/vault/212/M1/2026-06-28-HW-1/Lessons/Problem-12.md,same-date,true,High,concept_equivalent,The lesson explains that non-uniform circular motion permits the instantaneous angular speed and speed to change.,1,0.5646,false,semantically-reviewed,true,CYCLE-003,3
P212-E0039,REQUIRES,P212-0087,212-M1-049,212-M1-049,Testing Whether Circular-Motion Acceleration Is Perpendicular to the Radius,M1,2026-06-28,/Users/jake/Developer/study/vault/212/M1/2026-06-28-HW-1/Lessons/Problem-11.md,Velocity in circular motion is tangent to the circle,212-M1-006,212-M1-006,Recognizing Tangential Velocity in Circular Motion,M1,2026-06-28,/Users/jake/Developer/study/vault/212/M1/2026-06-28-HW-1/Lessons/Problem-6.md,same-date,true,High,concept_equivalent,The lesson directly teaches and quizzes the tangent direction of circular velocity.,1,0.5175,false,semantically-reviewed,false,,
P212-E0040,REQUIRES,P212-0091,212-M1-050,212-M1-050,Checking Speed From Angular Speed in Non-Uniform Circular Motion,M1,2026-06-28,/Users/jake/Developer/study/vault/212/M1/2026-06-28-HW-1/Lessons/Problem-12.md,The velocity vector $\vec v$ is tangent to the circular path,212-M1-006,212-M1-006,Recognizing Tangential Velocity in Circular Motion,M1,2026-06-28,/Users/jake/Developer/study/vault/212/M1/2026-06-28-HW-1/Lessons/Problem-6.md,same-date,true,High,concept_equivalent,The lesson's central geometric rule is that velocity is tangent to the circular path.,1,0.4413,false,semantically-reviewed,true,CYCLE-003,3
P212-E0041,REQUIRES,P212-0092,212-M1-050,212-M1-050,Checking Speed From Angular Speed in Non-Uniform Circular Motion,M1,2026-06-28,/Users/jake/Developer/study/vault/212/M1/2026-06-28-HW-1/Lessons/Problem-12.md,The magnitude $|\vec v|$ is the object's speed,212-M1-001,212-M1-001,Relating Tangential Speed to Angular Speed,M1,2026-06-28,/Users/jake/Developer/study/vault/212/M1/2026-06-28-HW-1/Lessons/Problem-8.md,same-date,true,High,concept_equivalent,The lesson explicitly identifies the magnitude of the velocity vector as ordinary speed.,2,0.2446,false,semantically-reviewed,false,,
P212-E0042,REQUIRES,P212-0093,212-M1-050,212-M1-050,Checking Speed From Angular Speed in Non-Uniform Circular Motion,M1,2026-06-28,/Users/jake/Developer/study/vault/212/M1/2026-06-28-HW-1/Lessons/Problem-12.md,Angular speed $\omega$ measures angle swept per unit time,212-M1-001,212-M1-001,Relating Tangential Speed to Angular Speed,M1,2026-06-28,/Users/jake/Developer/study/vault/212/M1/2026-06-28-HW-1/Lessons/Problem-8.md,same-date,true,High,concept_equivalent,The lesson defines angular speed as angle swept per unit time while deriving v equals r omega.,1,0.5018,false,semantically-reviewed,false,,
P212-E0043,REQUIRES,P212-0094,212-M1-050,212-M1-050,Checking Speed From Angular Speed in Non-Uniform Circular Motion,M1,2026-06-28,/Users/jake/Developer/study/vault/212/M1/2026-06-28-HW-1/Lessons/Problem-12.md,"For angles measured in radians, arc length satisfies $s=r\theta$",212-M1-001,212-M1-001,Relating Tangential Speed to Angular Speed,M1,2026-06-28,/Users/jake/Developer/study/vault/212/M1/2026-06-28-HW-1/Lessons/Problem-8.md,same-date,true,High,worked_move_equivalent,The lesson derives tangential speed from the radian arc-length relation s equals r theta.,1,0.3345,false,semantically-reviewed,false,,
P212-E0044,REQUIRES,P212-0096,212-M1-008,212-M1-008,Choosing the Acceleration Direction When Circular Motion Speeds Up,M1,2026-06-28,/Users/jake/Developer/study/vault/212/M1/2026-06-28-HW-1/Lessons/Problem-13.md,Velocity in circular motion is tangent to the circle.,212-M1-006,212-M1-006,Recognizing Tangential Velocity in Circular Motion,M1,2026-06-28,/Users/jake/Developer/study/vault/212/M1/2026-06-28-HW-1/Lessons/Problem-6.md,same-date,true,High,concept_equivalent,The lesson teaches circular velocity as tangent to the path with repeated direction practice.,1,0.5175,false,semantically-reviewed,false,,
P212-E0045,REQUIRES,P212-0097,212-M1-008,212-M1-008,Choosing the Acceleration Direction When Circular Motion Speeds Up,M1,2026-06-28,/Users/jake/Developer/study/vault/212/M1/2026-06-28-HW-1/Lessons/Problem-13.md,Centripetal acceleration points toward the center of the circle.,212-M1-007,212-M1-007,Comparing Centripetal Acceleration with the Radius Vector,M1,2026-06-28,/Users/jake/Developer/study/vault/212/M1/2026-06-28-HW-1/Lessons/Problem-7.md,same-date,true,High,concept_equivalent,The lesson teaches that acceleration is opposite the outward radius vector and hence points toward the center.,3,0.3338,false,semantically-reviewed,false,,
P212-E0046,REQUIRES,P212-0098,212-M1-008,212-M1-008,Choosing the Acceleration Direction When Circular Motion Speeds Up,M1,2026-06-28,/Users/jake/Developer/study/vault/212/M1/2026-06-28-HW-1/Lessons/Problem-13.md,"If an object is speeding up, its tangential acceleration points in the same direction as its velocity.",212-M1-054,212-M1-054,Choosing the Net Force Direction for Clockwise Speeding Up,M1,2026-07-02,/Users/jake/Developer/study/vault/212/M1/2026-07-02-M1-5/Lessons/Problem-2.md,later,true,High,worked_move_equivalent,The lesson combines an inward component with a forward tangential component for a speeding object.,4,0.3309,false,semantically-reviewed,true,CYCLE-004,3
P212-E0047,REQUIRES,P212-0100,212-M1-051,212-M1-051,Matching Angular Velocity to an Angular Position Graph,M1,2026-06-28,/Users/jake/Developer/study/vault/212/M1/2026-06-28-HW-1/Lessons/Problem-14.md,Angular velocity is the derivative of angular position,212-M1-037,212-M1-037,Find Angular Speed From Angular Position,M1,2026-06-25,/Users/jake/Developer/study/vault/212/M1/2026-06-25-M1-2/Lessons/Problem-1.md,earlier,true,High,worked_move_equivalent,The lesson differentiates angular position to obtain angular velocity.,1,0.4554,false,semantically-reviewed,false,,
P212-E0048,REQUIRES,P212-0101,212-M1-051,212-M1-051,Matching Angular Velocity to an Angular Position Graph,M1,2026-06-28,/Users/jake/Developer/study/vault/212/M1/2026-06-28-HW-1/Lessons/Problem-14.md,A positive slope means a graph is increasing,212-M1-052,212-M1-052,Matching Angular Acceleration to a Position Graph,M1,2026-06-28,/Users/jake/Developer/study/vault/212/M1/2026-06-28-HW-1/Lessons/Problem-15.md,same-date,true,High,concept_equivalent,The lesson explicitly equates an increasing graph slope with a positive derivative.,1,0.3628,false,semantically-reviewed,true,CYCLE-005,2
P212-E0049,REQUIRES,P212-0102,212-M1-051,212-M1-051,Matching Angular Velocity to an Angular Position Graph,M1,2026-06-28,/Users/jake/Developer/study/vault/212/M1/2026-06-28-HW-1/Lessons/Problem-14.md,A negative slope means a graph is decreasing,212-M1-052,212-M1-052,Matching Angular Acceleration to a Position Graph,M1,2026-06-28,/Users/jake/Developer/study/vault/212/M1/2026-06-28-HW-1/Lessons/Problem-15.md,same-date,true,High,concept_equivalent,The lesson explicitly equates a decreasing graph slope with a negative derivative.,1,0.3581,false,semantically-reviewed,true,CYCLE-005,2
P212-E0050,REQUIRES,P212-0105,212-M1-052,212-M1-052,Matching Angular Acceleration to a Position Graph,M1,2026-06-28,/Users/jake/Developer/study/vault/212/M1/2026-06-28-HW-1/Lessons/Problem-15.md,Angular position is written as $\theta_z(t)$,212-M1-037,212-M1-037,Find Angular Speed From Angular Position,M1,2026-06-25,/Users/jake/Developer/study/vault/212/M1/2026-06-25-M1-2/Lessons/Problem-1.md,earlier,true,High,concept_equivalent,The lesson consistently writes angular position as a time-dependent theta function.,1,0.3473,false,semantically-reviewed,false,,
P212-E0051,REQUIRES,P212-0106,212-M1-052,212-M1-052,Matching Angular Acceleration to a Position Graph,M1,2026-06-28,/Users/jake/Developer/study/vault/212/M1/2026-06-28-HW-1/Lessons/Problem-15.md,Angular velocity is the slope of angular position: $\omega_z(t)=\dfrac{d\theta_z}{dt}$,212-M1-051,212-M1-051,Matching Angular Velocity to an Angular Position Graph,M1,2026-06-28,/Users/jake/Developer/study/vault/212/M1/2026-06-28-HW-1/Lessons/Problem-14.md,same-date,true,High,worked_move_equivalent,The lesson reads angular velocity as the signed slope of an angular-position graph.,1,0.4755,false,semantically-reviewed,true,CYCLE-005,2
P212-E0052,REQUIRES,P212-0107,212-M1-052,212-M1-052,Matching Angular Acceleration to a Position Graph,M1,2026-06-28,/Users/jake/Developer/study/vault/212/M1/2026-06-28-HW-1/Lessons/Problem-15.md,Angular acceleration is the slope of angular velocity: $\alpha_z(t)=\dfrac{d^2\theta_z}{dt^2}$,212-M1-046,212-M1-046,Finding Angular Velocity From Angular Acceleration,M1,2026-06-28,/Users/jake/Developer/study/vault/212/M1/2026-06-28-HW-1/Lessons/Problem-4.md,same-date,true,High,concept_equivalent,The lesson states alpha equals d-omega by dt and reverses that derivative through integration.,1,0.4257,false,semantically-reviewed,false,,
P212-E0053,REQUIRES,P212-0110,212-M1-016,212-M1-016,Comparing Ferris Wheel Normal Forces,M1,2026-06-29,/Users/jake/Developer/study/vault/212/M1/2026-06-29-M1-3/Lessons/Problem-1.md,Draw a free-body diagram with weight $mg$ downward and a seat's normal force perpendicular to the seat.,212-M1-012,212-M1-012,Free-Body Diagrams for Level Circular Motion,M1,2026-06-30,/Users/jake/Developer/study/vault/212/M1/2026-06-30-M1-4/Lessons/Problem-2.md,later,true,High,worked_move_equivalent,The lesson builds a free-body diagram with weight down and the road normal up.,3,0.2521,false,semantically-reviewed,false,,
P212-E0054,REQUIRES,P212-0111,212-M1-016,212-M1-016,Comparing Ferris Wheel Normal Forces,M1,2026-06-29,/Users/jake/Developer/study/vault/212/M1/2026-06-29-M1-3/Lessons/Problem-1.md,Use centripetal acceleration $a_r=\frac{v^2}{r}$ for motion at constant speed around a circle.,212-M1-004,212-M1-004,Checking the Magnitude of Centripetal Acceleration,M1,2026-06-28,/Users/jake/Developer/study/vault/212/M1/2026-06-28-HW-1/Lessons/Problem-9.md,earlier,true,High,worked_move_equivalent,The lesson derives and practices centripetal acceleration as v squared over r.,3,0.3583,false,semantically-reviewed,false,,
P212-E0055,REQUIRES,P212-0117,212-M1-053,212-M1-053,Comparing Ferris-Wheel Normal Forces at the Top and Bottom,M1,2026-06-29,/Users/jake/Developer/study/vault/212/M1/2026-06-29-M1-3/Lessons/Problem-3.md,The seat's normal force on the rider points upward in this Ferris-wheel model.,212-M1-017,212-M1-017,Finding the Normal Force at the Bottom of a Ferris Wheel,M1,2026-06-29,/Users/jake/Developer/study/vault/212/M1/2026-06-29-M1-3/Lessons/Problem-4.md,same-date,true,High,concept_equivalent,The lesson explicitly models the Ferris-wheel seat normal force as upward at the rider.,1,0.4654,false,semantically-reviewed,false,,
P212-E0056,REQUIRES,P212-0118,212-M1-053,212-M1-053,Comparing Ferris-Wheel Normal Forces at the Top and Bottom,M1,2026-06-29,/Users/jake/Developer/study/vault/212/M1/2026-06-29-M1-3/Lessons/Problem-3.md,"For circular motion with angular velocity $\omega$ and radius $r$, the inward acceleration has magnitude $\omega^2r$.",212-M1-004,212-M1-004,Checking the Magnitude of Centripetal Acceleration,M1,2026-06-28,/Users/jake/Developer/study/vault/212/M1/2026-06-28-HW-1/Lessons/Problem-9.md,earlier,true,High,worked_move_equivalent,The lesson derives the inward acceleration magnitude omega squared times r.,1,0.4206,false,semantically-reviewed,false,,
P212-E0057,REQUIRES,P212-0120,212-M1-017,212-M1-017,Finding the Normal Force at the Bottom of a Ferris Wheel,M1,2026-06-29,/Users/jake/Developer/study/vault/212/M1/2026-06-29-M1-3/Lessons/Problem-4.md,Radial acceleration points toward the center of circular motion.,212-M1-049,212-M1-049,Testing Whether Circular-Motion Acceleration Is Perpendicular to the Radius,M1,2026-06-28,/Users/jake/Developer/study/vault/212/M1/2026-06-28-HW-1/Lessons/Problem-11.md,earlier,true,High,concept_equivalent,The lesson separates radial acceleration and explicitly points its radial part toward the center.,1,0.4158,false,semantically-reviewed,false,,
P212-E0058,REQUIRES,P212-0121,212-M1-017,212-M1-017,Finding the Normal Force at the Bottom of a Ferris Wheel,M1,2026-06-29,/Users/jake/Developer/study/vault/212/M1/2026-06-29-M1-3/Lessons/Problem-4.md,"For constant angular velocity, $a_r=\omega^2r$.",212-M1-004,212-M1-004,Checking the Magnitude of Centripetal Acceleration,M1,2026-06-28,/Users/jake/Developer/study/vault/212/M1/2026-06-28-HW-1/Lessons/Problem-9.md,earlier,true,High,worked_move_equivalent,The lesson derives and practices a-r equals omega squared r for circular motion.,,,false,semantically-reviewed,false,,
P212-E0059,REQUIRES,P212-0124,212-M1-018,212-M1-018,Normal Force at the Top of a Ferris Wheel,M1,2026-06-29,/Users/jake/Developer/study/vault/212/M1/2026-06-29-M1-3/Lessons/Problem-5.md,Centripetal acceleration points toward the center of circular motion.,212-M1-007,212-M1-007,Comparing Centripetal Acceleration with the Radius Vector,M1,2026-06-28,/Users/jake/Developer/study/vault/212/M1/2026-06-28-HW-1/Lessons/Problem-7.md,earlier,true,High,concept_equivalent,The lesson shows centripetal acceleration is opposite the outward radius and therefore inward.,4,0.3512,false,semantically-reviewed,false,,
P212-E0060,REQUIRES,P212-0125,212-M1-018,212-M1-018,Normal Force at the Top of a Ferris Wheel,M1,2026-06-29,/Users/jake/Developer/study/vault/212/M1/2026-06-29-M1-3/Lessons/Problem-5.md,"For constant angular speed, centripetal acceleration has magnitude $a_c=\omega^2r$.",212-M1-004,212-M1-004,Checking the Magnitude of Centripetal Acceleration,M1,2026-06-28,/Users/jake/Developer/study/vault/212/M1/2026-06-28-HW-1/Lessons/Problem-9.md,earlier,true,High,worked_move_equivalent,The lesson derives the exact centripetal-acceleration form omega squared r.,1,0.519,false,semantically-reviewed,false,,
P212-E0061,REQUIRES,P212-0129,212-M1-014,212-M1-014,Threshold Angular Speed Before Slipping,M1,2026-06-29,/Users/jake/Developer/study/vault/212/M1/2026-06-29-M1-3/Lessons/Problem-6.md,"On a horizontal surface, the normal force is $N=mg$.",212-M1-012,212-M1-012,Free-Body Diagrams for Level Circular Motion,M1,2026-06-30,/Users/jake/Developer/study/vault/212/M1/2026-06-30-M1-4/Lessons/Problem-2.md,later,true,High,worked_move_equivalent,The lesson balances vertical forces on a level road and obtains N equals mg.,,,false,semantically-reviewed,false,,
P212-E0062,REQUIRES,P212-0130,212-M1-014,212-M1-014,Threshold Angular Speed Before Slipping,M1,2026-06-29,/Users/jake/Developer/study/vault/212/M1/2026-06-29-M1-3/Lessons/Problem-6.md,Circular motion at angular speed $\omega$ requires centripetal force $F_c=m\omega^2 r$.,212-M1-017,212-M1-017,Finding the Normal Force at the Bottom of a Ferris Wheel,M1,2026-06-29,/Users/jake/Developer/study/vault/212/M1/2026-06-29-M1-3/Lessons/Problem-4.md,same-date,true,Medium,worked_move_equivalent,The lesson writes the radial force balance with the required inward term m omega squared r.,,,false,semantically-reviewed,false,,
P212-E0063,REQUIRES,P212-0132,212-M1-021,212-M1-021,Choosing a Free-Body Diagram for an Icy Banked Curve,M1,2026-06-30,/Users/jake/Developer/study/vault/212/M1/2026-06-30-M1-4/Lessons/Problem-1.md,Know that a free-body diagram shows forces acting on one object.,212-M1-012,212-M1-012,Free-Body Diagrams for Level Circular Motion,M1,2026-06-30,/Users/jake/Developer/study/vault/212/M1/2026-06-30-M1-4/Lessons/Problem-2.md,same-date,true,High,concept_equivalent,The lesson teaches a free-body diagram as the inventory of real forces acting on one car.,2,0.3559,false,semantically-reviewed,true,CYCLE-006,8
P212-E0064,REQUIRES,P212-0134,212-M1-021,212-M1-021,Choosing a Free-Body Diagram for an Icy Banked Curve,M1,2026-06-30,/Users/jake/Developer/study/vault/212/M1/2026-06-30-M1-4/Lessons/Problem-1.md,Know that a normal force is perpendicular to the contact surface.,212-M1-020,212-M1-020,Recognizing Contact Loss on a Curved Surface,M1,2026-07-03,/Users/jake/Developer/study/vault/212/M1/2026-07-03-HW-2/Lessons/Problem-12.md,later,true,High,concept_equivalent,The lesson explains that a contact surface pushes perpendicular to itself and cannot pull.,1,0.4234,false,semantically-reviewed,true,CYCLE-006,8
P212-E0065,REQUIRES,P212-0135,212-M1-021,212-M1-021,Choosing a Free-Body Diagram for an Icy Banked Curve,M1,2026-06-30,/Users/jake/Developer/study/vault/212/M1/2026-06-30-M1-4/Lessons/Problem-1.md,Know that an icy or no-friction surface has no friction force.,212-M1-022,212-M1-022,Finding the Speed for a Frictionless Banked Curve,M1,2026-06-30,/Users/jake/Developer/study/vault/212/M1/2026-06-30-M1-4/Lessons/Problem-4.md,same-date,true,High,concept_equivalent,The lesson explicitly removes friction when the banked road is described as icy or frictionless.,1,0.3284,false,semantically-reviewed,true,CYCLE-006,8
P212-E0066,REQUIRES,P212-0136,212-M1-012,212-M1-012,Free-Body Diagrams for Level Circular Motion,M1,2026-06-30,/Users/jake/Developer/study/vault/212/M1/2026-06-30-M1-4/Lessons/Problem-2.md,Weight $mg$ points downward.,212-M1-021,212-M1-021,Choosing a Free-Body Diagram for an Icy Banked Curve,M1,2026-06-30,/Users/jake/Developer/study/vault/212/M1/2026-06-30-M1-4/Lessons/Problem-1.md,same-date,true,High,concept_equivalent,The lesson places weight straight downward in every banked-road free-body diagram.,2,0.2153,false,semantically-reviewed,true,CYCLE-006,8
P212-E0067,REQUIRES,P212-0138,212-M1-012,212-M1-012,Free-Body Diagrams for Level Circular Motion,M1,2026-06-30,/Users/jake/Developer/study/vault/212/M1/2026-06-30-M1-4/Lessons/Problem-2.md,A free-body diagram includes real forces acting on the object.,212-M1-021,212-M1-021,Choosing a Free-Body Diagram for an Icy Banked Curve,M1,2026-06-30,/Users/jake/Developer/study/vault/212/M1/2026-06-30-M1-4/Lessons/Problem-1.md,same-date,true,High,concept_equivalent,The lesson filters its free-body diagram to the real interactions on the car.,1,0.4155,false,semantically-reviewed,true,CYCLE-006,8
P212-E0068,REQUIRES,P212-0139,212-M1-012,212-M1-012,Free-Body Diagrams for Level Circular Motion,M1,2026-06-30,/Users/jake/Developer/study/vault/212/M1/2026-06-30-M1-4/Lessons/Problem-2.md,"For circular motion, the net force points toward the center of the circle.",212-M1-011,212-M1-011,Finding the Net-Force Direction in Circular Motion,M1,2026-07-03,/Users/jake/Developer/study/vault/212/M1/2026-07-03-HW-2/Lessons/Problem-4.md,later,true,High,concept_equivalent,The lesson's core direction rule points the net force toward the center of the circular path.,1,0.5986,false,semantically-reviewed,false,,
P212-E0069,REQUIRES,P212-0140,212-M1-013,212-M1-013,Finding Static Friction on a Flat Curve,M1,2026-06-30,/Users/jake/Developer/study/vault/212/M1/2026-06-30-M1-4/Lessons/Problem-3.md,"Identify forces on a car on a level road: weight $mg$, normal force $N$, and static friction $f_s$.",212-M1-012,212-M1-012,Free-Body Diagrams for Level Circular Motion,M1,2026-06-30,/Users/jake/Developer/study/vault/212/M1/2026-06-30-M1-4/Lessons/Problem-2.md,same-date,true,High,worked_move_equivalent,The lesson identifies weight normal force and inward static friction for a car on a level circle.,1,0.3335,false,semantically-reviewed,false,,
P212-E0070,REQUIRES,P212-0141,212-M1-013,212-M1-013,Finding Static Friction on a Flat Curve,M1,2026-06-30,/Users/jake/Developer/study/vault/212/M1/2026-06-30-M1-4/Lessons/Problem-3.md,"Use centripetal force as the required net inward force: $F_{\text{net,in}}=mv^2/r$.",212-M1-061,212-M1-061,Resolving Banked-Track Forces Along the Centripetal Direction,M1,2026-07-03,/Users/jake/Developer/study/vault/212/M1/2026-07-03-HW-2/Lessons/Problem-7.md,later,true,High,worked_move_equivalent,The lesson writes the inward force sum as m v squared over r.,1,0.3392,false,semantically-reviewed,false,,
P212-E0071,REQUIRES,P212-0142,212-M1-013,212-M1-013,Finding Static Friction on a Flat Curve,M1,2026-06-30,/Users/jake/Developer/study/vault/212/M1/2026-06-30-M1-4/Lessons/Problem-3.md,"Use maximum static friction as $f_{s,\max}=\mu_s N$.",212-M1-024,212-M1-024,Maximum Speed on a Frictional Banked Curve,M1,2026-06-30,/Users/jake/Developer/study/vault/212/M1/2026-06-30-M1-4/Lessons/Problem-6.md,same-date,true,High,worked_move_equivalent,The maximum-speed lesson sets static friction to its limiting magnitude mu-s N.,1,0.3518,false,semantically-reviewed,false,,
P212-E0072,REQUIRES,P212-0144,212-M1-022,212-M1-022,Finding the Speed for a Frictionless Banked Curve,M1,2026-06-30,/Users/jake/Developer/study/vault/212/M1/2026-06-30-M1-4/Lessons/Problem-4.md,Know that uniform circular motion requires inward acceleration $a_c=\dfrac{v^2}{r}$.,PATH:M1/2026-07-06-Q-1/Lessons/Problem-1.md,,Acceleration in Constant-Speed Circular Motion,M1,2026-07-06,/Users/jake/Developer/study/vault/212/M1/2026-07-06-Q-1/Lessons/Problem-1.md,later,true,High,worked_move_equivalent,The lesson teaches inward acceleration v squared over r for constant-speed circular motion.,1,0.3868,false,semantically-reviewed,false,,
P212-E0073,REQUIRES,P212-0145,212-M1-022,212-M1-022,Finding the Speed for a Frictionless Banked Curve,M1,2026-06-30,/Users/jake/Developer/study/vault/212/M1/2026-06-30-M1-4/Lessons/Problem-4.md,Resolve a tilted force into horizontal and vertical components.,212-M1-060,212-M1-060,Writing the Vertical Force Equation on a Banked Track,M1,2026-07-03,/Users/jake/Developer/study/vault/212/M1/2026-07-03-HW-2/Lessons/Problem-6.md,later,true,High,worked_move_equivalent,The lesson resolves tilted contact forces into horizontal and vertical sine-cosine components.,1,0.3849,false,semantically-reviewed,true,CYCLE-006,8
P212-E0074,REQUIRES,P212-0149,212-M1-023,212-M1-023,Choosing Friction Direction on a Banked Curve,M1,2026-06-30,/Users/jake/Developer/study/vault/212/M1/2026-06-30-M1-4/Lessons/Problem-5.md,The normal force is perpendicular to the road surface.,212-M1-021,212-M1-021,Choosing a Free-Body Diagram for an Icy Banked Curve,M1,2026-06-30,/Users/jake/Developer/study/vault/212/M1/2026-06-30-M1-4/Lessons/Problem-1.md,same-date,true,High,concept_equivalent,The lesson draws the road normal perpendicular to the banked surface.,8,0.2169,false,semantically-reviewed,false,,
P212-E0075,REQUIRES,P212-0151,212-M1-023,212-M1-023,Choosing Friction Direction on a Banked Curve,M1,2026-06-30,/Users/jake/Developer/study/vault/212/M1/2026-06-30-M1-4/Lessons/Problem-5.md,"At the no-friction banked-curve speed, the horizontal component of the normal force supplies exactly the required centripetal force.",212-M1-022,212-M1-022,Finding the Speed for a Frictionless Banked Curve,M1,2026-06-30,/Users/jake/Developer/study/vault/212/M1/2026-06-30-M1-4/Lessons/Problem-4.md,same-date,true,High,concept_equivalent,The lesson derives the frictionless banked speed from the inward component of the normal force.,1,0.5092,false,semantically-reviewed,false,,
P212-E0076,REQUIRES,P212-0152,212-M1-024,212-M1-024,Maximum Speed on a Frictional Banked Curve,M1,2026-06-30,/Users/jake/Developer/study/vault/212/M1/2026-06-30-M1-4/Lessons/Problem-6.md,Resolve a force into components parallel to horizontal radial and vertical axes.,212-M1-060,212-M1-060,Writing the Vertical Force Equation on a Banked Track,M1,2026-07-03,/Users/jake/Developer/study/vault/212/M1/2026-07-03-HW-2/Lessons/Problem-6.md,later,true,High,worked_move_equivalent,The lesson resolves forces along vertical and horizontal inward axes on a banked track.,2,0.3208,false,semantically-reviewed,false,,
P212-E0077,REQUIRES,P212-0153,212-M1-024,212-M1-024,Maximum Speed on a Frictional Banked Curve,M1,2026-06-30,/Users/jake/Developer/study/vault/212/M1/2026-06-30-M1-4/Lessons/Problem-6.md,Use $a_r=\frac{v^2}{r}$ for uniform circular motion.,212-M1-004,212-M1-004,Checking the Magnitude of Centripetal Acceleration,M1,2026-06-28,/Users/jake/Developer/study/vault/212/M1/2026-06-28-HW-1/Lessons/Problem-9.md,earlier,true,High,worked_move_equivalent,The lesson directly teaches and practices a-r equals v squared over r.,,,false,semantically-reviewed,false,,
P212-E0078,REQUIRES,P212-0155,212-M1-026,212-M1-026,Choosing a Free-Body Diagram for a Conical Pendulum,M1,2026-06-30,/Users/jake/Developer/study/vault/212/M1/2026-06-30-M1-4/Lessons/Problem-7.md,A free-body diagram shows forces acting on one object.,212-M1-021,212-M1-021,Choosing a Free-Body Diagram for an Icy Banked Curve,M1,2026-06-30,/Users/jake/Developer/study/vault/212/M1/2026-06-30-M1-4/Lessons/Problem-1.md,same-date,true,High,concept_equivalent,The lesson constructs a one-object free-body diagram using only real interactions.,1,0.3763,false,semantically-reviewed,false,,
P212-E0079,REQUIRES,P212-0158,212-M1-026,212-M1-026,Choosing a Free-Body Diagram for a Conical Pendulum,M1,2026-06-30,/Users/jake/Developer/study/vault/212/M1/2026-06-30-M1-4/Lessons/Problem-7.md,"For uniform circular motion, the acceleration points toward the center of the circle.",212-M1-049,212-M1-049,Testing Whether Circular-Motion Acceleration Is Perpendicular to the Radius,M1,2026-06-28,/Users/jake/Developer/study/vault/212/M1/2026-06-28-HW-1/Lessons/Problem-11.md,earlier,true,High,concept_equivalent,The lesson identifies the nonzero radial acceleration component as inward toward the center.,3,0.361,false,semantically-reviewed,false,,
P212-E0080,REQUIRES,P212-0159,212-M1-009,212-M1-009,Choosing the Net Force Direction for Speeding-Up Circular Motion,M1,2026-07-02,/Users/jake/Developer/study/vault/212/M1/2026-07-02-M1-5/Lessons/Problem-1.md,Know that net force points in the same direction as acceleration.,212-M1-011,212-M1-011,Finding the Net-Force Direction in Circular Motion,M1,2026-07-03,/Users/jake/Developer/study/vault/212/M1/2026-07-03-HW-2/Lessons/Problem-4.md,later,true,High,concept_equivalent,The lesson uses Newton's second law to make net force and acceleration share a direction.,1,0.4519,false,semantically-reviewed,false,,
P212-E0081,REQUIRES,P212-0160,212-M1-009,212-M1-009,Choosing the Net Force Direction for Speeding-Up Circular Motion,M1,2026-07-02,/Users/jake/Developer/study/vault/212/M1/2026-07-02-M1-5/Lessons/Problem-1.md,Know that circular motion has an inward radial component toward the center.,212-M1-055,212-M1-055,Finding Radial Acceleration From Inward Forces,M1,2026-07-02,/Users/jake/Developer/study/vault/212/M1/2026-07-02-M1-5/Lessons/Problem-3.md,same-date,true,High,concept_equivalent,The lesson defines the radial axis inward and isolates the inward radial acceleration.,1,0.3609,false,semantically-reviewed,false,,
P212-E0082,REQUIRES,P212-0161,212-M1-009,212-M1-009,Choosing the Net Force Direction for Speeding-Up Circular Motion,M1,2026-07-02,/Users/jake/Developer/study/vault/212/M1/2026-07-02-M1-5/Lessons/Problem-1.md,Know that speeding up means the tangential component points in the direction of motion.,212-M1-008,212-M1-008,Choosing the Acceleration Direction When Circular Motion Speeds Up,M1,2026-06-28,/Users/jake/Developer/study/vault/212/M1/2026-06-28-HW-1/Lessons/Problem-13.md,earlier,true,High,concept_equivalent,The lesson teaches that speeding up supplies a tangential component in the motion direction.,1,0.5224,false,semantically-reviewed,false,,
P212-E0083,REQUIRES,P212-0162,212-M1-054,212-M1-054,Choosing the Net Force Direction for Clockwise Speeding Up,M1,2026-07-02,/Users/jake/Developer/study/vault/212/M1/2026-07-02-M1-5/Lessons/Problem-2.md,Net force and acceleration point in the same direction because $\sum \vec{F}=m\vec{a}$.,212-M1-011,212-M1-011,Finding the Net-Force Direction in Circular Motion,M1,2026-07-03,/Users/jake/Developer/study/vault/212/M1/2026-07-03-HW-2/Lessons/Problem-4.md,later,true,High,concept_equivalent,The lesson explicitly uses F-net equals m a to equate the directions of force and acceleration.,1,0.3849,false,semantically-reviewed,true,CYCLE-004,3
P212-E0084,REQUIRES,P212-0163,212-M1-054,212-M1-054,Choosing the Net Force Direction for Clockwise Speeding Up,M1,2026-07-02,/Users/jake/Developer/study/vault/212/M1/2026-07-02-M1-5/Lessons/Problem-2.md,Motion around a circle has an inward radial acceleration component.,212-M1-055,212-M1-055,Finding Radial Acceleration From Inward Forces,M1,2026-07-02,/Users/jake/Developer/study/vault/212/M1/2026-07-02-M1-5/Lessons/Problem-3.md,same-date,true,High,concept_equivalent,The lesson teaches circular motion's radial acceleration component along the inward axis.,1,0.4384,false,semantically-reviewed,false,,
P212-E0085,REQUIRES,P212-0164,212-M1-054,212-M1-054,Choosing the Net Force Direction for Clockwise Speeding Up,M1,2026-07-02,/Users/jake/Developer/study/vault/212/M1/2026-07-02-M1-5/Lessons/Problem-2.md,The tangential direction is perpendicular to the radius at the particle's position.,212-M1-006,212-M1-006,Recognizing Tangential Velocity in Circular Motion,M1,2026-06-28,/Users/jake/Developer/study/vault/212/M1/2026-06-28-HW-1/Lessons/Problem-6.md,earlier,true,High,concept_equivalent,The lesson explicitly identifies the tangent as perpendicular to the radius at the object.,2,0.3006,false,semantically-reviewed,false,,
P212-E0086,REQUIRES,P212-0165,212-M1-054,212-M1-054,Choosing the Net Force Direction for Clockwise Speeding Up,M1,2026-07-02,/Users/jake/Developer/study/vault/212/M1/2026-07-02-M1-5/Lessons/Problem-2.md,"If an object is speeding up, its tangential acceleration points in the direction of motion.",212-M1-008,212-M1-008,Choosing the Acceleration Direction When Circular Motion Speeds Up,M1,2026-06-28,/Users/jake/Developer/study/vault/212/M1/2026-06-28-HW-1/Lessons/Problem-13.md,earlier,true,High,concept_equivalent,The lesson points tangential acceleration with velocity whenever the object speeds up.,1,0.5577,false,semantically-reviewed,true,CYCLE-004,3
P212-E0087,REQUIRES,P212-0169,212-M1-055,212-M1-055,Finding Radial Acceleration From Inward Forces,M1,2026-07-02,/Users/jake/Developer/study/vault/212/M1/2026-07-02-M1-5/Lessons/Problem-3.md,Keep acceleration units in $\mathrm{m}/\mathrm{s}^2$.,212-M1-066,212-M1-066,Converting Angular Acceleration to Tangential Acceleration,M1,2026-06-23,/Users/jake/Developer/study/vault/212/M1/2026-06-23-M1-00/Lessons/tangential-acceleration-from-angular-acceleration.md,earlier,true,High,worked_move_equivalent,The lesson calculates tangential acceleration and explicitly reports it in meters per second squared.,2,0.3691,false,semantically-reviewed,false,,
P212-E0088,REQUIRES,P212-0170,212-M1-056,212-M1-056,Finding Tangential Acceleration in a Vertical Circle,M1,2026-07-02,/Users/jake/Developer/study/vault/212/M1/2026-07-02-M1-5/Lessons/Problem-4.md,Resolve a force into components along perpendicular axes.,212-M1-022,212-M1-022,Finding the Speed for a Frictionless Banked Curve,M1,2026-06-30,/Users/jake/Developer/study/vault/212/M1/2026-06-30-M1-4/Lessons/Problem-4.md,earlier,true,High,worked_move_equivalent,The lesson resolves a tilted normal force along two perpendicular axes using sine and cosine.,7,0.2275,false,semantically-reviewed,true,CYCLE-006,8
P212-E0089,REQUIRES,P212-0172,212-M1-056,212-M1-056,Finding Tangential Acceleration in a Vertical Circle,M1,2026-07-02,/Users/jake/Developer/study/vault/212/M1/2026-07-02-M1-5/Lessons/Problem-4.md,Use sine and cosine for right-triangle components.,212-M1-022,212-M1-022,Finding the Speed for a Frictionless Banked Curve,M1,2026-06-30,/Users/jake/Developer/study/vault/212/M1/2026-06-30-M1-4/Lessons/Problem-4.md,earlier,true,High,worked_move_equivalent,The lesson teaches adjacent cosine and opposite sine components from a right triangle.,,,false,semantically-reviewed,true,CYCLE-006,8
P212-E0090,REQUIRES,P212-0174,212-M1-057,212-M1-057,Total Acceleration From Radial and Tangential Components,M1,2026-07-02,/Users/jake/Developer/study/vault/212/M1/2026-07-02-M1-5/Lessons/Problem-5.md,Use radial and tangential axes for circular motion.,212-M1-056,212-M1-056,Finding Tangential Acceleration in a Vertical Circle,M1,2026-07-02,/Users/jake/Developer/study/vault/212/M1/2026-07-02-M1-5/Lessons/Problem-4.md,same-date,true,High,worked_move_equivalent,The lesson explicitly sets inward radial and perpendicular tangential axes for vertical circular motion.,4,0.381,false,semantically-reviewed,true,CYCLE-006,8
P212-E0091,REQUIRES,P212-0175,212-M1-057,212-M1-057,Total Acceleration From Radial and Tangential Components,M1,2026-07-02,/Users/jake/Developer/study/vault/212/M1/2026-07-02-M1-5/Lessons/Problem-5.md,Resolve weight into $mg\cos\theta$ and $mg\sin\theta$ along chosen axes.,212-M1-056,212-M1-056,Finding Tangential Acceleration in a Vertical Circle,M1,2026-07-02,/Users/jake/Developer/study/vault/212/M1/2026-07-02-M1-5/Lessons/Problem-4.md,same-date,true,High,worked_move_equivalent,The lesson resolves gravity into radial and tangential sine-cosine components.,8,0.1576,false,semantically-reviewed,true,CYCLE-006,8
P212-E0092,REQUIRES,P212-0179,212-M1-058,212-M1-058,Release Height from a Vertical Circle,M1,2026-07-02,/Users/jake/Developer/study/vault/212/M1/2026-07-02-M1-5/Lessons/Problem-6.md,Use centripetal acceleration in the form $a_r=\dfrac{v^2}{L}$.,212-M1-004,212-M1-004,Checking the Magnitude of Centripetal Acceleration,M1,2026-06-28,/Users/jake/Developer/study/vault/212/M1/2026-06-28-HW-1/Lessons/Problem-9.md,earlier,true,High,worked_move_equivalent,The lesson teaches centripetal acceleration as speed squared divided by path radius.,2,0.3797,false,semantically-reviewed,false,,
P212-E0093,REQUIRES,P212-0182,212-M1-005,212-M1-005,Recognizing Uniform Circular Motion,M1,2026-07-03,/Users/jake/Developer/study/vault/212/M1/2026-07-03-HW-2/Lessons/Problem-1.md,Speed is the magnitude of velocity,212-M1-001,212-M1-001,Relating Tangential Speed to Angular Speed,M1,2026-06-28,/Users/jake/Developer/study/vault/212/M1/2026-06-28-HW-1/Lessons/Problem-8.md,earlier,true,High,concept_equivalent,The lesson explicitly calls the magnitude of velocity the object's speed.,5,0.3218,false,semantically-reviewed,false,,
P212-E0094,REQUIRES,P212-0183,212-M1-005,212-M1-005,Recognizing Uniform Circular Motion,M1,2026-07-03,/Users/jake/Developer/study/vault/212/M1/2026-07-03-HW-2/Lessons/Problem-1.md,A period is the time for one complete cycle,212-M1-039,212-M1-039,Putting Period in the Denominator for Rotating-Disk Speed,M1,2026-06-25,/Users/jake/Developer/study/vault/212/M1/2026-06-25-M1-2/Lessons/Problem-3.md,earlier,true,High,concept_equivalent,The lesson states that period is the time for one complete revolution.,4,0.3036,false,semantically-reviewed,false,,
P212-E0095,REQUIRES,P212-0190,212-M1-059,212-M1-059,Finding Centripetal Force From Radius and Period,M1,2026-07-03,/Users/jake/Developer/study/vault/212/M1/2026-07-03-HW-2/Lessons/Problem-3.md,Speed is distance divided by time,212-M1-038,212-M1-038,Deciding Where Distance Belongs in a Speed Formula,M1,2026-06-25,/Users/jake/Developer/study/vault/212/M1/2026-06-25-M1-2/Lessons/Problem-2.md,earlier,true,High,worked_move_equivalent,The lesson directly practices speed as distance divided by time.,8,0.2207,false,semantically-reviewed,false,,
P212-E0096,REQUIRES,P212-0191,212-M1-059,212-M1-059,Finding Centripetal Force From Radius and Period,M1,2026-07-03,/Users/jake/Developer/study/vault/212/M1/2026-07-03-HW-2/Lessons/Problem-3.md,Centripetal force magnitude: $F_c=\dfrac{mv^2}{r}$,212-M1-061,212-M1-061,Resolving Banked-Track Forces Along the Centripetal Direction,M1,2026-07-03,/Users/jake/Developer/study/vault/212/M1/2026-07-03-HW-2/Lessons/Problem-7.md,same-date,true,High,worked_move_equivalent,The lesson writes the inward net-force magnitude as m v squared over r.,2,0.3223,false,semantically-reviewed,false,,
P212-E0097,REQUIRES,P212-0192,212-M1-059,212-M1-059,Finding Centripetal Force From Radius and Period,M1,2026-07-03,/Users/jake/Developer/study/vault/212/M1/2026-07-03-HW-2/Lessons/Problem-3.md,Period $T$ means the time for one complete revolution,212-M1-039,212-M1-039,Putting Period in the Denominator for Rotating-Disk Speed,M1,2026-06-25,/Users/jake/Developer/study/vault/212/M1/2026-06-25-M1-2/Lessons/Problem-3.md,earlier,true,High,concept_equivalent,The lesson defines T as the time taken by one full revolution.,2,0.3011,false,semantically-reviewed,false,,
P212-E0098,REQUIRES,P212-0193,212-M1-011,212-M1-011,Finding the Net-Force Direction in Circular Motion,M1,2026-07-03,/Users/jake/Developer/study/vault/212/M1/2026-07-03-HW-2/Lessons/Problem-4.md,Know that uniform circular motion has centripetal acceleration directed toward the center of the circle.,212-M1-007,212-M1-007,Comparing Centripetal Acceleration with the Radius Vector,M1,2026-06-28,/Users/jake/Developer/study/vault/212/M1/2026-06-28-HW-1/Lessons/Problem-7.md,earlier,true,High,concept_equivalent,The lesson shows centripetal acceleration points opposite the outward radius and thus toward the center.,4,0.3078,false,semantically-reviewed,false,,
P212-E0099,REQUIRES,P212-0194,212-M1-011,212-M1-011,Finding the Net-Force Direction in Circular Motion,M1,2026-07-03,/Users/jake/Developer/study/vault/212/M1/2026-07-03-HW-2/Lessons/Problem-4.md,Know that net force points in the same direction as acceleration because $\sum \vec F=m\vec a$.,212-M1-054,212-M1-054,Choosing the Net Force Direction for Clockwise Speeding Up,M1,2026-07-02,/Users/jake/Developer/study/vault/212/M1/2026-07-02-M1-5/Lessons/Problem-2.md,earlier,true,High,concept_equivalent,The lesson explicitly invokes F-net equals m a to transfer acceleration direction to net force.,1,0.3865,false,semantically-reviewed,true,CYCLE-004,3
P212-E0100,REQUIRES,P212-0196,212-M1-028,212-M1-028,Deriving the Angle in a Conical Pendulum,M1,2026-07-03,/Users/jake/Developer/study/vault/212/M1/2026-07-03-HW-2/Lessons/Problem-5.md,Resolve a vector into horizontal and vertical components.,212-M1-060,212-M1-060,Writing the Vertical Force Equation on a Banked Track,M1,2026-07-03,/Users/jake/Developer/study/vault/212/M1/2026-07-03-HW-2/Lessons/Problem-6.md,same-date,true,High,worked_move_equivalent,The lesson resolves angled force vectors into horizontal and vertical components.,1,0.3437,false,semantically-reviewed,true,CYCLE-006,8
P212-E0101,REQUIRES,P212-0199,212-M1-060,212-M1-060,Writing the Vertical Force Equation on a Banked Track,M1,2026-07-03,/Users/jake/Developer/study/vault/212/M1/2026-07-03-HW-2/Lessons/Problem-6.md,Resolve a vector into horizontal and vertical components.,212-M1-028,212-M1-028,Deriving the Angle in a Conical Pendulum,M1,2026-07-03,/Users/jake/Developer/study/vault/212/M1/2026-07-03-HW-2/Lessons/Problem-5.md,same-date,true,High,worked_move_equivalent,The lesson builds horizontal radial and vertical component equations for tension.,4,0.2365,false,semantically-reviewed,true,CYCLE-006,8
P212-E0102,REQUIRES,P212-0200,212-M1-060,212-M1-060,Writing the Vertical Force Equation on a Banked Track,M1,2026-07-03,/Users/jake/Developer/study/vault/212/M1/2026-07-03-HW-2/Lessons/Problem-6.md,Use $\sin\theta$ for the component opposite $\theta$ and $\cos\theta$ for the component adjacent to $\theta$.,212-M1-028,212-M1-028,Deriving the Angle in a Conical Pendulum,M1,2026-07-03,/Users/jake/Developer/study/vault/212/M1/2026-07-03-HW-2/Lessons/Problem-5.md,same-date,true,High,worked_move_equivalent,The lesson chooses sine for the opposite component and cosine for the adjacent component.,1,0.3569,false,semantically-reviewed,true,CYCLE-006,8
P212-E0103,REQUIRES,P212-0202,212-M1-060,212-M1-060,Writing the Vertical Force Equation on a Banked Track,M1,2026-07-03,/Users/jake/Developer/study/vault/212/M1/2026-07-03-HW-2/Lessons/Problem-6.md,Recognize that circular motion on a level-height track has no vertical acceleration.,212-M1-012,212-M1-012,Free-Body Diagrams for Level Circular Motion,M1,2026-06-30,/Users/jake/Developer/study/vault/212/M1/2026-06-30-M1-4/Lessons/Problem-2.md,earlier,true,High,concept_equivalent,The lesson sets vertical acceleration to zero for a level circular track and balances N with mg.,1,0.3352,false,semantically-reviewed,true,CYCLE-006,8
P212-E0104,REQUIRES,P212-0203,212-M1-061,212-M1-061,Resolving Banked-Track Forces Along the Centripetal Direction,M1,2026-07-03,/Users/jake/Developer/study/vault/212/M1/2026-07-03-HW-2/Lessons/Problem-7.md,Use $a_c=\dfrac{v^2}{r}$ for constant-speed circular motion.,212-M1-003,212-M1-003,Ranking Radial Accelerations,M1,2026-06-25,/Users/jake/Developer/study/vault/212/M1/2026-06-25-M1-2/Lessons/Problem-6.md,earlier,true,High,worked_move_equivalent,The lesson directly calculates circular acceleration with v squared over r.,,,false,semantically-reviewed,false,,
P212-E0105,REQUIRES,P212-0204,212-M1-061,212-M1-061,Resolving Banked-Track Forces Along the Centripetal Direction,M1,2026-07-03,/Users/jake/Developer/study/vault/212/M1/2026-07-03-HW-2/Lessons/Problem-7.md,Resolve a tilted vector into perpendicular components using sine and cosine.,212-M1-060,212-M1-060,Writing the Vertical Force Equation on a Banked Track,M1,2026-07-03,/Users/jake/Developer/study/vault/212/M1/2026-07-03-HW-2/Lessons/Problem-6.md,same-date,true,High,worked_move_equivalent,The lesson resolves tilted forces into perpendicular sine-cosine components.,1,0.3211,false,semantically-reviewed,false,,
P212-E0106,REQUIRES,P212-0206,212-M1-062,212-M1-062,Finding Uphill Friction on a Banked Curve,M1,2026-07-03,/Users/jake/Developer/study/vault/212/M1/2026-07-03-HW-2/Lessons/Problem-8.md,Resolve a force into components parallel to vertical and radial directions.,212-M1-060,212-M1-060,Writing the Vertical Force Equation on a Banked Track,M1,2026-07-03,/Users/jake/Developer/study/vault/212/M1/2026-07-03-HW-2/Lessons/Problem-6.md,same-date,true,High,worked_move_equivalent,The lesson explicitly resolves contact forces along vertical and radial axes.,2,0.3636,false,semantically-reviewed,false,,
P212-E0107,REQUIRES,P212-0207,212-M1-062,212-M1-062,Finding Uphill Friction on a Banked Curve,M1,2026-07-03,/Users/jake/Developer/study/vault/212/M1/2026-07-03-HW-2/Lessons/Problem-8.md,Use $a_r=\dfrac{v^2}{r}$ for uniform circular motion.,212-M1-003,212-M1-003,Ranking Radial Accelerations,M1,2026-06-25,/Users/jake/Developer/study/vault/212/M1/2026-06-25-M1-2/Lessons/Problem-6.md,earlier,true,High,worked_move_equivalent,The lesson teaches and practices a-r equals v squared over r for circular motion.,,,false,semantically-reviewed,false,,
P212-E0108,REQUIRES,P212-0209,212-M1-025,212-M1-025,Deciding True Statements About Static Friction on a Banked Turn,M1,2026-07-03,/Users/jake/Developer/study/vault/212/M1/2026-07-03-HW-2/Lessons/Problem-9.md,Use $a_c=\dfrac{v^2}{r}$ for circular motion.,212-M1-003,212-M1-003,Ranking Radial Accelerations,M1,2026-06-25,/Users/jake/Developer/study/vault/212/M1/2026-06-25-M1-2/Lessons/Problem-6.md,earlier,true,High,worked_move_equivalent,The lesson computes centripetal acceleration from speed and radius in multiple examples.,,,false,semantically-reviewed,false,,
P212-E0109,REQUIRES,P212-0210,212-M1-025,212-M1-025,Deciding True Statements About Static Friction on a Banked Turn,M1,2026-07-03,/Users/jake/Developer/study/vault/212/M1/2026-07-03-HW-2/Lessons/Problem-9.md,Resolve forces on a banked track into vertical and inward components.,212-M1-061,212-M1-061,Resolving Banked-Track Forces Along the Centripetal Direction,M1,2026-07-03,/Users/jake/Developer/study/vault/212/M1/2026-07-03-HW-2/Lessons/Problem-7.md,same-date,true,High,worked_move_equivalent,The lesson resolves banked-track forces into vertical and inward components with signed axes.,1,0.5659,false,semantically-reviewed,false,,
P212-E0110,REQUIRES,P212-0212,212-M1-025,212-M1-025,Deciding True Statements About Static Friction on a Banked Turn,M1,2026-07-03,/Users/jake/Developer/study/vault/212/M1/2026-07-03-HW-2/Lessons/Problem-9.md,Know that static friction has a maximum possible magnitude.,212-M1-024,212-M1-024,Maximum Speed on a Frictional Banked Curve,M1,2026-06-30,/Users/jake/Developer/study/vault/212/M1/2026-06-30-M1-4/Lessons/Problem-6.md,earlier,true,High,concept_equivalent,The lesson uses the limiting maximum static-friction magnitude at impending slide.,2,0.2839,false,semantically-reviewed,false,,
P212-E0111,REQUIRES,P212-0213,212-M1-063,212-M1-063,Testing Loop-the-Loop Statements,M1,2026-07-03,/Users/jake/Developer/study/vault/212/M1/2026-07-03-HW-2/Lessons/Problem-10.md,Use $a_c=\dfrac{v^2}{R}$ for circular motion of radius $R$.,212-M1-003,212-M1-003,Ranking Radial Accelerations,M1,2026-06-25,/Users/jake/Developer/study/vault/212/M1/2026-06-25-M1-2/Lessons/Problem-6.md,earlier,true,High,worked_move_equivalent,The lesson's central calculation is a-c equals v squared over radius.,2,0.4169,false,semantically-reviewed,false,,
P212-E0112,REQUIRES,P212-0214,212-M1-063,212-M1-063,Testing Loop-the-Loop Statements,M1,2026-07-03,/Users/jake/Developer/study/vault/212/M1/2026-07-03-HW-2/Lessons/Problem-10.md,Read a radial force equation in the inward direction.,212-M1-055,212-M1-055,Finding Radial Acceleration From Inward Forces,M1,2026-07-02,/Users/jake/Developer/study/vault/212/M1/2026-07-02-M1-5/Lessons/Problem-3.md,earlier,true,High,worked_move_equivalent,The lesson chooses inward positive and writes a signed radial force equation.,1,0.5017,false,semantically-reviewed,false,,
P212-E0113,REQUIRES,P212-0216,212-M1-063,212-M1-063,Testing Loop-the-Loop Statements,M1,2026-07-03,/Users/jake/Developer/study/vault/212/M1/2026-07-03-HW-2/Lessons/Problem-10.md,Uniform circular motion means circular motion at constant speed.,212-M1-005,212-M1-005,Recognizing Uniform Circular Motion,M1,2026-07-03,/Users/jake/Developer/study/vault/212/M1/2026-07-03-HW-2/Lessons/Problem-1.md,same-date,true,High,title_exact,The lesson defines uniform circular motion as circular motion at constant speed.,2,0.4484,false,semantically-reviewed,false,,
P212-E0114,REQUIRES,P212-0217,212-M1-029,212-M1-029,Finding the Minimum Entry Speed for a Loop-the-Loop,M1,2026-07-03,/Users/jake/Developer/study/vault/212/M1/2026-07-03-HW-2/Lessons/Problem-11.md,Use $a_c=\dfrac{v^2}{r}$ for circular motion of radius $r$.,212-M1-003,212-M1-003,Ranking Radial Accelerations,M1,2026-06-25,/Users/jake/Developer/study/vault/212/M1/2026-06-25-M1-2/Lessons/Problem-6.md,earlier,true,High,worked_move_equivalent,The lesson computes radial acceleration as v squared divided by r.,2,0.4169,false,semantically-reviewed,false,,
P212-E0115,REQUIRES,P212-0218,212-M1-029,212-M1-029,Finding the Minimum Entry Speed for a Loop-the-Loop,M1,2026-07-03,/Users/jake/Developer/study/vault/212/M1/2026-07-03-HW-2/Lessons/Problem-11.md,Write a radial force equation with inward as the positive direction.,212-M1-055,212-M1-055,Finding Radial Acceleration From Inward Forces,M1,2026-07-02,/Users/jake/Developer/study/vault/212/M1/2026-07-02-M1-5/Lessons/Problem-3.md,earlier,true,High,worked_move_equivalent,The lesson teaches an inward-positive radial force equation before substitution.,1,0.4668,false,semantically-reviewed,false,,
P212-E0116,REQUIRES,P212-0220,212-M1-029,212-M1-029,Finding the Minimum Entry Speed for a Loop-the-Loop,M1,2026-07-03,/Users/jake/Developer/study/vault/212/M1/2026-07-03-HW-2/Lessons/Problem-11.md,Recognize that the top of a loop is $2r$ higher than the bottom.,212-M1-063,212-M1-063,Testing Loop-the-Loop Statements,M1,2026-07-03,/Users/jake/Developer/study/vault/212/M1/2026-07-03-HW-2/Lessons/Problem-10.md,same-date,true,High,concept_equivalent,The lesson's energy example explicitly uses a top-to-bottom height difference of two radii.,1,0.3503,false,semantically-reviewed,false,,
P212-E0117,REQUIRES,P212-0221,212-M1-020,212-M1-020,Recognizing Contact Loss on a Curved Surface,M1,2026-07-03,/Users/jake/Developer/study/vault/212/M1/2026-07-03-HW-2/Lessons/Problem-12.md,Use $a_r=\dfrac{v^2}{r}$ for motion along a circular path of radius $r$.,212-M1-003,212-M1-003,Ranking Radial Accelerations,M1,2026-06-25,/Users/jake/Developer/study/vault/212/M1/2026-06-25-M1-2/Lessons/Problem-6.md,earlier,true,High,worked_move_equivalent,The lesson directly teaches radial acceleration v squared over path radius.,5,0.3035,false,semantically-reviewed,false,,
P212-E0118,REQUIRES,P212-0223,212-M1-020,212-M1-020,Recognizing Contact Loss on a Curved Surface,M1,2026-07-03,/Users/jake/Developer/study/vault/212/M1/2026-07-03-HW-2/Lessons/Problem-12.md,Separate radial acceleration from tangential acceleration.,212-M1-057,212-M1-057,Total Acceleration From Radial and Tangential Components,M1,2026-07-02,/Users/jake/Developer/study/vault/212/M1/2026-07-02-M1-5/Lessons/Problem-5.md,earlier,true,High,title_exact,The lesson separates radial and tangential acceleration and recombines their perpendicular magnitudes.,3,0.5703,false,semantically-reviewed,true,CYCLE-006,8
P212-E0119,REQUIRES,P212-0224,212-M1-020,212-M1-020,Recognizing Contact Loss on a Curved Surface,M1,2026-07-03,/Users/jake/Developer/study/vault/212/M1/2026-07-03-HW-2/Lessons/Problem-12.md,Know that uniform circular motion means circular motion at constant speed.,212-M1-005,212-M1-005,Recognizing Uniform Circular Motion,M1,2026-07-03,/Users/jake/Developer/study/vault/212/M1/2026-07-03-HW-2/Lessons/Problem-1.md,same-date,true,High,concept_equivalent,The lesson explicitly defines uniform circular motion by a circular path and constant speed.,2,0.4446,false,semantically-reviewed,false,,
P212-E0120,REQUIRES,P212-0225,212-M1-030,212-M1-030,Finding the Critical Angle Where a Slider Leaves a Sphere,M1,2026-07-03,/Users/jake/Developer/study/vault/212/M1/2026-07-03-HW-2/Lessons/Problem-13.md,Use $a_r=\dfrac{v^2}{r}$ for circular motion along a path of radius $r$.,212-M1-003,212-M1-003,Ranking Radial Accelerations,M1,2026-06-25,/Users/jake/Developer/study/vault/212/M1/2026-06-25-M1-2/Lessons/Problem-6.md,earlier,true,High,worked_move_equivalent,The lesson practices radial acceleration as v squared divided by r.,5,0.3035,false,semantically-reviewed,false,,
P212-E0121,REQUIRES,P212-0226,212-M1-030,212-M1-030,Finding the Critical Angle Where a Slider Leaves a Sphere,M1,2026-07-03,/Users/jake/Developer/study/vault/212/M1/2026-07-03-HW-2/Lessons/Problem-13.md,Resolve weight into a radial component when an angle is measured from the vertical.,212-M1-056,212-M1-056,Finding Tangential Acceleration in a Vertical Circle,M1,2026-07-02,/Users/jake/Developer/study/vault/212/M1/2026-07-02-M1-5/Lessons/Problem-4.md,earlier,true,High,worked_move_equivalent,The lesson resolves weight onto the local radial and tangential directions of a vertical circle.,3,0.3923,false,semantically-reviewed,false,,
P212-E0122,REQUIRES,P212-0230,212-M1-064,212-M1-064,Comparing Centripetal Acceleration At Fixed Speed,M1,2026-07-05,/Users/jake/Developer/study/vault/212/M1/2026-07-05-PQ-1/Lessons/Problem-1.md,Know that acceleration means a change in velocity.,PATH:M1/2026-07-06-Q-1/Lessons/Problem-1.md,,Acceleration in Constant-Speed Circular Motion,M1,2026-07-06,/Users/jake/Developer/study/vault/212/M1/2026-07-06-Q-1/Lessons/Problem-1.md,later,true,High,concept_equivalent,The lesson explains acceleration as change in velocity even when only velocity direction changes.,1,0.3751,false,semantically-reviewed,false,,
P212-E0123,REQUIRES,P212-0232,212-M1-010,212-M1-010,Reading Net Force Arrows for Circular Motion,M1,2026-07-05,/Users/jake/Developer/study/vault/212/M1/2026-07-05-PQ-1/Lessons/Problem-2.md,Recognize that a particle moving in a circle has an inward centripetal acceleration.,212-M1-064,212-M1-064,Comparing Centripetal Acceleration At Fixed Speed,M1,2026-07-05,/Users/jake/Developer/study/vault/212/M1/2026-07-05-PQ-1/Lessons/Problem-1.md,same-date,true,High,concept_equivalent,The lesson teaches that constant-speed circular motion has inward centripetal acceleration.,1,0.3405,false,semantically-reviewed,false,,
P212-E0124,REQUIRES,P212-0233,212-M1-010,212-M1-010,Reading Net Force Arrows for Circular Motion,M1,2026-07-05,/Users/jake/Developer/study/vault/212/M1/2026-07-05-PQ-1/Lessons/Problem-2.md,Identify the tangent direction at a point on a circle.,212-M1-006,212-M1-006,Recognizing Tangential Velocity in Circular Motion,M1,2026-06-28,/Users/jake/Developer/study/vault/212/M1/2026-06-28-HW-1/Lessons/Problem-6.md,earlier,true,High,concept_equivalent,The lesson identifies and practices the tangent direction at points on a circle.,1,0.3566,false,semantically-reviewed,false,,
P212-E0125,REQUIRES,P212-0234,212-M1-010,212-M1-010,Reading Net Force Arrows for Circular Motion,M1,2026-07-05,/Users/jake/Developer/study/vault/212/M1/2026-07-05-PQ-1/Lessons/Problem-2.md,"Know that a net force component in the direction of motion speeds an object up, while a component opposite the motion slows it down.",212-M1-009,212-M1-009,Choosing the Net Force Direction for Speeding-Up Circular Motion,M1,2026-07-02,/Users/jake/Developer/study/vault/212/M1/2026-07-02-M1-5/Lessons/Problem-1.md,earlier,true,High,concept_equivalent,The lesson uses the forward tangential force component for speeding up and contrasts slowing down.,2,0.4451,false,semantically-reviewed,false,,
P212-E0126,REQUIRES,P212-0236,212-M1-019,212-M1-019,Comparing Normal Force and Weight at the Top of a Hill,M1,2026-07-05,/Users/jake/Developer/study/vault/212/M1/2026-07-05-PQ-1/Lessons/Problem-3.md,A normal force is perpendicular to the contact surface.,212-M1-020,212-M1-020,Recognizing Contact Loss on a Curved Surface,M1,2026-07-03,/Users/jake/Developer/study/vault/212/M1/2026-07-03-HW-2/Lessons/Problem-12.md,earlier,true,High,concept_equivalent,The lesson states that the surface normal acts perpendicular to the contact surface.,1,0.449,false,semantically-reviewed,false,,
P212-E0127,REQUIRES,P212-0237,212-M1-019,212-M1-019,Comparing Normal Force and Weight at the Top of a Hill,M1,2026-07-05,/Users/jake/Developer/study/vault/212/M1/2026-07-05-PQ-1/Lessons/Problem-3.md,"For circular motion, the radial acceleration points toward the center of the circle.",212-M1-011,212-M1-011,Finding the Net-Force Direction in Circular Motion,M1,2026-07-03,/Users/jake/Developer/study/vault/212/M1/2026-07-03-HW-2/Lessons/Problem-4.md,earlier,true,High,concept_equivalent,The lesson points centripetal acceleration from the object toward the center.,1,0.4068,false,semantically-reviewed,false,,
P212-E0128,REQUIRES,P212-0238,212-M1-019,212-M1-019,Comparing Normal Force and Weight at the Top of a Hill,M1,2026-07-05,/Users/jake/Developer/study/vault/212/M1/2026-07-05-PQ-1/Lessons/Problem-3.md,The net force points in the same direction as the acceleration.,212-M1-011,212-M1-011,Finding the Net-Force Direction in Circular Motion,M1,2026-07-03,/Users/jake/Developer/study/vault/212/M1/2026-07-03-HW-2/Lessons/Problem-4.md,earlier,true,High,concept_equivalent,The lesson applies Newton's second law to give net force the acceleration direction.,1,0.4826,false,semantically-reviewed,false,,
P212-E0129,REQUIRES,P212-0240,212-M1-015,212-M1-015,Finding the Minimum Period Before a Coin Slips,M1,2026-07-05,/Users/jake/Developer/study/vault/212/M1/2026-07-05-PQ-1/Lessons/Problem-4.md,Know that circular motion needs inward radial acceleration $a_r=v^2/r$.,212-M1-055,212-M1-055,Finding Radial Acceleration From Inward Forces,M1,2026-07-02,/Users/jake/Developer/study/vault/212/M1/2026-07-02-M1-5/Lessons/Problem-3.md,earlier,true,High,worked_move_equivalent,The lesson uses inward radial acceleration and an inward-positive force equation for circular motion.,1,0.4688,false,semantically-reviewed,false,,
P212-E0130,REQUIRES,P212-0242,212-M1-015,212-M1-015,Finding the Minimum Period Before a Coin Slips,M1,2026-07-05,/Users/jake/Developer/study/vault/212/M1/2026-07-05-PQ-1/Lessons/Problem-4.md,Know that period and speed are related by $v=2\pi r/T$.,212-M1-039,212-M1-039,Putting Period in the Denominator for Rotating-Disk Speed,M1,2026-06-25,/Users/jake/Developer/study/vault/212/M1/2026-06-25-M1-2/Lessons/Problem-3.md,earlier,true,High,worked_move_equivalent,The lesson derives angular speed two pi over T and connects period to tangential speed.,1,0.3601,false,semantically-reviewed,false,,
P212-E0131,REQUIRES,P212-0244,212-M1-065,212-M1-065,Bead on a Frictionless Cone,M1,2026-07-05,/Users/jake/Developer/study/vault/212/M1/2026-07-05-PQ-1/Lessons/Problem-5.md,Draw a free-body diagram using only real forces.,212-M1-026,212-M1-026,Choosing a Free-Body Diagram for a Conical Pendulum,M1,2026-06-30,/Users/jake/Developer/study/vault/212/M1/2026-06-30-M1-4/Lessons/Problem-7.md,earlier,true,High,worked_move_equivalent,The lesson builds a free-body diagram from only real interactions and rejects centripetal force as an extra arrow.,1,0.5286,false,semantically-reviewed,false,,
P212-E0132,REQUIRES,P212-0245,212-M1-065,212-M1-065,Bead on a Frictionless Cone,M1,2026-07-05,/Users/jake/Developer/study/vault/212/M1/2026-07-05-PQ-1/Lessons/Problem-5.md,Resolve an angled force into components.,212-M1-060,212-M1-060,Writing the Vertical Force Equation on a Banked Track,M1,2026-07-03,/Users/jake/Developer/study/vault/212/M1/2026-07-03-HW-2/Lessons/Problem-6.md,earlier,true,High,worked_move_equivalent,The lesson resolves each angled contact force into orthogonal components.,3,0.3357,false,semantically-reviewed,false,,
P212-E0133,REQUIRES,P212-0246,212-M1-065,212-M1-065,Bead on a Frictionless Cone,M1,2026-07-05,/Users/jake/Developer/study/vault/212/M1/2026-07-05-PQ-1/Lessons/Problem-5.md,Use $\sum F_r = mv^2/r$ for uniform circular motion.,212-M1-061,212-M1-061,Resolving Banked-Track Forces Along the Centripetal Direction,M1,2026-07-03,/Users/jake/Developer/study/vault/212/M1/2026-07-03-HW-2/Lessons/Problem-7.md,earlier,true,High,worked_move_equivalent,The lesson writes the radial force sum exactly as m v squared over r.,,,false,semantically-reviewed,false,,
P212-E0134,REQUIRES,P212-0247,212-M1-065,212-M1-065,Bead on a Frictionless Cone,M1,2026-07-05,/Users/jake/Developer/study/vault/212/M1/2026-07-05-PQ-1/Lessons/Problem-5.md,Use $T = 2\pi r/v$ for one circular orbit.,212-M1-059,212-M1-059,Finding Centripetal Force From Radius and Period,M1,2026-07-03,/Users/jake/Developer/study/vault/212/M1/2026-07-03-HW-2/Lessons/Problem-3.md,earlier,true,High,worked_move_equivalent,The lesson derives v equals two pi r over T for one orbit and supports solving it for T.,,,false,semantically-reviewed,false,,
P212-E0135,REQUIRES,P212-0249,PATH:M1/2026-07-06-Q-1/Lessons/Problem-1.md,,Acceleration in Constant-Speed Circular Motion,M1,2026-07-06,/Users/jake/Developer/study/vault/212/M1/2026-07-06-Q-1/Lessons/Problem-1.md,Recognize the radius from an object to the center of a circle.,212-M1-007,212-M1-007,Comparing Centripetal Acceleration with the Radius Vector,M1,2026-06-28,/Users/jake/Developer/study/vault/212/M1/2026-06-28-HW-1/Lessons/Problem-7.md,earlier,true,High,concept_equivalent,The lesson explicitly teaches the radius vector with its tail at the center and head at the object.,3,0.2572,false,semantically-reviewed,false,,
P212-E0136,REQUIRES,P212-0250,PATH:M1/2026-07-06-Q-1/Lessons/Problem-1.md,,Acceleration in Constant-Speed Circular Motion,M1,2026-07-06,/Users/jake/Developer/study/vault/212/M1/2026-07-06-Q-1/Lessons/Problem-1.md,Recognize the tangent direction at a point on a circle.,212-M1-006,212-M1-006,Recognizing Tangential Velocity in Circular Motion,M1,2026-06-28,/Users/jake/Developer/study/vault/212/M1/2026-06-28-HW-1/Lessons/Problem-6.md,earlier,true,High,concept_equivalent,The lesson identifies tangent direction from the object's location and sense of rotation.,1,0.3668,false,semantically-reviewed,false,,
P212-E0137,REQUIRES,P212-0252,PATH:M1/2026-07-06-Q-1/Lessons/Problem-2.md,,Choosing the Net-Force Vector in Constant-Speed Circular Motion,M1,2026-07-06,/Users/jake/Developer/study/vault/212/M1/2026-07-06-Q-1/Lessons/Problem-2.md,Distinguish an object's speed from the direction of its velocity.,212-M1-048,212-M1-048,Identifying Velocity Direction in Non-Uniform Circular Motion,M1,2026-06-28,/Users/jake/Developer/study/vault/212/M1/2026-06-28-HW-1/Lessons/Problem-10.md,earlier,true,High,concept_equivalent,The lesson distinguishes velocity direction along the tangent from speed as its changing magnitude.,2,0.3075,false,semantically-reviewed,false,,
P212-E0138,REQUIRES,P212-0256,PATH:M1/2026-07-06-Q-1/Lessons/Problem-3.md,,Choosing a Free-Body Diagram for a Rotating Bead,M1,2026-07-06,/Users/jake/Developer/study/vault/212/M1/2026-07-06-Q-1/Lessons/Problem-3.md,Recognize that constant-speed circular motion has inward acceleration $v^2/r$.,PATH:M1/2026-07-06-Q-1/Lessons/Problem-1.md,,Acceleration in Constant-Speed Circular Motion,M1,2026-07-06,/Users/jake/Developer/study/vault/212/M1/2026-07-06-Q-1/Lessons/Problem-1.md,same-date,true,High,worked_move_equivalent,The lesson directly teaches inward acceleration v squared over r at constant speed.,1,0.6155,false,semantically-reviewed,false,,
P212-E0139,REQUIRES,P212-0257,PATH:M1/2026-07-06-Q-1/Lessons/Problem-3.md,,Choosing a Free-Body Diagram for a Rotating Bead,M1,2026-07-06,/Users/jake/Developer/study/vault/212/M1/2026-07-06-Q-1/Lessons/Problem-3.md,Resolve a vector into horizontal and vertical components.,212-M1-060,212-M1-060,Writing the Vertical Force Equation on a Banked Track,M1,2026-07-03,/Users/jake/Developer/study/vault/212/M1/2026-07-03-HW-2/Lessons/Problem-6.md,earlier,true,High,worked_move_equivalent,The lesson resolves force vectors into horizontal and vertical components.,1,0.3567,false,semantically-reviewed,false,,
P212-E0140,REQUIRES,P212-0258,PATH:M1/2026-07-06-Q-1/Lessons/Problem-4.md,,Resolving Vertical-Circle Motion with r-t Axes,M1,2026-07-06,/Users/jake/Developer/study/vault/212/M1/2026-07-06-Q-1/Lessons/Problem-4.md,Resolve a vector into components with sine and cosine.,212-M1-060,212-M1-060,Writing the Vertical Force Equation on a Banked Track,M1,2026-07-03,/Users/jake/Developer/study/vault/212/M1/2026-07-03-HW-2/Lessons/Problem-6.md,earlier,true,High,worked_move_equivalent,The lesson chooses sine and cosine to resolve vectors onto perpendicular axes.,1,0.3806,false,semantically-reviewed,false,,
P212-E0141,REQUIRES,P212-0260,PATH:M1/2026-07-06-Q-1/Lessons/Problem-4.md,,Resolving Vertical-Circle Motion with r-t Axes,M1,2026-07-06,/Users/jake/Developer/study/vault/212/M1/2026-07-06-Q-1/Lessons/Problem-4.md,Use $a_r=v^2/L=\omega^2L$ for motion along a circle of radius $L$.,212-M1-004,212-M1-004,Checking the Magnitude of Centripetal Acceleration,M1,2026-06-28,/Users/jake/Developer/study/vault/212/M1/2026-06-28-HW-1/Lessons/Problem-9.md,earlier,true,High,worked_move_equivalent,The lesson derives and practices a-r equals v squared over r equals omega squared r.,,,false,semantically-reviewed,false,,
P212-E0142,REQUIRES,P212-0265,212-M2-001,212-M2-001,Finding the Center of Mass of Two Point Masses,M2,2026-07-07,/Users/jake/Developer/study/vault/212/M2/2026-07-07-M2-1/Lessons/Problem-1.md,Multiply each mass by its position.,212-M2-002,212-M2-002,Center of Mass of Two Point Masses,M2,2026-07-07,/Users/jake/Developer/study/vault/212/M2/2026-07-07-M2-1/Lessons/Problem-2.md,same-date,true,High,worked_move_equivalent,The lesson constructs the center-of-mass numerator by pairing each mass with its position.,7,0.2058,false,semantically-reviewed,false,,
P212-E0143,REQUIRES,P212-0278,212-M2-004,212-M2-004,Finding the Center of Mass of Joined Cubes,M2,2026-07-07,/Users/jake/Developer/study/vault/212/M2/2026-07-07-M2-1/Lessons/Problem-4.md,Compute and simplify a mass-weighted average.,212-M2-002,212-M2-002,Center of Mass of Two Point Masses,M2,2026-07-07,/Users/jake/Developer/study/vault/212/M2/2026-07-07-M2-1/Lessons/Problem-2.md,same-date,true,High,worked_move_equivalent,The lesson teaches and practices the mass-weighted average of two positions.,1,0.3954,false,semantically-reviewed,false,,
P212-E0144,REQUIRES,P212-0283,212-M2-006,212-M2-006,Finding a Linear-Density Coefficient From Total Mass,M2,2026-07-07,/Users/jake/Developer/study/vault/212/M2/2026-07-07-M2-1/Lessons/Problem-6.md,Interpret linear density as mass per unit length.,212-M2-020,212-M2-020,Center of Mass from a Linear Density,M2,2026-07-12,/Users/jake/Developer/study/vault/212/M2/2026-07-12-HW-3/Lessons/Problem-4.md,later,true,Medium,concept_equivalent,The lesson interprets a position-dependent linear density as the mass weighting along a rod.,1,0.4175,false,semantically-reviewed,true,CYCLE-007,3
P212-E0145,REQUIRES,P212-0285,212-M2-006,212-M2-006,Finding a Linear-Density Coefficient From Total Mass,M2,2026-07-07,/Users/jake/Developer/study/vault/212/M2/2026-07-07-M2-1/Lessons/Problem-6.md,Evaluate a definite integral from $0$ to the rod length.,212-M2-008,212-M2-008,Center of Mass of a Rod With Linearly Increasing Density,M2,2026-07-08,/Users/jake/Developer/study/vault/212/M2/2026-07-08-M2-2/Lessons/Problem-2.md,later,true,High,worked_move_equivalent,The lesson builds and evaluates definite mass and first-moment integrals on zero to L.,1,0.3395,false,semantically-reviewed,true,CYCLE-007,3
P212-E0146,REQUIRES,P212-0291,212-M2-008,212-M2-008,Center of Mass of a Rod With Linearly Increasing Density,M2,2026-07-08,/Users/jake/Developer/study/vault/212/M2/2026-07-08-M2-2/Lessons/Problem-2.md,"Interpret linear density through $dm=\lambda(x)\,dx$.",212-M2-006,212-M2-006,Finding a Linear-Density Coefficient From Total Mass,M2,2026-07-07,/Users/jake/Developer/study/vault/212/M2/2026-07-07-M2-1/Lessons/Problem-6.md,earlier,true,High,concept_equivalent,The lesson explicitly turns a thin segment into dM equals lambda of x dx.,1,0.3369,false,semantically-reviewed,true,CYCLE-007,3
P212-E0147,REQUIRES,P212-0296,212-M2-009,212-M2-009,Eliminating a Density Constant in a Rod-Inertia Integral,M2,2026-07-08,/Users/jake/Developer/study/vault/212/M2/2026-07-08-M2-2/Lessons/Problem-3.md,"Use $dm=\lambda(x)\,dx$ for a linear mass density.",212-M2-006,212-M2-006,Finding a Linear-Density Coefficient From Total Mass,M2,2026-07-07,/Users/jake/Developer/study/vault/212/M2/2026-07-07-M2-1/Lessons/Problem-6.md,earlier,true,High,worked_move_equivalent,The lesson uses dM equals lambda dx to accumulate a rod's total mass.,2,0.4059,false,semantically-reviewed,false,,
P212-E0148,REQUIRES,P212-0297,212-M2-009,212-M2-009,Eliminating a Density Constant in a Rod-Inertia Integral,M2,2026-07-08,/Users/jake/Developer/study/vault/212/M2/2026-07-08-M2-2/Lessons/Problem-3.md,"Use $I=\int x^2\,dm$ for moment of inertia about the origin.",212-M2-021,212-M2-021,Calculating a Rod's Moment of Inertia from Linear Density,M2,2026-07-12,/Users/jake/Developer/study/vault/212/M2/2026-07-12-HW-3/Lessons/Problem-5.md,later,true,High,worked_move_equivalent,The lesson constructs I as the integral of x squared lambda dx about an origin axis.,1,0.3145,false,semantically-reviewed,false,,
P212-E0149,REQUIRES,P212-0298,212-M2-010,212-M2-010,Moment of Inertia About an Off-Center Rod Pivot,M2,2026-07-08,/Users/jake/Developer/study/vault/212/M2/2026-07-08-M2-2/Lessons/Problem-4.md,Locate the midpoint of a uniform rod at $L/2$ from either end.,212-M2-042,212-M2-042,Balancing a Rod and Sphere About a Support,M2,2026-07-15,/Users/jake/Developer/study/vault/212/M2/2026-07-15-HW-4/Lessons/Problem-6.md,later,true,High,concept_equivalent,The lesson places a uniform rod's center of mass and weight at L over two.,4,0.2341,false,semantically-reviewed,true,CYCLE-009,3
P212-E0150,REQUIRES,P212-0300,212-M2-010,212-M2-010,Moment of Inertia About an Off-Center Rod Pivot,M2,2026-07-08,/Users/jake/Developer/study/vault/212/M2/2026-07-08-M2-2/Lessons/Problem-4.md,Square a fraction.,212-M2-024,212-M2-024,Mass Removed from a Uniform Disk,M2,2026-07-12,/Users/jake/Developer/study/vault/212/M2/2026-07-12-HW-3/Lessons/Problem-8.md,later,true,High,worked_move_equivalent,The lesson squares radius fractions and practices turning them into area and mass fractions.,2,0.2943,false,semantically-reviewed,false,,
P212-E0151,REQUIRES,P212-0301,212-M2-010,212-M2-010,Moment of Inertia About an Off-Center Rod Pivot,M2,2026-07-08,/Users/jake/Developer/study/vault/212/M2/2026-07-08-M2-2/Lessons/Problem-4.md,"Use the center-of-mass moment of inertia of a uniform thin rod, $I_{\mathrm{cm}}=\frac{1}{12}mL^2$.",212-M2-045,212-M2-045,Moment of Inertia of a Rod–Ball Composite,M2,2026-07-15,/Users/jake/Developer/study/vault/212/M2/2026-07-15-HW-4/Lessons/Problem-9.md,later,true,High,worked_move_equivalent,The lesson explicitly uses the uniform-rod center-axis inertia one twelfth m L squared.,7,0.3169,false,semantically-reviewed,true,CYCLE-009,3
P212-E0152,REQUIRES,P212-0303,212-M2-011,212-M2-011,Comparing Torque Magnitudes From a Diagram,M2,2026-07-09,/Users/jake/Developer/study/vault/212/M2/2026-07-09-M2-3/Lessons/Problem-1.md,Recognize the angle between two vectors.,212-M2-013,212-M2-013,Finding Torque from a Force at an Angle,M2,2026-07-09,/Users/jake/Developer/study/vault/212/M2/2026-07-09-M2-3/Lessons/Problem-3.md,same-date,true,High,worked_move_equivalent,The lesson teaches how to identify the tail-to-tail angle between position and force vectors.,1,0.3653,false,semantically-reviewed,false,,
P212-E0153,REQUIRES,P212-0306,212-M2-012,212-M2-012,Finding the Smallest Torque From a Force Diagram,M2,2026-07-09,/Users/jake/Developer/study/vault/212/M2/2026-07-09-M2-3/Lessons/Problem-2.md,Identifying a rotation axis or pivot,212-M2-010,212-M2-010,Moment of Inertia About an Off-Center Rod Pivot,M2,2026-07-08,/Users/jake/Developer/study/vault/212/M2/2026-07-08-M2-2/Lessons/Problem-4.md,earlier,true,High,worked_move_equivalent,The lesson locates an off-center pivot and measures its separation from the central axis.,1,0.3884,false,semantically-reviewed,false,,
P212-E0154,REQUIRES,P212-0307,212-M2-012,212-M2-012,Finding the Smallest Torque From a Force Diagram,M2,2026-07-09,/Users/jake/Developer/study/vault/212/M2/2026-07-09-M2-3/Lessons/Problem-2.md,Reading vector directions from a diagram,212-M2-013,212-M2-013,Finding Torque from a Force at an Angle,M2,2026-07-09,/Users/jake/Developer/study/vault/212/M2/2026-07-09-M2-3/Lessons/Problem-3.md,same-date,true,High,worked_move_equivalent,The lesson reads position and force directions from a diagram before finding their angle.,2,0.3302,false,semantically-reviewed,false,,
P212-E0155,REQUIRES,P212-0313,212-M2-014,212-M2-014,Finding the Direction of a Torque Vector,M2,2026-07-09,/Users/jake/Developer/study/vault/212/M2/2026-07-09-M2-3/Lessons/Problem-4.md,Position and force vectors,212-M2-013,212-M2-013,Finding Torque from a Force at an Angle,M2,2026-07-09,/Users/jake/Developer/study/vault/212/M2/2026-07-09-M2-3/Lessons/Problem-3.md,same-date,true,High,concept_equivalent,The lesson explicitly constructs the position vector from pivot to force application and pairs it with the force vector.,1,0.3628,false,semantically-reviewed,false,,
P212-E0156,REQUIRES,P212-0314,212-M2-014,212-M2-014,Finding the Direction of a Torque Vector,M2,2026-07-09,/Users/jake/Developer/study/vault/212/M2/2026-07-09-M2-3/Lessons/Problem-4.md,Clockwise and counterclockwise rotation,212-M1-035,212-M1-035,Finding Angular Acceleration Direction While Stopping,M1,2026-06-24,/Users/jake/Developer/study/vault/212/M1/2026-06-24-M1-1/Lessons/Problem-3.md,earlier,true,High,concept_equivalent,The lesson repeatedly distinguishes clockwise from counterclockwise rotation and maps each to a direction.,2,0.2211,false,semantically-reviewed,false,,
P212-E0157,REQUIRES,P212-0317,212-M2-015,212-M2-015,Finding a Spool's Angular Acceleration From Tension,M2,2026-07-09,/Users/jake/Developer/study/vault/212/M2/2026-07-09-M2-3/Lessons/Problem-5.md,Use $\sum\tau=I\alpha$ for rotation about a fixed axle.,212-M2-016,212-M2-016,Finding an Unknown Mass in Rigidly Attached Cylinders,M2,2026-07-09,/Users/jake/Developer/study/vault/212/M2/2026-07-09-M2-3/Lessons/Problem-6.md,same-date,true,High,worked_move_equivalent,The lesson applies tau equals I alpha to a rigid system about its fixed symmetry axle.,,,false,semantically-reviewed,true,CYCLE-010,2
P212-E0158,REQUIRES,P212-0318,212-M2-015,212-M2-015,Finding a Spool's Angular Acceleration From Tension,M2,2026-07-09,/Users/jake/Developer/study/vault/212/M2/2026-07-09-M2-3/Lessons/Problem-5.md,Recognize that a tangential force at radius $r$ has torque magnitude $rF$.,212-M2-013,212-M2-013,Finding Torque from a Force at an Angle,M2,2026-07-09,/Users/jake/Developer/study/vault/212/M2/2026-07-09-M2-3/Lessons/Problem-3.md,same-date,true,High,worked_move_equivalent,The lesson teaches tau equals r F sine theta and its perpendicular special case tau equals r F.,1,0.3714,false,semantically-reviewed,false,,
P212-E0159,REQUIRES,P212-0319,212-M2-015,212-M2-015,Finding a Spool's Angular Acceleration From Tension,M2,2026-07-09,/Users/jake/Developer/study/vault/212/M2/2026-07-09-M2-3/Lessons/Problem-5.md,Use the solid-cylinder moment of inertia $I=\frac12mr^2$.,212-M2-016,212-M2-016,Finding an Unknown Mass in Rigidly Attached Cylinders,M2,2026-07-09,/Users/jake/Developer/study/vault/212/M2/2026-07-09-M2-3/Lessons/Problem-6.md,same-date,true,High,worked_move_equivalent,The lesson builds each solid-cylinder inertia as one half mass times radius squared.,4,0.3516,false,semantically-reviewed,true,CYCLE-010,2
P212-E0160,REQUIRES,P212-0321,212-M2-016,212-M2-016,Finding an Unknown Mass in Rigidly Attached Cylinders,M2,2026-07-09,/Users/jake/Developer/study/vault/212/M2/2026-07-09-M2-3/Lessons/Problem-6.md,Use $\tau=I\alpha$ for rotational dynamics.,212-M2-015,212-M2-015,Finding a Spool's Angular Acceleration From Tension,M2,2026-07-09,/Users/jake/Developer/study/vault/212/M2/2026-07-09-M2-3/Lessons/Problem-5.md,same-date,true,High,worked_move_equivalent,The lesson's central dynamics step is sum tau equals I alpha.,1,0.3736,false,semantically-reviewed,true,CYCLE-010,2
P212-E0161,REQUIRES,P212-0322,212-M2-016,212-M2-016,Finding an Unknown Mass in Rigidly Attached Cylinders,M2,2026-07-09,/Users/jake/Developer/study/vault/212/M2/2026-07-09-M2-3/Lessons/Problem-6.md,Use $I=\tfrac12MR^2$ for a solid cylinder about its symmetry axis.,212-M2-015,212-M2-015,Finding a Spool's Angular Acceleration From Tension,M2,2026-07-09,/Users/jake/Developer/study/vault/212/M2/2026-07-09-M2-3/Lessons/Problem-5.md,same-date,true,High,worked_move_equivalent,The lesson substitutes one half M R squared for a solid-cylinder spool's inertia.,,,false,semantically-reviewed,true,CYCLE-010,2
P212-E0162,REQUIRES,P212-0327,212-M2-018,212-M2-018,Combining Center of Mass and Moment of Inertia,M2,2026-07-12,/Users/jake/Developer/study/vault/212/M2/2026-07-12-HW-3/Lessons/Problem-2.md,Interpret center of mass as a position weighted by mass.,212-M2-002,212-M2-002,Center of Mass of Two Point Masses,M2,2026-07-07,/Users/jake/Developer/study/vault/212/M2/2026-07-07-M2-1/Lessons/Problem-2.md,earlier,true,High,concept_equivalent,The lesson explains center of mass as a position average weighted in proportion to mass.,2,0.4588,false,semantically-reviewed,false,,
P212-E0163,REQUIRES,P212-0328,212-M2-018,212-M2-018,Combining Center of Mass and Moment of Inertia,M2,2026-07-12,/Users/jake/Developer/study/vault/212/M2/2026-07-12-HW-3/Lessons/Problem-2.md,"Interpret moment of inertia as a sum of contributions of the form $r^2\,dm$.",212-M2-017,212-M2-017,Interpreting the Moment of Inertia Integral,M2,2026-07-12,/Users/jake/Developer/study/vault/212/M2/2026-07-12-HW-3/Lessons/Problem-1.md,same-date,true,High,concept_equivalent,The lesson interprets I as adding every r squared dm contribution over the object.,1,0.3448,false,semantically-reviewed,false,,
P212-E0164,REQUIRES,P212-0330,212-M2-019,212-M2-019,Finding a Density Constant from Total Mass,M2,2026-07-12,/Users/jake/Developer/study/vault/212/M2/2026-07-12-HW-3/Lessons/Problem-3.md,Interpret linear mass density as mass per unit length.,212-M2-006,212-M2-006,Finding a Linear-Density Coefficient From Total Mass,M2,2026-07-07,/Users/jake/Developer/study/vault/212/M2/2026-07-07-M2-1/Lessons/Problem-6.md,earlier,true,High,concept_equivalent,The lesson defines lambda of x as the mass packed into each unit of rod length.,1,0.4668,false,semantically-reviewed,false,,
P212-E0165,REQUIRES,P212-0333,212-M2-020,212-M2-020,Center of Mass from a Linear Density,M2,2026-07-12,/Users/jake/Developer/study/vault/212/M2/2026-07-12-HW-3/Lessons/Problem-4.md,Interpret a linear density $\lambda(x)$ as mass per unit length.,212-M2-006,212-M2-006,Finding a Linear-Density Coefficient From Total Mass,M2,2026-07-07,/Users/jake/Developer/study/vault/212/M2/2026-07-07-M2-1/Lessons/Problem-6.md,earlier,true,High,concept_equivalent,The lesson explicitly interprets linear density as mass per unit length near x.,1,0.4556,false,semantically-reviewed,true,CYCLE-007,3
P212-E0166,REQUIRES,P212-0336,212-M2-021,212-M2-021,Calculating a Rod's Moment of Inertia from Linear Density,M2,2026-07-12,/Users/jake/Developer/study/vault/212/M2/2026-07-12-HW-3/Lessons/Problem-5.md,"Review [[Problem-1|Interpreting the Moment of Inertia Integral]]: understand $I=\int r^2\,dm$ as mass weighted by squared distance.",212-M2-017,212-M2-017,Interpreting the Moment of Inertia Integral,M2,2026-07-12,/Users/jake/Developer/study/vault/212/M2/2026-07-12-HW-3/Lessons/Problem-1.md,same-date,true,High,explicit_link,The authored prerequisite explicitly links this exact lesson and names its I equals integral r squared dm interpretation.,1,1,false,semantically-reviewed,false,,
P212-E0167,REQUIRES,P212-0337,212-M2-021,212-M2-021,Calculating a Rod's Moment of Inertia from Linear Density,M2,2026-07-12,/Users/jake/Developer/study/vault/212/M2/2026-07-12-HW-3/Lessons/Problem-5.md,"Use $dm=\lambda(x)\,dx$ for a thin rod with linear mass density $\lambda(x)$.",212-M2-006,212-M2-006,Finding a Linear-Density Coefficient From Total Mass,M2,2026-07-07,/Users/jake/Developer/study/vault/212/M2/2026-07-07-M2-1/Lessons/Problem-6.md,earlier,true,High,worked_move_equivalent,The lesson explicitly uses dM equals lambda of x dx for thin rod segments.,1,0.4032,false,semantically-reviewed,false,,
P212-E0168,REQUIRES,P212-0339,212-M2-022,212-M2-022,Shifting a Moment of Inertia to a Parallel Axis,M2,2026-07-12,/Users/jake/Developer/study/vault/212/M2/2026-07-12-HW-3/Lessons/Problem-6.md,Recognize an axis through an object's center of mass.,212-M2-047,212-M2-047,Shifting Moment of Inertia to the Center-of-Mass Axis,M2,2026-07-15,/Users/jake/Developer/study/vault/212/M2/2026-07-15-HW-4/Lessons/Problem-11.md,later,true,High,concept_equivalent,The lesson distinguishes an offset axis from the parallel axis through the combined center of mass.,1,0.3548,false,semantically-reviewed,true,CYCLE-008,2
P212-E0169,REQUIRES,P212-0342,212-M2-023,212-M2-023,Comparing Rotational Kinetic Energies About Parallel Axes,M2,2026-07-12,/Users/jake/Developer/study/vault/212/M2/2026-07-12-HW-3/Lessons/Problem-7.md,Rotational kinetic energy: $K=\frac12 I\omega^2$,212-M2-032,212-M2-032,Speed of a Rolling Hollow Sphere From Energy,M2,2026-07-14,/Users/jake/Developer/study/vault/212/M2/2026-07-14-M2-5/Lessons/Problem-2.md,later,true,High,worked_move_equivalent,The lesson includes and practices one half I omega squared as the rotational part of kinetic energy.,8,0.2442,false,semantically-reviewed,true,CYCLE-011,4
P212-E0170,REQUIRES,P212-0344,212-M2-023,212-M2-023,Comparing Rotational Kinetic Energies About Parallel Axes,M2,2026-07-12,/Users/jake/Developer/study/vault/212/M2/2026-07-12-HW-3/Lessons/Problem-7.md,The parallel-axis theorem: $I=I_{\mathrm{cm}}+Md^2$,212-M2-022,212-M2-022,Shifting a Moment of Inertia to a Parallel Axis,M2,2026-07-12,/Users/jake/Developer/study/vault/212/M2/2026-07-12-HW-3/Lessons/Problem-6.md,same-date,true,High,worked_move_equivalent,The lesson directly teaches and practices I-new equals I-cm plus M d squared.,2,0.5138,false,semantically-reviewed,false,,
P212-E0171,REQUIRES,P212-0351,212-M2-025,212-M2-025,Center of Mass on a Symmetry Axis,M2,2026-07-12,/Users/jake/Developer/study/vault/212/M2/2026-07-12-HW-3/Lessons/Problem-9.md,Know that the center of mass is a mass-weighted average of position.,212-M2-002,212-M2-002,Center of Mass of Two Point Masses,M2,2026-07-07,/Users/jake/Developer/study/vault/212/M2/2026-07-07-M2-1/Lessons/Problem-2.md,earlier,true,High,concept_equivalent,The lesson defines center of mass as the mass-weighted average of position.,1,0.511,false,semantically-reviewed,false,,
P212-E0172,REQUIRES,P212-0353,212-M2-026,212-M2-026,Center of Mass of an Object with a Hole,M2,2026-07-12,/Users/jake/Developer/study/vault/212/M2/2026-07-12-HW-3/Lessons/Problem-10.md,Know that a uniform lamina's mass is proportional to its area.,212-M2-024,212-M2-024,Mass Removed from a Uniform Disk,M2,2026-07-12,/Users/jake/Developer/study/vault/212/M2/2026-07-12-HW-3/Lessons/Problem-8.md,same-date,true,High,worked_move_equivalent,The lesson teaches that uniform surface density makes mass fraction equal area fraction.,1,0.3075,false,semantically-reviewed,false,,
P212-E0173,REQUIRES,P212-0355,212-M2-027,212-M2-027,Balancing a Plank With Opposing Torques,M2,2026-07-13,/Users/jake/Developer/study/vault/212/M2/2026-07-13-M2-4/Lessons/Problem-1.md,Use the torque magnitude $\tau=rF\sin\theta$.,212-M2-013,212-M2-013,Finding Torque from a Force at an Angle,M2,2026-07-09,/Users/jake/Developer/study/vault/212/M2/2026-07-09-M2-3/Lessons/Problem-3.md,earlier,true,High,worked_move_equivalent,The lesson directly teaches and applies torque magnitude r F sine theta.,1,0.52,false,semantically-reviewed,false,,
P212-E0174,REQUIRES,P212-0360,212-M2-028,212-M2-028,Finding the Load Position at the Tipping Point,M2,2026-07-13,/Users/jake/Developer/study/vault/212/M2/2026-07-13-M2-4/Lessons/Problem-2.md,Torque magnitude: $\tau=r_\perp F$,212-M2-011,212-M2-011,Comparing Torque Magnitudes From a Diagram,M2,2026-07-09,/Users/jake/Developer/study/vault/212/M2/2026-07-09-M2-3/Lessons/Problem-1.md,earlier,true,High,worked_move_equivalent,The lesson teaches the equivalent lever-arm form tau equals F r-perpendicular.,3,0.4082,false,semantically-reviewed,false,,
P212-E0175,REQUIRES,P212-0361,212-M2-028,212-M2-028,Finding the Load Position at the Tipping Point,M2,2026-07-13,/Users/jake/Developer/study/vault/212/M2/2026-07-13-M2-4/Lessons/Problem-2.md,Static rotational equilibrium: $\sum\tau=0$,212-M2-027,212-M2-027,Balancing a Plank With Opposing Torques,M2,2026-07-13,/Users/jake/Developer/study/vault/212/M2/2026-07-13-M2-4/Lessons/Problem-1.md,same-date,true,High,worked_move_equivalent,The balancing-plank lesson sets net torque to zero and equates opposing torque magnitudes.,,,false,semantically-reviewed,false,,
P212-E0176,REQUIRES,P212-0363,212-M2-029,212-M2-029,Minimum Friction for a Ladder Against a Smooth Wall,M2,2026-07-13,/Users/jake/Developer/study/vault/212/M2/2026-07-13-M2-4/Lessons/Problem-3.md,"Static equilibrium: $\sum F_x=0$, $\sum F_y=0$, and $\sum\tau=0$",212-M3-027,212-M3-027,Solve Coupled Equilibrium and Massive-Pulley Systems,M3,2026-07-20,/Users/jake/Developer/study/vault/212/M3/2026-07-20-Q-2/Lessons/Group-4-Equilibrium-and-Massive-Pulleys.md,later,true,High,concept_equivalent,The lesson explicitly teaches static equilibrium as zero x-force zero y-force and zero net torque.,1,0.2333,false,semantically-reviewed,false,,
P212-E0177,REQUIRES,P212-0364,212-M2-029,212-M2-029,Minimum Friction for a Ladder Against a Smooth Wall,M2,2026-07-13,/Users/jake/Developer/study/vault/212/M2/2026-07-13-M2-4/Lessons/Problem-3.md,Torque magnitude: $\tau=F r_\perp$,212-M2-011,212-M2-011,Comparing Torque Magnitudes From a Diagram,M2,2026-07-09,/Users/jake/Developer/study/vault/212/M2/2026-07-09-M2-3/Lessons/Problem-1.md,earlier,true,High,worked_move_equivalent,The lesson directly teaches torque magnitude as force times perpendicular lever arm.,3,0.4082,false,semantically-reviewed,false,,
P212-E0178,REQUIRES,P212-0368,212-M2-030,212-M2-030,Finding Atwood-Machine Acceleration With a Massive Pulley,M2,2026-07-13,/Users/jake/Developer/study/vault/212/M2/2026-07-13-M2-4/Lessons/Problem-4.md,Use $\tau=I\alpha$ and the no-slip relation $\alpha=a/r$.,212-M2-038,212-M2-038,Time for a Solid Cylinder to Roll Down a Ramp,M2,2026-07-15,/Users/jake/Developer/study/vault/212/M2/2026-07-15-HW-4/Lessons/Problem-2.md,later,true,High,worked_move_equivalent,The lesson derives rolling acceleration by combining f r equals I alpha with a equals alpha r.,,,false,semantically-reviewed,false,,
P212-E0179,REQUIRES,P212-0372,212-M2-031,212-M2-031,Comparing Atwood-Machine Accelerations With Pulley Inertia,M2,2026-07-14,/Users/jake/Developer/study/vault/212/M2/2026-07-14-M2-5/Lessons/Problem-1.md,Use $\tau=I\alpha$ and the no-slip relation $\alpha=a/r$.,212-M2-038,212-M2-038,Time for a Solid Cylinder to Roll Down a Ramp,M2,2026-07-15,/Users/jake/Developer/study/vault/212/M2/2026-07-15-HW-4/Lessons/Problem-2.md,later,true,High,worked_move_equivalent,The lesson directly combines rotational dynamics with the no-slip acceleration relation.,,,false,semantically-reviewed,false,,
P212-E0180,REQUIRES,P212-0374,212-M2-032,212-M2-032,Speed of a Rolling Hollow Sphere From Energy,M2,2026-07-14,/Users/jake/Developer/study/vault/212/M2/2026-07-14-M2-5/Lessons/Problem-2.md,Conservation of mechanical energy,212-M1-063,212-M1-063,Testing Loop-the-Loop Statements,M1,2026-07-03,/Users/jake/Developer/study/vault/212/M1/2026-07-03-HW-2/Lessons/Problem-10.md,earlier,true,High,worked_move_equivalent,The lesson uses conservation of mechanical energy to connect bottom and top states of a frictionless loop.,6,0.2868,false,semantically-reviewed,false,,
P212-E0181,REQUIRES,P212-0375,212-M2-032,212-M2-032,Speed of a Rolling Hollow Sphere From Energy,M2,2026-07-14,/Users/jake/Developer/study/vault/212/M2/2026-07-14-M2-5/Lessons/Problem-2.md,Translational kinetic energy: $\frac12mv^2$,212-M2-039,212-M2-039,Speed of a Rolling Solid Cylinder From Energy,M2,2026-07-15,/Users/jake/Developer/study/vault/212/M2/2026-07-15-HW-4/Lessons/Problem-3.md,later,true,High,worked_move_equivalent,The rolling-energy lesson explicitly includes translational kinetic energy one half m v squared.,4,0.2699,false,semantically-reviewed,true,CYCLE-011,4
P212-E0182,REQUIRES,P212-0376,212-M2-032,212-M2-032,Speed of a Rolling Hollow Sphere From Energy,M2,2026-07-14,/Users/jake/Developer/study/vault/212/M2/2026-07-14-M2-5/Lessons/Problem-2.md,Rotational kinetic energy: $\frac12I\omega^2$,212-M2-023,212-M2-023,Comparing Rotational Kinetic Energies About Parallel Axes,M2,2026-07-12,/Users/jake/Developer/study/vault/212/M2/2026-07-12-HW-3/Lessons/Problem-7.md,earlier,true,High,worked_move_equivalent,The lesson directly uses rotational kinetic energy one half I omega squared in comparisons.,2,0.3333,false,semantically-reviewed,true,CYCLE-011,4
P212-E0183,REQUIRES,P212-0377,212-M2-032,212-M2-032,Speed of a Rolling Hollow Sphere From Energy,M2,2026-07-14,/Users/jake/Developer/study/vault/212/M2/2026-07-14-M2-5/Lessons/Problem-2.md,The no-slip condition: $\omega=v/r$,212-M2-039,212-M2-039,Speed of a Rolling Solid Cylinder From Energy,M2,2026-07-15,/Users/jake/Developer/study/vault/212/M2/2026-07-15-HW-4/Lessons/Problem-3.md,later,true,High,worked_move_equivalent,The lesson explicitly imposes rolling without slipping as omega equals v over R.,,,false,semantically-reviewed,true,CYCLE-011,4
P212-E0184,REQUIRES,P212-0379,212-M2-033,212-M2-033,Angular Speed After Rotating Cups Collect Rain,M2,2026-07-14,/Users/jake/Developer/study/vault/212/M2/2026-07-14-M2-5/Lessons/Problem-3.md,Angular momentum of a rigidly rotating system: $L=I\omega$,212-M2-035,212-M2-035,Finding Angular Speed After a Bullet Embeds in a Rotor,M2,2026-07-14,/Users/jake/Developer/study/vault/212/M2/2026-07-14-M2-5/Lessons/Problem-5.md,same-date,true,High,worked_move_equivalent,The lesson uses L equals I omega for a rigid rotor about a fixed spindle.,3,0.2907,false,semantically-reviewed,false,,
P212-E0185,REQUIRES,P212-0380,212-M2-033,212-M2-033,Angular Speed After Rotating Cups Collect Rain,M2,2026-07-14,/Users/jake/Developer/study/vault/212/M2/2026-07-14-M2-5/Lessons/Problem-3.md,Point-mass moment of inertia: $I=mr^2$,212-M2-007,212-M2-007,Comparing Moment of Inertia From Mass Distribution,M2,2026-07-08,/Users/jake/Developer/study/vault/212/M2/2026-07-08-M2-2/Lessons/Problem-1.md,earlier,true,High,worked_move_equivalent,The lesson teaches point-mass moment of inertia as the sum of m r squared contributions.,2,0.3678,false,semantically-reviewed,false,,
P212-E0186,REQUIRES,P212-0381,212-M2-033,212-M2-033,Angular Speed After Rotating Cups Collect Rain,M2,2026-07-14,/Users/jake/Developer/study/vault/212/M2/2026-07-14-M2-5/Lessons/Problem-3.md,Conservation of angular momentum when external torque is negligible,212-M2-036,212-M2-036,Predicting Angular Speed When Mass Is Added,M2,2026-07-14,/Users/jake/Developer/study/vault/212/M2/2026-07-14-M2-6/Lessons/Problem-1.md,same-date,true,High,concept_equivalent,The lesson selects angular-momentum conservation when external torque about the axle is negligible.,1,0.3553,false,semantically-reviewed,false,,
P212-E0187,REQUIRES,P212-0383,212-M2-034,212-M2-034,Mechanical Energy Lost When Rotating Cups Capture Rain,M2,2026-07-14,/Users/jake/Developer/study/vault/212/M2/2026-07-14-M2-5/Lessons/Problem-4.md,Angular momentum: $L=I\omega$,212-M2-033,212-M2-033,Angular Speed After Rotating Cups Collect Rain,M2,2026-07-14,/Users/jake/Developer/study/vault/212/M2/2026-07-14-M2-5/Lessons/Problem-3.md,same-date,true,High,worked_move_equivalent,The lesson directly uses angular momentum L equals I omega before and after mass capture.,3,0.3971,false,semantically-reviewed,false,,
P212-E0188,REQUIRES,P212-0384,212-M2-034,212-M2-034,Mechanical Energy Lost When Rotating Cups Capture Rain,M2,2026-07-14,/Users/jake/Developer/study/vault/212/M2/2026-07-14-M2-5/Lessons/Problem-4.md,Rotational kinetic energy: $K=\frac12I\omega^2$,212-M2-023,212-M2-023,Comparing Rotational Kinetic Energies About Parallel Axes,M2,2026-07-12,/Users/jake/Developer/study/vault/212/M2/2026-07-12-HW-3/Lessons/Problem-7.md,earlier,true,High,worked_move_equivalent,The lesson directly applies K equals one half I omega squared.,2,0.3324,false,semantically-reviewed,false,,
P212-E0189,REQUIRES,P212-0385,212-M2-034,212-M2-034,Mechanical Energy Lost When Rotating Cups Capture Rain,M2,2026-07-14,/Users/jake/Developer/study/vault/212/M2/2026-07-14-M2-5/Lessons/Problem-4.md,Point-mass moment of inertia: $I=mr^2$,212-M2-007,212-M2-007,Comparing Moment of Inertia From Mass Distribution,M2,2026-07-08,/Users/jake/Developer/study/vault/212/M2/2026-07-08-M2-2/Lessons/Problem-1.md,earlier,true,High,worked_move_equivalent,The lesson constructs moment of inertia from m r squared point-mass terms.,2,0.3678,false,semantically-reviewed,false,,
P212-E0190,REQUIRES,P212-0386,212-M2-034,212-M2-034,Mechanical Energy Lost When Rotating Cups Capture Rain,M2,2026-07-14,/Users/jake/Developer/study/vault/212/M2/2026-07-14-M2-5/Lessons/Problem-4.md,Conservation of angular momentum when external torque is negligible,212-M2-033,212-M2-033,Angular Speed After Rotating Cups Collect Rain,M2,2026-07-14,/Users/jake/Developer/study/vault/212/M2/2026-07-14-M2-5/Lessons/Problem-3.md,same-date,true,High,concept_equivalent,The lesson conserves I omega because external torque about the rotation axis is negligible.,1,0.3667,false,semantically-reviewed,false,,
P212-E0191,REQUIRES,P212-0389,212-M2-035,212-M2-035,Finding Angular Speed After a Bullet Embeds in a Rotor,M2,2026-07-14,/Users/jake/Developer/study/vault/212/M2/2026-07-14-M2-5/Lessons/Problem-5.md,Recall $I=\frac12Mr^2$ for a solid uniform cylinder about its central axis.,212-M2-016,212-M2-016,Finding an Unknown Mass in Rigidly Attached Cylinders,M2,2026-07-09,/Users/jake/Developer/study/vault/212/M2/2026-07-09-M2-3/Lessons/Problem-6.md,earlier,true,High,worked_move_equivalent,The lesson explicitly uses one half M R squared for each solid cylinder.,6,0.2306,false,semantically-reviewed,false,,
P212-E0192,REQUIRES,P212-0392,212-M2-036,212-M2-036,Predicting Angular Speed When Mass Is Added,M2,2026-07-14,/Users/jake/Developer/study/vault/212/M2/2026-07-14-M2-6/Lessons/Problem-1.md,Recognize that mass farther from a rotation axis contributes to moment of inertia.,212-M2-007,212-M2-007,Comparing Moment of Inertia From Mass Distribution,M2,2026-07-08,/Users/jake/Developer/study/vault/212/M2/2026-07-08-M2-2/Lessons/Problem-1.md,earlier,true,High,concept_equivalent,The lesson's core comparison shows that moving mass farther from the axis increases moment of inertia.,1,0.4215,false,semantically-reviewed,false,,
P212-E0193,REQUIRES,P212-0395,212-M2-037,212-M2-037,Comparing Rolling Objects on an Incline,M2,2026-07-15,/Users/jake/Developer/study/vault/212/M2/2026-07-15-HW-4/Lessons/Problem-1.md,Use $\tau=I\alpha$ and the rolling-without-slipping condition $a=\alpha r$.,212-M2-038,212-M2-038,Time for a Solid Cylinder to Roll Down a Ramp,M2,2026-07-15,/Users/jake/Developer/study/vault/212/M2/2026-07-15-HW-4/Lessons/Problem-2.md,same-date,true,High,worked_move_equivalent,The lesson combines tau equals I alpha with a equals alpha r to solve rolling acceleration.,5,0.2701,false,semantically-reviewed,true,CYCLE-012,2
P212-E0194,REQUIRES,P212-0396,212-M2-037,212-M2-037,Comparing Rolling Objects on an Incline,M2,2026-07-15,/Users/jake/Developer/study/vault/212/M2/2026-07-15-HW-4/Lessons/Problem-1.md,Recognize $I=\frac12mr^2$ for a uniform solid cylinder.,212-M2-016,212-M2-016,Finding an Unknown Mass in Rigidly Attached Cylinders,M2,2026-07-09,/Users/jake/Developer/study/vault/212/M2/2026-07-09-M2-3/Lessons/Problem-6.md,earlier,true,High,worked_move_equivalent,The lesson builds solid-cylinder inertias with the exact one-half m r squared formula.,5,0.2823,false,semantically-reviewed,false,,
P212-E0195,REQUIRES,P212-0399,212-M2-038,212-M2-038,Time for a Solid Cylinder to Roll Down a Ramp,M2,2026-07-15,/Users/jake/Developer/study/vault/212/M2/2026-07-15-HW-4/Lessons/Problem-2.md,The solid-cylinder moment of inertia $I=\frac12 mr^2$,212-M2-016,212-M2-016,Finding an Unknown Mass in Rigidly Attached Cylinders,M2,2026-07-09,/Users/jake/Developer/study/vault/212/M2/2026-07-09-M2-3/Lessons/Problem-6.md,earlier,true,High,worked_move_equivalent,The lesson repeatedly applies one half m r squared to solid cylinders.,4,0.3135,false,semantically-reviewed,false,,
P212-E0196,REQUIRES,P212-0400,212-M2-038,212-M2-038,Time for a Solid Cylinder to Roll Down a Ramp,M2,2026-07-15,/Users/jake/Developer/study/vault/212/M2/2026-07-15-HW-4/Lessons/Problem-2.md,The rolling-without-slipping relation $a=\alpha r$,212-M2-037,212-M2-037,Comparing Rolling Objects on an Incline,M2,2026-07-15,/Users/jake/Developer/study/vault/212/M2/2026-07-15-HW-4/Lessons/Problem-1.md,same-date,true,High,worked_move_equivalent,The lesson derives rolling acceleration using the no-slip relation a equals alpha r.,1,0.3406,false,semantically-reviewed,true,CYCLE-012,2
P212-E0197,REQUIRES,P212-0402,212-M2-038,212-M2-038,Time for a Solid Cylinder to Roll Down a Ramp,M2,2026-07-15,/Users/jake/Developer/study/vault/212/M2/2026-07-15-HW-4/Lessons/Problem-2.md,Right-triangle sine: $\sin\theta=\frac{h}{L}$,212-M2-032,212-M2-032,Speed of a Rolling Hollow Sphere From Energy,M2,2026-07-14,/Users/jake/Developer/study/vault/212/M2/2026-07-14-M2-5/Lessons/Problem-2.md,earlier,true,High,worked_move_equivalent,The lesson explicitly finds vertical drop with sine as opposite over hypotenuse.,,,false,semantically-reviewed,false,,
P212-E0198,REQUIRES,P212-0403,212-M2-039,212-M2-039,Speed of a Rolling Solid Cylinder From Energy,M2,2026-07-15,/Users/jake/Developer/study/vault/212/M2/2026-07-15-HW-4/Lessons/Problem-3.md,Gravitational potential energy: $U_g=mgh$,212-M2-040,212-M2-040,Total Kinetic Energy From a Loss of Height,M2,2026-07-15,/Users/jake/Developer/study/vault/212/M2/2026-07-15-HW-4/Lessons/Problem-4.md,same-date,true,High,worked_move_equivalent,The lesson directly converts a vertical height loss to gravitational energy m g h.,3,0.2674,false,semantically-reviewed,true,CYCLE-011,4
P212-E0199,REQUIRES,P212-0404,212-M2-039,212-M2-039,Speed of a Rolling Solid Cylinder From Energy,M2,2026-07-15,/Users/jake/Developer/study/vault/212/M2/2026-07-15-HW-4/Lessons/Problem-3.md,Translational kinetic energy: $K_{\mathrm{trans}}=\frac12mv^2$,212-M2-032,212-M2-032,Speed of a Rolling Hollow Sphere From Energy,M2,2026-07-14,/Users/jake/Developer/study/vault/212/M2/2026-07-14-M2-5/Lessons/Problem-2.md,earlier,true,High,worked_move_equivalent,The rolling-energy equation explicitly contains translational kinetic energy one half m v squared.,3,0.2418,false,semantically-reviewed,true,CYCLE-011,4
P212-E0200,REQUIRES,P212-0405,212-M2-039,212-M2-039,Speed of a Rolling Solid Cylinder From Energy,M2,2026-07-15,/Users/jake/Developer/study/vault/212/M2/2026-07-15-HW-4/Lessons/Problem-3.md,Rotational kinetic energy: $K_{\mathrm{rot}}=\frac12I\omega^2$,212-M2-023,212-M2-023,Comparing Rotational Kinetic Energies About Parallel Axes,M2,2026-07-12,/Users/jake/Developer/study/vault/212/M2/2026-07-12-HW-3/Lessons/Problem-7.md,earlier,true,High,worked_move_equivalent,The lesson directly applies rotational kinetic energy one half I omega squared.,3,0.3122,false,semantically-reviewed,true,CYCLE-011,4
P212-E0201,REQUIRES,P212-0408,212-M2-040,212-M2-040,Total Kinetic Energy From a Loss of Height,M2,2026-07-15,/Users/jake/Developer/study/vault/212/M2/2026-07-15-HW-4/Lessons/Problem-4.md,Conservation of mechanical energy when dissipative losses are negligible,212-M1-063,212-M1-063,Testing Loop-the-Loop Statements,M1,2026-07-03,/Users/jake/Developer/study/vault/212/M1/2026-07-03-HW-2/Lessons/Problem-10.md,earlier,true,High,concept_equivalent,The lesson invokes mechanical-energy conservation specifically under neglected friction.,7,0.1769,false,semantically-reviewed,false,,
P212-E0202,REQUIRES,P212-0409,212-M2-040,212-M2-040,Total Kinetic Energy From a Loss of Height,M2,2026-07-15,/Users/jake/Developer/study/vault/212/M2/2026-07-15-HW-4/Lessons/Problem-4.md,Translational and rotational kinetic energy are both parts of total kinetic energy,212-M2-032,212-M2-032,Speed of a Rolling Hollow Sphere From Energy,M2,2026-07-14,/Users/jake/Developer/study/vault/212/M2/2026-07-14-M2-5/Lessons/Problem-2.md,earlier,true,High,concept_equivalent,The lesson teaches total rolling kinetic energy as the sum of translational and rotational parts.,3,0.3105,false,semantically-reviewed,true,CYCLE-011,4
P212-E0203,REQUIRES,P212-0411,212-M2-041,212-M2-041,Acceleration of a Yo-Yo Pulled at Its Axle,M2,2026-07-15,/Users/jake/Developer/study/vault/212/M2/2026-07-15-HW-4/Lessons/Problem-5.md,Rotational Newton's second law about the center of mass: $\sum\tau_{\mathrm{CM}}=I\alpha$,212-M2-015,212-M2-015,Finding a Spool's Angular Acceleration From Tension,M2,2026-07-09,/Users/jake/Developer/study/vault/212/M2/2026-07-09-M2-3/Lessons/Problem-5.md,earlier,true,High,worked_move_equivalent,The lesson applies rotational Newton's second law about the spool's central axle.,2,0.3049,false,semantically-reviewed,false,,
P212-E0204,REQUIRES,P212-0412,212-M2-041,212-M2-041,Acceleration of a Yo-Yo Pulled at Its Axle,M2,2026-07-15,/Users/jake/Developer/study/vault/212/M2/2026-07-15-HW-4/Lessons/Problem-5.md,The uniform-cylinder moment of inertia: $I=\frac12MR^2$,212-M2-016,212-M2-016,Finding an Unknown Mass in Rigidly Attached Cylinders,M2,2026-07-09,/Users/jake/Developer/study/vault/212/M2/2026-07-09-M2-3/Lessons/Problem-6.md,earlier,true,High,worked_move_equivalent,The lesson explicitly uses one half M R squared for a uniform solid cylinder.,2,0.3538,false,semantically-reviewed,false,,
P212-E0205,REQUIRES,P212-0415,212-M2-042,212-M2-042,Balancing a Rod and Sphere About a Support,M2,2026-07-15,/Users/jake/Developer/study/vault/212/M2/2026-07-15-HW-4/Lessons/Problem-6.md,A uniform rod's center of mass is at its midpoint.,212-M2-010,212-M2-010,Moment of Inertia About an Off-Center Rod Pivot,M2,2026-07-08,/Users/jake/Developer/study/vault/212/M2/2026-07-08-M2-2/Lessons/Problem-4.md,earlier,true,High,concept_equivalent,The lesson locates a uniform rod's center of mass at L over two from an end.,,,false,semantically-reviewed,true,CYCLE-009,3
P212-E0206,REQUIRES,P212-0416,212-M2-042,212-M2-042,Balancing a Rod and Sphere About a Support,M2,2026-07-15,/Users/jake/Developer/study/vault/212/M2/2026-07-15-HW-4/Lessons/Problem-6.md,The magnitude of a torque is $\tau=r_\perp F$.,212-M2-011,212-M2-011,Comparing Torque Magnitudes From a Diagram,M2,2026-07-09,/Users/jake/Developer/study/vault/212/M2/2026-07-09-M2-3/Lessons/Problem-1.md,earlier,true,High,worked_move_equivalent,The lesson teaches torque magnitude as force times perpendicular lever arm.,2,0.4035,false,semantically-reviewed,false,,
P212-E0207,REQUIRES,P212-0418,212-M2-043,212-M2-043,Choosing the Rotation Axis After an Off-Center Collision,M2,2026-07-15,/Users/jake/Developer/study/vault/212/M2/2026-07-15-HW-4/Lessons/Problem-7.md,Interpret center of mass as a mass-weighted average position.,212-M2-002,212-M2-002,Center of Mass of Two Point Masses,M2,2026-07-07,/Users/jake/Developer/study/vault/212/M2/2026-07-07-M2-1/Lessons/Problem-2.md,earlier,true,High,concept_equivalent,The lesson defines and practices center of mass as a mass-weighted position average.,1,0.5177,false,semantically-reviewed,false,,
P212-E0208,REQUIRES,P212-0419,212-M2-043,212-M2-043,Choosing the Rotation Axis After an Off-Center Collision,M2,2026-07-15,/Users/jake/Developer/study/vault/212/M2/2026-07-15-HW-4/Lessons/Problem-7.md,Recognize that an isolated collision conserves linear momentum and angular momentum.,212-M2-044,212-M2-044,Conservation Tests for an Off-Center Sticking Collision,M2,2026-07-15,/Users/jake/Developer/study/vault/212/M2/2026-07-15-HW-4/Lessons/Problem-8.md,same-date,true,High,concept_equivalent,The lesson explicitly tests and justifies conservation of both linear and angular momentum for an isolated collision.,1,0.4254,false,semantically-reviewed,false,,
P212-E0209,REQUIRES,P212-0422,212-M2-044,212-M2-044,Conservation Tests for an Off-Center Sticking Collision,M2,2026-07-15,/Users/jake/Developer/study/vault/212/M2/2026-07-15-HW-4/Lessons/Problem-8.md,Angular momentum of a particle about an origin $O$: $\vec L_O=\vec r_{i/O}\times\vec p_i$,212-M2-048,212-M2-048,Angular Momentum About a Combined Center of Mass,M2,2026-07-15,/Users/jake/Developer/study/vault/212/M2/2026-07-15-HW-4/Lessons/Problem-12.md,same-date,true,High,worked_move_equivalent,The lesson computes particle angular momentum about an origin with r cross p.,1,0.3675,false,semantically-reviewed,false,,
P212-E0210,REQUIRES,P212-0424,212-M2-045,212-M2-045,Moment of Inertia of a Rod–Ball Composite,M2,2026-07-15,/Users/jake/Developer/study/vault/212/M2/2026-07-15-HW-4/Lessons/Problem-9.md,Moment of inertia depends on the chosen rotation axis.,212-M2-007,212-M2-007,Comparing Moment of Inertia From Mass Distribution,M2,2026-07-08,/Users/jake/Developer/study/vault/212/M2/2026-07-08-M2-2/Lessons/Problem-1.md,earlier,true,High,concept_equivalent,The lesson teaches that moment of inertia is defined relative to a chosen axis and changes with mass-axis distance.,2,0.3826,false,semantically-reviewed,false,,
P212-E0211,REQUIRES,P212-0425,212-M2-045,212-M2-045,Moment of Inertia of a Rod–Ball Composite,M2,2026-07-15,/Users/jake/Developer/study/vault/212/M2/2026-07-15-HW-4/Lessons/Problem-9.md,"For a thin uniform rod about its center, perpendicular to the rod, $I_{\text{rod,cm}}=\dfrac{1}{12}mL^2$.",212-M2-010,212-M2-010,Moment of Inertia About an Off-Center Rod Pivot,M2,2026-07-08,/Users/jake/Developer/study/vault/212/M2/2026-07-08-M2-2/Lessons/Problem-4.md,earlier,true,High,worked_move_equivalent,The lesson explicitly uses the uniform-rod center-axis inertia one twelfth m L squared.,3,0.3645,false,semantically-reviewed,true,CYCLE-009,3
P212-E0212,REQUIRES,P212-0427,212-M2-045,212-M2-045,Moment of Inertia of a Rod–Ball Composite,M2,2026-07-15,/Users/jake/Developer/study/vault/212/M2/2026-07-15-HW-4/Lessons/Problem-9.md,The parallel-axis theorem is $I=I_{\text{cm}}+Md^2$.,212-M2-022,212-M2-022,Shifting a Moment of Inertia to a Parallel Axis,M2,2026-07-12,/Users/jake/Developer/study/vault/212/M2/2026-07-12-HW-3/Lessons/Problem-6.md,earlier,true,High,worked_move_equivalent,The lesson directly teaches the parallel-axis theorem I equals I-cm plus M d squared.,2,0.5259,false,semantically-reviewed,false,,
P212-E0213,REQUIRES,P212-0429,212-M2-046,212-M2-046,Finding a Two-Object Center of Mass in the Plane,M2,2026-07-15,/Users/jake/Developer/study/vault/212/M2/2026-07-15-HW-4/Lessons/Problem-10.md,The center of a uniform rod is its midpoint,212-M2-010,212-M2-010,Moment of Inertia About an Off-Center Rod Pivot,M2,2026-07-08,/Users/jake/Developer/study/vault/212/M2/2026-07-08-M2-2/Lessons/Problem-4.md,earlier,true,High,concept_equivalent,The lesson places the center of a uniform rod at its midpoint L over two.,2,0.3072,false,semantically-reviewed,false,,
P212-E0214,REQUIRES,P212-0431,212-M2-047,212-M2-047,Shifting Moment of Inertia to the Center-of-Mass Axis,M2,2026-07-15,/Users/jake/Developer/study/vault/212/M2/2026-07-15-HW-4/Lessons/Problem-11.md,"Use the parallel-axis theorem, $I_{\text{off}}=I_{\text{CM}}+Md^2$.",212-M2-022,212-M2-022,Shifting a Moment of Inertia to a Parallel Axis,M2,2026-07-12,/Users/jake/Developer/study/vault/212/M2/2026-07-12-HW-3/Lessons/Problem-6.md,earlier,true,High,worked_move_equivalent,The lesson teaches and practices shifting inertia with I-off equals I-CM plus M d squared.,1,0.4715,false,semantically-reviewed,true,CYCLE-008,2
P212-E0215,REQUIRES,P212-0432,212-M2-047,212-M2-047,Shifting Moment of Inertia to the Center-of-Mass Axis,M2,2026-07-15,/Users/jake/Developer/study/vault/212/M2/2026-07-15-HW-4/Lessons/Problem-11.md,Add the masses of a composite system.,212-M2-004,212-M2-004,Finding the Center of Mass of Joined Cubes,M2,2026-07-07,/Users/jake/Developer/study/vault/212/M2/2026-07-07-M2-1/Lessons/Problem-4.md,earlier,true,Medium,worked_move_equivalent,The composite-object lesson builds total mass by summing the component masses in its weighted average.,5,0.2662,false,semantically-reviewed,false,,
P212-E0216,REQUIRES,P212-0434,212-M2-048,212-M2-048,Angular Momentum About a Combined Center of Mass,M2,2026-07-15,/Users/jake/Developer/study/vault/212/M2/2026-07-15-HW-4/Lessons/Problem-12.md,Compute a center-of-mass coordinate with a mass-weighted average.,212-M2-002,212-M2-002,Center of Mass of Two Point Masses,M2,2026-07-07,/Users/jake/Developer/study/vault/212/M2/2026-07-07-M2-1/Lessons/Problem-2.md,earlier,true,High,worked_move_equivalent,The lesson calculates a center-of-mass coordinate with a mass-weighted average.,1,0.4935,false,semantically-reviewed,false,,
P212-E0217,REQUIRES,P212-0435,212-M2-048,212-M2-048,Angular Momentum About a Combined Center of Mass,M2,2026-07-15,/Users/jake/Developer/study/vault/212/M2/2026-07-15-HW-4/Lessons/Problem-12.md,Write linear momentum as $\vec p=m\vec v$.,212-M2-035,212-M2-035,Finding Angular Speed After a Bullet Embeds in a Rotor,M2,2026-07-14,/Users/jake/Developer/study/vault/212/M2/2026-07-14-M2-5/Lessons/Problem-5.md,earlier,true,High,worked_move_equivalent,The lesson turns the bullet's linear momentum m v into orbital angular momentum m v r.,2,0.2819,false,semantically-reviewed,false,,
P212-E0218,REQUIRES,P212-0438,212-M2-049,212-M2-049,Finding Angular Speed from Angular Momentum,M2,2026-07-15,/Users/jake/Developer/study/vault/212/M2/2026-07-15-HW-4/Lessons/Problem-13.md,Recognize angular momentum magnitude $L$ and moment of inertia $I$ about a specified axis.,212-M2-035,212-M2-035,Finding Angular Speed After a Bullet Embeds in a Rotor,M2,2026-07-14,/Users/jake/Developer/study/vault/212/M2/2026-07-14-M2-5/Lessons/Problem-5.md,earlier,true,High,concept_equivalent,The lesson distinguishes angular momentum and moment of inertia about the same specified spindle axis.,1,0.3821,false,semantically-reviewed,false,,
P212-E0219,REQUIRES,P212-0444,212-M3-002,212-M3-002,Gravity at Altitude as a Fraction of Surface Gravity,M3,2026-07-15,/Users/jake/Developer/study/vault/212/M3/2026-07-15-M3-1/Lessons/Problem-2.md,Writing and simplifying ratios,212-M3-014,212-M3-014,Scaling Surface Gravity With Mass and Radius,M3,2026-07-17,/Users/jake/Developer/study/vault/212/M3/2026-07-17-HW-5/Lessons/Problem-4.md,later,true,Medium,worked_move_equivalent,"The lesson forms a ratio of two surface-gravity equations, cancels shared factors, and simplifies the scale factor.",7,0.1782,false,semantically-reviewed,true,CYCLE-013,2
P212-E0220,REQUIRES,P212-0447,212-M3-003,212-M3-003,Finding a Geostationary Satellite's Altitude,M3,2026-07-15,/Users/jake/Developer/study/vault/212/M3/2026-07-15-M3-1/Lessons/Problem-3.md,Circular-orbit period equation,212-M3-015,212-M3-015,Scaling Orbital Period with Orbital Radius,M3,2026-07-17,/Users/jake/Developer/study/vault/212/M3/2026-07-17-HW-5/Lessons/Problem-5.md,later,true,High,concept_equivalent,The lesson states the circular-orbit relation T squared equals C r cubed and practices solving period ratios.,1,0.4853,false,semantically-reviewed,false,,
P212-E0221,REQUIRES,P212-0456,212-M3-005,212-M3-005,Finding Orbital Distance From Orbital Period,M3,2026-07-16,/Users/jake/Developer/study/vault/212/M3/2026-07-16-M3-2/Lessons/Problem-1.md,Evaluate fractional exponents with a scientific calculator.,212-M3-004,212-M3-004,Finding Orbital Distance From Orbital Period,M3,2026-07-15,/Users/jake/Developer/study/vault/212/M3/2026-07-15-M3-1/Lessons/Problem-4.md,earlier,true,High,worked_move_equivalent,A dedicated section evaluates a fractional exponent when computing orbital distance from period.,1,0.302,false,semantically-reviewed,false,,
P212-E0222,REQUIRES,P212-0463,212-M3-007,212-M3-007,Finding the Orbital Period of a Binary Star System,M3,2026-07-16,/Users/jake/Developer/study/vault/212/M3/2026-07-16-M3-2/Lessons/Problem-3.md,Converting between units of time,212-M1-043,212-M1-043,Converting Revolutions per Minute to Radians per Second,M1,2026-06-28,/Users/jake/Developer/study/vault/212/M1/2026-06-28-HW-1/Lessons/Problem-1.md,earlier,true,High,worked_move_equivalent,The lesson explicitly converts a rate denominator from minutes to seconds with a unit factor.,7,0.2062,false,semantically-reviewed,false,,
P212-E0223,REQUIRES,P212-0469,212-M3-009,212-M3-009,Finding the Speed in a Three-Mass Equilateral Orbit,M3,2026-07-16,/Users/jake/Developer/study/vault/212/M3/2026-07-16-M3-2/Lessons/Problem-5.md,Centripetal force: $F_c=mv^2/R$,212-M1-059,212-M1-059,Finding Centripetal Force From Radius and Period,M1,2026-07-03,/Users/jake/Developer/study/vault/212/M1/2026-07-03-HW-2/Lessons/Problem-3.md,earlier,true,High,title_exact,The lesson substitutes circular speed into the centripetal-force formula and practices the force calculation.,1,0.4467,false,semantically-reviewed,false,,
P212-E0224,REQUIRES,P212-0471,212-M3-009,212-M3-009,Finding the Speed in a Three-Mass Equilateral Orbit,M3,2026-07-16,/Users/jake/Developer/study/vault/212/M3/2026-07-16-M3-2/Lessons/Problem-5.md,Geometry of an equilateral triangle,212-M3-008,212-M3-008,Combining Equal Gravitational Forces in an Equilateral Triangle,M3,2026-07-16,/Users/jake/Developer/study/vault/212/M3/2026-07-16-M3-2/Lessons/Problem-4.md,same-date,true,High,worked_move_equivalent,The lesson uses equilateral-triangle angles and the angle bisector to add two equal forces.,1,0.4963,false,semantically-reviewed,false,,
P212-E0225,REQUIRES,P212-0473,212-M3-010,212-M3-010,Total Mechanical Energy of a Three-Body Orbit,M3,2026-07-16,/Users/jake/Developer/study/vault/212/M3/2026-07-16-M3-2/Lessons/Problem-6.md,Kinetic energy: $K=\frac12mv^2$,212-M2-039,212-M2-039,Speed of a Rolling Solid Cylinder From Energy,M2,2026-07-15,/Users/jake/Developer/study/vault/212/M2/2026-07-15-HW-4/Lessons/Problem-3.md,earlier,true,High,concept_equivalent,The rolling-energy lesson writes and uses translational kinetic energy as one half m v squared.,5,0.3147,false,semantically-reviewed,false,,
P212-E0226,REQUIRES,P212-0474,212-M3-010,212-M3-010,Total Mechanical Energy of a Three-Body Orbit,M3,2026-07-16,/Users/jake/Developer/study/vault/212/M3/2026-07-16-M3-2/Lessons/Problem-6.md,Gravitational potential energy of one pair: $U_{\mathrm{pair}}=-Gm_1m_2/r$,212-M3-018,212-M3-018,Gravitational Potential Energy of a Three-Body System,M3,2026-07-17,/Users/jake/Developer/study/vault/212/M3/2026-07-17-HW-5/Lessons/Problem-8.md,later,true,High,concept_equivalent,The lesson introduces negative pair gravitational potential energy and applies it to every distinct pair.,1,0.4968,false,semantically-reviewed,false,,
P212-E0227,REQUIRES,P212-0477,212-M3-011,212-M3-011,Testing Statements About Gravity and Orbits,M3,2026-07-17,/Users/jake/Developer/study/vault/212/M3/2026-07-17-HW-5/Lessons/Problem-1.md,Substitute a surface distance into a formula.,212-M3-002,212-M3-002,Gravity at Altitude as a Fraction of Surface Gravity,M3,2026-07-15,/Users/jake/Developer/study/vault/212/M3/2026-07-15-M3-1/Lessons/Problem-2.md,earlier,true,Medium,worked_move_equivalent,The lesson converts a surface-referenced altitude to center distance before substituting in gravity formulas.,1,0.3073,false,semantically-reviewed,false,,
P212-E0228,REQUIRES,P212-0479,212-M3-011,212-M3-011,Testing Statements About Gravity and Orbits,M3,2026-07-17,/Users/jake/Developer/study/vault/212/M3/2026-07-17-HW-5/Lessons/Problem-1.md,Distinguish a diameter from half of that diameter.,212-M1-002,212-M1-002,Tangential Speed From Angular Velocity,M1,2026-06-29,/Users/jake/Developer/study/vault/212/M1/2026-06-29-M1-3/Lessons/Problem-2.md,earlier,true,High,worked_move_equivalent,A dedicated radius-versus-diameter section divides a diameter by two before using the radius.,1,0.3346,false,semantically-reviewed,false,,
P212-E0229,REQUIRES,P212-0485,212-M3-013,212-M3-013,Net Gravitational Force from a Right-Triangle Arrangement,M3,2026-07-17,/Users/jake/Developer/study/vault/212/M3/2026-07-17-HW-5/Lessons/Problem-3.md,The Pythagorean theorem,212-M3-018,212-M3-018,Gravitational Potential Energy of a Three-Body System,M3,2026-07-17,/Users/jake/Developer/study/vault/212/M3/2026-07-17-HW-5/Lessons/Problem-8.md,same-date,true,High,worked_move_equivalent,A dedicated geometry section derives a diagonal separation with the Pythagorean theorem.,,,false,semantically-reviewed,false,,
P212-E0230,REQUIRES,P212-0487,212-M3-014,212-M3-014,Scaling Surface Gravity With Mass and Radius,M3,2026-07-17,/Users/jake/Developer/study/vault/212/M3/2026-07-17-HW-5/Lessons/Problem-4.md,Use the surface-gravity formula $g=GM/R^2$.,212-M3-002,212-M3-002,Gravity at Altitude as a Fraction of Surface Gravity,M3,2026-07-15,/Users/jake/Developer/study/vault/212/M3/2026-07-15-M3-1/Lessons/Problem-2.md,earlier,true,High,concept_equivalent,The lesson states g equals GM over r squared and applies it at the surface and at altitude.,1,0.3897,false,semantically-reviewed,true,CYCLE-013,2
P212-E0231,REQUIRES,P212-0491,212-M3-015,212-M3-015,Scaling Orbital Period with Orbital Radius,M3,2026-07-17,/Users/jake/Developer/study/vault/212/M3/2026-07-17-HW-5/Lessons/Problem-5.md,Apply powers and simplify square roots.,212-M3-012,212-M3-012,Balancing Opposing Inverse-Square Forces,M3,2026-07-17,/Users/jake/Developer/study/vault/212/M3/2026-07-17-HW-5/Lessons/Problem-2.md,same-date,true,High,worked_move_equivalent,"The lesson takes a physical square root, simplifies radicals, and rationalizes a denominator.",1,0.3559,false,semantically-reviewed,false,,
P212-E0232,REQUIRES,P212-0492,212-M3-016,212-M3-016,Scaling Kinetic Energy in a Circular Orbit,M3,2026-07-17,/Users/jake/Developer/study/vault/212/M3/2026-07-17-HW-5/Lessons/Problem-6.md,Use $F=mv^2/r$ for centripetal force in uniform circular motion.,212-M1-059,212-M1-059,Finding Centripetal Force From Radius and Period,M1,2026-07-03,/Users/jake/Developer/study/vault/212/M1/2026-07-03-HW-2/Lessons/Problem-3.md,earlier,true,High,concept_equivalent,The lesson explicitly uses F equals m v squared over r to calculate centripetal force.,1,0.3458,false,semantically-reviewed,false,,
P212-E0233,REQUIRES,P212-0493,212-M3-016,212-M3-016,Scaling Kinetic Energy in a Circular Orbit,M3,2026-07-17,/Users/jake/Developer/study/vault/212/M3/2026-07-17-HW-5/Lessons/Problem-6.md,Use $F_g=GMm/r^2$ for gravitational force.,212-M3-008,212-M3-008,Combining Equal Gravitational Forces in an Equilateral Triangle,M3,2026-07-16,/Users/jake/Developer/study/vault/212/M3/2026-07-16-M3-2/Lessons/Problem-4.md,earlier,true,High,concept_equivalent,The lesson calculates each pairwise gravitational force with the inverse-square force law.,2,0.3012,false,semantically-reviewed,false,,
P212-E0234,REQUIRES,P212-0494,212-M3-016,212-M3-016,Scaling Kinetic Energy in a Circular Orbit,M3,2026-07-17,/Users/jake/Developer/study/vault/212/M3/2026-07-17-HW-5/Lessons/Problem-6.md,Simplify ratios and reciprocal scale factors.,212-M3-014,212-M3-014,Scaling Surface Gravity With Mass and Radius,M3,2026-07-17,/Users/jake/Developer/study/vault/212/M3/2026-07-17-HW-5/Lessons/Problem-4.md,same-date,true,High,worked_move_equivalent,The lesson builds a gravity ratio and simplifies reciprocal radius scale factors.,1,0.3669,false,semantically-reviewed,false,,
P212-E0235,REQUIRES,P212-0498,212-M3-018,212-M3-018,Gravitational Potential Energy of a Three-Body System,M3,2026-07-17,/Users/jake/Developer/study/vault/212/M3/2026-07-17-HW-5/Lessons/Problem-8.md,Recall that gravity is attractive and that gravitational potential energy is zero at infinite separation.,PATH:M3/2026-07-20-Q-2/Lessons/Problem-3.md,,Total Gravitational Potential Energy: Sum Every Pair Once,M3,2026-07-20,/Users/jake/Developer/study/vault/212/M3/2026-07-20-Q-2/Lessons/Problem-3.md,later,true,High,concept_equivalent,The lesson explicitly ties negative pair energy to attractive gravity and the zero at infinite separation.,1,0.3349,false,semantically-reviewed,true,CYCLE-014,2
P212-E0236,REQUIRES,P212-0501,212-M3-019,212-M3-019,Comparing Angular Momentum at Equal Angular Speed,M3,2026-07-19,/Users/jake/Developer/study/vault/212/M3/2026-07-19-PQ-2/Lessons/Problem-1.md,Recognize angular speed $\omega$ as the rate of rotation.,212-M1-033,212-M1-033,Convert Revolutions Per Second to Angular Frequency,M1,2026-06-24,/Users/jake/Developer/study/vault/212/M1/2026-06-24-M1-1/Lessons/Problem-1.md,earlier,true,High,concept_equivalent,The lesson defines angular frequency as angle swept per unit time and converts a rotation rate.,3,0.3589,false,semantically-reviewed,false,,
P212-E0237,REQUIRES,P212-0502,212-M3-019,212-M3-019,Comparing Angular Momentum at Equal Angular Speed,M3,2026-07-19,/Users/jake/Developer/study/vault/212/M3/2026-07-19-PQ-2/Lessons/Problem-1.md,Identify the perpendicular distance $r$ from a piece of mass to the rotation axis.,212-M2-007,212-M2-007,Comparing Moment of Inertia From Mass Distribution,M2,2026-07-08,/Users/jake/Developer/study/vault/212/M2/2026-07-08-M2-2/Lessons/Problem-1.md,earlier,true,High,concept_equivalent,The lesson defines each inertia radius as perpendicular distance from mass to the rotation axis.,2,0.346,false,semantically-reviewed,false,,
P212-E0238,REQUIRES,P212-0505,212-M3-020,212-M3-020,Comparing Translational and Rotational Kinetic Energy in Rolling,M3,2026-07-19,/Users/jake/Developer/study/vault/212/M3/2026-07-19-PQ-2/Lessons/Problem-2.md,Rotational kinetic energy about the center of mass: $K_{\mathrm{rot}}=\frac12 I_{\mathrm{cm}}\omega^2$,212-M2-023,212-M2-023,Comparing Rotational Kinetic Energies About Parallel Axes,M2,2026-07-12,/Users/jake/Developer/study/vault/212/M2/2026-07-12-HW-3/Lessons/Problem-7.md,earlier,true,High,concept_equivalent,The lesson writes rotational kinetic energy as one half I omega squared and compares axes.,1,0.3813,false,semantically-reviewed,false,,
P212-E0239,REQUIRES,P212-0509,212-M3-021,212-M3-021,Comparing Descent Times with a Rotating Flywheel,M3,2026-07-19,/Users/jake/Developer/study/vault/212/M3/2026-07-19-PQ-2/Lessons/Problem-3.md,Use $\tau=I\alpha$ and the no-slip relation $a=\alpha r$.,212-M2-015,212-M2-015,Finding a Spool's Angular Acceleration From Tension,M2,2026-07-09,/Users/jake/Developer/study/vault/212/M2/2026-07-09-M2-3/Lessons/Problem-5.md,earlier,true,High,compound_split,This lesson teaches the rotational-dynamics half by applying net torque equals I alpha to a spool.,3,0.3251,false,semantically-reviewed,false,,
P212-E0240,REQUIRES,P212-0509,212-M3-021,212-M3-021,Comparing Descent Times with a Rotating Flywheel,M3,2026-07-19,/Users/jake/Developer/study/vault/212/M3/2026-07-19-PQ-2/Lessons/Problem-3.md,Use $\tau=I\alpha$ and the no-slip relation $a=\alpha r$.,212-M3-028,212-M3-028,Connect Rolling Motion to Angular-Momentum Conservation,M3,2026-07-20,/Users/jake/Developer/study/vault/212/M3/2026-07-20-Q-2/Lessons/Group-5-Rolling-and-Angular-Momentum.md,later,false,High,compound_split,This lesson teaches the no-slip half and derives center acceleration equals alpha times radius.,,,false,semantically-reviewed,false,,
P212-E0241,REQUIRES,P212-0511,212-M3-022,212-M3-022,Finding the Tipping Threshold With Torque Balance,M3,2026-07-19,/Users/jake/Developer/study/vault/212/M3/2026-07-19-PQ-2/Lessons/Problem-4.md,Compute a torque magnitude with $\tau=r_\perp F$.,212-M2-011,212-M2-011,Comparing Torque Magnitudes From a Diagram,M2,2026-07-09,/Users/jake/Developer/study/vault/212/M2/2026-07-09-M2-3/Lessons/Problem-1.md,earlier,true,High,concept_equivalent,The lesson defines torque as force times perpendicular lever arm and practices ranking magnitudes.,3,0.3927,false,semantically-reviewed,false,,
P212-E0242,REQUIRES,P212-0513,212-M3-022,212-M3-022,Finding the Tipping Threshold With Torque Balance,M3,2026-07-19,/Users/jake/Developer/study/vault/212/M3/2026-07-19-PQ-2/Lessons/Problem-4.md,Distinguish clockwise from counterclockwise torque.,212-M2-014,212-M2-014,Finding the Direction of a Torque Vector,M2,2026-07-09,/Users/jake/Developer/study/vault/212/M2/2026-07-09-M2-3/Lessons/Problem-4.md,earlier,true,High,title_exact,The lesson explicitly maps counterclockwise and clockwise rotation to opposite torque directions.,3,0.2398,false,semantically-reviewed,false,,
P212-E0243,REQUIRES,P212-0516,212-M3-023,212-M3-023,Four Stars Orbiting at the Corners of a Square,M3,2026-07-19,/Users/jake/Developer/study/vault/212/M3/2026-07-19-PQ-2/Lessons/Problem-5.md,Uniform circular motion: $F_{\mathrm{net}}=mv^2/r$,212-M1-059,212-M1-059,Finding Centripetal Force From Radius and Period,M1,2026-07-03,/Users/jake/Developer/study/vault/212/M1/2026-07-03-HW-2/Lessons/Problem-3.md,earlier,true,High,concept_equivalent,The lesson directly applies net centripetal force as m v squared over r in uniform circular motion.,,,false,semantically-reviewed,false,,
P212-E0244,REQUIRES,P212-0517,212-M3-023,212-M3-023,Four Stars Orbiting at the Corners of a Square,M3,2026-07-19,/Users/jake/Developer/study/vault/212/M3/2026-07-19-PQ-2/Lessons/Problem-5.md,Gravitational potential energy of a pair: $U_{ij}=-Gm_im_j/r_{ij}$,212-M3-018,212-M3-018,Gravitational Potential Energy of a Three-Body System,M3,2026-07-17,/Users/jake/Developer/study/vault/212/M3/2026-07-17-HW-5/Lessons/Problem-8.md,earlier,true,High,concept_equivalent,The lesson introduces the negative gravitational potential energy of a pair and uses each separation.,1,0.4681,false,semantically-reviewed,false,,
P212-E0245,REQUIRES,P212-0519,212-M3-024,212-M3-024,Locate a System's Center of Mass,M3,2026-07-20,/Users/jake/Developer/study/vault/212/M3/2026-07-20-Q-2/Lessons/Group-1-Center-of-Mass-and-Density.md,Solve a linear equation.,212-M2-006,212-M2-006,Finding a Linear-Density Coefficient From Total Mass,M2,2026-07-07,/Users/jake/Developer/study/vault/212/M2/2026-07-07-M2-1/Lessons/Problem-6.md,earlier,true,Medium,worked_move_equivalent,A dedicated section isolates an unknown coefficient in a linear equation after integration.,2,0.3567,false,semantically-reviewed,false,,
P212-E0246,REQUIRES,P212-0520,212-M3-024,212-M3-024,Locate a System's Center of Mass,M3,2026-07-20,/Users/jake/Developer/study/vault/212/M3/2026-07-20-Q-2/Lessons/Group-1-Center-of-Mass-and-Density.md,Evaluate basic polynomial integrals.,212-M1-032,212-M1-032,Angular Displacement Before Reversal,M1,2026-06-23,/Users/jake/Developer/study/vault/212/M1/2026-06-23-M1-00/Lessons/Problem-2.md,earlier,true,High,worked_move_equivalent,The lesson has a dedicated section evaluating a polynomial definite integral with the power rule.,1,0.4507,false,semantically-reviewed,false,,
P212-E0247,REQUIRES,P212-0522,212-M3-024,212-M3-024,Locate a System's Center of Mass,M3,2026-07-20,/Users/jake/Developer/study/vault/212/M3/2026-07-20-Q-2/Lessons/Group-1-Center-of-Mass-and-Density.md,Compute a torque magnitude when a force is perpendicular to its lever arm.,212-M2-011,212-M2-011,Comparing Torque Magnitudes From a Diagram,M2,2026-07-09,/Users/jake/Developer/study/vault/212/M2/2026-07-09-M2-3/Lessons/Problem-1.md,earlier,true,High,concept_equivalent,The lesson shows that a perpendicular force gives maximum torque with lever arm r.,1,0.397,false,semantically-reviewed,false,,
P212-E0248,REQUIRES,P212-0523,212-M3-025,212-M3-025,Build the Moment of Inertia About a Chosen Axis,M3,2026-07-20,/Users/jake/Developer/study/vault/212/M3/2026-07-20-Q-2/Lessons/Group-2-Moment-of-Inertia.md,Compute a center of mass and write $dm$ from a density.,212-M2-020,212-M2-020,Center of Mass from a Linear Density,M2,2026-07-12,/Users/jake/Developer/study/vault/212/M2/2026-07-12-HW-3/Lessons/Problem-4.md,earlier,true,High,concept_equivalent,The lesson writes dm from linear density and uses it in a center-of-mass integral.,2,0.4466,false,semantically-reviewed,false,,
P212-E0249,REQUIRES,P212-0524,212-M3-025,212-M3-025,Build the Moment of Inertia About a Chosen Axis,M3,2026-07-20,/Users/jake/Developer/study/vault/212/M3/2026-07-20-Q-2/Lessons/Group-2-Moment-of-Inertia.md,Evaluate polynomial integrals.,212-M1-032,212-M1-032,Angular Displacement Before Reversal,M1,2026-06-23,/Users/jake/Developer/study/vault/212/M1/2026-06-23-M1-00/Lessons/Problem-2.md,earlier,true,High,worked_move_equivalent,The lesson explicitly sets up and evaluates polynomial integrals using antiderivative power rules.,1,0.4507,false,semantically-reviewed,false,,
P212-E0250,REQUIRES,P212-0525,212-M3-025,212-M3-025,Build the Moment of Inertia About a Chosen Axis,M3,2026-07-20,/Users/jake/Developer/study/vault/212/M3/2026-07-20-Q-2/Lessons/Group-2-Moment-of-Inertia.md,Identify the shortest perpendicular distance from a mass to a rotation axis.,212-M2-007,212-M2-007,Comparing Moment of Inertia From Mass Distribution,M2,2026-07-08,/Users/jake/Developer/study/vault/212/M2/2026-07-08-M2-2/Lessons/Problem-1.md,earlier,true,High,concept_equivalent,The lesson measures inertia distance perpendicularly from each mass to the chosen axis.,1,0.3289,false,semantically-reviewed,false,,
P212-E0251,REQUIRES,P212-0526,212-M3-025,212-M3-025,Build the Moment of Inertia About a Chosen Axis,M3,2026-07-20,/Users/jake/Developer/study/vault/212/M3/2026-07-20-Q-2/Lessons/Group-2-Moment-of-Inertia.md,Use $K_{\mathrm{rot}}=\frac12I\omega^2$.,212-M2-023,212-M2-023,Comparing Rotational Kinetic Energies About Parallel Axes,M2,2026-07-12,/Users/jake/Developer/study/vault/212/M2/2026-07-12-HW-3/Lessons/Problem-7.md,earlier,true,High,concept_equivalent,The lesson directly writes and applies rotational kinetic energy as one half I omega squared.,,,false,semantically-reviewed,false,,
P212-E0252,REQUIRES,P212-0527,212-M3-026,212-M3-026,Turn Applied Forces into Angular Acceleration,M3,2026-07-20,/Users/jake/Developer/study/vault/212/M3/2026-07-20-Q-2/Lessons/Group-3-Torque-and-Rotational-Dynamics.md,Resolve a force into perpendicular components.,212-M3-013,212-M3-013,Net Gravitational Force from a Right-Triangle Arrangement,M3,2026-07-17,/Users/jake/Developer/study/vault/212/M3/2026-07-17-HW-5/Lessons/Problem-3.md,earlier,true,High,concept_equivalent,The lesson resolves a diagonal gravitational force into perpendicular x and y components.,1,0.4006,false,semantically-reviewed,false,,
P212-E0253,REQUIRES,P212-0528,212-M3-026,212-M3-026,Turn Applied Forces into Angular Acceleration,M3,2026-07-20,/Users/jake/Developer/study/vault/212/M3/2026-07-20-Q-2/Lessons/Group-3-Torque-and-Rotational-Dynamics.md,Use the right-hand rule for a cross product.,212-M2-014,212-M2-014,Finding the Direction of a Torque Vector,M2,2026-07-09,/Users/jake/Developer/study/vault/212/M2/2026-07-09-M2-3/Lessons/Problem-4.md,earlier,true,High,concept_equivalent,The lesson applies the right-hand rule to the cross product of position and force.,1,0.3163,false,semantically-reviewed,false,,
P212-E0254,REQUIRES,P212-0529,212-M3-026,212-M3-026,Turn Applied Forces into Angular Acceleration,M3,2026-07-20,/Users/jake/Developer/study/vault/212/M3/2026-07-20-Q-2/Lessons/Group-3-Torque-and-Rotational-Dynamics.md,Calculate common moments of inertia about a stated axis.,212-M3-025,212-M3-025,Build the Moment of Inertia About a Chosen Axis,M3,2026-07-20,/Users/jake/Developer/study/vault/212/M3/2026-07-20-Q-2/Lessons/Group-2-Moment-of-Inertia.md,same-date,true,High,concept_equivalent,The lesson calculates moments of inertia only after fixing the object-axis pair.,2,0.4054,false,semantically-reviewed,false,,
P212-E0255,REQUIRES,P212-0530,212-M3-026,212-M3-026,Turn Applied Forces into Angular Acceleration,M3,2026-07-20,/Users/jake/Developer/study/vault/212/M3/2026-07-20-Q-2/Lessons/Group-3-Torque-and-Rotational-Dynamics.md,Distinguish a force from the torque that force produces.,212-M2-013,212-M2-013,Finding Torque from a Force at an Angle,M2,2026-07-09,/Users/jake/Developer/study/vault/212/M2/2026-07-09-M2-3/Lessons/Problem-3.md,earlier,true,High,concept_equivalent,The lesson distinguishes an applied force from the torque made by its perpendicular component.,1,0.4313,false,semantically-reviewed,false,,
P212-E0256,REQUIRES,P212-0531,212-M3-027,212-M3-027,Solve Coupled Equilibrium and Massive-Pulley Systems,M3,2026-07-20,/Users/jake/Developer/study/vault/212/M3/2026-07-20-Q-2/Lessons/Group-4-Equilibrium-and-Massive-Pulleys.md,Draw point and extended free-body diagrams.,212-M2-015,212-M2-015,Finding a Spool's Angular Acceleration From Tension,M2,2026-07-09,/Users/jake/Developer/study/vault/212/M2/2026-07-09-M2-3/Lessons/Problem-5.md,earlier,true,High,worked_move_equivalent,A section explicitly contrasts an ordinary free-body diagram with an extended lever-arm diagram.,6,0.1897,false,semantically-reviewed,false,,
P212-E0257,REQUIRES,P212-0532,212-M3-027,212-M3-027,Solve Coupled Equilibrium and Massive-Pulley Systems,M3,2026-07-20,/Users/jake/Developer/study/vault/212/M3/2026-07-20-Q-2/Lessons/Group-4-Equilibrium-and-Massive-Pulleys.md,Calculate signed torques about a chosen pivot.,212-M2-027,212-M2-027,Balancing a Plank With Opposing Torques,M2,2026-07-13,/Users/jake/Developer/study/vault/212/M2/2026-07-13-M2-4/Lessons/Problem-1.md,earlier,true,High,concept_equivalent,The lesson chooses a pivot and writes counterclockwise and clockwise torques with opposite signs.,1,0.31,false,semantically-reviewed,false,,
P212-E0258,REQUIRES,P212-0533,212-M3-027,212-M3-027,Solve Coupled Equilibrium and Massive-Pulley Systems,M3,2026-07-20,/Users/jake/Developer/study/vault/212/M3/2026-07-20-Q-2/Lessons/Group-4-Equilibrium-and-Massive-Pulleys.md,Use $\sum\vec F=m\vec a$ and $\sum\tau=I\alpha$.,212-M2-030,212-M2-030,Finding Atwood-Machine Acceleration With a Massive Pulley,M2,2026-07-13,/Users/jake/Developer/study/vault/212/M2/2026-07-13-M2-4/Lessons/Problem-4.md,earlier,true,High,concept_equivalent,The massive-pulley lesson applies Newton force equations to both blocks and a net-torque equation to the pulley.,,,false,semantically-reviewed,false,,
P212-E0259,REQUIRES,P212-0534,212-M3-027,212-M3-027,Solve Coupled Equilibrium and Massive-Pulley Systems,M3,2026-07-20,/Users/jake/Developer/study/vault/212/M3/2026-07-20-Q-2/Lessons/Group-4-Equilibrium-and-Massive-Pulleys.md,Use the no-slip relation $a=\alpha r$.,212-M3-028,212-M3-028,Connect Rolling Motion to Angular-Momentum Conservation,M3,2026-07-20,/Users/jake/Developer/study/vault/212/M3/2026-07-20-Q-2/Lessons/Group-5-Rolling-and-Angular-Momentum.md,same-date,true,High,concept_equivalent,A dedicated no-slip section states and derives center acceleration equals alpha times radius.,3,0.2922,false,semantically-reviewed,false,,
P212-E0260,REQUIRES,P212-0535,212-M3-028,212-M3-028,Connect Rolling Motion to Angular-Momentum Conservation,M3,2026-07-20,/Users/jake/Developer/study/vault/212/M3/2026-07-20-Q-2/Lessons/Group-5-Rolling-and-Angular-Momentum.md,"translational kinetic energy, $K_{\mathrm{trans}}=\frac12Mv^2$,",212-M3-020,212-M3-020,Comparing Translational and Rotational Kinetic Energy in Rolling,M3,2026-07-19,/Users/jake/Developer/study/vault/212/M3/2026-07-19-PQ-2/Lessons/Problem-2.md,earlier,true,High,concept_equivalent,The lesson writes translational kinetic energy and expresses it in the common rolling speed.,1,0.4368,false,semantically-reviewed,false,,
P212-E0261,REQUIRES,P212-0536,212-M3-028,212-M3-028,Connect Rolling Motion to Angular-Momentum Conservation,M3,2026-07-20,/Users/jake/Developer/study/vault/212/M3/2026-07-20-Q-2/Lessons/Group-5-Rolling-and-Angular-Momentum.md,"rotational kinetic energy, $K_{\mathrm{rot}}=\frac12I\omega^2$,",212-M3-020,212-M3-020,Comparing Translational and Rotational Kinetic Energy in Rolling,M3,2026-07-19,/Users/jake/Developer/study/vault/212/M3/2026-07-19-PQ-2/Lessons/Problem-2.md,earlier,true,High,concept_equivalent,The lesson writes rotational kinetic energy and compares it with translational kinetic energy.,1,0.3996,false,semantically-reviewed,false,,
P212-E0262,REQUIRES,P212-0537,212-M3-028,212-M3-028,Connect Rolling Motion to Angular-Momentum Conservation,M3,2026-07-20,/Users/jake/Developer/study/vault/212/M3/2026-07-20-Q-2/Lessons/Group-5-Rolling-and-Angular-Momentum.md,"gravitational potential energy, $U_g=Mgh$,",212-M2-040,212-M2-040,Total Kinetic Energy From a Loss of Height,M2,2026-07-15,/Users/jake/Developer/study/vault/212/M2/2026-07-15-HW-4/Lessons/Problem-4.md,earlier,true,High,concept_equivalent,The lesson identifies the loss of gravitational potential energy as m g h.,5,0.2654,false,semantically-reviewed,false,,
P212-E0263,REQUIRES,P212-0538,212-M3-028,212-M3-028,Connect Rolling Motion to Angular-Momentum Conservation,M3,2026-07-20,/Users/jake/Developer/study/vault/212/M3/2026-07-20-Q-2/Lessons/Group-5-Rolling-and-Angular-Momentum.md,"moment of inertia about a specified axis,",212-M3-025,212-M3-025,Build the Moment of Inertia About a Chosen Axis,M3,2026-07-20,/Users/jake/Developer/study/vault/212/M3/2026-07-20-Q-2/Lessons/Group-2-Moment-of-Inertia.md,same-date,true,High,concept_equivalent,The lesson teaches that moment of inertia belongs to a specified object-axis pair.,2,0.4248,false,semantically-reviewed,false,,
P212-E0264,REQUIRES,P212-0541,PATH:M3/2026-07-20-Q-2/Lessons/Problem-1.md,,Ranking Forces in a Massive-Pulley Atwood Machine,M3,2026-07-20,/Users/jake/Developer/study/vault/212/M3/2026-07-20-Q-2/Lessons/Problem-1.md,Identify weight $mg$ and string tension $T$ on a hanging block.,212-M2-030,212-M2-030,Finding Atwood-Machine Acceleration With a Massive Pulley,M2,2026-07-13,/Users/jake/Developer/study/vault/212/M2/2026-07-13-M2-4/Lessons/Problem-4.md,earlier,true,High,worked_move_equivalent,The lesson explicitly writes each hanging block equation using its weight and string tension.,7,0.2197,false,semantically-reviewed,false,,
P212-E0265,REQUIRES,P212-0542,PATH:M3/2026-07-20-Q-2/Lessons/Problem-1.md,,Ranking Forces in a Massive-Pulley Atwood Machine,M3,2026-07-20,/Users/jake/Developer/study/vault/212/M3/2026-07-20-Q-2/Lessons/Problem-1.md,Use the direction of acceleration to determine the direction of net force.,212-M1-054,212-M1-054,Choosing the Net Force Direction for Clockwise Speeding Up,M1,2026-07-02,/Users/jake/Developer/study/vault/212/M1/2026-07-02-M1-5/Lessons/Problem-2.md,earlier,true,High,concept_equivalent,The lesson states that net force points with total acceleration and uses that direction first.,1,0.4849,false,semantically-reviewed,false,,
P212-E0266,REQUIRES,P212-0544,PATH:M3/2026-07-20-Q-2/Lessons/Problem-2.md,,Comparing the Speeds of Rolling Objects,M3,2026-07-20,/Users/jake/Developer/study/vault/212/M3/2026-07-20-Q-2/Lessons/Problem-2.md,Conservation of mechanical energy when dissipative losses are negligible,212-M2-040,212-M2-040,Total Kinetic Energy From a Loss of Height,M2,2026-07-15,/Users/jake/Developer/study/vault/212/M2/2026-07-15-HW-4/Lessons/Problem-4.md,earlier,true,High,concept_equivalent,The lesson conserves mechanical energy for rolling with no energy loss between endpoints.,3,0.2462,false,semantically-reviewed,false,,
P212-E0267,REQUIRES,P212-0545,PATH:M3/2026-07-20-Q-2/Lessons/Problem-2.md,,Comparing the Speeds of Rolling Objects,M3,2026-07-20,/Users/jake/Developer/study/vault/212/M3/2026-07-20-Q-2/Lessons/Problem-2.md,"Translational kinetic energy, $K_{\mathrm{trans}}=\tfrac12mv^2$",212-M3-020,212-M3-020,Comparing Translational and Rotational Kinetic Energy in Rolling,M3,2026-07-19,/Users/jake/Developer/study/vault/212/M3/2026-07-19-PQ-2/Lessons/Problem-2.md,earlier,true,High,concept_equivalent,The lesson explicitly uses one half m v squared for translational kinetic energy.,1,0.4026,false,semantically-reviewed,false,,
P212-E0268,REQUIRES,P212-0546,PATH:M3/2026-07-20-Q-2/Lessons/Problem-2.md,,Comparing the Speeds of Rolling Objects,M3,2026-07-20,/Users/jake/Developer/study/vault/212/M3/2026-07-20-Q-2/Lessons/Problem-2.md,"Rotational kinetic energy, $K_{\mathrm{rot}}=\tfrac12I\omega^2$",212-M3-020,212-M3-020,Comparing Translational and Rotational Kinetic Energy in Rolling,M3,2026-07-19,/Users/jake/Developer/study/vault/212/M3/2026-07-19-PQ-2/Lessons/Problem-2.md,earlier,true,High,concept_equivalent,The lesson explicitly uses one half I omega squared for rotational kinetic energy.,1,0.3519,false,semantically-reviewed,false,,
P212-E0269,REQUIRES,P212-0549,PATH:M3/2026-07-20-Q-2/Lessons/Problem-3.md,,Total Gravitational Potential Energy: Sum Every Pair Once,M3,2026-07-20,/Users/jake/Developer/study/vault/212/M3/2026-07-20-Q-2/Lessons/Problem-3.md,Use the two-body gravitational potential energy formula $U=-Gm_1m_2/d$.,212-M3-018,212-M3-018,Gravitational Potential Energy of a Three-Body System,M3,2026-07-17,/Users/jake/Developer/study/vault/212/M3/2026-07-17-HW-5/Lessons/Problem-8.md,earlier,true,High,concept_equivalent,The lesson applies negative G m one m two over separation to every body pair.,1,0.4825,false,semantically-reviewed,true,CYCLE-014,2
P212-E0270,REQUIRES,P212-0553,PATH:M3/2026-07-20-Q-2/Lessons/Problem-4.md,,From Composite Center of Mass to Tangential Speed,M3,2026-07-20,/Users/jake/Developer/study/vault/212/M3/2026-07-20-Q-2/Lessons/Problem-4.md,Compute a weighted average.,212-M2-002,212-M2-002,Center of Mass of Two Point Masses,M2,2026-07-07,/Users/jake/Developer/study/vault/212/M2/2026-07-07-M2-1/Lessons/Problem-2.md,earlier,true,High,concept_equivalent,The lesson presents center of mass as a mass-weighted average and practices the calculation.,1,0.3645,false,semantically-reviewed,false,,
P212-E0271,REQUIRES,P212-0555,PATH:M3/2026-07-20-Q-2/Lessons/Problem-4.md,,From Composite Center of Mass to Tangential Speed,M3,2026-07-20,/Users/jake/Developer/study/vault/212/M3/2026-07-20-Q-2/Lessons/Problem-4.md,Use the rigid-rotation relation $v=\omega r$.,212-M1-002,212-M1-002,Tangential Speed From Angular Velocity,M1,2026-06-29,/Users/jake/Developer/study/vault/212/M1/2026-06-29-M1-3/Lessons/Problem-2.md,earlier,true,High,title_exact,The lesson directly teaches tangential speed from angular speed with v equals r omega.,3,0.2975,false,semantically-reviewed,false,,
P212-E0272,REQUIRES,P212-0557,PATH:M3/2026-07-20-Q-2/Lessons/Problem-5.md,,Solving Circular Binary-Star Systems from Their Separation,M3,2026-07-20,/Users/jake/Developer/study/vault/212/M3/2026-07-20-Q-2/Lessons/Problem-5.md,Use Newton's gravitational force and the centripetal-acceleration form $a=\omega^2r$.,212-M1-004,212-M1-004,Checking the Magnitude of Centripetal Acceleration,M1,2026-06-28,/Users/jake/Developer/study/vault/212/M1/2026-06-28-HW-1/Lessons/Problem-9.md,earlier,true,High,compound_split,This lesson teaches the centripetal half by deriving acceleration as omega squared times radius.,2,0.3085,false,semantically-reviewed,false,,
P212-E0273,REQUIRES,P212-0557,PATH:M3/2026-07-20-Q-2/Lessons/Problem-5.md,,Solving Circular Binary-Star Systems from Their Separation,M3,2026-07-20,/Users/jake/Developer/study/vault/212/M3/2026-07-20-Q-2/Lessons/Problem-5.md,Use Newton's gravitational force and the centripetal-acceleration form $a=\omega^2r$.,212-M3-008,212-M3-008,Combining Equal Gravitational Forces in an Equilateral Triangle,M3,2026-07-16,/Users/jake/Developer/study/vault/212/M3/2026-07-16-M3-2/Lessons/Problem-4.md,earlier,false,High,compound_split,This lesson teaches the gravity half by calculating each force with Newton's inverse-square law.,,,false,semantically-reviewed,false,,
P212-E0274,REQUIRES,P212-0558,PATH:M3/2026-07-20-Q-2/Lessons/Problem-5.md,,Solving Circular Binary-Star Systems from Their Separation,M3,2026-07-20,/Users/jake/Developer/study/vault/212/M3/2026-07-20-Q-2/Lessons/Problem-5.md,Convert between angular speed and period with $T=2\pi/\omega$.,212-M1-039,212-M1-039,Putting Period in the Denominator for Rotating-Disk Speed,M1,2026-06-25,/Users/jake/Developer/study/vault/212/M1/2026-06-25-M1-2/Lessons/Problem-3.md,earlier,true,High,concept_equivalent,A dedicated section derives omega equals two pi over period and rearranges the relation.,1,0.366,false,semantically-reviewed,false,,
P212-E0275,REQUIRES,P212-0561,212-M4-001,212-M4-001,Finding Maximum Speed From a Cosine Position Function,M4,2026-07-21,/Users/jake/Developer/study/vault/212/M4/2026-07-21-M4-1/Lessons/Problem-1.md,Interpret velocity as the time derivative of position.,212-M1-037,212-M1-037,Find Angular Speed From Angular Position,M1,2026-06-25,/Users/jake/Developer/study/vault/212/M1/2026-06-25-M1-2/Lessons/Problem-1.md,earlier,true,High,concept_equivalent,The lesson obtains angular velocity by differentiating angular position with respect to time.,1,0.3738,false,semantically-reviewed,false,,
P212-E0276,REQUIRES,P212-0564,212-M4-001,212-M4-001,Finding Maximum Speed From a Cosine Position Function,M4,2026-07-21,/Users/jake/Developer/study/vault/212/M4/2026-07-21-M4-1/Lessons/Problem-1.md,Distinguish velocity from speed.,212-M1-037,212-M1-037,Find Angular Speed From Angular Position,M1,2026-06-25,/Users/jake/Developer/study/vault/212/M1/2026-06-25-M1-2/Lessons/Problem-1.md,earlier,true,High,concept_equivalent,A dedicated section distinguishes signed angular velocity from its nonnegative speed magnitude.,3,0.4009,false,semantically-reviewed,false,,
P212-E0277,REQUIRES,P212-0567,212-M4-002,212-M4-002,Reading Amplitude From a Position–Time Graph,M4,2026-07-21,/Users/jake/Developer/study/vault/212/M4/2026-07-21-M4-1/Lessons/Problem-2.md,Distinguish the horizontal time axis from the vertical position axis.,212-M4-004,212-M4-004,Finding Frequency From a Position–Time Graph,M4,2026-07-21,/Users/jake/Developer/study/vault/212/M4/2026-07-21-M4-1/Lessons/Problem-4.md,same-date,true,High,worked_move_equivalent,The lesson explicitly reads cycle time horizontally and position or amplitude vertically.,1,0.3279,false,semantically-reviewed,false,,
P212-E0278,REQUIRES,P212-0568,212-M4-003,212-M4-003,Reading an Oscillation Period From a Position-Time Graph,M4,2026-07-21,/Users/jake/Developer/study/vault/212/M4/2026-07-21-M4-1/Lessons/Problem-3.md,Read coordinates from a position-time graph.,212-M4-002,212-M4-002,Reading Amplitude From a Position–Time Graph,M4,2026-07-21,/Users/jake/Developer/study/vault/212/M4/2026-07-21-M4-1/Lessons/Problem-2.md,same-date,true,High,worked_move_equivalent,The lesson reads maximum and minimum position coordinates from the graph's vertical scale.,2,0.3834,false,semantically-reviewed,false,,
P212-E0279,REQUIRES,P212-0574,212-M4-005,212-M4-005,Finding Angular Frequency From an Oscillation Graph,M4,2026-07-21,/Users/jake/Developer/study/vault/212/M4/2026-07-21-M4-1/Lessons/Problem-5.md,Read time coordinates from a position-time graph.,212-M4-003,212-M4-003,Reading an Oscillation Period From a Position-Time Graph,M4,2026-07-21,/Users/jake/Developer/study/vault/212/M4/2026-07-21-M4-1/Lessons/Problem-3.md,same-date,true,High,title_exact,The lesson subtracts time coordinates of matching phase landmarks to find the period.,2,0.4166,false,semantically-reviewed,false,,
P212-E0280,REQUIRES,P212-0578,212-M4-006,212-M4-006,Finding Maximum SHM Speed From a Position-Time Graph,M4,2026-07-21,/Users/jake/Developer/study/vault/212/M4/2026-07-21-M4-1/Lessons/Problem-6.md,Read coordinates and scale markings from a position-time graph.,212-M4-019,212-M4-019,Maximum Kinetic Energy from an SHM Position–Time Graph,M4,2026-07-23,/Users/jake/Developer/study/vault/212/M4/2026-07-23-HW-6/Lessons/Problem-4.md,later,true,Medium,worked_move_equivalent,The lesson reads both amplitude and period from the marked vertical and horizontal graph scales.,4,0.2681,false,semantically-reviewed,false,,
P212-E0281,REQUIRES,P212-0579,212-M4-006,212-M4-006,Finding Maximum SHM Speed From a Position-Time Graph,M4,2026-07-21,/Users/jake/Developer/study/vault/212/M4/2026-07-21-M4-1/Lessons/Problem-6.md,Recognize amplitude as maximum displacement from equilibrium.,212-M4-002,212-M4-002,Reading Amplitude From a Position–Time Graph,M4,2026-07-21,/Users/jake/Developer/study/vault/212/M4/2026-07-21-M4-1/Lessons/Problem-2.md,same-date,true,High,concept_equivalent,The lesson defines amplitude as maximum distance from equilibrium and reads it from a graph.,2,0.3376,false,semantically-reviewed,false,,
P212-E0282,REQUIRES,P212-0580,212-M4-006,212-M4-006,Finding Maximum SHM Speed From a Position-Time Graph,M4,2026-07-21,/Users/jake/Developer/study/vault/212/M4/2026-07-21-M4-1/Lessons/Problem-6.md,Recognize period as the time for one complete cycle.,212-M4-003,212-M4-003,Reading an Oscillation Period From a Position-Time Graph,M4,2026-07-21,/Users/jake/Developer/study/vault/212/M4/2026-07-21-M4-1/Lessons/Problem-3.md,same-date,true,High,concept_equivalent,The lesson defines a period by measuring one complete repeat between matching phase points.,3,0.3527,false,semantically-reviewed,false,,
P212-E0283,REQUIRES,P212-0585,212-M4-008,212-M4-008,Finding Instantaneous SHM Velocity From Cycle Data,M4,2026-07-21,/Users/jake/Developer/study/vault/212/M4/2026-07-21-M4-1/Lessons/Problem-8.md,Measure displacement from the equilibrium position.,212-M4-002,212-M4-002,Reading Amplitude From a Position–Time Graph,M4,2026-07-21,/Users/jake/Developer/study/vault/212/M4/2026-07-21-M4-1/Lessons/Problem-2.md,same-date,true,Medium,concept_equivalent,"The lesson measures position displacement relative to equilibrium, including a shifted equilibrium.",1,0.378,false,semantically-reviewed,false,,
P212-E0284,REQUIRES,P212-0587,212-M4-008,212-M4-008,Finding Instantaneous SHM Velocity From Cycle Data,M4,2026-07-21,/Users/jake/Developer/study/vault/212/M4/2026-07-21-M4-1/Lessons/Problem-8.md,Use $\omega=2\pi f$.,212-M1-033,212-M1-033,Convert Revolutions Per Second to Angular Frequency,M1,2026-06-24,/Users/jake/Developer/study/vault/212/M1/2026-06-24-M1-1/Lessons/Problem-1.md,earlier,true,High,concept_equivalent,The lesson multiplies cycles per second by two pi radians per cycle to obtain angular frequency.,,,false,semantically-reviewed,false,,
P212-E0285,REQUIRES,P212-0588,212-M4-008,212-M4-008,Finding Instantaneous SHM Velocity From Cycle Data,M4,2026-07-21,/Users/jake/Developer/study/vault/212/M4/2026-07-21-M4-1/Lessons/Problem-8.md,Differentiate $A\cos(\omega t)$ with the chain rule.,212-M4-001,212-M4-001,Finding Maximum Speed From a Cosine Position Function,M4,2026-07-21,/Users/jake/Developer/study/vault/212/M4/2026-07-21-M4-1/Lessons/Problem-1.md,same-date,true,High,worked_move_equivalent,A dedicated section differentiates A cosine omega t to negative A omega sine omega t.,2,0.2771,false,semantically-reviewed,false,,
P212-E0286,REQUIRES,P212-0590,212-M4-009,212-M4-009,Finding Maximum Speed in a Spring Oscillation,M4,2026-07-21,/Users/jake/Developer/study/vault/212/M4/2026-07-21-M4-1/Lessons/Problem-9.md,Spring potential energy: $U_s=\frac12kx^2$,212-M4-022,212-M4-022,Speed of a Spring Oscillator at a Given Position,M4,2026-07-23,/Users/jake/Developer/study/vault/212/M4/2026-07-23-HW-6/Lessons/Problem-7.md,later,true,High,concept_equivalent,The spring-energy balance explicitly uses spring potential energy as one half k x squared.,1,0.3008,false,semantically-reviewed,false,,
P212-E0287,REQUIRES,P212-0591,212-M4-009,212-M4-009,Finding Maximum Speed in a Spring Oscillation,M4,2026-07-21,/Users/jake/Developer/study/vault/212/M4/2026-07-21-M4-1/Lessons/Problem-9.md,Kinetic energy: $K=\frac12mv^2$,212-M2-039,212-M2-039,Speed of a Rolling Solid Cylinder From Energy,M2,2026-07-15,/Users/jake/Developer/study/vault/212/M2/2026-07-15-HW-4/Lessons/Problem-3.md,earlier,true,High,concept_equivalent,The lesson writes and uses translational kinetic energy as one half m v squared.,6,0.3147,false,semantically-reviewed,false,,
P212-E0288,REQUIRES,P212-0592,212-M4-009,212-M4-009,Finding Maximum Speed in a Spring Oscillation,M4,2026-07-21,/Users/jake/Developer/study/vault/212/M4/2026-07-21-M4-1/Lessons/Problem-9.md,Conservation of mechanical energy on a frictionless surface,212-M2-040,212-M2-040,Total Kinetic Energy From a Loss of Height,M2,2026-07-15,/Users/jake/Developer/study/vault/212/M2/2026-07-15-HW-4/Lessons/Problem-4.md,earlier,true,High,concept_equivalent,The lesson conserves mechanical energy between endpoints when rolling losses are negligible.,,,false,semantically-reviewed,false,,
P212-E0289,REQUIRES,P212-0595,212-M4-030,212-M4-030,Why a Pendulum Becomes Simple Harmonic Motion,M4,2026-07-22,/Users/jake/Developer/study/vault/212/M4/2026-07-22-M4-2/Lessons/pendulum-shm-small-angle-derivation.md,Recognize $\ell$ as the distance from the pivot to the center of mass and $I$ as the moment of inertia about the pivot.,212-M2-010,212-M2-010,Moment of Inertia About an Off-Center Rod Pivot,M2,2026-07-08,/Users/jake/Developer/study/vault/212/M2/2026-07-08-M2-2/Lessons/Problem-4.md,earlier,true,High,concept_equivalent,The lesson identifies pivot-to-center distance and builds moment of inertia about that pivot.,1,0.4862,false,semantically-reviewed,false,,
P212-E0290,REQUIRES,P212-0598,212-M4-010,212-M4-010,Comparing Pendulum Periods When Bob Mass Changes,M4,2026-07-22,/Users/jake/Developer/study/vault/212/M4/2026-07-22-M4-2/Lessons/Problem-1.md,Recognize the period $T$ as the time for one full oscillation.,212-M4-003,212-M4-003,Reading an Oscillation Period From a Position-Time Graph,M4,2026-07-21,/Users/jake/Developer/study/vault/212/M4/2026-07-21-M4-1/Lessons/Problem-3.md,earlier,true,High,concept_equivalent,The lesson defines the period as elapsed time for one complete oscillatory repeat.,1,0.419,false,semantically-reviewed,false,,
P212-E0291,REQUIRES,P212-0599,212-M4-010,212-M4-010,Comparing Pendulum Periods When Bob Mass Changes,M4,2026-07-22,/Users/jake/Developer/study/vault/212/M4/2026-07-22-M4-2/Lessons/Problem-1.md,Use the small-angle simple-pendulum formula $T=2\pi\sqrt{L/g}$.,212-M4-030,212-M4-030,Why a Pendulum Becomes Simple Harmonic Motion,M4,2026-07-22,/Users/jake/Developer/study/vault/212/M4/2026-07-22-M4-2/Lessons/pendulum-shm-small-angle-derivation.md,same-date,true,High,concept_equivalent,The derivation specializes the small-angle model to the simple-pendulum period formula.,1,0.4103,false,semantically-reviewed,false,,
P212-E0292,REQUIRES,P212-0604,212-M4-012,212-M4-012,Period of a Uniform Rod as a Physical Pendulum,M4,2026-07-22,/Users/jake/Developer/study/vault/212/M4/2026-07-22-M4-2/Lessons/Problem-3.md,Use the small-angle physical-pendulum period formula.,212-M4-015,212-M4-015,Finding the Period of a Rod–Disk Physical Pendulum,M4,2026-07-22,/Users/jake/Developer/study/vault/212/M4/2026-07-22-M4-2/Lessons/Problem-6.md,same-date,true,High,concept_equivalent,The lesson applies the physical-pendulum period formula to a rigid composite assembly.,2,0.4036,false,semantically-reviewed,false,,
P212-E0293,REQUIRES,P212-0605,212-M4-012,212-M4-012,Period of a Uniform Rod as a Physical Pendulum,M4,2026-07-22,/Users/jake/Developer/study/vault/212/M4/2026-07-22-M4-2/Lessons/Problem-3.md,Identify a rigid body's center of mass and moment of inertia about its pivot.,212-M2-010,212-M2-010,Moment of Inertia About an Off-Center Rod Pivot,M2,2026-07-08,/Users/jake/Developer/study/vault/212/M2/2026-07-08-M2-2/Lessons/Problem-4.md,earlier,true,High,concept_equivalent,The lesson locates a uniform rod's center and shifts its inertia to an off-center pivot.,1,0.4392,false,semantically-reviewed,false,,
P212-E0294,REQUIRES,P212-0606,212-M4-012,212-M4-012,Period of a Uniform Rod as a Physical Pendulum,M4,2026-07-22,/Users/jake/Developer/study/vault/212/M4/2026-07-22-M4-2/Lessons/Problem-3.md,Simplify fractions and square roots.,212-M3-012,212-M3-012,Balancing Opposing Inverse-Square Forces,M3,2026-07-17,/Users/jake/Developer/study/vault/212/M3/2026-07-17-HW-5/Lessons/Problem-2.md,earlier,true,High,worked_move_equivalent,The lesson simplifies radical fractions and rationalizes a denominator in a worked solution.,1,0.3559,false,semantically-reviewed,false,,
P212-E0295,REQUIRES,P212-0608,212-M4-013,212-M4-013,Finding the Period of a Uniform Rod About an Offset Pivot,M4,2026-07-22,/Users/jake/Developer/study/vault/212/M4/2026-07-22-M4-2/Lessons/Problem-4.md,Locate the center of mass of a uniform rod at its midpoint.,PATH:M3/2026-07-20-Q-2/Lessons/Examples/M2-2-02-Uniform-Rod-About-Center.md,,Uniform Thin Rod Rotating About Its Center,M3,2026-07-20,/Users/jake/Developer/study/vault/212/M3/2026-07-20-Q-2/Lessons/Examples/M2-2-02-Uniform-Rod-About-Center.md,earlier,true,High,concept_equivalent,The walkthrough places a uniform rod's center at its midpoint with limits from negative L over two to positive L over two.,1,0.443,false,semantically-reviewed,false,,
P212-E0296,REQUIRES,P212-0610,212-M4-013,212-M4-013,Finding the Period of a Uniform Rod About an Offset Pivot,M4,2026-07-22,/Users/jake/Developer/study/vault/212/M4/2026-07-22-M4-2/Lessons/Problem-4.md,Use the parallel-axis theorem $I_p=I_{\mathrm{cm}}+md^2$.,212-M2-022,212-M2-022,Shifting a Moment of Inertia to a Parallel Axis,M2,2026-07-12,/Users/jake/Developer/study/vault/212/M2/2026-07-12-HW-3/Lessons/Problem-6.md,earlier,true,High,title_exact,The lesson directly teaches shifting inertia to a parallel axis with I new equals I cm plus M d squared.,2,0.5096,false,semantically-reviewed,false,,
P212-E0297,REQUIRES,P212-0611,212-M4-013,212-M4-013,Finding the Period of a Uniform Rod About an Offset Pivot,M4,2026-07-22,/Users/jake/Developer/study/vault/212/M4/2026-07-22-M4-2/Lessons/Problem-4.md,Use the small-angle physical-pendulum formula $T=2\pi\sqrt{I_p/(mgd)}$.,212-M4-012,212-M4-012,Period of a Uniform Rod as a Physical Pendulum,M4,2026-07-22,/Users/jake/Developer/study/vault/212/M4/2026-07-22-M4-2/Lessons/Problem-3.md,same-date,true,High,concept_equivalent,The lesson applies the small-angle physical-pendulum formula using pivot inertia and center distance.,1,0.3908,false,semantically-reviewed,false,,
P212-E0298,REQUIRES,P212-0612,212-M4-014,212-M4-014,Period of a Rod-and-Point-Mass Pendulum,M4,2026-07-22,/Users/jake/Developer/study/vault/212/M4/2026-07-22-M4-2/Lessons/Problem-5.md,Use the small-angle physical-pendulum period formula.,212-M4-012,212-M4-012,Period of a Uniform Rod as a Physical Pendulum,M4,2026-07-22,/Users/jake/Developer/study/vault/212/M4/2026-07-22-M4-2/Lessons/Problem-3.md,same-date,true,High,concept_equivalent,The lesson teaches and evaluates the physical-pendulum period relation for a uniform rod.,1,0.5333,false,semantically-reviewed,false,,
P212-E0299,REQUIRES,P212-0613,212-M4-014,212-M4-014,Period of a Rod-and-Point-Mass Pendulum,M4,2026-07-22,/Users/jake/Developer/study/vault/212/M4/2026-07-22-M4-2/Lessons/Problem-5.md,Find moments of inertia about a specified pivot.,212-M2-010,212-M2-010,Moment of Inertia About an Off-Center Rod Pivot,M2,2026-07-08,/Users/jake/Developer/study/vault/212/M2/2026-07-08-M2-2/Lessons/Problem-4.md,earlier,true,High,concept_equivalent,The lesson calculates a rod's moment of inertia about a specified off-center pivot.,1,0.4225,false,semantically-reviewed,false,,
P212-E0300,REQUIRES,P212-0614,212-M4-014,212-M4-014,Period of a Rod-and-Point-Mass Pendulum,M4,2026-07-22,/Users/jake/Developer/study/vault/212/M4/2026-07-22-M4-2/Lessons/Problem-5.md,Locate each component's center of mass.,212-M3-024,212-M3-024,Locate a System's Center of Mass,M3,2026-07-20,/Users/jake/Developer/study/vault/212/M3/2026-07-20-Q-2/Lessons/Group-1-Center-of-Mass-and-Density.md,earlier,true,Medium,worked_move_equivalent,The lesson explicitly locates the geometric center of each uniform component before combining them.,1,0.3281,false,semantically-reviewed,false,,
P212-E0301,REQUIRES,P212-0616,212-M4-015,212-M4-015,Finding the Period of a Rod–Disk Physical Pendulum,M4,2026-07-22,/Users/jake/Developer/study/vault/212/M4/2026-07-22-M4-2/Lessons/Problem-6.md,Know that a moment of inertia is defined relative to a particular rotation axis.,212-M2-007,212-M2-007,Comparing Moment of Inertia From Mass Distribution,M2,2026-07-08,/Users/jake/Developer/study/vault/212/M2/2026-07-08-M2-2/Lessons/Problem-1.md,earlier,true,High,concept_equivalent,The lesson states that moment of inertia changes with perpendicular distance from the chosen axis.,1,0.314,false,semantically-reviewed,false,,
P212-E0302,REQUIRES,P212-0619,212-M4-016,212-M4-016,Amplitude and the Period of a Spring Oscillator,M4,2026-07-23,/Users/jake/Developer/study/vault/212/M4/2026-07-23-HW-6/Lessons/Problem-1.md,Recognize the period $T$ as the time for one complete oscillation.,212-M4-003,212-M4-003,Reading an Oscillation Period From a Position-Time Graph,M4,2026-07-21,/Users/jake/Developer/study/vault/212/M4/2026-07-21-M4-1/Lessons/Problem-3.md,earlier,true,High,concept_equivalent,The lesson recognizes and measures one complete oscillation as the period.,1,0.4951,false,semantically-reviewed,false,,
P212-E0303,REQUIRES,P212-0620,212-M4-016,212-M4-016,Amplitude and the Period of a Spring Oscillator,M4,2026-07-23,/Users/jake/Developer/study/vault/212/M4/2026-07-23-HW-6/Lessons/Problem-1.md,"Identify $m$ as the block's mass, $k$ as the spring constant, and $A$ as the amplitude.",212-M4-009,212-M4-009,Finding Maximum Speed in a Spring Oscillation,M4,2026-07-21,/Users/jake/Developer/study/vault/212/M4/2026-07-21-M4-1/Lessons/Problem-9.md,earlier,true,Medium,worked_move_equivalent,"The spring-block examples map m to block mass, k to spring stiffness, and A to amplitude.",8,0.2127,false,semantically-reviewed,false,,
P212-E0304,REQUIRES,P212-0622,212-M4-017,212-M4-017,Scaling Maximum Kinetic Energy with Amplitude,M4,2026-07-23,/Users/jake/Developer/study/vault/212/M4/2026-07-23-HW-6/Lessons/Problem-2.md,The spring potential energy is $U_s=\frac12kx^2$.,212-M4-022,212-M4-022,Speed of a Spring Oscillator at a Given Position,M4,2026-07-23,/Users/jake/Developer/study/vault/212/M4/2026-07-23-HW-6/Lessons/Problem-7.md,same-date,true,High,concept_equivalent,The lesson explicitly writes spring potential energy as one half k x squared at a general position.,1,0.3141,false,semantically-reviewed,false,,
P212-E0305,REQUIRES,P212-0623,212-M4-017,212-M4-017,Scaling Maximum Kinetic Energy with Amplitude,M4,2026-07-23,/Users/jake/Developer/study/vault/212/M4/2026-07-23-HW-6/Lessons/Problem-2.md,Mechanical energy is conserved for an ideal block-spring system.,212-M4-022,212-M4-022,Speed of a Spring Oscillator at a Given Position,M4,2026-07-23,/Users/jake/Developer/study/vault/212/M4/2026-07-23-HW-6/Lessons/Problem-7.md,same-date,true,High,concept_equivalent,The lesson conserves total energy for an ideal frictionless spring-block oscillator.,2,0.3107,false,semantically-reviewed,false,,
P212-E0306,REQUIRES,P212-0625,212-M4-018,212-M4-018,Choosing an SHM Cosine Equation from a Position–Time Graph,M4,2026-07-23,/Users/jake/Developer/study/vault/212/M4/2026-07-23-HW-6/Lessons/Problem-3.md,"Read maximum, minimum, and repeated landmarks from a graph.",212-M4-006,212-M4-006,Finding Maximum SHM Speed From a Position-Time Graph,M4,2026-07-21,/Users/jake/Developer/study/vault/212/M4/2026-07-21-M4-1/Lessons/Problem-6.md,earlier,true,High,worked_move_equivalent,The lesson reads extremes and repeated phase landmarks to extract amplitude and period.,1,0.4036,false,semantically-reviewed,false,,
P212-E0307,REQUIRES,P212-0626,212-M4-018,212-M4-018,Choosing an SHM Cosine Equation from a Position–Time Graph,M4,2026-07-23,/Users/jake/Developer/study/vault/212/M4/2026-07-23-HW-6/Lessons/Problem-3.md,Use the period relation $\omega=2\pi/T$.,212-M1-039,212-M1-039,Putting Period in the Denominator for Rotating-Disk Speed,M1,2026-06-25,/Users/jake/Developer/study/vault/212/M1/2026-06-25-M1-2/Lessons/Problem-3.md,earlier,true,High,concept_equivalent,The lesson explicitly derives angular speed as two pi divided by the period.,1,0.354,false,semantically-reviewed,false,,
P212-E0308,REQUIRES,P212-0628,212-M4-018,212-M4-018,Choosing an SHM Cosine Equation from a Position–Time Graph,M4,2026-07-23,/Users/jake/Developer/study/vault/212/M4/2026-07-23-HW-6/Lessons/Problem-3.md,Interpret a rising position graph as positive velocity and a falling graph as negative velocity.,212-M1-051,212-M1-051,Matching Angular Velocity to an Angular Position Graph,M1,2026-06-28,/Users/jake/Developer/study/vault/212/M1/2026-06-28-HW-1/Lessons/Problem-14.md,earlier,true,High,concept_equivalent,The lesson maps rising position to positive velocity and falling position to negative velocity.,1,0.4035,false,semantically-reviewed,false,,
P212-E0309,REQUIRES,P212-0629,212-M4-019,212-M4-019,Maximum Kinetic Energy from an SHM Position–Time Graph,M4,2026-07-23,/Users/jake/Developer/study/vault/212/M4/2026-07-23-HW-6/Lessons/Problem-4.md,Read coordinates and repeated features from a position–time graph.,212-M4-003,212-M4-003,Reading an Oscillation Period From a Position-Time Graph,M4,2026-07-21,/Users/jake/Developer/study/vault/212/M4/2026-07-21-M4-1/Lessons/Problem-3.md,earlier,true,High,worked_move_equivalent,The lesson reads time coordinates at repeated matching-phase features and subtracts them.,2,0.4326,false,semantically-reviewed,false,,
P212-E0310,REQUIRES,P212-0632,212-M4-020,212-M4-020,Ranking Acceleration Magnitudes from an SHM Position Graph,M4,2026-07-23,/Users/jake/Developer/study/vault/212/M4/2026-07-23-HW-6/Lessons/Problem-5.md,Read a position value from a position-versus-time graph.,212-M4-002,212-M4-002,Reading Amplitude From a Position–Time Graph,M4,2026-07-21,/Users/jake/Developer/study/vault/212/M4/2026-07-21-M4-1/Lessons/Problem-2.md,earlier,true,High,worked_move_equivalent,The lesson reads explicit position extrema from the vertical axis of a position-time graph.,3,0.3947,false,semantically-reviewed,false,,
P212-E0311,REQUIRES,P212-0636,212-M4-021,212-M4-021,Period of an Oscillator Before Its Mass Changes,M4,2026-07-23,/Users/jake/Developer/study/vault/212/M4/2026-07-23-HW-6/Lessons/Problem-6.md,Know that period is the time required for one complete oscillation.,212-M4-003,212-M4-003,Reading an Oscillation Period From a Position-Time Graph,M4,2026-07-21,/Users/jake/Developer/study/vault/212/M4/2026-07-21-M4-1/Lessons/Problem-3.md,earlier,true,High,concept_equivalent,The lesson defines period through one complete repeat of position and phase.,1,0.4452,false,semantically-reviewed,false,,
P212-E0312,REQUIRES,P212-0637,212-M4-021,212-M4-021,Period of an Oscillator Before Its Mass Changes,M4,2026-07-23,/Users/jake/Developer/study/vault/212/M4/2026-07-23-HW-6/Lessons/Problem-6.md,Simplify square roots of fractions.,212-M3-012,212-M3-012,Balancing Opposing Inverse-Square Forces,M3,2026-07-17,/Users/jake/Developer/study/vault/212/M3/2026-07-17-HW-5/Lessons/Problem-2.md,earlier,true,High,worked_move_equivalent,The lesson simplifies square roots of mass ratios and rationalizes a radical fraction.,1,0.3562,false,semantically-reviewed,false,,
P212-E0313,REQUIRES,P212-0639,212-M4-022,212-M4-022,Speed of a Spring Oscillator at a Given Position,M4,2026-07-23,/Users/jake/Developer/study/vault/212/M4/2026-07-23-HW-6/Lessons/Problem-7.md,Use $K=\frac12Mv^2$ for translational kinetic energy.,212-M3-020,212-M3-020,Comparing Translational and Rotational Kinetic Energy in Rolling,M3,2026-07-19,/Users/jake/Developer/study/vault/212/M3/2026-07-19-PQ-2/Lessons/Problem-2.md,earlier,true,High,concept_equivalent,The lesson explicitly writes and applies translational kinetic energy as one half M v squared.,1,0.4226,false,semantically-reviewed,false,,
P212-E0314,REQUIRES,P212-0645,212-M4-024,212-M4-024,Mechanical-Energy Change During a Sticking Collision,M4,2026-07-23,/Users/jake/Developer/study/vault/212/M4/2026-07-23-HW-6/Lessons/Problem-9.md,Mechanical energy is the sum of kinetic and potential energy: $E=K+U$.,212-M3-010,212-M3-010,Total Mechanical Energy of a Three-Body Orbit,M3,2026-07-16,/Users/jake/Developer/study/vault/212/M3/2026-07-16-M3-2/Lessons/Problem-6.md,earlier,true,High,concept_equivalent,The lesson defines total mechanical energy as total kinetic plus total potential energy.,1,0.4588,false,semantically-reviewed,false,,
P212-E0315,REQUIRES,P212-0646,212-M4-024,212-M4-024,Mechanical-Energy Change During a Sticking Collision,M4,2026-07-23,/Users/jake/Developer/study/vault/212/M4/2026-07-23-HW-6/Lessons/Problem-9.md,Translational kinetic energy is $K=\frac12 mv^2$.,212-M3-020,212-M3-020,Comparing Translational and Rotational Kinetic Energy in Rolling,M3,2026-07-19,/Users/jake/Developer/study/vault/212/M3/2026-07-19-PQ-2/Lessons/Problem-2.md,earlier,true,High,concept_equivalent,The lesson explicitly uses translational kinetic energy as one half m v squared.,1,0.4049,false,semantically-reviewed,false,,
P212-E0316,REQUIRES,P212-0649,212-M4-025,212-M4-025,Finding a New Spring-Oscillation Amplitude After an Energy Change,M4,2026-07-23,/Users/jake/Developer/study/vault/212/M4/2026-07-23-HW-6/Lessons/Problem-10.md,Use the ideal spring oscillator relation $E=\frac12 kA^2$.,212-M4-022,212-M4-022,Speed of a Spring Oscillator at a Given Position,M4,2026-07-23,/Users/jake/Developer/study/vault/212/M4/2026-07-23-HW-6/Lessons/Problem-7.md,same-date,true,High,concept_equivalent,The lesson identifies total oscillator energy at amplitude A as one half k A squared.,2,0.3012,false,semantically-reviewed,false,,
P212-E0317,REQUIRES,P212-0650,212-M4-025,212-M4-025,Finding a New Spring-Oscillation Amplitude After an Energy Change,M4,2026-07-23,/Users/jake/Developer/study/vault/212/M4/2026-07-23-HW-6/Lessons/Problem-10.md,Interpret $\Delta E$ as $E_{\mathrm{after}}-E_{\mathrm{before}}$.,212-M4-024,212-M4-024,Mechanical-Energy Change During a Sticking Collision,M4,2026-07-23,/Users/jake/Developer/study/vault/212/M4/2026-07-23-HW-6/Lessons/Problem-9.md,same-date,true,High,concept_equivalent,The lesson explicitly defines energy change as energy after minus energy before and applies it.,1,0.3256,false,semantically-reviewed,false,,
P212-E0318,REQUIRES,P212-0652,212-M4-026,212-M4-026,Period After Mass Sticks to a Spring Oscillator,M4,2026-07-23,/Users/jake/Developer/study/vault/212/M4/2026-07-23-HW-6/Lessons/Problem-11.md,Know the period formula for an ideal horizontal mass-spring oscillator.,212-M4-021,212-M4-021,Period of an Oscillator Before Its Mass Changes,M4,2026-07-23,/Users/jake/Developer/study/vault/212/M4/2026-07-23-HW-6/Lessons/Problem-6.md,same-date,true,High,title_exact,The lesson states and evaluates the ideal horizontal mass-spring period formula.,1,0.5013,false,semantically-reviewed,false,,
P212-E0319,REQUIRES,P212-0656,212-M4-027,212-M4-027,Period of an Ideal Simple Pendulum,M4,2026-07-23,/Users/jake/Developer/study/vault/212/M4/2026-07-23-HW-6/Lessons/Problem-12.md,Evaluate a square root.,212-M3-012,212-M3-012,Balancing Opposing Inverse-Square Forces,M3,2026-07-17,/Users/jake/Developer/study/vault/212/M3/2026-07-17-HW-5/Lessons/Problem-2.md,earlier,true,High,worked_move_equivalent,The lesson takes positive square roots and numerically evaluates a remaining radical.,1,0.3217,false,semantically-reviewed,false,,
P212-E0320,REQUIRES,P212-0660,212-M4-028,212-M4-028,Finding a Decay Constant from Period Counts,M4,2026-07-23,/Users/jake/Developer/study/vault/212/M4/2026-07-23-HW-6/Lessons/Problem-13.md,Compute a simple pendulum's period with $T=2\pi\sqrt{L/g}$.,212-M4-027,212-M4-027,Period of an Ideal Simple Pendulum,M4,2026-07-23,/Users/jake/Developer/study/vault/212/M4/2026-07-23-HW-6/Lessons/Problem-12.md,same-date,true,High,title_exact,The lesson directly computes an ideal simple pendulum period from length and gravity.,1,0.3639,false,semantically-reviewed,false,,
P212-E0321,REQUIRES,P212-0661,212-M4-029,212-M4-029,Finding the Period of a Rod-and-Sphere Physical Pendulum,M4,2026-07-23,/Users/jake/Developer/study/vault/212/M4/2026-07-23-HW-6/Lessons/Problem-14.md,Locate the center of mass of a uniform rod and a uniform sphere.,212-M2-042,212-M2-042,Balancing a Rod and Sphere About a Support,M2,2026-07-15,/Users/jake/Developer/study/vault/212/M2/2026-07-15-HW-4/Lessons/Problem-6.md,earlier,true,High,concept_equivalent,The lesson locates the centers of a uniform rod and sphere before balancing their torques.,2,0.3897,false,semantically-reviewed,false,,
P212-E0322,REQUIRES,P212-0662,212-M4-029,212-M4-029,Finding the Period of a Rod-and-Sphere Physical Pendulum,M4,2026-07-23,/Users/jake/Developer/study/vault/212/M4/2026-07-23-HW-6/Lessons/Problem-14.md,Use $I_P=I_{\mathrm{cm}}+md^2$ to shift a moment of inertia to a parallel axis.,212-M2-022,212-M2-022,Shifting a Moment of Inertia to a Parallel Axis,M2,2026-07-12,/Users/jake/Developer/study/vault/212/M2/2026-07-12-HW-3/Lessons/Problem-6.md,earlier,true,High,title_exact,The lesson directly shifts a center-of-mass inertia to a parallel axis with the stated theorem.,1,0.6242,false,semantically-reviewed,false,,
P212-E0323,REQUIRES,P212-0664,212-M5-001,212-M5-001,Reading Particle Motion From a Displacement-Time Graph,M5,2026-07-23,/Users/jake/Developer/study/vault/212/M5/2026-07-23-M5-1/Lessons/Problem-1.md,Identify the horizontal and vertical axes of a graph.,212-M4-006,212-M4-006,Finding Maximum SHM Speed From a Position-Time Graph,M4,2026-07-21,/Users/jake/Developer/study/vault/212/M4/2026-07-21-M4-1/Lessons/Problem-6.md,earlier,true,High,concept_equivalent,It explicitly reads amplitude from the vertical scale and period from the horizontal scale of a position-time graph.,2,0.2976,false,semantically-reviewed,false,,
P212-E0324,REQUIRES,P212-0669,212-M5-002,212-M5-002,Compare Frequencies on Identical Springs,M5,2026-07-23,/Users/jake/Developer/study/vault/212/M5/2026-07-23-M5-1/Lessons/Problem-2.md,Distinguish oscillation amplitude from frequency.,212-M4-021,212-M4-021,Period of an Oscillator Before Its Mass Changes,M4,2026-07-23,/Users/jake/Developer/study/vault/212/M4/2026-07-23-HW-6/Lessons/Problem-6.md,same-date,true,High,concept_equivalent,It explicitly separates amplitude from period and frequency and shows that ideal frequency is amplitude-independent.,8,0.2465,false,semantically-reviewed,false,,
P212-E0325,REQUIRES,P212-0674,212-M5-004,212-M5-004,Identifying the Restoring Force in a Transverse String Wave,M5,2026-07-23,/Users/jake/Developer/study/vault/212/M5/2026-07-23-M5-1/Lessons/Problem-4.md,Treat a force as a vector with magnitude and direction.,212-M3-013,212-M3-013,Net Gravitational Force from a Right-Triangle Arrangement,M3,2026-07-17,/Users/jake/Developer/study/vault/212/M3/2026-07-17-HW-5/Lessons/Problem-3.md,earlier,true,High,concept_equivalent,"It draws each force toward its source, computes its magnitude, and represents its direction with signed components.",6,0.2618,false,semantically-reviewed,false,,
P212-E0326,REQUIRES,P212-0675,212-M5-004,212-M5-004,Identifying the Restoring Force in a Transverse String Wave,M5,2026-07-23,/Users/jake/Developer/study/vault/212/M5/2026-07-23-M5-1/Lessons/Problem-4.md,Split a force into horizontal and vertical components.,212-M1-028,212-M1-028,Deriving the Angle in a Conical Pendulum,M1,2026-07-03,/Users/jake/Developer/study/vault/212/M1/2026-07-03-HW-2/Lessons/Problem-5.md,earlier,true,High,worked_move_equivalent,It explicitly resolves an angled tension force into horizontal and vertical components and practices the component equations.,2,0.2936,false,semantically-reviewed,false,,
P212-E0327,REQUIRES,P212-0676,212-M5-004,212-M5-004,Identifying the Restoring Force in a Transverse String Wave,M5,2026-07-23,/Users/jake/Developer/study/vault/212/M5/2026-07-23-M5-1/Lessons/Problem-4.md,Recognize that a restoring force points back toward equilibrium.,212-M5-003,212-M5-003,Identifying the Restoring Force of a Hanging Spring,M5,2026-07-23,/Users/jake/Developer/study/vault/212/M5/2026-07-23-M5-1/Lessons/Problem-3.md,same-date,true,High,concept_equivalent,It teaches that a restoring force reverses with displacement and always points toward equilibrium.,1,0.5355,false,semantically-reviewed,false,,
P212-E0328,REQUIRES,P212-0678,212-M5-005,212-M5-005,Inferring Particle Motion From a Traveling-Wave Snapshot,M5,2026-07-23,/Users/jake/Developer/study/vault/212/M5/2026-07-23-M5-1/Lessons/Problem-5.md,Distinguish the motion of a wave pattern from the motion of a string particle.,212-M5-001,212-M5-001,Reading Particle Motion From a Displacement-Time Graph,M5,2026-07-23,/Users/jake/Developer/study/vault/212/M5/2026-07-23-M5-1/Lessons/Problem-1.md,same-date,true,High,concept_equivalent,It explicitly separates horizontal wave-pattern propagation from the vertical motion of a string particle.,1,0.3957,false,semantically-reviewed,false,,
P212-E0329,REQUIRES,P212-0679,212-M5-005,212-M5-005,Inferring Particle Motion From a Traveling-Wave Snapshot,M5,2026-07-23,/Users/jake/Developer/study/vault/212/M5/2026-07-23-M5-1/Lessons/Problem-5.md,Interpret the sign of a velocity.,212-M4-008,212-M4-008,Finding Instantaneous SHM Velocity From Cycle Data,M4,2026-07-21,/Users/jake/Developer/study/vault/212/M4/2026-07-21-M4-1/Lessons/Problem-8.md,earlier,true,High,concept_equivalent,It evaluates signed instantaneous velocity and interprets a positive result as motion in the positive direction.,2,0.3542,false,semantically-reviewed,false,,
P212-E0330,REQUIRES,P212-0680,212-M5-006,212-M5-006,Finding Where a Wave Particle Moves Fastest,M5,2026-07-23,/Users/jake/Developer/study/vault/212/M5/2026-07-23-M5-1/Lessons/Problem-6.md,Interpret the sign and magnitude of a graph's local slope.,212-M1-051,212-M1-051,Matching Angular Velocity to an Angular Position Graph,M1,2026-06-28,/Users/jake/Developer/study/vault/212/M1/2026-06-28-HW-1/Lessons/Problem-14.md,earlier,true,High,worked_move_equivalent,"It uses local slope sign, zeroes, and steepness to determine velocity sign and relative magnitude.",4,0.2369,false,semantically-reviewed,false,,
P212-E0331,REQUIRES,P212-0681,212-M5-006,212-M5-006,Finding Where a Wave Particle Moves Fastest,M5,2026-07-23,/Users/jake/Developer/study/vault/212/M5/2026-07-23-M5-1/Lessons/Problem-6.md,Distinguish the motion of a wave pattern from the motion of a particle in the medium.,212-M5-005,212-M5-005,Inferring Particle Motion From a Traveling-Wave Snapshot,M5,2026-07-23,/Users/jake/Developer/study/vault/212/M5/2026-07-23-M5-1/Lessons/Problem-5.md,same-date,true,High,concept_equivalent,It directly contrasts motion of the traveling profile with transverse motion of a fixed material particle.,1,0.4354,false,semantically-reviewed,false,,
P212-E0332,REQUIRES,P212-0683,212-M5-007,212-M5-007,Predicting Wave-Speed Changes From a Hanging Mass,M5,2026-07-23,/Users/jake/Developer/study/vault/212/M5/2026-07-23-M5-1/Lessons/Problem-7.md,Use the wave-speed model $v=\sqrt{T/\mu}$ for a wave on a string.,212-M5-008,212-M5-008,Finding Wave Speed on a String With a Hanging Mass,M5,2026-07-27,/Users/jake/Developer/study/vault/212/M5/2026-07-27-M5-2/Lessons/Problem-1.md,later,true,High,worked_move_equivalent,It calculates string-wave speed from tension and linear density using the square-root model.,1,0.3905,false,semantically-reviewed,false,,
P212-E0333,REQUIRES,P212-0689,212-M5-009,212-M5-009,Wave Speed in a Wire Tensioned by a Hanging Mass,M5,2026-07-27,/Users/jake/Developer/study/vault/212/M5/2026-07-27-M5-2/Lessons/Problem-2.md,Use equilibrium to identify the tension supplied by a stationary hanging mass.,212-M5-008,212-M5-008,Finding Wave Speed on a String With a Hanging Mass,M5,2026-07-27,/Users/jake/Developer/study/vault/212/M5/2026-07-27-M5-2/Lessons/Problem-1.md,same-date,true,High,concept_equivalent,It uses equilibrium of the stationary hanging mass to set the string tension equal to its weight.,1,0.3648,false,semantically-reviewed,false,,
P212-E0334,REQUIRES,P212-0690,212-M5-009,212-M5-009,Wave Speed in a Wire Tensioned by a Hanging Mass,M5,2026-07-27,/Users/jake/Developer/study/vault/212/M5/2026-07-27-M5-2/Lessons/Problem-2.md,Compute mass per unit length.,212-M5-008,212-M5-008,Finding Wave Speed on a String With a Hanging Mass,M5,2026-07-27,/Users/jake/Developer/study/vault/212/M5/2026-07-27-M5-2/Lessons/Problem-1.md,same-date,true,High,worked_move_equivalent,It computes a uniform string's linear mass density by dividing its mass by its length.,7,0.2063,false,semantically-reviewed,false,,
P212-E0335,REQUIRES,P212-0692,212-M5-010,212-M5-010,Maximum Transverse Particle Speed on a Tensioned Wire,M5,2026-07-27,/Users/jake/Developer/study/vault/212/M5/2026-07-27-M5-2/Lessons/Problem-3.md,Compute tension from a stationary hanging mass with $T=Mg$.,212-M5-008,212-M5-008,Finding Wave Speed on a String With a Hanging Mass,M5,2026-07-27,/Users/jake/Developer/study/vault/212/M5/2026-07-27-M5-2/Lessons/Problem-1.md,same-date,true,High,worked_move_equivalent,It explicitly sets the tension from a stationary hanging mass to T=Mg before finding wave speed.,1,0.4167,false,semantically-reviewed,false,,
P212-E0336,REQUIRES,P212-0693,212-M5-010,212-M5-010,Maximum Transverse Particle Speed on a Tensioned Wire,M5,2026-07-27,/Users/jake/Developer/study/vault/212/M5/2026-07-27-M5-2/Lessons/Problem-3.md,Compute linear mass density with $\mu=m_w/L$.,212-M5-008,212-M5-008,Finding Wave Speed on a String With a Hanging Mass,M5,2026-07-27,/Users/jake/Developer/study/vault/212/M5/2026-07-27-M5-2/Lessons/Problem-1.md,same-date,true,High,worked_move_equivalent,It explicitly computes the wire density as its mass divided by its supported length.,4,0.3651,false,semantically-reviewed,false,,
P212-E0337,REQUIRES,P212-0694,212-M5-010,212-M5-010,Maximum Transverse Particle Speed on a Tensioned Wire,M5,2026-07-27,/Users/jake/Developer/study/vault/212/M5/2026-07-27-M5-2/Lessons/Problem-3.md,Use $v_{\mathrm{wave}}=\sqrt{T/\mu}$ for a transverse wave on a wire.,212-M5-009,212-M5-009,Wave Speed in a Wire Tensioned by a Hanging Mass,M5,2026-07-27,/Users/jake/Developer/study/vault/212/M5/2026-07-27-M5-2/Lessons/Problem-2.md,same-date,true,High,worked_move_equivalent,It directly applies the transverse wire-wave relation v=sqrt(T/mu).,1,0.3804,false,semantically-reviewed,false,,
P212-E0338,REQUIRES,P212-0695,212-M5-010,212-M5-010,Maximum Transverse Particle Speed on a Tensioned Wire,M5,2026-07-27,/Users/jake/Developer/study/vault/212/M5/2026-07-27-M5-2/Lessons/Problem-3.md,Relate frequency and wavelength with $f=v_{\mathrm{wave}}/\lambda$.,212-M5-014,212-M5-014,Changing Frequency on the Same Taut String,M5,2026-07-28,/Users/jake/Developer/study/vault/212/M5/2026-07-28-HW-7/Lessons/Problem-1.md,later,true,High,worked_move_equivalent,It uses v=f lambda and solves directly for frequency as wave speed divided by wavelength.,2,0.3887,false,semantically-reviewed,false,,
P212-E0339,REQUIRES,P212-0698,212-M5-011,212-M5-011,Locate a Listener on a Circular Wavefront,M5,2026-07-27,/Users/jake/Developer/study/vault/212/M5/2026-07-27-M5-2/Lessons/Problem-4.md,Evaluate and round a square root.,212-M5-024,212-M5-024,Finding Distance From Sound Intensity,M5,2026-07-28,/Users/jake/Developer/study/vault/212/M5/2026-07-28-M5-3/Lessons/Problem-1.md,later,true,High,worked_move_equivalent,"It evaluates a nonperfect square root, keeps guard digits, and rounds the final value to supported significant figures.",1,0.2966,false,semantically-reviewed,false,,
P212-E0340,REQUIRES,P212-0699,212-M5-012,212-M5-012,Ranking Index of Refraction From Wavelength,M5,2026-07-27,/Users/jake/Developer/study/vault/212/M5/2026-07-27-M5-2/Lessons/Problem-5.md,Compare wavelengths by the spacing between repeating wave features.,212-M5-043,212-M5-043,Finding Frequency from Adjacent Antinode Spacing,M5,2026-07-31,/Users/jake/Developer/study/vault/212/M5/2026-07-31-HW-8/Lessons/Problem-3.md,later,true,High,concept_equivalent,It identifies wavelength from the spacing of repeating antinode features while correcting the half-wavelength spacing.,1,0.3063,false,semantically-reviewed,false,,
P212-E0341,REQUIRES,P212-0700,212-M5-012,212-M5-012,Ranking Index of Refraction From Wavelength,M5,2026-07-27,/Users/jake/Developer/study/vault/212/M5/2026-07-27-M5-2/Lessons/Problem-5.md,"Use $v=f\lambda$ to relate wave speed, frequency, and wavelength.",212-M5-014,212-M5-014,Changing Frequency on the Same Taut String,M5,2026-07-28,/Users/jake/Developer/study/vault/212/M5/2026-07-28-HW-7/Lessons/Problem-1.md,later,true,High,worked_move_equivalent,"It directly relates speed, frequency, and wavelength with v=f lambda across fixed-medium comparisons.",1,0.4303,false,semantically-reviewed,false,,
P212-E0342,REQUIRES,P212-0702,212-M5-013,212-M5-013,Counting Wavelengths Inside a Material,M5,2026-07-27,/Users/jake/Developer/study/vault/212/M5/2026-07-27-M5-2/Lessons/Problem-6.md,Use the wave relation $v=f\lambda$.,212-M5-012,212-M5-012,Ranking Index of Refraction From Wavelength,M5,2026-07-27,/Users/jake/Developer/study/vault/212/M5/2026-07-27-M5-2/Lessons/Problem-5.md,same-date,true,High,concept_equivalent,"It uses the wave relation to connect frequency, speed, and wavelength while ranking refractive media.",3,0.3978,false,semantically-reviewed,false,,
P212-E0343,REQUIRES,P212-0703,212-M5-013,212-M5-013,Counting Wavelengths Inside a Material,M5,2026-07-27,/Users/jake/Developer/study/vault/212/M5/2026-07-27-M5-2/Lessons/Problem-6.md,Convert metric units with conversion factors.,212-M1-043,212-M1-043,Converting Revolutions per Minute to Radians per Second,M1,2026-06-28,/Users/jake/Developer/study/vault/212/M1/2026-06-28-HW-1/Lessons/Problem-1.md,earlier,true,Medium,worked_move_equivalent,It explicitly arranges conversion factors so old numerator and denominator units cancel in dimensional analysis.,1,0.2896,false,semantically-reviewed,false,,
P212-E0344,REQUIRES,P212-0709,212-M5-015,212-M5-015,Wave Speed on a String Supporting a Hanging Mass,M5,2026-07-28,/Users/jake/Developer/study/vault/212/M5/2026-07-28-HW-7/Lessons/Problem-2.md,Interpret linear mass density as mass per unit length.,212-M5-008,212-M5-008,Finding Wave Speed on a String With a Hanging Mass,M5,2026-07-27,/Users/jake/Developer/study/vault/212/M5/2026-07-27-M5-2/Lessons/Problem-1.md,earlier,true,High,concept_equivalent,It defines and computes uniform linear mass density as mass per unit length.,5,0.3425,false,semantically-reviewed,false,,
P212-E0345,REQUIRES,P212-0711,212-M5-016,212-M5-016,Counting Wavelengths in a Refractive Medium,M5,2026-07-28,/Users/jake/Developer/study/vault/212/M5/2026-07-28-HW-7/Lessons/Problem-3.md,Use the wave relation $v=f\lambda$.,212-M5-012,212-M5-012,Ranking Index of Refraction From Wavelength,M5,2026-07-27,/Users/jake/Developer/study/vault/212/M5/2026-07-27-M5-2/Lessons/Problem-5.md,earlier,true,High,concept_equivalent,"It directly uses v=f lambda to relate a wave's speed, frequency, and wavelength in a medium.",3,0.4108,false,semantically-reviewed,false,,
P212-E0346,REQUIRES,P212-0712,212-M5-016,212-M5-016,Counting Wavelengths in a Refractive Medium,M5,2026-07-28,/Users/jake/Developer/study/vault/212/M5/2026-07-28-HW-7/Lessons/Problem-3.md,Use the refractive-index relation $n=c/v$.,212-M5-012,212-M5-012,Ranking Index of Refraction From Wavelength,M5,2026-07-27,/Users/jake/Developer/study/vault/212/M5/2026-07-27-M5-2/Lessons/Problem-5.md,earlier,true,High,worked_move_equivalent,It explicitly applies n=c/v and combines it with the wave relation to compare refractive indices.,1,0.4686,false,semantically-reviewed,false,,
P212-E0347,REQUIRES,P212-0714,212-M5-017,212-M5-017,Doppler Shift from a Moving Sound Source,M5,2026-07-28,/Users/jake/Developer/study/vault/212/M5/2026-07-28-HW-7/Lessons/Problem-4.md,Use the wave relation $c=f\lambda$ for sound traveling at speed $c$.,212-M5-014,212-M5-014,Changing Frequency on the Same Taut String,M5,2026-07-28,/Users/jake/Developer/study/vault/212/M5/2026-07-28-HW-7/Lessons/Problem-1.md,same-date,true,High,concept_equivalent,"It directly uses the same speed-frequency-wavelength relation, with the medium speed fixed as for sound.",3,0.3428,false,semantically-reviewed,false,,
P212-E0348,REQUIRES,P212-0720,212-M5-019,212-M5-019,Comparing Sound Levels for Spherical and Tube Spreading,M5,2026-07-28,/Users/jake/Developer/study/vault/212/M5/2026-07-28-HW-7/Lessons/Problem-6.md,Use intensity as power per area: $I=P/A$.,212-M5-051,212-M5-051,Scaling Wave Power and Intensity with Frequency and Amplitude,M5,2026-08-03,/Users/jake/Developer/study/vault/212/M5/2026-08-03-Q-3/Lessons/wave-power-intensity-scaling.md,later,true,High,concept_equivalent,It explicitly defines wave intensity as power divided by area before deriving its scaling law.,1,0.3965,false,semantically-reviewed,false,,
P212-E0349,REQUIRES,P212-0728,212-M5-022,212-M5-022,Finding the Maximum Speed of a String Element,M5,2026-07-28,/Users/jake/Developer/study/vault/212/M5/2026-07-28-HW-7/Lessons/Problem-9.md,Differentiate sine and cosine with the chain rule.,212-M4-001,212-M4-001,Finding Maximum Speed From a Cosine Position Function,M4,2026-07-21,/Users/jake/Developer/study/vault/212/M4/2026-07-21-M4-1/Lessons/Problem-1.md,earlier,true,High,worked_move_equivalent,It differentiates cosine with the chain rule and practices the resulting sine velocity function.,1,0.3223,false,semantically-reviewed,false,,
P212-E0350,REQUIRES,P212-0730,212-M5-022,212-M5-022,Finding the Maximum Speed of a String Element,M5,2026-07-28,/Users/jake/Developer/study/vault/212/M5/2026-07-28-HW-7/Lessons/Problem-9.md,Read amplitude and angular frequency from a traveling-wave equation.,212-M5-023,212-M5-023,Finding Wave Speed from a Traveling-Wave Equation,M5,2026-07-28,/Users/jake/Developer/study/vault/212/M5/2026-07-28-HW-7/Lessons/Problem-10.md,same-date,true,High,worked_move_equivalent,It explicitly identifies amplitude outside the trigonometric function and angular frequency as the coefficient of time.,2,0.4646,false,semantically-reviewed,false,,
P212-E0351,REQUIRES,P212-0738,212-M5-025,212-M5-025,Sound Intensity at a New Distance,M5,2026-07-28,/Users/jake/Developer/study/vault/212/M5/2026-07-28-M5-3/Lessons/Problem-2.md,Recognize sound intensity units of $\mathrm{W/m^2}$.,212-M5-024,212-M5-024,Finding Distance From Sound Intensity,M5,2026-07-28,/Users/jake/Developer/study/vault/212/M5/2026-07-28-M5-3/Lessons/Problem-1.md,same-date,true,High,concept_equivalent,It repeatedly labels sound intensity values in watts per square meter and preserves that unit through calculations.,2,0.4225,false,semantically-reviewed,false,,
P212-E0352,REQUIRES,P212-0741,212-M5-026,212-M5-026,Scaling Sound Intensity With the Inverse-Square Law,M5,2026-07-28,/Users/jake/Developer/study/vault/212/M5/2026-07-28-M5-3/Lessons/Problem-3.md,Interpret $\mathrm{W/m^2}$ as a unit of sound intensity.,212-M5-024,212-M5-024,Finding Distance From Sound Intensity,M5,2026-07-28,/Users/jake/Developer/study/vault/212/M5/2026-07-28-M5-3/Lessons/Problem-1.md,same-date,true,High,concept_equivalent,It uses W/m^2 specifically as the unit attached to sound intensity measurements.,1,0.4213,false,semantically-reviewed,false,,
P212-E0353,REQUIRES,P212-0743,212-M5-027,212-M5-027,Combining Equal Independent Sound Sources in Decibels,M5,2026-07-28,/Users/jake/Developer/study/vault/212/M5/2026-07-28-M5-3/Lessons/Problem-4.md,Distinguish sound intensity $I$ from sound intensity level $\beta$ in decibels.,212-M5-046,212-M5-046,Convert an Intensity Ratio into a Decibel Change,M5,2026-08-02,/Users/jake/Developer/study/vault/212/M5/2026-08-02-PQ-3/Lessons/Problem-2.md,later,true,High,concept_equivalent,It distinguishes intensity ratios from decibel-level changes and converts between the two with a logarithm.,1,0.4744,false,semantically-reviewed,true,CYCLE-015,2
P212-E0354,REQUIRES,P212-0745,212-M5-028,212-M5-028,Doppler Shift for a Moving Observer,M5,2026-07-28,/Users/jake/Developer/study/vault/212/M5/2026-07-28-M5-3/Lessons/Problem-5.md,Distinguish the source of a sound from the observer who hears it.,212-M5-018,212-M5-018,Hearing an Echo as a Moving Observer,M5,2026-07-28,/Users/jake/Developer/study/vault/212/M5/2026-07-28-HW-7/Lessons/Problem-5.md,same-date,true,High,concept_equivalent,It identifies which body emits the sound and which observer hears it before selecting a Doppler model.,1,0.3337,false,semantically-reviewed,false,,
P212-E0355,REQUIRES,P212-0750,212-M5-029,212-M5-029,Choosing Source Motion for a Doppler Shift,M5,2026-07-28,/Users/jake/Developer/study/vault/212/M5/2026-07-28-M5-3/Lessons/Problem-6.md,Recognize wavefront spacing as wavelength.,212-M5-017,212-M5-017,Doppler Shift from a Moving Sound Source,M5,2026-07-28,/Users/jake/Developer/study/vault/212/M5/2026-07-28-HW-7/Lessons/Problem-4.md,same-date,true,High,concept_equivalent,It treats the spacing between successive emitted wavefronts as wavelength and tracks how source motion changes it.,8,0.2036,false,semantically-reviewed,false,,
P212-E0356,REQUIRES,P212-0751,212-M5-030,212-M5-030,Solving for the Speed of a Receding Sound Source,M5,2026-07-28,/Users/jake/Developer/study/vault/212/M5/2026-07-28-M5-3/Lessons/Problem-7.md,Distinguish source frequency $f_s$ from observed frequency $f'$.,212-M5-029,212-M5-029,Choosing Source Motion for a Doppler Shift,M5,2026-07-28,/Users/jake/Developer/study/vault/212/M5/2026-07-28-M5-3/Lessons/Problem-6.md,same-date,true,High,concept_equivalent,It explicitly labels emitted source frequency and target heard frequency and compares them before choosing a shift.,2,0.3132,false,semantically-reviewed,false,,
P212-E0357,REQUIRES,P212-0761,212-M5-033,212-M5-033,Third-Harmonic Frequency of a Wire Tensioned by a Hanging Mass,M5,2026-07-29,/Users/jake/Developer/study/vault/212/M5/2026-07-29-M5-4/Lessons/Problem-3.md,Use $T=Mg$ for the tension supplied by a stationary hanging mass.,212-M5-008,212-M5-008,Finding Wave Speed on a String With a Hanging Mass,M5,2026-07-27,/Users/jake/Developer/study/vault/212/M5/2026-07-27-M5-2/Lessons/Problem-1.md,earlier,true,High,worked_move_equivalent,It derives the tension from a stationary hanging load as T=Mg.,1,0.3867,false,semantically-reviewed,false,,
P212-E0358,REQUIRES,P212-0762,212-M5-033,212-M5-033,Third-Harmonic Frequency of a Wire Tensioned by a Hanging Mass,M5,2026-07-29,/Users/jake/Developer/study/vault/212/M5/2026-07-29-M5-4/Lessons/Problem-3.md,Compute linear mass density with $\mu=m_w/L$.,212-M5-008,212-M5-008,Finding Wave Speed on a String With a Hanging Mass,M5,2026-07-27,/Users/jake/Developer/study/vault/212/M5/2026-07-27-M5-2/Lessons/Problem-1.md,earlier,true,High,worked_move_equivalent,It computes the wire's uniform linear density from wire mass divided by wire length.,4,0.3781,false,semantically-reviewed,false,,
P212-E0359,REQUIRES,P212-0766,212-M5-034,212-M5-034,Third Harmonic of an Open–Closed Pipe,M5,2026-07-29,/Users/jake/Developer/study/vault/212/M5/2026-07-29-M5-4/Lessons/Problem-4.md,Using $v=f\lambda$,212-M5-013,212-M5-013,Counting Wavelengths Inside a Material,M5,2026-07-27,/Users/jake/Developer/study/vault/212/M5/2026-07-27-M5-2/Lessons/Problem-6.md,earlier,true,High,worked_move_equivalent,It applies v=f lambda while counting the number of wavelengths contained in a material length.,1,0.4321,false,semantically-reviewed,false,,
P212-E0360,REQUIRES,P212-0769,212-M5-035,212-M5-035,Fifth Harmonic of an Open–Closed Pipe,M5,2026-07-29,/Users/jake/Developer/study/vault/212/M5/2026-07-29-M5-4/Lessons/Problem-5.md,Recognize displacement nodes and antinodes in a standing wave.,212-M5-034,212-M5-034,Third Harmonic of an Open–Closed Pipe,M5,2026-07-29,/Users/jake/Developer/study/vault/212/M5/2026-07-29-M5-4/Lessons/Problem-4.md,same-date,true,High,concept_equivalent,It identifies displacement nodes and antinodes and uses their boundary pattern in an open-closed pipe.,1,0.3265,false,semantically-reviewed,false,,
P212-E0361,REQUIRES,P212-0770,212-M5-035,212-M5-035,Fifth Harmonic of an Open–Closed Pipe,M5,2026-07-29,/Users/jake/Developer/study/vault/212/M5/2026-07-29-M5-4/Lessons/Problem-5.md,Use the wave-speed relation $v=f\lambda$.,212-M5-014,212-M5-014,Changing Frequency on the Same Taut String,M5,2026-07-28,/Users/jake/Developer/study/vault/212/M5/2026-07-28-HW-7/Lessons/Problem-1.md,earlier,true,High,worked_move_equivalent,It directly practices the wave-speed relation v=f lambda.,2,0.477,false,semantically-reviewed,false,,
P212-E0362,REQUIRES,P212-0773,212-M5-036,212-M5-036,Largest Displacement When Two Pulses Overlap,M5,2026-07-30,/Users/jake/Developer/study/vault/212/M5/2026-07-30-M5-5/Lessons/Problem-1.md,Read a vertical displacement from a graph.,212-M5-001,212-M5-001,Reading Particle Motion From a Displacement-Time Graph,M5,2026-07-23,/Users/jake/Developer/study/vault/212/M5/2026-07-23-M5-1/Lessons/Problem-1.md,earlier,true,High,worked_move_equivalent,It reads a particle's vertical displacement value and local motion from a displacement-time graph.,1,0.4013,false,semantically-reviewed,false,,
P212-E0363,REQUIRES,P212-0778,212-M5-038,212-M5-038,Classifying Interference from Completely Out-of-Phase Sources,M5,2026-07-30,/Users/jake/Developer/study/vault/212/M5/2026-07-30-M5-5/Lessons/Problem-3.md,"Use $v=f\lambda$ to relate wave speed, frequency, and wavelength.",212-M5-014,212-M5-014,Changing Frequency on the Same Taut String,M5,2026-07-28,/Users/jake/Developer/study/vault/212/M5/2026-07-28-HW-7/Lessons/Problem-1.md,earlier,true,High,worked_move_equivalent,It relates all three wave variables and solves fixed-medium frequency and wavelength comparisons.,1,0.4553,false,semantically-reviewed,false,,
P212-E0364,REQUIRES,P212-0780,212-M5-038,212-M5-038,Classifying Interference from Completely Out-of-Phase Sources,M5,2026-07-30,/Users/jake/Developer/study/vault/212/M5/2026-07-30-M5-5/Lessons/Problem-3.md,"Recognize that a phase difference of $0$ modulo $2\pi$ is in phase, while $\pi$ modulo $2\pi$ is completely out of phase.",212-M5-039,212-M5-039,Combining Path and Starting Phase Differences,M5,2026-07-30,/Users/jake/Developer/study/vault/212/M5/2026-07-30-M5-5/Lessons/Problem-4.md,same-date,true,High,concept_equivalent,It reduces total phase modulo 2pi and classifies zero as in phase and pi as out of phase.,2,0.3199,false,semantically-reviewed,false,,
P212-E0365,REQUIRES,P212-0784,212-M5-040,212-M5-040,Finding the First Constructive-Interference Point,M5,2026-07-30,/Users/jake/Developer/study/vault/212/M5/2026-07-30-M5-5/Lessons/Problem-5.md,Use the wave relation $v=f\lambda$.,212-M5-014,212-M5-014,Changing Frequency on the Same Taut String,M5,2026-07-28,/Users/jake/Developer/study/vault/212/M5/2026-07-28-HW-7/Lessons/Problem-1.md,earlier,true,High,worked_move_equivalent,It directly applies v=f lambda and rearranges the relation between frequency and wavelength.,2,0.4245,false,semantically-reviewed,false,,
P212-E0366,REQUIRES,P212-0789,212-M5-042,212-M5-042,Matching Fundamental Frequencies of Open and Closed Tubes,M5,2026-07-31,/Users/jake/Developer/study/vault/212/M5/2026-07-31-HW-8/Lessons/Problem-2.md,"Use $v=f\lambda$ to relate wave speed, frequency, and wavelength.",212-M5-014,212-M5-014,Changing Frequency on the Same Taut String,M5,2026-07-28,/Users/jake/Developer/study/vault/212/M5/2026-07-28-HW-7/Lessons/Problem-1.md,earlier,true,High,worked_move_equivalent,It directly applies the same wave-speed relation used to connect tube frequency and wavelength.,1,0.4553,false,semantically-reviewed,false,,
P212-E0367,REQUIRES,P212-0791,212-M5-043,212-M5-043,Finding Frequency from Adjacent Antinode Spacing,M5,2026-07-31,/Users/jake/Developer/study/vault/212/M5/2026-07-31-HW-8/Lessons/Problem-3.md,Recognize wavelength $\lambda$ as the distance between repeating points on a wave.,212-M5-021,212-M5-021,Time for a Traveling Wave to Move One Wavelength,M5,2026-07-28,/Users/jake/Developer/study/vault/212/M5/2026-07-28-HW-7/Lessons/Problem-8.md,earlier,true,High,concept_equivalent,It explicitly equates one wavelength of pattern travel with one complete cycle and one period.,1,0.3232,false,semantically-reviewed,false,,
P212-E0368,REQUIRES,P212-0792,212-M5-043,212-M5-043,Finding Frequency from Adjacent Antinode Spacing,M5,2026-07-31,/Users/jake/Developer/study/vault/212/M5/2026-07-31-HW-8/Lessons/Problem-3.md,Use the wave-speed relation $v=f\lambda$ and solve it as $f=v/\lambda$.,212-M5-014,212-M5-014,Changing Frequency on the Same Taut String,M5,2026-07-28,/Users/jake/Developer/study/vault/212/M5/2026-07-28-HW-7/Lessons/Problem-1.md,earlier,true,High,worked_move_equivalent,It starts from v=f lambda and solves for frequency at fixed wave speed.,2,0.4198,false,semantically-reviewed,false,,
P212-E0369,REQUIRES,P212-0797,212-M5-045,212-M5-045,Deciding What Changes a Pendulum's Frequency — Version 1: Derivation First,M5,2026-08-02,/Users/jake/Developer/study/vault/212/M5/2026-08-02-PQ-3/Lessons/Problem-1.md,"Apply Newton's second law, $F=ma$.",212-M1-055,212-M1-055,Finding Radial Acceleration From Inward Forces,M1,2026-07-02,/Users/jake/Developer/study/vault/212/M1/2026-07-02-M1-5/Lessons/Problem-3.md,earlier,true,High,worked_move_equivalent,It explicitly writes Newton's second law as a force sum equal to mass times acceleration and solves for acceleration.,5,0.1265,false,semantically-reviewed,false,,
P212-E0370,REQUIRES,P212-0798,212-M5-045,212-M5-045,Deciding What Changes a Pendulum's Frequency — Version 1: Derivation First,M5,2026-08-02,/Users/jake/Developer/study/vault/212/M5/2026-08-02-PQ-3/Lessons/Problem-1.md,Recognize the SHM relation $a=-\omega^2x$.,212-M4-020,212-M4-020,Ranking Acceleration Magnitudes from an SHM Position Graph,M4,2026-07-23,/Users/jake/Developer/study/vault/212/M4/2026-07-23-HW-6/Lessons/Problem-5.md,earlier,true,High,concept_equivalent,It states a=-omega^2 x and repeatedly applies it to SHM acceleration direction and magnitude.,7,0.2364,false,semantically-reviewed,false,,
P212-E0371,REQUIRES,P212-0799,212-M5-045,212-M5-045,Deciding What Changes a Pendulum's Frequency — Version 1: Derivation First,M5,2026-08-02,/Users/jake/Developer/study/vault/212/M5/2026-08-02-PQ-3/Lessons/Problem-1.md,Use $f=\omega/(2\pi)$.,212-M4-008,212-M4-008,Finding Instantaneous SHM Velocity From Cycle Data,M4,2026-07-21,/Users/jake/Developer/study/vault/212/M4/2026-07-21-M4-1/Lessons/Problem-8.md,earlier,true,Medium,concept_equivalent,It explicitly teaches the equivalent relation omega=2pi f and practices converting between cycle and angular frequency.,7,0.3101,false,semantically-reviewed,false,,
P212-E0372,REQUIRES,P212-0801,212-M5-045,212-M5-045,Deciding What Changes a Pendulum's Frequency — Version 1: Derivation First,M5,2026-08-02,/Users/jake/Developer/study/vault/212/M5/2026-08-02-PQ-3/Lessons/Problem-1.md,Compare quantities using a ratio.,212-M5-002,212-M5-002,Compare Frequencies on Identical Springs,M5,2026-07-23,/Users/jake/Developer/study/vault/212/M5/2026-07-23-M5-1/Lessons/Problem-2.md,earlier,true,High,worked_move_equivalent,It forms a frequency ratio to compare two oscillators and quantify the change.,5,0.3106,false,semantically-reviewed,false,,
P212-E0373,REQUIRES,P212-0802,212-M5-045,212-M5-045,Deciding What Changes a Pendulum's Frequency — Version 1: Derivation First,M5,2026-08-02,/Users/jake/Developer/study/vault/212/M5/2026-08-02-PQ-3/Lessons/Problem-1.md,Simplify square roots.,212-M3-012,212-M3-012,Balancing Opposing Inverse-Square Forces,M3,2026-07-17,/Users/jake/Developer/study/vault/212/M3/2026-07-17-HW-5/Lessons/Problem-2.md,earlier,true,High,worked_move_equivalent,"It takes positive square roots, simplifies radicals, and rationalizes a radical denominator.",1,0.4272,false,semantically-reviewed,false,,
P212-E0374,REQUIRES,P212-0804,212-M5-045,212-M5-045,Deciding What Changes a Pendulum's Frequency — Version 1: Derivation First,M5,2026-08-02,/Users/jake/Developer/study/vault/212/M5/2026-08-02-PQ-3/Lessons/Problem-1.md,Compare quantities using a ratio.,212-M5-002,212-M5-002,Compare Frequencies on Identical Springs,M5,2026-07-23,/Users/jake/Developer/study/vault/212/M5/2026-07-23-M5-1/Lessons/Problem-2.md,earlier,true,High,worked_move_equivalent,It directly compares oscillator frequencies by constructing and simplifying their ratio.,5,0.3106,false,semantically-reviewed,false,,
P212-E0375,REQUIRES,P212-0805,212-M5-045,212-M5-045,Deciding What Changes a Pendulum's Frequency — Version 1: Derivation First,M5,2026-08-02,/Users/jake/Developer/study/vault/212/M5/2026-08-02-PQ-3/Lessons/Problem-1.md,Simplify square roots such as $\sqrt{1/4}=1/2$.,212-M3-012,212-M3-012,Balancing Opposing Inverse-Square Forces,M3,2026-07-17,/Users/jake/Developer/study/vault/212/M3/2026-07-17-HW-5/Lessons/Problem-2.md,earlier,true,High,worked_move_equivalent,It simplifies square roots and uses the positive root when the represented quantity is nonnegative.,1,0.3458,false,semantically-reviewed,false,,
P212-E0376,REQUIRES,P212-0806,212-M5-045,212-M5-045,Deciding What Changes a Pendulum's Frequency — Version 1: Derivation First,M5,2026-08-02,/Users/jake/Developer/study/vault/212/M5/2026-08-02-PQ-3/Lessons/Problem-1.md,"Apply Newton's second law, $F=ma$.",212-M1-055,212-M1-055,Finding Radial Acceleration From Inward Forces,M1,2026-07-02,/Users/jake/Developer/study/vault/212/M1/2026-07-02-M1-5/Lessons/Problem-3.md,earlier,true,High,worked_move_equivalent,It explicitly applies the component form of Newton's second law and isolates acceleration.,5,0.1265,false,semantically-reviewed,false,,
P212-E0377,REQUIRES,P212-0807,212-M5-045,212-M5-045,Deciding What Changes a Pendulum's Frequency — Version 1: Derivation First,M5,2026-08-02,/Users/jake/Developer/study/vault/212/M5/2026-08-02-PQ-3/Lessons/Problem-1.md,Recognize the SHM relation $a=-\omega^2x$.,212-M4-020,212-M4-020,Ranking Acceleration Magnitudes from an SHM Position Graph,M4,2026-07-23,/Users/jake/Developer/study/vault/212/M4/2026-07-23-HW-6/Lessons/Problem-5.md,earlier,true,High,concept_equivalent,It directly teaches and practices the SHM acceleration relation a=-omega^2 x.,7,0.2364,false,semantically-reviewed,false,,
P212-E0378,REQUIRES,P212-0808,212-M5-045,212-M5-045,Deciding What Changes a Pendulum's Frequency — Version 1: Derivation First,M5,2026-08-02,/Users/jake/Developer/study/vault/212/M5/2026-08-02-PQ-3/Lessons/Problem-1.md,Use $f=\omega/(2\pi)$.,212-M4-008,212-M4-008,Finding Instantaneous SHM Velocity From Cycle Data,M4,2026-07-21,/Users/jake/Developer/study/vault/212/M4/2026-07-21-M4-1/Lessons/Problem-8.md,earlier,true,Medium,concept_equivalent,It teaches omega=2pi f and practices the same conversion between angular and ordinary frequency.,7,0.3101,false,semantically-reviewed,false,,
P212-E0379,REQUIRES,P212-0810,212-M5-045,212-M5-045,Deciding What Changes a Pendulum's Frequency — Version 1: Derivation First,M5,2026-08-02,/Users/jake/Developer/study/vault/212/M5/2026-08-02-PQ-3/Lessons/Problem-1.md,Compare quantities using a ratio.,212-M5-002,212-M5-002,Compare Frequencies on Identical Springs,M5,2026-07-23,/Users/jake/Developer/study/vault/212/M5/2026-07-23-M5-1/Lessons/Problem-2.md,earlier,true,High,worked_move_equivalent,It uses a ratio to compare frequencies while cancelling shared oscillator parameters.,5,0.3106,false,semantically-reviewed,false,,
P212-E0380,REQUIRES,P212-0811,212-M5-045,212-M5-045,Deciding What Changes a Pendulum's Frequency — Version 1: Derivation First,M5,2026-08-02,/Users/jake/Developer/study/vault/212/M5/2026-08-02-PQ-3/Lessons/Problem-1.md,Simplify square roots.,212-M3-012,212-M3-012,Balancing Opposing Inverse-Square Forces,M3,2026-07-17,/Users/jake/Developer/study/vault/212/M3/2026-07-17-HW-5/Lessons/Problem-2.md,earlier,true,High,worked_move_equivalent,It explicitly simplifies radicals after taking a square root and checks the resulting value.,1,0.4272,false,semantically-reviewed,false,,
P212-E0381,REQUIRES,P212-0812,212-M5-046,212-M5-046,Convert an Intensity Ratio into a Decibel Change,M5,2026-08-02,/Users/jake/Developer/study/vault/212/M5/2026-08-02-PQ-3/Lessons/Problem-2.md,Distinguish wave intensity $I$ from intensity level $\beta$ in decibels.,212-M5-027,212-M5-027,Combining Equal Independent Sound Sources in Decibels,M5,2026-07-28,/Users/jake/Developer/study/vault/212/M5/2026-07-28-M5-3/Lessons/Problem-4.md,earlier,true,High,concept_equivalent,It distinguishes physical sound intensity from logarithmic intensity level before combining sources in decibels.,1,0.4665,false,semantically-reviewed,true,CYCLE-015,2
P212-E0382,REQUIRES,P212-0816,212-M5-047,212-M5-047,Classifying Two-Source Interference from Path and Starting Phase,M5,2026-08-02,/Users/jake/Developer/study/vault/212/M5/2026-08-02-PQ-3/Lessons/Problem-3.md,Interpret one wavelength as one complete cycle.,212-M5-021,212-M5-021,Time for a Traveling Wave to Move One Wavelength,M5,2026-07-28,/Users/jake/Developer/study/vault/212/M5/2026-07-28-HW-7/Lessons/Problem-8.md,earlier,true,High,concept_equivalent,It directly states that traveling one wavelength advances the wave pattern by one complete cycle.,2,0.2598,false,semantically-reviewed,false,,
P212-E0383,REQUIRES,P212-0817,212-M5-047,212-M5-047,Classifying Two-Source Interference from Path and Starting Phase,M5,2026-08-02,/Users/jake/Developer/study/vault/212/M5/2026-08-02-PQ-3/Lessons/Problem-3.md,Recognize that one complete cycle is a phase change of $2\pi$.,212-M5-039,212-M5-039,Combining Path and Starting Phase Differences,M5,2026-07-30,/Users/jake/Developer/study/vault/212/M5/2026-07-30-M5-5/Lessons/Problem-4.md,earlier,true,High,concept_equivalent,It converts whole-cycle path changes into phase changes in integer multiples of 2pi.,1,0.3258,false,semantically-reviewed,false,,
P212-E0384,REQUIRES,P212-0818,212-M5-048,212-M5-048,Deriving Wave Speed on a Load-Bearing Wire,M5,2026-08-02,/Users/jake/Developer/study/vault/212/M5/2026-08-02-PQ-3/Lessons/Problem-4.md,Identify weight and tension forces.,PATH:M3/2026-07-20-Q-2/Lessons/Problem-1.md,,Ranking Forces in a Massive-Pulley Atwood Machine,M3,2026-07-20,/Users/jake/Developer/study/vault/212/M3/2026-07-20-Q-2/Lessons/Problem-1.md,earlier,true,High,concept_equivalent,It identifies the separate weight and tension forces acting on each mass in a pulley system.,1,0.3906,false,semantically-reviewed,false,,
P212-E0385,REQUIRES,P212-0820,212-M5-048,212-M5-048,Deriving Wave Speed on a Load-Bearing Wire,M5,2026-08-02,/Users/jake/Developer/study/vault/212/M5/2026-08-02-PQ-3/Lessons/Problem-4.md,Use $\tau=rF\sin\phi$ and place the center of mass of a uniform shelf at $L/2$.,212-M2-013,212-M2-013,Finding Torque from a Force at an Angle,M2,2026-07-09,/Users/jake/Developer/study/vault/212/M2/2026-07-09-M2-3/Lessons/Problem-3.md,earlier,true,High,compound_split,It explicitly teaches and practices the torque magnitude tau=rF sin(phi) for an angled force.,3,0.1904,false,semantically-reviewed,false,,
P212-E0386,REQUIRES,P212-0820,212-M5-048,212-M5-048,Deriving Wave Speed on a Load-Bearing Wire,M5,2026-08-02,/Users/jake/Developer/study/vault/212/M5/2026-08-02-PQ-3/Lessons/Problem-4.md,Use $\tau=rF\sin\phi$ and place the center of mass of a uniform shelf at $L/2$.,212-M4-013,212-M4-013,Finding the Period of a Uniform Rod About an Offset Pivot,M4,2026-07-22,/Users/jake/Developer/study/vault/212/M4/2026-07-22-M4-2/Lessons/Problem-4.md,earlier,false,High,compound_split,It explicitly locates a uniform rod's center of mass at L/2 from an end and practices using that location.,8,0.1682,false,semantically-reviewed,false,,
P212-E0387,REQUIRES,P212-0824,212-M5-049,212-M5-049,Extreme Doppler Frequencies from a Rotating Source,M5,2026-08-02,/Users/jake/Developer/study/vault/212/M5/2026-08-02-PQ-3/Lessons/Problem-5.md,Convert revolutions per minute to revolutions per second.,212-M1-043,212-M1-043,Converting Revolutions per Minute to Radians per Second,M1,2026-06-28,/Users/jake/Developer/study/vault/212/M1/2026-06-28-HW-1/Lessons/Problem-1.md,earlier,true,High,worked_move_equivalent,It converts revolutions per minute by dividing the time unit by sixty before completing the angular conversion.,1,0.6674,false,semantically-reviewed,false,,
P212-E0388,REQUIRES,P212-0831,212-M5-050,212-M5-050,Deciding Whether an SHM Oscillator Is Speeding Up or Slowing Down,M5,2026-08-03,/Users/jake/Developer/study/vault/212/M5/2026-08-03-Q-3/Lessons/shm-speeding-up-or-slowing-down.md,Distinguish displacement $x$ from velocity $v$.,212-M5-001,212-M5-001,Reading Particle Motion From a Displacement-Time Graph,M5,2026-07-23,/Users/jake/Developer/study/vault/212/M5/2026-07-23-M5-1/Lessons/Problem-1.md,earlier,true,High,concept_equivalent,It explicitly distinguishes graph height as displacement from graph slope as signed velocity.,1,0.3953,false,semantically-reviewed,false,,
P212-E0389,REQUIRES,P212-0834,212-M5-051,212-M5-051,Scaling Wave Power and Intensity with Frequency and Amplitude,M5,2026-08-03,/Users/jake/Developer/study/vault/212/M5/2026-08-03-Q-3/Lessons/wave-power-intensity-scaling.md,Square a ratio and take a positive square root.,212-M3-012,212-M3-012,Balancing Opposing Inverse-Square Forces,M3,2026-07-17,/Users/jake/Developer/study/vault/212/M3/2026-07-17-HW-5/Lessons/Problem-2.md,earlier,true,High,worked_move_equivalent,"It squares a force-ratio equation, takes the physically positive square root, and simplifies the resulting ratio.",1,0.3891,false,semantically-reviewed,false,,
P212-E0390,REQUIRES,P212-0835,212-M5-051,212-M5-051,Scaling Wave Power and Intensity with Frequency and Amplitude,M5,2026-08-03,/Users/jake/Developer/study/vault/212/M5/2026-08-03-Q-3/Lessons/wave-power-intensity-scaling.md,Recognize frequency $f$ and wave amplitude $A$.,212-M5-002,212-M5-002,Compare Frequencies on Identical Springs,M5,2026-07-23,/Users/jake/Developer/study/vault/212/M5/2026-07-23-M5-1/Lessons/Problem-2.md,earlier,true,High,concept_equivalent,It explicitly distinguishes wave or oscillation amplitude A from frequency f and treats their effects separately.,2,0.3857,false,semantically-reviewed,false,,
P212-E0391,REQUIRES,P212-0836,PATH:M6/2026-08-05-M6-1/Lessons/Problem-1.md,,Screen Distance and Double-Slit Fringe Spacing,M6,2026-08-05,/Users/jake/Developer/study/vault/212/M6/2026-08-05-M6-1/Lessons/Problem-1.md,"Identify $\lambda$ as wavelength, $d$ as slit separation, and $L$ as the slit-to-screen distance.",PATH:M6/2026-08-05-M6-1/Lessons/Problem-2.md,,How Screen Distance Changes Double-Slit Fringe Spacing,M6,2026-08-05,/Users/jake/Developer/study/vault/212/M6/2026-08-05-M6-1/Lessons/Problem-2.md,same-date,true,High,concept_equivalent,"It explicitly defines lambda as wavelength, d as slit separation, and L as screen distance in the double-slit setup.",2,0.4184,false,semantically-reviewed,true,CYCLE-016,2
P212-E0392,REQUIRES,P212-0838,PATH:M6/2026-08-05-M6-1/Lessons/Problem-1.md,,Screen Distance and Double-Slit Fringe Spacing,M6,2026-08-05,/Users/jake/Developer/study/vault/212/M6/2026-08-05-M6-1/Lessons/Problem-1.md,Compare two values by forming a ratio.,212-M5-025,212-M5-025,Sound Intensity at a New Distance,M5,2026-07-28,/Users/jake/Developer/study/vault/212/M5/2026-07-28-M5-3/Lessons/Problem-2.md,earlier,true,Medium,worked_move_equivalent,It forms a ratio of two values to compare sound intensities while cancelling their common source factors.,1,0.3631,false,semantically-reviewed,false,,
P212-E0393,REQUIRES,P212-0840,PATH:M6/2026-08-05-M6-1/Lessons/Problem-2.md,,How Screen Distance Changes Double-Slit Fringe Spacing,M6,2026-08-05,/Users/jake/Developer/study/vault/212/M6/2026-08-05-M6-1/Lessons/Problem-2.md,"Identify the wavelength $\lambda$, slit separation $d$, and slit-to-screen distance $L$ in a double-slit setup.",PATH:M6/2026-08-05-M6-1/Lessons/Problem-1.md,,Screen Distance and Double-Slit Fringe Spacing,M6,2026-08-05,/Users/jake/Developer/study/vault/212/M6/2026-08-05-M6-1/Lessons/Problem-1.md,same-date,true,High,concept_equivalent,"It identifies lambda, slit separation d, and screen distance L before using the fringe-spacing relation.",1,0.4633,false,semantically-reviewed,true,CYCLE-016,2
P212-E0394,REQUIRES,P212-0841,PATH:M6/2026-08-05-M6-1/Lessons/Problem-3.md,,Reading Path Difference from a Double-Slit Pattern,M6,2026-08-05,/Users/jake/Developer/study/vault/212/M6/2026-08-05-M6-1/Lessons/Problem-3.md,Interpret $\lambda$ as one wavelength.,212-M5-013,212-M5-013,Counting Wavelengths Inside a Material,M5,2026-07-27,/Users/jake/Developer/study/vault/212/M5/2026-07-27-M5-2/Lessons/Problem-6.md,earlier,true,High,concept_equivalent,It treats lambda as the length of one wavelength and divides a material length by it to count cycles.,1,0.4063,false,semantically-reviewed,false,,
P212-E0395,REQUIRES,P212-0849,PATH:M6/2026-08-05-M6-1/Lessons/Problem-5.md,,Finding Wavelength from a Diffraction-Grating Pattern,M6,2026-08-05,/Users/jake/Developer/study/vault/212/M6/2026-08-05-M6-1/Lessons/Problem-5.md,"Recognize that the central maximum has order $m=0$, so the first, second, and third bright fringes have $m=1,2,3$.",PATH:M6/2026-08-05-M6-1/Lessons/Problem-3.md,,Reading Path Difference from a Double-Slit Pattern,M6,2026-08-05,/Users/jake/Developer/study/vault/212/M6/2026-08-05-M6-1/Lessons/Problem-3.md,same-date,true,High,concept_equivalent,"It labels the central bright maximum m=0 and counts the first, second, and third maxima with m=1,2,3.",1,0.3804,false,semantically-reviewed,false,,
P212-E0396,REQUIRES,P212-0853,PATH:M6/2026-08-06-M6-2/Lessons/Problem-2.md,,Finding Diffraction-Grating Line Density from Symmetric Fringes,M6,2026-08-06,/Users/jake/Developer/study/vault/212/M6/2026-08-06-M6-2/Lessons/Problem-2.md,Recognize opposite-order diffraction maxima as symmetric about the central maximum.,PATH:M6/2026-08-06-M6-2/Lessons/Problem-3.md,,Counting Visible Diffraction-Grating Maxima on a Finite Screen,M6,2026-08-06,/Users/jake/Developer/study/vault/212/M6/2026-08-06-M6-2/Lessons/Problem-3.md,same-date,true,High,concept_equivalent,It explicitly counts the symmetric positive and negative diffraction orders plus the central order.,1,0.3533,false,semantically-reviewed,false,,
P212-E0397,REQUIRES,P212-0855,PATH:M6/2026-08-06-M6-2/Lessons/Problem-2.md,,Finding Diffraction-Grating Line Density from Symmetric Fringes,M6,2026-08-06,/Users/jake/Developer/study/vault/212/M6/2026-08-06-M6-2/Lessons/Problem-2.md,Use the diffraction-grating maximum condition $d\sin\theta=m\lambda$.,PATH:M6/2026-08-05-M6-1/Lessons/Problem-5.md,,Finding Wavelength from a Diffraction-Grating Pattern,M6,2026-08-05,/Users/jake/Developer/study/vault/212/M6/2026-08-05-M6-1/Lessons/Problem-5.md,earlier,true,High,worked_move_equivalent,It directly applies the diffraction-grating maximum condition d sin(theta)=m lambda.,1,0.5299,false,semantically-reviewed,false,,
P212-E0398,REQUIRES,P212-0859,PATH:M6/2026-08-06-M6-2/Lessons/Problem-3.md,,Counting Visible Diffraction-Grating Maxima on a Finite Screen,M6,2026-08-06,/Users/jake/Developer/study/vault/212/M6/2026-08-06-M6-2/Lessons/Problem-3.md,Using the diffraction-grating condition $d\sin\theta_m=m\lambda$,PATH:M6/2026-08-05-M6-1/Lessons/Problem-5.md,,Finding Wavelength from a Diffraction-Grating Pattern,M6,2026-08-05,/Users/jake/Developer/study/vault/212/M6/2026-08-05-M6-1/Lessons/Problem-5.md,earlier,true,High,worked_move_equivalent,It teaches and practices the grating condition d sin(theta)=m lambda for bright orders.,1,0.5701,false,semantically-reviewed,false,,
P212-E0399,REQUIRES,P212-0870,PATH:M6/2026-08-09-HW-9/Lessons/Problem-1.md,,Choosing a Slit Width for Clear Single-Slit Diffraction,M6,2026-08-09,/Users/jake/Developer/study/vault/212/M6/2026-08-09-HW-9/Lessons/Problem-1.md,Use the single-slit minimum condition $a\sin\theta=m\lambda$.,PATH:M6/2026-08-06-M6-2/Lessons/Problem-1.md,,Finding Slit Width from Adjacent Single-Slit Minima,M6,2026-08-06,/Users/jake/Developer/study/vault/212/M6/2026-08-06-M6-2/Lessons/Problem-1.md,earlier,true,High,worked_move_equivalent,It explicitly applies the single-slit minimum condition a sin(theta)=m lambda.,3,0.3382,false,semantically-reviewed,false,,
P212-E0400,REQUIRES,P212-0872,PATH:M6/2026-08-09-HW-9/Lessons/Problem-2.md,,Finding Slit Width from the Central Diffraction Maximum,M6,2026-08-09,/Users/jake/Developer/study/vault/212/M6/2026-08-09-HW-9/Lessons/Problem-2.md,The first-minimum condition for a single slit: $a\sin\theta_1=\lambda$,PATH:M6/2026-08-06-M6-2/Lessons/Problem-4.md,,Finding Screen Distance from a Single-Slit Diffraction Graph,M6,2026-08-06,/Users/jake/Developer/study/vault/212/M6/2026-08-06-M6-2/Lessons/Problem-4.md,earlier,true,High,worked_move_equivalent,It specializes the single-slit minimum equation to the first minimum with a sin(theta_1)=lambda.,2,0.3943,false,semantically-reviewed,false,,
P212-E0401,REQUIRES,P212-0873,PATH:M6/2026-08-09-HW-9/Lessons/Problem-2.md,,Finding Slit Width from the Central Diffraction Maximum,M6,2026-08-09,/Users/jake/Developer/study/vault/212/M6/2026-08-09-HW-9/Lessons/Problem-2.md,The small-angle screen relation: $y_1\approx L\sin\theta_1$,PATH:M6/2026-08-06-M6-2/Lessons/Problem-4.md,,Finding Screen Distance from a Single-Slit Diffraction Graph,M6,2026-08-06,/Users/jake/Developer/study/vault/212/M6/2026-08-06-M6-2/Lessons/Problem-4.md,earlier,true,High,concept_equivalent,It uses the screen geometry and small-angle approximation y_1 approximately L sin(theta_1).,6,0.24,false,semantically-reviewed,false,,
P212-E0402,REQUIRES,P212-0879,PATH:M6/2026-08-09-HW-9/Lessons/Problem-4.md,,Predicting Changes in Double-Slit Fringe Spacing,M6,2026-08-09,/Users/jake/Developer/study/vault/212/M6/2026-08-09-HW-9/Lessons/Problem-4.md,"Recognize the double-slit bright-maximum relation $y_m\approx m\lambda L/d$ in the far-screen, small-angle approximation.",PATH:M6/2026-08-05-M6-1/Lessons/Problem-2.md,,How Screen Distance Changes Double-Slit Fringe Spacing,M6,2026-08-05,/Users/jake/Developer/study/vault/212/M6/2026-08-05-M6-1/Lessons/Problem-2.md,earlier,true,Medium,worked_move_equivalent,It combines d sin(theta)=m lambda with y=L tan(theta) and the small-angle approximation to locate bright fringes.,3,0.3432,false,semantically-reviewed,false,,
P212-E0403,REQUIRES,P212-0883,PATH:M6/2026-08-09-HW-9/Lessons/Problem-5.md,,Fitting More Double-Slit Fringes on a Fixed Screen,M6,2026-08-09,/Users/jake/Developer/study/vault/212/M6/2026-08-09-HW-9/Lessons/Problem-5.md,Use the wave relation $c=f\lambda$ in a fixed medium.,212-M5-014,212-M5-014,Changing Frequency on the Same Taut String,M5,2026-07-28,/Users/jake/Developer/study/vault/212/M5/2026-07-28-HW-7/Lessons/Problem-1.md,earlier,true,High,concept_equivalent,It uses v=f lambda in one unchanged medium so frequency and wavelength vary inversely at fixed speed.,2,0.3435,false,semantically-reviewed,false,,
P212-E0404,REQUIRES,P212-0884,PATH:M6/2026-08-09-HW-9/Lessons/Problem-5.md,,Fitting More Double-Slit Fringes on a Fixed Screen,M6,2026-08-09,/Users/jake/Developer/study/vault/212/M6/2026-08-09-HW-9/Lessons/Problem-5.md,Know the small-angle double-slit fringe-spacing relation $\Delta y\approx \lambda L/d$.,PATH:M6/2026-08-05-M6-1/Lessons/Problem-1.md,,Screen Distance and Double-Slit Fringe Spacing,M6,2026-08-05,/Users/jake/Developer/study/vault/212/M6/2026-08-05-M6-1/Lessons/Problem-1.md,earlier,true,High,concept_equivalent,It directly teaches the small-angle double-slit fringe spacing Delta y approximately lambda L/d.,2,0.5348,false,semantically-reviewed,false,,
P212-E0405,REQUIRES,P212-0885,PATH:M6/2026-08-09-HW-9/Lessons/Problem-6.md,,Changing Slit Separation at a Fixed Fringe Angle,M6,2026-08-09,/Users/jake/Developer/study/vault/212/M6/2026-08-09-HW-9/Lessons/Problem-6.md,Distinguish constructive (bright) interference from destructive (dark) interference.,PATH:M6/2026-08-05-M6-1/Lessons/Problem-3.md,,Reading Path Difference from a Double-Slit Pattern,M6,2026-08-05,/Users/jake/Developer/study/vault/212/M6/2026-08-05-M6-1/Lessons/Problem-3.md,earlier,true,High,concept_equivalent,It directly maps constructive interference to bright fringes and destructive interference to dark fringes.,3,0.2878,false,semantically-reviewed,false,,
P212-E0406,REQUIRES,P212-0888,PATH:M6/2026-08-09-HW-9/Lessons/Problem-7.md,,Exact Diffraction-Grating Positions on a Screen,M6,2026-08-09,/Users/jake/Developer/study/vault/212/M6/2026-08-09-HW-9/Lessons/Problem-7.md,Use the diffraction-grating maximum condition $d\sin\theta=m\lambda$.,PATH:M6/2026-08-05-M6-1/Lessons/Problem-5.md,,Finding Wavelength from a Diffraction-Grating Pattern,M6,2026-08-05,/Users/jake/Developer/study/vault/212/M6/2026-08-05-M6-1/Lessons/Problem-5.md,earlier,true,High,worked_move_equivalent,It directly applies the diffraction-grating maximum condition to allowed bright orders.,1,0.5299,false,semantically-reviewed,false,,
P212-E0407,REQUIRES,P212-0891,PATH:M7/2026-08-12-HW-10/Lessons/Problem-1.md,,Auditing Qualitative Optics Claims,M7,2026-08-12,/Users/jake/Developer/study/vault/212/M7/2026-08-12-HW-10/Lessons/Problem-1.md,Distinguish a light ray from the backward extension of a ray.,PATH:M7/2026-08-12-HW-10/Lessons/Problem-9.md,,Why Convex-Mirror Images Are Always Virtual,M7,2026-08-12,/Users/jake/Developer/study/vault/212/M7/2026-08-12-HW-10/Lessons/Problem-9.md,same-date,true,High,concept_equivalent,It explicitly contrasts physical reflected rays with dashed backward extensions used to locate virtual images.,2,0.3323,false,semantically-reviewed,true,CYCLE-017,3
P212-E0408,REQUIRES,P212-0899,PATH:M7/2026-08-12-HW-10/Lessons/Problem-4.md,,Classifying a Plane-Mirror Image,M7,2026-08-12,/Users/jake/Developer/study/vault/212/M7/2026-08-12-HW-10/Lessons/Problem-4.md,Distinguish a physical light ray from the backward extension of a ray.,PATH:M7/2026-08-12-HW-10/Lessons/Problem-9.md,,Why Convex-Mirror Images Are Always Virtual,M7,2026-08-12,/Users/jake/Developer/study/vault/212/M7/2026-08-12-HW-10/Lessons/Problem-9.md,same-date,true,High,concept_equivalent,It teaches how to distinguish an actual light ray from its backward geometric extension.,2,0.3176,false,semantically-reviewed,true,CYCLE-017,3
P212-E0409,REQUIRES,P212-0902,PATH:M7/2026-08-12-HW-10/Lessons/Problem-5.md,,Reading Thin-Lens Magnification to Identify the Image and Lens,M7,2026-08-12,/Users/jake/Developer/study/vault/212/M7/2026-08-12-HW-10/Lessons/Problem-5.md,"Recognize that a real image forms on the opposite side of a lens from the object, while a virtual image appears on the object's side.",PATH:M7/2026-08-12-HW-10/Lessons/Problem-8.md,,Classifying Images Formed by Thin Lenses,M7,2026-08-12,/Users/jake/Developer/study/vault/212/M7/2026-08-12-HW-10/Lessons/Problem-8.md,same-date,true,High,concept_equivalent,It classifies a lens image as real where far-side rays meet and virtual where object-side backward extensions meet.,5,0.2549,false,semantically-reviewed,false,,
P212-E0410,REQUIRES,P212-0906,PATH:M7/2026-08-12-HW-10/Lessons/Problem-6.md,,Inferring Lens Type from a Magnified Image,M7,2026-08-12,/Users/jake/Developer/study/vault/212/M7/2026-08-12-HW-10/Lessons/Problem-6.md,Use $m=-d_i/d_o$ and interpret the sign and magnitude of $m$ separately.,PATH:M7/2026-08-12-HW-10/Lessons/Problem-5.md,,Reading Thin-Lens Magnification to Identify the Image and Lens,M7,2026-08-12,/Users/jake/Developer/study/vault/212/M7/2026-08-12-HW-10/Lessons/Problem-5.md,same-date,true,High,worked_move_equivalent,It computes m=-d_i/d_o and interprets the sign and magnitude as separate image properties.,1,0.368,false,semantically-reviewed,false,,
P212-E0411,REQUIRES,P212-0910,PATH:M7/2026-08-12-HW-10/Lessons/Problem-8.md,,Classifying Images Formed by Thin Lenses,M7,2026-08-12,/Users/jake/Developer/study/vault/212/M7/2026-08-12-HW-10/Lessons/Problem-8.md,Recognize a converging lens and a diverging lens.,PATH:M7/2026-08-12-HW-10/Lessons/Problem-10.md,,Classifying a Lens from a Ray Diagram,M7,2026-08-12,/Users/jake/Developer/study/vault/212/M7/2026-08-12-HW-10/Lessons/Problem-10.md,same-date,true,High,concept_equivalent,It classifies converging and diverging lenses from their parallel-ray behavior and practices both cases.,4,0.2834,false,semantically-reviewed,false,,
P212-E0412,REQUIRES,P212-0912,PATH:M7/2026-08-12-HW-10/Lessons/Problem-8.md,,Classifying Images Formed by Thin Lenses,M7,2026-08-12,/Users/jake/Developer/study/vault/212/M7/2026-08-12-HW-10/Lessons/Problem-8.md,"Recall that a real image is formed where outgoing rays actually meet, while a virtual image is formed where their backward extensions meet.",PATH:M7/2026-08-12-HW-10/Lessons/Problem-9.md,,Why Convex-Mirror Images Are Always Virtual,M7,2026-08-12,/Users/jake/Developer/study/vault/212/M7/2026-08-12-HW-10/Lessons/Problem-9.md,same-date,true,High,concept_equivalent,It defines real images by meeting physical rays and virtual images by meeting backward extensions.,1,0.4109,false,semantically-reviewed,false,,
P212-E0413,REQUIRES,P212-0913,PATH:M7/2026-08-12-HW-10/Lessons/Problem-9.md,,Why Convex-Mirror Images Are Always Virtual,M7,2026-08-12,/Users/jake/Developer/study/vault/212/M7/2026-08-12-HW-10/Lessons/Problem-9.md,Distinguish a real object in front of a mirror from an image behind it.,PATH:M7/2026-08-12-HW-10/Lessons/Problem-4.md,,Classifying a Plane-Mirror Image,M7,2026-08-12,/Users/jake/Developer/study/vault/212/M7/2026-08-12-HW-10/Lessons/Problem-4.md,same-date,true,High,concept_equivalent,It distinguishes the real object in front of a plane mirror from the virtual image located behind it.,1,0.4994,false,semantically-reviewed,true,CYCLE-017,3
P212-E0414,REQUIRES,P212-0915,PATH:M7/2026-08-12-HW-10/Lessons/Problem-9.md,,Why Convex-Mirror Images Are Always Virtual,M7,2026-08-12,/Users/jake/Developer/study/vault/212/M7/2026-08-12-HW-10/Lessons/Problem-9.md,"Know that light follows the reflected rays, not their backward extensions.",PATH:M7/2026-08-12-HW-10/Lessons/Problem-1.md,,Auditing Qualitative Optics Claims,M7,2026-08-12,/Users/jake/Developer/study/vault/212/M7/2026-08-12-HW-10/Lessons/Problem-1.md,same-date,true,High,concept_equivalent,It emphasizes that light follows the actual reflected rays while dashed backward extensions only locate the image.,2,0.1524,false,semantically-reviewed,true,CYCLE-017,3
P212-E0415,REQUIRES,P212-0916,PATH:M7/2026-08-12-HW-10/Lessons/Problem-10.md,,Classifying a Lens from a Ray Diagram,M7,2026-08-12,/Users/jake/Developer/study/vault/212/M7/2026-08-12-HW-10/Lessons/Problem-10.md,Identify the principal axis and the focal points of a thin lens.,PATH:M7/2026-08-12-HW-10/Lessons/Problem-7.md,,Tracing a Parallel Ray Through a Converging Lens,M7,2026-08-12,/Users/jake/Developer/study/vault/212/M7/2026-08-12-HW-10/Lessons/Problem-7.md,same-date,true,High,concept_equivalent,It identifies the principal axis and near and far focal points before constructing a lens ray.,4,0.2692,false,semantically-reviewed,false,,
P212-E0416,REQUIRES,P212-0917,PATH:M7/2026-08-12-HW-10/Lessons/Problem-10.md,,Classifying a Lens from a Ray Diagram,M7,2026-08-12,/Users/jake/Developer/study/vault/212/M7/2026-08-12-HW-10/Lessons/Problem-10.md,Follow a ray in its direction of travel through a diagram.,PATH:M7/2026-08-12-HW-10/Lessons/Problem-7.md,,Tracing a Parallel Ray Through a Converging Lens,M7,2026-08-12,/Users/jake/Developer/study/vault/212/M7/2026-08-12-HW-10/Lessons/Problem-7.md,same-date,true,High,worked_move_equivalent,It practices following a drawn ray's direction through the lens and reversing a standard ray rule when needed.,1,0.326,false,semantically-reviewed,false,,
P212-E0417,REQUIRES,P212-0918,PATH:M7/2026-08-12-HW-10/Lessons/Problem-10.md,,Classifying a Lens from a Ray Diagram,M7,2026-08-12,/Users/jake/Developer/study/vault/212/M7/2026-08-12-HW-10/Lessons/Problem-10.md,Distinguish a drawn light ray from a backward extension used to locate a virtual image.,PATH:M7/2026-08-12-HW-10/Lessons/Problem-9.md,,Why Convex-Mirror Images Are Always Virtual,M7,2026-08-12,/Users/jake/Developer/study/vault/212/M7/2026-08-12-HW-10/Lessons/Problem-9.md,same-date,true,High,concept_equivalent,It explicitly distinguishes a drawn physical ray from the dashed backward extension of that ray.,1,0.4374,false,semantically-reviewed,false,,
P212-E0418,REQUIRES,P212-0919,PATH:M7/2026-08-12-HW-10/Lessons/Problem-11.md,,Solving the Thin-Lens Equation for Image Distance,M7,2026-08-12,/Users/jake/Developer/study/vault/212/M7/2026-08-12-HW-10/Lessons/Problem-11.md,"Recognize $d_0$ as the object distance, $d_1$ as the image distance, and $f_1$ as the signed focal length of Lens 1.",PATH:M7/2026-08-12-HW-10/Lessons/Problem-1.md,,Auditing Qualitative Optics Claims,M7,2026-08-12,/Users/jake/Developer/study/vault/212/M7/2026-08-12-HW-10/Lessons/Problem-1.md,same-date,true,High,concept_equivalent,"It assigns signed focal, object, and image distances in the thin-lens equation and explains their physical roles.",7,0.1996,false,semantically-reviewed,false,,
