corpus_row_id,module,assignment_folder,assignment_date,assignment_code,assignment_type,lesson_file,lesson_kind,problem_number,lesson_title,lesson_id,topic_code,prerequisite_section_index,prerequisite_section_count_in_file,prerequisite_ordinal,source_line,source_relative_path,source_path,prerequisite_text,normalized_text,primary_type,secondary_types,math_subtypes,physics_topics,mastery_action,depth_level,depth_label,atomicity,has_condition_or_convention,condition_or_convention_tags,suggested_remediation,contains_math_notation,explicit_prerequisite_link,linked_target,normalized_course_frequency,duplicate_within_lesson,classification_confidence,review_flag,classification_method,classification_notes
P212-0001,M1,2026-06-23-M1-00,2026-06-23,M1-00,Lecture,Problem-1.md,Problem lesson,1,Finding When Angular Velocity Reverses Direction,212-M1-031,MTH212.M1.31,1,1,1,18,M1/2026-06-23-M1-00/Lessons/Problem-1.md,/Users/jake/Developer/study/vault/212/M1/2026-06-23-M1-00/Lessons/Problem-1.md,Solving an equation by isolating a squared variable,solving an equation by isolating a squared variable,Mathematical technique,,Numeracy and arithmetic | Algebra and formula manipulation,,Execute,D2,Paragraph or micro-example,Atomic,false,,Inline paragraph or micro-example,false,false,,1,false,High,false,Rule-based taxonomy v2; corpus-level model review and spot checks,
P212-0002,M1,2026-06-23-M1-00,2026-06-23,M1-00,Lecture,Problem-1.md,Problem lesson,1,Finding When Angular Velocity Reverses Direction,212-M1-031,MTH212.M1.31,1,1,2,19,M1/2026-06-23-M1-00/Lessons/Problem-1.md,/Users/jake/Developer/study/vault/212/M1/2026-06-23-M1-00/Lessons/Problem-1.md,Taking the square root of a perfect square,taking the square root of a perfect square,Mathematical technique,,Numeracy and arithmetic,,Execute,D2,Paragraph or micro-example,Atomic,false,,Inline paragraph or micro-example,false,false,,1,false,High,false,Rule-based taxonomy v2; corpus-level model review and spot checks,
P212-0003,M1,2026-06-23-M1-00,2026-06-23,M1-00,Lecture,Problem-1.md,Problem lesson,1,Finding When Angular Velocity Reverses Direction,212-M1-031,MTH212.M1.31,1,1,3,20,M1/2026-06-23-M1-00/Lessons/Problem-1.md,/Users/jake/Developer/study/vault/212/M1/2026-06-23-M1-00/Lessons/Problem-1.md,Knowing that the sign of angular velocity gives rotation direction,knowing that the sign of angular velocity gives rotation direction,"Physics concept, law, or relation",,,Circular and rotational motion,Recall,D1,Retrieval cue,Atomic,false,,Inline reminder,false,false,,1,false,High,false,Rule-based taxonomy v2; corpus-level model review and spot checks,
P212-0004,M1,2026-06-23-M1-00,2026-06-23,M1-00,Lecture,Problem-2.md,Problem lesson,2,Angular Displacement Before Reversal,212-M1-032,MTH212.M1.32,1,1,1,18,M1/2026-06-23-M1-00/Lessons/Problem-2.md,/Users/jake/Developer/study/vault/212/M1/2026-06-23-M1-00/Lessons/Problem-2.md,Solve an equation of the form $A-Bt^2=0$ for the positive time.,solve an equation of the form a-bt^2=0 for the positive time,Mathematical technique,,Algebra and formula manipulation,,Execute,D2,Paragraph or micro-example,Atomic,false,,Inline paragraph or micro-example,true,false,,1,false,High,false,Rule-based taxonomy v2; corpus-level model review and spot checks,
P212-0005,M1,2026-06-23-M1-00,2026-06-23,M1-00,Lecture,Problem-2.md,Problem lesson,2,Angular Displacement Before Reversal,212-M1-032,MTH212.M1.32,1,1,2,19,M1/2026-06-23-M1-00/Lessons/Problem-2.md,/Users/jake/Developer/study/vault/212/M1/2026-06-23-M1-00/Lessons/Problem-2.md,Interpret angular displacement as the integral of angular velocity.,interpret angular displacement as the integral of angular velocity,Semantic and physical interpretation,"Mathematical technique | Physics concept, law, or relation",Calculus,Circular and rotational motion,Interpret,D3,Short focused lesson,Atomic,false,,Short prerequisite lesson,false,false,,1,false,Medium,true,Rule-based taxonomy v2; corpus-level model review and spot checks,
P212-0006,M1,2026-06-23-M1-00,2026-06-23,M1-00,Lecture,Problem-2.md,Problem lesson,2,Angular Displacement Before Reversal,212-M1-032,MTH212.M1.32,1,1,3,20,M1/2026-06-23-M1-00/Lessons/Problem-2.md,/Users/jake/Developer/study/vault/212/M1/2026-06-23-M1-00/Lessons/Problem-2.md,"Use the power rule antiderivative $\int t^2\,dt=\frac{t^3}{3}$.","use the power rule antiderivative \int t^2\,dt=t^33",Mathematical technique,,Calculus,,Execute,D3,Short focused lesson,Atomic,false,,Short prerequisite lesson,true,false,,1,false,Medium,true,Rule-based taxonomy v2; corpus-level model review and spot checks,
P212-0007,M1,2026-06-23-M1-00,2026-06-23,M1-00,Lecture,tangential-acceleration-from-angular-acceleration.md,Supplemental lesson,,Converting Angular Acceleration to Tangential Acceleration,212-M1-066,MTH212.M1.66,1,1,1,19,M1/2026-06-23-M1-00/Lessons/tangential-acceleration-from-angular-acceleration.md,/Users/jake/Developer/study/vault/212/M1/2026-06-23-M1-00/Lessons/tangential-acceleration-from-angular-acceleration.md,Interpret $\omega$ as angular velocity and $\alpha$ as angular acceleration.,interpret \omega as angular velocity and \alpha as angular acceleration,Semantic and physical interpretation,"Physics concept, law, or relation",,Circular and rotational motion,Interpret,D2,Paragraph or micro-example,Atomic,false,,Inline paragraph or micro-example,true,false,,1,false,High,false,Rule-based taxonomy v2; corpus-level model review and spot checks,
P212-0008,M1,2026-06-23-M1-00,2026-06-23,M1-00,Lecture,tangential-acceleration-from-angular-acceleration.md,Supplemental lesson,,Converting Angular Acceleration to Tangential Acceleration,212-M1-066,MTH212.M1.66,1,1,2,20,M1/2026-06-23-M1-00/Lessons/tangential-acceleration-from-angular-acceleration.md,/Users/jake/Developer/study/vault/212/M1/2026-06-23-M1-00/Lessons/tangential-acceleration-from-angular-acceleration.md,Multiply and divide quantities with units.,multiply and divide quantities with units,Mathematical technique,Measurement and computation,Numeracy and arithmetic,,Execute,D2,Paragraph or micro-example,Atomic,false,,Inline paragraph or micro-example,false,false,,1,false,High,false,Rule-based taxonomy v2; focused corpus QA adjustment,Focused corpus QA adjustment applied
P212-0009,M1,2026-06-23-M1-00,2026-06-23,M1-00,Lecture,tangential-acceleration-from-angular-acceleration.md,Supplemental lesson,,Converting Angular Acceleration to Tangential Acceleration,212-M1-066,MTH212.M1.66,1,1,3,21,M1/2026-06-23-M1-00/Lessons/tangential-acceleration-from-angular-acceleration.md,/Users/jake/Developer/study/vault/212/M1/2026-06-23-M1-00/Lessons/tangential-acceleration-from-angular-acceleration.md,Use a chosen positive direction for rotation.,use a chosen positive direction for rotation,"Physics concept, law, or relation",Model condition or reference choice,,Circular and rotational motion,Execute,D2,Paragraph or micro-example,Atomic,true,Sign or direction convention,Inline paragraph or micro-example,false,false,,1,false,Medium,true,Rule-based taxonomy v2; corpus-level model review and spot checks,
P212-0010,M1,2026-06-24-M1-1,2026-06-24,M1-1,Lecture,Problem-1.md,Problem lesson,1,Convert Revolutions Per Second to Angular Frequency,212-M1-033,MTH212.M1.33,1,1,1,19,M1/2026-06-24-M1-1/Lessons/Problem-1.md,/Users/jake/Developer/study/vault/212/M1/2026-06-24-M1-1/Lessons/Problem-1.md,Know that one full revolution is \(2\pi\) radians.,know that one full revolution is \(2\pi\) radians,Model condition or reference choice,,,,Recall,D1,Retrieval cue,Atomic,true,Angle-unit or calculator-mode convention,Inline reminder,true,false,,1,false,High,false,Rule-based taxonomy v2; corpus-level model review and spot checks,
P212-0011,M1,2026-06-24-M1-1,2026-06-24,M1-1,Lecture,Problem-1.md,Problem lesson,1,Convert Revolutions Per Second to Angular Frequency,212-M1-033,MTH212.M1.33,1,1,2,20,M1/2026-06-24-M1-1/Lessons/Problem-1.md,/Users/jake/Developer/study/vault/212/M1/2026-06-24-M1-1/Lessons/Problem-1.md,Know how to multiply by a unit conversion factor.,know how to multiply by a unit conversion factor,Measurement and computation,Mathematical technique,Numeracy and arithmetic | Algebra and formula manipulation,,Recall,D2,Paragraph or micro-example,Atomic,false,,Inline paragraph or micro-example,false,false,,1,false,High,false,Rule-based taxonomy v2; corpus-level model review and spot checks,
P212-0012,M1,2026-06-24-M1-1,2026-06-24,M1-1,Lecture,Problem-1.md,Problem lesson,1,Convert Revolutions Per Second to Angular Frequency,212-M1-033,MTH212.M1.33,1,1,3,21,M1/2026-06-24-M1-1/Lessons/Problem-1.md,/Users/jake/Developer/study/vault/212/M1/2026-06-24-M1-1/Lessons/Problem-1.md,Know how to round a number to a given number of significant figures.,know how to round a number to a given number of significant figures,Measurement and computation,,,,Recall,D2,Paragraph or micro-example,Atomic,false,,Inline paragraph or micro-example,false,false,,1,false,High,false,Rule-based taxonomy v2; corpus-level model review and spot checks,
P212-0013,M1,2026-06-24-M1-1,2026-06-24,M1-1,Lecture,Problem-2.md,Problem lesson,2,Magnitude of Constant Angular Acceleration,212-M1-034,MTH212.M1.34,1,1,1,19,M1/2026-06-24-M1-1/Lessons/Problem-2.md,/Users/jake/Developer/study/vault/212/M1/2026-06-24-M1-1/Lessons/Problem-2.md,"Interpret ""comes to a stop"" as a final angular velocity of $0$.","interpret ""comes to a stop"" as a final angular velocity of 0",Semantic and physical interpretation,"Physics concept, law, or relation",,Circular and rotational motion,Interpret,D2,Paragraph or micro-example,Atomic,false,,Inline paragraph or micro-example,true,false,,1,false,High,false,Rule-based taxonomy v2; corpus-level model review and spot checks,
P212-0014,M1,2026-06-24-M1-1,2026-06-24,M1-1,Lecture,Problem-2.md,Problem lesson,2,Magnitude of Constant Angular Acceleration,212-M1-034,MTH212.M1.34,1,1,2,20,M1/2026-06-24-M1-1/Lessons/Problem-2.md,/Users/jake/Developer/study/vault/212/M1/2026-06-24-M1-1/Lessons/Problem-2.md,Subtract final value minus initial value to find a change.,subtract final value minus initial value to find a change,Mathematical technique,,Numeracy and arithmetic,,Execute,D2,Paragraph or micro-example,Atomic,false,,Inline paragraph or micro-example,false,false,,1,false,High,false,Rule-based taxonomy v2; corpus-level model review and spot checks,
P212-0015,M1,2026-06-24-M1-1,2026-06-24,M1-1,Lecture,Problem-2.md,Problem lesson,2,Magnitude of Constant Angular Acceleration,212-M1-034,MTH212.M1.34,1,1,3,21,M1/2026-06-24-M1-1/Lessons/Problem-2.md,/Users/jake/Developer/study/vault/212/M1/2026-06-24-M1-1/Lessons/Problem-2.md,Divide a change by elapsed time to find a constant rate.,divide a change by elapsed time to find a constant rate,Mathematical technique,,Numeracy and arithmetic,,Execute,D2,Paragraph or micro-example,Atomic,false,,Inline paragraph or micro-example,false,false,,1,false,High,false,Rule-based taxonomy v2; corpus-level model review and spot checks,
P212-0016,M1,2026-06-24-M1-1,2026-06-24,M1-1,Lecture,Problem-2.md,Problem lesson,2,Magnitude of Constant Angular Acceleration,212-M1-034,MTH212.M1.34,1,1,4,22,M1/2026-06-24-M1-1/Lessons/Problem-2.md,/Users/jake/Developer/study/vault/212/M1/2026-06-24-M1-1/Lessons/Problem-2.md,Use radians per second as angular velocity units.,use radians per second as angular velocity units,"Physics concept, law, or relation",Measurement and computation | Model condition or reference choice,,Circular and rotational motion,Execute,D2,Paragraph or micro-example,Atomic,true,Angle-unit or calculator-mode convention,Inline paragraph or micro-example,false,false,,1,false,Medium,true,Rule-based taxonomy v2; corpus-level model review and spot checks,
P212-0017,M1,2026-06-24-M1-1,2026-06-24,M1-1,Lecture,Problem-2.md,Problem lesson,2,Magnitude of Constant Angular Acceleration,212-M1-034,MTH212.M1.34,1,1,5,23,M1/2026-06-24-M1-1/Lessons/Problem-2.md,/Users/jake/Developer/study/vault/212/M1/2026-06-24-M1-1/Lessons/Problem-2.md,Know that a magnitude is nonnegative.,know that a magnitude is nonnegative,Semantic and physical interpretation,,,,Recall,D1,Retrieval cue,Atomic,false,,Inline reminder,false,false,,1,false,High,false,Rule-based taxonomy v2; corpus-level model review and spot checks,
P212-0018,M1,2026-06-24-M1-1,2026-06-24,M1-1,Lecture,Problem-3.md,Problem lesson,3,Finding Angular Acceleration Direction While Stopping,212-M1-035,MTH212.M1.35,1,1,1,18,M1/2026-06-24-M1-1/Lessons/Problem-3.md,/Users/jake/Developer/study/vault/212/M1/2026-06-24-M1-1/Lessons/Problem-3.md,Clockwise and counterclockwise rotation as seen on the page,clockwise and counterclockwise rotation as seen on the page,"Physics concept, law, or relation",,,Circular and rotational motion,Recall,D1,Retrieval cue,Atomic,false,,Inline reminder,false,false,,1,false,High,false,Rule-based taxonomy v2; corpus-level model review and spot checks,
P212-0019,M1,2026-06-24-M1-1,2026-06-24,M1-1,Lecture,Problem-3.md,Problem lesson,3,Finding Angular Acceleration Direction While Stopping,212-M1-035,MTH212.M1.35,1,1,2,19,M1/2026-06-24-M1-1/Lessons/Problem-3.md,/Users/jake/Developer/study/vault/212/M1/2026-06-24-M1-1/Lessons/Problem-3.md,The right-hand rule for angular velocity direction,the right-hand rule for angular velocity direction,"Physics concept, law, or relation",Mathematical technique | Representation and spatial literacy,Vector mathematics,Circular and rotational motion,Recall,D3,Short focused lesson,Atomic,false,,Short prerequisite lesson,false,false,,1,false,Medium,true,Rule-based taxonomy v2; corpus-level model review and spot checks,
P212-0020,M1,2026-06-24-M1-1,2026-06-24,M1-1,Lecture,Problem-3.md,Problem lesson,3,Finding Angular Acceleration Direction While Stopping,212-M1-035,MTH212.M1.35,1,1,3,20,M1/2026-06-24-M1-1/Lessons/Problem-3.md,/Users/jake/Developer/study/vault/212/M1/2026-06-24-M1-1/Lessons/Problem-3.md,Angular acceleration as the rate of change of angular velocity,angular acceleration as the rate of change of angular velocity,"Physics concept, law, or relation",,,Circular and rotational motion,Recall,D1,Retrieval cue,Atomic,false,,Inline reminder,false,false,,1,false,High,false,Rule-based taxonomy v2; corpus-level model review and spot checks,
P212-0021,M1,2026-06-24-M1-1,2026-06-24,M1-1,Lecture,Problem-4.md,Problem lesson,4,Revolutions While A Disk Stops,212-M1-036,MTH212.M1.36,1,1,1,19,M1/2026-06-24-M1-1/Lessons/Problem-4.md,/Users/jake/Developer/study/vault/212/M1/2026-06-24-M1-1/Lessons/Problem-4.md,Know that angular velocity is measured in radians per second.,know that angular velocity is measured in radians per second,"Physics concept, law, or relation",Model condition or reference choice,,Circular and rotational motion,Recall,D1,Retrieval cue,Atomic,true,Angle-unit or calculator-mode convention,Inline reminder,false,false,,1,false,High,false,Rule-based taxonomy v2; corpus-level model review and spot checks,
P212-0022,M1,2026-06-24-M1-1,2026-06-24,M1-1,Lecture,Problem-4.md,Problem lesson,4,Revolutions While A Disk Stops,212-M1-036,MTH212.M1.36,1,1,2,20,M1/2026-06-24-M1-1/Lessons/Problem-4.md,/Users/jake/Developer/study/vault/212/M1/2026-06-24-M1-1/Lessons/Problem-4.md,Know that constant angular acceleration makes angular velocity change at a constant rate.,know that constant angular acceleration makes angular velocity change at a constant rate,"Physics concept, law, or relation",,,Circular and rotational motion,Recall,D1,Retrieval cue,Atomic,false,,Inline reminder,false,false,,1,false,High,false,Rule-based taxonomy v2; corpus-level model review and spot checks,
P212-0023,M1,2026-06-24-M1-1,2026-06-24,M1-1,Lecture,Problem-4.md,Problem lesson,4,Revolutions While A Disk Stops,212-M1-036,MTH212.M1.36,1,1,3,21,M1/2026-06-24-M1-1/Lessons/Problem-4.md,/Users/jake/Developer/study/vault/212/M1/2026-06-24-M1-1/Lessons/Problem-4.md,Know that one full revolution is $2\pi$ radians.,know that one full revolution is 2\pi radians,Model condition or reference choice,,,,Recall,D1,Retrieval cue,Atomic,true,Angle-unit or calculator-mode convention,Inline reminder,true,false,,1,false,High,false,Rule-based taxonomy v2; corpus-level model review and spot checks,
P212-0024,M1,2026-06-25-M1-2,2026-06-25,M1-2,Lecture,Problem-1.md,Problem lesson,1,Find Angular Speed From Angular Position,212-M1-037,MTH212.M1.37,1,1,1,19,M1/2026-06-25-M1-2/Lessons/Problem-1.md,/Users/jake/Developer/study/vault/212/M1/2026-06-25-M1-2/Lessons/Problem-1.md,Use the power rule: $\dfrac{d}{dt}(Ct^n)=nCt^{n-1}$.,use the power rule: ddt(ct^n)=nct^n-1,Mathematical technique,,Calculus,,Execute,D3,Short focused lesson,Atomic,false,,Short prerequisite lesson,true,false,,1,false,Medium,true,Rule-based taxonomy v2; corpus-level model review and spot checks,
P212-0025,M1,2026-06-25-M1-2,2026-06-25,M1-2,Lecture,Problem-1.md,Problem lesson,1,Find Angular Speed From Angular Position,212-M1-037,MTH212.M1.37,1,1,2,20,M1/2026-06-25-M1-2/Lessons/Problem-1.md,/Users/jake/Developer/study/vault/212/M1/2026-06-25-M1-2/Lessons/Problem-1.md,Substitute a given time into an expression.,substitute a given time into an expression,Mathematical technique,,Algebra and formula manipulation,,Execute,D2,Paragraph or micro-example,Atomic,false,,Inline paragraph or micro-example,false,false,,1,false,High,false,Rule-based taxonomy v2; corpus-level model review and spot checks,
P212-0026,M1,2026-06-25-M1-2,2026-06-25,M1-2,Lecture,Problem-1.md,Problem lesson,1,Find Angular Speed From Angular Position,212-M1-037,MTH212.M1.37,1,1,3,21,M1/2026-06-25-M1-2/Lessons/Problem-1.md,/Users/jake/Developer/study/vault/212/M1/2026-06-25-M1-2/Lessons/Problem-1.md,Recognize that angular speed is the magnitude of angular velocity.,recognize that angular speed is the magnitude of angular velocity,"Physics concept, law, or relation",Semantic and physical interpretation,,Kinematics | Circular and rotational motion,Recognize,D1,Retrieval cue,Atomic,false,,Inline reminder,false,false,,1,false,High,false,Rule-based taxonomy v2; corpus-level model review and spot checks,
P212-0027,M1,2026-06-25-M1-2,2026-06-25,M1-2,Lecture,Problem-2.md,Problem lesson,2,Deciding Where Distance Belongs in a Speed Formula,212-M1-038,MTH212.M1.38,1,1,1,19,M1/2026-06-25-M1-2/Lessons/Problem-2.md,/Users/jake/Developer/study/vault/212/M1/2026-06-25-M1-2/Lessons/Problem-2.md,Speed relates distance and time by $v=\dfrac{\text{distance}}{\text{time}}$.,speed relates distance and time by v=distancetime,"Physics concept, law, or relation",,,Kinematics,Recall,D2,Paragraph or micro-example,Atomic,false,,Inline paragraph or micro-example,true,false,,1,false,High,false,Rule-based taxonomy v2; focused corpus QA adjustment,Focused corpus QA adjustment applied
P212-0028,M1,2026-06-25-M1-2,2026-06-25,M1-2,Lecture,Problem-2.md,Problem lesson,2,Deciding Where Distance Belongs in a Speed Formula,212-M1-038,MTH212.M1.38,1,1,2,20,M1/2026-06-25-M1-2/Lessons/Problem-2.md,/Users/jake/Developer/study/vault/212/M1/2026-06-25-M1-2/Lessons/Problem-2.md,A factor in the numerator makes the target quantity increase when that factor increases.,a factor in the numerator makes the target quantity increase when that factor increases,Mathematical technique,Model condition or reference choice,Algebra and formula manipulation,,Recall,D2,Paragraph or micro-example,Atomic,false,,Inline paragraph or micro-example,false,false,,1,false,High,false,Rule-based taxonomy v2; corpus-level model review and spot checks,
P212-0029,M1,2026-06-25-M1-2,2026-06-25,M1-2,Lecture,Problem-2.md,Problem lesson,2,Deciding Where Distance Belongs in a Speed Formula,212-M1-038,MTH212.M1.38,1,1,3,21,M1/2026-06-25-M1-2/Lessons/Problem-2.md,/Users/jake/Developer/study/vault/212/M1/2026-06-25-M1-2/Lessons/Problem-2.md,A factor in the denominator makes the target quantity decrease when that factor increases.,a factor in the denominator makes the target quantity decrease when that factor increases,Mathematical technique,Model condition or reference choice,Algebra and formula manipulation,,Recall,D2,Paragraph or micro-example,Atomic,false,,Inline paragraph or micro-example,false,false,,1,false,High,false,Rule-based taxonomy v2; corpus-level model review and spot checks,
P212-0030,M1,2026-06-25-M1-2,2026-06-25,M1-2,Lecture,Problem-2.md,Problem lesson,2,Deciding Where Distance Belongs in a Speed Formula,212-M1-038,MTH212.M1.38,1,1,4,22,M1/2026-06-25-M1-2/Lessons/Problem-2.md,/Users/jake/Developer/study/vault/212/M1/2026-06-25-M1-2/Lessons/Problem-2.md,"To test one variable, hold the other givens fixed.","to test one variable, hold the other givens fixed",Mathematical technique,Model condition or reference choice,Algebra and formula manipulation,,Recall,D2,Paragraph or micro-example,Atomic,true,Fixed or constant quantity,Inline paragraph or micro-example,false,false,,1,false,High,false,Rule-based taxonomy v2; focused corpus QA adjustment,Focused corpus QA adjustment applied
P212-0031,M1,2026-06-25-M1-2,2026-06-25,M1-2,Lecture,Problem-3.md,Problem lesson,3,Putting Period in the Denominator for Rotating-Disk Speed,212-M1-039,MTH212.M1.39,1,1,1,19,M1/2026-06-25-M1-2/Lessons/Problem-3.md,/Users/jake/Developer/study/vault/212/M1/2026-06-25-M1-2/Lessons/Problem-3.md,Speed is distance divided by time: $v=\dfrac{\text{distance}}{\text{time}}$.,speed is distance divided by time: v=distancetime,"Physics concept, law, or relation",,,Kinematics,Recall,D2,Paragraph or micro-example,Atomic,false,,Inline paragraph or micro-example,true,false,,1,false,High,false,Rule-based taxonomy v2; focused corpus QA adjustment,Focused corpus QA adjustment applied
P212-0032,M1,2026-06-25-M1-2,2026-06-25,M1-2,Lecture,Problem-3.md,Problem lesson,3,Putting Period in the Denominator for Rotating-Disk Speed,212-M1-039,MTH212.M1.39,1,1,2,20,M1/2026-06-25-M1-2/Lessons/Problem-3.md,/Users/jake/Developer/study/vault/212/M1/2026-06-25-M1-2/Lessons/Problem-3.md,One full revolution is $2\pi$ radians.,one full revolution is 2\pi radians,Model condition or reference choice,,,,Recall,D1,Retrieval cue,Atomic,true,Angle-unit or calculator-mode convention,Inline reminder,true,false,,1,false,High,false,Rule-based taxonomy v2; corpus-level model review and spot checks,
P212-0033,M1,2026-06-25-M1-2,2026-06-25,M1-2,Lecture,Problem-3.md,Problem lesson,3,Putting Period in the Denominator for Rotating-Disk Speed,212-M1-039,MTH212.M1.39,1,1,3,21,M1/2026-06-25-M1-2/Lessons/Problem-3.md,/Users/jake/Developer/study/vault/212/M1/2026-06-25-M1-2/Lessons/Problem-3.md,Period $T$ is the time for one full revolution.,period t is the time for one full revolution,"Physics concept, law, or relation",,,Circular and rotational motion,Recall,D1,Retrieval cue,Atomic,false,,Inline reminder,true,false,,1,false,High,false,Rule-based taxonomy v2; corpus-level model review and spot checks,
P212-0034,M1,2026-06-25-M1-2,2026-06-25,M1-2,Lecture,Problem-3.md,Problem lesson,3,Putting Period in the Denominator for Rotating-Disk Speed,212-M1-039,MTH212.M1.39,1,1,4,22,M1/2026-06-25-M1-2/Lessons/Problem-3.md,/Users/jake/Developer/study/vault/212/M1/2026-06-25-M1-2/Lessons/Problem-3.md,Angular speed is angle divided by time.,angular speed is angle divided by time,"Physics concept, law, or relation",Mathematical technique,Geometry and trigonometry,Kinematics,Recall,D2,Paragraph or micro-example,Atomic,false,,Inline paragraph or micro-example,false,false,,1,false,High,false,Rule-based taxonomy v2; corpus-level model review and spot checks,
P212-0035,M1,2026-06-25-M1-2,2026-06-25,M1-2,Lecture,Problem-4.md,Problem lesson,4,Placing Angular Separation in a Speed Formula,212-M1-040,MTH212.M1.40,1,1,1,19,M1/2026-06-25-M1-2/Lessons/Problem-4.md,/Users/jake/Developer/study/vault/212/M1/2026-06-25-M1-2/Lessons/Problem-4.md,Know that one full rotation is $2\pi$ radians.,know that one full rotation is 2\pi radians,"Physics concept, law, or relation",Model condition or reference choice,,Circular and rotational motion,Recall,D1,Retrieval cue,Atomic,true,Angle-unit or calculator-mode convention,Inline reminder,true,false,,1,false,High,false,Rule-based taxonomy v2; corpus-level model review and spot checks,
P212-0036,M1,2026-06-25-M1-2,2026-06-25,M1-2,Lecture,Problem-4.md,Problem lesson,4,Placing Angular Separation in a Speed Formula,212-M1-040,MTH212.M1.40,1,1,2,20,M1/2026-06-25-M1-2/Lessons/Problem-4.md,/Users/jake/Developer/study/vault/212/M1/2026-06-25-M1-2/Lessons/Problem-4.md,Know that a period $T$ is the time for one full rotation.,know that a period t is the time for one full rotation,"Physics concept, law, or relation",,,Circular and rotational motion,Recall,D1,Retrieval cue,Atomic,false,,Inline reminder,true,false,,1,false,High,false,Rule-based taxonomy v2; corpus-level model review and spot checks,
P212-0037,M1,2026-06-25-M1-2,2026-06-25,M1-2,Lecture,Problem-4.md,Problem lesson,4,Placing Angular Separation in a Speed Formula,212-M1-040,MTH212.M1.40,1,1,3,21,M1/2026-06-25-M1-2/Lessons/Problem-4.md,/Users/jake/Developer/study/vault/212/M1/2026-06-25-M1-2/Lessons/Problem-4.md,Know that speed is distance divided by time: $v=\dfrac{\text{distance}}{\text{time}}$.,know that speed is distance divided by time: v=distancetime,"Physics concept, law, or relation",,,Kinematics,Recall,D1,Retrieval cue,Atomic,false,,Inline reminder,true,false,,1,false,High,false,Rule-based taxonomy v2; corpus-level model review and spot checks,
P212-0038,M1,2026-06-25-M1-2,2026-06-25,M1-2,Lecture,Problem-5.md,Problem lesson,5,Bullet Speed from Rotating Disk Alignment,212-M1-041,MTH212.M1.41,1,1,1,20,M1/2026-06-25-M1-2/Lessons/Problem-5.md,/Users/jake/Developer/study/vault/212/M1/2026-06-25-M1-2/Lessons/Problem-5.md,Constant speed means $v=\dfrac{\text{distance}}{\text{time}}$.,constant speed means v=distancetime,"Physics concept, law, or relation",Semantic and physical interpretation | Model condition or reference choice,,Kinematics,Recall,D2,Paragraph or micro-example,Atomic,true,Fixed or constant quantity,Inline paragraph or micro-example,true,false,,1,false,Medium,true,Rule-based taxonomy v2; focused corpus QA adjustment,Focused corpus QA adjustment applied
P212-0039,M1,2026-06-25-M1-2,2026-06-25,M1-2,Lecture,Problem-5.md,Problem lesson,5,Bullet Speed from Rotating Disk Alignment,212-M1-041,MTH212.M1.41,1,1,2,21,M1/2026-06-25-M1-2/Lessons/Problem-5.md,/Users/jake/Developer/study/vault/212/M1/2026-06-25-M1-2/Lessons/Problem-5.md,One full rotation is $2\pi$ radians.,one full rotation is 2\pi radians,"Physics concept, law, or relation",Model condition or reference choice,,Circular and rotational motion,Recall,D1,Retrieval cue,Atomic,true,Angle-unit or calculator-mode convention,Inline reminder,true,false,,1,false,High,false,Rule-based taxonomy v2; corpus-level model review and spot checks,
P212-0040,M1,2026-06-25-M1-2,2026-06-25,M1-2,Lecture,Problem-5.md,Problem lesson,5,Bullet Speed from Rotating Disk Alignment,212-M1-041,MTH212.M1.41,1,1,3,22,M1/2026-06-25-M1-2/Lessons/Problem-5.md,/Users/jake/Developer/study/vault/212/M1/2026-06-25-M1-2/Lessons/Problem-5.md,A period $T$ is the time for one full rotation.,a period t is the time for one full rotation,"Physics concept, law, or relation",,,Circular and rotational motion,Recall,D1,Retrieval cue,Atomic,false,,Inline reminder,true,false,,1,false,High,false,Rule-based taxonomy v2; corpus-level model review and spot checks,
P212-0041,M1,2026-06-25-M1-2,2026-06-25,M1-2,Lecture,Problem-6.md,Problem lesson,6,Ranking Radial Accelerations,212-M1-003,MTH212.M1.03,1,1,1,20,M1/2026-06-25-M1-2/Lessons/Problem-6.md,/Users/jake/Developer/study/vault/212/M1/2026-06-25-M1-2/Lessons/Problem-6.md,Recognize speed $v$ and radius $r$ in a circular-motion diagram.,recognize speed v and radius r in a circular-motion diagram,Representation and spatial literacy,"Physics concept, law, or relation",,Kinematics | Circular and rotational motion,Recognize,D2,Paragraph or micro-example,Atomic,false,,Inline paragraph or micro-example,true,false,,1,false,High,false,Rule-based taxonomy v2; corpus-level model review and spot checks,
P212-0042,M1,2026-06-25-M1-2,2026-06-25,M1-2,Lecture,Problem-6.md,Problem lesson,6,Ranking Radial Accelerations,212-M1-003,MTH212.M1.03,1,1,2,21,M1/2026-06-25-M1-2/Lessons/Problem-6.md,/Users/jake/Developer/study/vault/212/M1/2026-06-25-M1-2/Lessons/Problem-6.md,Square small whole numbers.,square small whole numbers,Mathematical technique,,Numeracy and arithmetic,,Recall,D1,Retrieval cue,Atomic,false,,Inline reminder,false,false,,1,false,High,false,Rule-based taxonomy v2; focused corpus QA adjustment,Focused corpus QA adjustment applied
P212-0043,M1,2026-06-25-M1-2,2026-06-25,M1-2,Lecture,Problem-6.md,Problem lesson,6,Ranking Radial Accelerations,212-M1-003,MTH212.M1.03,1,1,3,22,M1/2026-06-25-M1-2/Lessons/Problem-6.md,/Users/jake/Developer/study/vault/212/M1/2026-06-25-M1-2/Lessons/Problem-6.md,Be able to compare simple numbers and fractions.,be able to compare simple numbers and fractions,Mathematical technique,,Numeracy and arithmetic,,Execute,D2,Paragraph or micro-example,Atomic,false,,Inline paragraph or micro-example,false,false,,1,false,High,false,Rule-based taxonomy v2; focused corpus QA adjustment,Focused corpus QA adjustment applied
P212-0044,M1,2026-06-25-M1-2,2026-06-25,M1-2,Lecture,Problem-7.md,Problem lesson,7,Angle Turned Before Reversal,212-M1-042,MTH212.M1.42,1,1,1,19,M1/2026-06-25-M1-2/Lessons/Problem-7.md,/Users/jake/Developer/study/vault/212/M1/2026-06-25-M1-2/Lessons/Problem-7.md,Solve an equation of the form $A-Bt^2=0$ by isolating $t^2$.,solve an equation of the form a-bt^2=0 by isolating t^2,Mathematical technique,,Algebra and formula manipulation,,Execute,D2,Paragraph or micro-example,Atomic,false,,Inline paragraph or micro-example,true,false,,1,false,High,false,Rule-based taxonomy v2; corpus-level model review and spot checks,
P212-0045,M1,2026-06-25-M1-2,2026-06-25,M1-2,Lecture,Problem-7.md,Problem lesson,7,Angle Turned Before Reversal,212-M1-042,MTH212.M1.42,1,1,2,20,M1/2026-06-25-M1-2/Lessons/Problem-7.md,/Users/jake/Developer/study/vault/212/M1/2026-06-25-M1-2/Lessons/Problem-7.md,"Use the power rule for antiderivatives: $\int t^n\,dt=\dfrac{t^{n+1}}{n+1}$.","use the power rule for antiderivatives: \int t^n\,dt=t^n+1n+1",Mathematical technique,,Calculus,,Execute,D3,Short focused lesson,Atomic,false,,Short prerequisite lesson,true,false,,1,false,Medium,true,Rule-based taxonomy v2; corpus-level model review and spot checks,
P212-0046,M1,2026-06-25-M1-2,2026-06-25,M1-2,Lecture,Problem-7.md,Problem lesson,7,Angle Turned Before Reversal,212-M1-042,MTH212.M1.42,1,1,3,21,M1/2026-06-25-M1-2/Lessons/Problem-7.md,/Users/jake/Developer/study/vault/212/M1/2026-06-25-M1-2/Lessons/Problem-7.md,Evaluate a definite integral by subtracting the antiderivative at the lower bound from the upper bound.,evaluate a definite integral by subtracting the antiderivative at the lower bound from the upper bound,Mathematical technique,,Numeracy and arithmetic | Calculus,,Execute,D3,Short focused lesson,Atomic,false,,Short prerequisite lesson,false,false,,1,false,High,false,Rule-based taxonomy v2; corpus-level model review and spot checks,
P212-0047,M1,2026-06-28-HW-1,2026-06-28,HW-1,Homework,Problem-1.md,Problem lesson,1,Converting Revolutions per Minute to Radians per Second,212-M1-043,MTH212.M1.43,1,1,1,19,M1/2026-06-28-HW-1/Lessons/Problem-1.md,/Users/jake/Developer/study/vault/212/M1/2026-06-28-HW-1/Lessons/Problem-1.md,$1$ revolution equals $2\pi$ radians,1 revolution equals 2\pi radians,Model condition or reference choice,,,,Recall,D1,Retrieval cue,Atomic,true,Angle-unit or calculator-mode convention,Inline reminder,true,false,,1,false,High,false,Rule-based taxonomy v2; corpus-level model review and spot checks,
P212-0048,M1,2026-06-28-HW-1,2026-06-28,HW-1,Homework,Problem-1.md,Problem lesson,1,Converting Revolutions per Minute to Radians per Second,212-M1-043,MTH212.M1.43,1,1,2,20,M1/2026-06-28-HW-1/Lessons/Problem-1.md,/Users/jake/Developer/study/vault/212/M1/2026-06-28-HW-1/Lessons/Problem-1.md,$1$ minute equals $60$ seconds,1 minute equals 60 seconds,Measurement and computation,,,,Recall,D1,Retrieval cue,Atomic,false,,Inline reminder,true,false,,1,false,High,false,Rule-based taxonomy v2; corpus-level model review and spot checks,
P212-0049,M1,2026-06-28-HW-1,2026-06-28,HW-1,Homework,Problem-1.md,Problem lesson,1,Converting Revolutions per Minute to Radians per Second,212-M1-043,MTH212.M1.43,1,1,3,21,M1/2026-06-28-HW-1/Lessons/Problem-1.md,/Users/jake/Developer/study/vault/212/M1/2026-06-28-HW-1/Lessons/Problem-1.md,Multiplying by a conversion factor that equals $1$,multiplying by a conversion factor that equals 1,Mathematical technique,,Numeracy and arithmetic | Algebra and formula manipulation,,Execute,D2,Paragraph or micro-example,Atomic,false,,Inline paragraph or micro-example,true,false,,1,false,High,false,Rule-based taxonomy v2; corpus-level model review and spot checks,
P212-0050,M1,2026-06-28-HW-1,2026-06-28,HW-1,Homework,Problem-1.md,Problem lesson,1,Converting Revolutions per Minute to Radians per Second,212-M1-043,MTH212.M1.43,1,1,4,22,M1/2026-06-28-HW-1/Lessons/Problem-1.md,/Users/jake/Developer/study/vault/212/M1/2026-06-28-HW-1/Lessons/Problem-1.md,Simplifying fractions with $\pi$,simplifying fractions with \pi,Mathematical technique,,Numeracy and arithmetic | Algebra and formula manipulation,,Execute,D2,Paragraph or micro-example,Atomic,false,,Inline paragraph or micro-example,true,false,,1,false,High,false,Rule-based taxonomy v2; corpus-level model review and spot checks,
P212-0051,M1,2026-06-28-HW-1,2026-06-28,HW-1,Homework,Problem-2.md,Problem lesson,2,Finding the Time for One Revolution While Speeding Up,212-M1-044,MTH212.M1.44,1,1,1,19,M1/2026-06-28-HW-1/Lessons/Problem-2.md,/Users/jake/Developer/study/vault/212/M1/2026-06-28-HW-1/Lessons/Problem-2.md,One revolution around a circle of radius $r$ covers distance $2\pi r$,one revolution around a circle of radius r covers distance 2\pi r,Mathematical technique,,Geometry and trigonometry,,Recall,D2,Paragraph or micro-example,Atomic,false,,Inline paragraph or micro-example,true,false,,1,false,High,false,Rule-based taxonomy v2; focused corpus QA adjustment,Focused corpus QA adjustment applied
P212-0052,M1,2026-06-28-HW-1,2026-06-28,HW-1,Homework,Problem-2.md,Problem lesson,2,Finding the Time for One Revolution While Speeding Up,212-M1-044,MTH212.M1.44,1,1,2,20,M1/2026-06-28-HW-1/Lessons/Problem-2.md,/Users/jake/Developer/study/vault/212/M1/2026-06-28-HW-1/Lessons/Problem-2.md,"If speed increases at constant rate $a$, then distance traveled after time $t$ is $vt+\dfrac12at^2$","if speed increases at constant rate a, then distance traveled after time t is vt+\dfrac12at^2","Physics concept, law, or relation",Model condition or reference choice,,Kinematics,Recall,D1,Retrieval cue,Atomic,false,,Inline reminder,true,false,,1,false,High,false,Rule-based taxonomy v2; focused corpus QA adjustment,Focused corpus QA adjustment applied
P212-0053,M1,2026-06-28-HW-1,2026-06-28,HW-1,Homework,Problem-2.md,Problem lesson,2,Finding the Time for One Revolution While Speeding Up,212-M1-044,MTH212.M1.44,1,1,3,21,M1/2026-06-28-HW-1/Lessons/Problem-2.md,/Users/jake/Developer/study/vault/212/M1/2026-06-28-HW-1/Lessons/Problem-2.md,The quadratic formula,the quadratic formula,Mathematical technique,,Algebra and formula manipulation,,Recall,D3,Short focused lesson,Atomic,false,,Short prerequisite lesson,false,false,,1,false,High,false,Rule-based taxonomy v2; focused corpus QA adjustment,Focused corpus QA adjustment applied
P212-0054,M1,2026-06-28-HW-1,2026-06-28,HW-1,Homework,Problem-2.md,Problem lesson,2,Finding the Time for One Revolution While Speeding Up,212-M1-044,MTH212.M1.44,1,1,4,22,M1/2026-06-28-HW-1/Lessons/Problem-2.md,/Users/jake/Developer/study/vault/212/M1/2026-06-28-HW-1/Lessons/Problem-2.md,Time must be positive,time must be positive,Model condition or reference choice,,,,Recall,D1,Retrieval cue,Atomic,true,Physical-domain constraint,Inline reminder,false,false,,1,false,High,false,Rule-based taxonomy v2; focused corpus QA adjustment,Focused corpus QA adjustment applied
P212-0055,M1,2026-06-28-HW-1,2026-06-28,HW-1,Homework,Problem-3.md,Problem lesson,3,Finding the Units of a Coefficient in Angular Acceleration,212-M1-045,MTH212.M1.45,1,1,1,18,M1/2026-06-28-HW-1/Lessons/Problem-3.md,/Users/jake/Developer/study/vault/212/M1/2026-06-28-HW-1/Lessons/Problem-3.md,"SI units for angular position, angular velocity, and angular acceleration","si units for angular position, angular velocity, and angular acceleration","Physics concept, law, or relation",Measurement and computation,,Circular and rotational motion,Recall,D1,Retrieval cue,Atomic,false,,Inline reminder,false,false,,1,false,High,false,Rule-based taxonomy v2; corpus-level model review and spot checks,
P212-0056,M1,2026-06-28-HW-1,2026-06-28,HW-1,Homework,Problem-3.md,Problem lesson,3,Finding the Units of a Coefficient in Angular Acceleration,212-M1-045,MTH212.M1.45,1,1,2,19,M1/2026-06-28-HW-1/Lessons/Problem-3.md,/Users/jake/Developer/study/vault/212/M1/2026-06-28-HW-1/Lessons/Problem-3.md,"Powers of time units, such as $[t^2]=\mathrm{s}^2$","powers of time units, such as [t^2]=s^2",Measurement and computation,,,,Recall,D1,Retrieval cue,Atomic,false,,Inline reminder,true,false,,1,false,High,false,Rule-based taxonomy v2; corpus-level model review and spot checks,
P212-0057,M1,2026-06-28-HW-1,2026-06-28,HW-1,Homework,Problem-3.md,Problem lesson,3,Finding the Units of a Coefficient in Angular Acceleration,212-M1-045,MTH212.M1.45,1,1,3,20,M1/2026-06-28-HW-1/Lessons/Problem-3.md,/Users/jake/Developer/study/vault/212/M1/2026-06-28-HW-1/Lessons/Problem-3.md,Matching units across terms that are added or subtracted,matching units across terms that are added or subtracted,Measurement and computation,,,,Recall,D1,Retrieval cue,Atomic,false,,Inline reminder,false,false,,1,false,High,false,Rule-based taxonomy v2; corpus-level model review and spot checks,
P212-0058,M1,2026-06-28-HW-1,2026-06-28,HW-1,Homework,Problem-4.md,Problem lesson,4,Finding Angular Velocity From Angular Acceleration,212-M1-046,MTH212.M1.46,1,1,1,19,M1/2026-06-28-HW-1/Lessons/Problem-4.md,/Users/jake/Developer/study/vault/212/M1/2026-06-28-HW-1/Lessons/Problem-4.md,Angular acceleration is the time derivative of angular velocity: $\alpha_z(t)=\dfrac{\mathrm{d}\omega_z}{\mathrm{d}t}$,angular acceleration is the time derivative of angular velocity: \alphaz(t)=d\omegazdt,"Physics concept, law, or relation",Mathematical technique,Calculus,Circular and rotational motion,Recall,D3,Short focused lesson,Atomic,false,,Short prerequisite lesson,true,false,,1,false,High,false,Rule-based taxonomy v2; corpus-level model review and spot checks,
P212-0059,M1,2026-06-28-HW-1,2026-06-28,HW-1,Homework,Problem-4.md,Problem lesson,4,Finding Angular Velocity From Angular Acceleration,212-M1-046,MTH212.M1.46,1,1,2,20,M1/2026-06-28-HW-1/Lessons/Problem-4.md,/Users/jake/Developer/study/vault/212/M1/2026-06-28-HW-1/Lessons/Problem-4.md,"The power rule for integration: $\displaystyle \int t^n\,\mathrm{d}t=\dfrac{t^{n+1}}{n+1}+K$ for $n\neq -1$","the power rule for integration: \displaystyle \int t^n\,dt=t^n+1n+1+k for n\neq -1",Mathematical technique,,Calculus,,Recall,D3,Short focused lesson,Atomic,false,,Short prerequisite lesson,true,false,,1,false,High,false,Rule-based taxonomy v2; corpus-level model review and spot checks,
P212-0060,M1,2026-06-28-HW-1,2026-06-28,HW-1,Homework,Problem-4.md,Problem lesson,4,Finding Angular Velocity From Angular Acceleration,212-M1-046,MTH212.M1.46,1,1,3,21,M1/2026-06-28-HW-1/Lessons/Problem-4.md,/Users/jake/Developer/study/vault/212/M1/2026-06-28-HW-1/Lessons/Problem-4.md,The integral of a constant $c$ with respect to $t$ is $ct$,the integral of a constant c with respect to t is ct,Mathematical technique,,Calculus,,Recall,D3,Short focused lesson,Atomic,false,,Short prerequisite lesson,true,false,,1,false,High,false,Rule-based taxonomy v2; corpus-level model review and spot checks,
P212-0061,M1,2026-06-28-HW-1,2026-06-28,HW-1,Homework,Problem-4.md,Problem lesson,4,Finding Angular Velocity From Angular Acceleration,212-M1-046,MTH212.M1.46,1,1,4,22,M1/2026-06-28-HW-1/Lessons/Problem-4.md,/Users/jake/Developer/study/vault/212/M1/2026-06-28-HW-1/Lessons/Problem-4.md,An initial condition is used by substituting the given time into the general formula,an initial condition is used by substituting the given time into the general formula,Mathematical technique,,Algebra and formula manipulation | Calculus,,Recall,D3,Short focused lesson,Atomic,false,,Short prerequisite lesson,false,false,,1,false,High,false,Rule-based taxonomy v2; corpus-level model review and spot checks,
P212-0062,M1,2026-06-28-HW-1,2026-06-28,HW-1,Homework,Problem-5.md,Problem lesson,5,Finding Angular Position From Angular Acceleration,212-M1-047,MTH212.M1.47,1,1,1,19,M1/2026-06-28-HW-1/Lessons/Problem-5.md,/Users/jake/Developer/study/vault/212/M1/2026-06-28-HW-1/Lessons/Problem-5.md,The relationships $\alpha_z(t)=\dfrac{d\omega_z}{dt}$ and $\omega_z(t)=\dfrac{d\theta_z}{dt}$,the relationships \alphaz(t)=d\omegazdt and \omegaz(t)=d\thetazdt,"Physics concept, law, or relation",,,Circular and rotational motion,Recall,D3,Short focused lesson,Compound,false,,Short prerequisite lesson,true,false,,1,false,Medium,true,Rule-based taxonomy v2; focused corpus QA adjustment,Potentially compound prerequisite; consider splitting | Focused corpus QA adjustment applied
P212-0063,M1,2026-06-28-HW-1,2026-06-28,HW-1,Homework,Problem-5.md,Problem lesson,5,Finding Angular Position From Angular Acceleration,212-M1-047,MTH212.M1.47,1,1,2,20,M1/2026-06-28-HW-1/Lessons/Problem-5.md,/Users/jake/Developer/study/vault/212/M1/2026-06-28-HW-1/Lessons/Problem-5.md,The power rule for integration,the power rule for integration,Mathematical technique,,Calculus,,Recall,D3,Short focused lesson,Atomic,false,,Short prerequisite lesson,false,false,,1,false,High,false,Rule-based taxonomy v2; corpus-level model review and spot checks,
P212-0064,M1,2026-06-28-HW-1,2026-06-28,HW-1,Homework,Problem-5.md,Problem lesson,5,Finding Angular Position From Angular Acceleration,212-M1-047,MTH212.M1.47,1,1,3,21,M1/2026-06-28-HW-1/Lessons/Problem-5.md,/Users/jake/Developer/study/vault/212/M1/2026-06-28-HW-1/Lessons/Problem-5.md,How an initial condition determines an integration constant,how an initial condition determines an integration constant,Mathematical technique,,Calculus,,Recall,D3,Short focused lesson,Atomic,false,,Short prerequisite lesson,false,false,,1,false,High,false,Rule-based taxonomy v2; corpus-level model review and spot checks,
P212-0065,M1,2026-06-28-HW-1,2026-06-28,HW-1,Homework,Problem-6.md,Problem lesson,6,Recognizing Tangential Velocity in Circular Motion,212-M1-006,MTH212.M1.06,1,1,1,18,M1/2026-06-28-HW-1/Lessons/Problem-6.md,/Users/jake/Developer/study/vault/212/M1/2026-06-28-HW-1/Lessons/Problem-6.md,A radius vector $\vec r$ points from the center of a circle to the object,a radius vector r points from the center of a circle to the object,Mathematical technique,,Geometry and trigonometry | Vector mathematics,,Recall,D3,Short focused lesson,Atomic,false,,Short prerequisite lesson,true,false,,1,false,High,false,Rule-based taxonomy v2; corpus-level model review and spot checks,
P212-0066,M1,2026-06-28-HW-1,2026-06-28,HW-1,Homework,Problem-6.md,Problem lesson,6,Recognizing Tangential Velocity in Circular Motion,212-M1-006,MTH212.M1.06,1,1,2,19,M1/2026-06-28-HW-1/Lessons/Problem-6.md,/Users/jake/Developer/study/vault/212/M1/2026-06-28-HW-1/Lessons/Problem-6.md,Instantaneous velocity points in the direction the object is moving at that instant,instantaneous velocity points in the direction the object is moving at that instant,"Physics concept, law, or relation",,,Kinematics,Recall,D1,Retrieval cue,Atomic,false,,Inline reminder,false,false,,1,false,High,false,Rule-based taxonomy v2; corpus-level model review and spot checks,
P212-0067,M1,2026-06-28-HW-1,2026-06-28,HW-1,Homework,Problem-6.md,Problem lesson,6,Recognizing Tangential Velocity in Circular Motion,212-M1-006,MTH212.M1.06,1,1,3,20,M1/2026-06-28-HW-1/Lessons/Problem-6.md,/Users/jake/Developer/study/vault/212/M1/2026-06-28-HW-1/Lessons/Problem-6.md,A tangent line touches a circle at one point,a tangent line touches a circle at one point,Mathematical technique,,Geometry and trigonometry,,Recall,D2,Paragraph or micro-example,Atomic,false,,Inline paragraph or micro-example,false,false,,1,false,High,false,Rule-based taxonomy v2; corpus-level model review and spot checks,
P212-0068,M1,2026-06-28-HW-1,2026-06-28,HW-1,Homework,Problem-6.md,Problem lesson,6,Recognizing Tangential Velocity in Circular Motion,212-M1-006,MTH212.M1.06,1,1,4,21,M1/2026-06-28-HW-1/Lessons/Problem-6.md,/Users/jake/Developer/study/vault/212/M1/2026-06-28-HW-1/Lessons/Problem-6.md,A tangent to a circle is perpendicular to the radius at the point of contact,a tangent to a circle is perpendicular to the radius at the point of contact,Mathematical technique,,Geometry and trigonometry,,Recall,D2,Paragraph or micro-example,Atomic,false,,Inline paragraph or micro-example,false,false,,1,false,High,false,Rule-based taxonomy v2; corpus-level model review and spot checks,
P212-0069,M1,2026-06-28-HW-1,2026-06-28,HW-1,Homework,Problem-7.md,Problem lesson,7,Comparing Centripetal Acceleration with the Radius Vector,212-M1-007,MTH212.M1.07,1,1,1,19,M1/2026-06-28-HW-1/Lessons/Problem-7.md,/Users/jake/Developer/study/vault/212/M1/2026-06-28-HW-1/Lessons/Problem-7.md,A vector points in the direction of its arrow,a vector points in the direction of its arrow,Mathematical technique,Representation and spatial literacy,Vector mathematics,,Recall,D3,Short focused lesson,Atomic,false,,Short prerequisite lesson,false,false,,1,false,High,false,Rule-based taxonomy v2; corpus-level model review and spot checks,
P212-0070,M1,2026-06-28-HW-1,2026-06-28,HW-1,Homework,Problem-7.md,Problem lesson,7,Comparing Centripetal Acceleration with the Radius Vector,212-M1-007,MTH212.M1.07,1,1,2,20,M1/2026-06-28-HW-1/Lessons/Problem-7.md,/Users/jake/Developer/study/vault/212/M1/2026-06-28-HW-1/Lessons/Problem-7.md,Perpendicular vectors meet at a $90^\circ$ angle,perpendicular vectors meet at a 90^\circ angle,Mathematical technique,,Geometry and trigonometry | Vector mathematics,,Recall,D3,Short focused lesson,Atomic,false,,Short prerequisite lesson,true,false,,1,false,High,false,Rule-based taxonomy v2; corpus-level model review and spot checks,
P212-0071,M1,2026-06-28-HW-1,2026-06-28,HW-1,Homework,Problem-7.md,Problem lesson,7,Comparing Centripetal Acceleration with the Radius Vector,212-M1-007,MTH212.M1.07,1,1,3,21,M1/2026-06-28-HW-1/Lessons/Problem-7.md,/Users/jake/Developer/study/vault/212/M1/2026-06-28-HW-1/Lessons/Problem-7.md,Opposite vectors lie on the same line but point in opposite directions,opposite vectors lie on the same line but point in opposite directions,Mathematical technique,,Geometry and trigonometry | Vector mathematics,,Recall,D3,Short focused lesson,Atomic,false,,Short prerequisite lesson,false,false,,1,false,High,false,Rule-based taxonomy v2; corpus-level model review and spot checks,
P212-0072,M1,2026-06-28-HW-1,2026-06-28,HW-1,Homework,Problem-7.md,Problem lesson,7,Comparing Centripetal Acceleration with the Radius Vector,212-M1-007,MTH212.M1.07,1,1,4,22,M1/2026-06-28-HW-1/Lessons/Problem-7.md,/Users/jake/Developer/study/vault/212/M1/2026-06-28-HW-1/Lessons/Problem-7.md,"In uniform circular motion, the position vector $\vec r$ is measured from the circle's center to the object","in uniform circular motion, the position vector r is measured from the circle's center to the object","Physics concept, law, or relation",Mathematical technique,Geometry and trigonometry | Vector mathematics,Kinematics | Circular and rotational motion,Recall,D3,Short focused lesson,Atomic,false,,Short prerequisite lesson,true,false,,1,false,High,false,Rule-based taxonomy v2; corpus-level model review and spot checks,
P212-0073,M1,2026-06-28-HW-1,2026-06-28,HW-1,Homework,Problem-8.md,Problem lesson,8,Relating Tangential Speed to Angular Speed,212-M1-001,MTH212.M1.01,1,1,1,19,M1/2026-06-28-HW-1/Lessons/Problem-8.md,/Users/jake/Developer/study/vault/212/M1/2026-06-28-HW-1/Lessons/Problem-8.md,A point in circular motion stays a fixed distance $r$ from the center,a point in circular motion stays a fixed distance r from the center,"Physics concept, law, or relation",,,Kinematics | Circular and rotational motion,Recall,D1,Retrieval cue,Atomic,false,,Inline reminder,true,false,,2,false,High,false,Rule-based taxonomy v2; corpus-level model review and spot checks,
P212-0074,M1,2026-06-28-HW-1,2026-06-28,HW-1,Homework,Problem-8.md,Problem lesson,8,Relating Tangential Speed to Angular Speed,212-M1-001,MTH212.M1.01,1,1,2,20,M1/2026-06-28-HW-1/Lessons/Problem-8.md,/Users/jake/Developer/study/vault/212/M1/2026-06-28-HW-1/Lessons/Problem-8.md,Angular speed $\omega$ measures angle swept per unit time,angular speed \omega measures angle swept per unit time,"Physics concept, law, or relation",Mathematical technique | Measurement and computation,Geometry and trigonometry,Kinematics | Circular and rotational motion,Recall,D2,Paragraph or micro-example,Atomic,false,,Inline paragraph or micro-example,true,false,,2,false,Medium,true,Rule-based taxonomy v2; corpus-level model review and spot checks,
P212-0075,M1,2026-06-28-HW-1,2026-06-28,HW-1,Homework,Problem-8.md,Problem lesson,8,Relating Tangential Speed to Angular Speed,212-M1-001,MTH212.M1.01,1,1,3,21,M1/2026-06-28-HW-1/Lessons/Problem-8.md,/Users/jake/Developer/study/vault/212/M1/2026-06-28-HW-1/Lessons/Problem-8.md,"For angles measured in radians, arc length satisfies $s=r\theta$","for angles measured in radians, arc length satisfies s=r\theta","Physics concept, law, or relation",Mathematical technique | Model condition or reference choice,Geometry and trigonometry,Circular and rotational motion,Recall,D2,Paragraph or micro-example,Atomic,true,Angle-unit or calculator-mode convention,Inline paragraph or micro-example,true,false,,2,false,Medium,true,Rule-based taxonomy v2; corpus-level model review and spot checks,
P212-0076,M1,2026-06-28-HW-1,2026-06-28,HW-1,Homework,Problem-8.md,Problem lesson,8,Relating Tangential Speed to Angular Speed,212-M1-001,MTH212.M1.01,1,1,4,22,M1/2026-06-28-HW-1/Lessons/Problem-8.md,/Users/jake/Developer/study/vault/212/M1/2026-06-28-HW-1/Lessons/Problem-8.md,Speed is distance traveled per unit time,speed is distance traveled per unit time,"Physics concept, law, or relation",Measurement and computation,,Kinematics,Recall,D2,Paragraph or micro-example,Atomic,false,,Inline paragraph or micro-example,false,false,,1,false,High,false,Rule-based taxonomy v2; corpus-level model review and spot checks,
P212-0077,M1,2026-06-28-HW-1,2026-06-28,HW-1,Homework,Problem-9.md,Problem lesson,9,Checking the Magnitude of Centripetal Acceleration,212-M1-004,MTH212.M1.04,1,1,1,18,M1/2026-06-28-HW-1/Lessons/Problem-9.md,/Users/jake/Developer/study/vault/212/M1/2026-06-28-HW-1/Lessons/Problem-9.md,"In uniform circular motion, the object moves at constant speed around a circle","in uniform circular motion, the object moves at constant speed around a circle","Physics concept, law, or relation",Mathematical technique | Model condition or reference choice,Geometry and trigonometry,Kinematics | Circular and rotational motion,Recall,D2,Paragraph or micro-example,Atomic,true,Fixed or constant quantity,Inline paragraph or micro-example,false,false,,1,false,Medium,true,Rule-based taxonomy v2; corpus-level model review and spot checks,
P212-0078,M1,2026-06-28-HW-1,2026-06-28,HW-1,Homework,Problem-9.md,Problem lesson,9,Checking the Magnitude of Centripetal Acceleration,212-M1-004,MTH212.M1.04,1,1,2,19,M1/2026-06-28-HW-1/Lessons/Problem-9.md,/Users/jake/Developer/study/vault/212/M1/2026-06-28-HW-1/Lessons/Problem-9.md,Velocity is tangent to the circle,velocity is tangent to the circle,"Physics concept, law, or relation",Mathematical technique,Geometry and trigonometry,Kinematics,Recall,D2,Paragraph or micro-example,Atomic,false,,Inline paragraph or micro-example,false,false,,1,false,High,false,Rule-based taxonomy v2; corpus-level model review and spot checks,
P212-0079,M1,2026-06-28-HW-1,2026-06-28,HW-1,Homework,Problem-9.md,Problem lesson,9,Checking the Magnitude of Centripetal Acceleration,212-M1-004,MTH212.M1.04,1,1,3,20,M1/2026-06-28-HW-1/Lessons/Problem-9.md,/Users/jake/Developer/study/vault/212/M1/2026-06-28-HW-1/Lessons/Problem-9.md,Acceleration points toward the center of the circle,acceleration points toward the center of the circle,Semantic and physical interpretation,"Mathematical technique | Physics concept, law, or relation",Geometry and trigonometry,Kinematics,Recall,D2,Paragraph or micro-example,Atomic,false,,Inline paragraph or micro-example,false,false,,1,false,Medium,true,Rule-based taxonomy v2; corpus-level model review and spot checks,
P212-0080,M1,2026-06-28-HW-1,2026-06-28,HW-1,Homework,Problem-9.md,Problem lesson,9,Checking the Magnitude of Centripetal Acceleration,212-M1-004,MTH212.M1.04,1,1,4,21,M1/2026-06-28-HW-1/Lessons/Problem-9.md,/Users/jake/Developer/study/vault/212/M1/2026-06-28-HW-1/Lessons/Problem-9.md,The magnitude of a vector $\vec{a}$ is written $|\vec{a}|$,the magnitude of a vector a is written |a|,Mathematical technique,,Vector mathematics,,Recall,D3,Short focused lesson,Atomic,false,,Short prerequisite lesson,true,false,,1,false,High,false,Rule-based taxonomy v2; corpus-level model review and spot checks,
P212-0081,M1,2026-06-28-HW-1,2026-06-28,HW-1,Homework,Problem-9.md,Problem lesson,9,Checking the Magnitude of Centripetal Acceleration,212-M1-004,MTH212.M1.04,1,1,5,22,M1/2026-06-28-HW-1/Lessons/Problem-9.md,/Users/jake/Developer/study/vault/212/M1/2026-06-28-HW-1/Lessons/Problem-9.md,Linear speed and angular speed are related by $v=\omega r$,linear speed and angular speed are related by v=\omega r,"Physics concept, law, or relation",,,Kinematics | Circular and rotational motion,Recall,D1,Retrieval cue,Atomic,false,,Inline reminder,true,false,,1,false,High,false,Rule-based taxonomy v2; corpus-level model review and spot checks,
P212-0082,M1,2026-06-28-HW-1,2026-06-28,HW-1,Homework,Problem-10.md,Problem lesson,10,Identifying Velocity Direction in Non-Uniform Circular Motion,212-M1-048,MTH212.M1.48,1,1,1,18,M1/2026-06-28-HW-1/Lessons/Problem-10.md,/Users/jake/Developer/study/vault/212/M1/2026-06-28-HW-1/Lessons/Problem-10.md,A position vector $\vec r$ points from the circle's center to the object,a position vector r points from the circle's center to the object,Mathematical technique,,Geometry and trigonometry | Vector mathematics,,Recall,D3,Short focused lesson,Atomic,false,,Short prerequisite lesson,true,false,,1,false,High,false,Rule-based taxonomy v2; corpus-level model review and spot checks,
P212-0083,M1,2026-06-28-HW-1,2026-06-28,HW-1,Homework,Problem-10.md,Problem lesson,10,Identifying Velocity Direction in Non-Uniform Circular Motion,212-M1-048,MTH212.M1.48,1,1,2,19,M1/2026-06-28-HW-1/Lessons/Problem-10.md,/Users/jake/Developer/study/vault/212/M1/2026-06-28-HW-1/Lessons/Problem-10.md,Velocity $\vec v$ points in the instantaneous direction of motion,velocity v points in the instantaneous direction of motion,"Physics concept, law, or relation",Mathematical technique,Vector mathematics,Kinematics,Recall,D3,Short focused lesson,Atomic,false,,Short prerequisite lesson,true,false,,1,false,High,false,Rule-based taxonomy v2; corpus-level model review and spot checks,
P212-0084,M1,2026-06-28-HW-1,2026-06-28,HW-1,Homework,Problem-10.md,Problem lesson,10,Identifying Velocity Direction in Non-Uniform Circular Motion,212-M1-048,MTH212.M1.48,1,1,3,20,M1/2026-06-28-HW-1/Lessons/Problem-10.md,/Users/jake/Developer/study/vault/212/M1/2026-06-28-HW-1/Lessons/Problem-10.md,A tangent line to a circle is perpendicular to the radius at the point of contact,a tangent line to a circle is perpendicular to the radius at the point of contact,Mathematical technique,,Geometry and trigonometry,,Recall,D2,Paragraph or micro-example,Atomic,false,,Inline paragraph or micro-example,false,false,,1,false,High,false,Rule-based taxonomy v2; corpus-level model review and spot checks,
P212-0085,M1,2026-06-28-HW-1,2026-06-28,HW-1,Homework,Problem-10.md,Problem lesson,10,Identifying Velocity Direction in Non-Uniform Circular Motion,212-M1-048,MTH212.M1.48,1,1,4,21,M1/2026-06-28-HW-1/Lessons/Problem-10.md,/Users/jake/Developer/study/vault/212/M1/2026-06-28-HW-1/Lessons/Problem-10.md,Non-uniform circular motion means the speed or angular speed can change,non-uniform circular motion means the speed or angular speed can change,Semantic and physical interpretation,"Physics concept, law, or relation",,Kinematics | Circular and rotational motion,Recall,D1,Retrieval cue,Atomic,false,,Inline reminder,false,false,,1,false,High,false,Rule-based taxonomy v2; corpus-level model review and spot checks,
P212-0086,M1,2026-06-28-HW-1,2026-06-28,HW-1,Homework,Problem-11.md,Problem lesson,11,Testing Whether Circular-Motion Acceleration Is Perpendicular to the Radius,212-M1-049,MTH212.M1.49,1,1,1,18,M1/2026-06-28-HW-1/Lessons/Problem-11.md,/Users/jake/Developer/study/vault/212/M1/2026-06-28-HW-1/Lessons/Problem-11.md,The position vector $\vec{r}$ points from the circle's center to the object,the position vector r points from the circle's center to the object,Mathematical technique,,Geometry and trigonometry | Vector mathematics,,Recall,D3,Short focused lesson,Atomic,false,,Short prerequisite lesson,true,false,,1,false,High,false,Rule-based taxonomy v2; corpus-level model review and spot checks,
P212-0087,M1,2026-06-28-HW-1,2026-06-28,HW-1,Homework,Problem-11.md,Problem lesson,11,Testing Whether Circular-Motion Acceleration Is Perpendicular to the Radius,212-M1-049,MTH212.M1.49,1,1,2,19,M1/2026-06-28-HW-1/Lessons/Problem-11.md,/Users/jake/Developer/study/vault/212/M1/2026-06-28-HW-1/Lessons/Problem-11.md,Velocity in circular motion is tangent to the circle,velocity in circular motion is tangent to the circle,"Physics concept, law, or relation",Mathematical technique,Geometry and trigonometry,Kinematics | Circular and rotational motion,Recall,D2,Paragraph or micro-example,Atomic,false,,Inline paragraph or micro-example,false,false,,2,false,High,false,Rule-based taxonomy v2; corpus-level model review and spot checks,
P212-0088,M1,2026-06-28-HW-1,2026-06-28,HW-1,Homework,Problem-11.md,Problem lesson,11,Testing Whether Circular-Motion Acceleration Is Perpendicular to the Radius,212-M1-049,MTH212.M1.49,1,1,3,20,M1/2026-06-28-HW-1/Lessons/Problem-11.md,/Users/jake/Developer/study/vault/212/M1/2026-06-28-HW-1/Lessons/Problem-11.md,Two nonzero vectors are perpendicular when their dot product is $0$,two nonzero vectors are perpendicular when their dot product is 0,Mathematical technique,Model condition or reference choice,Geometry and trigonometry | Vector mathematics,,Recall,D3,Short focused lesson,Atomic,false,,Short prerequisite lesson,true,false,,1,false,High,false,Rule-based taxonomy v2; corpus-level model review and spot checks,
P212-0089,M1,2026-06-28-HW-1,2026-06-28,HW-1,Homework,Problem-11.md,Problem lesson,11,Testing Whether Circular-Motion Acceleration Is Perpendicular to the Radius,212-M1-049,MTH212.M1.49,1,1,4,21,M1/2026-06-28-HW-1/Lessons/Problem-11.md,/Users/jake/Developer/study/vault/212/M1/2026-06-28-HW-1/Lessons/Problem-11.md,Angular speed $\omega$ measures how quickly the object moves around the circle,angular speed \omega measures how quickly the object moves around the circle,"Physics concept, law, or relation",Mathematical technique,Geometry and trigonometry,Kinematics | Circular and rotational motion,Recall,D2,Paragraph or micro-example,Atomic,false,,Inline paragraph or micro-example,true,false,,1,false,High,false,Rule-based taxonomy v2; corpus-level model review and spot checks,
P212-0090,M1,2026-06-28-HW-1,2026-06-28,HW-1,Homework,Problem-12.md,Problem lesson,12,Checking Speed From Angular Speed in Non-Uniform Circular Motion,212-M1-050,MTH212.M1.50,1,1,1,19,M1/2026-06-28-HW-1/Lessons/Problem-12.md,/Users/jake/Developer/study/vault/212/M1/2026-06-28-HW-1/Lessons/Problem-12.md,A point in circular motion stays a fixed distance $r$ from the center,a point in circular motion stays a fixed distance r from the center,"Physics concept, law, or relation",,,Kinematics | Circular and rotational motion,Recall,D1,Retrieval cue,Atomic,false,,Inline reminder,true,false,,2,false,High,false,Rule-based taxonomy v2; corpus-level model review and spot checks,
P212-0091,M1,2026-06-28-HW-1,2026-06-28,HW-1,Homework,Problem-12.md,Problem lesson,12,Checking Speed From Angular Speed in Non-Uniform Circular Motion,212-M1-050,MTH212.M1.50,1,1,2,20,M1/2026-06-28-HW-1/Lessons/Problem-12.md,/Users/jake/Developer/study/vault/212/M1/2026-06-28-HW-1/Lessons/Problem-12.md,The velocity vector $\vec v$ is tangent to the circular path,the velocity vector v is tangent to the circular path,"Physics concept, law, or relation",Mathematical technique,Geometry and trigonometry | Vector mathematics,Kinematics | Circular and rotational motion,Recall,D3,Short focused lesson,Atomic,false,,Short prerequisite lesson,true,false,,1,false,High,false,Rule-based taxonomy v2; corpus-level model review and spot checks,
P212-0092,M1,2026-06-28-HW-1,2026-06-28,HW-1,Homework,Problem-12.md,Problem lesson,12,Checking Speed From Angular Speed in Non-Uniform Circular Motion,212-M1-050,MTH212.M1.50,1,1,3,21,M1/2026-06-28-HW-1/Lessons/Problem-12.md,/Users/jake/Developer/study/vault/212/M1/2026-06-28-HW-1/Lessons/Problem-12.md,The magnitude $|\vec v|$ is the object's speed,the magnitude | v| is the object's speed,"Physics concept, law, or relation",Mathematical technique,Vector mathematics,Kinematics,Recall,D3,Short focused lesson,Atomic,false,,Short prerequisite lesson,true,false,,1,false,High,false,Rule-based taxonomy v2; corpus-level model review and spot checks,
P212-0093,M1,2026-06-28-HW-1,2026-06-28,HW-1,Homework,Problem-12.md,Problem lesson,12,Checking Speed From Angular Speed in Non-Uniform Circular Motion,212-M1-050,MTH212.M1.50,1,1,4,22,M1/2026-06-28-HW-1/Lessons/Problem-12.md,/Users/jake/Developer/study/vault/212/M1/2026-06-28-HW-1/Lessons/Problem-12.md,Angular speed $\omega$ measures angle swept per unit time,angular speed \omega measures angle swept per unit time,"Physics concept, law, or relation",Mathematical technique | Measurement and computation,Geometry and trigonometry,Kinematics | Circular and rotational motion,Recall,D2,Paragraph or micro-example,Atomic,false,,Inline paragraph or micro-example,true,false,,2,false,Medium,true,Rule-based taxonomy v2; corpus-level model review and spot checks,
P212-0094,M1,2026-06-28-HW-1,2026-06-28,HW-1,Homework,Problem-12.md,Problem lesson,12,Checking Speed From Angular Speed in Non-Uniform Circular Motion,212-M1-050,MTH212.M1.50,1,1,5,23,M1/2026-06-28-HW-1/Lessons/Problem-12.md,/Users/jake/Developer/study/vault/212/M1/2026-06-28-HW-1/Lessons/Problem-12.md,"For angles measured in radians, arc length satisfies $s=r\theta$","for angles measured in radians, arc length satisfies s=r\theta","Physics concept, law, or relation",Mathematical technique | Model condition or reference choice,Geometry and trigonometry,Circular and rotational motion,Recall,D2,Paragraph or micro-example,Atomic,true,Angle-unit or calculator-mode convention,Inline paragraph or micro-example,true,false,,2,false,Medium,true,Rule-based taxonomy v2; corpus-level model review and spot checks,
P212-0095,M1,2026-06-28-HW-1,2026-06-28,HW-1,Homework,Problem-12.md,Problem lesson,12,Checking Speed From Angular Speed in Non-Uniform Circular Motion,212-M1-050,MTH212.M1.50,1,1,6,24,M1/2026-06-28-HW-1/Lessons/Problem-12.md,/Users/jake/Developer/study/vault/212/M1/2026-06-28-HW-1/Lessons/Problem-12.md,"A radian is a ratio of two lengths, so it does not add a new length unit","a radian is a ratio of two lengths, so it does not add a new length unit",Measurement and computation,Mathematical technique | Model condition or reference choice,Numeracy and arithmetic | Ratios and proportional reasoning,,Recall,D2,Paragraph or micro-example,Atomic,true,Angle-unit or calculator-mode convention,Inline paragraph or micro-example,false,false,,1,false,Medium,true,Rule-based taxonomy v2; corpus-level model review and spot checks,
P212-0096,M1,2026-06-28-HW-1,2026-06-28,HW-1,Homework,Problem-13.md,Problem lesson,13,Choosing the Acceleration Direction When Circular Motion Speeds Up,212-M1-008,MTH212.M1.08,1,1,1,19,M1/2026-06-28-HW-1/Lessons/Problem-13.md,/Users/jake/Developer/study/vault/212/M1/2026-06-28-HW-1/Lessons/Problem-13.md,Velocity in circular motion is tangent to the circle.,velocity in circular motion is tangent to the circle,"Physics concept, law, or relation",Mathematical technique,Geometry and trigonometry,Kinematics | Circular and rotational motion,Recall,D2,Paragraph or micro-example,Atomic,false,,Inline paragraph or micro-example,false,false,,2,false,High,false,Rule-based taxonomy v2; corpus-level model review and spot checks,
P212-0097,M1,2026-06-28-HW-1,2026-06-28,HW-1,Homework,Problem-13.md,Problem lesson,13,Choosing the Acceleration Direction When Circular Motion Speeds Up,212-M1-008,MTH212.M1.08,1,1,2,20,M1/2026-06-28-HW-1/Lessons/Problem-13.md,/Users/jake/Developer/study/vault/212/M1/2026-06-28-HW-1/Lessons/Problem-13.md,Centripetal acceleration points toward the center of the circle.,centripetal acceleration points toward the center of the circle,Semantic and physical interpretation,"Mathematical technique | Physics concept, law, or relation",Geometry and trigonometry,Kinematics | Circular and rotational motion,Recall,D2,Paragraph or micro-example,Atomic,false,,Inline paragraph or micro-example,false,false,,1,false,Medium,true,Rule-based taxonomy v2; corpus-level model review and spot checks,
P212-0098,M1,2026-06-28-HW-1,2026-06-28,HW-1,Homework,Problem-13.md,Problem lesson,13,Choosing the Acceleration Direction When Circular Motion Speeds Up,212-M1-008,MTH212.M1.08,1,1,3,21,M1/2026-06-28-HW-1/Lessons/Problem-13.md,/Users/jake/Developer/study/vault/212/M1/2026-06-28-HW-1/Lessons/Problem-13.md,"If an object is speeding up, its tangential acceleration points in the same direction as its velocity.","if an object is speeding up, its tangential acceleration points in the same direction as its velocity","Physics concept, law, or relation",Model condition or reference choice,,Kinematics | Circular and rotational motion,Recall,D1,Retrieval cue,Atomic,false,,Inline reminder,false,false,,1,false,High,false,Rule-based taxonomy v2; corpus-level model review and spot checks,
P212-0099,M1,2026-06-28-HW-1,2026-06-28,HW-1,Homework,Problem-13.md,Problem lesson,13,Choosing the Acceleration Direction When Circular Motion Speeds Up,212-M1-008,MTH212.M1.08,1,1,4,22,M1/2026-06-28-HW-1/Lessons/Problem-13.md,/Users/jake/Developer/study/vault/212/M1/2026-06-28-HW-1/Lessons/Problem-13.md,The sum of two direction vectors points between the two directions being added.,the sum of two direction vectors points between the two directions being added,Representation and spatial literacy,Mathematical technique,Vector mathematics,,Recall,D2,Paragraph or micro-example,Atomic,false,,Inline paragraph or micro-example,false,false,,1,false,High,false,Rule-based taxonomy v2; focused corpus QA adjustment,Focused corpus QA adjustment applied
P212-0100,M1,2026-06-28-HW-1,2026-06-28,HW-1,Homework,Problem-14.md,Problem lesson,14,Matching Angular Velocity to an Angular Position Graph,212-M1-051,MTH212.M1.51,1,1,1,19,M1/2026-06-28-HW-1/Lessons/Problem-14.md,/Users/jake/Developer/study/vault/212/M1/2026-06-28-HW-1/Lessons/Problem-14.md,Angular velocity is the derivative of angular position,angular velocity is the derivative of angular position,"Physics concept, law, or relation",Mathematical technique,Calculus,Circular and rotational motion,Recall,D3,Short focused lesson,Atomic,false,,Short prerequisite lesson,false,false,,1,false,High,false,Rule-based taxonomy v2; corpus-level model review and spot checks,
P212-0101,M1,2026-06-28-HW-1,2026-06-28,HW-1,Homework,Problem-14.md,Problem lesson,14,Matching Angular Velocity to an Angular Position Graph,212-M1-051,MTH212.M1.51,1,1,2,20,M1/2026-06-28-HW-1/Lessons/Problem-14.md,/Users/jake/Developer/study/vault/212/M1/2026-06-28-HW-1/Lessons/Problem-14.md,A positive slope means a graph is increasing,a positive slope means a graph is increasing,Semantic and physical interpretation,Mathematical technique | Representation and spatial literacy,Functions and graph reasoning,,Recall,D2,Paragraph or micro-example,Atomic,false,,Inline paragraph or micro-example,false,false,,1,false,Medium,true,Rule-based taxonomy v2; corpus-level model review and spot checks,
P212-0102,M1,2026-06-28-HW-1,2026-06-28,HW-1,Homework,Problem-14.md,Problem lesson,14,Matching Angular Velocity to an Angular Position Graph,212-M1-051,MTH212.M1.51,1,1,3,21,M1/2026-06-28-HW-1/Lessons/Problem-14.md,/Users/jake/Developer/study/vault/212/M1/2026-06-28-HW-1/Lessons/Problem-14.md,A negative slope means a graph is decreasing,a negative slope means a graph is decreasing,Semantic and physical interpretation,Mathematical technique | Representation and spatial literacy,Functions and graph reasoning,,Recall,D2,Paragraph or micro-example,Atomic,false,,Inline paragraph or micro-example,false,false,,1,false,Medium,true,Rule-based taxonomy v2; corpus-level model review and spot checks,
P212-0103,M1,2026-06-28-HW-1,2026-06-28,HW-1,Homework,Problem-14.md,Problem lesson,14,Matching Angular Velocity to an Angular Position Graph,212-M1-051,MTH212.M1.51,1,1,4,22,M1/2026-06-28-HW-1/Lessons/Problem-14.md,/Users/jake/Developer/study/vault/212/M1/2026-06-28-HW-1/Lessons/Problem-14.md,A horizontal tangent has slope $0$,a horizontal tangent has slope 0,Mathematical technique,Representation and spatial literacy,Geometry and trigonometry | Functions and graph reasoning,,Recall,D2,Paragraph or micro-example,Atomic,false,,Inline paragraph or micro-example,true,false,,1,false,High,false,Rule-based taxonomy v2; corpus-level model review and spot checks,
P212-0104,M1,2026-06-28-HW-1,2026-06-28,HW-1,Homework,Problem-14.md,Problem lesson,14,Matching Angular Velocity to an Angular Position Graph,212-M1-051,MTH212.M1.51,1,1,5,23,M1/2026-06-28-HW-1/Lessons/Problem-14.md,/Users/jake/Developer/study/vault/212/M1/2026-06-28-HW-1/Lessons/Problem-14.md,A local maximum or local minimum has a horizontal tangent,a local maximum or local minimum has a horizontal tangent,Mathematical technique,Representation and spatial literacy,Geometry and trigonometry | Functions and graph reasoning,,Recall,D2,Paragraph or micro-example,Atomic,false,,Inline paragraph or micro-example,false,false,,1,false,High,false,Rule-based taxonomy v2; corpus-level model review and spot checks,
P212-0105,M1,2026-06-28-HW-1,2026-06-28,HW-1,Homework,Problem-15.md,Problem lesson,15,Matching Angular Acceleration to a Position Graph,212-M1-052,MTH212.M1.52,1,1,1,19,M1/2026-06-28-HW-1/Lessons/Problem-15.md,/Users/jake/Developer/study/vault/212/M1/2026-06-28-HW-1/Lessons/Problem-15.md,Angular position is written as $\theta_z(t)$,angular position is written as \thetaz(t),"Physics concept, law, or relation",,,Circular and rotational motion,Recall,D1,Retrieval cue,Atomic,false,,Inline reminder,true,false,,1,false,High,false,Rule-based taxonomy v2; corpus-level model review and spot checks,
P212-0106,M1,2026-06-28-HW-1,2026-06-28,HW-1,Homework,Problem-15.md,Problem lesson,15,Matching Angular Acceleration to a Position Graph,212-M1-052,MTH212.M1.52,1,1,2,20,M1/2026-06-28-HW-1/Lessons/Problem-15.md,/Users/jake/Developer/study/vault/212/M1/2026-06-28-HW-1/Lessons/Problem-15.md,Angular velocity is the slope of angular position: $\omega_z(t)=\dfrac{d\theta_z}{dt}$,angular velocity is the slope of angular position: \omegaz(t)=d\thetazdt,"Physics concept, law, or relation",Mathematical technique,Functions and graph reasoning,Circular and rotational motion,Recall,D2,Paragraph or micro-example,Atomic,false,,Inline paragraph or micro-example,true,false,,1,false,High,false,Rule-based taxonomy v2; corpus-level model review and spot checks,
P212-0107,M1,2026-06-28-HW-1,2026-06-28,HW-1,Homework,Problem-15.md,Problem lesson,15,Matching Angular Acceleration to a Position Graph,212-M1-052,MTH212.M1.52,1,1,3,21,M1/2026-06-28-HW-1/Lessons/Problem-15.md,/Users/jake/Developer/study/vault/212/M1/2026-06-28-HW-1/Lessons/Problem-15.md,Angular acceleration is the slope of angular velocity: $\alpha_z(t)=\dfrac{d^2\theta_z}{dt^2}$,angular acceleration is the slope of angular velocity: \alphaz(t)=d^2\thetazdt^2,"Physics concept, law, or relation",Mathematical technique,Functions and graph reasoning,Circular and rotational motion,Recall,D2,Paragraph or micro-example,Atomic,false,,Inline paragraph or micro-example,true,false,,1,false,High,false,Rule-based taxonomy v2; corpus-level model review and spot checks,
P212-0108,M1,2026-06-28-HW-1,2026-06-28,HW-1,Homework,Problem-15.md,Problem lesson,15,Matching Angular Acceleration to a Position Graph,212-M1-052,MTH212.M1.52,1,1,4,22,M1/2026-06-28-HW-1/Lessons/Problem-15.md,/Users/jake/Developer/study/vault/212/M1/2026-06-28-HW-1/Lessons/Problem-15.md,A graph that is concave up has positive second derivative,a graph that is concave up has positive second derivative,Mathematical technique,Representation and spatial literacy,Calculus | Functions and graph reasoning,,Recall,D3,Short focused lesson,Atomic,false,,Short prerequisite lesson,false,false,,1,false,High,false,Rule-based taxonomy v2; corpus-level model review and spot checks,
P212-0109,M1,2026-06-28-HW-1,2026-06-28,HW-1,Homework,Problem-15.md,Problem lesson,15,Matching Angular Acceleration to a Position Graph,212-M1-052,MTH212.M1.52,1,1,5,23,M1/2026-06-28-HW-1/Lessons/Problem-15.md,/Users/jake/Developer/study/vault/212/M1/2026-06-28-HW-1/Lessons/Problem-15.md,A graph that is concave down has negative second derivative,a graph that is concave down has negative second derivative,Mathematical technique,Representation and spatial literacy,Calculus | Functions and graph reasoning,,Recall,D3,Short focused lesson,Atomic,false,,Short prerequisite lesson,false,false,,1,false,High,false,Rule-based taxonomy v2; corpus-level model review and spot checks,
P212-0110,M1,2026-06-29-M1-3,2026-06-29,M1-3,Lecture,Problem-1.md,Problem lesson,1,Comparing Ferris Wheel Normal Forces,212-M1-016,MTH212.M1.16,1,1,1,19,M1/2026-06-29-M1-3/Lessons/Problem-1.md,/Users/jake/Developer/study/vault/212/M1/2026-06-29-M1-3/Lessons/Problem-1.md,Draw a free-body diagram with weight $mg$ downward and a seat's normal force perpendicular to the seat.,draw a free-body diagram with weight mg downward and a seat's normal force perpendicular to the seat,Integrated modeling schema,"Mathematical technique | Representation and spatial literacy | Physics concept, law, or relation",Geometry and trigonometry,Forces and Newtonian dynamics,Execute,D3,Short focused lesson,Atomic,false,,Short prerequisite lesson,true,false,,1,false,Medium,true,Rule-based taxonomy v2; focused corpus QA adjustment,Focused corpus QA adjustment applied
P212-0111,M1,2026-06-29-M1-3,2026-06-29,M1-3,Lecture,Problem-1.md,Problem lesson,1,Comparing Ferris Wheel Normal Forces,212-M1-016,MTH212.M1.16,1,1,2,20,M1/2026-06-29-M1-3/Lessons/Problem-1.md,/Users/jake/Developer/study/vault/212/M1/2026-06-29-M1-3/Lessons/Problem-1.md,Use centripetal acceleration $a_r=\frac{v^2}{r}$ for motion at constant speed around a circle.,use centripetal acceleration ar=v^2r for motion at constant speed around a circle,"Physics concept, law, or relation",Mathematical technique | Model condition or reference choice,Geometry and trigonometry,Kinematics | Circular and rotational motion,Execute,D2,Paragraph or micro-example,Atomic,true,Fixed or constant quantity,Inline paragraph or micro-example,true,false,,1,false,Medium,true,Rule-based taxonomy v2; corpus-level model review and spot checks,
P212-0112,M1,2026-06-29-M1-3,2026-06-29,M1-3,Lecture,Problem-1.md,Problem lesson,1,Comparing Ferris Wheel Normal Forces,212-M1-016,MTH212.M1.16,1,1,3,21,M1/2026-06-29-M1-3/Lessons/Problem-1.md,/Users/jake/Developer/study/vault/212/M1/2026-06-29-M1-3/Lessons/Problem-1.md,Solve a two-term force equation for an unknown force.,solve a two-term force equation for an unknown force,Mathematical technique,"Physics concept, law, or relation",Algebra and formula manipulation,Forces and Newtonian dynamics,Execute,D2,Paragraph or micro-example,Atomic,false,,Inline paragraph or micro-example,false,false,,1,false,High,false,Rule-based taxonomy v2; focused corpus QA adjustment,Focused corpus QA adjustment applied
P212-0113,M1,2026-06-29-M1-3,2026-06-29,M1-3,Lecture,Problem-2.md,Problem lesson,2,Tangential Speed From Angular Velocity,212-M1-002,MTH212.M1.02,1,1,1,18,M1/2026-06-29-M1-3/Lessons/Problem-2.md,/Users/jake/Developer/study/vault/212/M1/2026-06-29-M1-3/Lessons/Problem-2.md,Know that radius is the distance from the center of a circle to its rim.,know that radius is the distance from the center of a circle to its rim,Mathematical technique,,Geometry and trigonometry,,Recall,D2,Paragraph or micro-example,Atomic,false,,Inline paragraph or micro-example,false,false,,1,false,High,false,Rule-based taxonomy v2; corpus-level model review and spot checks,
P212-0114,M1,2026-06-29-M1-3,2026-06-29,M1-3,Lecture,Problem-2.md,Problem lesson,2,Tangential Speed From Angular Velocity,212-M1-002,MTH212.M1.02,1,1,2,19,M1/2026-06-29-M1-3/Lessons/Problem-2.md,/Users/jake/Developer/study/vault/212/M1/2026-06-29-M1-3/Lessons/Problem-2.md,Know that angular velocity in $\mathrm{rad}/\mathrm{s}$ tells how many radians the wheel turns each second.,know that angular velocity in rad/s tells how many radians the wheel turns each second,"Physics concept, law, or relation",Model condition or reference choice,,Circular and rotational motion,Recall,D1,Retrieval cue,Atomic,true,Angle-unit or calculator-mode convention,Inline reminder,true,false,,1,false,High,false,Rule-based taxonomy v2; corpus-level model review and spot checks,
P212-0115,M1,2026-06-29-M1-3,2026-06-29,M1-3,Lecture,Problem-2.md,Problem lesson,2,Tangential Speed From Angular Velocity,212-M1-002,MTH212.M1.02,1,1,3,20,M1/2026-06-29-M1-3/Lessons/Problem-2.md,/Users/jake/Developer/study/vault/212/M1/2026-06-29-M1-3/Lessons/Problem-2.md,Be able to multiply decimals and round a numerical answer.,be able to multiply decimals and round a numerical answer,Measurement and computation,Mathematical technique,Numeracy and arithmetic,,Execute,D2,Paragraph or micro-example,Compound,false,,Inline paragraph or micro-example,false,false,,1,false,Medium,true,Rule-based taxonomy v2; corpus-level model review and spot checks,Potentially compound prerequisite; consider splitting
P212-0116,M1,2026-06-29-M1-3,2026-06-29,M1-3,Lecture,Problem-3.md,Problem lesson,3,Comparing Ferris-Wheel Normal Forces at the Top and Bottom,212-M1-053,MTH212.M1.53,1,1,1,19,M1/2026-06-29-M1-3/Lessons/Problem-3.md,/Users/jake/Developer/study/vault/212/M1/2026-06-29-M1-3/Lessons/Problem-3.md,Weight points downward with magnitude $mg$.,weight points downward with magnitude mg,"Physics concept, law, or relation",Representation and spatial literacy,,Forces and Newtonian dynamics,Recall,D1,Retrieval cue,Atomic,false,,Inline reminder,true,false,,1,false,High,false,Rule-based taxonomy v2; corpus-level model review and spot checks,
P212-0117,M1,2026-06-29-M1-3,2026-06-29,M1-3,Lecture,Problem-3.md,Problem lesson,3,Comparing Ferris-Wheel Normal Forces at the Top and Bottom,212-M1-053,MTH212.M1.53,1,1,2,20,M1/2026-06-29-M1-3/Lessons/Problem-3.md,/Users/jake/Developer/study/vault/212/M1/2026-06-29-M1-3/Lessons/Problem-3.md,The seat's normal force on the rider points upward in this Ferris-wheel model.,the seat's normal force on the rider points upward in this ferris-wheel model,"Physics concept, law, or relation",Representation and spatial literacy,,Forces and Newtonian dynamics,Recall,D1,Retrieval cue,Atomic,false,,Inline reminder,false,false,,1,false,High,false,Rule-based taxonomy v2; corpus-level model review and spot checks,
P212-0118,M1,2026-06-29-M1-3,2026-06-29,M1-3,Lecture,Problem-3.md,Problem lesson,3,Comparing Ferris-Wheel Normal Forces at the Top and Bottom,212-M1-053,MTH212.M1.53,1,1,3,21,M1/2026-06-29-M1-3/Lessons/Problem-3.md,/Users/jake/Developer/study/vault/212/M1/2026-06-29-M1-3/Lessons/Problem-3.md,"For circular motion with angular velocity $\omega$ and radius $r$, the inward acceleration has magnitude $\omega^2r$.","for circular motion with angular velocity \omega and radius r, the inward acceleration has magnitude \omega^2r","Physics concept, law, or relation",,,Kinematics | Circular and rotational motion,Recall,D1,Retrieval cue,Atomic,false,,Inline reminder,true,false,,1,false,High,false,Rule-based taxonomy v2; corpus-level model review and spot checks,
P212-0119,M1,2026-06-29-M1-3,2026-06-29,M1-3,Lecture,Problem-3.md,Problem lesson,3,Comparing Ferris-Wheel Normal Forces at the Top and Bottom,212-M1-053,MTH212.M1.53,1,1,4,22,M1/2026-06-29-M1-3/Lessons/Problem-3.md,/Users/jake/Developer/study/vault/212/M1/2026-06-29-M1-3/Lessons/Problem-3.md,Newton's second law in the radial direction: $\sum F_{\text{in}}=m\omega^2r$.,newton's second law in the radial direction: \sum fin=m\omega^2r,"Physics concept, law, or relation",,,Circular and rotational motion | Forces and Newtonian dynamics,Recall,D3,Short focused lesson,Atomic,false,,Short prerequisite lesson,true,false,,1,false,High,false,Rule-based taxonomy v2; focused corpus QA adjustment,Focused corpus QA adjustment applied
P212-0120,M1,2026-06-29-M1-3,2026-06-29,M1-3,Lecture,Problem-4.md,Problem lesson,4,Finding the Normal Force at the Bottom of a Ferris Wheel,212-M1-017,MTH212.M1.17,1,1,1,19,M1/2026-06-29-M1-3/Lessons/Problem-4.md,/Users/jake/Developer/study/vault/212/M1/2026-06-29-M1-3/Lessons/Problem-4.md,Radial acceleration points toward the center of circular motion.,radial acceleration points toward the center of circular motion,Semantic and physical interpretation,"Physics concept, law, or relation",,Kinematics | Circular and rotational motion,Recall,D1,Retrieval cue,Atomic,false,,Inline reminder,false,false,,1,false,High,false,Rule-based taxonomy v2; corpus-level model review and spot checks,
P212-0121,M1,2026-06-29-M1-3,2026-06-29,M1-3,Lecture,Problem-4.md,Problem lesson,4,Finding the Normal Force at the Bottom of a Ferris Wheel,212-M1-017,MTH212.M1.17,1,1,2,20,M1/2026-06-29-M1-3/Lessons/Problem-4.md,/Users/jake/Developer/study/vault/212/M1/2026-06-29-M1-3/Lessons/Problem-4.md,"For constant angular velocity, $a_r=\omega^2r$.","for constant angular velocity, ar=\omega^2r","Physics concept, law, or relation",,,Circular and rotational motion,Recall,D1,Retrieval cue,Atomic,false,,Inline reminder,true,false,,1,false,High,false,Rule-based taxonomy v2; corpus-level model review and spot checks,
P212-0122,M1,2026-06-29-M1-3,2026-06-29,M1-3,Lecture,Problem-4.md,Problem lesson,4,Finding the Normal Force at the Bottom of a Ferris Wheel,212-M1-017,MTH212.M1.17,1,1,3,21,M1/2026-06-29-M1-3/Lessons/Problem-4.md,/Users/jake/Developer/study/vault/212/M1/2026-06-29-M1-3/Lessons/Problem-4.md,Weight has magnitude $mg$ and points downward.,weight has magnitude mg and points downward,"Physics concept, law, or relation",Representation and spatial literacy,,Forces and Newtonian dynamics,Recall,D1,Retrieval cue,Atomic,false,,Inline reminder,true,false,,1,false,High,false,Rule-based taxonomy v2; corpus-level model review and spot checks,
P212-0123,M1,2026-06-29-M1-3,2026-06-29,M1-3,Lecture,Problem-4.md,Problem lesson,4,Finding the Normal Force at the Bottom of a Ferris Wheel,212-M1-017,MTH212.M1.17,1,1,4,22,M1/2026-06-29-M1-3/Lessons/Problem-4.md,/Users/jake/Developer/study/vault/212/M1/2026-06-29-M1-3/Lessons/Problem-4.md,Newton's second law in the radial direction is $\sum F_r=ma_r$.,newton's second law in the radial direction is \sum fr=mar,"Physics concept, law, or relation",,,Forces and Newtonian dynamics,Recall,D3,Short focused lesson,Atomic,false,,Short prerequisite lesson,true,false,,1,false,High,false,Rule-based taxonomy v2; focused corpus QA adjustment,Focused corpus QA adjustment applied
P212-0124,M1,2026-06-29-M1-3,2026-06-29,M1-3,Lecture,Problem-5.md,Problem lesson,5,Normal Force at the Top of a Ferris Wheel,212-M1-018,MTH212.M1.18,1,1,1,19,M1/2026-06-29-M1-3/Lessons/Problem-5.md,/Users/jake/Developer/study/vault/212/M1/2026-06-29-M1-3/Lessons/Problem-5.md,Centripetal acceleration points toward the center of circular motion.,centripetal acceleration points toward the center of circular motion,Semantic and physical interpretation,"Physics concept, law, or relation",,Kinematics | Circular and rotational motion,Recall,D1,Retrieval cue,Atomic,false,,Inline reminder,false,false,,1,false,High,false,Rule-based taxonomy v2; corpus-level model review and spot checks,
P212-0125,M1,2026-06-29-M1-3,2026-06-29,M1-3,Lecture,Problem-5.md,Problem lesson,5,Normal Force at the Top of a Ferris Wheel,212-M1-018,MTH212.M1.18,1,1,2,20,M1/2026-06-29-M1-3/Lessons/Problem-5.md,/Users/jake/Developer/study/vault/212/M1/2026-06-29-M1-3/Lessons/Problem-5.md,"For constant angular speed, centripetal acceleration has magnitude $a_c=\omega^2r$.","for constant angular speed, centripetal acceleration has magnitude ac=\omega^2r","Physics concept, law, or relation",,,Kinematics | Circular and rotational motion,Recall,D1,Retrieval cue,Atomic,false,,Inline reminder,true,false,,1,false,High,false,Rule-based taxonomy v2; corpus-level model review and spot checks,
P212-0126,M1,2026-06-29-M1-3,2026-06-29,M1-3,Lecture,Problem-5.md,Problem lesson,5,Normal Force at the Top of a Ferris Wheel,212-M1-018,MTH212.M1.18,1,1,3,21,M1/2026-06-29-M1-3/Lessons/Problem-5.md,/Users/jake/Developer/study/vault/212/M1/2026-06-29-M1-3/Lessons/Problem-5.md,Newton's second law in one direction is $\sum F=ma$.,newton's second law in one direction is \sum f=ma,"Physics concept, law, or relation",,,Forces and Newtonian dynamics,Recall,D3,Short focused lesson,Atomic,false,,Short prerequisite lesson,true,false,,1,false,High,false,Rule-based taxonomy v2; focused corpus QA adjustment,Focused corpus QA adjustment applied
P212-0127,M1,2026-06-29-M1-3,2026-06-29,M1-3,Lecture,Problem-5.md,Problem lesson,5,Normal Force at the Top of a Ferris Wheel,212-M1-018,MTH212.M1.18,1,1,4,22,M1/2026-06-29-M1-3/Lessons/Problem-5.md,/Users/jake/Developer/study/vault/212/M1/2026-06-29-M1-3/Lessons/Problem-5.md,"Near Earth's surface, weight has magnitude $mg$.","near earth's surface, weight has magnitude mg","Physics concept, law, or relation",,,Forces and Newtonian dynamics,Recall,D1,Retrieval cue,Atomic,false,,Inline reminder,true,false,,1,false,High,false,Rule-based taxonomy v2; corpus-level model review and spot checks,
P212-0128,M1,2026-06-29-M1-3,2026-06-29,M1-3,Lecture,Problem-6.md,Problem lesson,6,Threshold Angular Speed Before Slipping,212-M1-014,MTH212.M1.14,1,1,1,18,M1/2026-06-29-M1-3/Lessons/Problem-6.md,/Users/jake/Developer/study/vault/212/M1/2026-06-29-M1-3/Lessons/Problem-6.md,"Static friction can adjust up to a maximum value $f_{s,\max}=\mu_s N$.","static friction can adjust up to a maximum value fs,\max=\mus n","Physics concept, law, or relation",,,Forces and Newtonian dynamics,Recall,D1,Retrieval cue,Atomic,false,,Inline reminder,true,false,,1,false,High,false,Rule-based taxonomy v2; focused corpus QA adjustment,Focused corpus QA adjustment applied
P212-0129,M1,2026-06-29-M1-3,2026-06-29,M1-3,Lecture,Problem-6.md,Problem lesson,6,Threshold Angular Speed Before Slipping,212-M1-014,MTH212.M1.14,1,1,2,19,M1/2026-06-29-M1-3/Lessons/Problem-6.md,/Users/jake/Developer/study/vault/212/M1/2026-06-29-M1-3/Lessons/Problem-6.md,"On a horizontal surface, the normal force is $N=mg$.","on a horizontal surface, the normal force is n=mg","Physics concept, law, or relation",Representation and spatial literacy,,Forces and Newtonian dynamics,Recall,D1,Retrieval cue,Atomic,false,,Inline reminder,true,false,,1,false,High,false,Rule-based taxonomy v2; corpus-level model review and spot checks,
P212-0130,M1,2026-06-29-M1-3,2026-06-29,M1-3,Lecture,Problem-6.md,Problem lesson,6,Threshold Angular Speed Before Slipping,212-M1-014,MTH212.M1.14,1,1,3,20,M1/2026-06-29-M1-3/Lessons/Problem-6.md,/Users/jake/Developer/study/vault/212/M1/2026-06-29-M1-3/Lessons/Problem-6.md,Circular motion at angular speed $\omega$ requires centripetal force $F_c=m\omega^2 r$.,circular motion at angular speed \omega requires centripetal force fc=m\omega^2 r,"Physics concept, law, or relation",,,Kinematics | Circular and rotational motion | Forces and Newtonian dynamics,Recall,D1,Retrieval cue,Atomic,false,,Inline reminder,true,false,,1,false,High,false,Rule-based taxonomy v2; corpus-level model review and spot checks,
P212-0131,M1,2026-06-29-M1-3,2026-06-29,M1-3,Lecture,Problem-6.md,Problem lesson,6,Threshold Angular Speed Before Slipping,212-M1-014,MTH212.M1.14,1,1,4,21,M1/2026-06-29-M1-3/Lessons/Problem-6.md,/Users/jake/Developer/study/vault/212/M1/2026-06-29-M1-3/Lessons/Problem-6.md,"To solve $x^2=A$ for a positive physical quantity, use $x=\sqrt{A}$.","to solve x^2=a for a positive physical quantity, use x=a",Mathematical technique,Semantic and physical interpretation,,,Execute,D2,Paragraph or micro-example,Atomic,false,,Inline paragraph or micro-example,true,false,,1,false,High,false,Rule-based taxonomy v2; focused corpus QA adjustment,Focused corpus QA adjustment applied
P212-0132,M1,2026-06-30-M1-4,2026-06-30,M1-4,Lecture,Problem-1.md,Problem lesson,1,Choosing a Free-Body Diagram for an Icy Banked Curve,212-M1-021,MTH212.M1.21,1,1,1,19,M1/2026-06-30-M1-4/Lessons/Problem-1.md,/Users/jake/Developer/study/vault/212/M1/2026-06-30-M1-4/Lessons/Problem-1.md,Know that a free-body diagram shows forces acting on one object.,know that a free-body diagram shows forces acting on one object,"Physics concept, law, or relation",Representation and spatial literacy,,Forces and Newtonian dynamics,Recall,D2,Paragraph or micro-example,Atomic,false,,Inline paragraph or micro-example,false,false,,1,false,High,false,Rule-based taxonomy v2; focused corpus QA adjustment,Focused corpus QA adjustment applied
P212-0133,M1,2026-06-30-M1-4,2026-06-30,M1-4,Lecture,Problem-1.md,Problem lesson,1,Choosing a Free-Body Diagram for an Icy Banked Curve,212-M1-021,MTH212.M1.21,1,1,2,20,M1/2026-06-30-M1-4/Lessons/Problem-1.md,/Users/jake/Developer/study/vault/212/M1/2026-06-30-M1-4/Lessons/Problem-1.md,Know that weight points straight downward.,know that weight points straight downward,"Physics concept, law, or relation",Representation and spatial literacy,,Forces and Newtonian dynamics,Recall,D1,Retrieval cue,Atomic,false,,Inline reminder,false,false,,1,false,High,false,Rule-based taxonomy v2; corpus-level model review and spot checks,
P212-0134,M1,2026-06-30-M1-4,2026-06-30,M1-4,Lecture,Problem-1.md,Problem lesson,1,Choosing a Free-Body Diagram for an Icy Banked Curve,212-M1-021,MTH212.M1.21,1,1,3,21,M1/2026-06-30-M1-4/Lessons/Problem-1.md,/Users/jake/Developer/study/vault/212/M1/2026-06-30-M1-4/Lessons/Problem-1.md,Know that a normal force is perpendicular to the contact surface.,know that a normal force is perpendicular to the contact surface,"Physics concept, law, or relation",Mathematical technique | Representation and spatial literacy,Geometry and trigonometry,Forces and Newtonian dynamics,Recall,D2,Paragraph or micro-example,Atomic,false,,Inline paragraph or micro-example,false,false,,1,false,Medium,true,Rule-based taxonomy v2; corpus-level model review and spot checks,
P212-0135,M1,2026-06-30-M1-4,2026-06-30,M1-4,Lecture,Problem-1.md,Problem lesson,1,Choosing a Free-Body Diagram for an Icy Banked Curve,212-M1-021,MTH212.M1.21,1,1,4,22,M1/2026-06-30-M1-4/Lessons/Problem-1.md,/Users/jake/Developer/study/vault/212/M1/2026-06-30-M1-4/Lessons/Problem-1.md,Know that an icy or no-friction surface has no friction force.,know that an icy or no-friction surface has no friction force,"Physics concept, law, or relation",Model condition or reference choice,,Forces and Newtonian dynamics,Recall,D1,Retrieval cue,Atomic,true,Negligible-loss or frictionless model,Inline reminder,false,false,,1,false,High,false,Rule-based taxonomy v2; corpus-level model review and spot checks,
P212-0136,M1,2026-06-30-M1-4,2026-06-30,M1-4,Lecture,Problem-2.md,Problem lesson,2,Free-Body Diagrams for Level Circular Motion,212-M1-012,MTH212.M1.12,1,1,1,20,M1/2026-06-30-M1-4/Lessons/Problem-2.md,/Users/jake/Developer/study/vault/212/M1/2026-06-30-M1-4/Lessons/Problem-2.md,Weight $mg$ points downward.,weight mg points downward,"Physics concept, law, or relation",Representation and spatial literacy,,Forces and Newtonian dynamics,Recall,D1,Retrieval cue,Atomic,false,,Inline reminder,true,false,,1,false,High,false,Rule-based taxonomy v2; corpus-level model review and spot checks,
P212-0137,M1,2026-06-30-M1-4,2026-06-30,M1-4,Lecture,Problem-2.md,Problem lesson,2,Free-Body Diagrams for Level Circular Motion,212-M1-012,MTH212.M1.12,1,1,2,21,M1/2026-06-30-M1-4/Lessons/Problem-2.md,/Users/jake/Developer/study/vault/212/M1/2026-06-30-M1-4/Lessons/Problem-2.md,The normal force $N$ from a level road points upward.,the normal force n from a level road points upward,"Physics concept, law, or relation",Representation and spatial literacy,,Forces and Newtonian dynamics,Recall,D1,Retrieval cue,Atomic,false,,Inline reminder,true,false,,1,false,High,false,Rule-based taxonomy v2; corpus-level model review and spot checks,
P212-0138,M1,2026-06-30-M1-4,2026-06-30,M1-4,Lecture,Problem-2.md,Problem lesson,2,Free-Body Diagrams for Level Circular Motion,212-M1-012,MTH212.M1.12,1,1,3,22,M1/2026-06-30-M1-4/Lessons/Problem-2.md,/Users/jake/Developer/study/vault/212/M1/2026-06-30-M1-4/Lessons/Problem-2.md,A free-body diagram includes real forces acting on the object.,a free-body diagram includes real forces acting on the object,"Physics concept, law, or relation",Representation and spatial literacy,,Forces and Newtonian dynamics,Recall,D2,Paragraph or micro-example,Atomic,false,,Inline paragraph or micro-example,false,false,,1,false,High,false,Rule-based taxonomy v2; focused corpus QA adjustment,Focused corpus QA adjustment applied
P212-0139,M1,2026-06-30-M1-4,2026-06-30,M1-4,Lecture,Problem-2.md,Problem lesson,2,Free-Body Diagrams for Level Circular Motion,212-M1-012,MTH212.M1.12,1,1,4,23,M1/2026-06-30-M1-4/Lessons/Problem-2.md,/Users/jake/Developer/study/vault/212/M1/2026-06-30-M1-4/Lessons/Problem-2.md,"For circular motion, the net force points toward the center of the circle.","for circular motion, the net force points toward the center of the circle",Semantic and physical interpretation,"Mathematical technique | Physics concept, law, or relation",Geometry and trigonometry,Kinematics | Circular and rotational motion | Forces and Newtonian dynamics,Recall,D2,Paragraph or micro-example,Atomic,false,,Inline paragraph or micro-example,false,false,,1,false,Medium,true,Rule-based taxonomy v2; corpus-level model review and spot checks,
P212-0140,M1,2026-06-30-M1-4,2026-06-30,M1-4,Lecture,Problem-3.md,Problem lesson,3,Finding Static Friction on a Flat Curve,212-M1-013,MTH212.M1.13,1,1,1,20,M1/2026-06-30-M1-4/Lessons/Problem-3.md,/Users/jake/Developer/study/vault/212/M1/2026-06-30-M1-4/Lessons/Problem-3.md,"Identify forces on a car on a level road: weight $mg$, normal force $N$, and static friction $f_s$.","identify forces on a car on a level road: weight mg, normal force n, and static friction fs",Representation and spatial literacy,"Physics concept, law, or relation",,Forces and Newtonian dynamics,Recognize,D1,Retrieval cue,Atomic,false,,Inline reminder,true,false,,1,false,High,false,Rule-based taxonomy v2; corpus-level model review and spot checks,
P212-0141,M1,2026-06-30-M1-4,2026-06-30,M1-4,Lecture,Problem-3.md,Problem lesson,3,Finding Static Friction on a Flat Curve,212-M1-013,MTH212.M1.13,1,1,2,21,M1/2026-06-30-M1-4/Lessons/Problem-3.md,/Users/jake/Developer/study/vault/212/M1/2026-06-30-M1-4/Lessons/Problem-3.md,"Use centripetal force as the required net inward force: $F_{\text{net,in}}=mv^2/r$.","use centripetal force as the required net inward force: fnet,in=mv^2/r","Physics concept, law, or relation",,,Circular and rotational motion | Forces and Newtonian dynamics,Execute,D2,Paragraph or micro-example,Atomic,false,,Inline paragraph or micro-example,true,false,,1,false,Medium,true,Rule-based taxonomy v2; corpus-level model review and spot checks,
P212-0142,M1,2026-06-30-M1-4,2026-06-30,M1-4,Lecture,Problem-3.md,Problem lesson,3,Finding Static Friction on a Flat Curve,212-M1-013,MTH212.M1.13,1,1,3,22,M1/2026-06-30-M1-4/Lessons/Problem-3.md,/Users/jake/Developer/study/vault/212/M1/2026-06-30-M1-4/Lessons/Problem-3.md,"Use maximum static friction as $f_{s,\max}=\mu_s N$.","use maximum static friction as fs,\max=\mus n","Physics concept, law, or relation",,,Forces and Newtonian dynamics,Execute,D2,Paragraph or micro-example,Atomic,false,,Inline paragraph or micro-example,true,false,,1,false,Medium,true,Rule-based taxonomy v2; focused corpus QA adjustment,Focused corpus QA adjustment applied
P212-0143,M1,2026-06-30-M1-4,2026-06-30,M1-4,Lecture,Problem-3.md,Problem lesson,3,Finding Static Friction on a Flat Curve,212-M1-013,MTH212.M1.13,1,1,4,23,M1/2026-06-30-M1-4/Lessons/Problem-3.md,/Users/jake/Developer/study/vault/212/M1/2026-06-30-M1-4/Lessons/Problem-3.md,"Recognize that on a level road with no vertical acceleration, $N=mg$.","recognize that on a level road with no vertical acceleration, n=mg",Representation and spatial literacy,"Semantic and physical interpretation | Physics concept, law, or relation",,Kinematics,Recognize,D1,Retrieval cue,Atomic,false,,Inline reminder,true,false,,1,false,Medium,true,Rule-based taxonomy v2; corpus-level model review and spot checks,
P212-0144,M1,2026-06-30-M1-4,2026-06-30,M1-4,Lecture,Problem-4.md,Problem lesson,4,Finding the Speed for a Frictionless Banked Curve,212-M1-022,MTH212.M1.22,1,1,1,18,M1/2026-06-30-M1-4/Lessons/Problem-4.md,/Users/jake/Developer/study/vault/212/M1/2026-06-30-M1-4/Lessons/Problem-4.md,Know that uniform circular motion requires inward acceleration $a_c=\dfrac{v^2}{r}$.,know that uniform circular motion requires inward acceleration ac=v^2r,"Physics concept, law, or relation",,,Kinematics | Circular and rotational motion,Recall,D1,Retrieval cue,Atomic,false,,Inline reminder,true,false,,1,false,High,false,Rule-based taxonomy v2; corpus-level model review and spot checks,
P212-0145,M1,2026-06-30-M1-4,2026-06-30,M1-4,Lecture,Problem-4.md,Problem lesson,4,Finding the Speed for a Frictionless Banked Curve,212-M1-022,MTH212.M1.22,1,1,2,19,M1/2026-06-30-M1-4/Lessons/Problem-4.md,/Users/jake/Developer/study/vault/212/M1/2026-06-30-M1-4/Lessons/Problem-4.md,Resolve a tilted force into horizontal and vertical components.,resolve a tilted force into horizontal and vertical components,"Physics concept, law, or relation",Mathematical technique | Representation and spatial literacy,Vector mathematics,Forces and Newtonian dynamics,Execute,D3,Short focused lesson,Atomic,false,,Short prerequisite lesson,false,false,,1,false,Medium,true,Rule-based taxonomy v2; corpus-level model review and spot checks,
P212-0146,M1,2026-06-30-M1-4,2026-06-30,M1-4,Lecture,Problem-4.md,Problem lesson,4,Finding the Speed for a Frictionless Banked Curve,212-M1-022,MTH212.M1.22,1,1,3,20,M1/2026-06-30-M1-4/Lessons/Problem-4.md,/Users/jake/Developer/study/vault/212/M1/2026-06-30-M1-4/Lessons/Problem-4.md,Use $\tan\theta=\dfrac{\sin\theta}{\cos\theta}$.,use \tan\theta=\sin\theta\cos\theta,Mathematical technique,,Geometry and trigonometry,,Execute,D2,Paragraph or micro-example,Atomic,false,,Inline paragraph or micro-example,true,false,,1,false,Medium,true,Rule-based taxonomy v2; corpus-level model review and spot checks,
P212-0147,M1,2026-06-30-M1-4,2026-06-30,M1-4,Lecture,Problem-4.md,Problem lesson,4,Finding the Speed for a Frictionless Banked Curve,212-M1-022,MTH212.M1.22,1,1,4,21,M1/2026-06-30-M1-4/Lessons/Problem-4.md,/Users/jake/Developer/study/vault/212/M1/2026-06-30-M1-4/Lessons/Problem-4.md,Solve $v^2=A$ as $v=\sqrt{A}$ when speed is positive.,solve v^2=a as v=a when speed is positive,"Physics concept, law, or relation",Model condition or reference choice,,Kinematics,Execute,D1,Retrieval cue,Atomic,true,Physical-domain constraint,Inline reminder,true,false,,1,false,High,false,Rule-based taxonomy v2; focused corpus QA adjustment,Focused corpus QA adjustment applied
P212-0148,M1,2026-06-30-M1-4,2026-06-30,M1-4,Lecture,Problem-5.md,Problem lesson,5,Choosing Friction Direction on a Banked Curve,212-M1-023,MTH212.M1.23,1,1,1,19,M1/2026-06-30-M1-4/Lessons/Problem-5.md,/Users/jake/Developer/study/vault/212/M1/2026-06-30-M1-4/Lessons/Problem-5.md,Centripetal acceleration points horizontally toward the center of the curve.,centripetal acceleration points horizontally toward the center of the curve,Semantic and physical interpretation,"Physics concept, law, or relation",,Kinematics | Circular and rotational motion,Recall,D1,Retrieval cue,Atomic,false,,Inline reminder,false,false,,1,false,High,false,Rule-based taxonomy v2; corpus-level model review and spot checks,
P212-0149,M1,2026-06-30-M1-4,2026-06-30,M1-4,Lecture,Problem-5.md,Problem lesson,5,Choosing Friction Direction on a Banked Curve,212-M1-023,MTH212.M1.23,1,1,2,20,M1/2026-06-30-M1-4/Lessons/Problem-5.md,/Users/jake/Developer/study/vault/212/M1/2026-06-30-M1-4/Lessons/Problem-5.md,The normal force is perpendicular to the road surface.,the normal force is perpendicular to the road surface,"Physics concept, law, or relation",Mathematical technique | Representation and spatial literacy,Geometry and trigonometry,Forces and Newtonian dynamics,Recall,D2,Paragraph or micro-example,Atomic,false,,Inline paragraph or micro-example,false,false,,1,false,Medium,true,Rule-based taxonomy v2; corpus-level model review and spot checks,
P212-0150,M1,2026-06-30-M1-4,2026-06-30,M1-4,Lecture,Problem-5.md,Problem lesson,5,Choosing Friction Direction on a Banked Curve,212-M1-023,MTH212.M1.23,1,1,3,21,M1/2026-06-30-M1-4/Lessons/Problem-5.md,/Users/jake/Developer/study/vault/212/M1/2026-06-30-M1-4/Lessons/Problem-5.md,Static friction points along the road surface and opposes the direction the tires would slip.,static friction points along the road surface and opposes the direction the tires would slip,"Physics concept, law, or relation",,,Forces and Newtonian dynamics,Recall,D1,Retrieval cue,Atomic,false,,Inline reminder,false,false,,1,false,High,false,Rule-based taxonomy v2; corpus-level model review and spot checks,
P212-0151,M1,2026-06-30-M1-4,2026-06-30,M1-4,Lecture,Problem-5.md,Problem lesson,5,Choosing Friction Direction on a Banked Curve,212-M1-023,MTH212.M1.23,1,1,4,22,M1/2026-06-30-M1-4/Lessons/Problem-5.md,/Users/jake/Developer/study/vault/212/M1/2026-06-30-M1-4/Lessons/Problem-5.md,"At the no-friction banked-curve speed, the horizontal component of the normal force supplies exactly the required centripetal force.","at the no-friction banked-curve speed, the horizontal component of the normal force supplies exactly the required centripetal force","Physics concept, law, or relation",Mathematical technique | Representation and spatial literacy,Vector mathematics,Kinematics | Circular and rotational motion | Forces and Newtonian dynamics,Recall,D3,Short focused lesson,Atomic,false,,Short prerequisite lesson,false,false,,1,false,Medium,true,Rule-based taxonomy v2; corpus-level model review and spot checks,
P212-0152,M1,2026-06-30-M1-4,2026-06-30,M1-4,Lecture,Problem-6.md,Problem lesson,6,Maximum Speed on a Frictional Banked Curve,212-M1-024,MTH212.M1.24,1,1,1,19,M1/2026-06-30-M1-4/Lessons/Problem-6.md,/Users/jake/Developer/study/vault/212/M1/2026-06-30-M1-4/Lessons/Problem-6.md,Resolve a force into components parallel to horizontal radial and vertical axes.,resolve a force into components parallel to horizontal radial and vertical axes,Mathematical technique,"Representation and spatial literacy | Physics concept, law, or relation",Vector mathematics,Forces and Newtonian dynamics,Execute,D3,Short focused lesson,Atomic,false,,Short prerequisite lesson,false,false,,1,false,Medium,true,Rule-based taxonomy v2; focused corpus QA adjustment,Focused corpus QA adjustment applied
P212-0153,M1,2026-06-30-M1-4,2026-06-30,M1-4,Lecture,Problem-6.md,Problem lesson,6,Maximum Speed on a Frictional Banked Curve,212-M1-024,MTH212.M1.24,1,1,2,20,M1/2026-06-30-M1-4/Lessons/Problem-6.md,/Users/jake/Developer/study/vault/212/M1/2026-06-30-M1-4/Lessons/Problem-6.md,Use $a_r=\frac{v^2}{r}$ for uniform circular motion.,use ar=v^2r for uniform circular motion,"Physics concept, law, or relation",,,Kinematics | Circular and rotational motion,Execute,D2,Paragraph or micro-example,Atomic,false,,Inline paragraph or micro-example,true,false,,2,false,Medium,true,Rule-based taxonomy v2; corpus-level model review and spot checks,
P212-0154,M1,2026-06-30-M1-4,2026-06-30,M1-4,Lecture,Problem-6.md,Problem lesson,6,Maximum Speed on a Frictional Banked Curve,212-M1-024,MTH212.M1.24,1,1,3,21,M1/2026-06-30-M1-4/Lessons/Problem-6.md,/Users/jake/Developer/study/vault/212/M1/2026-06-30-M1-4/Lessons/Problem-6.md,Use $f_s=\mu_sN$ at the limiting speed before sliding.,use fs=\musn at the limiting speed before sliding,"Physics concept, law, or relation",,,Kinematics,Execute,D2,Paragraph or micro-example,Atomic,false,,Inline paragraph or micro-example,true,false,,1,false,Medium,true,Rule-based taxonomy v2; focused corpus QA adjustment,Focused corpus QA adjustment applied
P212-0155,M1,2026-06-30-M1-4,2026-06-30,M1-4,Lecture,Problem-7.md,Problem lesson,7,Choosing a Free-Body Diagram for a Conical Pendulum,212-M1-026,MTH212.M1.26,1,1,1,19,M1/2026-06-30-M1-4/Lessons/Problem-7.md,/Users/jake/Developer/study/vault/212/M1/2026-06-30-M1-4/Lessons/Problem-7.md,A free-body diagram shows forces acting on one object.,a free-body diagram shows forces acting on one object,"Physics concept, law, or relation",Representation and spatial literacy,,Forces and Newtonian dynamics,Recall,D2,Paragraph or micro-example,Atomic,false,,Inline paragraph or micro-example,false,false,,1,false,High,false,Rule-based taxonomy v2; focused corpus QA adjustment,Focused corpus QA adjustment applied
P212-0156,M1,2026-06-30-M1-4,2026-06-30,M1-4,Lecture,Problem-7.md,Problem lesson,7,Choosing a Free-Body Diagram for a Conical Pendulum,212-M1-026,MTH212.M1.26,1,1,2,20,M1/2026-06-30-M1-4/Lessons/Problem-7.md,/Users/jake/Developer/study/vault/212/M1/2026-06-30-M1-4/Lessons/Problem-7.md,Weight points straight down with magnitude $mg$.,weight points straight down with magnitude mg,"Physics concept, law, or relation",,,Forces and Newtonian dynamics,Recall,D1,Retrieval cue,Atomic,false,,Inline reminder,true,false,,1,false,High,false,Rule-based taxonomy v2; corpus-level model review and spot checks,
P212-0157,M1,2026-06-30-M1-4,2026-06-30,M1-4,Lecture,Problem-7.md,Problem lesson,7,Choosing a Free-Body Diagram for a Conical Pendulum,212-M1-026,MTH212.M1.26,1,1,3,21,M1/2026-06-30-M1-4/Lessons/Problem-7.md,/Users/jake/Developer/study/vault/212/M1/2026-06-30-M1-4/Lessons/Problem-7.md,"Tension from a string points along the string, away from the object.","tension from a string points along the string, away from the object",Semantic and physical interpretation,"Physics concept, law, or relation",,Forces and Newtonian dynamics,Recall,D1,Retrieval cue,Atomic,false,,Inline reminder,false,false,,1,false,High,false,Rule-based taxonomy v2; corpus-level model review and spot checks,
P212-0158,M1,2026-06-30-M1-4,2026-06-30,M1-4,Lecture,Problem-7.md,Problem lesson,7,Choosing a Free-Body Diagram for a Conical Pendulum,212-M1-026,MTH212.M1.26,1,1,4,22,M1/2026-06-30-M1-4/Lessons/Problem-7.md,/Users/jake/Developer/study/vault/212/M1/2026-06-30-M1-4/Lessons/Problem-7.md,"For uniform circular motion, the acceleration points toward the center of the circle.","for uniform circular motion, the acceleration points toward the center of the circle",Semantic and physical interpretation,"Mathematical technique | Physics concept, law, or relation",Geometry and trigonometry,Kinematics | Circular and rotational motion,Recall,D2,Paragraph or micro-example,Atomic,false,,Inline paragraph or micro-example,false,false,,1,false,Medium,true,Rule-based taxonomy v2; corpus-level model review and spot checks,
P212-0159,M1,2026-07-02-M1-5,2026-07-02,M1-5,Lecture,Problem-1.md,Problem lesson,1,Choosing the Net Force Direction for Speeding-Up Circular Motion,212-M1-009,MTH212.M1.09,1,1,1,20,M1/2026-07-02-M1-5/Lessons/Problem-1.md,/Users/jake/Developer/study/vault/212/M1/2026-07-02-M1-5/Lessons/Problem-1.md,Know that net force points in the same direction as acceleration.,know that net force points in the same direction as acceleration,"Physics concept, law, or relation",,,Kinematics | Forces and Newtonian dynamics,Recall,D1,Retrieval cue,Atomic,false,,Inline reminder,false,false,,1,false,High,false,Rule-based taxonomy v2; corpus-level model review and spot checks,
P212-0160,M1,2026-07-02-M1-5,2026-07-02,M1-5,Lecture,Problem-1.md,Problem lesson,1,Choosing the Net Force Direction for Speeding-Up Circular Motion,212-M1-009,MTH212.M1.09,1,1,2,21,M1/2026-07-02-M1-5/Lessons/Problem-1.md,/Users/jake/Developer/study/vault/212/M1/2026-07-02-M1-5/Lessons/Problem-1.md,Know that circular motion has an inward radial component toward the center.,know that circular motion has an inward radial component toward the center,Semantic and physical interpretation,"Mathematical technique | Physics concept, law, or relation",Vector mathematics,Kinematics | Circular and rotational motion,Recall,D3,Short focused lesson,Atomic,false,,Short prerequisite lesson,false,false,,1,false,Medium,true,Rule-based taxonomy v2; corpus-level model review and spot checks,
P212-0161,M1,2026-07-02-M1-5,2026-07-02,M1-5,Lecture,Problem-1.md,Problem lesson,1,Choosing the Net Force Direction for Speeding-Up Circular Motion,212-M1-009,MTH212.M1.09,1,1,3,22,M1/2026-07-02-M1-5/Lessons/Problem-1.md,/Users/jake/Developer/study/vault/212/M1/2026-07-02-M1-5/Lessons/Problem-1.md,Know that speeding up means the tangential component points in the direction of motion.,know that speeding up means the tangential component points in the direction of motion,Semantic and physical interpretation,"Mathematical technique | Physics concept, law, or relation",Vector mathematics,Kinematics,Recall,D3,Short focused lesson,Atomic,false,,Short prerequisite lesson,false,false,,1,false,Medium,true,Rule-based taxonomy v2; corpus-level model review and spot checks,
P212-0162,M1,2026-07-02-M1-5,2026-07-02,M1-5,Lecture,Problem-2.md,Problem lesson,2,Choosing the Net Force Direction for Clockwise Speeding Up,212-M1-054,MTH212.M1.54,1,1,1,19,M1/2026-07-02-M1-5/Lessons/Problem-2.md,/Users/jake/Developer/study/vault/212/M1/2026-07-02-M1-5/Lessons/Problem-2.md,Net force and acceleration point in the same direction because $\sum \vec{F}=m\vec{a}$.,net force and acceleration point in the same direction because \sum f=ma,"Physics concept, law, or relation",Mathematical technique,Vector mathematics,Kinematics | Forces and Newtonian dynamics,Recall,D3,Short focused lesson,Atomic,false,,Short prerequisite lesson,true,false,,1,false,High,false,Rule-based taxonomy v2; corpus-level model review and spot checks,
P212-0163,M1,2026-07-02-M1-5,2026-07-02,M1-5,Lecture,Problem-2.md,Problem lesson,2,Choosing the Net Force Direction for Clockwise Speeding Up,212-M1-054,MTH212.M1.54,1,1,2,20,M1/2026-07-02-M1-5/Lessons/Problem-2.md,/Users/jake/Developer/study/vault/212/M1/2026-07-02-M1-5/Lessons/Problem-2.md,Motion around a circle has an inward radial acceleration component.,motion around a circle has an inward radial acceleration component,"Physics concept, law, or relation",Mathematical technique,Geometry and trigonometry | Vector mathematics,Kinematics,Recall,D3,Short focused lesson,Atomic,false,,Short prerequisite lesson,false,false,,1,false,High,false,Rule-based taxonomy v2; corpus-level model review and spot checks,
P212-0164,M1,2026-07-02-M1-5,2026-07-02,M1-5,Lecture,Problem-2.md,Problem lesson,2,Choosing the Net Force Direction for Clockwise Speeding Up,212-M1-054,MTH212.M1.54,1,1,3,21,M1/2026-07-02-M1-5/Lessons/Problem-2.md,/Users/jake/Developer/study/vault/212/M1/2026-07-02-M1-5/Lessons/Problem-2.md,The tangential direction is perpendicular to the radius at the particle's position.,the tangential direction is perpendicular to the radius at the particle's position,Mathematical technique,,Geometry and trigonometry,,Recall,D2,Paragraph or micro-example,Atomic,false,,Inline paragraph or micro-example,false,false,,1,false,High,false,Rule-based taxonomy v2; corpus-level model review and spot checks,
P212-0165,M1,2026-07-02-M1-5,2026-07-02,M1-5,Lecture,Problem-2.md,Problem lesson,2,Choosing the Net Force Direction for Clockwise Speeding Up,212-M1-054,MTH212.M1.54,1,1,4,22,M1/2026-07-02-M1-5/Lessons/Problem-2.md,/Users/jake/Developer/study/vault/212/M1/2026-07-02-M1-5/Lessons/Problem-2.md,"If an object is speeding up, its tangential acceleration points in the direction of motion.","if an object is speeding up, its tangential acceleration points in the direction of motion","Physics concept, law, or relation",Model condition or reference choice,,Kinematics | Circular and rotational motion,Recall,D1,Retrieval cue,Atomic,false,,Inline reminder,false,false,,1,false,High,false,Rule-based taxonomy v2; corpus-level model review and spot checks,
P212-0166,M1,2026-07-02-M1-5,2026-07-02,M1-5,Lecture,Problem-3.md,Problem lesson,3,Finding Radial Acceleration From Inward Forces,212-M1-055,MTH212.M1.55,1,1,1,19,M1/2026-07-02-M1-5/Lessons/Problem-3.md,/Users/jake/Developer/study/vault/212/M1/2026-07-02-M1-5/Lessons/Problem-3.md,Use Newton's second law along one chosen axis: $\sum F = ma$.,use newton's second law along one chosen axis: \sum f = ma,"Physics concept, law, or relation",Representation and spatial literacy | Model condition or reference choice,,Forces and Newtonian dynamics,Execute,D3,Short focused lesson,Atomic,true,"Reference axis, pivot, or origin",Short prerequisite lesson,true,false,,1,false,Medium,true,Rule-based taxonomy v2; corpus-level model review and spot checks,
P212-0167,M1,2026-07-02-M1-5,2026-07-02,M1-5,Lecture,Problem-3.md,Problem lesson,3,Finding Radial Acceleration From Inward Forces,212-M1-055,MTH212.M1.55,1,1,2,20,M1/2026-07-02-M1-5/Lessons/Problem-3.md,/Users/jake/Developer/study/vault/212/M1/2026-07-02-M1-5/Lessons/Problem-3.md,Know that weight has magnitude $mg$ and points downward.,know that weight has magnitude mg and points downward,"Physics concept, law, or relation",Representation and spatial literacy,,Forces and Newtonian dynamics,Recall,D1,Retrieval cue,Atomic,false,,Inline reminder,true,false,,1,false,High,false,Rule-based taxonomy v2; corpus-level model review and spot checks,
P212-0168,M1,2026-07-02-M1-5,2026-07-02,M1-5,Lecture,Problem-3.md,Problem lesson,3,Finding Radial Acceleration From Inward Forces,212-M1-055,MTH212.M1.55,1,1,3,21,M1/2026-07-02-M1-5/Lessons/Problem-3.md,/Users/jake/Developer/study/vault/212/M1/2026-07-02-M1-5/Lessons/Problem-3.md,Use cosine for the component of a vector adjacent to the marked angle.,use cosine for the component of a vector adjacent to the marked angle,Mathematical technique,,Geometry and trigonometry | Vector mathematics,,Execute,D3,Short focused lesson,Atomic,false,,Short prerequisite lesson,false,false,,1,false,Medium,true,Rule-based taxonomy v2; corpus-level model review and spot checks,
P212-0169,M1,2026-07-02-M1-5,2026-07-02,M1-5,Lecture,Problem-3.md,Problem lesson,3,Finding Radial Acceleration From Inward Forces,212-M1-055,MTH212.M1.55,1,1,4,22,M1/2026-07-02-M1-5/Lessons/Problem-3.md,/Users/jake/Developer/study/vault/212/M1/2026-07-02-M1-5/Lessons/Problem-3.md,Keep acceleration units in $\mathrm{m}/\mathrm{s}^2$.,keep acceleration units in m/s^2,"Physics concept, law, or relation",Measurement and computation,,Kinematics,Recall,D1,Retrieval cue,Atomic,false,,Inline reminder,true,false,,1,false,High,false,Rule-based taxonomy v2; corpus-level model review and spot checks,
P212-0170,M1,2026-07-02-M1-5,2026-07-02,M1-5,Lecture,Problem-4.md,Problem lesson,4,Finding Tangential Acceleration in a Vertical Circle,212-M1-056,MTH212.M1.56,1,1,1,19,M1/2026-07-02-M1-5/Lessons/Problem-4.md,/Users/jake/Developer/study/vault/212/M1/2026-07-02-M1-5/Lessons/Problem-4.md,Resolve a force into components along perpendicular axes.,resolve a force into components along perpendicular axes,"Physics concept, law, or relation",Mathematical technique,Geometry and trigonometry | Vector mathematics,Forces and Newtonian dynamics,Execute,D3,Short focused lesson,Atomic,false,,Short prerequisite lesson,false,false,,1,false,High,false,Rule-based taxonomy v2; corpus-level model review and spot checks,
P212-0171,M1,2026-07-02-M1-5,2026-07-02,M1-5,Lecture,Problem-4.md,Problem lesson,4,Finding Tangential Acceleration in a Vertical Circle,212-M1-056,MTH212.M1.56,1,1,2,20,M1/2026-07-02-M1-5/Lessons/Problem-4.md,/Users/jake/Developer/study/vault/212/M1/2026-07-02-M1-5/Lessons/Problem-4.md,Use $\sum F = ma$ along one chosen axis.,use \sum f = ma along one chosen axis,Representation and spatial literacy,Model condition or reference choice,,,Execute,D2,Paragraph or micro-example,Atomic,true,"Reference axis, pivot, or origin",Inline paragraph or micro-example,true,false,,1,false,Medium,true,Rule-based taxonomy v2; corpus-level model review and spot checks,
P212-0172,M1,2026-07-02-M1-5,2026-07-02,M1-5,Lecture,Problem-4.md,Problem lesson,4,Finding Tangential Acceleration in a Vertical Circle,212-M1-056,MTH212.M1.56,1,1,3,21,M1/2026-07-02-M1-5/Lessons/Problem-4.md,/Users/jake/Developer/study/vault/212/M1/2026-07-02-M1-5/Lessons/Problem-4.md,Use sine and cosine for right-triangle components.,use sine and cosine for right-triangle components,Mathematical technique,Representation and spatial literacy,Geometry and trigonometry | Vector mathematics,,Execute,D3,Short focused lesson,Atomic,false,,Short prerequisite lesson,false,false,,1,false,Medium,true,Rule-based taxonomy v2; corpus-level model review and spot checks,
P212-0173,M1,2026-07-02-M1-5,2026-07-02,M1-5,Lecture,Problem-4.md,Problem lesson,4,Finding Tangential Acceleration in a Vertical Circle,212-M1-056,MTH212.M1.56,1,1,4,22,M1/2026-07-02-M1-5/Lessons/Problem-4.md,/Users/jake/Developer/study/vault/212/M1/2026-07-02-M1-5/Lessons/Problem-4.md,Evaluate trig functions in degree mode and round to the requested precision.,evaluate trig functions in degree mode and round to the requested precision,Measurement and computation,Model condition or reference choice,,,Execute,D2,Paragraph or micro-example,Compound,true,Angle-unit or calculator-mode convention,Inline paragraph or micro-example,false,false,,1,false,Medium,true,Rule-based taxonomy v2; corpus-level model review and spot checks,Potentially compound prerequisite; consider splitting
P212-0174,M1,2026-07-02-M1-5,2026-07-02,M1-5,Lecture,Problem-5.md,Problem lesson,5,Total Acceleration From Radial and Tangential Components,212-M1-057,MTH212.M1.57,1,1,1,19,M1/2026-07-02-M1-5/Lessons/Problem-5.md,/Users/jake/Developer/study/vault/212/M1/2026-07-02-M1-5/Lessons/Problem-5.md,Use radial and tangential axes for circular motion.,use radial and tangential axes for circular motion,"Physics concept, law, or relation",,,Kinematics | Circular and rotational motion,Execute,D2,Paragraph or micro-example,Atomic,false,,Inline paragraph or micro-example,false,false,,1,false,Medium,true,Rule-based taxonomy v2; corpus-level model review and spot checks,
P212-0175,M1,2026-07-02-M1-5,2026-07-02,M1-5,Lecture,Problem-5.md,Problem lesson,5,Total Acceleration From Radial and Tangential Components,212-M1-057,MTH212.M1.57,1,1,2,20,M1/2026-07-02-M1-5/Lessons/Problem-5.md,/Users/jake/Developer/study/vault/212/M1/2026-07-02-M1-5/Lessons/Problem-5.md,Resolve weight into $mg\cos\theta$ and $mg\sin\theta$ along chosen axes.,resolve weight into mg\cos\theta and mg\sin\theta along chosen axes,"Physics concept, law, or relation",Mathematical technique,Geometry and trigonometry,Forces and Newtonian dynamics,Execute,D2,Paragraph or micro-example,Atomic,false,,Inline paragraph or micro-example,true,false,,1,false,High,false,Rule-based taxonomy v2; corpus-level model review and spot checks,
P212-0176,M1,2026-07-02-M1-5,2026-07-02,M1-5,Lecture,Problem-5.md,Problem lesson,5,Total Acceleration From Radial and Tangential Components,212-M1-057,MTH212.M1.57,1,1,3,21,M1/2026-07-02-M1-5/Lessons/Problem-5.md,/Users/jake/Developer/study/vault/212/M1/2026-07-02-M1-5/Lessons/Problem-5.md,Use Newton's second law component by component.,use newton's second law component by component,"Physics concept, law, or relation",Mathematical technique,Vector mathematics,Forces and Newtonian dynamics,Execute,D3,Short focused lesson,Atomic,false,,Short prerequisite lesson,false,false,,1,false,Medium,true,Rule-based taxonomy v2; focused corpus QA adjustment,Focused corpus QA adjustment applied
P212-0177,M1,2026-07-02-M1-5,2026-07-02,M1-5,Lecture,Problem-5.md,Problem lesson,5,Total Acceleration From Radial and Tangential Components,212-M1-057,MTH212.M1.57,1,1,4,22,M1/2026-07-02-M1-5/Lessons/Problem-5.md,/Users/jake/Developer/study/vault/212/M1/2026-07-02-M1-5/Lessons/Problem-5.md,Evaluate square roots and round to the requested significant figures.,evaluate square roots and round to the requested significant figures,Measurement and computation,Mathematical technique,Numeracy and arithmetic,,Execute,D2,Paragraph or micro-example,Atomic,false,,Inline paragraph or micro-example,false,false,,1,false,High,false,Rule-based taxonomy v2; corpus-level model review and spot checks,
P212-0178,M1,2026-07-02-M1-5,2026-07-02,M1-5,Lecture,Problem-6.md,Problem lesson,6,Release Height from a Vertical Circle,212-M1-058,MTH212.M1.58,1,1,1,19,M1/2026-07-02-M1-5/Lessons/Problem-6.md,/Users/jake/Developer/study/vault/212/M1/2026-07-02-M1-5/Lessons/Problem-6.md,Use Newton's second law along a chosen axis.,use newton's second law along a chosen axis,"Physics concept, law, or relation",Representation and spatial literacy | Model condition or reference choice,,Forces and Newtonian dynamics,Execute,D3,Short focused lesson,Atomic,true,"Reference axis, pivot, or origin",Short prerequisite lesson,false,false,,1,false,Medium,true,Rule-based taxonomy v2; corpus-level model review and spot checks,
P212-0179,M1,2026-07-02-M1-5,2026-07-02,M1-5,Lecture,Problem-6.md,Problem lesson,6,Release Height from a Vertical Circle,212-M1-058,MTH212.M1.58,1,1,2,20,M1/2026-07-02-M1-5/Lessons/Problem-6.md,/Users/jake/Developer/study/vault/212/M1/2026-07-02-M1-5/Lessons/Problem-6.md,Use centripetal acceleration in the form $a_r=\dfrac{v^2}{L}$.,use centripetal acceleration in the form ar=v^2l,"Physics concept, law, or relation",,,Kinematics | Circular and rotational motion,Execute,D2,Paragraph or micro-example,Atomic,false,,Inline paragraph or micro-example,true,false,,1,false,Medium,true,Rule-based taxonomy v2; corpus-level model review and spot checks,
P212-0180,M1,2026-07-02-M1-5,2026-07-02,M1-5,Lecture,Problem-6.md,Problem lesson,6,Release Height from a Vertical Circle,212-M1-058,MTH212.M1.58,1,1,3,21,M1/2026-07-02-M1-5/Lessons/Problem-6.md,/Users/jake/Developer/study/vault/212/M1/2026-07-02-M1-5/Lessons/Problem-6.md,Resolve a force or velocity into a trigonometric component.,resolve a force or velocity into a trigonometric component,"Physics concept, law, or relation",Mathematical technique,Geometry and trigonometry | Vector mathematics,Kinematics | Forces and Newtonian dynamics,Execute,D3,Short focused lesson,Atomic,false,,Short prerequisite lesson,false,false,,1,false,High,false,Rule-based taxonomy v2; corpus-level model review and spot checks,
P212-0181,M1,2026-07-02-M1-5,2026-07-02,M1-5,Lecture,Problem-6.md,Problem lesson,6,Release Height from a Vertical Circle,212-M1-058,MTH212.M1.58,1,1,4,22,M1/2026-07-02-M1-5/Lessons/Problem-6.md,/Users/jake/Developer/study/vault/212/M1/2026-07-02-M1-5/Lessons/Problem-6.md,Use the vertical projectile relation $0=v_y^2-2g\Delta y$ at maximum height.,use the vertical projectile relation 0=vy^2-2g\delta y at maximum height,"Physics concept, law, or relation",Representation and spatial literacy,,Kinematics,Execute,D2,Paragraph or micro-example,Atomic,false,,Inline paragraph or micro-example,true,false,,1,false,Medium,true,Rule-based taxonomy v2; corpus-level model review and spot checks,
P212-0182,M1,2026-07-03-HW-2,2026-07-03,HW-2,Homework,Problem-1.md,Problem lesson,1,Recognizing Uniform Circular Motion,212-M1-005,MTH212.M1.05,1,1,1,18,M1/2026-07-03-HW-2/Lessons/Problem-1.md,/Users/jake/Developer/study/vault/212/M1/2026-07-03-HW-2/Lessons/Problem-1.md,Speed is the magnitude of velocity,speed is the magnitude of velocity,"Physics concept, law, or relation",,,Kinematics,Recall,D1,Retrieval cue,Atomic,false,,Inline reminder,false,false,,1,false,High,false,Rule-based taxonomy v2; corpus-level model review and spot checks,
P212-0183,M1,2026-07-03-HW-2,2026-07-03,HW-2,Homework,Problem-1.md,Problem lesson,1,Recognizing Uniform Circular Motion,212-M1-005,MTH212.M1.05,1,1,2,19,M1/2026-07-03-HW-2/Lessons/Problem-1.md,/Users/jake/Developer/study/vault/212/M1/2026-07-03-HW-2/Lessons/Problem-1.md,A period is the time for one complete cycle,a period is the time for one complete cycle,"Physics concept, law, or relation",,,Circular and rotational motion,Recall,D1,Retrieval cue,Atomic,false,,Inline reminder,false,false,,1,false,High,false,Rule-based taxonomy v2; corpus-level model review and spot checks,
P212-0184,M1,2026-07-03-HW-2,2026-07-03,HW-2,Homework,Problem-1.md,Problem lesson,1,Recognizing Uniform Circular Motion,212-M1-005,MTH212.M1.05,1,1,3,20,M1/2026-07-03-HW-2/Lessons/Problem-1.md,/Users/jake/Developer/study/vault/212/M1/2026-07-03-HW-2/Lessons/Problem-1.md,Circular motion means the path is a circle,circular motion means the path is a circle,Semantic and physical interpretation,"Mathematical technique | Physics concept, law, or relation",Geometry and trigonometry,Kinematics | Circular and rotational motion,Recall,D2,Paragraph or micro-example,Atomic,false,,Inline paragraph or micro-example,false,false,,1,false,Medium,true,Rule-based taxonomy v2; corpus-level model review and spot checks,
P212-0185,M1,2026-07-03-HW-2,2026-07-03,HW-2,Homework,Problem-1.md,Problem lesson,1,Recognizing Uniform Circular Motion,212-M1-005,MTH212.M1.05,1,1,4,21,M1/2026-07-03-HW-2/Lessons/Problem-1.md,/Users/jake/Developer/study/vault/212/M1/2026-07-03-HW-2/Lessons/Problem-1.md,Uniform circular motion means motion around a circle at constant speed,uniform circular motion means motion around a circle at constant speed,Semantic and physical interpretation,"Mathematical technique | Physics concept, law, or relation | Model condition or reference choice",Geometry and trigonometry,Kinematics | Circular and rotational motion,Recall,D2,Paragraph or micro-example,Atomic,true,Fixed or constant quantity,Inline paragraph or micro-example,false,false,,1,false,Medium,true,Rule-based taxonomy v2; corpus-level model review and spot checks,
P212-0186,M1,2026-07-03-HW-2,2026-07-03,HW-2,Homework,Problem-2.md,Problem lesson,2,Finding the Radius from an Angled String,212-M1-027,MTH212.M1.27,1,1,1,19,M1/2026-07-03-HW-2/Lessons/Problem-2.md,/Users/jake/Developer/study/vault/212/M1/2026-07-03-HW-2/Lessons/Problem-2.md,Identify the hypotenuse and the adjacent side in a right triangle.,identify the hypotenuse and the adjacent side in a right triangle,Representation and spatial literacy,Mathematical technique,Geometry and trigonometry,,Recognize,D2,Paragraph or micro-example,Atomic,false,,Inline paragraph or micro-example,false,false,,1,false,High,false,Rule-based taxonomy v2; corpus-level model review and spot checks,
P212-0187,M1,2026-07-03-HW-2,2026-07-03,HW-2,Homework,Problem-2.md,Problem lesson,2,Finding the Radius from an Angled String,212-M1-027,MTH212.M1.27,1,1,2,20,M1/2026-07-03-HW-2/Lessons/Problem-2.md,/Users/jake/Developer/study/vault/212/M1/2026-07-03-HW-2/Lessons/Problem-2.md,Use $\cos\theta=\dfrac{\text{adjacent}}{\text{hypotenuse}}$.,use \cos\theta=adjacenthypotenuse,Mathematical technique,,Geometry and trigonometry,,Execute,D2,Paragraph or micro-example,Atomic,false,,Inline paragraph or micro-example,true,false,,1,false,Medium,true,Rule-based taxonomy v2; corpus-level model review and spot checks,
P212-0188,M1,2026-07-03-HW-2,2026-07-03,HW-2,Homework,Problem-2.md,Problem lesson,2,Finding the Radius from an Angled String,212-M1-027,MTH212.M1.27,1,1,3,21,M1/2026-07-03-HW-2/Lessons/Problem-2.md,/Users/jake/Developer/study/vault/212/M1/2026-07-03-HW-2/Lessons/Problem-2.md,Recognize that the radius of circular motion is the horizontal distance from the rotation axis to the object.,recognize that the radius of circular motion is the horizontal distance from the rotation axis to the object,Representation and spatial literacy,"Semantic and physical interpretation | Physics concept, law, or relation | Model condition or reference choice",,Kinematics | Circular and rotational motion,Recognize,D1,Retrieval cue,Atomic,true,"Reference axis, pivot, or origin",Inline reminder,false,false,,1,false,Medium,true,Rule-based taxonomy v2; corpus-level model review and spot checks,
P212-0189,M1,2026-07-03-HW-2,2026-07-03,HW-2,Homework,Problem-3.md,Problem lesson,3,Finding Centripetal Force From Radius and Period,212-M1-059,MTH212.M1.59,1,1,1,19,M1/2026-07-03-HW-2/Lessons/Problem-3.md,/Users/jake/Developer/study/vault/212/M1/2026-07-03-HW-2/Lessons/Problem-3.md,Circumference of a circle: $2\pi r$,circumference of a circle: 2\pi r,Mathematical technique,,Geometry and trigonometry,,Recall,D2,Paragraph or micro-example,Atomic,false,,Inline paragraph or micro-example,true,false,,1,false,High,false,Rule-based taxonomy v2; corpus-level model review and spot checks,
P212-0190,M1,2026-07-03-HW-2,2026-07-03,HW-2,Homework,Problem-3.md,Problem lesson,3,Finding Centripetal Force From Radius and Period,212-M1-059,MTH212.M1.59,1,1,2,20,M1/2026-07-03-HW-2/Lessons/Problem-3.md,/Users/jake/Developer/study/vault/212/M1/2026-07-03-HW-2/Lessons/Problem-3.md,Speed is distance divided by time,speed is distance divided by time,"Physics concept, law, or relation",,,Kinematics,Recall,D2,Paragraph or micro-example,Atomic,false,,Inline paragraph or micro-example,false,false,,1,false,High,false,Rule-based taxonomy v2; focused corpus QA adjustment,Focused corpus QA adjustment applied
P212-0191,M1,2026-07-03-HW-2,2026-07-03,HW-2,Homework,Problem-3.md,Problem lesson,3,Finding Centripetal Force From Radius and Period,212-M1-059,MTH212.M1.59,1,1,3,21,M1/2026-07-03-HW-2/Lessons/Problem-3.md,/Users/jake/Developer/study/vault/212/M1/2026-07-03-HW-2/Lessons/Problem-3.md,Centripetal force magnitude: $F_c=\dfrac{mv^2}{r}$,centripetal force magnitude: fc=mv^2r,"Physics concept, law, or relation",,,Circular and rotational motion | Forces and Newtonian dynamics,Recall,D1,Retrieval cue,Atomic,false,,Inline reminder,true,false,,1,false,High,false,Rule-based taxonomy v2; corpus-level model review and spot checks,
P212-0192,M1,2026-07-03-HW-2,2026-07-03,HW-2,Homework,Problem-3.md,Problem lesson,3,Finding Centripetal Force From Radius and Period,212-M1-059,MTH212.M1.59,1,1,4,22,M1/2026-07-03-HW-2/Lessons/Problem-3.md,/Users/jake/Developer/study/vault/212/M1/2026-07-03-HW-2/Lessons/Problem-3.md,Period $T$ means the time for one complete revolution,period t means the time for one complete revolution,Semantic and physical interpretation,"Physics concept, law, or relation",,Circular and rotational motion,Recall,D1,Retrieval cue,Atomic,false,,Inline reminder,true,false,,1,false,High,false,Rule-based taxonomy v2; corpus-level model review and spot checks,
P212-0193,M1,2026-07-03-HW-2,2026-07-03,HW-2,Homework,Problem-4.md,Problem lesson,4,Finding the Net-Force Direction in Circular Motion,212-M1-011,MTH212.M1.11,1,1,1,19,M1/2026-07-03-HW-2/Lessons/Problem-4.md,/Users/jake/Developer/study/vault/212/M1/2026-07-03-HW-2/Lessons/Problem-4.md,Know that uniform circular motion has centripetal acceleration directed toward the center of the circle.,know that uniform circular motion has centripetal acceleration directed toward the center of the circle,Semantic and physical interpretation,"Mathematical technique | Physics concept, law, or relation",Geometry and trigonometry,Kinematics | Circular and rotational motion,Recall,D2,Paragraph or micro-example,Atomic,false,,Inline paragraph or micro-example,false,false,,1,false,Medium,true,Rule-based taxonomy v2; corpus-level model review and spot checks,
P212-0194,M1,2026-07-03-HW-2,2026-07-03,HW-2,Homework,Problem-4.md,Problem lesson,4,Finding the Net-Force Direction in Circular Motion,212-M1-011,MTH212.M1.11,1,1,2,20,M1/2026-07-03-HW-2/Lessons/Problem-4.md,/Users/jake/Developer/study/vault/212/M1/2026-07-03-HW-2/Lessons/Problem-4.md,Know that net force points in the same direction as acceleration because $\sum \vec F=m\vec a$.,know that net force points in the same direction as acceleration because \sum f=m a,"Physics concept, law, or relation",Mathematical technique,Vector mathematics,Kinematics | Forces and Newtonian dynamics,Recall,D3,Short focused lesson,Atomic,false,,Short prerequisite lesson,true,false,,1,false,High,false,Rule-based taxonomy v2; corpus-level model review and spot checks,
P212-0195,M1,2026-07-03-HW-2,2026-07-03,HW-2,Homework,Problem-4.md,Problem lesson,4,Finding the Net-Force Direction in Circular Motion,212-M1-011,MTH212.M1.11,1,1,3,21,M1/2026-07-03-HW-2/Lessons/Problem-4.md,/Users/jake/Developer/study/vault/212/M1/2026-07-03-HW-2/Lessons/Problem-4.md,"Be able to read left, right, up, and down directions from a side-view diagram.","be able to read left, right, up, and down directions from a side-view diagram",Representation and spatial literacy,,,,Execute,D2,Paragraph or micro-example,Atomic,false,,Inline paragraph or micro-example,false,false,,1,false,High,false,Rule-based taxonomy v2; corpus-level model review and spot checks,
P212-0196,M1,2026-07-03-HW-2,2026-07-03,HW-2,Homework,Problem-5.md,Problem lesson,5,Deriving the Angle in a Conical Pendulum,212-M1-028,MTH212.M1.28,1,1,1,19,M1/2026-07-03-HW-2/Lessons/Problem-5.md,/Users/jake/Developer/study/vault/212/M1/2026-07-03-HW-2/Lessons/Problem-5.md,Resolve a vector into horizontal and vertical components.,resolve a vector into horizontal and vertical components,Mathematical technique,Representation and spatial literacy,Vector mathematics,,Execute,D3,Short focused lesson,Atomic,false,,Short prerequisite lesson,false,false,,3,false,High,false,Rule-based taxonomy v2; corpus-level model review and spot checks,
P212-0197,M1,2026-07-03-HW-2,2026-07-03,HW-2,Homework,Problem-5.md,Problem lesson,5,Deriving the Angle in a Conical Pendulum,212-M1-028,MTH212.M1.28,1,1,2,20,M1/2026-07-03-HW-2/Lessons/Problem-5.md,/Users/jake/Developer/study/vault/212/M1/2026-07-03-HW-2/Lessons/Problem-5.md,Use $a_r=\dfrac{v^2}{r}=\dfrac{4\pi^2r}{T^2}$ for uniform circular motion with period $T$.,use ar=v^2r=4\pi^2rt^2 for uniform circular motion with period t,"Physics concept, law, or relation",,,Kinematics | Circular and rotational motion,Execute,D2,Paragraph or micro-example,Atomic,false,,Inline paragraph or micro-example,true,false,,1,false,Medium,true,Rule-based taxonomy v2; corpus-level model review and spot checks,
P212-0198,M1,2026-07-03-HW-2,2026-07-03,HW-2,Homework,Problem-5.md,Problem lesson,5,Deriving the Angle in a Conical Pendulum,212-M1-028,MTH212.M1.28,1,1,3,21,M1/2026-07-03-HW-2/Lessons/Problem-5.md,/Users/jake/Developer/study/vault/212/M1/2026-07-03-HW-2/Lessons/Problem-5.md,Use inverse trig to solve equations such as $\sin\theta=k$.,use inverse trig to solve equations such as \sin\theta=k,Mathematical technique,,Geometry and trigonometry,,Execute,D2,Paragraph or micro-example,Atomic,false,,Inline paragraph or micro-example,true,false,,1,false,Medium,true,Rule-based taxonomy v2; corpus-level model review and spot checks,
P212-0199,M1,2026-07-03-HW-2,2026-07-03,HW-2,Homework,Problem-6.md,Problem lesson,6,Writing the Vertical Force Equation on a Banked Track,212-M1-060,MTH212.M1.60,1,1,1,19,M1/2026-07-03-HW-2/Lessons/Problem-6.md,/Users/jake/Developer/study/vault/212/M1/2026-07-03-HW-2/Lessons/Problem-6.md,Resolve a vector into horizontal and vertical components.,resolve a vector into horizontal and vertical components,Mathematical technique,Representation and spatial literacy,Vector mathematics,,Execute,D3,Short focused lesson,Atomic,false,,Short prerequisite lesson,false,false,,3,false,High,false,Rule-based taxonomy v2; corpus-level model review and spot checks,
P212-0200,M1,2026-07-03-HW-2,2026-07-03,HW-2,Homework,Problem-6.md,Problem lesson,6,Writing the Vertical Force Equation on a Banked Track,212-M1-060,MTH212.M1.60,1,1,2,20,M1/2026-07-03-HW-2/Lessons/Problem-6.md,/Users/jake/Developer/study/vault/212/M1/2026-07-03-HW-2/Lessons/Problem-6.md,Use $\sin\theta$ for the component opposite $\theta$ and $\cos\theta$ for the component adjacent to $\theta$.,use \sin\theta for the component opposite \theta and \cos\theta for the component adjacent to \theta,Mathematical technique,,Geometry and trigonometry | Vector mathematics,,Execute,D3,Short focused lesson,Atomic,false,,Short prerequisite lesson,true,false,,1,false,Medium,true,Rule-based taxonomy v2; focused corpus QA adjustment,Focused corpus QA adjustment applied
P212-0201,M1,2026-07-03-HW-2,2026-07-03,HW-2,Homework,Problem-6.md,Problem lesson,6,Writing the Vertical Force Equation on a Banked Track,212-M1-060,MTH212.M1.60,1,1,3,21,M1/2026-07-03-HW-2/Lessons/Problem-6.md,/Users/jake/Developer/study/vault/212/M1/2026-07-03-HW-2/Lessons/Problem-6.md,Write Newton's second law in one direction as $\sum F_y=ma_y$.,write newton's second law in one direction as \sum fy=may,"Physics concept, law, or relation",,,Forces and Newtonian dynamics,Execute,D3,Short focused lesson,Atomic,false,,Short prerequisite lesson,true,false,,1,false,High,false,Rule-based taxonomy v2; focused corpus QA adjustment,Focused corpus QA adjustment applied
P212-0202,M1,2026-07-03-HW-2,2026-07-03,HW-2,Homework,Problem-6.md,Problem lesson,6,Writing the Vertical Force Equation on a Banked Track,212-M1-060,MTH212.M1.60,1,1,4,22,M1/2026-07-03-HW-2/Lessons/Problem-6.md,/Users/jake/Developer/study/vault/212/M1/2026-07-03-HW-2/Lessons/Problem-6.md,Recognize that circular motion on a level-height track has no vertical acceleration.,recognize that circular motion on a level-height track has no vertical acceleration,Representation and spatial literacy,"Semantic and physical interpretation | Physics concept, law, or relation",,Kinematics | Circular and rotational motion,Recognize,D1,Retrieval cue,Atomic,false,,Inline reminder,false,false,,1,false,Medium,true,Rule-based taxonomy v2; corpus-level model review and spot checks,
P212-0203,M1,2026-07-03-HW-2,2026-07-03,HW-2,Homework,Problem-7.md,Problem lesson,7,Resolving Banked-Track Forces Along the Centripetal Direction,212-M1-061,MTH212.M1.61,1,1,1,19,M1/2026-07-03-HW-2/Lessons/Problem-7.md,/Users/jake/Developer/study/vault/212/M1/2026-07-03-HW-2/Lessons/Problem-7.md,Use $a_c=\dfrac{v^2}{r}$ for constant-speed circular motion.,use ac=v^2r for constant-speed circular motion,"Physics concept, law, or relation",,,Kinematics | Circular and rotational motion,Execute,D2,Paragraph or micro-example,Atomic,false,,Inline paragraph or micro-example,true,false,,1,false,Medium,true,Rule-based taxonomy v2; corpus-level model review and spot checks,
P212-0204,M1,2026-07-03-HW-2,2026-07-03,HW-2,Homework,Problem-7.md,Problem lesson,7,Resolving Banked-Track Forces Along the Centripetal Direction,212-M1-061,MTH212.M1.61,1,1,2,20,M1/2026-07-03-HW-2/Lessons/Problem-7.md,/Users/jake/Developer/study/vault/212/M1/2026-07-03-HW-2/Lessons/Problem-7.md,Resolve a tilted vector into perpendicular components using sine and cosine.,resolve a tilted vector into perpendicular components using sine and cosine,Mathematical technique,,Geometry and trigonometry | Vector mathematics,,Execute,D3,Short focused lesson,Atomic,false,,Short prerequisite lesson,false,false,,1,false,High,false,Rule-based taxonomy v2; corpus-level model review and spot checks,
P212-0205,M1,2026-07-03-HW-2,2026-07-03,HW-2,Homework,Problem-7.md,Problem lesson,7,Resolving Banked-Track Forces Along the Centripetal Direction,212-M1-061,MTH212.M1.61,1,1,3,21,M1/2026-07-03-HW-2/Lessons/Problem-7.md,/Users/jake/Developer/study/vault/212/M1/2026-07-03-HW-2/Lessons/Problem-7.md,Assign a positive or negative sign from the chosen axis direction.,assign a positive or negative sign from the chosen axis direction,Representation and spatial literacy,Model condition or reference choice,,,Recall,D1,Retrieval cue,Atomic,true,"Reference axis, pivot, or origin | Sign or direction convention",Inline reminder,false,false,,1,false,High,false,Rule-based taxonomy v2; focused corpus QA adjustment,Focused corpus QA adjustment applied
P212-0206,M1,2026-07-03-HW-2,2026-07-03,HW-2,Homework,Problem-8.md,Problem lesson,8,Finding Uphill Friction on a Banked Curve,212-M1-062,MTH212.M1.62,1,1,1,19,M1/2026-07-03-HW-2/Lessons/Problem-8.md,/Users/jake/Developer/study/vault/212/M1/2026-07-03-HW-2/Lessons/Problem-8.md,Resolve a force into components parallel to vertical and radial directions.,resolve a force into components parallel to vertical and radial directions,"Physics concept, law, or relation",Mathematical technique | Representation and spatial literacy,Vector mathematics,Forces and Newtonian dynamics,Execute,D3,Short focused lesson,Atomic,false,,Short prerequisite lesson,false,false,,1,false,Medium,true,Rule-based taxonomy v2; corpus-level model review and spot checks,
P212-0207,M1,2026-07-03-HW-2,2026-07-03,HW-2,Homework,Problem-8.md,Problem lesson,8,Finding Uphill Friction on a Banked Curve,212-M1-062,MTH212.M1.62,1,1,2,20,M1/2026-07-03-HW-2/Lessons/Problem-8.md,/Users/jake/Developer/study/vault/212/M1/2026-07-03-HW-2/Lessons/Problem-8.md,Use $a_r=\dfrac{v^2}{r}$ for uniform circular motion.,use ar=v^2r for uniform circular motion,"Physics concept, law, or relation",,,Kinematics | Circular and rotational motion,Execute,D2,Paragraph or micro-example,Atomic,false,,Inline paragraph or micro-example,true,false,,2,false,Medium,true,Rule-based taxonomy v2; corpus-level model review and spot checks,
P212-0208,M1,2026-07-03-HW-2,2026-07-03,HW-2,Homework,Problem-8.md,Problem lesson,8,Finding Uphill Friction on a Banked Curve,212-M1-062,MTH212.M1.62,1,1,3,21,M1/2026-07-03-HW-2/Lessons/Problem-8.md,/Users/jake/Developer/study/vault/212/M1/2026-07-03-HW-2/Lessons/Problem-8.md,Solve two linear force equations for an unknown force.,solve two linear force equations for an unknown force,"Physics concept, law, or relation",,,Forces and Newtonian dynamics,Execute,D1,Retrieval cue,Atomic,false,,Inline reminder,false,false,,1,false,High,false,Rule-based taxonomy v2; corpus-level model review and spot checks,
P212-0209,M1,2026-07-03-HW-2,2026-07-03,HW-2,Homework,Problem-9.md,Problem lesson,9,Deciding True Statements About Static Friction on a Banked Turn,212-M1-025,MTH212.M1.25,1,1,1,20,M1/2026-07-03-HW-2/Lessons/Problem-9.md,/Users/jake/Developer/study/vault/212/M1/2026-07-03-HW-2/Lessons/Problem-9.md,Use $a_c=\dfrac{v^2}{r}$ for circular motion.,use ac=v^2r for circular motion,"Physics concept, law, or relation",,,Kinematics | Circular and rotational motion,Execute,D2,Paragraph or micro-example,Atomic,false,,Inline paragraph or micro-example,true,false,,1,false,Medium,true,Rule-based taxonomy v2; corpus-level model review and spot checks,
P212-0210,M1,2026-07-03-HW-2,2026-07-03,HW-2,Homework,Problem-9.md,Problem lesson,9,Deciding True Statements About Static Friction on a Banked Turn,212-M1-025,MTH212.M1.25,1,1,2,21,M1/2026-07-03-HW-2/Lessons/Problem-9.md,/Users/jake/Developer/study/vault/212/M1/2026-07-03-HW-2/Lessons/Problem-9.md,Resolve forces on a banked track into vertical and inward components.,resolve forces on a banked track into vertical and inward components,Mathematical technique,Representation and spatial literacy,Vector mathematics,,Execute,D3,Short focused lesson,Atomic,false,,Short prerequisite lesson,false,false,,1,false,High,false,Rule-based taxonomy v2; corpus-level model review and spot checks,
P212-0211,M1,2026-07-03-HW-2,2026-07-03,HW-2,Homework,Problem-9.md,Problem lesson,9,Deciding True Statements About Static Friction on a Banked Turn,212-M1-025,MTH212.M1.25,1,1,3,22,M1/2026-07-03-HW-2/Lessons/Problem-9.md,/Users/jake/Developer/study/vault/212/M1/2026-07-03-HW-2/Lessons/Problem-9.md,Know that static friction can point either way along a surface.,know that static friction can point either way along a surface,"Physics concept, law, or relation",,,Forces and Newtonian dynamics,Recall,D1,Retrieval cue,Atomic,false,,Inline reminder,false,false,,1,false,High,false,Rule-based taxonomy v2; corpus-level model review and spot checks,
P212-0212,M1,2026-07-03-HW-2,2026-07-03,HW-2,Homework,Problem-9.md,Problem lesson,9,Deciding True Statements About Static Friction on a Banked Turn,212-M1-025,MTH212.M1.25,1,1,4,23,M1/2026-07-03-HW-2/Lessons/Problem-9.md,/Users/jake/Developer/study/vault/212/M1/2026-07-03-HW-2/Lessons/Problem-9.md,Know that static friction has a maximum possible magnitude.,know that static friction has a maximum possible magnitude,"Physics concept, law, or relation",,,Forces and Newtonian dynamics,Recall,D1,Retrieval cue,Atomic,false,,Inline reminder,false,false,,1,false,High,false,Rule-based taxonomy v2; corpus-level model review and spot checks,
P212-0213,M1,2026-07-03-HW-2,2026-07-03,HW-2,Homework,Problem-10.md,Problem lesson,10,Testing Loop-the-Loop Statements,212-M1-063,MTH212.M1.63,1,1,1,20,M1/2026-07-03-HW-2/Lessons/Problem-10.md,/Users/jake/Developer/study/vault/212/M1/2026-07-03-HW-2/Lessons/Problem-10.md,Use $a_c=\dfrac{v^2}{R}$ for circular motion of radius $R$.,use ac=v^2r for circular motion of radius r,"Physics concept, law, or relation",,,Kinematics | Circular and rotational motion,Execute,D2,Paragraph or micro-example,Atomic,false,,Inline paragraph or micro-example,true,false,,2,false,Medium,true,Rule-based taxonomy v2; corpus-level model review and spot checks,
P212-0214,M1,2026-07-03-HW-2,2026-07-03,HW-2,Homework,Problem-10.md,Problem lesson,10,Testing Loop-the-Loop Statements,212-M1-063,MTH212.M1.63,1,1,2,21,M1/2026-07-03-HW-2/Lessons/Problem-10.md,/Users/jake/Developer/study/vault/212/M1/2026-07-03-HW-2/Lessons/Problem-10.md,Read a radial force equation in the inward direction.,read a radial force equation in the inward direction,"Physics concept, law, or relation",Mathematical technique,Algebra and formula manipulation,Forces and Newtonian dynamics,Recognize,D2,Paragraph or micro-example,Atomic,false,,Inline paragraph or micro-example,false,false,,1,false,High,false,Rule-based taxonomy v2; corpus-level model review and spot checks,
P212-0215,M1,2026-07-03-HW-2,2026-07-03,HW-2,Homework,Problem-10.md,Problem lesson,10,Testing Loop-the-Loop Statements,212-M1-063,MTH212.M1.63,1,1,3,22,M1/2026-07-03-HW-2/Lessons/Problem-10.md,/Users/jake/Developer/study/vault/212/M1/2026-07-03-HW-2/Lessons/Problem-10.md,Use conservation of mechanical energy when friction is neglected.,use conservation of mechanical energy when friction is neglected,"Physics concept, law, or relation",Model condition or reference choice,,Forces and Newtonian dynamics | Energy and momentum,Execute,D4,Full prerequisite lesson,Atomic,true,Negligible-loss or frictionless model,Full prerequisite lesson,false,false,,1,false,Medium,true,Rule-based taxonomy v2; focused corpus QA adjustment,High-depth prerequisite should route to dedicated remediation | Focused corpus QA adjustment applied
P212-0216,M1,2026-07-03-HW-2,2026-07-03,HW-2,Homework,Problem-10.md,Problem lesson,10,Testing Loop-the-Loop Statements,212-M1-063,MTH212.M1.63,1,1,4,23,M1/2026-07-03-HW-2/Lessons/Problem-10.md,/Users/jake/Developer/study/vault/212/M1/2026-07-03-HW-2/Lessons/Problem-10.md,Uniform circular motion means circular motion at constant speed.,uniform circular motion means circular motion at constant speed,Semantic and physical interpretation,"Physics concept, law, or relation | Model condition or reference choice",,Kinematics | Circular and rotational motion,Recall,D1,Retrieval cue,Atomic,true,Fixed or constant quantity,Inline reminder,false,false,,1,false,Medium,true,Rule-based taxonomy v2; corpus-level model review and spot checks,
P212-0217,M1,2026-07-03-HW-2,2026-07-03,HW-2,Homework,Problem-11.md,Problem lesson,11,Finding the Minimum Entry Speed for a Loop-the-Loop,212-M1-029,MTH212.M1.29,1,1,1,19,M1/2026-07-03-HW-2/Lessons/Problem-11.md,/Users/jake/Developer/study/vault/212/M1/2026-07-03-HW-2/Lessons/Problem-11.md,Use $a_c=\dfrac{v^2}{r}$ for circular motion of radius $r$.,use ac=v^2r for circular motion of radius r,"Physics concept, law, or relation",,,Kinematics | Circular and rotational motion,Execute,D2,Paragraph or micro-example,Atomic,false,,Inline paragraph or micro-example,true,false,,2,false,Medium,true,Rule-based taxonomy v2; corpus-level model review and spot checks,
P212-0218,M1,2026-07-03-HW-2,2026-07-03,HW-2,Homework,Problem-11.md,Problem lesson,11,Finding the Minimum Entry Speed for a Loop-the-Loop,212-M1-029,MTH212.M1.29,1,1,2,20,M1/2026-07-03-HW-2/Lessons/Problem-11.md,/Users/jake/Developer/study/vault/212/M1/2026-07-03-HW-2/Lessons/Problem-11.md,Write a radial force equation with inward as the positive direction.,write a radial force equation with inward as the positive direction,Integrated modeling schema,"Mathematical technique | Physics concept, law, or relation | Model condition or reference choice",Algebra and formula manipulation,Forces and Newtonian dynamics,Execute,D2,Paragraph or micro-example,Atomic,true,Sign or direction convention,Inline paragraph or micro-example,false,false,,1,false,Medium,true,Rule-based taxonomy v2; corpus-level model review and spot checks,
P212-0219,M1,2026-07-03-HW-2,2026-07-03,HW-2,Homework,Problem-11.md,Problem lesson,11,Finding the Minimum Entry Speed for a Loop-the-Loop,212-M1-029,MTH212.M1.29,1,1,3,21,M1/2026-07-03-HW-2/Lessons/Problem-11.md,/Users/jake/Developer/study/vault/212/M1/2026-07-03-HW-2/Lessons/Problem-11.md,Use conservation of mechanical energy when rolling friction is ignored.,use conservation of mechanical energy when rolling friction is ignored,"Physics concept, law, or relation",Model condition or reference choice,,Forces and Newtonian dynamics | Energy and momentum,Execute,D4,Full prerequisite lesson,Atomic,true,Negligible-loss or frictionless model,Full prerequisite lesson,false,false,,1,false,Medium,true,Rule-based taxonomy v2; focused corpus QA adjustment,High-depth prerequisite should route to dedicated remediation | Focused corpus QA adjustment applied
P212-0220,M1,2026-07-03-HW-2,2026-07-03,HW-2,Homework,Problem-11.md,Problem lesson,11,Finding the Minimum Entry Speed for a Loop-the-Loop,212-M1-029,MTH212.M1.29,1,1,4,22,M1/2026-07-03-HW-2/Lessons/Problem-11.md,/Users/jake/Developer/study/vault/212/M1/2026-07-03-HW-2/Lessons/Problem-11.md,Recognize that the top of a loop is $2r$ higher than the bottom.,recognize that the top of a loop is 2r higher than the bottom,Semantic and physical interpretation,,,,Recognize,D1,Retrieval cue,Atomic,false,,Inline reminder,true,false,,1,false,High,false,Rule-based taxonomy v2; corpus-level model review and spot checks,
P212-0221,M1,2026-07-03-HW-2,2026-07-03,HW-2,Homework,Problem-12.md,Problem lesson,12,Recognizing Contact Loss on a Curved Surface,212-M1-020,MTH212.M1.20,1,1,1,20,M1/2026-07-03-HW-2/Lessons/Problem-12.md,/Users/jake/Developer/study/vault/212/M1/2026-07-03-HW-2/Lessons/Problem-12.md,Use $a_r=\dfrac{v^2}{r}$ for motion along a circular path of radius $r$.,use ar=v^2r for motion along a circular path of radius r,"Physics concept, law, or relation",,,Kinematics | Circular and rotational motion,Execute,D2,Paragraph or micro-example,Atomic,false,,Inline paragraph or micro-example,true,false,,1,false,Medium,true,Rule-based taxonomy v2; corpus-level model review and spot checks,
P212-0222,M1,2026-07-03-HW-2,2026-07-03,HW-2,Homework,Problem-12.md,Problem lesson,12,Recognizing Contact Loss on a Curved Surface,212-M1-020,MTH212.M1.20,1,1,2,21,M1/2026-07-03-HW-2/Lessons/Problem-12.md,/Users/jake/Developer/study/vault/212/M1/2026-07-03-HW-2/Lessons/Problem-12.md,Recognize that a normal force is a contact force that can push but cannot pull.,recognize that a normal force is a contact force that can push but cannot pull,Representation and spatial literacy,"Semantic and physical interpretation | Physics concept, law, or relation",,Forces and Newtonian dynamics,Recognize,D1,Retrieval cue,Atomic,false,,Inline reminder,false,false,,1,false,Medium,true,Rule-based taxonomy v2; corpus-level model review and spot checks,
P212-0223,M1,2026-07-03-HW-2,2026-07-03,HW-2,Homework,Problem-12.md,Problem lesson,12,Recognizing Contact Loss on a Curved Surface,212-M1-020,MTH212.M1.20,1,1,3,22,M1/2026-07-03-HW-2/Lessons/Problem-12.md,/Users/jake/Developer/study/vault/212/M1/2026-07-03-HW-2/Lessons/Problem-12.md,Separate radial acceleration from tangential acceleration.,separate radial acceleration from tangential acceleration,"Physics concept, law, or relation",,,Kinematics | Circular and rotational motion,Recall,D1,Retrieval cue,Atomic,false,,Inline reminder,false,false,,1,false,High,false,Rule-based taxonomy v2; corpus-level model review and spot checks,
P212-0224,M1,2026-07-03-HW-2,2026-07-03,HW-2,Homework,Problem-12.md,Problem lesson,12,Recognizing Contact Loss on a Curved Surface,212-M1-020,MTH212.M1.20,1,1,4,23,M1/2026-07-03-HW-2/Lessons/Problem-12.md,/Users/jake/Developer/study/vault/212/M1/2026-07-03-HW-2/Lessons/Problem-12.md,Know that uniform circular motion means circular motion at constant speed.,know that uniform circular motion means circular motion at constant speed,Semantic and physical interpretation,"Physics concept, law, or relation | Model condition or reference choice",,Kinematics | Circular and rotational motion,Recall,D1,Retrieval cue,Atomic,true,Fixed or constant quantity,Inline reminder,false,false,,1,false,Medium,true,Rule-based taxonomy v2; corpus-level model review and spot checks,
P212-0225,M1,2026-07-03-HW-2,2026-07-03,HW-2,Homework,Problem-13.md,Problem lesson,13,Finding the Critical Angle Where a Slider Leaves a Sphere,212-M1-030,MTH212.M1.30,1,1,1,20,M1/2026-07-03-HW-2/Lessons/Problem-13.md,/Users/jake/Developer/study/vault/212/M1/2026-07-03-HW-2/Lessons/Problem-13.md,Use $a_r=\dfrac{v^2}{r}$ for circular motion along a path of radius $r$.,use ar=v^2r for circular motion along a path of radius r,"Physics concept, law, or relation",,,Kinematics | Circular and rotational motion,Execute,D2,Paragraph or micro-example,Atomic,false,,Inline paragraph or micro-example,true,false,,1,false,Medium,true,Rule-based taxonomy v2; corpus-level model review and spot checks,
P212-0226,M1,2026-07-03-HW-2,2026-07-03,HW-2,Homework,Problem-13.md,Problem lesson,13,Finding the Critical Angle Where a Slider Leaves a Sphere,212-M1-030,MTH212.M1.30,1,1,2,21,M1/2026-07-03-HW-2/Lessons/Problem-13.md,/Users/jake/Developer/study/vault/212/M1/2026-07-03-HW-2/Lessons/Problem-13.md,Resolve weight into a radial component when an angle is measured from the vertical.,resolve weight into a radial component when an angle is measured from the vertical,"Physics concept, law, or relation",Mathematical technique | Representation and spatial literacy | Model condition or reference choice,Geometry and trigonometry | Vector mathematics,Forces and Newtonian dynamics,Execute,D3,Short focused lesson,Atomic,false,,Short prerequisite lesson,false,false,,1,false,Medium,true,Rule-based taxonomy v2; corpus-level model review and spot checks,
P212-0227,M1,2026-07-03-HW-2,2026-07-03,HW-2,Homework,Problem-13.md,Problem lesson,13,Finding the Critical Angle Where a Slider Leaves a Sphere,212-M1-030,MTH212.M1.30,1,1,3,22,M1/2026-07-03-HW-2/Lessons/Problem-13.md,/Users/jake/Developer/study/vault/212/M1/2026-07-03-HW-2/Lessons/Problem-13.md,Use conservation of mechanical energy when friction is negligible.,use conservation of mechanical energy when friction is negligible,"Physics concept, law, or relation",Model condition or reference choice,,Forces and Newtonian dynamics | Energy and momentum,Execute,D4,Full prerequisite lesson,Atomic,true,Negligible-loss or frictionless model,Full prerequisite lesson,false,false,,1,false,Medium,true,Rule-based taxonomy v2; corpus-level model review and spot checks,High-depth prerequisite should route to dedicated remediation
P212-0228,M1,2026-07-03-HW-2,2026-07-03,HW-2,Homework,Problem-13.md,Problem lesson,13,Finding the Critical Angle Where a Slider Leaves a Sphere,212-M1-030,MTH212.M1.30,1,1,4,23,M1/2026-07-03-HW-2/Lessons/Problem-13.md,/Users/jake/Developer/study/vault/212/M1/2026-07-03-HW-2/Lessons/Problem-13.md,Know that a normal force can push on an object but cannot pull it into the surface.,know that a normal force can push on an object but cannot pull it into the surface,"Physics concept, law, or relation",Representation and spatial literacy,,Forces and Newtonian dynamics,Recall,D1,Retrieval cue,Atomic,false,,Inline reminder,false,false,,1,false,High,false,Rule-based taxonomy v2; corpus-level model review and spot checks,
P212-0229,M1,2026-07-05-PQ-1,2026-07-05,PQ-1,Practice Quiz,Problem-1.md,Problem lesson,1,Comparing Centripetal Acceleration At Fixed Speed,212-M1-064,MTH212.M1.64,1,1,1,19,M1/2026-07-05-PQ-1/Lessons/Problem-1.md,/Users/jake/Developer/study/vault/212/M1/2026-07-05-PQ-1/Lessons/Problem-1.md,"Know that velocity includes direction, not just speed.","know that velocity includes direction, not just speed","Physics concept, law, or relation",,,Kinematics,Recall,D1,Retrieval cue,Atomic,false,,Inline reminder,false,false,,1,false,High,false,Rule-based taxonomy v2; corpus-level model review and spot checks,
P212-0230,M1,2026-07-05-PQ-1,2026-07-05,PQ-1,Practice Quiz,Problem-1.md,Problem lesson,1,Comparing Centripetal Acceleration At Fixed Speed,212-M1-064,MTH212.M1.64,1,1,2,20,M1/2026-07-05-PQ-1/Lessons/Problem-1.md,/Users/jake/Developer/study/vault/212/M1/2026-07-05-PQ-1/Lessons/Problem-1.md,Know that acceleration means a change in velocity.,know that acceleration means a change in velocity,Semantic and physical interpretation,"Physics concept, law, or relation",,Kinematics,Recall,D1,Retrieval cue,Atomic,false,,Inline reminder,false,false,,1,false,High,false,Rule-based taxonomy v2; corpus-level model review and spot checks,
P212-0231,M1,2026-07-05-PQ-1,2026-07-05,PQ-1,Practice Quiz,Problem-1.md,Problem lesson,1,Comparing Centripetal Acceleration At Fixed Speed,212-M1-064,MTH212.M1.64,1,1,3,21,M1/2026-07-05-PQ-1/Lessons/Problem-1.md,/Users/jake/Developer/study/vault/212/M1/2026-07-05-PQ-1/Lessons/Problem-1.md,Be able to compare fractions with the same numerator.,be able to compare fractions with the same numerator,Mathematical technique,,Numeracy and arithmetic,,Execute,D2,Paragraph or micro-example,Atomic,false,,Inline paragraph or micro-example,false,false,,1,false,High,false,Rule-based taxonomy v2; focused corpus QA adjustment,Focused corpus QA adjustment applied
P212-0232,M1,2026-07-05-PQ-1,2026-07-05,PQ-1,Practice Quiz,Problem-2.md,Problem lesson,2,Reading Net Force Arrows for Circular Motion,212-M1-010,MTH212.M1.10,1,1,1,19,M1/2026-07-05-PQ-1/Lessons/Problem-2.md,/Users/jake/Developer/study/vault/212/M1/2026-07-05-PQ-1/Lessons/Problem-2.md,Recognize that a particle moving in a circle has an inward centripetal acceleration.,recognize that a particle moving in a circle has an inward centripetal acceleration,"Physics concept, law, or relation",Mathematical technique | Semantic and physical interpretation,Geometry and trigonometry,Kinematics | Circular and rotational motion,Recognize,D2,Paragraph or micro-example,Atomic,false,,Inline paragraph or micro-example,false,false,,1,false,Medium,true,Rule-based taxonomy v2; corpus-level model review and spot checks,
P212-0233,M1,2026-07-05-PQ-1,2026-07-05,PQ-1,Practice Quiz,Problem-2.md,Problem lesson,2,Reading Net Force Arrows for Circular Motion,212-M1-010,MTH212.M1.10,1,1,2,20,M1/2026-07-05-PQ-1/Lessons/Problem-2.md,/Users/jake/Developer/study/vault/212/M1/2026-07-05-PQ-1/Lessons/Problem-2.md,Identify the tangent direction at a point on a circle.,identify the tangent direction at a point on a circle,Representation and spatial literacy,Mathematical technique,Geometry and trigonometry,,Recognize,D2,Paragraph or micro-example,Atomic,false,,Inline paragraph or micro-example,false,false,,1,false,High,false,Rule-based taxonomy v2; focused corpus QA adjustment,Focused corpus QA adjustment applied
P212-0234,M1,2026-07-05-PQ-1,2026-07-05,PQ-1,Practice Quiz,Problem-2.md,Problem lesson,2,Reading Net Force Arrows for Circular Motion,212-M1-010,MTH212.M1.10,1,1,3,21,M1/2026-07-05-PQ-1/Lessons/Problem-2.md,/Users/jake/Developer/study/vault/212/M1/2026-07-05-PQ-1/Lessons/Problem-2.md,"Know that a net force component in the direction of motion speeds an object up, while a component opposite the motion slows it down.","know that a net force component in the direction of motion speeds an object up, while a component opposite the motion slows it down","Physics concept, law, or relation",Mathematical technique,Geometry and trigonometry | Vector mathematics,Kinematics | Forces and Newtonian dynamics,Recall,D3,Short focused lesson,Atomic,false,,Short prerequisite lesson,false,false,,1,false,High,false,Rule-based taxonomy v2; corpus-level model review and spot checks,
P212-0235,M1,2026-07-05-PQ-1,2026-07-05,PQ-1,Practice Quiz,Problem-3.md,Problem lesson,3,Comparing Normal Force and Weight at the Top of a Hill,212-M1-019,MTH212.M1.19,1,1,1,21,M1/2026-07-05-PQ-1/Lessons/Problem-3.md,/Users/jake/Developer/study/vault/212/M1/2026-07-05-PQ-1/Lessons/Problem-3.md,Weight acts downward with magnitude $mg$.,weight acts downward with magnitude mg,"Physics concept, law, or relation",Representation and spatial literacy,,Forces and Newtonian dynamics,Recall,D1,Retrieval cue,Atomic,false,,Inline reminder,true,false,,1,false,High,false,Rule-based taxonomy v2; corpus-level model review and spot checks,
P212-0236,M1,2026-07-05-PQ-1,2026-07-05,PQ-1,Practice Quiz,Problem-3.md,Problem lesson,3,Comparing Normal Force and Weight at the Top of a Hill,212-M1-019,MTH212.M1.19,1,1,2,22,M1/2026-07-05-PQ-1/Lessons/Problem-3.md,/Users/jake/Developer/study/vault/212/M1/2026-07-05-PQ-1/Lessons/Problem-3.md,A normal force is perpendicular to the contact surface.,a normal force is perpendicular to the contact surface,"Physics concept, law, or relation",Mathematical technique | Representation and spatial literacy,Geometry and trigonometry,Forces and Newtonian dynamics,Recall,D2,Paragraph or micro-example,Atomic,false,,Inline paragraph or micro-example,false,false,,1,false,Medium,true,Rule-based taxonomy v2; corpus-level model review and spot checks,
P212-0237,M1,2026-07-05-PQ-1,2026-07-05,PQ-1,Practice Quiz,Problem-3.md,Problem lesson,3,Comparing Normal Force and Weight at the Top of a Hill,212-M1-019,MTH212.M1.19,1,1,3,23,M1/2026-07-05-PQ-1/Lessons/Problem-3.md,/Users/jake/Developer/study/vault/212/M1/2026-07-05-PQ-1/Lessons/Problem-3.md,"For circular motion, the radial acceleration points toward the center of the circle.","for circular motion, the radial acceleration points toward the center of the circle",Semantic and physical interpretation,"Mathematical technique | Physics concept, law, or relation",Geometry and trigonometry,Kinematics | Circular and rotational motion,Recall,D2,Paragraph or micro-example,Atomic,false,,Inline paragraph or micro-example,false,false,,1,false,Medium,true,Rule-based taxonomy v2; corpus-level model review and spot checks,
P212-0238,M1,2026-07-05-PQ-1,2026-07-05,PQ-1,Practice Quiz,Problem-3.md,Problem lesson,3,Comparing Normal Force and Weight at the Top of a Hill,212-M1-019,MTH212.M1.19,1,1,4,24,M1/2026-07-05-PQ-1/Lessons/Problem-3.md,/Users/jake/Developer/study/vault/212/M1/2026-07-05-PQ-1/Lessons/Problem-3.md,The net force points in the same direction as the acceleration.,the net force points in the same direction as the acceleration,"Physics concept, law, or relation",,,Kinematics | Forces and Newtonian dynamics,Recall,D1,Retrieval cue,Atomic,false,,Inline reminder,false,false,,1,false,High,false,Rule-based taxonomy v2; corpus-level model review and spot checks,
P212-0239,M1,2026-07-05-PQ-1,2026-07-05,PQ-1,Practice Quiz,Problem-3.md,Problem lesson,3,Comparing Normal Force and Weight at the Top of a Hill,212-M1-019,MTH212.M1.19,1,1,5,25,M1/2026-07-05-PQ-1/Lessons/Problem-3.md,/Users/jake/Developer/study/vault/212/M1/2026-07-05-PQ-1/Lessons/Problem-3.md,"If $A-B>0$, then $A>B$.","if a-b>0, then a>b",Model condition or reference choice,,,,Recall,D1,Retrieval cue,Atomic,false,,Inline reminder,true,false,,1,false,High,false,Rule-based taxonomy v2; focused corpus QA adjustment,Focused corpus QA adjustment applied
P212-0240,M1,2026-07-05-PQ-1,2026-07-05,PQ-1,Practice Quiz,Problem-4.md,Problem lesson,4,Finding the Minimum Period Before a Coin Slips,212-M1-015,MTH212.M1.15,1,1,1,19,M1/2026-07-05-PQ-1/Lessons/Problem-4.md,/Users/jake/Developer/study/vault/212/M1/2026-07-05-PQ-1/Lessons/Problem-4.md,Know that circular motion needs inward radial acceleration $a_r=v^2/r$.,know that circular motion needs inward radial acceleration ar=v^2/r,"Physics concept, law, or relation",,,Kinematics | Circular and rotational motion,Recall,D1,Retrieval cue,Atomic,false,,Inline reminder,true,false,,1,false,High,false,Rule-based taxonomy v2; corpus-level model review and spot checks,
P212-0241,M1,2026-07-05-PQ-1,2026-07-05,PQ-1,Practice Quiz,Problem-4.md,Problem lesson,4,Finding the Minimum Period Before a Coin Slips,212-M1-015,MTH212.M1.15,1,1,2,20,M1/2026-07-05-PQ-1/Lessons/Problem-4.md,/Users/jake/Developer/study/vault/212/M1/2026-07-05-PQ-1/Lessons/Problem-4.md,"Know that static friction can have any size up to $f_{s,\max}=\mu_s N$.","know that static friction can have any size up to fs,\max=\mus n","Physics concept, law, or relation",,,Forces and Newtonian dynamics,Recall,D1,Retrieval cue,Atomic,false,,Inline reminder,true,false,,1,false,High,false,Rule-based taxonomy v2; focused corpus QA adjustment,Focused corpus QA adjustment applied
P212-0242,M1,2026-07-05-PQ-1,2026-07-05,PQ-1,Practice Quiz,Problem-4.md,Problem lesson,4,Finding the Minimum Period Before a Coin Slips,212-M1-015,MTH212.M1.15,1,1,3,21,M1/2026-07-05-PQ-1/Lessons/Problem-4.md,/Users/jake/Developer/study/vault/212/M1/2026-07-05-PQ-1/Lessons/Problem-4.md,Know that period and speed are related by $v=2\pi r/T$.,know that period and speed are related by v=2\pi r/t,"Physics concept, law, or relation",,,Kinematics | Circular and rotational motion,Recall,D1,Retrieval cue,Atomic,false,,Inline reminder,true,false,,1,false,High,false,Rule-based taxonomy v2; corpus-level model review and spot checks,
P212-0243,M1,2026-07-05-PQ-1,2026-07-05,PQ-1,Practice Quiz,Problem-4.md,Problem lesson,4,Finding the Minimum Period Before a Coin Slips,212-M1-015,MTH212.M1.15,1,1,4,22,M1/2026-07-05-PQ-1/Lessons/Problem-4.md,/Users/jake/Developer/study/vault/212/M1/2026-07-05-PQ-1/Lessons/Problem-4.md,Be able to write Newton's second law separately in vertical and radial directions.,be able to write newton's second law separately in vertical and radial directions,"Physics concept, law, or relation",Representation and spatial literacy,,Forces and Newtonian dynamics,Execute,D3,Short focused lesson,Atomic,false,,Short prerequisite lesson,false,false,,1,false,High,false,Rule-based taxonomy v2; corpus-level model review and spot checks,
P212-0244,M1,2026-07-05-PQ-1,2026-07-05,PQ-1,Practice Quiz,Problem-5.md,Problem lesson,5,Bead on a Frictionless Cone,212-M1-065,MTH212.M1.65,1,1,1,20,M1/2026-07-05-PQ-1/Lessons/Problem-5.md,/Users/jake/Developer/study/vault/212/M1/2026-07-05-PQ-1/Lessons/Problem-5.md,Draw a free-body diagram using only real forces.,draw a free-body diagram using only real forces,Integrated modeling schema,"Representation and spatial literacy | Physics concept, law, or relation",,Forces and Newtonian dynamics,Execute,D3,Short focused lesson,Atomic,false,,Short prerequisite lesson,false,false,,1,false,Medium,true,Rule-based taxonomy v2; focused corpus QA adjustment,Focused corpus QA adjustment applied
P212-0245,M1,2026-07-05-PQ-1,2026-07-05,PQ-1,Practice Quiz,Problem-5.md,Problem lesson,5,Bead on a Frictionless Cone,212-M1-065,MTH212.M1.65,1,1,2,21,M1/2026-07-05-PQ-1/Lessons/Problem-5.md,/Users/jake/Developer/study/vault/212/M1/2026-07-05-PQ-1/Lessons/Problem-5.md,Resolve an angled force into components.,resolve an angled force into components,"Physics concept, law, or relation",Mathematical technique,Vector mathematics,Forces and Newtonian dynamics,Execute,D3,Short focused lesson,Atomic,false,,Short prerequisite lesson,false,false,,1,false,High,false,Rule-based taxonomy v2; corpus-level model review and spot checks,
P212-0246,M1,2026-07-05-PQ-1,2026-07-05,PQ-1,Practice Quiz,Problem-5.md,Problem lesson,5,Bead on a Frictionless Cone,212-M1-065,MTH212.M1.65,1,1,3,22,M1/2026-07-05-PQ-1/Lessons/Problem-5.md,/Users/jake/Developer/study/vault/212/M1/2026-07-05-PQ-1/Lessons/Problem-5.md,Use $\sum F_r = mv^2/r$ for uniform circular motion.,use \sum fr = mv^2/r for uniform circular motion,"Physics concept, law, or relation",,,Kinematics | Circular and rotational motion,Execute,D2,Paragraph or micro-example,Atomic,false,,Inline paragraph or micro-example,true,false,,1,false,Medium,true,Rule-based taxonomy v2; corpus-level model review and spot checks,
P212-0247,M1,2026-07-05-PQ-1,2026-07-05,PQ-1,Practice Quiz,Problem-5.md,Problem lesson,5,Bead on a Frictionless Cone,212-M1-065,MTH212.M1.65,1,1,4,23,M1/2026-07-05-PQ-1/Lessons/Problem-5.md,/Users/jake/Developer/study/vault/212/M1/2026-07-05-PQ-1/Lessons/Problem-5.md,Use $T = 2\pi r/v$ for one circular orbit.,use t = 2\pi r/v for one circular orbit,"Physics concept, law, or relation",,,Circular and rotational motion | Gravitation and orbits,Execute,D2,Paragraph or micro-example,Atomic,false,,Inline paragraph or micro-example,true,false,,1,false,Medium,true,Rule-based taxonomy v2; corpus-level model review and spot checks,
P212-0248,M1,2026-07-06-Q-1,2026-07-06,Q-1,Quiz,Problem-1.md,Problem lesson,1,Acceleration in Constant-Speed Circular Motion,,,1,1,1,13,M1/2026-07-06-Q-1/Lessons/Problem-1.md,/Users/jake/Developer/study/vault/212/M1/2026-07-06-Q-1/Lessons/Problem-1.md,Recognize that a vector has both magnitude and direction.,recognize that a vector has both magnitude and direction,Mathematical technique,Semantic and physical interpretation,Vector mathematics,,Recognize,D3,Short focused lesson,Atomic,false,,Short prerequisite lesson,false,false,,1,false,High,false,Rule-based taxonomy v2; corpus-level model review and spot checks,
P212-0249,M1,2026-07-06-Q-1,2026-07-06,Q-1,Quiz,Problem-1.md,Problem lesson,1,Acceleration in Constant-Speed Circular Motion,,,1,1,2,14,M1/2026-07-06-Q-1/Lessons/Problem-1.md,/Users/jake/Developer/study/vault/212/M1/2026-07-06-Q-1/Lessons/Problem-1.md,Recognize the radius from an object to the center of a circle.,recognize the radius from an object to the center of a circle,Mathematical technique,,Geometry and trigonometry,,Recognize,D2,Paragraph or micro-example,Atomic,false,,Inline paragraph or micro-example,false,false,,1,false,High,false,Rule-based taxonomy v2; corpus-level model review and spot checks,
P212-0250,M1,2026-07-06-Q-1,2026-07-06,Q-1,Quiz,Problem-1.md,Problem lesson,1,Acceleration in Constant-Speed Circular Motion,,,1,1,3,15,M1/2026-07-06-Q-1/Lessons/Problem-1.md,/Users/jake/Developer/study/vault/212/M1/2026-07-06-Q-1/Lessons/Problem-1.md,Recognize the tangent direction at a point on a circle.,recognize the tangent direction at a point on a circle,Mathematical technique,,Geometry and trigonometry,,Recognize,D2,Paragraph or micro-example,Atomic,false,,Inline paragraph or micro-example,false,false,,1,false,High,false,Rule-based taxonomy v2; corpus-level model review and spot checks,
P212-0251,M1,2026-07-06-Q-1,2026-07-06,Q-1,Quiz,Problem-2.md,Problem lesson,2,Choosing the Net-Force Vector in Constant-Speed Circular Motion,,,1,1,1,14,M1/2026-07-06-Q-1/Lessons/Problem-2.md,/Users/jake/Developer/study/vault/212/M1/2026-07-06-Q-1/Lessons/Problem-2.md,Read the direction of a vector from its tail toward its arrowhead.,read the direction of a vector from its tail toward its arrowhead,Semantic and physical interpretation,Mathematical technique,Vector mathematics,,Recognize,D3,Short focused lesson,Atomic,false,,Short prerequisite lesson,false,false,,1,false,High,false,Rule-based taxonomy v2; corpus-level model review and spot checks,
P212-0252,M1,2026-07-06-Q-1,2026-07-06,Q-1,Quiz,Problem-2.md,Problem lesson,2,Choosing the Net-Force Vector in Constant-Speed Circular Motion,,,1,1,2,15,M1/2026-07-06-Q-1/Lessons/Problem-2.md,/Users/jake/Developer/study/vault/212/M1/2026-07-06-Q-1/Lessons/Problem-2.md,Distinguish an object's speed from the direction of its velocity.,distinguish an object's speed from the direction of its velocity,Semantic and physical interpretation,"Physics concept, law, or relation",,Kinematics,Interpret,D2,Paragraph or micro-example,Atomic,false,,Inline paragraph or micro-example,false,false,,1,false,High,false,Rule-based taxonomy v2; corpus-level model review and spot checks,
P212-0253,M1,2026-07-06-Q-1,2026-07-06,Q-1,Quiz,Problem-2.md,Problem lesson,2,Choosing the Net-Force Vector in Constant-Speed Circular Motion,,,1,1,3,16,M1/2026-07-06-Q-1/Lessons/Problem-2.md,/Users/jake/Developer/study/vault/212/M1/2026-07-06-Q-1/Lessons/Problem-2.md,"Use Newton's second law, $\vec F_{\mathrm{net}}=m\vec a$.","use newton's second law, fnet=m a","Physics concept, law, or relation",Mathematical technique,Vector mathematics,Forces and Newtonian dynamics,Execute,D3,Short focused lesson,Atomic,false,,Short prerequisite lesson,true,false,,1,false,Medium,true,Rule-based taxonomy v2; corpus-level model review and spot checks,
P212-0254,M1,2026-07-06-Q-1,2026-07-06,Q-1,Quiz,Problem-3.md,Problem lesson,3,Choosing a Free-Body Diagram for a Rotating Bead,,,1,1,1,13,M1/2026-07-06-Q-1/Lessons/Problem-3.md,/Users/jake/Developer/study/vault/212/M1/2026-07-06-Q-1/Lessons/Problem-3.md,Recognize weight as the gravitational force $mg$ directed downward.,recognize weight as the gravitational force mg directed downward,Representation and spatial literacy,"Physics concept, law, or relation",,Forces and Newtonian dynamics,Recognize,D1,Retrieval cue,Atomic,false,,Inline reminder,true,false,,1,false,High,false,Rule-based taxonomy v2; corpus-level model review and spot checks,
P212-0255,M1,2026-07-06-Q-1,2026-07-06,Q-1,Quiz,Problem-3.md,Problem lesson,3,Choosing a Free-Body Diagram for a Rotating Bead,,,1,1,2,14,M1/2026-07-06-Q-1/Lessons/Problem-3.md,/Users/jake/Developer/study/vault/212/M1/2026-07-06-Q-1/Lessons/Problem-3.md,Recognize that a frictionless contact force has no component along the surface or wire.,recognize that a frictionless contact force has no component along the surface or wire,"Physics concept, law, or relation",Mathematical technique | Semantic and physical interpretation | Model condition or reference choice,Vector mathematics,Forces and Newtonian dynamics,Recognize,D3,Short focused lesson,Atomic,true,Negligible-loss or frictionless model,Short prerequisite lesson,false,false,,1,false,Medium,true,Rule-based taxonomy v2; corpus-level model review and spot checks,
P212-0256,M1,2026-07-06-Q-1,2026-07-06,Q-1,Quiz,Problem-3.md,Problem lesson,3,Choosing a Free-Body Diagram for a Rotating Bead,,,1,1,3,15,M1/2026-07-06-Q-1/Lessons/Problem-3.md,/Users/jake/Developer/study/vault/212/M1/2026-07-06-Q-1/Lessons/Problem-3.md,Recognize that constant-speed circular motion has inward acceleration $v^2/r$.,recognize that constant-speed circular motion has inward acceleration v^2/r,"Physics concept, law, or relation",Semantic and physical interpretation,,Kinematics | Circular and rotational motion,Recognize,D1,Retrieval cue,Atomic,false,,Inline reminder,true,false,,1,false,High,false,Rule-based taxonomy v2; corpus-level model review and spot checks,
P212-0257,M1,2026-07-06-Q-1,2026-07-06,Q-1,Quiz,Problem-3.md,Problem lesson,3,Choosing a Free-Body Diagram for a Rotating Bead,,,1,1,4,16,M1/2026-07-06-Q-1/Lessons/Problem-3.md,/Users/jake/Developer/study/vault/212/M1/2026-07-06-Q-1/Lessons/Problem-3.md,Resolve a vector into horizontal and vertical components.,resolve a vector into horizontal and vertical components,Mathematical technique,Representation and spatial literacy,Vector mathematics,,Execute,D3,Short focused lesson,Atomic,false,,Short prerequisite lesson,false,false,,3,false,High,false,Rule-based taxonomy v2; corpus-level model review and spot checks,
P212-0258,M1,2026-07-06-Q-1,2026-07-06,Q-1,Quiz,Problem-4.md,Problem lesson,4,Resolving Vertical-Circle Motion with r-t Axes,,,1,1,1,15,M1/2026-07-06-Q-1/Lessons/Problem-4.md,/Users/jake/Developer/study/vault/212/M1/2026-07-06-Q-1/Lessons/Problem-4.md,Resolve a vector into components with sine and cosine.,resolve a vector into components with sine and cosine,Mathematical technique,,Geometry and trigonometry | Vector mathematics,,Execute,D3,Short focused lesson,Atomic,false,,Short prerequisite lesson,false,false,,1,false,High,false,Rule-based taxonomy v2; corpus-level model review and spot checks,
P212-0259,M1,2026-07-06-Q-1,2026-07-06,Q-1,Quiz,Problem-4.md,Problem lesson,4,Resolving Vertical-Circle Motion with r-t Axes,,,1,1,2,16,M1/2026-07-06-Q-1/Lessons/Problem-4.md,/Users/jake/Developer/study/vault/212/M1/2026-07-06-Q-1/Lessons/Problem-4.md,Apply Newton's second law along a chosen axis.,apply newton's second law along a chosen axis,"Physics concept, law, or relation",Representation and spatial literacy | Model condition or reference choice,,Forces and Newtonian dynamics,Execute,D3,Short focused lesson,Atomic,true,"Reference axis, pivot, or origin",Short prerequisite lesson,false,false,,1,false,Medium,true,Rule-based taxonomy v2; corpus-level model review and spot checks,
P212-0260,M1,2026-07-06-Q-1,2026-07-06,Q-1,Quiz,Problem-4.md,Problem lesson,4,Resolving Vertical-Circle Motion with r-t Axes,,,1,1,3,17,M1/2026-07-06-Q-1/Lessons/Problem-4.md,/Users/jake/Developer/study/vault/212/M1/2026-07-06-Q-1/Lessons/Problem-4.md,Use $a_r=v^2/L=\omega^2L$ for motion along a circle of radius $L$.,use ar=v^2/l=\omega^2l for motion along a circle of radius l,"Physics concept, law, or relation",Mathematical technique,Geometry and trigonometry,Kinematics | Circular and rotational motion,Execute,D2,Paragraph or micro-example,Atomic,false,,Inline paragraph or micro-example,true,false,,1,false,Medium,true,Rule-based taxonomy v2; corpus-level model review and spot checks,
P212-0261,M1,2026-07-06-Q-1,2026-07-06,Q-1,Quiz,Problem-5.md,Problem lesson,5,From Linear Velocity to Spool Revolutions,,,1,1,1,14,M1/2026-07-06-Q-1/Lessons/Problem-5.md,/Users/jake/Developer/study/vault/212/M1/2026-07-06-Q-1/Lessons/Problem-5.md,Integrate a polynomial term by term with the power rule.,integrate a polynomial term by term with the power rule,Mathematical technique,,Calculus,,Execute,D3,Short focused lesson,Atomic,false,,Short prerequisite lesson,false,false,,1,false,High,false,Rule-based taxonomy v2; corpus-level model review and spot checks,
P212-0262,M1,2026-07-06-Q-1,2026-07-06,Q-1,Quiz,Problem-5.md,Problem lesson,5,From Linear Velocity to Spool Revolutions,,,1,1,2,15,M1/2026-07-06-Q-1/Lessons/Problem-5.md,/Users/jake/Developer/study/vault/212/M1/2026-07-06-Q-1/Lessons/Problem-5.md,"Use the circumference of a circle, $C=2\pi r$.","use the circumference of a circle, c=2\pi r",Mathematical technique,,Geometry and trigonometry,,Execute,D2,Paragraph or micro-example,Atomic,false,,Inline paragraph or micro-example,true,false,,1,false,Medium,true,Rule-based taxonomy v2; corpus-level model review and spot checks,
P212-0263,M1,2026-07-06-Q-1,2026-07-06,Q-1,Quiz,Problem-5.md,Problem lesson,5,From Linear Velocity to Spool Revolutions,,,1,1,3,16,M1/2026-07-06-Q-1/Lessons/Problem-5.md,/Users/jake/Developer/study/vault/212/M1/2026-07-06-Q-1/Lessons/Problem-5.md,Round a calculated result to a stated number of significant figures.,round a calculated result to a stated number of significant figures,Measurement and computation,,,,Execute,D2,Paragraph or micro-example,Atomic,false,,Inline paragraph or micro-example,false,false,,1,false,High,false,Rule-based taxonomy v2; corpus-level model review and spot checks,
P212-0264,M2,2026-07-07-M2-1,2026-07-07,M2-1,Lecture,Problem-1.md,Problem lesson,1,Finding the Center of Mass of Two Point Masses,212-M2-001,MTH212.M2.01,1,1,1,19,M2/2026-07-07-M2-1/Lessons/Problem-1.md,/Users/jake/Developer/study/vault/212/M2/2026-07-07-M2-1/Lessons/Problem-1.md,Read signed positions on the $x$-axis.,read signed positions on the x-axis,Representation and spatial literacy,Model condition or reference choice,,,Recognize,D1,Retrieval cue,Atomic,true,Sign or direction convention,Inline reminder,true,false,,1,false,High,false,Rule-based taxonomy v2; corpus-level model review and spot checks,
P212-0265,M2,2026-07-07-M2-1,2026-07-07,M2-1,Lecture,Problem-1.md,Problem lesson,1,Finding the Center of Mass of Two Point Masses,212-M2-001,MTH212.M2.01,1,1,2,20,M2/2026-07-07-M2-1/Lessons/Problem-1.md,/Users/jake/Developer/study/vault/212/M2/2026-07-07-M2-1/Lessons/Problem-1.md,Multiply each mass by its position.,multiply each mass by its position,Mathematical technique,,Numeracy and arithmetic,,Execute,D2,Paragraph or micro-example,Atomic,false,,Inline paragraph or micro-example,false,false,,1,false,High,false,Rule-based taxonomy v2; focused corpus QA adjustment,Focused corpus QA adjustment applied
P212-0266,M2,2026-07-07-M2-1,2026-07-07,M2-1,Lecture,Problem-1.md,Problem lesson,1,Finding the Center of Mass of Two Point Masses,212-M2-001,MTH212.M2.01,1,1,3,21,M2/2026-07-07-M2-1/Lessons/Problem-1.md,/Users/jake/Developer/study/vault/212/M2/2026-07-07-M2-1/Lessons/Problem-1.md,Add algebraic terms and simplify rational expressions.,add algebraic terms and simplify rational expressions,Mathematical technique,,Numeracy and arithmetic | Algebra and formula manipulation,,Execute,D2,Paragraph or micro-example,Atomic,false,,Inline paragraph or micro-example,false,false,,1,false,High,false,Rule-based taxonomy v2; corpus-level model review and spot checks,
P212-0267,M2,2026-07-07-M2-1,2026-07-07,M2-1,Lecture,Problem-1.md,Problem lesson,1,Finding the Center of Mass of Two Point Masses,212-M2-001,MTH212.M2.01,1,1,4,22,M2/2026-07-07-M2-1/Lessons/Problem-1.md,/Users/jake/Developer/study/vault/212/M2/2026-07-07-M2-1/Lessons/Problem-1.md,Convert a terminating decimal ratio to an equivalent fraction.,convert a terminating decimal ratio to an equivalent fraction,Measurement and computation,Mathematical technique,Numeracy and arithmetic | Ratios and proportional reasoning,,Execute,D2,Paragraph or micro-example,Atomic,false,,Inline paragraph or micro-example,false,false,,1,false,High,false,Rule-based taxonomy v2; corpus-level model review and spot checks,
P212-0268,M2,2026-07-07-M2-1,2026-07-07,M2-1,Lecture,Problem-2.md,Problem lesson,2,Center of Mass of Two Point Masses,212-M2-002,MTH212.M2.02,1,1,1,19,M2/2026-07-07-M2-1/Lessons/Problem-2.md,/Users/jake/Developer/study/vault/212/M2/2026-07-07-M2-1/Lessons/Problem-2.md,Interpret position on a one-dimensional coordinate axis.,interpret position on a one-dimensional coordinate axis,Semantic and physical interpretation,Mathematical technique | Representation and spatial literacy,Geometry and trigonometry,,Interpret,D2,Paragraph or micro-example,Atomic,false,,Inline paragraph or micro-example,false,false,,1,false,Medium,true,Rule-based taxonomy v2; focused corpus QA adjustment,Focused corpus QA adjustment applied
P212-0269,M2,2026-07-07-M2-1,2026-07-07,M2-1,Lecture,Problem-2.md,Problem lesson,2,Center of Mass of Two Point Masses,212-M2-002,MTH212.M2.02,1,1,2,20,M2/2026-07-07-M2-1/Lessons/Problem-2.md,/Users/jake/Developer/study/vault/212/M2/2026-07-07-M2-1/Lessons/Problem-2.md,Substitute values into an algebraic formula.,substitute values into an algebraic formula,Mathematical technique,,Algebra and formula manipulation,,Execute,D2,Paragraph or micro-example,Atomic,false,,Inline paragraph or micro-example,false,false,,1,false,High,false,Rule-based taxonomy v2; corpus-level model review and spot checks,
P212-0270,M2,2026-07-07-M2-1,2026-07-07,M2-1,Lecture,Problem-2.md,Problem lesson,2,Center of Mass of Two Point Masses,212-M2-002,MTH212.M2.02,1,1,3,21,M2/2026-07-07-M2-1/Lessons/Problem-2.md,/Users/jake/Developer/study/vault/212/M2/2026-07-07-M2-1/Lessons/Problem-2.md,Simplify fractions with a common factor.,simplify fractions with a common factor,Mathematical technique,,Numeracy and arithmetic | Algebra and formula manipulation,,Execute,D2,Paragraph or micro-example,Atomic,false,,Inline paragraph or micro-example,false,false,,1,false,High,false,Rule-based taxonomy v2; corpus-level model review and spot checks,
P212-0271,M2,2026-07-07-M2-1,2026-07-07,M2-1,Lecture,Problem-2.md,Problem lesson,2,Center of Mass of Two Point Masses,212-M2-002,MTH212.M2.02,1,1,4,22,M2/2026-07-07-M2-1/Lessons/Problem-2.md,/Users/jake/Developer/study/vault/212/M2/2026-07-07-M2-1/Lessons/Problem-2.md,Distinguish mass units from length units.,distinguish mass units from length units,Semantic and physical interpretation,Measurement and computation,,,Interpret,D2,Paragraph or micro-example,Atomic,false,,Inline paragraph or micro-example,false,false,,1,false,High,false,Rule-based taxonomy v2; corpus-level model review and spot checks,
P212-0272,M2,2026-07-07-M2-1,2026-07-07,M2-1,Lecture,Problem-3.md,Problem lesson,3,Finding the Center of Mass of Identical Blocks,212-M2-003,MTH212.M2.03,1,1,1,19,M2/2026-07-07-M2-1/Lessons/Problem-3.md,/Users/jake/Developer/study/vault/212/M2/2026-07-07-M2-1/Lessons/Problem-3.md,Find the midpoint of an interval.,find the midpoint of an interval,Mathematical technique,,Geometry and trigonometry,,Execute,D2,Paragraph or micro-example,Atomic,false,,Inline paragraph or micro-example,false,false,,2,false,High,false,Rule-based taxonomy v2; corpus-level model review and spot checks,
P212-0273,M2,2026-07-07-M2-1,2026-07-07,M2-1,Lecture,Problem-3.md,Problem lesson,3,Finding the Center of Mass of Identical Blocks,212-M2-003,MTH212.M2.03,1,1,2,20,M2/2026-07-07-M2-1/Lessons/Problem-3.md,/Users/jake/Developer/study/vault/212/M2/2026-07-07-M2-1/Lessons/Problem-3.md,Compute the arithmetic mean of a list.,compute the arithmetic mean of a list,Mathematical technique,,Numeracy and arithmetic,,Execute,D2,Paragraph or micro-example,Atomic,false,,Inline paragraph or micro-example,false,false,,1,false,High,false,Rule-based taxonomy v2; corpus-level model review and spot checks,
P212-0274,M2,2026-07-07-M2-1,2026-07-07,M2-1,Lecture,Problem-3.md,Problem lesson,3,Finding the Center of Mass of Identical Blocks,212-M2-003,MTH212.M2.03,1,1,3,21,M2/2026-07-07-M2-1/Lessons/Problem-3.md,/Users/jake/Developer/study/vault/212/M2/2026-07-07-M2-1/Lessons/Problem-3.md,Read horizontal positions from a coordinate diagram.,read horizontal positions from a coordinate diagram,Representation and spatial literacy,Mathematical technique,Geometry and trigonometry,,Recognize,D2,Paragraph or micro-example,Atomic,false,,Inline paragraph or micro-example,false,false,,1,false,High,false,Rule-based taxonomy v2; corpus-level model review and spot checks,
P212-0275,M2,2026-07-07-M2-1,2026-07-07,M2-1,Lecture,Problem-4.md,Problem lesson,4,Finding the Center of Mass of Joined Cubes,212-M2-004,MTH212.M2.04,1,1,1,20,M2/2026-07-07-M2-1/Lessons/Problem-4.md,/Users/jake/Developer/study/vault/212/M2/2026-07-07-M2-1/Lessons/Problem-4.md,Use the cube-volume formula $V=s^3$.,use the cube-volume formula v=s^3,Mathematical technique,,Geometry and trigonometry,,Execute,D2,Paragraph or micro-example,Atomic,false,,Inline paragraph or micro-example,true,false,,1,false,Medium,true,Rule-based taxonomy v2; corpus-level model review and spot checks,
P212-0276,M2,2026-07-07-M2-1,2026-07-07,M2-1,Lecture,Problem-4.md,Problem lesson,4,Finding the Center of Mass of Joined Cubes,212-M2-004,MTH212.M2.04,1,1,2,21,M2/2026-07-07-M2-1/Lessons/Problem-4.md,/Users/jake/Developer/study/vault/212/M2/2026-07-07-M2-1/Lessons/Problem-4.md,Use $m=\rho V$ for an object of constant density.,use m=\rho v for an object of constant density,"Physics concept, law, or relation",Model condition or reference choice,,Center of mass and density,Execute,D2,Paragraph or micro-example,Atomic,true,Fixed or constant quantity | Uniform-object model,Inline paragraph or micro-example,true,false,,1,false,Medium,true,Rule-based taxonomy v2; focused corpus QA adjustment,Focused corpus QA adjustment applied
P212-0277,M2,2026-07-07-M2-1,2026-07-07,M2-1,Lecture,Problem-4.md,Problem lesson,4,Finding the Center of Mass of Joined Cubes,212-M2-004,MTH212.M2.04,1,1,3,22,M2/2026-07-07-M2-1/Lessons/Problem-4.md,/Users/jake/Developer/study/vault/212/M2/2026-07-07-M2-1/Lessons/Problem-4.md,Locate a cube's geometric center halfway along each dimension.,locate a cube's geometric center halfway along each dimension,Semantic and physical interpretation,,,,Recognize,D1,Retrieval cue,Atomic,false,,Inline reminder,false,false,,1,false,High,false,Rule-based taxonomy v2; corpus-level model review and spot checks,
P212-0278,M2,2026-07-07-M2-1,2026-07-07,M2-1,Lecture,Problem-4.md,Problem lesson,4,Finding the Center of Mass of Joined Cubes,212-M2-004,MTH212.M2.04,1,1,4,23,M2/2026-07-07-M2-1/Lessons/Problem-4.md,/Users/jake/Developer/study/vault/212/M2/2026-07-07-M2-1/Lessons/Problem-4.md,Compute and simplify a mass-weighted average.,compute and simplify a mass-weighted average,Mathematical technique,,Numeracy and arithmetic | Algebra and formula manipulation | Ratios and proportional reasoning,,Execute,D2,Paragraph or micro-example,Compound,false,,Inline paragraph or micro-example,false,false,,1,false,Medium,true,Rule-based taxonomy v2; corpus-level model review and spot checks,Potentially compound prerequisite; consider splitting
P212-0279,M2,2026-07-07-M2-1,2026-07-07,M2-1,Lecture,Problem-4.md,Problem lesson,4,Finding the Center of Mass of Joined Cubes,212-M2-004,MTH212.M2.04,1,1,5,24,M2/2026-07-07-M2-1/Lessons/Problem-4.md,/Users/jake/Developer/study/vault/212/M2/2026-07-07-M2-1/Lessons/Problem-4.md,Round a final measured result to the appropriate significant figures.,round a final measured result to the appropriate significant figures,Measurement and computation,,,,Execute,D2,Paragraph or micro-example,Atomic,false,,Inline paragraph or micro-example,false,false,,1,false,High,false,Rule-based taxonomy v2; corpus-level model review and spot checks,
P212-0280,M2,2026-07-07-M2-1,2026-07-07,M2-1,Lecture,Problem-5.md,Problem lesson,5,Bounding the Center of Mass of Two Unequal Cubes,212-M2-005,MTH212.M2.05,1,1,1,19,M2/2026-07-07-M2-1/Lessons/Problem-5.md,/Users/jake/Developer/study/vault/212/M2/2026-07-07-M2-1/Lessons/Problem-5.md,Find the midpoint of an interval.,find the midpoint of an interval,Mathematical technique,,Geometry and trigonometry,,Execute,D2,Paragraph or micro-example,Atomic,false,,Inline paragraph or micro-example,false,false,,2,false,High,false,Rule-based taxonomy v2; corpus-level model review and spot checks,
P212-0281,M2,2026-07-07-M2-1,2026-07-07,M2-1,Lecture,Problem-5.md,Problem lesson,5,Bounding the Center of Mass of Two Unequal Cubes,212-M2-005,MTH212.M2.05,1,1,2,20,M2/2026-07-07-M2-1/Lessons/Problem-5.md,/Users/jake/Developer/study/vault/212/M2/2026-07-07-M2-1/Lessons/Problem-5.md,Use $V=s^3$ for the volume of a cube.,use v=s^3 for the volume of a cube,Mathematical technique,,Geometry and trigonometry,,Execute,D2,Paragraph or micro-example,Atomic,false,,Inline paragraph or micro-example,true,false,,1,false,Medium,true,Rule-based taxonomy v2; corpus-level model review and spot checks,
P212-0282,M2,2026-07-07-M2-1,2026-07-07,M2-1,Lecture,Problem-5.md,Problem lesson,5,Bounding the Center of Mass of Two Unequal Cubes,212-M2-005,MTH212.M2.05,1,1,3,21,M2/2026-07-07-M2-1/Lessons/Problem-5.md,/Users/jake/Developer/study/vault/212/M2/2026-07-07-M2-1/Lessons/Problem-5.md,Interpret a weighted average on a number line.,interpret a weighted average on a number line,Semantic and physical interpretation,Mathematical technique,Numeracy and arithmetic | Ratios and proportional reasoning,,Interpret,D2,Paragraph or micro-example,Atomic,false,,Inline paragraph or micro-example,false,false,,1,false,High,false,Rule-based taxonomy v2; corpus-level model review and spot checks,
P212-0283,M2,2026-07-07-M2-1,2026-07-07,M2-1,Lecture,Problem-6.md,Problem lesson,6,Finding a Linear-Density Coefficient From Total Mass,212-M2-006,MTH212.M2.06,1,1,1,19,M2/2026-07-07-M2-1/Lessons/Problem-6.md,/Users/jake/Developer/study/vault/212/M2/2026-07-07-M2-1/Lessons/Problem-6.md,Interpret linear density as mass per unit length.,interpret linear density as mass per unit length,Semantic and physical interpretation,"Measurement and computation | Physics concept, law, or relation",,Center of mass and density,Interpret,D2,Paragraph or micro-example,Atomic,false,,Inline paragraph or micro-example,false,false,,1,false,Medium,true,Rule-based taxonomy v2; corpus-level model review and spot checks,
P212-0284,M2,2026-07-07-M2-1,2026-07-07,M2-1,Lecture,Problem-6.md,Problem lesson,6,Finding a Linear-Density Coefficient From Total Mass,212-M2-006,MTH212.M2.06,1,1,2,20,M2/2026-07-07-M2-1/Lessons/Problem-6.md,/Users/jake/Developer/study/vault/212/M2/2026-07-07-M2-1/Lessons/Problem-6.md,Use the power rule for integration.,use the power rule for integration,Mathematical technique,,Calculus,,Execute,D3,Short focused lesson,Atomic,false,,Short prerequisite lesson,false,false,,1,false,Medium,true,Rule-based taxonomy v2; corpus-level model review and spot checks,
P212-0285,M2,2026-07-07-M2-1,2026-07-07,M2-1,Lecture,Problem-6.md,Problem lesson,6,Finding a Linear-Density Coefficient From Total Mass,212-M2-006,MTH212.M2.06,1,1,3,21,M2/2026-07-07-M2-1/Lessons/Problem-6.md,/Users/jake/Developer/study/vault/212/M2/2026-07-07-M2-1/Lessons/Problem-6.md,Evaluate a definite integral from $0$ to the rod length.,evaluate a definite integral from 0 to the rod length,Mathematical technique,,Calculus,,Execute,D3,Short focused lesson,Atomic,false,,Short prerequisite lesson,true,false,,1,false,High,false,Rule-based taxonomy v2; corpus-level model review and spot checks,
P212-0286,M2,2026-07-07-M2-1,2026-07-07,M2-1,Lecture,Problem-6.md,Problem lesson,6,Finding a Linear-Density Coefficient From Total Mass,212-M2-006,MTH212.M2.06,1,1,4,22,M2/2026-07-07-M2-1/Lessons/Problem-6.md,/Users/jake/Developer/study/vault/212/M2/2026-07-07-M2-1/Lessons/Problem-6.md,Solve a one-step equation for an unknown coefficient.,solve a one-step equation for an unknown coefficient,Mathematical technique,,Algebra and formula manipulation,,Execute,D2,Paragraph or micro-example,Atomic,false,,Inline paragraph or micro-example,false,false,,1,false,High,false,Rule-based taxonomy v2; corpus-level model review and spot checks,
P212-0287,M2,2026-07-08-M2-2,2026-07-08,M2-2,Lecture,Problem-1.md,Problem lesson,1,Comparing Moment of Inertia From Mass Distribution,212-M2-007,MTH212.M2.07,1,1,1,19,M2/2026-07-08-M2-2/Lessons/Problem-1.md,/Users/jake/Developer/study/vault/212/M2/2026-07-08-M2-2/Lessons/Problem-1.md,Identify the rotation axis and the perpendicular distance from a mass to that axis.,identify the rotation axis and the perpendicular distance from a mass to that axis,Representation and spatial literacy,"Mathematical technique | Physics concept, law, or relation | Model condition or reference choice",Geometry and trigonometry,Circular and rotational motion,Recognize,D2,Paragraph or micro-example,Atomic,true,"Reference axis, pivot, or origin",Inline paragraph or micro-example,false,false,,1,false,Medium,true,Rule-based taxonomy v2; corpus-level model review and spot checks,
P212-0288,M2,2026-07-08-M2-2,2026-07-08,M2-2,Lecture,Problem-1.md,Problem lesson,1,Comparing Moment of Inertia From Mass Distribution,212-M2-007,MTH212.M2.07,1,1,2,20,M2/2026-07-08-M2-2/Lessons/Problem-1.md,/Users/jake/Developer/study/vault/212/M2/2026-07-08-M2-2/Lessons/Problem-1.md,Square positive distances.,square positive distances,Mathematical technique,,Numeracy and arithmetic,,Recall,D1,Retrieval cue,Atomic,false,,Inline reminder,false,false,,1,false,High,false,Rule-based taxonomy v2; focused corpus QA adjustment,Focused corpus QA adjustment applied
P212-0289,M2,2026-07-08-M2-2,2026-07-08,M2-2,Lecture,Problem-1.md,Problem lesson,1,Comparing Moment of Inertia From Mass Distribution,212-M2-007,MTH212.M2.07,1,1,3,21,M2/2026-07-08-M2-2/Lessons/Problem-1.md,/Users/jake/Developer/study/vault/212/M2/2026-07-08-M2-2/Lessons/Problem-1.md,Compare sums term by term.,compare sums term by term,Mathematical technique,Semantic and physical interpretation,,,Execute,D1,Retrieval cue,Atomic,false,,Inline reminder,false,false,,1,false,High,false,Rule-based taxonomy v2; focused corpus QA adjustment,Focused corpus QA adjustment applied
P212-0290,M2,2026-07-08-M2-2,2026-07-08,M2-2,Lecture,Problem-1.md,Problem lesson,1,Comparing Moment of Inertia From Mass Distribution,212-M2-007,MTH212.M2.07,1,1,4,22,M2/2026-07-08-M2-2/Lessons/Problem-1.md,/Users/jake/Developer/study/vault/212/M2/2026-07-08-M2-2/Lessons/Problem-1.md,Recognize which parts of two configurations are identical.,recognize which parts of two configurations are identical,Semantic and physical interpretation,,,,Recognize,D1,Retrieval cue,Atomic,false,,Inline reminder,false,false,,1,false,High,false,Rule-based taxonomy v2; corpus-level model review and spot checks,
P212-0291,M2,2026-07-08-M2-2,2026-07-08,M2-2,Lecture,Problem-2.md,Problem lesson,2,Center of Mass of a Rod With Linearly Increasing Density,212-M2-008,MTH212.M2.08,1,1,1,21,M2/2026-07-08-M2-2/Lessons/Problem-2.md,/Users/jake/Developer/study/vault/212/M2/2026-07-08-M2-2/Lessons/Problem-2.md,"Interpret linear density through $dm=\lambda(x)\,dx$.","interpret linear density through dm=\lambda(x)\,dx",Semantic and physical interpretation,"Physics concept, law, or relation",,Center of mass and density,Interpret,D2,Paragraph or micro-example,Atomic,false,,Inline paragraph or micro-example,true,false,,1,false,High,false,Rule-based taxonomy v2; corpus-level model review and spot checks,
P212-0292,M2,2026-07-08-M2-2,2026-07-08,M2-2,Lecture,Problem-2.md,Problem lesson,2,Center of Mass of a Rod With Linearly Increasing Density,212-M2-008,MTH212.M2.08,1,1,2,22,M2/2026-07-08-M2-2/Lessons/Problem-2.md,/Users/jake/Developer/study/vault/212/M2/2026-07-08-M2-2/Lessons/Problem-2.md,Use the power rule for antiderivatives.,use the power rule for antiderivatives,Mathematical technique,,Calculus,,Execute,D3,Short focused lesson,Atomic,false,,Short prerequisite lesson,false,false,,1,false,Medium,true,Rule-based taxonomy v2; corpus-level model review and spot checks,
P212-0293,M2,2026-07-08-M2-2,2026-07-08,M2-2,Lecture,Problem-2.md,Problem lesson,2,Center of Mass of a Rod With Linearly Increasing Density,212-M2-008,MTH212.M2.08,1,1,3,23,M2/2026-07-08-M2-2/Lessons/Problem-2.md,/Users/jake/Developer/study/vault/212/M2/2026-07-08-M2-2/Lessons/Problem-2.md,"Evaluate definite integrals on $[0,L]$.","evaluate definite integrals on [0,l]",Mathematical technique,,Calculus,,Execute,D3,Short focused lesson,Atomic,false,,Short prerequisite lesson,true,false,,1,false,High,false,Rule-based taxonomy v2; focused corpus QA adjustment,Focused corpus QA adjustment applied
P212-0294,M2,2026-07-08-M2-2,2026-07-08,M2-2,Lecture,Problem-2.md,Problem lesson,2,Center of Mass of a Rod With Linearly Increasing Density,212-M2-008,MTH212.M2.08,1,1,4,24,M2/2026-07-08-M2-2/Lessons/Problem-2.md,/Users/jake/Developer/study/vault/212/M2/2026-07-08-M2-2/Lessons/Problem-2.md,Simplify a quotient of algebraic expressions.,simplify a quotient of algebraic expressions,Mathematical technique,,Algebra and formula manipulation,,Execute,D2,Paragraph or micro-example,Atomic,false,,Inline paragraph or micro-example,false,false,,1,false,High,false,Rule-based taxonomy v2; corpus-level model review and spot checks,
P212-0295,M2,2026-07-08-M2-2,2026-07-08,M2-2,Lecture,Problem-3.md,Problem lesson,3,Eliminating a Density Constant in a Rod-Inertia Integral,212-M2-009,MTH212.M2.09,1,1,1,19,M2/2026-07-08-M2-2/Lessons/Problem-3.md,/Users/jake/Developer/study/vault/212/M2/2026-07-08-M2-2/Lessons/Problem-3.md,Evaluate definite integrals with the power rule.,evaluate definite integrals with the power rule,Mathematical technique,,Calculus,,Execute,D3,Short focused lesson,Atomic,false,,Short prerequisite lesson,false,false,,1,false,High,false,Rule-based taxonomy v2; corpus-level model review and spot checks,
P212-0296,M2,2026-07-08-M2-2,2026-07-08,M2-2,Lecture,Problem-3.md,Problem lesson,3,Eliminating a Density Constant in a Rod-Inertia Integral,212-M2-009,MTH212.M2.09,1,1,2,20,M2/2026-07-08-M2-2/Lessons/Problem-3.md,/Users/jake/Developer/study/vault/212/M2/2026-07-08-M2-2/Lessons/Problem-3.md,"Use $dm=\lambda(x)\,dx$ for a linear mass density.","use dm=\lambda(x)\,dx for a linear mass density","Physics concept, law, or relation",,,Center of mass and density,Execute,D2,Paragraph or micro-example,Atomic,false,,Inline paragraph or micro-example,true,false,,1,false,Medium,true,Rule-based taxonomy v2; corpus-level model review and spot checks,
P212-0297,M2,2026-07-08-M2-2,2026-07-08,M2-2,Lecture,Problem-3.md,Problem lesson,3,Eliminating a Density Constant in a Rod-Inertia Integral,212-M2-009,MTH212.M2.09,1,1,3,21,M2/2026-07-08-M2-2/Lessons/Problem-3.md,/Users/jake/Developer/study/vault/212/M2/2026-07-08-M2-2/Lessons/Problem-3.md,"Use $I=\int x^2\,dm$ for moment of inertia about the origin.","use i=\int x^2\,dm for moment of inertia about the origin","Physics concept, law, or relation",Mathematical technique | Model condition or reference choice,Calculus,Moment of inertia,Execute,D3,Short focused lesson,Atomic,true,"Reference axis, pivot, or origin",Short prerequisite lesson,true,false,,1,false,Medium,true,Rule-based taxonomy v2; corpus-level model review and spot checks,
P212-0298,M2,2026-07-08-M2-2,2026-07-08,M2-2,Lecture,Problem-4.md,Problem lesson,4,Moment of Inertia About an Off-Center Rod Pivot,212-M2-010,MTH212.M2.10,1,1,1,19,M2/2026-07-08-M2-2/Lessons/Problem-4.md,/Users/jake/Developer/study/vault/212/M2/2026-07-08-M2-2/Lessons/Problem-4.md,Locate the midpoint of a uniform rod at $L/2$ from either end.,locate the midpoint of a uniform rod at l/2 from either end,Mathematical technique,Model condition or reference choice,Geometry and trigonometry,,Recognize,D2,Paragraph or micro-example,Atomic,true,Uniform-object model,Inline paragraph or micro-example,true,false,,1,false,High,false,Rule-based taxonomy v2; corpus-level model review and spot checks,
P212-0299,M2,2026-07-08-M2-2,2026-07-08,M2-2,Lecture,Problem-4.md,Problem lesson,4,Moment of Inertia About an Off-Center Rod Pivot,212-M2-010,MTH212.M2.10,1,1,2,20,M2/2026-07-08-M2-2/Lessons/Problem-4.md,/Users/jake/Developer/study/vault/212/M2/2026-07-08-M2-2/Lessons/Problem-4.md,Subtract and add fractions with unlike denominators.,subtract and add fractions with unlike denominators,Mathematical technique,,Numeracy and arithmetic,,Execute,D2,Paragraph or micro-example,Atomic,false,,Inline paragraph or micro-example,false,false,,1,false,High,false,Rule-based taxonomy v2; focused corpus QA adjustment,Focused corpus QA adjustment applied
P212-0300,M2,2026-07-08-M2-2,2026-07-08,M2-2,Lecture,Problem-4.md,Problem lesson,4,Moment of Inertia About an Off-Center Rod Pivot,212-M2-010,MTH212.M2.10,1,1,3,21,M2/2026-07-08-M2-2/Lessons/Problem-4.md,/Users/jake/Developer/study/vault/212/M2/2026-07-08-M2-2/Lessons/Problem-4.md,Square a fraction.,square a fraction,Mathematical technique,,Numeracy and arithmetic,,Recall,D2,Paragraph or micro-example,Atomic,false,,Inline paragraph or micro-example,false,false,,1,false,High,false,Rule-based taxonomy v2; corpus-level model review and spot checks,
P212-0301,M2,2026-07-08-M2-2,2026-07-08,M2-2,Lecture,Problem-4.md,Problem lesson,4,Moment of Inertia About an Off-Center Rod Pivot,212-M2-010,MTH212.M2.10,1,1,4,22,M2/2026-07-08-M2-2/Lessons/Problem-4.md,/Users/jake/Developer/study/vault/212/M2/2026-07-08-M2-2/Lessons/Problem-4.md,"Use the center-of-mass moment of inertia of a uniform thin rod, $I_{\mathrm{cm}}=\frac{1}{12}mL^2$.","use the center-of-mass moment of inertia of a uniform thin rod, icm=112ml^2","Physics concept, law, or relation",Model condition or reference choice,,Moment of inertia,Execute,D3,Short focused lesson,Atomic,true,Uniform-object model,Short prerequisite lesson,true,false,,1,false,Medium,true,Rule-based taxonomy v2; focused corpus QA adjustment,Focused corpus QA adjustment applied
P212-0302,M2,2026-07-09-M2-3,2026-07-09,M2-3,Lecture,Problem-1.md,Problem lesson,1,Comparing Torque Magnitudes From a Diagram,212-M2-011,MTH212.M2.11,1,1,1,20,M2/2026-07-09-M2-3/Lessons/Problem-1.md,/Users/jake/Developer/study/vault/212/M2/2026-07-09-M2-3/Lessons/Problem-1.md,Identify the pivot and the position vector from the pivot to the point where a force is applied.,identify the pivot and the position vector from the pivot to the point where a force is applied,Representation and spatial literacy,"Mathematical technique | Physics concept, law, or relation",Vector mathematics,Forces and Newtonian dynamics | Torque and equilibrium,Recognize,D3,Short focused lesson,Atomic,false,,Short prerequisite lesson,false,false,,1,false,Medium,true,Rule-based taxonomy v2; focused corpus QA adjustment,Focused corpus QA adjustment applied
P212-0303,M2,2026-07-09-M2-3,2026-07-09,M2-3,Lecture,Problem-1.md,Problem lesson,1,Comparing Torque Magnitudes From a Diagram,212-M2-011,MTH212.M2.11,1,1,2,21,M2/2026-07-09-M2-3/Lessons/Problem-1.md,/Users/jake/Developer/study/vault/212/M2/2026-07-09-M2-3/Lessons/Problem-1.md,Recognize the angle between two vectors.,recognize the angle between two vectors,Mathematical technique,,Geometry and trigonometry | Vector mathematics,,Recognize,D3,Short focused lesson,Atomic,false,,Short prerequisite lesson,false,false,,1,false,High,false,Rule-based taxonomy v2; corpus-level model review and spot checks,
P212-0304,M2,2026-07-09-M2-3,2026-07-09,M2-3,Lecture,Problem-1.md,Problem lesson,1,Comparing Torque Magnitudes From a Diagram,212-M2-011,MTH212.M2.11,1,1,3,22,M2/2026-07-09-M2-3/Lessons/Problem-1.md,/Users/jake/Developer/study/vault/212/M2/2026-07-09-M2-3/Lessons/Problem-1.md,Use $\sin 0^\circ=\sin 180^\circ=0$ and $\sin 90^\circ=1$.,use \sin 0^\circ=\sin 180^\circ=0 and \sin 90^\circ=1,Mathematical technique,,Geometry and trigonometry,,Execute,D2,Paragraph or micro-example,Atomic,false,,Inline paragraph or micro-example,true,false,,1,false,Medium,true,Rule-based taxonomy v2; focused corpus QA adjustment,Focused corpus QA adjustment applied
P212-0305,M2,2026-07-09-M2-3,2026-07-09,M2-3,Lecture,Problem-1.md,Problem lesson,1,Comparing Torque Magnitudes From a Diagram,212-M2-011,MTH212.M2.11,1,1,4,23,M2/2026-07-09-M2-3/Lessons/Problem-1.md,/Users/jake/Developer/study/vault/212/M2/2026-07-09-M2-3/Lessons/Problem-1.md,Compare nonnegative quantities without computing every value exactly.,compare nonnegative quantities without computing every value exactly,Mathematical technique,Semantic and physical interpretation,,,Execute,D1,Retrieval cue,Atomic,false,,Inline reminder,false,false,,1,false,High,false,Rule-based taxonomy v2; focused corpus QA adjustment,Focused corpus QA adjustment applied
P212-0306,M2,2026-07-09-M2-3,2026-07-09,M2-3,Lecture,Problem-2.md,Problem lesson,2,Finding the Smallest Torque From a Force Diagram,212-M2-012,MTH212.M2.12,1,1,1,19,M2/2026-07-09-M2-3/Lessons/Problem-2.md,/Users/jake/Developer/study/vault/212/M2/2026-07-09-M2-3/Lessons/Problem-2.md,Identifying a rotation axis or pivot,identifying a rotation axis or pivot,"Physics concept, law, or relation",Representation and spatial literacy | Model condition or reference choice,,Circular and rotational motion | Torque and equilibrium,Recognize,D1,Retrieval cue,Atomic,true,"Reference axis, pivot, or origin",Inline reminder,false,false,,1,false,Medium,true,Rule-based taxonomy v2; corpus-level model review and spot checks,
P212-0307,M2,2026-07-09-M2-3,2026-07-09,M2-3,Lecture,Problem-2.md,Problem lesson,2,Finding the Smallest Torque From a Force Diagram,212-M2-012,MTH212.M2.12,1,1,2,20,M2/2026-07-09-M2-3/Lessons/Problem-2.md,/Users/jake/Developer/study/vault/212/M2/2026-07-09-M2-3/Lessons/Problem-2.md,Reading vector directions from a diagram,reading vector directions from a diagram,Mathematical technique,Representation and spatial literacy,Vector mathematics,,Recognize,D3,Short focused lesson,Atomic,false,,Short prerequisite lesson,false,false,,1,false,High,false,Rule-based taxonomy v2; corpus-level model review and spot checks,
P212-0308,M2,2026-07-09-M2-3,2026-07-09,M2-3,Lecture,Problem-2.md,Problem lesson,2,Finding the Smallest Torque From a Force Diagram,212-M2-012,MTH212.M2.12,1,1,3,21,M2/2026-07-09-M2-3/Lessons/Problem-2.md,/Users/jake/Developer/study/vault/212/M2/2026-07-09-M2-3/Lessons/Problem-2.md,Evaluating sine at common angles,evaluating sine at common angles,Mathematical technique,,Geometry and trigonometry,,Execute,D2,Paragraph or micro-example,Atomic,false,,Inline paragraph or micro-example,false,false,,1,false,High,false,Rule-based taxonomy v2; corpus-level model review and spot checks,
P212-0309,M2,2026-07-09-M2-3,2026-07-09,M2-3,Lecture,Problem-2.md,Problem lesson,2,Finding the Smallest Torque From a Force Diagram,212-M2-012,MTH212.M2.12,1,1,4,22,M2/2026-07-09-M2-3/Lessons/Problem-2.md,/Users/jake/Developer/study/vault/212/M2/2026-07-09-M2-3/Lessons/Problem-2.md,Comparing nonnegative quantities,comparing nonnegative quantities,Mathematical technique,Semantic and physical interpretation,,,Execute,D1,Retrieval cue,Atomic,false,,Inline reminder,false,false,,1,false,High,false,Rule-based taxonomy v2; focused corpus QA adjustment,Focused corpus QA adjustment applied
P212-0310,M2,2026-07-09-M2-3,2026-07-09,M2-3,Lecture,Problem-3.md,Problem lesson,3,Finding Torque from a Force at an Angle,212-M2-013,MTH212.M2.13,1,1,1,19,M2/2026-07-09-M2-3/Lessons/Problem-3.md,/Users/jake/Developer/study/vault/212/M2/2026-07-09-M2-3/Lessons/Problem-3.md,Convert centimeters to meters.,convert centimeters to meters,Measurement and computation,,,,Execute,D2,Paragraph or micro-example,Atomic,false,,Inline paragraph or micro-example,false,false,,1,false,High,false,Rule-based taxonomy v2; corpus-level model review and spot checks,
P212-0311,M2,2026-07-09-M2-3,2026-07-09,M2-3,Lecture,Problem-3.md,Problem lesson,3,Finding Torque from a Force at an Angle,212-M2-013,MTH212.M2.13,1,1,2,20,M2/2026-07-09-M2-3/Lessons/Problem-3.md,/Users/jake/Developer/study/vault/212/M2/2026-07-09-M2-3/Lessons/Problem-3.md,Evaluate the sine of a special angle.,evaluate the sine of a special angle,Mathematical technique,,Geometry and trigonometry,,Execute,D2,Paragraph or micro-example,Atomic,false,,Inline paragraph or micro-example,false,false,,1,false,High,false,Rule-based taxonomy v2; corpus-level model review and spot checks,
P212-0312,M2,2026-07-09-M2-3,2026-07-09,M2-3,Lecture,Problem-3.md,Problem lesson,3,Finding Torque from a Force at an Angle,212-M2-013,MTH212.M2.13,1,1,3,21,M2/2026-07-09-M2-3/Lessons/Problem-3.md,/Users/jake/Developer/study/vault/212/M2/2026-07-09-M2-3/Lessons/Problem-3.md,Recognize clockwise and counterclockwise rotation about a pivot.,recognize clockwise and counterclockwise rotation about a pivot,Representation and spatial literacy,"Physics concept, law, or relation",,Circular and rotational motion | Torque and equilibrium,Recognize,D1,Retrieval cue,Atomic,false,,Inline reminder,false,false,,1,false,High,false,Rule-based taxonomy v2; corpus-level model review and spot checks,
P212-0313,M2,2026-07-09-M2-3,2026-07-09,M2-3,Lecture,Problem-4.md,Problem lesson,4,Finding the Direction of a Torque Vector,212-M2-014,MTH212.M2.14,1,1,1,19,M2/2026-07-09-M2-3/Lessons/Problem-4.md,/Users/jake/Developer/study/vault/212/M2/2026-07-09-M2-3/Lessons/Problem-4.md,Position and force vectors,position and force vectors,"Physics concept, law, or relation",Mathematical technique,Vector mathematics,Forces and Newtonian dynamics,Recall,D3,Short focused lesson,Atomic,false,,Short prerequisite lesson,false,false,,1,false,High,false,Rule-based taxonomy v2; focused corpus QA adjustment,Focused corpus QA adjustment applied
P212-0314,M2,2026-07-09-M2-3,2026-07-09,M2-3,Lecture,Problem-4.md,Problem lesson,4,Finding the Direction of a Torque Vector,212-M2-014,MTH212.M2.14,1,1,2,20,M2/2026-07-09-M2-3/Lessons/Problem-4.md,/Users/jake/Developer/study/vault/212/M2/2026-07-09-M2-3/Lessons/Problem-4.md,Clockwise and counterclockwise rotation,clockwise and counterclockwise rotation,"Physics concept, law, or relation",,,Circular and rotational motion,Recall,D1,Retrieval cue,Atomic,false,,Inline reminder,false,false,,1,false,High,false,Rule-based taxonomy v2; corpus-level model review and spot checks,
P212-0315,M2,2026-07-09-M2-3,2026-07-09,M2-3,Lecture,Problem-4.md,Problem lesson,4,Finding the Direction of a Torque Vector,212-M2-014,MTH212.M2.14,1,1,3,21,M2/2026-07-09-M2-3/Lessons/Problem-4.md,/Users/jake/Developer/study/vault/212/M2/2026-07-09-M2-3/Lessons/Problem-4.md,The cross product $\vec\tau=\vec r\times\vec F$,the cross product \tau= r\times f,"Physics concept, law, or relation",Mathematical technique,Vector mathematics,Torque and equilibrium,Recall,D3,Short focused lesson,Atomic,false,,Short prerequisite lesson,true,false,,1,false,High,false,Rule-based taxonomy v2; corpus-level model review and spot checks,
P212-0316,M2,2026-07-09-M2-3,2026-07-09,M2-3,Lecture,Problem-4.md,Problem lesson,4,Finding the Direction of a Torque Vector,212-M2-014,MTH212.M2.14,1,1,4,22,M2/2026-07-09-M2-3/Lessons/Problem-4.md,/Users/jake/Developer/study/vault/212/M2/2026-07-09-M2-3/Lessons/Problem-4.md,Positive and negative coordinate directions,positive and negative coordinate directions,Mathematical technique,Representation and spatial literacy,Geometry and trigonometry,,Recall,D2,Paragraph or micro-example,Atomic,false,,Inline paragraph or micro-example,false,false,,1,false,High,false,Rule-based taxonomy v2; corpus-level model review and spot checks,
P212-0317,M2,2026-07-09-M2-3,2026-07-09,M2-3,Lecture,Problem-5.md,Problem lesson,5,Finding a Spool's Angular Acceleration From Tension,212-M2-015,MTH212.M2.15,1,1,1,20,M2/2026-07-09-M2-3/Lessons/Problem-5.md,/Users/jake/Developer/study/vault/212/M2/2026-07-09-M2-3/Lessons/Problem-5.md,Use $\sum\tau=I\alpha$ for rotation about a fixed axle.,use \sum\tau=i\alpha for rotation about a fixed axle,"Physics concept, law, or relation",Model condition or reference choice,,Circular and rotational motion | Torque and equilibrium,Execute,D2,Paragraph or micro-example,Atomic,true,"Reference axis, pivot, or origin",Inline paragraph or micro-example,true,false,,1,false,Medium,true,Rule-based taxonomy v2; focused corpus QA adjustment,Focused corpus QA adjustment applied
P212-0318,M2,2026-07-09-M2-3,2026-07-09,M2-3,Lecture,Problem-5.md,Problem lesson,5,Finding a Spool's Angular Acceleration From Tension,212-M2-015,MTH212.M2.15,1,1,2,21,M2/2026-07-09-M2-3/Lessons/Problem-5.md,/Users/jake/Developer/study/vault/212/M2/2026-07-09-M2-3/Lessons/Problem-5.md,Recognize that a tangential force at radius $r$ has torque magnitude $rF$.,recognize that a tangential force at radius r has torque magnitude rf,"Physics concept, law, or relation",Semantic and physical interpretation,,Forces and Newtonian dynamics | Torque and equilibrium,Recognize,D3,Short focused lesson,Atomic,false,,Short prerequisite lesson,true,false,,1,false,High,false,Rule-based taxonomy v2; corpus-level model review and spot checks,
P212-0319,M2,2026-07-09-M2-3,2026-07-09,M2-3,Lecture,Problem-5.md,Problem lesson,5,Finding a Spool's Angular Acceleration From Tension,212-M2-015,MTH212.M2.15,1,1,3,22,M2/2026-07-09-M2-3/Lessons/Problem-5.md,/Users/jake/Developer/study/vault/212/M2/2026-07-09-M2-3/Lessons/Problem-5.md,Use the solid-cylinder moment of inertia $I=\frac12mr^2$.,use the solid-cylinder moment of inertia i=\frac12mr^2,"Physics concept, law, or relation",,,Moment of inertia,Execute,D3,Short focused lesson,Atomic,false,,Short prerequisite lesson,true,false,,1,false,Medium,true,Rule-based taxonomy v2; corpus-level model review and spot checks,
P212-0320,M2,2026-07-09-M2-3,2026-07-09,M2-3,Lecture,Problem-5.md,Problem lesson,5,Finding a Spool's Angular Acceleration From Tension,212-M2-015,MTH212.M2.15,1,1,4,23,M2/2026-07-09-M2-3/Lessons/Problem-5.md,/Users/jake/Developer/study/vault/212/M2/2026-07-09-M2-3/Lessons/Problem-5.md,Convert centimeters to meters and round a final result to the precision of measured data.,convert centimeters to meters and round a final result to the precision of measured data,Measurement and computation,,,,Execute,D2,Paragraph or micro-example,Compound,false,,Inline paragraph or micro-example,false,false,,1,false,Medium,true,Rule-based taxonomy v2; corpus-level model review and spot checks,Potentially compound prerequisite; consider splitting
P212-0321,M2,2026-07-09-M2-3,2026-07-09,M2-3,Lecture,Problem-6.md,Problem lesson,6,Finding an Unknown Mass in Rigidly Attached Cylinders,212-M2-016,MTH212.M2.16,1,1,1,19,M2/2026-07-09-M2-3/Lessons/Problem-6.md,/Users/jake/Developer/study/vault/212/M2/2026-07-09-M2-3/Lessons/Problem-6.md,Use $\tau=I\alpha$ for rotational dynamics.,use \tau=i\alpha for rotational dynamics,"Physics concept, law, or relation",,,Circular and rotational motion | Torque and equilibrium,Execute,D2,Paragraph or micro-example,Atomic,false,,Inline paragraph or micro-example,true,false,,1,false,Medium,true,Rule-based taxonomy v2; corpus-level model review and spot checks,
P212-0322,M2,2026-07-09-M2-3,2026-07-09,M2-3,Lecture,Problem-6.md,Problem lesson,6,Finding an Unknown Mass in Rigidly Attached Cylinders,212-M2-016,MTH212.M2.16,1,1,2,20,M2/2026-07-09-M2-3/Lessons/Problem-6.md,/Users/jake/Developer/study/vault/212/M2/2026-07-09-M2-3/Lessons/Problem-6.md,Use $I=\tfrac12MR^2$ for a solid cylinder about its symmetry axis.,use i=\tfrac12mr^2 for a solid cylinder about its symmetry axis,"Physics concept, law, or relation",Representation and spatial literacy,,Moment of inertia,Execute,D2,Paragraph or micro-example,Atomic,false,,Inline paragraph or micro-example,true,false,,1,false,Medium,true,Rule-based taxonomy v2; focused corpus QA adjustment,Focused corpus QA adjustment applied
P212-0323,M2,2026-07-09-M2-3,2026-07-09,M2-3,Lecture,Problem-6.md,Problem lesson,6,Finding an Unknown Mass in Rigidly Attached Cylinders,212-M2-016,MTH212.M2.16,1,1,3,21,M2/2026-07-09-M2-3/Lessons/Problem-6.md,/Users/jake/Developer/study/vault/212/M2/2026-07-09-M2-3/Lessons/Problem-6.md,Solve a linear equation for one unknown.,solve a linear equation for one unknown,Mathematical technique,,Algebra and formula manipulation,,Execute,D2,Paragraph or micro-example,Atomic,false,,Inline paragraph or micro-example,false,false,,1,false,High,false,Rule-based taxonomy v2; corpus-level model review and spot checks,
P212-0324,M2,2026-07-12-HW-3,2026-07-12,HW-3,Homework,Problem-1.md,Problem lesson,1,Interpreting the Moment of Inertia Integral,212-M2-017,MTH212.M2.17,1,1,1,20,M2/2026-07-12-HW-3/Lessons/Problem-1.md,/Users/jake/Developer/study/vault/212/M2/2026-07-12-HW-3/Lessons/Problem-1.md,Interpret a definite integral as adding infinitesimal contributions.,interpret a definite integral as adding infinitesimal contributions,Semantic and physical interpretation,Mathematical technique,Numeracy and arithmetic | Calculus,,Interpret,D3,Short focused lesson,Atomic,false,,Short prerequisite lesson,false,false,,1,false,High,false,Rule-based taxonomy v2; corpus-level model review and spot checks,
P212-0325,M2,2026-07-12-HW-3,2026-07-12,HW-3,Homework,Problem-1.md,Problem lesson,1,Interpreting the Moment of Inertia Integral,212-M2-017,MTH212.M2.17,1,1,2,21,M2/2026-07-12-HW-3/Lessons/Problem-1.md,/Users/jake/Developer/study/vault/212/M2/2026-07-12-HW-3/Lessons/Problem-1.md,Identify the shortest distance from a point to a line.,identify the shortest distance from a point to a line,Semantic and physical interpretation,,,,Recognize,D1,Retrieval cue,Atomic,false,,Inline reminder,false,false,,1,false,High,false,Rule-based taxonomy v2; corpus-level model review and spot checks,
P212-0326,M2,2026-07-12-HW-3,2026-07-12,HW-3,Homework,Problem-1.md,Problem lesson,1,Interpreting the Moment of Inertia Integral,212-M2-017,MTH212.M2.17,1,1,3,22,M2/2026-07-12-HW-3/Lessons/Problem-1.md,/Users/jake/Developer/study/vault/212/M2/2026-07-12-HW-3/Lessons/Problem-1.md,"Recognize linear, surface, and volume mass density.","recognize linear, surface, and volume mass density","Physics concept, law, or relation",Mathematical technique,Geometry and trigonometry,Center of mass and density,Recognize,D2,Paragraph or micro-example,Atomic,false,,Inline paragraph or micro-example,false,false,,1,false,High,false,Rule-based taxonomy v2; corpus-level model review and spot checks,
P212-0327,M2,2026-07-12-HW-3,2026-07-12,HW-3,Homework,Problem-2.md,Problem lesson,2,Combining Center of Mass and Moment of Inertia,212-M2-018,MTH212.M2.18,1,1,1,19,M2/2026-07-12-HW-3/Lessons/Problem-2.md,/Users/jake/Developer/study/vault/212/M2/2026-07-12-HW-3/Lessons/Problem-2.md,Interpret center of mass as a position weighted by mass.,interpret center of mass as a position weighted by mass,Semantic and physical interpretation,"Physics concept, law, or relation",,Center of mass and density,Interpret,D2,Paragraph or micro-example,Atomic,false,,Inline paragraph or micro-example,false,false,,1,false,High,false,Rule-based taxonomy v2; focused corpus QA adjustment,Focused corpus QA adjustment applied
P212-0328,M2,2026-07-12-HW-3,2026-07-12,HW-3,Homework,Problem-2.md,Problem lesson,2,Combining Center of Mass and Moment of Inertia,212-M2-018,MTH212.M2.18,1,1,2,20,M2/2026-07-12-HW-3/Lessons/Problem-2.md,/Users/jake/Developer/study/vault/212/M2/2026-07-12-HW-3/Lessons/Problem-2.md,"Interpret moment of inertia as a sum of contributions of the form $r^2\,dm$.","interpret moment of inertia as a sum of contributions of the form r^2\,dm",Semantic and physical interpretation,"Physics concept, law, or relation",,Moment of inertia,Interpret,D3,Short focused lesson,Atomic,false,,Short prerequisite lesson,true,false,,1,false,High,false,Rule-based taxonomy v2; corpus-level model review and spot checks,
P212-0329,M2,2026-07-12-HW-3,2026-07-12,HW-3,Homework,Problem-2.md,Problem lesson,2,Combining Center of Mass and Moment of Inertia,212-M2-018,MTH212.M2.18,1,1,3,21,M2/2026-07-12-HW-3/Lessons/Problem-2.md,/Users/jake/Developer/study/vault/212/M2/2026-07-12-HW-3/Lessons/Problem-2.md,Distinguish a quantity's value from the mass of the object that has that value.,distinguish a quantity's value from the mass of the object that has that value,Semantic and physical interpretation,,,,Interpret,D2,Paragraph or micro-example,Atomic,false,,Inline paragraph or micro-example,false,false,,1,false,High,false,Rule-based taxonomy v2; corpus-level model review and spot checks,
P212-0330,M2,2026-07-12-HW-3,2026-07-12,HW-3,Homework,Problem-3.md,Problem lesson,3,Finding a Density Constant from Total Mass,212-M2-019,MTH212.M2.19,1,1,1,19,M2/2026-07-12-HW-3/Lessons/Problem-3.md,/Users/jake/Developer/study/vault/212/M2/2026-07-12-HW-3/Lessons/Problem-3.md,Interpret linear mass density as mass per unit length.,interpret linear mass density as mass per unit length,Semantic and physical interpretation,"Measurement and computation | Physics concept, law, or relation",,Center of mass and density,Interpret,D2,Paragraph or micro-example,Atomic,false,,Inline paragraph or micro-example,false,false,,2,false,Medium,true,Rule-based taxonomy v2; corpus-level model review and spot checks,
P212-0331,M2,2026-07-12-HW-3,2026-07-12,HW-3,Homework,Problem-3.md,Problem lesson,3,Finding a Density Constant from Total Mass,212-M2-019,MTH212.M2.19,1,1,2,20,M2/2026-07-12-HW-3/Lessons/Problem-3.md,/Users/jake/Developer/study/vault/212/M2/2026-07-12-HW-3/Lessons/Problem-3.md,Evaluate a definite integral with the power rule.,evaluate a definite integral with the power rule,Mathematical technique,,Calculus,,Execute,D3,Short focused lesson,Atomic,false,,Short prerequisite lesson,false,false,,1,false,High,false,Rule-based taxonomy v2; corpus-level model review and spot checks,
P212-0332,M2,2026-07-12-HW-3,2026-07-12,HW-3,Homework,Problem-3.md,Problem lesson,3,Finding a Density Constant from Total Mass,212-M2-019,MTH212.M2.19,1,1,3,21,M2/2026-07-12-HW-3/Lessons/Problem-3.md,/Users/jake/Developer/study/vault/212/M2/2026-07-12-HW-3/Lessons/Problem-3.md,Isolate a variable in a one-step equation.,isolate a variable in a one-step equation,Mathematical technique,,Algebra and formula manipulation,,Recall,D2,Paragraph or micro-example,Atomic,false,,Inline paragraph or micro-example,false,false,,1,false,High,false,Rule-based taxonomy v2; corpus-level model review and spot checks,
P212-0333,M2,2026-07-12-HW-3,2026-07-12,HW-3,Homework,Problem-4.md,Problem lesson,4,Center of Mass from a Linear Density,212-M2-020,MTH212.M2.20,1,1,1,19,M2/2026-07-12-HW-3/Lessons/Problem-4.md,/Users/jake/Developer/study/vault/212/M2/2026-07-12-HW-3/Lessons/Problem-4.md,Interpret a linear density $\lambda(x)$ as mass per unit length.,interpret a linear density \lambda(x) as mass per unit length,Semantic and physical interpretation,"Measurement and computation | Physics concept, law, or relation",,Center of mass and density,Interpret,D2,Paragraph or micro-example,Atomic,false,,Inline paragraph or micro-example,true,false,,1,false,Medium,true,Rule-based taxonomy v2; corpus-level model review and spot checks,
P212-0334,M2,2026-07-12-HW-3,2026-07-12,HW-3,Homework,Problem-4.md,Problem lesson,4,Center of Mass from a Linear Density,212-M2-020,MTH212.M2.20,1,1,2,20,M2/2026-07-12-HW-3/Lessons/Problem-4.md,/Users/jake/Developer/study/vault/212/M2/2026-07-12-HW-3/Lessons/Problem-4.md,"Integrate a power: $\int x^n\,dx=\dfrac{x^{n+1}}{n+1}+C$ for $n\ne -1$.","integrate a power: \int x^n\,dx=x^n+1n+1+c for n\ne -1",Mathematical technique,,Calculus,,Execute,D3,Short focused lesson,Atomic,false,,Short prerequisite lesson,true,false,,1,false,High,false,Rule-based taxonomy v2; corpus-level model review and spot checks,
P212-0335,M2,2026-07-12-HW-3,2026-07-12,HW-3,Homework,Problem-4.md,Problem lesson,4,Center of Mass from a Linear Density,212-M2-020,MTH212.M2.20,1,1,3,21,M2/2026-07-12-HW-3/Lessons/Problem-4.md,/Users/jake/Developer/study/vault/212/M2/2026-07-12-HW-3/Lessons/Problem-4.md,"Use definite integrals on an interval $[a,b]$.","use definite integrals on an interval [a,b]",Mathematical technique,,Calculus,,Execute,D3,Short focused lesson,Atomic,false,,Short prerequisite lesson,true,false,,1,false,Medium,true,Rule-based taxonomy v2; focused corpus QA adjustment,Focused corpus QA adjustment applied
P212-0336,M2,2026-07-12-HW-3,2026-07-12,HW-3,Homework,Problem-5.md,Problem lesson,5,Calculating a Rod's Moment of Inertia from Linear Density,212-M2-021,MTH212.M2.21,1,1,1,19,M2/2026-07-12-HW-3/Lessons/Problem-5.md,/Users/jake/Developer/study/vault/212/M2/2026-07-12-HW-3/Lessons/Problem-5.md,"Review [[Problem-1|Interpreting the Moment of Inertia Integral]]: understand $I=\int r^2\,dm$ as mass weighted by squared distance.","review interpreting the moment of inertia integral: understand i=\int r^2\,dm as mass weighted by squared distance","Physics concept, law, or relation",Mathematical technique,Numeracy and arithmetic | Calculus,Moment of inertia,Execute,D4,Full prerequisite lesson,Atomic,false,,Full prerequisite lesson,true,true,Problem-1,1,false,Medium,true,Rule-based taxonomy v2; corpus-level model review and spot checks,High-depth prerequisite should route to dedicated remediation | Contains explicit prerequisite link
P212-0337,M2,2026-07-12-HW-3,2026-07-12,HW-3,Homework,Problem-5.md,Problem lesson,5,Calculating a Rod's Moment of Inertia from Linear Density,212-M2-021,MTH212.M2.21,1,1,2,20,M2/2026-07-12-HW-3/Lessons/Problem-5.md,/Users/jake/Developer/study/vault/212/M2/2026-07-12-HW-3/Lessons/Problem-5.md,"Use $dm=\lambda(x)\,dx$ for a thin rod with linear mass density $\lambda(x)$.","use dm=\lambda(x)\,dx for a thin rod with linear mass density \lambda(x)","Physics concept, law, or relation",,,Center of mass and density,Execute,D2,Paragraph or micro-example,Atomic,false,,Inline paragraph or micro-example,true,false,,1,false,Medium,true,Rule-based taxonomy v2; corpus-level model review and spot checks,
P212-0338,M2,2026-07-12-HW-3,2026-07-12,HW-3,Homework,Problem-5.md,Problem lesson,5,Calculating a Rod's Moment of Inertia from Linear Density,212-M2-021,MTH212.M2.21,1,1,3,21,M2/2026-07-12-HW-3/Lessons/Problem-5.md,/Users/jake/Developer/study/vault/212/M2/2026-07-12-HW-3/Lessons/Problem-5.md,Apply the power rule for definite integrals.,apply the power rule for definite integrals,Mathematical technique,,Calculus,,Execute,D3,Short focused lesson,Atomic,false,,Short prerequisite lesson,false,false,,1,false,High,false,Rule-based taxonomy v2; corpus-level model review and spot checks,
P212-0339,M2,2026-07-12-HW-3,2026-07-12,HW-3,Homework,Problem-6.md,Problem lesson,6,Shifting a Moment of Inertia to a Parallel Axis,212-M2-022,MTH212.M2.22,1,1,1,19,M2/2026-07-12-HW-3/Lessons/Problem-6.md,/Users/jake/Developer/study/vault/212/M2/2026-07-12-HW-3/Lessons/Problem-6.md,Recognize an axis through an object's center of mass.,recognize an axis through an object's center of mass,Representation and spatial literacy,"Physics concept, law, or relation",,Center of mass and density,Recognize,D1,Retrieval cue,Atomic,false,,Inline reminder,false,false,,1,false,High,false,Rule-based taxonomy v2; corpus-level model review and spot checks,
P212-0340,M2,2026-07-12-HW-3,2026-07-12,HW-3,Homework,Problem-6.md,Problem lesson,6,Shifting a Moment of Inertia to a Parallel Axis,212-M2-022,MTH212.M2.22,1,1,2,20,M2/2026-07-12-HW-3/Lessons/Problem-6.md,/Users/jake/Developer/study/vault/212/M2/2026-07-12-HW-3/Lessons/Problem-6.md,Interpret the radius as the center-to-rim distance.,interpret the radius as the center-to-rim distance,Semantic and physical interpretation,,,,Interpret,D2,Paragraph or micro-example,Atomic,false,,Inline paragraph or micro-example,false,false,,1,false,High,false,Rule-based taxonomy v2; corpus-level model review and spot checks,
P212-0341,M2,2026-07-12-HW-3,2026-07-12,HW-3,Homework,Problem-6.md,Problem lesson,6,Shifting a Moment of Inertia to a Parallel Axis,212-M2-022,MTH212.M2.22,1,1,3,21,M2/2026-07-12-HW-3/Lessons/Problem-6.md,/Users/jake/Developer/study/vault/212/M2/2026-07-12-HW-3/Lessons/Problem-6.md,Square a symbolic distance and combine like terms.,square a symbolic distance and combine like terms,Mathematical technique,,Numeracy and arithmetic,,Execute,D2,Paragraph or micro-example,Compound,false,,Inline paragraph or micro-example,false,false,,1,false,Medium,true,Rule-based taxonomy v2; focused corpus QA adjustment,Potentially compound prerequisite; consider splitting | Focused corpus QA adjustment applied
P212-0342,M2,2026-07-12-HW-3,2026-07-12,HW-3,Homework,Problem-7.md,Problem lesson,7,Comparing Rotational Kinetic Energies About Parallel Axes,212-M2-023,MTH212.M2.23,1,1,1,19,M2/2026-07-12-HW-3/Lessons/Problem-7.md,/Users/jake/Developer/study/vault/212/M2/2026-07-12-HW-3/Lessons/Problem-7.md,Rotational kinetic energy: $K=\frac12 I\omega^2$,rotational kinetic energy: k=\frac12 i\omega^2,"Physics concept, law, or relation",,,Circular and rotational motion | Energy and momentum,Recall,D2,Paragraph or micro-example,Atomic,false,,Inline paragraph or micro-example,true,false,,1,false,High,false,Rule-based taxonomy v2; focused corpus QA adjustment,Focused corpus QA adjustment applied
P212-0343,M2,2026-07-12-HW-3,2026-07-12,HW-3,Homework,Problem-7.md,Problem lesson,7,Comparing Rotational Kinetic Energies About Parallel Axes,212-M2-023,MTH212.M2.23,1,1,2,20,M2/2026-07-12-HW-3/Lessons/Problem-7.md,/Users/jake/Developer/study/vault/212/M2/2026-07-12-HW-3/Lessons/Problem-7.md,A uniform disk about its central perpendicular axis: $I_{\mathrm{cm}}=\frac12 MR^2$,a uniform disk about its central perpendicular axis: icm=\frac12 mr^2,"Physics concept, law, or relation",Mathematical technique | Representation and spatial literacy | Model condition or reference choice,Geometry and trigonometry,Moment of inertia,Recall,D2,Paragraph or micro-example,Atomic,true,Uniform-object model,Inline paragraph or micro-example,true,false,,1,false,Medium,true,Rule-based taxonomy v2; focused corpus QA adjustment,Focused corpus QA adjustment applied
P212-0344,M2,2026-07-12-HW-3,2026-07-12,HW-3,Homework,Problem-7.md,Problem lesson,7,Comparing Rotational Kinetic Energies About Parallel Axes,212-M2-023,MTH212.M2.23,1,1,3,21,M2/2026-07-12-HW-3/Lessons/Problem-7.md,/Users/jake/Developer/study/vault/212/M2/2026-07-12-HW-3/Lessons/Problem-7.md,The parallel-axis theorem: $I=I_{\mathrm{cm}}+Md^2$,the parallel-axis theorem: i=icm+md^2,"Physics concept, law, or relation",Representation and spatial literacy,,Moment of inertia,Recall,D3,Short focused lesson,Atomic,false,,Short prerequisite lesson,true,false,,1,false,High,false,Rule-based taxonomy v2; focused corpus QA adjustment,Focused corpus QA adjustment applied
P212-0345,M2,2026-07-12-HW-3,2026-07-12,HW-3,Homework,Problem-7.md,Problem lesson,7,Comparing Rotational Kinetic Energies About Parallel Axes,212-M2-023,MTH212.M2.23,1,1,4,22,M2/2026-07-12-HW-3/Lessons/Problem-7.md,/Users/jake/Developer/study/vault/212/M2/2026-07-12-HW-3/Lessons/Problem-7.md,The centers of two identical tangent disks are $2R$ apart,the centers of two identical tangent disks are 2r apart,Mathematical technique,,Geometry and trigonometry,,Recall,D2,Paragraph or micro-example,Atomic,false,,Inline paragraph or micro-example,true,false,,1,false,High,false,Rule-based taxonomy v2; corpus-level model review and spot checks,
P212-0346,M2,2026-07-12-HW-3,2026-07-12,HW-3,Homework,Problem-8.md,Problem lesson,8,Mass Removed from a Uniform Disk,212-M2-024,MTH212.M2.24,1,1,1,18,M2/2026-07-12-HW-3/Lessons/Problem-8.md,/Users/jake/Developer/study/vault/212/M2/2026-07-12-HW-3/Lessons/Problem-8.md,The area of a circle is $A=\pi r^2$.,the area of a circle is a=\pi r^2,Mathematical technique,,Geometry and trigonometry,,Recall,D2,Paragraph or micro-example,Atomic,false,,Inline paragraph or micro-example,true,false,,1,false,High,false,Rule-based taxonomy v2; corpus-level model review and spot checks,
P212-0347,M2,2026-07-12-HW-3,2026-07-12,HW-3,Homework,Problem-8.md,Problem lesson,8,Mass Removed from a Uniform Disk,212-M2-024,MTH212.M2.24,1,1,2,19,M2/2026-07-12-HW-3/Lessons/Problem-8.md,/Users/jake/Developer/study/vault/212/M2/2026-07-12-HW-3/Lessons/Problem-8.md,A uniform disk has the same mass per unit area everywhere.,a uniform disk has the same mass per unit area everywhere,Measurement and computation,Mathematical technique | Model condition or reference choice,Geometry and trigonometry,,Recall,D2,Paragraph or micro-example,Atomic,true,Uniform-object model,Inline paragraph or micro-example,false,false,,1,false,Medium,true,Rule-based taxonomy v2; corpus-level model review and spot checks,
P212-0348,M2,2026-07-12-HW-3,2026-07-12,HW-3,Homework,Problem-8.md,Problem lesson,8,Mass Removed from a Uniform Disk,212-M2-024,MTH212.M2.24,1,1,3,20,M2/2026-07-12-HW-3/Lessons/Problem-8.md,/Users/jake/Developer/study/vault/212/M2/2026-07-12-HW-3/Lessons/Problem-8.md,Fractions may be squared: $\left(\frac{a}{b}\right)^2=\frac{a^2}{b^2}$.,fractions may be squared: (ab)^2=a^2b^2,Mathematical technique,Representation and spatial literacy,Numeracy and arithmetic,,Recall,D2,Paragraph or micro-example,Atomic,false,,Inline paragraph or micro-example,true,false,,1,false,High,false,Rule-based taxonomy v2; focused corpus QA adjustment,Focused corpus QA adjustment applied
P212-0349,M2,2026-07-12-HW-3,2026-07-12,HW-3,Homework,Problem-9.md,Problem lesson,9,Center of Mass on a Symmetry Axis,212-M2-025,MTH212.M2.25,1,1,1,20,M2/2026-07-12-HW-3/Lessons/Problem-9.md,/Users/jake/Developer/study/vault/212/M2/2026-07-12-HW-3/Lessons/Problem-9.md,Read $x$- and $y$-coordinates from a Cartesian coordinate system.,read x- and y-coordinates from a cartesian coordinate system,Representation and spatial literacy,Mathematical technique,Geometry and trigonometry,,Recognize,D2,Paragraph or micro-example,Atomic,false,,Inline paragraph or micro-example,true,false,,1,false,High,false,Rule-based taxonomy v2; corpus-level model review and spot checks,
P212-0350,M2,2026-07-12-HW-3,2026-07-12,HW-3,Homework,Problem-9.md,Problem lesson,9,Center of Mass on a Symmetry Axis,212-M2-025,MTH212.M2.25,1,1,2,21,M2/2026-07-12-HW-3/Lessons/Problem-9.md,/Users/jake/Developer/study/vault/212/M2/2026-07-12-HW-3/Lessons/Problem-9.md,Recognize reflection symmetry across the coordinate axes.,recognize reflection symmetry across the coordinate axes,Representation and spatial literacy,Mathematical technique,Geometry and trigonometry,,Recognize,D2,Paragraph or micro-example,Atomic,false,,Inline paragraph or micro-example,false,false,,1,false,High,false,Rule-based taxonomy v2; corpus-level model review and spot checks,
P212-0351,M2,2026-07-12-HW-3,2026-07-12,HW-3,Homework,Problem-9.md,Problem lesson,9,Center of Mass on a Symmetry Axis,212-M2-025,MTH212.M2.25,1,1,3,22,M2/2026-07-12-HW-3/Lessons/Problem-9.md,/Users/jake/Developer/study/vault/212/M2/2026-07-12-HW-3/Lessons/Problem-9.md,Know that the center of mass is a mass-weighted average of position.,know that the center of mass is a mass-weighted average of position,"Physics concept, law, or relation",Mathematical technique,Numeracy and arithmetic | Ratios and proportional reasoning,Center of mass and density,Recall,D2,Paragraph or micro-example,Atomic,false,,Inline paragraph or micro-example,false,false,,1,false,High,false,Rule-based taxonomy v2; focused corpus QA adjustment,Focused corpus QA adjustment applied
P212-0352,M2,2026-07-12-HW-3,2026-07-12,HW-3,Homework,Problem-10.md,Problem lesson,10,Center of Mass of an Object with a Hole,212-M2-026,MTH212.M2.26,1,1,1,20,M2/2026-07-12-HW-3/Lessons/Problem-10.md,/Users/jake/Developer/study/vault/212/M2/2026-07-12-HW-3/Lessons/Problem-10.md,Use $x_{\mathrm{cm}}=\dfrac{\sum m_i x_i}{\sum m_i}$ for discrete masses.,use xcm=\sum mi xi\sum mi for discrete masses,"Physics concept, law, or relation",,,Center of mass and density,Execute,D2,Paragraph or micro-example,Atomic,false,,Inline paragraph or micro-example,true,false,,1,false,Medium,true,Rule-based taxonomy v2; focused corpus QA adjustment,Focused corpus QA adjustment applied
P212-0353,M2,2026-07-12-HW-3,2026-07-12,HW-3,Homework,Problem-10.md,Problem lesson,10,Center of Mass of an Object with a Hole,212-M2-026,MTH212.M2.26,1,1,2,21,M2/2026-07-12-HW-3/Lessons/Problem-10.md,/Users/jake/Developer/study/vault/212/M2/2026-07-12-HW-3/Lessons/Problem-10.md,Know that a uniform lamina's mass is proportional to its area.,know that a uniform lamina's mass is proportional to its area,Mathematical technique,Model condition or reference choice,Ratios and proportional reasoning | Geometry and trigonometry,,Recall,D2,Paragraph or micro-example,Atomic,true,Uniform-object model,Inline paragraph or micro-example,false,false,,1,false,High,false,Rule-based taxonomy v2; focused corpus QA adjustment,Focused corpus QA adjustment applied
P212-0354,M2,2026-07-12-HW-3,2026-07-12,HW-3,Homework,Problem-10.md,Problem lesson,10,Center of Mass of an Object with a Hole,212-M2-026,MTH212.M2.26,1,1,3,22,M2/2026-07-12-HW-3/Lessons/Problem-10.md,/Users/jake/Developer/study/vault/212/M2/2026-07-12-HW-3/Lessons/Problem-10.md,Use the area formula $A=\pi r^2$ for a circle.,use the area formula a=\pi r^2 for a circle,Mathematical technique,,Geometry and trigonometry,,Execute,D2,Paragraph or micro-example,Atomic,false,,Inline paragraph or micro-example,true,false,,1,false,Medium,true,Rule-based taxonomy v2; corpus-level model review and spot checks,
P212-0355,M2,2026-07-13-M2-4,2026-07-13,M2-4,Lecture,Problem-1.md,Problem lesson,1,Balancing a Plank With Opposing Torques,212-M2-027,MTH212.M2.27,1,1,1,20,M2/2026-07-13-M2-4/Lessons/Problem-1.md,/Users/jake/Developer/study/vault/212/M2/2026-07-13-M2-4/Lessons/Problem-1.md,Use the torque magnitude $\tau=rF\sin\theta$.,use the torque magnitude \tau=rf\sin\theta,"Physics concept, law, or relation",Mathematical technique,Geometry and trigonometry,Torque and equilibrium,Execute,D3,Short focused lesson,Atomic,false,,Short prerequisite lesson,true,false,,1,false,Medium,true,Rule-based taxonomy v2; corpus-level model review and spot checks,
P212-0356,M2,2026-07-13-M2-4,2026-07-13,M2-4,Lecture,Problem-1.md,Problem lesson,1,Balancing a Plank With Opposing Torques,212-M2-027,MTH212.M2.27,1,1,2,21,M2/2026-07-13-M2-4/Lessons/Problem-1.md,/Users/jake/Developer/study/vault/212/M2/2026-07-13-M2-4/Lessons/Problem-1.md,Use weight $F_g=mg$.,use weight fg=mg,"Physics concept, law, or relation",,,Forces and Newtonian dynamics,Execute,D2,Paragraph or micro-example,Atomic,false,,Inline paragraph or micro-example,true,false,,1,false,Medium,true,Rule-based taxonomy v2; corpus-level model review and spot checks,
P212-0357,M2,2026-07-13-M2-4,2026-07-13,M2-4,Lecture,Problem-1.md,Problem lesson,1,Balancing a Plank With Opposing Torques,212-M2-027,MTH212.M2.27,1,1,3,22,M2/2026-07-13-M2-4/Lessons/Problem-1.md,/Users/jake/Developer/study/vault/212/M2/2026-07-13-M2-4/Lessons/Problem-1.md,Solve a one-variable proportion.,solve a one-variable proportion,Mathematical technique,,Algebra and formula manipulation | Ratios and proportional reasoning,,Execute,D2,Paragraph or micro-example,Atomic,false,,Inline paragraph or micro-example,false,false,,1,false,High,false,Rule-based taxonomy v2; corpus-level model review and spot checks,
P212-0358,M2,2026-07-13-M2-4,2026-07-13,M2-4,Lecture,Problem-1.md,Problem lesson,1,Balancing a Plank With Opposing Torques,212-M2-027,MTH212.M2.27,1,1,4,23,M2/2026-07-13-M2-4/Lessons/Problem-1.md,/Users/jake/Developer/study/vault/212/M2/2026-07-13-M2-4/Lessons/Problem-1.md,Round a result to the significant figures supported by measured data.,round a result to the significant figures supported by measured data,Measurement and computation,,,,Execute,D2,Paragraph or micro-example,Atomic,false,,Inline paragraph or micro-example,false,false,,1,false,High,false,Rule-based taxonomy v2; corpus-level model review and spot checks,
P212-0359,M2,2026-07-13-M2-4,2026-07-13,M2-4,Lecture,Problem-2.md,Problem lesson,2,Finding the Load Position at the Tipping Point,212-M2-028,MTH212.M2.28,1,1,1,19,M2/2026-07-13-M2-4/Lessons/Problem-2.md,/Users/jake/Developer/study/vault/212/M2/2026-07-13-M2-4/Lessons/Problem-2.md,A uniform board's center of mass is at its midpoint,a uniform board's center of mass is at its midpoint,"Physics concept, law, or relation",Mathematical technique | Model condition or reference choice,Geometry and trigonometry,Center of mass and density,Recall,D2,Paragraph or micro-example,Atomic,true,Uniform-object model,Inline paragraph or micro-example,false,false,,1,false,Medium,true,Rule-based taxonomy v2; focused corpus QA adjustment,Focused corpus QA adjustment applied
P212-0360,M2,2026-07-13-M2-4,2026-07-13,M2-4,Lecture,Problem-2.md,Problem lesson,2,Finding the Load Position at the Tipping Point,212-M2-028,MTH212.M2.28,1,1,2,20,M2/2026-07-13-M2-4/Lessons/Problem-2.md,/Users/jake/Developer/study/vault/212/M2/2026-07-13-M2-4/Lessons/Problem-2.md,Torque magnitude: $\tau=r_\perp F$,torque magnitude: \tau=r\perp f,"Physics concept, law, or relation",,,Torque and equilibrium,Recall,D3,Short focused lesson,Atomic,false,,Short prerequisite lesson,true,false,,1,false,High,false,Rule-based taxonomy v2; corpus-level model review and spot checks,
P212-0361,M2,2026-07-13-M2-4,2026-07-13,M2-4,Lecture,Problem-2.md,Problem lesson,2,Finding the Load Position at the Tipping Point,212-M2-028,MTH212.M2.28,1,1,3,21,M2/2026-07-13-M2-4/Lessons/Problem-2.md,/Users/jake/Developer/study/vault/212/M2/2026-07-13-M2-4/Lessons/Problem-2.md,Static rotational equilibrium: $\sum\tau=0$,static rotational equilibrium: \sum\tau=0,"Physics concept, law, or relation",,,Circular and rotational motion | Forces and Newtonian dynamics | Torque and equilibrium,Recall,D3,Short focused lesson,Atomic,false,,Short prerequisite lesson,true,false,,1,false,High,false,Rule-based taxonomy v2; focused corpus QA adjustment,Focused corpus QA adjustment applied
P212-0362,M2,2026-07-13-M2-4,2026-07-13,M2-4,Lecture,Problem-2.md,Problem lesson,2,Finding the Load Position at the Tipping Point,212-M2-028,MTH212.M2.28,1,1,4,22,M2/2026-07-13-M2-4/Lessons/Problem-2.md,/Users/jake/Developer/study/vault/212/M2/2026-07-13-M2-4/Lessons/Problem-2.md,Subtracting fractions with unlike denominators,subtracting fractions with unlike denominators,Mathematical technique,,Numeracy and arithmetic,,Execute,D2,Paragraph or micro-example,Atomic,false,,Inline paragraph or micro-example,false,false,,1,false,High,false,Rule-based taxonomy v2; corpus-level model review and spot checks,
P212-0363,M2,2026-07-13-M2-4,2026-07-13,M2-4,Lecture,Problem-3.md,Problem lesson,3,Minimum Friction for a Ladder Against a Smooth Wall,212-M2-029,MTH212.M2.29,1,1,1,18,M2/2026-07-13-M2-4/Lessons/Problem-3.md,/Users/jake/Developer/study/vault/212/M2/2026-07-13-M2-4/Lessons/Problem-3.md,"Static equilibrium: $\sum F_x=0$, $\sum F_y=0$, and $\sum\tau=0$","static equilibrium: \sum fx=0, \sum fy=0, and \sum\tau=0",Integrated modeling schema,"Physics concept, law, or relation | Model condition or reference choice",,Forces and Newtonian dynamics | Torque and equilibrium,Recall,D4,Full prerequisite lesson,Compound,true,Equilibrium or stationary condition,Full prerequisite lesson,true,false,,1,false,Medium,true,Rule-based taxonomy v2; focused corpus QA adjustment,Potentially compound prerequisite; consider splitting | High-depth prerequisite should route to dedicated remediation | Focused corpus QA adjustment applied
P212-0364,M2,2026-07-13-M2-4,2026-07-13,M2-4,Lecture,Problem-3.md,Problem lesson,3,Minimum Friction for a Ladder Against a Smooth Wall,212-M2-029,MTH212.M2.29,1,1,2,19,M2/2026-07-13-M2-4/Lessons/Problem-3.md,/Users/jake/Developer/study/vault/212/M2/2026-07-13-M2-4/Lessons/Problem-3.md,Torque magnitude: $\tau=F r_\perp$,torque magnitude: \tau=f r\perp,"Physics concept, law, or relation",,,Torque and equilibrium,Recall,D3,Short focused lesson,Atomic,false,,Short prerequisite lesson,true,false,,1,false,High,false,Rule-based taxonomy v2; corpus-level model review and spot checks,
P212-0365,M2,2026-07-13-M2-4,2026-07-13,M2-4,Lecture,Problem-3.md,Problem lesson,3,Minimum Friction for a Ladder Against a Smooth Wall,212-M2-029,MTH212.M2.29,1,1,3,20,M2/2026-07-13-M2-4/Lessons/Problem-3.md,/Users/jake/Developer/study/vault/212/M2/2026-07-13-M2-4/Lessons/Problem-3.md,Maximum static friction: $f_s=\mu_sN$ at impending slip,maximum static friction: fs=\musn at impending slip,"Physics concept, law, or relation",Model condition or reference choice,,Forces and Newtonian dynamics,Recall,D1,Retrieval cue,Atomic,true,Impending-slip condition,Inline reminder,true,false,,1,false,High,false,Rule-based taxonomy v2; focused corpus QA adjustment,Focused corpus QA adjustment applied
P212-0366,M2,2026-07-13-M2-4,2026-07-13,M2-4,Lecture,Problem-3.md,Problem lesson,3,Minimum Friction for a Ladder Against a Smooth Wall,212-M2-029,MTH212.M2.29,1,1,4,21,M2/2026-07-13-M2-4/Lessons/Problem-3.md,/Users/jake/Developer/study/vault/212/M2/2026-07-13-M2-4/Lessons/Problem-3.md,"Sine, cosine, and cotangent in a right triangle","sine, cosine, and cotangent in a right triangle",Mathematical technique,Representation and spatial literacy,Geometry and trigonometry,,Recall,D2,Paragraph or micro-example,Atomic,false,,Inline paragraph or micro-example,false,false,,1,false,High,false,Rule-based taxonomy v2; corpus-level model review and spot checks,
P212-0367,M2,2026-07-13-M2-4,2026-07-13,M2-4,Lecture,Problem-4.md,Problem lesson,4,Finding Atwood-Machine Acceleration With a Massive Pulley,212-M2-030,MTH212.M2.30,1,1,1,20,M2/2026-07-13-M2-4/Lessons/Problem-4.md,/Users/jake/Developer/study/vault/212/M2/2026-07-13-M2-4/Lessons/Problem-4.md,Apply Newton's second law with a chosen positive direction.,apply newton's second law with a chosen positive direction,"Physics concept, law, or relation",Model condition or reference choice,,Forces and Newtonian dynamics,Execute,D3,Short focused lesson,Atomic,true,Sign or direction convention,Short prerequisite lesson,false,false,,1,false,High,false,Rule-based taxonomy v2; focused corpus QA adjustment,Focused corpus QA adjustment applied
P212-0368,M2,2026-07-13-M2-4,2026-07-13,M2-4,Lecture,Problem-4.md,Problem lesson,4,Finding Atwood-Machine Acceleration With a Massive Pulley,212-M2-030,MTH212.M2.30,1,1,2,21,M2/2026-07-13-M2-4/Lessons/Problem-4.md,/Users/jake/Developer/study/vault/212/M2/2026-07-13-M2-4/Lessons/Problem-4.md,Use $\tau=I\alpha$ and the no-slip relation $\alpha=a/r$.,use \tau=i\alpha and the no-slip relation \alpha=a/r,Integrated modeling schema,"Physics concept, law, or relation | Model condition or reference choice",,Circular and rotational motion | Torque and equilibrium | Rolling and angular momentum,Integrate,D5,Multi-lesson prerequisite sequence,Compound,true,No-slip constraint,Linked prerequisite sequence or split target lesson,true,false,,2,false,Medium,true,Rule-based taxonomy v2; focused corpus QA adjustment,Potentially compound prerequisite; consider splitting | High-depth prerequisite should route to dedicated remediation | Focused corpus QA adjustment applied
P212-0369,M2,2026-07-13-M2-4,2026-07-13,M2-4,Lecture,Problem-4.md,Problem lesson,4,Finding Atwood-Machine Acceleration With a Massive Pulley,212-M2-030,MTH212.M2.30,1,1,3,22,M2/2026-07-13-M2-4/Lessons/Problem-4.md,/Users/jake/Developer/study/vault/212/M2/2026-07-13-M2-4/Lessons/Problem-4.md,Recall $I=\frac12m_pr^2$ for a uniform disk.,recall i=\frac12mpr^2 for a uniform disk,"Physics concept, law, or relation",Model condition or reference choice,,Moment of inertia,Recall,D1,Retrieval cue,Atomic,true,Uniform-object model,Inline reminder,true,false,,1,false,High,false,Rule-based taxonomy v2; focused corpus QA adjustment,Focused corpus QA adjustment applied
P212-0370,M2,2026-07-13-M2-4,2026-07-13,M2-4,Lecture,Problem-4.md,Problem lesson,4,Finding Atwood-Machine Acceleration With a Massive Pulley,212-M2-030,MTH212.M2.30,1,1,4,23,M2/2026-07-13-M2-4/Lessons/Problem-4.md,/Users/jake/Developer/study/vault/212/M2/2026-07-13-M2-4/Lessons/Problem-4.md,Simplify rational expressions by canceling common factors.,simplify rational expressions by canceling common factors,Mathematical technique,,Algebra and formula manipulation,,Execute,D2,Paragraph or micro-example,Atomic,false,,Inline paragraph or micro-example,false,false,,1,false,High,false,Rule-based taxonomy v2; corpus-level model review and spot checks,
P212-0371,M2,2026-07-14-M2-5,2026-07-14,M2-5,Lecture,Problem-1.md,Problem lesson,1,Comparing Atwood-Machine Accelerations With Pulley Inertia,212-M2-031,MTH212.M2.31,1,1,1,20,M2/2026-07-14-M2-5/Lessons/Problem-1.md,/Users/jake/Developer/study/vault/212/M2/2026-07-14-M2-5/Lessons/Problem-1.md,Apply Newton's second law to two connected masses.,apply newton's second law to two connected masses,"Physics concept, law, or relation",,,Forces and Newtonian dynamics,Execute,D3,Short focused lesson,Atomic,false,,Short prerequisite lesson,false,false,,1,false,High,false,Rule-based taxonomy v2; corpus-level model review and spot checks,
P212-0372,M2,2026-07-14-M2-5,2026-07-14,M2-5,Lecture,Problem-1.md,Problem lesson,1,Comparing Atwood-Machine Accelerations With Pulley Inertia,212-M2-031,MTH212.M2.31,1,1,2,21,M2/2026-07-14-M2-5/Lessons/Problem-1.md,/Users/jake/Developer/study/vault/212/M2/2026-07-14-M2-5/Lessons/Problem-1.md,Use $\tau=I\alpha$ and the no-slip relation $\alpha=a/r$.,use \tau=i\alpha and the no-slip relation \alpha=a/r,Integrated modeling schema,"Physics concept, law, or relation | Model condition or reference choice",,Circular and rotational motion | Torque and equilibrium | Rolling and angular momentum,Integrate,D5,Multi-lesson prerequisite sequence,Compound,true,No-slip constraint,Linked prerequisite sequence or split target lesson,true,false,,2,false,Medium,true,Rule-based taxonomy v2; focused corpus QA adjustment,Potentially compound prerequisite; consider splitting | High-depth prerequisite should route to dedicated remediation | Focused corpus QA adjustment applied
P212-0373,M2,2026-07-14-M2-5,2026-07-14,M2-5,Lecture,Problem-1.md,Problem lesson,1,Comparing Atwood-Machine Accelerations With Pulley Inertia,212-M2-031,MTH212.M2.31,1,1,3,22,M2/2026-07-14-M2-5/Lessons/Problem-1.md,/Users/jake/Developer/study/vault/212/M2/2026-07-14-M2-5/Lessons/Problem-1.md,Compare positive fractions that have the same numerator.,compare positive fractions that have the same numerator,Mathematical technique,,Numeracy and arithmetic,,Execute,D2,Paragraph or micro-example,Atomic,false,,Inline paragraph or micro-example,false,false,,1,false,High,false,Rule-based taxonomy v2; focused corpus QA adjustment,Focused corpus QA adjustment applied
P212-0374,M2,2026-07-14-M2-5,2026-07-14,M2-5,Lecture,Problem-2.md,Problem lesson,2,Speed of a Rolling Hollow Sphere From Energy,212-M2-032,MTH212.M2.32,1,1,1,19,M2/2026-07-14-M2-5/Lessons/Problem-2.md,/Users/jake/Developer/study/vault/212/M2/2026-07-14-M2-5/Lessons/Problem-2.md,Conservation of mechanical energy,conservation of mechanical energy,"Physics concept, law, or relation",,,Energy and momentum,Recall,D1,Retrieval cue,Atomic,false,,Inline reminder,false,false,,1,false,High,false,Rule-based taxonomy v2; corpus-level model review and spot checks,
P212-0375,M2,2026-07-14-M2-5,2026-07-14,M2-5,Lecture,Problem-2.md,Problem lesson,2,Speed of a Rolling Hollow Sphere From Energy,212-M2-032,MTH212.M2.32,1,1,2,20,M2/2026-07-14-M2-5/Lessons/Problem-2.md,/Users/jake/Developer/study/vault/212/M2/2026-07-14-M2-5/Lessons/Problem-2.md,Translational kinetic energy: $\frac12mv^2$,translational kinetic energy: \frac12mv^2,"Physics concept, law, or relation",,,Energy and momentum,Recall,D2,Paragraph or micro-example,Atomic,false,,Inline paragraph or micro-example,true,false,,1,false,High,false,Rule-based taxonomy v2; focused corpus QA adjustment,Focused corpus QA adjustment applied
P212-0376,M2,2026-07-14-M2-5,2026-07-14,M2-5,Lecture,Problem-2.md,Problem lesson,2,Speed of a Rolling Hollow Sphere From Energy,212-M2-032,MTH212.M2.32,1,1,3,21,M2/2026-07-14-M2-5/Lessons/Problem-2.md,/Users/jake/Developer/study/vault/212/M2/2026-07-14-M2-5/Lessons/Problem-2.md,Rotational kinetic energy: $\frac12I\omega^2$,rotational kinetic energy: \frac12i\omega^2,"Physics concept, law, or relation",,,Circular and rotational motion | Energy and momentum,Recall,D2,Paragraph or micro-example,Atomic,false,,Inline paragraph or micro-example,true,false,,1,false,High,false,Rule-based taxonomy v2; focused corpus QA adjustment,Focused corpus QA adjustment applied
P212-0377,M2,2026-07-14-M2-5,2026-07-14,M2-5,Lecture,Problem-2.md,Problem lesson,2,Speed of a Rolling Hollow Sphere From Energy,212-M2-032,MTH212.M2.32,1,1,4,22,M2/2026-07-14-M2-5/Lessons/Problem-2.md,/Users/jake/Developer/study/vault/212/M2/2026-07-14-M2-5/Lessons/Problem-2.md,The no-slip condition: $\omega=v/r$,the no-slip condition: \omega=v/r,"Physics concept, law, or relation",Model condition or reference choice,,Circular and rotational motion | Rolling and angular momentum,Recall,D3,Short focused lesson,Atomic,true,No-slip constraint,Short prerequisite lesson,true,false,,1,false,High,false,Rule-based taxonomy v2; focused corpus QA adjustment,Focused corpus QA adjustment applied
P212-0378,M2,2026-07-14-M2-5,2026-07-14,M2-5,Lecture,Problem-2.md,Problem lesson,2,Speed of a Rolling Hollow Sphere From Energy,212-M2-032,MTH212.M2.32,1,1,5,23,M2/2026-07-14-M2-5/Lessons/Problem-2.md,/Users/jake/Developer/study/vault/212/M2/2026-07-14-M2-5/Lessons/Problem-2.md,The sine ratio in a right triangle,the sine ratio in a right triangle,Mathematical technique,Representation and spatial literacy,Ratios and proportional reasoning | Geometry and trigonometry,,Recall,D2,Paragraph or micro-example,Atomic,false,,Inline paragraph or micro-example,false,false,,1,false,High,false,Rule-based taxonomy v2; corpus-level model review and spot checks,
P212-0379,M2,2026-07-14-M2-5,2026-07-14,M2-5,Lecture,Problem-3.md,Problem lesson,3,Angular Speed After Rotating Cups Collect Rain,212-M2-033,MTH212.M2.33,1,1,1,18,M2/2026-07-14-M2-5/Lessons/Problem-3.md,/Users/jake/Developer/study/vault/212/M2/2026-07-14-M2-5/Lessons/Problem-3.md,Angular momentum of a rigidly rotating system: $L=I\omega$,angular momentum of a rigidly rotating system: l=i\omega,"Physics concept, law, or relation",,,Circular and rotational motion | Energy and momentum | Rolling and angular momentum,Recall,D2,Paragraph or micro-example,Atomic,false,,Inline paragraph or micro-example,true,false,,1,false,High,false,Rule-based taxonomy v2; focused corpus QA adjustment,Focused corpus QA adjustment applied
P212-0380,M2,2026-07-14-M2-5,2026-07-14,M2-5,Lecture,Problem-3.md,Problem lesson,3,Angular Speed After Rotating Cups Collect Rain,212-M2-033,MTH212.M2.33,1,1,2,19,M2/2026-07-14-M2-5/Lessons/Problem-3.md,/Users/jake/Developer/study/vault/212/M2/2026-07-14-M2-5/Lessons/Problem-3.md,Point-mass moment of inertia: $I=mr^2$,point-mass moment of inertia: i=mr^2,"Physics concept, law, or relation",,,Moment of inertia,Recall,D3,Short focused lesson,Atomic,false,,Short prerequisite lesson,true,false,,2,false,High,false,Rule-based taxonomy v2; corpus-level model review and spot checks,
P212-0381,M2,2026-07-14-M2-5,2026-07-14,M2-5,Lecture,Problem-3.md,Problem lesson,3,Angular Speed After Rotating Cups Collect Rain,212-M2-033,MTH212.M2.33,1,1,3,20,M2/2026-07-14-M2-5/Lessons/Problem-3.md,/Users/jake/Developer/study/vault/212/M2/2026-07-14-M2-5/Lessons/Problem-3.md,Conservation of angular momentum when external torque is negligible,conservation of angular momentum when external torque is negligible,"Physics concept, law, or relation",Model condition or reference choice,,Torque and equilibrium | Energy and momentum | Rolling and angular momentum,Recall,D3,Short focused lesson,Atomic,false,,Short prerequisite lesson,false,false,,2,false,High,false,Rule-based taxonomy v2; focused corpus QA adjustment,Focused corpus QA adjustment applied
P212-0382,M2,2026-07-14-M2-5,2026-07-14,M2-5,Lecture,Problem-3.md,Problem lesson,3,Angular Speed After Rotating Cups Collect Rain,212-M2-033,MTH212.M2.33,1,1,4,21,M2/2026-07-14-M2-5/Lessons/Problem-3.md,/Users/jake/Developer/study/vault/212/M2/2026-07-14-M2-5/Lessons/Problem-3.md,Multiplicative-factor reasoning,multiplicative-factor reasoning,Mathematical technique,,Algebra and formula manipulation,,Recall,D2,Paragraph or micro-example,Atomic,false,,Inline paragraph or micro-example,false,false,,1,false,High,false,Rule-based taxonomy v2; corpus-level model review and spot checks,
P212-0383,M2,2026-07-14-M2-5,2026-07-14,M2-5,Lecture,Problem-4.md,Problem lesson,4,Mechanical Energy Lost When Rotating Cups Capture Rain,212-M2-034,MTH212.M2.34,1,1,1,18,M2/2026-07-14-M2-5/Lessons/Problem-4.md,/Users/jake/Developer/study/vault/212/M2/2026-07-14-M2-5/Lessons/Problem-4.md,Angular momentum: $L=I\omega$,angular momentum: l=i\omega,"Physics concept, law, or relation",,,Circular and rotational motion | Energy and momentum | Rolling and angular momentum,Recall,D2,Paragraph or micro-example,Atomic,false,,Inline paragraph or micro-example,true,false,,1,false,High,false,Rule-based taxonomy v2; focused corpus QA adjustment,Focused corpus QA adjustment applied
P212-0384,M2,2026-07-14-M2-5,2026-07-14,M2-5,Lecture,Problem-4.md,Problem lesson,4,Mechanical Energy Lost When Rotating Cups Capture Rain,212-M2-034,MTH212.M2.34,1,1,2,19,M2/2026-07-14-M2-5/Lessons/Problem-4.md,/Users/jake/Developer/study/vault/212/M2/2026-07-14-M2-5/Lessons/Problem-4.md,Rotational kinetic energy: $K=\frac12I\omega^2$,rotational kinetic energy: k=\frac12i\omega^2,"Physics concept, law, or relation",,,Circular and rotational motion | Energy and momentum,Recall,D2,Paragraph or micro-example,Atomic,false,,Inline paragraph or micro-example,true,false,,1,false,High,false,Rule-based taxonomy v2; focused corpus QA adjustment,Focused corpus QA adjustment applied
P212-0385,M2,2026-07-14-M2-5,2026-07-14,M2-5,Lecture,Problem-4.md,Problem lesson,4,Mechanical Energy Lost When Rotating Cups Capture Rain,212-M2-034,MTH212.M2.34,1,1,3,20,M2/2026-07-14-M2-5/Lessons/Problem-4.md,/Users/jake/Developer/study/vault/212/M2/2026-07-14-M2-5/Lessons/Problem-4.md,Point-mass moment of inertia: $I=mr^2$,point-mass moment of inertia: i=mr^2,"Physics concept, law, or relation",,,Moment of inertia,Recall,D3,Short focused lesson,Atomic,false,,Short prerequisite lesson,true,false,,2,false,High,false,Rule-based taxonomy v2; corpus-level model review and spot checks,
P212-0386,M2,2026-07-14-M2-5,2026-07-14,M2-5,Lecture,Problem-4.md,Problem lesson,4,Mechanical Energy Lost When Rotating Cups Capture Rain,212-M2-034,MTH212.M2.34,1,1,4,21,M2/2026-07-14-M2-5/Lessons/Problem-4.md,/Users/jake/Developer/study/vault/212/M2/2026-07-14-M2-5/Lessons/Problem-4.md,Conservation of angular momentum when external torque is negligible,conservation of angular momentum when external torque is negligible,"Physics concept, law, or relation",Model condition or reference choice,,Torque and equilibrium | Energy and momentum | Rolling and angular momentum,Recall,D3,Short focused lesson,Atomic,false,,Short prerequisite lesson,false,false,,2,false,High,false,Rule-based taxonomy v2; focused corpus QA adjustment,Focused corpus QA adjustment applied
P212-0387,M2,2026-07-14-M2-5,2026-07-14,M2-5,Lecture,Problem-5.md,Problem lesson,5,Finding Angular Speed After a Bullet Embeds in a Rotor,212-M2-035,MTH212.M2.35,1,1,1,20,M2/2026-07-14-M2-5/Lessons/Problem-5.md,/Users/jake/Developer/study/vault/212/M2/2026-07-14-M2-5/Lessons/Problem-5.md,Use $L=I\omega$ for a rigid body rotating about a fixed axis.,use l=i\omega for a rigid body rotating about a fixed axis,"Physics concept, law, or relation",Representation and spatial literacy | Model condition or reference choice,,Circular and rotational motion,Execute,D2,Paragraph or micro-example,Atomic,true,"Reference axis, pivot, or origin",Inline paragraph or micro-example,true,false,,1,false,Medium,true,Rule-based taxonomy v2; focused corpus QA adjustment,Focused corpus QA adjustment applied
P212-0388,M2,2026-07-14-M2-5,2026-07-14,M2-5,Lecture,Problem-5.md,Problem lesson,5,Finding Angular Speed After a Bullet Embeds in a Rotor,212-M2-035,MTH212.M2.35,1,1,2,21,M2/2026-07-14-M2-5/Lessons/Problem-5.md,/Users/jake/Developer/study/vault/212/M2/2026-07-14-M2-5/Lessons/Problem-5.md,Use $L=mvb$ for a particle whose line of motion has perpendicular distance $b$ from an axis.,use l=mvb for a particle whose line of motion has perpendicular distance b from an axis,Mathematical technique,Representation and spatial literacy,Geometry and trigonometry,,Execute,D2,Paragraph or micro-example,Atomic,false,,Inline paragraph or micro-example,true,false,,1,false,Medium,true,Rule-based taxonomy v2; focused corpus QA adjustment,Focused corpus QA adjustment applied
P212-0389,M2,2026-07-14-M2-5,2026-07-14,M2-5,Lecture,Problem-5.md,Problem lesson,5,Finding Angular Speed After a Bullet Embeds in a Rotor,212-M2-035,MTH212.M2.35,1,1,3,22,M2/2026-07-14-M2-5/Lessons/Problem-5.md,/Users/jake/Developer/study/vault/212/M2/2026-07-14-M2-5/Lessons/Problem-5.md,Recall $I=\frac12Mr^2$ for a solid uniform cylinder about its central axis.,recall i=\frac12mr^2 for a solid uniform cylinder about its central axis,"Physics concept, law, or relation",Representation and spatial literacy | Model condition or reference choice,,Moment of inertia,Recall,D1,Retrieval cue,Atomic,true,Uniform-object model,Inline reminder,true,false,,1,false,Medium,true,Rule-based taxonomy v2; focused corpus QA adjustment,Focused corpus QA adjustment applied
P212-0390,M2,2026-07-14-M2-5,2026-07-14,M2-5,Lecture,Problem-5.md,Problem lesson,5,Finding Angular Speed After a Bullet Embeds in a Rotor,212-M2-035,MTH212.M2.35,1,1,4,23,M2/2026-07-14-M2-5/Lessons/Problem-5.md,/Users/jake/Developer/study/vault/212/M2/2026-07-14-M2-5/Lessons/Problem-5.md,Round a final result to the significant figures supported by measured data.,round a final result to the significant figures supported by measured data,Measurement and computation,,,,Execute,D2,Paragraph or micro-example,Atomic,false,,Inline paragraph or micro-example,false,false,,1,false,High,false,Rule-based taxonomy v2; corpus-level model review and spot checks,
P212-0391,M2,2026-07-14-M2-6,2026-07-14,M2-6,Lecture,Problem-1.md,Problem lesson,1,Predicting Angular Speed When Mass Is Added,212-M2-036,MTH212.M2.36,1,1,1,20,M2/2026-07-14-M2-6/Lessons/Problem-1.md,/Users/jake/Developer/study/vault/212/M2/2026-07-14-M2-6/Lessons/Problem-1.md,Use the relation $L=I\omega$ for rotation about a fixed axis.,use the relation l=i\omega for rotation about a fixed axis,"Physics concept, law, or relation",Representation and spatial literacy | Model condition or reference choice,,Circular and rotational motion,Execute,D2,Paragraph or micro-example,Atomic,true,"Reference axis, pivot, or origin",Inline paragraph or micro-example,true,false,,1,false,Medium,true,Rule-based taxonomy v2; focused corpus QA adjustment,Focused corpus QA adjustment applied
P212-0392,M2,2026-07-14-M2-6,2026-07-14,M2-6,Lecture,Problem-1.md,Problem lesson,1,Predicting Angular Speed When Mass Is Added,212-M2-036,MTH212.M2.36,1,1,2,21,M2/2026-07-14-M2-6/Lessons/Problem-1.md,/Users/jake/Developer/study/vault/212/M2/2026-07-14-M2-6/Lessons/Problem-1.md,Recognize that mass farther from a rotation axis contributes to moment of inertia.,recognize that mass farther from a rotation axis contributes to moment of inertia,Representation and spatial literacy,"Semantic and physical interpretation | Physics concept, law, or relation | Model condition or reference choice",,Circular and rotational motion | Moment of inertia,Recognize,D3,Short focused lesson,Atomic,true,"Reference axis, pivot, or origin",Short prerequisite lesson,false,false,,1,false,Medium,true,Rule-based taxonomy v2; corpus-level model review and spot checks,
P212-0393,M2,2026-07-14-M2-6,2026-07-14,M2-6,Lecture,Problem-1.md,Problem lesson,1,Predicting Angular Speed When Mass Is Added,212-M2-036,MTH212.M2.36,1,1,3,22,M2/2026-07-14-M2-6/Lessons/Problem-1.md,/Users/jake/Developer/study/vault/212/M2/2026-07-14-M2-6/Lessons/Problem-1.md,Compare positive quantities using a ratio.,compare positive quantities using a ratio,Mathematical technique,,Ratios and proportional reasoning,,Execute,D2,Paragraph or micro-example,Atomic,false,,Inline paragraph or micro-example,false,false,,1,false,High,false,Rule-based taxonomy v2; corpus-level model review and spot checks,
P212-0394,M2,2026-07-15-HW-4,2026-07-15,HW-4,Homework,Problem-1.md,Problem lesson,1,Comparing Rolling Objects on an Incline,212-M2-037,MTH212.M2.37,1,1,1,20,M2/2026-07-15-HW-4/Lessons/Problem-1.md,/Users/jake/Developer/study/vault/212/M2/2026-07-15-HW-4/Lessons/Problem-1.md,Apply Newton's second law along an incline.,apply newton's second law along an incline,Integrated modeling schema,"Physics concept, law, or relation",,Forces and Newtonian dynamics,Execute,D3,Short focused lesson,Atomic,false,,Short prerequisite lesson,false,false,,1,false,High,false,Rule-based taxonomy v2; focused corpus QA adjustment,Focused corpus QA adjustment applied
P212-0395,M2,2026-07-15-HW-4,2026-07-15,HW-4,Homework,Problem-1.md,Problem lesson,1,Comparing Rolling Objects on an Incline,212-M2-037,MTH212.M2.37,1,1,2,21,M2/2026-07-15-HW-4/Lessons/Problem-1.md,/Users/jake/Developer/study/vault/212/M2/2026-07-15-HW-4/Lessons/Problem-1.md,Use $\tau=I\alpha$ and the rolling-without-slipping condition $a=\alpha r$.,use \tau=i\alpha and the rolling-without-slipping condition a=\alpha r,Integrated modeling schema,"Physics concept, law, or relation | Model condition or reference choice",,Circular and rotational motion | Torque and equilibrium,Execute,D2,Paragraph or micro-example,Compound,true,No-slip constraint,Inline paragraph or micro-example,true,false,,1,false,Medium,true,Rule-based taxonomy v2; focused corpus QA adjustment,Potentially compound prerequisite; consider splitting | Focused corpus QA adjustment applied
P212-0396,M2,2026-07-15-HW-4,2026-07-15,HW-4,Homework,Problem-1.md,Problem lesson,1,Comparing Rolling Objects on an Incline,212-M2-037,MTH212.M2.37,1,1,3,22,M2/2026-07-15-HW-4/Lessons/Problem-1.md,/Users/jake/Developer/study/vault/212/M2/2026-07-15-HW-4/Lessons/Problem-1.md,Recognize $I=\frac12mr^2$ for a uniform solid cylinder.,recognize i=\frac12mr^2 for a uniform solid cylinder,"Physics concept, law, or relation",Model condition or reference choice,,Moment of inertia,Recognize,D1,Retrieval cue,Atomic,true,Uniform-object model,Inline reminder,true,false,,1,false,High,false,Rule-based taxonomy v2; focused corpus QA adjustment,Focused corpus QA adjustment applied
P212-0397,M2,2026-07-15-HW-4,2026-07-15,HW-4,Homework,Problem-1.md,Problem lesson,1,Comparing Rolling Objects on an Incline,212-M2-037,MTH212.M2.37,1,1,4,23,M2/2026-07-15-HW-4/Lessons/Problem-1.md,/Users/jake/Developer/study/vault/212/M2/2026-07-15-HW-4/Lessons/Problem-1.md,Use $L=\frac12at^2$ for motion from rest with constant acceleration.,use l=\frac12at^2 for motion from rest with constant acceleration,"Physics concept, law, or relation",Model condition or reference choice,,Kinematics,Execute,D2,Paragraph or micro-example,Atomic,true,Fixed or constant quantity,Inline paragraph or micro-example,true,false,,1,false,Medium,true,Rule-based taxonomy v2; corpus-level model review and spot checks,
P212-0398,M2,2026-07-15-HW-4,2026-07-15,HW-4,Homework,Problem-2.md,Problem lesson,2,Time for a Solid Cylinder to Roll Down a Ramp,212-M2-038,MTH212.M2.38,1,1,1,19,M2/2026-07-15-HW-4/Lessons/Problem-2.md,/Users/jake/Developer/study/vault/212/M2/2026-07-15-HW-4/Lessons/Problem-2.md,Newton's second law for translation and rotation,newton's second law for translation and rotation,Integrated modeling schema,"Physics concept, law, or relation",,Circular and rotational motion | Forces and Newtonian dynamics,Integrate,D5,Multi-lesson prerequisite sequence,Compound,false,,Linked prerequisite sequence or split target lesson,false,false,,1,false,Medium,true,Rule-based taxonomy v2; focused corpus QA adjustment,Potentially compound prerequisite; consider splitting | High-depth prerequisite should route to dedicated remediation | Focused corpus QA adjustment applied
P212-0399,M2,2026-07-15-HW-4,2026-07-15,HW-4,Homework,Problem-2.md,Problem lesson,2,Time for a Solid Cylinder to Roll Down a Ramp,212-M2-038,MTH212.M2.38,1,1,2,20,M2/2026-07-15-HW-4/Lessons/Problem-2.md,/Users/jake/Developer/study/vault/212/M2/2026-07-15-HW-4/Lessons/Problem-2.md,The solid-cylinder moment of inertia $I=\frac12 mr^2$,the solid-cylinder moment of inertia i=\frac12 mr^2,"Physics concept, law, or relation",,,Moment of inertia,Recall,D3,Short focused lesson,Atomic,false,,Short prerequisite lesson,true,false,,1,false,High,false,Rule-based taxonomy v2; corpus-level model review and spot checks,
P212-0400,M2,2026-07-15-HW-4,2026-07-15,HW-4,Homework,Problem-2.md,Problem lesson,2,Time for a Solid Cylinder to Roll Down a Ramp,212-M2-038,MTH212.M2.38,1,1,3,21,M2/2026-07-15-HW-4/Lessons/Problem-2.md,/Users/jake/Developer/study/vault/212/M2/2026-07-15-HW-4/Lessons/Problem-2.md,The rolling-without-slipping relation $a=\alpha r$,the rolling-without-slipping relation a=\alpha r,"Physics concept, law, or relation",Model condition or reference choice,,Circular and rotational motion,Recall,D3,Short focused lesson,Atomic,true,No-slip constraint,Short prerequisite lesson,true,false,,1,false,High,false,Rule-based taxonomy v2; focused corpus QA adjustment,Focused corpus QA adjustment applied
P212-0401,M2,2026-07-15-HW-4,2026-07-15,HW-4,Homework,Problem-2.md,Problem lesson,2,Time for a Solid Cylinder to Roll Down a Ramp,212-M2-038,MTH212.M2.38,1,1,4,22,M2/2026-07-15-HW-4/Lessons/Problem-2.md,/Users/jake/Developer/study/vault/212/M2/2026-07-15-HW-4/Lessons/Problem-2.md,Constant-acceleration kinematics from rest,constant-acceleration kinematics from rest,"Physics concept, law, or relation",Model condition or reference choice,,Kinematics,Recall,D3,Short focused lesson,Atomic,true,Fixed or constant quantity,Short prerequisite lesson,false,false,,1,false,High,false,Rule-based taxonomy v2; focused corpus QA adjustment,Focused corpus QA adjustment applied
P212-0402,M2,2026-07-15-HW-4,2026-07-15,HW-4,Homework,Problem-2.md,Problem lesson,2,Time for a Solid Cylinder to Roll Down a Ramp,212-M2-038,MTH212.M2.38,1,1,5,23,M2/2026-07-15-HW-4/Lessons/Problem-2.md,/Users/jake/Developer/study/vault/212/M2/2026-07-15-HW-4/Lessons/Problem-2.md,Right-triangle sine: $\sin\theta=\frac{h}{L}$,right-triangle sine: \sin\theta=hl,Mathematical technique,Representation and spatial literacy,Geometry and trigonometry,,Recall,D2,Paragraph or micro-example,Atomic,false,,Inline paragraph or micro-example,true,false,,1,false,High,false,Rule-based taxonomy v2; corpus-level model review and spot checks,
P212-0403,M2,2026-07-15-HW-4,2026-07-15,HW-4,Homework,Problem-3.md,Problem lesson,3,Speed of a Rolling Solid Cylinder From Energy,212-M2-039,MTH212.M2.39,1,1,1,19,M2/2026-07-15-HW-4/Lessons/Problem-3.md,/Users/jake/Developer/study/vault/212/M2/2026-07-15-HW-4/Lessons/Problem-3.md,Gravitational potential energy: $U_g=mgh$,gravitational potential energy: ug=mgh,"Physics concept, law, or relation",,,Energy and momentum,Recall,D2,Paragraph or micro-example,Atomic,false,,Inline paragraph or micro-example,true,false,,1,false,High,false,Rule-based taxonomy v2; focused corpus QA adjustment,Focused corpus QA adjustment applied
P212-0404,M2,2026-07-15-HW-4,2026-07-15,HW-4,Homework,Problem-3.md,Problem lesson,3,Speed of a Rolling Solid Cylinder From Energy,212-M2-039,MTH212.M2.39,1,1,2,20,M2/2026-07-15-HW-4/Lessons/Problem-3.md,/Users/jake/Developer/study/vault/212/M2/2026-07-15-HW-4/Lessons/Problem-3.md,Translational kinetic energy: $K_{\mathrm{trans}}=\frac12mv^2$,translational kinetic energy: ktrans=\frac12mv^2,"Physics concept, law, or relation",,,Energy and momentum,Recall,D2,Paragraph or micro-example,Atomic,false,,Inline paragraph or micro-example,true,false,,1,false,High,false,Rule-based taxonomy v2; focused corpus QA adjustment,Focused corpus QA adjustment applied
P212-0405,M2,2026-07-15-HW-4,2026-07-15,HW-4,Homework,Problem-3.md,Problem lesson,3,Speed of a Rolling Solid Cylinder From Energy,212-M2-039,MTH212.M2.39,1,1,3,21,M2/2026-07-15-HW-4/Lessons/Problem-3.md,/Users/jake/Developer/study/vault/212/M2/2026-07-15-HW-4/Lessons/Problem-3.md,Rotational kinetic energy: $K_{\mathrm{rot}}=\frac12I\omega^2$,rotational kinetic energy: krot=\frac12i\omega^2,"Physics concept, law, or relation",,,Circular and rotational motion | Energy and momentum,Recall,D2,Paragraph or micro-example,Atomic,false,,Inline paragraph or micro-example,true,false,,1,false,High,false,Rule-based taxonomy v2; focused corpus QA adjustment,Focused corpus QA adjustment applied
P212-0406,M2,2026-07-15-HW-4,2026-07-15,HW-4,Homework,Problem-3.md,Problem lesson,3,Speed of a Rolling Solid Cylinder From Energy,212-M2-039,MTH212.M2.39,1,1,4,22,M2/2026-07-15-HW-4/Lessons/Problem-3.md,/Users/jake/Developer/study/vault/212/M2/2026-07-15-HW-4/Lessons/Problem-3.md,Rolling without slipping: $v=\omega R$,rolling without slipping: v=\omega r,"Physics concept, law, or relation",Model condition or reference choice,,Circular and rotational motion | Rolling and angular momentum,Recall,D3,Short focused lesson,Atomic,true,No-slip constraint,Short prerequisite lesson,true,false,,1,false,High,false,Rule-based taxonomy v2; focused corpus QA adjustment,Focused corpus QA adjustment applied
P212-0407,M2,2026-07-15-HW-4,2026-07-15,HW-4,Homework,Problem-4.md,Problem lesson,4,Total Kinetic Energy From a Loss of Height,212-M2-040,MTH212.M2.40,1,1,1,19,M2/2026-07-15-HW-4/Lessons/Problem-4.md,/Users/jake/Developer/study/vault/212/M2/2026-07-15-HW-4/Lessons/Problem-4.md,Gravitational potential energy near Earth's surface: $U_g=mgy$,gravitational potential energy near earth's surface: ug=mgy,"Physics concept, law, or relation",,,Energy and momentum,Recall,D2,Paragraph or micro-example,Atomic,false,,Inline paragraph or micro-example,true,false,,1,false,High,false,Rule-based taxonomy v2; focused corpus QA adjustment,Focused corpus QA adjustment applied
P212-0408,M2,2026-07-15-HW-4,2026-07-15,HW-4,Homework,Problem-4.md,Problem lesson,4,Total Kinetic Energy From a Loss of Height,212-M2-040,MTH212.M2.40,1,1,2,20,M2/2026-07-15-HW-4/Lessons/Problem-4.md,/Users/jake/Developer/study/vault/212/M2/2026-07-15-HW-4/Lessons/Problem-4.md,Conservation of mechanical energy when dissipative losses are negligible,conservation of mechanical energy when dissipative losses are negligible,"Physics concept, law, or relation",Model condition or reference choice,,Energy and momentum,Recall,D1,Retrieval cue,Atomic,true,Negligible-loss or frictionless model,Inline reminder,false,false,,2,false,High,false,Rule-based taxonomy v2; corpus-level model review and spot checks,
P212-0409,M2,2026-07-15-HW-4,2026-07-15,HW-4,Homework,Problem-4.md,Problem lesson,4,Total Kinetic Energy From a Loss of Height,212-M2-040,MTH212.M2.40,1,1,3,21,M2/2026-07-15-HW-4/Lessons/Problem-4.md,/Users/jake/Developer/study/vault/212/M2/2026-07-15-HW-4/Lessons/Problem-4.md,Translational and rotational kinetic energy are both parts of total kinetic energy,translational and rotational kinetic energy are both parts of total kinetic energy,"Physics concept, law, or relation",,,Circular and rotational motion | Energy and momentum,Recall,D2,Paragraph or micro-example,Atomic,false,,Inline paragraph or micro-example,false,false,,1,false,High,false,Rule-based taxonomy v2; focused corpus QA adjustment,Focused corpus QA adjustment applied
P212-0410,M2,2026-07-15-HW-4,2026-07-15,HW-4,Homework,Problem-5.md,Problem lesson,5,Acceleration of a Yo-Yo Pulled at Its Axle,212-M2-041,MTH212.M2.41,1,1,1,19,M2/2026-07-15-HW-4/Lessons/Problem-5.md,/Users/jake/Developer/study/vault/212/M2/2026-07-15-HW-4/Lessons/Problem-5.md,Translational Newton's second law: $\sum F_x=Ma$,translational newton's second law: \sum fx=ma,"Physics concept, law, or relation",,,Forces and Newtonian dynamics,Recall,D3,Short focused lesson,Atomic,false,,Short prerequisite lesson,true,false,,1,false,High,false,Rule-based taxonomy v2; corpus-level model review and spot checks,
P212-0411,M2,2026-07-15-HW-4,2026-07-15,HW-4,Homework,Problem-5.md,Problem lesson,5,Acceleration of a Yo-Yo Pulled at Its Axle,212-M2-041,MTH212.M2.41,1,1,2,20,M2/2026-07-15-HW-4/Lessons/Problem-5.md,/Users/jake/Developer/study/vault/212/M2/2026-07-15-HW-4/Lessons/Problem-5.md,Rotational Newton's second law about the center of mass: $\sum\tau_{\mathrm{CM}}=I\alpha$,rotational newton's second law about the center of mass: \sum\taucm=i\alpha,"Physics concept, law, or relation",,,Circular and rotational motion | Forces and Newtonian dynamics | Center of mass and density | Torque and equilibrium,Recall,D3,Short focused lesson,Atomic,false,,Short prerequisite lesson,true,false,,1,false,High,false,Rule-based taxonomy v2; corpus-level model review and spot checks,
P212-0412,M2,2026-07-15-HW-4,2026-07-15,HW-4,Homework,Problem-5.md,Problem lesson,5,Acceleration of a Yo-Yo Pulled at Its Axle,212-M2-041,MTH212.M2.41,1,1,3,21,M2/2026-07-15-HW-4/Lessons/Problem-5.md,/Users/jake/Developer/study/vault/212/M2/2026-07-15-HW-4/Lessons/Problem-5.md,The uniform-cylinder moment of inertia: $I=\frac12MR^2$,the uniform-cylinder moment of inertia: i=\frac12mr^2,"Physics concept, law, or relation",Model condition or reference choice,,Moment of inertia,Recall,D3,Short focused lesson,Atomic,true,Uniform-object model,Short prerequisite lesson,true,false,,1,false,High,false,Rule-based taxonomy v2; focused corpus QA adjustment,Focused corpus QA adjustment applied
P212-0413,M2,2026-07-15-HW-4,2026-07-15,HW-4,Homework,Problem-5.md,Problem lesson,5,Acceleration of a Yo-Yo Pulled at Its Axle,212-M2-041,MTH212.M2.41,1,1,4,22,M2/2026-07-15-HW-4/Lessons/Problem-5.md,/Users/jake/Developer/study/vault/212/M2/2026-07-15-HW-4/Lessons/Problem-5.md,The rolling-without-slipping constraint,the rolling-without-slipping constraint,Model condition or reference choice,,,,Recall,D3,Short focused lesson,Atomic,true,No-slip constraint,Short prerequisite lesson,false,false,,1,false,High,false,Rule-based taxonomy v2; focused corpus QA adjustment,Focused corpus QA adjustment applied
P212-0414,M2,2026-07-15-HW-4,2026-07-15,HW-4,Homework,Problem-6.md,Problem lesson,6,Balancing a Rod and Sphere About a Support,212-M2-042,MTH212.M2.42,1,1,1,20,M2/2026-07-15-HW-4/Lessons/Problem-6.md,/Users/jake/Developer/study/vault/212/M2/2026-07-15-HW-4/Lessons/Problem-6.md,The weight of an object of mass $M$ is $Mg$.,the weight of an object of mass m is mg,"Physics concept, law, or relation",,,Forces and Newtonian dynamics,Recall,D1,Retrieval cue,Atomic,false,,Inline reminder,true,false,,1,false,High,false,Rule-based taxonomy v2; corpus-level model review and spot checks,
P212-0415,M2,2026-07-15-HW-4,2026-07-15,HW-4,Homework,Problem-6.md,Problem lesson,6,Balancing a Rod and Sphere About a Support,212-M2-042,MTH212.M2.42,1,1,2,21,M2/2026-07-15-HW-4/Lessons/Problem-6.md,/Users/jake/Developer/study/vault/212/M2/2026-07-15-HW-4/Lessons/Problem-6.md,A uniform rod's center of mass is at its midpoint.,a uniform rod's center of mass is at its midpoint,"Physics concept, law, or relation",Mathematical technique | Model condition or reference choice,Geometry and trigonometry,Center of mass and density,Recall,D2,Paragraph or micro-example,Atomic,true,Uniform-object model,Inline paragraph or micro-example,false,false,,1,false,Medium,true,Rule-based taxonomy v2; corpus-level model review and spot checks,
P212-0416,M2,2026-07-15-HW-4,2026-07-15,HW-4,Homework,Problem-6.md,Problem lesson,6,Balancing a Rod and Sphere About a Support,212-M2-042,MTH212.M2.42,1,1,3,22,M2/2026-07-15-HW-4/Lessons/Problem-6.md,/Users/jake/Developer/study/vault/212/M2/2026-07-15-HW-4/Lessons/Problem-6.md,The magnitude of a torque is $\tau=r_\perp F$.,the magnitude of a torque is \tau=r\perp f,"Physics concept, law, or relation",,,Torque and equilibrium,Recall,D3,Short focused lesson,Atomic,false,,Short prerequisite lesson,true,false,,1,false,High,false,Rule-based taxonomy v2; corpus-level model review and spot checks,
P212-0417,M2,2026-07-15-HW-4,2026-07-15,HW-4,Homework,Problem-6.md,Problem lesson,6,Balancing a Rod and Sphere About a Support,212-M2-042,MTH212.M2.42,1,1,4,23,M2/2026-07-15-HW-4/Lessons/Problem-6.md,/Users/jake/Developer/study/vault/212/M2/2026-07-15-HW-4/Lessons/Problem-6.md,Static equilibrium requires $\sum \tau=0$.,static equilibrium requires \sum \tau=0,"Physics concept, law, or relation",Model condition or reference choice,,Forces and Newtonian dynamics | Torque and equilibrium,Recall,D3,Short focused lesson,Atomic,true,Equilibrium or stationary condition,Short prerequisite lesson,true,false,,1,false,High,false,Rule-based taxonomy v2; focused corpus QA adjustment,Focused corpus QA adjustment applied
P212-0418,M2,2026-07-15-HW-4,2026-07-15,HW-4,Homework,Problem-7.md,Problem lesson,7,Choosing the Rotation Axis After an Off-Center Collision,212-M2-043,MTH212.M2.43,1,1,1,20,M2/2026-07-15-HW-4/Lessons/Problem-7.md,/Users/jake/Developer/study/vault/212/M2/2026-07-15-HW-4/Lessons/Problem-7.md,Interpret center of mass as a mass-weighted average position.,interpret center of mass as a mass-weighted average position,Semantic and physical interpretation,"Mathematical technique | Physics concept, law, or relation",Numeracy and arithmetic | Ratios and proportional reasoning,Center of mass and density,Interpret,D2,Paragraph or micro-example,Atomic,false,,Inline paragraph or micro-example,false,false,,1,false,Medium,true,Rule-based taxonomy v2; focused corpus QA adjustment,Focused corpus QA adjustment applied
P212-0419,M2,2026-07-15-HW-4,2026-07-15,HW-4,Homework,Problem-7.md,Problem lesson,7,Choosing the Rotation Axis After an Off-Center Collision,212-M2-043,MTH212.M2.43,1,1,2,21,M2/2026-07-15-HW-4/Lessons/Problem-7.md,/Users/jake/Developer/study/vault/212/M2/2026-07-15-HW-4/Lessons/Problem-7.md,Recognize that an isolated collision conserves linear momentum and angular momentum.,recognize that an isolated collision conserves linear momentum and angular momentum,Integrated modeling schema,"Mathematical technique | Semantic and physical interpretation | Physics concept, law, or relation | Model condition or reference choice",Algebra and formula manipulation,Energy and momentum | Rolling and angular momentum,Recognize,D4,Full prerequisite lesson,Compound,true,System or isolation condition,Full prerequisite lesson,false,false,,1,false,Medium,true,Rule-based taxonomy v2; focused corpus QA adjustment,Potentially compound prerequisite; consider splitting | High-depth prerequisite should route to dedicated remediation | Focused corpus QA adjustment applied
P212-0420,M2,2026-07-15-HW-4,2026-07-15,HW-4,Homework,Problem-7.md,Problem lesson,7,Choosing the Rotation Axis After an Off-Center Collision,212-M2-043,MTH212.M2.43,1,1,3,22,M2/2026-07-15-HW-4/Lessons/Problem-7.md,/Users/jake/Developer/study/vault/212/M2/2026-07-15-HW-4/Lessons/Problem-7.md,Use $L=rp$ when the position vector and momentum are perpendicular.,use l=rp when the position vector and momentum are perpendicular,"Physics concept, law, or relation",Mathematical technique | Model condition or reference choice,Geometry and trigonometry | Vector mathematics,Energy and momentum,Execute,D3,Short focused lesson,Atomic,false,,Short prerequisite lesson,true,false,,1,false,Medium,true,Rule-based taxonomy v2; focused corpus QA adjustment,Focused corpus QA adjustment applied
P212-0421,M2,2026-07-15-HW-4,2026-07-15,HW-4,Homework,Problem-8.md,Problem lesson,8,Conservation Tests for an Off-Center Sticking Collision,212-M2-044,MTH212.M2.44,1,1,1,19,M2/2026-07-15-HW-4/Lessons/Problem-8.md,/Users/jake/Developer/study/vault/212/M2/2026-07-15-HW-4/Lessons/Problem-8.md,Linear momentum: $\vec P=\sum_i m_i\vec v_i$,linear momentum: p=\sumi mi vi,"Physics concept, law, or relation",Mathematical technique,Vector mathematics,Energy and momentum,Recall,D3,Short focused lesson,Atomic,false,,Short prerequisite lesson,true,false,,1,false,High,false,Rule-based taxonomy v2; corpus-level model review and spot checks,
P212-0422,M2,2026-07-15-HW-4,2026-07-15,HW-4,Homework,Problem-8.md,Problem lesson,8,Conservation Tests for an Off-Center Sticking Collision,212-M2-044,MTH212.M2.44,1,1,2,20,M2/2026-07-15-HW-4/Lessons/Problem-8.md,/Users/jake/Developer/study/vault/212/M2/2026-07-15-HW-4/Lessons/Problem-8.md,Angular momentum of a particle about an origin $O$: $\vec L_O=\vec r_{i/O}\times\vec p_i$,angular momentum of a particle about an origin o: lo= ri/o\times pi,"Physics concept, law, or relation",Mathematical technique | Model condition or reference choice,Vector mathematics,Energy and momentum | Rolling and angular momentum,Recall,D3,Short focused lesson,Atomic,true,"Reference axis, pivot, or origin",Short prerequisite lesson,true,false,,1,false,Medium,true,Rule-based taxonomy v2; corpus-level model review and spot checks,
P212-0423,M2,2026-07-15-HW-4,2026-07-15,HW-4,Homework,Problem-8.md,Problem lesson,8,Conservation Tests for an Off-Center Sticking Collision,212-M2-044,MTH212.M2.44,1,1,3,21,M2/2026-07-15-HW-4/Lessons/Problem-8.md,/Users/jake/Developer/study/vault/212/M2/2026-07-15-HW-4/Lessons/Problem-8.md,The meaning of a perfectly inelastic collision: the objects stick together,the meaning of a perfectly inelastic collision: the objects stick together,Semantic and physical interpretation,"Physics concept, law, or relation | Model condition or reference choice",,Energy and momentum,Recall,D1,Retrieval cue,Atomic,true,Collision-model condition,Inline reminder,false,false,,1,false,Medium,true,Rule-based taxonomy v2; focused corpus QA adjustment,Focused corpus QA adjustment applied
P212-0424,M2,2026-07-15-HW-4,2026-07-15,HW-4,Homework,Problem-9.md,Problem lesson,9,Moment of Inertia of a Rod–Ball Composite,212-M2-045,MTH212.M2.45,1,1,1,19,M2/2026-07-15-HW-4/Lessons/Problem-9.md,/Users/jake/Developer/study/vault/212/M2/2026-07-15-HW-4/Lessons/Problem-9.md,Moment of inertia depends on the chosen rotation axis.,moment of inertia depends on the chosen rotation axis,"Physics concept, law, or relation",Representation and spatial literacy | Model condition or reference choice,,Circular and rotational motion | Moment of inertia,Recall,D3,Short focused lesson,Atomic,true,"Reference axis, pivot, or origin",Short prerequisite lesson,false,false,,1,false,Medium,true,Rule-based taxonomy v2; focused corpus QA adjustment,Focused corpus QA adjustment applied
P212-0425,M2,2026-07-15-HW-4,2026-07-15,HW-4,Homework,Problem-9.md,Problem lesson,9,Moment of Inertia of a Rod–Ball Composite,212-M2-045,MTH212.M2.45,1,1,2,20,M2/2026-07-15-HW-4/Lessons/Problem-9.md,/Users/jake/Developer/study/vault/212/M2/2026-07-15-HW-4/Lessons/Problem-9.md,"For a thin uniform rod about its center, perpendicular to the rod, $I_{\text{rod,cm}}=\dfrac{1}{12}mL^2$.","for a thin uniform rod about its center, perpendicular to the rod, irod,cm=112ml^2","Physics concept, law, or relation",Mathematical technique | Model condition or reference choice,Geometry and trigonometry,Moment of inertia,Recall,D2,Paragraph or micro-example,Atomic,true,Uniform-object model,Inline paragraph or micro-example,true,false,,1,false,Medium,true,Rule-based taxonomy v2; focused corpus QA adjustment,Focused corpus QA adjustment applied
P212-0426,M2,2026-07-15-HW-4,2026-07-15,HW-4,Homework,Problem-9.md,Problem lesson,9,Moment of Inertia of a Rod–Ball Composite,212-M2-045,MTH212.M2.45,1,1,3,21,M2/2026-07-15-HW-4/Lessons/Problem-9.md,/Users/jake/Developer/study/vault/212/M2/2026-07-15-HW-4/Lessons/Problem-9.md,"For a uniform solid sphere about its center, $I_{\text{sphere,cm}}=\dfrac{2}{5}MR^2$.","for a uniform solid sphere about its center, isphere,cm=25mr^2","Physics concept, law, or relation",Model condition or reference choice,,Moment of inertia,Recall,D2,Paragraph or micro-example,Atomic,true,"Reference axis, pivot, or origin",Inline paragraph or micro-example,true,false,,1,false,High,false,Rule-based taxonomy v2; focused corpus QA adjustment,Focused corpus QA adjustment applied
P212-0427,M2,2026-07-15-HW-4,2026-07-15,HW-4,Homework,Problem-9.md,Problem lesson,9,Moment of Inertia of a Rod–Ball Composite,212-M2-045,MTH212.M2.45,1,1,4,22,M2/2026-07-15-HW-4/Lessons/Problem-9.md,/Users/jake/Developer/study/vault/212/M2/2026-07-15-HW-4/Lessons/Problem-9.md,The parallel-axis theorem is $I=I_{\text{cm}}+Md^2$.,the parallel-axis theorem is i=icm+md^2,"Physics concept, law, or relation",Representation and spatial literacy,,Moment of inertia,Recall,D3,Short focused lesson,Atomic,false,,Short prerequisite lesson,true,false,,1,false,High,false,Rule-based taxonomy v2; focused corpus QA adjustment,Focused corpus QA adjustment applied
P212-0428,M2,2026-07-15-HW-4,2026-07-15,HW-4,Homework,Problem-10.md,Problem lesson,10,Finding a Two-Object Center of Mass in the Plane,212-M2-046,MTH212.M2.46,1,1,1,18,M2/2026-07-15-HW-4/Lessons/Problem-10.md,/Users/jake/Developer/study/vault/212/M2/2026-07-15-HW-4/Lessons/Problem-10.md,Coordinates in the plane,coordinates in the plane,Representation and spatial literacy,Mathematical technique,Geometry and trigonometry,,Recall,D2,Paragraph or micro-example,Atomic,false,,Inline paragraph or micro-example,false,false,,1,false,High,false,Rule-based taxonomy v2; focused corpus QA adjustment,Focused corpus QA adjustment applied
P212-0429,M2,2026-07-15-HW-4,2026-07-15,HW-4,Homework,Problem-10.md,Problem lesson,10,Finding a Two-Object Center of Mass in the Plane,212-M2-046,MTH212.M2.46,1,1,2,19,M2/2026-07-15-HW-4/Lessons/Problem-10.md,/Users/jake/Developer/study/vault/212/M2/2026-07-15-HW-4/Lessons/Problem-10.md,The center of a uniform rod is its midpoint,the center of a uniform rod is its midpoint,Mathematical technique,Model condition or reference choice,Geometry and trigonometry,,Recall,D2,Paragraph or micro-example,Atomic,true,Uniform-object model,Inline paragraph or micro-example,false,false,,1,false,High,false,Rule-based taxonomy v2; corpus-level model review and spot checks,
P212-0430,M2,2026-07-15-HW-4,2026-07-15,HW-4,Homework,Problem-10.md,Problem lesson,10,Finding a Two-Object Center of Mass in the Plane,212-M2-046,MTH212.M2.46,1,1,3,20,M2/2026-07-15-HW-4/Lessons/Problem-10.md,/Users/jake/Developer/study/vault/212/M2/2026-07-15-HW-4/Lessons/Problem-10.md,"The magnitude of a vector $\langle x,y\rangle$ is $\sqrt{x^2+y^2}$","the magnitude of a vector \langle x,y\rangle is x^2+y^2",Mathematical technique,,Vector mathematics,,Recall,D3,Short focused lesson,Atomic,false,,Short prerequisite lesson,true,false,,1,false,High,false,Rule-based taxonomy v2; corpus-level model review and spot checks,
P212-0431,M2,2026-07-15-HW-4,2026-07-15,HW-4,Homework,Problem-11.md,Problem lesson,11,Shifting Moment of Inertia to the Center-of-Mass Axis,212-M2-047,MTH212.M2.47,1,1,1,19,M2/2026-07-15-HW-4/Lessons/Problem-11.md,/Users/jake/Developer/study/vault/212/M2/2026-07-15-HW-4/Lessons/Problem-11.md,"Use the parallel-axis theorem, $I_{\text{off}}=I_{\text{CM}}+Md^2$.","use the parallel-axis theorem, ioff=icm+md^2","Physics concept, law, or relation",Representation and spatial literacy,,Moment of inertia,Execute,D3,Short focused lesson,Atomic,false,,Short prerequisite lesson,true,false,,1,false,Medium,true,Rule-based taxonomy v2; focused corpus QA adjustment,Focused corpus QA adjustment applied
P212-0432,M2,2026-07-15-HW-4,2026-07-15,HW-4,Homework,Problem-11.md,Problem lesson,11,Shifting Moment of Inertia to the Center-of-Mass Axis,212-M2-047,MTH212.M2.47,1,1,2,20,M2/2026-07-15-HW-4/Lessons/Problem-11.md,/Users/jake/Developer/study/vault/212/M2/2026-07-15-HW-4/Lessons/Problem-11.md,Add the masses of a composite system.,add the masses of a composite system,Mathematical technique,,Numeracy and arithmetic,,Execute,D2,Paragraph or micro-example,Atomic,false,,Inline paragraph or micro-example,false,false,,1,false,High,false,Rule-based taxonomy v2; corpus-level model review and spot checks,
P212-0433,M2,2026-07-15-HW-4,2026-07-15,HW-4,Homework,Problem-11.md,Problem lesson,11,Shifting Moment of Inertia to the Center-of-Mass Axis,212-M2-047,MTH212.M2.47,1,1,3,21,M2/2026-07-15-HW-4/Lessons/Problem-11.md,/Users/jake/Developer/study/vault/212/M2/2026-07-15-HW-4/Lessons/Problem-11.md,Square a square root and combine fractional coefficients.,square a square root and combine fractional coefficients,Mathematical technique,,Numeracy and arithmetic,,Execute,D2,Paragraph or micro-example,Compound,false,,Inline paragraph or micro-example,false,false,,1,false,Medium,true,Rule-based taxonomy v2; corpus-level model review and spot checks,Potentially compound prerequisite; consider splitting
P212-0434,M2,2026-07-15-HW-4,2026-07-15,HW-4,Homework,Problem-12.md,Problem lesson,12,Angular Momentum About a Combined Center of Mass,212-M2-048,MTH212.M2.48,1,1,1,20,M2/2026-07-15-HW-4/Lessons/Problem-12.md,/Users/jake/Developer/study/vault/212/M2/2026-07-15-HW-4/Lessons/Problem-12.md,Compute a center-of-mass coordinate with a mass-weighted average.,compute a center-of-mass coordinate with a mass-weighted average,Mathematical technique,Representation and spatial literacy,Numeracy and arithmetic | Ratios and proportional reasoning | Geometry and trigonometry,,Execute,D2,Paragraph or micro-example,Atomic,false,,Inline paragraph or micro-example,false,false,,1,false,High,false,Rule-based taxonomy v2; corpus-level model review and spot checks,
P212-0435,M2,2026-07-15-HW-4,2026-07-15,HW-4,Homework,Problem-12.md,Problem lesson,12,Angular Momentum About a Combined Center of Mass,212-M2-048,MTH212.M2.48,1,1,2,21,M2/2026-07-15-HW-4/Lessons/Problem-12.md,/Users/jake/Developer/study/vault/212/M2/2026-07-15-HW-4/Lessons/Problem-12.md,Write linear momentum as $\vec p=m\vec v$.,write linear momentum as p=m v,"Physics concept, law, or relation",Mathematical technique,Vector mathematics,Energy and momentum,Execute,D3,Short focused lesson,Atomic,false,,Short prerequisite lesson,true,false,,1,false,High,false,Rule-based taxonomy v2; corpus-level model review and spot checks,
P212-0436,M2,2026-07-15-HW-4,2026-07-15,HW-4,Homework,Problem-12.md,Problem lesson,12,Angular Momentum About a Combined Center of Mass,212-M2-048,MTH212.M2.48,1,1,3,22,M2/2026-07-15-HW-4/Lessons/Problem-12.md,/Users/jake/Developer/study/vault/212/M2/2026-07-15-HW-4/Lessons/Problem-12.md,Use $\vec L=\vec r\times\vec p$ for a particle's angular momentum about an origin.,use l= r\times p for a particle's angular momentum about an origin,"Physics concept, law, or relation",Mathematical technique | Model condition or reference choice,Vector mathematics,Energy and momentum | Rolling and angular momentum,Execute,D3,Short focused lesson,Atomic,true,"Reference axis, pivot, or origin",Short prerequisite lesson,true,false,,1,false,Medium,true,Rule-based taxonomy v2; corpus-level model review and spot checks,
P212-0437,M2,2026-07-15-HW-4,2026-07-15,HW-4,Homework,Problem-12.md,Problem lesson,12,Angular Momentum About a Combined Center of Mass,212-M2-048,MTH212.M2.48,1,1,4,23,M2/2026-07-15-HW-4/Lessons/Problem-12.md,/Users/jake/Developer/study/vault/212/M2/2026-07-15-HW-4/Lessons/Problem-12.md,Use the right-hand rule for Cartesian unit vectors.,use the right-hand rule for cartesian unit vectors,Representation and spatial literacy,Mathematical technique,Vector mathematics,,Execute,D3,Short focused lesson,Atomic,false,,Short prerequisite lesson,false,false,,1,false,Medium,true,Rule-based taxonomy v2; focused corpus QA adjustment,Focused corpus QA adjustment applied
P212-0438,M2,2026-07-15-HW-4,2026-07-15,HW-4,Homework,Problem-13.md,Problem lesson,13,Finding Angular Speed from Angular Momentum,212-M2-049,MTH212.M2.49,1,1,1,19,M2/2026-07-15-HW-4/Lessons/Problem-13.md,/Users/jake/Developer/study/vault/212/M2/2026-07-15-HW-4/Lessons/Problem-13.md,Recognize angular momentum magnitude $L$ and moment of inertia $I$ about a specified axis.,recognize angular momentum magnitude l and moment of inertia i about a specified axis,Representation and spatial literacy,"Physics concept, law, or relation | Model condition or reference choice",,Moment of inertia | Energy and momentum | Rolling and angular momentum,Recognize,D2,Paragraph or micro-example,Atomic,true,"Reference axis, pivot, or origin",Inline paragraph or micro-example,true,false,,1,false,Medium,true,Rule-based taxonomy v2; focused corpus QA adjustment,Focused corpus QA adjustment applied
P212-0439,M2,2026-07-15-HW-4,2026-07-15,HW-4,Homework,Problem-13.md,Problem lesson,13,Finding Angular Speed from Angular Momentum,212-M2-049,MTH212.M2.49,1,1,2,20,M2/2026-07-15-HW-4/Lessons/Problem-13.md,/Users/jake/Developer/study/vault/212/M2/2026-07-15-HW-4/Lessons/Problem-13.md,Divide both sides of a symbolic equation by the same nonzero quantity.,divide both sides of a symbolic equation by the same nonzero quantity,Mathematical technique,,Numeracy and arithmetic | Algebra and formula manipulation,,Execute,D2,Paragraph or micro-example,Atomic,false,,Inline paragraph or micro-example,false,false,,1,false,High,false,Rule-based taxonomy v2; corpus-level model review and spot checks,
P212-0440,M3,2026-07-15-M3-1,2026-07-15,M3-1,Lecture,Problem-1.md,Problem lesson,1,Scaling Force With an Inverse-Square Law,212-M3-001,MTH212.M3.01,1,1,1,19,M3/2026-07-15-M3-1/Lessons/Problem-1.md,/Users/jake/Developer/study/vault/212/M3/2026-07-15-M3-1/Lessons/Problem-1.md,Evaluate squares of whole numbers and fractions.,evaluate squares of whole numbers and fractions,Mathematical technique,,Numeracy and arithmetic,,Execute,D2,Paragraph or micro-example,Atomic,false,,Inline paragraph or micro-example,false,false,,1,false,High,false,Rule-based taxonomy v2; focused corpus QA adjustment,Focused corpus QA adjustment applied
P212-0441,M3,2026-07-15-M3-1,2026-07-15,M3-1,Lecture,Problem-1.md,Problem lesson,1,Scaling Force With an Inverse-Square Law,212-M3-001,MTH212.M3.01,1,1,2,20,M3/2026-07-15-M3-1/Lessons/Problem-1.md,/Users/jake/Developer/study/vault/212/M3/2026-07-15-M3-1/Lessons/Problem-1.md,Substitute an expression such as $2r$ for a variable.,substitute an expression such as 2r for a variable,Mathematical technique,,Algebra and formula manipulation,,Execute,D2,Paragraph or micro-example,Atomic,false,,Inline paragraph or micro-example,true,false,,1,false,High,false,Rule-based taxonomy v2; corpus-level model review and spot checks,
P212-0442,M3,2026-07-15-M3-1,2026-07-15,M3-1,Lecture,Problem-1.md,Problem lesson,1,Scaling Force With an Inverse-Square Law,212-M3-001,MTH212.M3.01,1,1,3,21,M3/2026-07-15-M3-1/Lessons/Problem-1.md,/Users/jake/Developer/study/vault/212/M3/2026-07-15-M3-1/Lessons/Problem-1.md,Simplify a fraction by factoring a constant from its denominator.,simplify a fraction by factoring a constant from its denominator,Mathematical technique,,Numeracy and arithmetic | Algebra and formula manipulation,,Execute,D2,Paragraph or micro-example,Atomic,false,,Inline paragraph or micro-example,false,false,,1,false,High,false,Rule-based taxonomy v2; corpus-level model review and spot checks,
P212-0443,M3,2026-07-15-M3-1,2026-07-15,M3-1,Lecture,Problem-2.md,Problem lesson,2,Gravity at Altitude as a Fraction of Surface Gravity,212-M3-002,MTH212.M3.02,1,1,1,19,M3/2026-07-15-M3-1/Lessons/Problem-2.md,/Users/jake/Developer/study/vault/212/M3/2026-07-15-M3-1/Lessons/Problem-2.md,Adding a whole number and a fraction,adding a whole number and a fraction,Mathematical technique,,Numeracy and arithmetic,,Execute,D2,Paragraph or micro-example,Atomic,false,,Inline paragraph or micro-example,false,false,,1,false,High,false,Rule-based taxonomy v2; corpus-level model review and spot checks,
P212-0444,M3,2026-07-15-M3-1,2026-07-15,M3-1,Lecture,Problem-2.md,Problem lesson,2,Gravity at Altitude as a Fraction of Surface Gravity,212-M3-002,MTH212.M3.02,1,1,2,20,M3/2026-07-15-M3-1/Lessons/Problem-2.md,/Users/jake/Developer/study/vault/212/M3/2026-07-15-M3-1/Lessons/Problem-2.md,Writing and simplifying ratios,writing and simplifying ratios,Mathematical technique,,Algebra and formula manipulation,,Execute,D2,Paragraph or micro-example,Atomic,false,,Inline paragraph or micro-example,false,false,,1,false,High,false,Rule-based taxonomy v2; focused corpus QA adjustment,Focused corpus QA adjustment applied
P212-0445,M3,2026-07-15-M3-1,2026-07-15,M3-1,Lecture,Problem-2.md,Problem lesson,2,Gravity at Altitude as a Fraction of Surface Gravity,212-M3-002,MTH212.M3.02,1,1,3,21,M3/2026-07-15-M3-1/Lessons/Problem-2.md,/Users/jake/Developer/study/vault/212/M3/2026-07-15-M3-1/Lessons/Problem-2.md,Squaring fractions,squaring fractions,Mathematical technique,,Numeracy and arithmetic,,Recall,D2,Paragraph or micro-example,Atomic,false,,Inline paragraph or micro-example,false,false,,1,false,High,false,Rule-based taxonomy v2; focused corpus QA adjustment,Focused corpus QA adjustment applied
P212-0446,M3,2026-07-15-M3-1,2026-07-15,M3-1,Lecture,Problem-2.md,Problem lesson,2,Gravity at Altitude as a Fraction of Surface Gravity,212-M3-002,MTH212.M3.02,1,1,4,22,M3/2026-07-15-M3-1/Lessons/Problem-2.md,/Users/jake/Developer/study/vault/212/M3/2026-07-15-M3-1/Lessons/Problem-2.md,Gravitational acceleration: $g=GM/r^2$,gravitational acceleration: g=gm/r^2,"Physics concept, law, or relation",,,Kinematics,Recall,D1,Retrieval cue,Atomic,false,,Inline reminder,true,false,,1,false,High,false,Rule-based taxonomy v2; corpus-level model review and spot checks,
P212-0447,M3,2026-07-15-M3-1,2026-07-15,M3-1,Lecture,Problem-3.md,Problem lesson,3,Finding a Geostationary Satellite's Altitude,212-M3-003,MTH212.M3.03,1,1,1,18,M3/2026-07-15-M3-1/Lessons/Problem-3.md,/Users/jake/Developer/study/vault/212/M3/2026-07-15-M3-1/Lessons/Problem-3.md,Circular-orbit period equation,circular-orbit period equation,"Physics concept, law, or relation",Mathematical technique,Algebra and formula manipulation,Circular and rotational motion | Gravitation and orbits,Recall,D2,Paragraph or micro-example,Atomic,false,,Inline paragraph or micro-example,false,false,,1,false,High,false,Rule-based taxonomy v2; corpus-level model review and spot checks,
P212-0448,M3,2026-07-15-M3-1,2026-07-15,M3-1,Lecture,Problem-3.md,Problem lesson,3,Finding a Geostationary Satellite's Altitude,212-M3-003,MTH212.M3.03,1,1,2,19,M3/2026-07-15-M3-1/Lessons/Problem-3.md,/Users/jake/Developer/study/vault/212/M3/2026-07-15-M3-1/Lessons/Problem-3.md,Rearranging formulas with several variables,rearranging formulas with several variables,Mathematical technique,,Algebra and formula manipulation,,Recall,D2,Paragraph or micro-example,Atomic,false,,Inline paragraph or micro-example,false,false,,1,false,High,false,Rule-based taxonomy v2; corpus-level model review and spot checks,
P212-0449,M3,2026-07-15-M3-1,2026-07-15,M3-1,Lecture,Problem-3.md,Problem lesson,3,Finding a Geostationary Satellite's Altitude,212-M3-003,MTH212.M3.03,1,1,3,20,M3/2026-07-15-M3-1/Lessons/Problem-3.md,/Users/jake/Developer/study/vault/212/M3/2026-07-15-M3-1/Lessons/Problem-3.md,Taking a cube root,taking a cube root,Mathematical technique,,Numeracy and arithmetic,,Execute,D2,Paragraph or micro-example,Atomic,false,,Inline paragraph or micro-example,false,false,,1,false,High,false,Rule-based taxonomy v2; corpus-level model review and spot checks,
P212-0450,M3,2026-07-15-M3-1,2026-07-15,M3-1,Lecture,Problem-3.md,Problem lesson,3,Finding a Geostationary Satellite's Altitude,212-M3-003,MTH212.M3.03,1,1,4,21,M3/2026-07-15-M3-1/Lessons/Problem-3.md,/Users/jake/Developer/study/vault/212/M3/2026-07-15-M3-1/Lessons/Problem-3.md,Converting hours to seconds and meters to kilometers,converting hours to seconds and meters to kilometers,Measurement and computation,,,,Execute,D2,Paragraph or micro-example,Atomic,false,,Inline paragraph or micro-example,false,false,,1,false,High,false,Rule-based taxonomy v2; focused corpus QA adjustment,Focused corpus QA adjustment applied
P212-0451,M3,2026-07-15-M3-1,2026-07-15,M3-1,Lecture,Problem-4.md,Problem lesson,4,Finding Orbital Distance From Orbital Period,212-M3-004,MTH212.M3.04,1,1,1,20,M3/2026-07-15-M3-1/Lessons/Problem-4.md,/Users/jake/Developer/study/vault/212/M3/2026-07-15-M3-1/Lessons/Problem-4.md,Evaluate squares and cube roots.,evaluate squares and cube roots,Mathematical technique,,Numeracy and arithmetic,,Execute,D2,Paragraph or micro-example,Atomic,false,,Inline paragraph or micro-example,false,false,,1,false,High,false,Rule-based taxonomy v2; corpus-level model review and spot checks,
P212-0452,M3,2026-07-15-M3-1,2026-07-15,M3-1,Lecture,Problem-4.md,Problem lesson,4,Finding Orbital Distance From Orbital Period,212-M3-004,MTH212.M3.04,1,1,2,21,M3/2026-07-15-M3-1/Lessons/Problem-4.md,/Users/jake/Developer/study/vault/212/M3/2026-07-15-M3-1/Lessons/Problem-4.md,Interpret a fractional exponent such as $x^{2/3}$.,interpret a fractional exponent such as x^2/3,Semantic and physical interpretation,Mathematical technique,Algebra and formula manipulation,,Interpret,D2,Paragraph or micro-example,Atomic,false,,Inline paragraph or micro-example,true,false,,1,false,High,false,Rule-based taxonomy v2; corpus-level model review and spot checks,
P212-0453,M3,2026-07-15-M3-1,2026-07-15,M3-1,Lecture,Problem-4.md,Problem lesson,4,Finding Orbital Distance From Orbital Period,212-M3-004,MTH212.M3.04,1,1,3,22,M3/2026-07-15-M3-1/Lessons/Problem-4.md,/Users/jake/Developer/study/vault/212/M3/2026-07-15-M3-1/Lessons/Problem-4.md,Round a numerical result to a stated number of significant figures.,round a numerical result to a stated number of significant figures,Measurement and computation,,,,Execute,D2,Paragraph or micro-example,Atomic,false,,Inline paragraph or micro-example,false,false,,1,false,High,false,Rule-based taxonomy v2; corpus-level model review and spot checks,
P212-0454,M3,2026-07-16-M3-2,2026-07-16,M3-2,Lecture,Problem-1.md,Problem lesson,1,Finding Orbital Distance From Orbital Period,212-M3-005,MTH212.M3.05,1,1,1,20,M3/2026-07-16-M3-2/Lessons/Problem-1.md,/Users/jake/Developer/study/vault/212/M3/2026-07-16-M3-2/Lessons/Problem-1.md,Solve $x^3=b$ by taking the cube root of both sides.,solve x^3=b by taking the cube root of both sides,Mathematical technique,,Numeracy and arithmetic,,Execute,D2,Paragraph or micro-example,Atomic,false,,Inline paragraph or micro-example,true,false,,1,false,High,false,Rule-based taxonomy v2; corpus-level model review and spot checks,
P212-0455,M3,2026-07-16-M3-2,2026-07-16,M3-2,Lecture,Problem-1.md,Problem lesson,1,Finding Orbital Distance From Orbital Period,212-M3-005,MTH212.M3.05,1,1,2,21,M3/2026-07-16-M3-2/Lessons/Problem-1.md,/Users/jake/Developer/study/vault/212/M3/2026-07-16-M3-2/Lessons/Problem-1.md,Rewrite $\sqrt[3]{x^2}$ as $x^{2/3}$ for positive $x$.,rewrite [3]x^2 as x^2/3 for positive x,Mathematical technique,,Algebra and formula manipulation,,Recall,D2,Paragraph or micro-example,Atomic,false,,Inline paragraph or micro-example,true,false,,1,false,High,false,Rule-based taxonomy v2; focused corpus QA adjustment,Focused corpus QA adjustment applied
P212-0456,M3,2026-07-16-M3-2,2026-07-16,M3-2,Lecture,Problem-1.md,Problem lesson,1,Finding Orbital Distance From Orbital Period,212-M3-005,MTH212.M3.05,1,1,3,22,M3/2026-07-16-M3-2/Lessons/Problem-1.md,/Users/jake/Developer/study/vault/212/M3/2026-07-16-M3-2/Lessons/Problem-1.md,Evaluate fractional exponents with a scientific calculator.,evaluate fractional exponents with a scientific calculator,Measurement and computation,Mathematical technique,Algebra and formula manipulation,,Execute,D2,Paragraph or micro-example,Atomic,false,,Inline paragraph or micro-example,false,false,,1,false,High,false,Rule-based taxonomy v2; corpus-level model review and spot checks,
P212-0457,M3,2026-07-16-M3-2,2026-07-16,M3-2,Lecture,Problem-1.md,Problem lesson,1,Finding Orbital Distance From Orbital Period,212-M3-005,MTH212.M3.05,1,1,4,23,M3/2026-07-16-M3-2/Lessons/Problem-1.md,/Users/jake/Developer/study/vault/212/M3/2026-07-16-M3-2/Lessons/Problem-1.md,Round a result using significant figures.,round a result using significant figures,Measurement and computation,,,,Execute,D2,Paragraph or micro-example,Atomic,false,,Inline paragraph or micro-example,false,false,,1,false,High,false,Rule-based taxonomy v2; corpus-level model review and spot checks,
P212-0458,M3,2026-07-16-M3-2,2026-07-16,M3-2,Lecture,Problem-2.md,Problem lesson,2,Finding a Two-Body Center of Mass as a Fraction of Separation,212-M3-006,MTH212.M3.06,1,1,1,19,M3/2026-07-16-M3-2/Lessons/Problem-2.md,/Users/jake/Developer/study/vault/212/M3/2026-07-16-M3-2/Lessons/Problem-2.md,Reading positions on a one-dimensional coordinate line,reading positions on a one-dimensional coordinate line,Mathematical technique,Representation and spatial literacy,Geometry and trigonometry,,Recognize,D2,Paragraph or micro-example,Atomic,false,,Inline paragraph or micro-example,false,false,,1,false,High,false,Rule-based taxonomy v2; corpus-level model review and spot checks,
P212-0459,M3,2026-07-16-M3-2,2026-07-16,M3-2,Lecture,Problem-2.md,Problem lesson,2,Finding a Two-Body Center of Mass as a Fraction of Separation,212-M3-006,MTH212.M3.06,1,1,2,20,M3/2026-07-16-M3-2/Lessons/Problem-2.md,/Users/jake/Developer/study/vault/212/M3/2026-07-16-M3-2/Lessons/Problem-2.md,Simplifying fractions and ratios,simplifying fractions and ratios,Mathematical technique,,Numeracy and arithmetic | Algebra and formula manipulation,,Execute,D2,Paragraph or micro-example,Atomic,false,,Inline paragraph or micro-example,false,false,,1,false,High,false,Rule-based taxonomy v2; corpus-level model review and spot checks,
P212-0460,M3,2026-07-16-M3-2,2026-07-16,M3-2,Lecture,Problem-2.md,Problem lesson,2,Finding a Two-Body Center of Mass as a Fraction of Separation,212-M3-006,MTH212.M3.06,1,1,3,21,M3/2026-07-16-M3-2/Lessons/Problem-2.md,/Users/jake/Developer/study/vault/212/M3/2026-07-16-M3-2/Lessons/Problem-2.md,Understanding an average whose terms have different weights,understanding an average whose terms have different weights,Mathematical technique,,Numeracy and arithmetic,,Recall,D2,Paragraph or micro-example,Atomic,false,,Inline paragraph or micro-example,false,false,,1,false,High,false,Rule-based taxonomy v2; corpus-level model review and spot checks,
P212-0461,M3,2026-07-16-M3-2,2026-07-16,M3-2,Lecture,Problem-3.md,Problem lesson,3,Finding the Orbital Period of a Binary Star System,212-M3-007,MTH212.M3.07,1,1,1,18,M3/2026-07-16-M3-2/Lessons/Problem-3.md,/Users/jake/Developer/study/vault/212/M3/2026-07-16-M3-2/Lessons/Problem-3.md,Evaluating powers and square roots,evaluating powers and square roots,Mathematical technique,,Numeracy and arithmetic,,Execute,D2,Paragraph or micro-example,Atomic,false,,Inline paragraph or micro-example,false,false,,1,false,High,false,Rule-based taxonomy v2; corpus-level model review and spot checks,
P212-0462,M3,2026-07-16-M3-2,2026-07-16,M3-2,Lecture,Problem-3.md,Problem lesson,3,Finding the Orbital Period of a Binary Star System,212-M3-007,MTH212.M3.07,1,1,2,19,M3/2026-07-16-M3-2/Lessons/Problem-3.md,/Users/jake/Developer/study/vault/212/M3/2026-07-16-M3-2/Lessons/Problem-3.md,Scientific notation,scientific notation,Measurement and computation,,,,Recall,D1,Retrieval cue,Atomic,false,,Inline reminder,false,false,,1,false,High,false,Rule-based taxonomy v2; corpus-level model review and spot checks,
P212-0463,M3,2026-07-16-M3-2,2026-07-16,M3-2,Lecture,Problem-3.md,Problem lesson,3,Finding the Orbital Period of a Binary Star System,212-M3-007,MTH212.M3.07,1,1,3,20,M3/2026-07-16-M3-2/Lessons/Problem-3.md,/Users/jake/Developer/study/vault/212/M3/2026-07-16-M3-2/Lessons/Problem-3.md,Converting between units of time,converting between units of time,Measurement and computation,,,,Execute,D2,Paragraph or micro-example,Atomic,false,,Inline paragraph or micro-example,false,false,,1,false,High,false,Rule-based taxonomy v2; corpus-level model review and spot checks,
P212-0464,M3,2026-07-16-M3-2,2026-07-16,M3-2,Lecture,Problem-3.md,Problem lesson,3,Finding the Orbital Period of a Binary Star System,212-M3-007,MTH212.M3.07,1,1,4,21,M3/2026-07-16-M3-2/Lessons/Problem-3.md,/Users/jake/Developer/study/vault/212/M3/2026-07-16-M3-2/Lessons/Problem-3.md,"Newton's gravitational constant: $G=6.67\times10^{-11}\ \mathrm{N\,m^2/kg^2}$","newton's gravitational constant: g=6.67\times10^-11\ n\,m^2/kg^2","Physics concept, law, or relation",,,Forces and Newtonian dynamics,Recall,D1,Retrieval cue,Atomic,false,,Inline reminder,true,false,,1,false,High,false,Rule-based taxonomy v2; corpus-level model review and spot checks,
P212-0465,M3,2026-07-16-M3-2,2026-07-16,M3-2,Lecture,Problem-4.md,Problem lesson,4,Combining Equal Gravitational Forces in an Equilateral Triangle,212-M3-008,MTH212.M3.08,1,1,1,21,M3/2026-07-16-M3-2/Lessons/Problem-4.md,/Users/jake/Developer/study/vault/212/M3/2026-07-16-M3-2/Lessons/Problem-4.md,Apply Newton's law of gravitation to two point masses.,apply newton's law of gravitation to two point masses,"Physics concept, law, or relation",Model condition or reference choice,,Forces and Newtonian dynamics,Execute,D3,Short focused lesson,Atomic,true,Idealized-object model,Short prerequisite lesson,false,false,,1,false,High,false,Rule-based taxonomy v2; corpus-level model review and spot checks,
P212-0466,M3,2026-07-16-M3-2,2026-07-16,M3-2,Lecture,Problem-4.md,Problem lesson,4,Combining Equal Gravitational Forces in an Equilateral Triangle,212-M3-008,MTH212.M3.08,1,1,2,22,M3/2026-07-16-M3-2/Lessons/Problem-4.md,/Users/jake/Developer/study/vault/212/M3/2026-07-16-M3-2/Lessons/Problem-4.md,"Read side lengths, angles, and symmetry from an equilateral triangle.","read side lengths, angles, and symmetry from an equilateral triangle",Mathematical technique,,Geometry and trigonometry,,Recognize,D2,Paragraph or micro-example,Atomic,false,,Inline paragraph or micro-example,false,false,,1,false,High,false,Rule-based taxonomy v2; corpus-level model review and spot checks,
P212-0467,M3,2026-07-16-M3-2,2026-07-16,M3-2,Lecture,Problem-4.md,Problem lesson,4,Combining Equal Gravitational Forces in an Equilateral Triangle,212-M3-008,MTH212.M3.08,1,1,3,23,M3/2026-07-16-M3-2/Lessons/Problem-4.md,/Users/jake/Developer/study/vault/212/M3/2026-07-16-M3-2/Lessons/Problem-4.md,"Resolve and add vector components, then convert scientific-notation units and round to the given precision.","resolve and add vector components, then convert scientific-notation units and round to the given precision",Integrated modeling schema,Mathematical technique | Measurement and computation,Numeracy and arithmetic | Vector mathematics,,Execute,D3,Short focused lesson,Compound,false,,Short prerequisite lesson,false,false,,1,false,Medium,true,Rule-based taxonomy v2; corpus-level model review and spot checks,Potentially compound prerequisite; consider splitting
P212-0468,M3,2026-07-16-M3-2,2026-07-16,M3-2,Lecture,Problem-5.md,Problem lesson,5,Finding the Speed in a Three-Mass Equilateral Orbit,212-M3-009,MTH212.M3.09,1,1,1,18,M3/2026-07-16-M3-2/Lessons/Problem-5.md,/Users/jake/Developer/study/vault/212/M3/2026-07-16-M3-2/Lessons/Problem-5.md,Newton's law of gravitation: $F=Gm_1m_2/r^2$,newton's law of gravitation: f=gm1m2/r^2,"Physics concept, law, or relation",,,Forces and Newtonian dynamics,Recall,D3,Short focused lesson,Atomic,false,,Short prerequisite lesson,true,false,,2,false,High,false,Rule-based taxonomy v2; corpus-level model review and spot checks,
P212-0469,M3,2026-07-16-M3-2,2026-07-16,M3-2,Lecture,Problem-5.md,Problem lesson,5,Finding the Speed in a Three-Mass Equilateral Orbit,212-M3-009,MTH212.M3.09,1,1,2,19,M3/2026-07-16-M3-2/Lessons/Problem-5.md,/Users/jake/Developer/study/vault/212/M3/2026-07-16-M3-2/Lessons/Problem-5.md,Centripetal force: $F_c=mv^2/R$,centripetal force: fc=mv^2/r,"Physics concept, law, or relation",,,Circular and rotational motion | Forces and Newtonian dynamics,Recall,D1,Retrieval cue,Atomic,false,,Inline reminder,true,false,,1,false,High,false,Rule-based taxonomy v2; corpus-level model review and spot checks,
P212-0470,M3,2026-07-16-M3-2,2026-07-16,M3-2,Lecture,Problem-5.md,Problem lesson,5,Finding the Speed in a Three-Mass Equilateral Orbit,212-M3-009,MTH212.M3.09,1,1,3,20,M3/2026-07-16-M3-2/Lessons/Problem-5.md,/Users/jake/Developer/study/vault/212/M3/2026-07-16-M3-2/Lessons/Problem-5.md,Adding two equal vectors separated by $60^\circ$,adding two equal vectors separated by 60^\circ,Mathematical technique,,Numeracy and arithmetic | Vector mathematics,,Execute,D3,Short focused lesson,Atomic,false,,Short prerequisite lesson,true,false,,1,false,High,false,Rule-based taxonomy v2; corpus-level model review and spot checks,
P212-0471,M3,2026-07-16-M3-2,2026-07-16,M3-2,Lecture,Problem-5.md,Problem lesson,5,Finding the Speed in a Three-Mass Equilateral Orbit,212-M3-009,MTH212.M3.09,1,1,4,21,M3/2026-07-16-M3-2/Lessons/Problem-5.md,/Users/jake/Developer/study/vault/212/M3/2026-07-16-M3-2/Lessons/Problem-5.md,Geometry of an equilateral triangle,geometry of an equilateral triangle,Mathematical technique,,Geometry and trigonometry,,Recall,D2,Paragraph or micro-example,Atomic,false,,Inline paragraph or micro-example,false,false,,1,false,High,false,Rule-based taxonomy v2; corpus-level model review and spot checks,
P212-0472,M3,2026-07-16-M3-2,2026-07-16,M3-2,Lecture,Problem-5.md,Problem lesson,5,Finding the Speed in a Three-Mass Equilateral Orbit,212-M3-009,MTH212.M3.09,1,1,5,22,M3/2026-07-16-M3-2/Lessons/Problem-5.md,/Users/jake/Developer/study/vault/212/M3/2026-07-16-M3-2/Lessons/Problem-5.md,Solving an equation containing $v^2$,solving an equation containing v^2,Mathematical technique,,Algebra and formula manipulation,,Execute,D2,Paragraph or micro-example,Atomic,false,,Inline paragraph or micro-example,true,false,,1,false,High,false,Rule-based taxonomy v2; corpus-level model review and spot checks,
P212-0473,M3,2026-07-16-M3-2,2026-07-16,M3-2,Lecture,Problem-6.md,Problem lesson,6,Total Mechanical Energy of a Three-Body Orbit,212-M3-010,MTH212.M3.10,1,1,1,19,M3/2026-07-16-M3-2/Lessons/Problem-6.md,/Users/jake/Developer/study/vault/212/M3/2026-07-16-M3-2/Lessons/Problem-6.md,Kinetic energy: $K=\frac12mv^2$,kinetic energy: k=\frac12mv^2,"Physics concept, law, or relation",,,Energy and momentum,Recall,D1,Retrieval cue,Atomic,false,,Inline reminder,true,false,,2,false,High,false,Rule-based taxonomy v2; corpus-level model review and spot checks,
P212-0474,M3,2026-07-16-M3-2,2026-07-16,M3-2,Lecture,Problem-6.md,Problem lesson,6,Total Mechanical Energy of a Three-Body Orbit,212-M3-010,MTH212.M3.10,1,1,2,20,M3/2026-07-16-M3-2/Lessons/Problem-6.md,/Users/jake/Developer/study/vault/212/M3/2026-07-16-M3-2/Lessons/Problem-6.md,Gravitational potential energy of one pair: $U_{\mathrm{pair}}=-Gm_1m_2/r$,gravitational potential energy of one pair: upair=-gm1m2/r,"Physics concept, law, or relation",,,Energy and momentum,Recall,D1,Retrieval cue,Atomic,false,,Inline reminder,true,false,,1,false,High,false,Rule-based taxonomy v2; corpus-level model review and spot checks,
P212-0475,M3,2026-07-16-M3-2,2026-07-16,M3-2,Lecture,Problem-6.md,Problem lesson,6,Total Mechanical Energy of a Three-Body Orbit,212-M3-010,MTH212.M3.10,1,1,3,21,M3/2026-07-16-M3-2/Lessons/Problem-6.md,/Users/jake/Developer/study/vault/212/M3/2026-07-16-M3-2/Lessons/Problem-6.md,Adding signed fractions,adding signed fractions,Mathematical technique,,Numeracy and arithmetic,,Execute,D2,Paragraph or micro-example,Atomic,false,,Inline paragraph or micro-example,false,false,,1,false,High,false,Rule-based taxonomy v2; focused corpus QA adjustment,Focused corpus QA adjustment applied
P212-0476,M3,2026-07-16-M3-2,2026-07-16,M3-2,Lecture,Problem-6.md,Problem lesson,6,Total Mechanical Energy of a Three-Body Orbit,212-M3-010,MTH212.M3.10,1,1,4,22,M3/2026-07-16-M3-2/Lessons/Problem-6.md,/Users/jake/Developer/study/vault/212/M3/2026-07-16-M3-2/Lessons/Problem-6.md,Scientific notation and significant figures,scientific notation and significant figures,Measurement and computation,,,,Recall,D1,Retrieval cue,Compound,false,,Inline reminder,false,false,,1,false,Medium,true,Rule-based taxonomy v2; focused corpus QA adjustment,Potentially compound prerequisite; consider splitting | Focused corpus QA adjustment applied
P212-0477,M3,2026-07-17-HW-5,2026-07-17,HW-5,Homework,Problem-1.md,Problem lesson,1,Testing Statements About Gravity and Orbits,212-M3-011,MTH212.M3.11,1,1,1,20,M3/2026-07-17-HW-5/Lessons/Problem-1.md,/Users/jake/Developer/study/vault/212/M3/2026-07-17-HW-5/Lessons/Problem-1.md,Substitute a surface distance into a formula.,substitute a surface distance into a formula,Mathematical technique,,Algebra and formula manipulation,,Execute,D2,Paragraph or micro-example,Atomic,false,,Inline paragraph or micro-example,false,false,,1,false,High,false,Rule-based taxonomy v2; corpus-level model review and spot checks,
P212-0478,M3,2026-07-17-HW-5,2026-07-17,HW-5,Homework,Problem-1.md,Problem lesson,1,Testing Statements About Gravity and Orbits,212-M3-011,MTH212.M3.11,1,1,2,21,M3/2026-07-17-HW-5/Lessons/Problem-1.md,/Users/jake/Developer/study/vault/212/M3/2026-07-17-HW-5/Lessons/Problem-1.md,Interpret a negative quantity becoming more negative.,interpret a negative quantity becoming more negative,Semantic and physical interpretation,,,,Interpret,D2,Paragraph or micro-example,Atomic,false,,Inline paragraph or micro-example,false,false,,1,false,High,false,Rule-based taxonomy v2; corpus-level model review and spot checks,
P212-0479,M3,2026-07-17-HW-5,2026-07-17,HW-5,Homework,Problem-1.md,Problem lesson,1,Testing Statements About Gravity and Orbits,212-M3-011,MTH212.M3.11,1,1,3,22,M3/2026-07-17-HW-5/Lessons/Problem-1.md,/Users/jake/Developer/study/vault/212/M3/2026-07-17-HW-5/Lessons/Problem-1.md,Distinguish a diameter from half of that diameter.,distinguish a diameter from half of that diameter,Semantic and physical interpretation,,,,Interpret,D2,Paragraph or micro-example,Atomic,false,,Inline paragraph or micro-example,false,false,,1,false,High,false,Rule-based taxonomy v2; corpus-level model review and spot checks,
P212-0480,M3,2026-07-17-HW-5,2026-07-17,HW-5,Homework,Problem-1.md,Problem lesson,1,Testing Statements About Gravity and Orbits,212-M3-011,MTH212.M3.11,1,1,4,23,M3/2026-07-17-HW-5/Lessons/Problem-1.md,/Users/jake/Developer/study/vault/212/M3/2026-07-17-HW-5/Lessons/Problem-1.md,Read direct and inverse proportionality notation.,read direct and inverse proportionality notation,Semantic and physical interpretation,,,,Recognize,D1,Retrieval cue,Atomic,false,,Inline reminder,false,false,,1,false,High,false,Rule-based taxonomy v2; corpus-level model review and spot checks,
P212-0481,M3,2026-07-17-HW-5,2026-07-17,HW-5,Homework,Problem-2.md,Problem lesson,2,Balancing Opposing Inverse-Square Forces,212-M3-012,MTH212.M3.12,1,1,1,19,M3/2026-07-17-HW-5/Lessons/Problem-2.md,/Users/jake/Developer/study/vault/212/M3/2026-07-17-HW-5/Lessons/Problem-2.md,"Newton's law of gravitation, $F=Gm_1m_2/r^2$","newton's law of gravitation, f=gm1m2/r^2","Physics concept, law, or relation",,,Forces and Newtonian dynamics,Recall,D3,Short focused lesson,Atomic,false,,Short prerequisite lesson,true,false,,1,false,High,false,Rule-based taxonomy v2; corpus-level model review and spot checks,
P212-0482,M3,2026-07-17-HW-5,2026-07-17,HW-5,Homework,Problem-2.md,Problem lesson,2,Balancing Opposing Inverse-Square Forces,212-M3-012,MTH212.M3.12,1,1,2,20,M3/2026-07-17-HW-5/Lessons/Problem-2.md,/Users/jake/Developer/study/vault/212/M3/2026-07-17-HW-5/Lessons/Problem-2.md,Solving a linear equation with the variable on both sides,solving a linear equation with the variable on both sides,Mathematical technique,,Algebra and formula manipulation,,Execute,D2,Paragraph or micro-example,Atomic,false,,Inline paragraph or micro-example,false,false,,1,false,High,false,Rule-based taxonomy v2; corpus-level model review and spot checks,
P212-0483,M3,2026-07-17-HW-5,2026-07-17,HW-5,Homework,Problem-2.md,Problem lesson,2,Balancing Opposing Inverse-Square Forces,212-M3-012,MTH212.M3.12,1,1,3,21,M3/2026-07-17-HW-5/Lessons/Problem-2.md,/Users/jake/Developer/study/vault/212/M3/2026-07-17-HW-5/Lessons/Problem-2.md,Simplifying square roots and rationalizing a denominator,simplifying square roots and rationalizing a denominator,Mathematical technique,,Numeracy and arithmetic | Algebra and formula manipulation,,Execute,D2,Paragraph or micro-example,Atomic,false,,Inline paragraph or micro-example,false,false,,1,false,High,false,Rule-based taxonomy v2; corpus-level model review and spot checks,
P212-0484,M3,2026-07-17-HW-5,2026-07-17,HW-5,Homework,Problem-3.md,Problem lesson,3,Net Gravitational Force from a Right-Triangle Arrangement,212-M3-013,MTH212.M3.13,1,1,1,19,M3/2026-07-17-HW-5/Lessons/Problem-3.md,/Users/jake/Developer/study/vault/212/M3/2026-07-17-HW-5/Lessons/Problem-3.md,Newton's law of gravitation: $F=Gm_am_b/r^2$,newton's law of gravitation: f=gmamb/r^2,"Physics concept, law, or relation",,,Forces and Newtonian dynamics,Recall,D3,Short focused lesson,Atomic,false,,Short prerequisite lesson,true,false,,1,false,High,false,Rule-based taxonomy v2; corpus-level model review and spot checks,
P212-0485,M3,2026-07-17-HW-5,2026-07-17,HW-5,Homework,Problem-3.md,Problem lesson,3,Net Gravitational Force from a Right-Triangle Arrangement,212-M3-013,MTH212.M3.13,1,1,2,20,M3/2026-07-17-HW-5/Lessons/Problem-3.md,/Users/jake/Developer/study/vault/212/M3/2026-07-17-HW-5/Lessons/Problem-3.md,The Pythagorean theorem,the pythagorean theorem,Mathematical technique,,Geometry and trigonometry,,Recall,D1,Retrieval cue,Atomic,false,,Inline reminder,false,false,,1,false,High,false,Rule-based taxonomy v2; focused corpus QA adjustment,Focused corpus QA adjustment applied
P212-0486,M3,2026-07-17-HW-5,2026-07-17,HW-5,Homework,Problem-3.md,Problem lesson,3,Net Gravitational Force from a Right-Triangle Arrangement,212-M3-013,MTH212.M3.13,1,1,3,21,M3/2026-07-17-HW-5/Lessons/Problem-3.md,/Users/jake/Developer/study/vault/212/M3/2026-07-17-HW-5/Lessons/Problem-3.md,Adding vectors by components,adding vectors by components,Mathematical technique,,Numeracy and arithmetic | Vector mathematics,,Execute,D3,Short focused lesson,Atomic,false,,Short prerequisite lesson,false,false,,1,false,High,false,Rule-based taxonomy v2; corpus-level model review and spot checks,
P212-0487,M3,2026-07-17-HW-5,2026-07-17,HW-5,Homework,Problem-4.md,Problem lesson,4,Scaling Surface Gravity With Mass and Radius,212-M3-014,MTH212.M3.14,1,1,1,19,M3/2026-07-17-HW-5/Lessons/Problem-4.md,/Users/jake/Developer/study/vault/212/M3/2026-07-17-HW-5/Lessons/Problem-4.md,Use the surface-gravity formula $g=GM/R^2$.,use the surface-gravity formula g=gm/r^2,"Physics concept, law, or relation",,,Gravitation and orbits,Execute,D2,Paragraph or micro-example,Atomic,false,,Inline paragraph or micro-example,true,false,,1,false,Medium,true,Rule-based taxonomy v2; focused corpus QA adjustment,Focused corpus QA adjustment applied
P212-0488,M3,2026-07-17-HW-5,2026-07-17,HW-5,Homework,Problem-4.md,Problem lesson,4,Scaling Surface Gravity With Mass and Radius,212-M3-014,MTH212.M3.14,1,1,2,20,M3/2026-07-17-HW-5/Lessons/Problem-4.md,/Users/jake/Developer/study/vault/212/M3/2026-07-17-HW-5/Lessons/Problem-4.md,Simplify fractions and squares.,simplify fractions and squares,Mathematical technique,,Numeracy and arithmetic | Algebra and formula manipulation,,Execute,D2,Paragraph or micro-example,Atomic,false,,Inline paragraph or micro-example,false,false,,1,false,High,false,Rule-based taxonomy v2; corpus-level model review and spot checks,
P212-0489,M3,2026-07-17-HW-5,2026-07-17,HW-5,Homework,Problem-4.md,Problem lesson,4,Scaling Surface Gravity With Mass and Radius,212-M3-014,MTH212.M3.14,1,1,3,21,M3/2026-07-17-HW-5/Lessons/Problem-4.md,/Users/jake/Developer/study/vault/212/M3/2026-07-17-HW-5/Lessons/Problem-4.md,Interpret a quantity such as $3M_E$ or $2R_E$ as a scale factor relative to Earth.,interpret a quantity such as 3me or 2re as a scale factor relative to earth,Semantic and physical interpretation,Mathematical technique,Algebra and formula manipulation,,Interpret,D2,Paragraph or micro-example,Atomic,false,,Inline paragraph or micro-example,true,false,,1,false,High,false,Rule-based taxonomy v2; corpus-level model review and spot checks,
P212-0490,M3,2026-07-17-HW-5,2026-07-17,HW-5,Homework,Problem-5.md,Problem lesson,5,Scaling Orbital Period with Orbital Radius,212-M3-015,MTH212.M3.15,1,1,1,18,M3/2026-07-17-HW-5/Lessons/Problem-5.md,/Users/jake/Developer/study/vault/212/M3/2026-07-17-HW-5/Lessons/Problem-5.md,Form ratios from two versions of the same equation.,form ratios from two versions of the same equation,Integrated modeling schema,Mathematical technique,Algebra and formula manipulation,,Recall,D2,Paragraph or micro-example,Atomic,false,,Inline paragraph or micro-example,false,false,,1,false,High,false,Rule-based taxonomy v2; corpus-level model review and spot checks,
P212-0491,M3,2026-07-17-HW-5,2026-07-17,HW-5,Homework,Problem-5.md,Problem lesson,5,Scaling Orbital Period with Orbital Radius,212-M3-015,MTH212.M3.15,1,1,2,19,M3/2026-07-17-HW-5/Lessons/Problem-5.md,/Users/jake/Developer/study/vault/212/M3/2026-07-17-HW-5/Lessons/Problem-5.md,Apply powers and simplify square roots.,apply powers and simplify square roots,Mathematical technique,,Numeracy and arithmetic | Algebra and formula manipulation,,Execute,D2,Paragraph or micro-example,Atomic,false,,Inline paragraph or micro-example,false,false,,1,false,High,false,Rule-based taxonomy v2; corpus-level model review and spot checks,
P212-0492,M3,2026-07-17-HW-5,2026-07-17,HW-5,Homework,Problem-6.md,Problem lesson,6,Scaling Kinetic Energy in a Circular Orbit,212-M3-016,MTH212.M3.16,1,1,1,20,M3/2026-07-17-HW-5/Lessons/Problem-6.md,/Users/jake/Developer/study/vault/212/M3/2026-07-17-HW-5/Lessons/Problem-6.md,Use $F=mv^2/r$ for centripetal force in uniform circular motion.,use f=mv^2/r for centripetal force in uniform circular motion,"Physics concept, law, or relation",,,Kinematics | Circular and rotational motion | Forces and Newtonian dynamics,Execute,D2,Paragraph or micro-example,Atomic,false,,Inline paragraph or micro-example,true,false,,1,false,Medium,true,Rule-based taxonomy v2; corpus-level model review and spot checks,
P212-0493,M3,2026-07-17-HW-5,2026-07-17,HW-5,Homework,Problem-6.md,Problem lesson,6,Scaling Kinetic Energy in a Circular Orbit,212-M3-016,MTH212.M3.16,1,1,2,21,M3/2026-07-17-HW-5/Lessons/Problem-6.md,/Users/jake/Developer/study/vault/212/M3/2026-07-17-HW-5/Lessons/Problem-6.md,Use $F_g=GMm/r^2$ for gravitational force.,use fg=gmm/r^2 for gravitational force,"Physics concept, law, or relation",,,Forces and Newtonian dynamics,Execute,D2,Paragraph or micro-example,Atomic,false,,Inline paragraph or micro-example,true,false,,1,false,Medium,true,Rule-based taxonomy v2; corpus-level model review and spot checks,
P212-0494,M3,2026-07-17-HW-5,2026-07-17,HW-5,Homework,Problem-6.md,Problem lesson,6,Scaling Kinetic Energy in a Circular Orbit,212-M3-016,MTH212.M3.16,1,1,3,22,M3/2026-07-17-HW-5/Lessons/Problem-6.md,/Users/jake/Developer/study/vault/212/M3/2026-07-17-HW-5/Lessons/Problem-6.md,Simplify ratios and reciprocal scale factors.,simplify ratios and reciprocal scale factors,Mathematical technique,,Numeracy and arithmetic | Algebra and formula manipulation,,Execute,D2,Paragraph or micro-example,Atomic,false,,Inline paragraph or micro-example,false,false,,1,false,High,false,Rule-based taxonomy v2; corpus-level model review and spot checks,
P212-0495,M3,2026-07-17-HW-5,2026-07-17,HW-5,Homework,Problem-7.md,Problem lesson,7,Comparing Orbital Speeds at the Apsides,212-M3-017,MTH212.M3.17,1,1,1,19,M3/2026-07-17-HW-5/Lessons/Problem-7.md,/Users/jake/Developer/study/vault/212/M3/2026-07-17-HW-5/Lessons/Problem-7.md,Kepler's second law: a planet or satellite sweeps out equal areas in equal times.,kepler's second law: a planet or satellite sweeps out equal areas in equal times,"Physics concept, law, or relation",,,Gravitation and orbits,Recall,D3,Short focused lesson,Atomic,false,,Short prerequisite lesson,false,false,,1,false,High,false,Rule-based taxonomy v2; focused corpus QA adjustment,Focused corpus QA adjustment applied
P212-0496,M3,2026-07-17-HW-5,2026-07-17,HW-5,Homework,Problem-7.md,Problem lesson,7,Comparing Orbital Speeds at the Apsides,212-M3-017,MTH212.M3.17,1,1,2,20,M3/2026-07-17-HW-5/Lessons/Problem-7.md,/Users/jake/Developer/study/vault/212/M3/2026-07-17-HW-5/Lessons/Problem-7.md,The area of a triangle is $\frac12(\text{base})(\text{height})$.,the area of a triangle is \frac12(base)(height),Mathematical technique,,Geometry and trigonometry,,Recall,D2,Paragraph or micro-example,Atomic,false,,Inline paragraph or micro-example,true,false,,1,false,High,false,Rule-based taxonomy v2; corpus-level model review and spot checks,
P212-0497,M3,2026-07-17-HW-5,2026-07-17,HW-5,Homework,Problem-7.md,Problem lesson,7,Comparing Orbital Speeds at the Apsides,212-M3-017,MTH212.M3.17,1,1,3,21,M3/2026-07-17-HW-5/Lessons/Problem-7.md,/Users/jake/Developer/study/vault/212/M3/2026-07-17-HW-5/Lessons/Problem-7.md,Solving a proportion and interpreting a ratio as a multiplicative factor.,solving a proportion and interpreting a ratio as a multiplicative factor,Mathematical technique,,Algebra and formula manipulation | Ratios and proportional reasoning,,Execute,D2,Paragraph or micro-example,Compound,false,,Inline paragraph or micro-example,false,false,,1,false,Medium,true,Rule-based taxonomy v2; corpus-level model review and spot checks,Potentially compound prerequisite; consider splitting
P212-0498,M3,2026-07-17-HW-5,2026-07-17,HW-5,Homework,Problem-8.md,Problem lesson,8,Gravitational Potential Energy of a Three-Body System,212-M3-018,MTH212.M3.18,1,1,1,19,M3/2026-07-17-HW-5/Lessons/Problem-8.md,/Users/jake/Developer/study/vault/212/M3/2026-07-17-HW-5/Lessons/Problem-8.md,Recall that gravity is attractive and that gravitational potential energy is zero at infinite separation.,recall that gravity is attractive and that gravitational potential energy is zero at infinite separation,"Physics concept, law, or relation",Model condition or reference choice,,Energy and momentum,Recall,D1,Retrieval cue,Compound,true,"Reference axis, pivot, or origin",Inline reminder,false,false,,1,false,Medium,true,Rule-based taxonomy v2; focused corpus QA adjustment,Potentially compound prerequisite; consider splitting | Focused corpus QA adjustment applied
P212-0499,M3,2026-07-17-HW-5,2026-07-17,HW-5,Homework,Problem-8.md,Problem lesson,8,Gravitational Potential Energy of a Three-Body System,212-M3-018,MTH212.M3.18,1,1,2,20,M3/2026-07-17-HW-5/Lessons/Problem-8.md,/Users/jake/Developer/study/vault/212/M3/2026-07-17-HW-5/Lessons/Problem-8.md,Use the Pythagorean theorem to find the hypotenuse of a right triangle.,use the pythagorean theorem to find the hypotenuse of a right triangle,Mathematical technique,Representation and spatial literacy,Geometry and trigonometry,,Execute,D2,Paragraph or micro-example,Atomic,false,,Inline paragraph or micro-example,false,false,,1,false,Medium,true,Rule-based taxonomy v2; corpus-level model review and spot checks,
P212-0500,M3,2026-07-17-HW-5,2026-07-17,HW-5,Homework,Problem-8.md,Problem lesson,8,Gravitational Potential Energy of a Three-Body System,212-M3-018,MTH212.M3.18,1,1,3,21,M3/2026-07-17-HW-5/Lessons/Problem-8.md,/Users/jake/Developer/study/vault/212/M3/2026-07-17-HW-5/Lessons/Problem-8.md,Add fractions whose denominators do not need to be combined.,add fractions whose denominators do not need to be combined,Mathematical technique,,Numeracy and arithmetic,,Execute,D2,Paragraph or micro-example,Atomic,false,,Inline paragraph or micro-example,false,false,,1,false,High,false,Rule-based taxonomy v2; corpus-level model review and spot checks,
P212-0501,M3,2026-07-19-PQ-2,2026-07-19,PQ-2,Practice Quiz,Problem-1.md,Problem lesson,1,Comparing Angular Momentum at Equal Angular Speed,212-M3-019,MTH212.M3.19,1,1,1,19,M3/2026-07-19-PQ-2/Lessons/Problem-1.md,/Users/jake/Developer/study/vault/212/M3/2026-07-19-PQ-2/Lessons/Problem-1.md,Recognize angular speed $\omega$ as the rate of rotation.,recognize angular speed \omega as the rate of rotation,"Physics concept, law, or relation",,,Kinematics | Circular and rotational motion,Recognize,D1,Retrieval cue,Atomic,false,,Inline reminder,true,false,,1,false,High,false,Rule-based taxonomy v2; corpus-level model review and spot checks,
P212-0502,M3,2026-07-19-PQ-2,2026-07-19,PQ-2,Practice Quiz,Problem-1.md,Problem lesson,1,Comparing Angular Momentum at Equal Angular Speed,212-M3-019,MTH212.M3.19,1,1,2,20,M3/2026-07-19-PQ-2/Lessons/Problem-1.md,/Users/jake/Developer/study/vault/212/M3/2026-07-19-PQ-2/Lessons/Problem-1.md,Identify the perpendicular distance $r$ from a piece of mass to the rotation axis.,identify the perpendicular distance r from a piece of mass to the rotation axis,Representation and spatial literacy,"Mathematical technique | Physics concept, law, or relation | Model condition or reference choice",Geometry and trigonometry,Circular and rotational motion,Recognize,D2,Paragraph or micro-example,Atomic,true,"Reference axis, pivot, or origin",Inline paragraph or micro-example,true,false,,1,false,Medium,true,Rule-based taxonomy v2; corpus-level model review and spot checks,
P212-0503,M3,2026-07-19-PQ-2,2026-07-19,PQ-2,Practice Quiz,Problem-1.md,Problem lesson,1,Comparing Angular Momentum at Equal Angular Speed,212-M3-019,MTH212.M3.19,1,1,3,21,M3/2026-07-19-PQ-2/Lessons/Problem-1.md,/Users/jake/Developer/study/vault/212/M3/2026-07-19-PQ-2/Lessons/Problem-1.md,Compare positive quantities and their squares.,compare positive quantities and their squares,Mathematical technique,,Numeracy and arithmetic,,Execute,D2,Paragraph or micro-example,Atomic,false,,Inline paragraph or micro-example,false,false,,1,false,High,false,Rule-based taxonomy v2; focused corpus QA adjustment,Focused corpus QA adjustment applied
P212-0504,M3,2026-07-19-PQ-2,2026-07-19,PQ-2,Practice Quiz,Problem-2.md,Problem lesson,2,Comparing Translational and Rotational Kinetic Energy in Rolling,212-M3-020,MTH212.M3.20,1,1,1,19,M3/2026-07-19-PQ-2/Lessons/Problem-2.md,/Users/jake/Developer/study/vault/212/M3/2026-07-19-PQ-2/Lessons/Problem-2.md,Translational kinetic energy: $K_{\mathrm{trans}}=\frac12 Mv^2$,translational kinetic energy: ktrans=\frac12 mv^2,"Physics concept, law, or relation",,,Energy and momentum,Recall,D1,Retrieval cue,Atomic,false,,Inline reminder,true,false,,1,false,High,false,Rule-based taxonomy v2; corpus-level model review and spot checks,
P212-0505,M3,2026-07-19-PQ-2,2026-07-19,PQ-2,Practice Quiz,Problem-2.md,Problem lesson,2,Comparing Translational and Rotational Kinetic Energy in Rolling,212-M3-020,MTH212.M3.20,1,1,2,20,M3/2026-07-19-PQ-2/Lessons/Problem-2.md,/Users/jake/Developer/study/vault/212/M3/2026-07-19-PQ-2/Lessons/Problem-2.md,Rotational kinetic energy about the center of mass: $K_{\mathrm{rot}}=\frac12 I_{\mathrm{cm}}\omega^2$,rotational kinetic energy about the center of mass: krot=\frac12 icm\omega^2,"Physics concept, law, or relation",,,Circular and rotational motion | Center of mass and density | Energy and momentum,Recall,D1,Retrieval cue,Atomic,false,,Inline reminder,true,false,,1,false,High,false,Rule-based taxonomy v2; corpus-level model review and spot checks,
P212-0506,M3,2026-07-19-PQ-2,2026-07-19,PQ-2,Practice Quiz,Problem-2.md,Problem lesson,2,Comparing Translational and Rotational Kinetic Energy in Rolling,212-M3-020,MTH212.M3.20,1,1,3,21,M3/2026-07-19-PQ-2/Lessons/Problem-2.md,/Users/jake/Developer/study/vault/212/M3/2026-07-19-PQ-2/Lessons/Problem-2.md,Rolling-without-slipping condition: $v=\omega R$,rolling-without-slipping condition: v=\omega r,"Physics concept, law, or relation",Model condition or reference choice,,Circular and rotational motion,Recall,D4,Full prerequisite lesson,Atomic,true,No-slip constraint,Full prerequisite lesson,true,false,,1,false,Medium,true,Rule-based taxonomy v2; focused corpus QA adjustment,High-depth prerequisite should route to dedicated remediation | Focused corpus QA adjustment applied
P212-0507,M3,2026-07-19-PQ-2,2026-07-19,PQ-2,Practice Quiz,Problem-2.md,Problem lesson,2,Comparing Translational and Rotational Kinetic Energy in Rolling,212-M3-020,MTH212.M3.20,1,1,4,22,M3/2026-07-19-PQ-2/Lessons/Problem-2.md,/Users/jake/Developer/study/vault/212/M3/2026-07-19-PQ-2/Lessons/Problem-2.md,Moments of inertia for common rigid bodies,moments of inertia for common rigid bodies,"Physics concept, law, or relation",,,Moment of inertia,Recall,D4,Full prerequisite lesson,Atomic,false,,Full prerequisite lesson,false,false,,1,false,Medium,true,Rule-based taxonomy v2; focused corpus QA adjustment,High-depth prerequisite should route to dedicated remediation | Focused corpus QA adjustment applied
P212-0508,M3,2026-07-19-PQ-2,2026-07-19,PQ-2,Practice Quiz,Problem-3.md,Problem lesson,3,Comparing Descent Times with a Rotating Flywheel,212-M3-021,MTH212.M3.21,1,1,1,19,M3/2026-07-19-PQ-2/Lessons/Problem-3.md,/Users/jake/Developer/study/vault/212/M3/2026-07-19-PQ-2/Lessons/Problem-3.md,Apply Newton's second law to a translating mass.,apply newton's second law to a translating mass,"Physics concept, law, or relation",,,Forces and Newtonian dynamics,Execute,D3,Short focused lesson,Atomic,false,,Short prerequisite lesson,false,false,,1,false,High,false,Rule-based taxonomy v2; corpus-level model review and spot checks,
P212-0509,M3,2026-07-19-PQ-2,2026-07-19,PQ-2,Practice Quiz,Problem-3.md,Problem lesson,3,Comparing Descent Times with a Rotating Flywheel,212-M3-021,MTH212.M3.21,1,1,2,20,M3/2026-07-19-PQ-2/Lessons/Problem-3.md,/Users/jake/Developer/study/vault/212/M3/2026-07-19-PQ-2/Lessons/Problem-3.md,Use $\tau=I\alpha$ and the no-slip relation $a=\alpha r$.,use \tau=i\alpha and the no-slip relation a=\alpha r,"Physics concept, law, or relation",Model condition or reference choice,,Circular and rotational motion | Torque and equilibrium | Rolling and angular momentum,Integrate,D5,Multi-lesson prerequisite sequence,Compound,true,No-slip constraint,Linked prerequisite sequence or split target lesson,true,false,,1,false,Medium,true,Rule-based taxonomy v2; corpus-level model review and spot checks,Potentially compound prerequisite; consider splitting | High-depth prerequisite should route to dedicated remediation
P212-0510,M3,2026-07-19-PQ-2,2026-07-19,PQ-2,Practice Quiz,Problem-3.md,Problem lesson,3,Comparing Descent Times with a Rotating Flywheel,212-M3-021,MTH212.M3.21,1,1,3,21,M3/2026-07-19-PQ-2/Lessons/Problem-3.md,/Users/jake/Developer/study/vault/212/M3/2026-07-19-PQ-2/Lessons/Problem-3.md,Use $h=\tfrac12at^2$ for motion from rest with constant acceleration.,use h=\tfrac12at^2 for motion from rest with constant acceleration,"Physics concept, law, or relation",Model condition or reference choice,,Kinematics,Execute,D2,Paragraph or micro-example,Atomic,true,Fixed or constant quantity,Inline paragraph or micro-example,true,false,,1,false,Medium,true,Rule-based taxonomy v2; focused corpus QA adjustment,Focused corpus QA adjustment applied
P212-0511,M3,2026-07-19-PQ-2,2026-07-19,PQ-2,Practice Quiz,Problem-4.md,Problem lesson,4,Finding the Tipping Threshold With Torque Balance,212-M3-022,MTH212.M3.22,1,1,1,19,M3/2026-07-19-PQ-2/Lessons/Problem-4.md,/Users/jake/Developer/study/vault/212/M3/2026-07-19-PQ-2/Lessons/Problem-4.md,Compute a torque magnitude with $\tau=r_\perp F$.,compute a torque magnitude with \tau=r\perp f,"Physics concept, law, or relation",,,Torque and equilibrium,Execute,D3,Short focused lesson,Atomic,false,,Short prerequisite lesson,true,false,,1,false,High,false,Rule-based taxonomy v2; corpus-level model review and spot checks,
P212-0512,M3,2026-07-19-PQ-2,2026-07-19,PQ-2,Practice Quiz,Problem-4.md,Problem lesson,4,Finding the Tipping Threshold With Torque Balance,212-M3-022,MTH212.M3.22,1,1,2,20,M3/2026-07-19-PQ-2/Lessons/Problem-4.md,/Users/jake/Developer/study/vault/212/M3/2026-07-19-PQ-2/Lessons/Problem-4.md,Identify the center of mass of a uniform board.,identify the center of mass of a uniform board,"Physics concept, law, or relation",Model condition or reference choice,,Center of mass and density,Recognize,D1,Retrieval cue,Atomic,true,Uniform-object model,Inline reminder,false,false,,1,false,High,false,Rule-based taxonomy v2; focused corpus QA adjustment,Focused corpus QA adjustment applied
P212-0513,M3,2026-07-19-PQ-2,2026-07-19,PQ-2,Practice Quiz,Problem-4.md,Problem lesson,4,Finding the Tipping Threshold With Torque Balance,212-M3-022,MTH212.M3.22,1,1,3,21,M3/2026-07-19-PQ-2/Lessons/Problem-4.md,/Users/jake/Developer/study/vault/212/M3/2026-07-19-PQ-2/Lessons/Problem-4.md,Distinguish clockwise from counterclockwise torque.,distinguish clockwise from counterclockwise torque,Semantic and physical interpretation,"Physics concept, law, or relation",,Torque and equilibrium,Interpret,D3,Short focused lesson,Atomic,false,,Short prerequisite lesson,false,false,,1,false,High,false,Rule-based taxonomy v2; corpus-level model review and spot checks,
P212-0514,M3,2026-07-19-PQ-2,2026-07-19,PQ-2,Practice Quiz,Problem-4.md,Problem lesson,4,Finding the Tipping Threshold With Torque Balance,212-M3-022,MTH212.M3.22,1,1,4,22,M3/2026-07-19-PQ-2/Lessons/Problem-4.md,/Users/jake/Developer/study/vault/212/M3/2026-07-19-PQ-2/Lessons/Problem-4.md,Solve a one-step equation for an unknown distance.,solve a one-step equation for an unknown distance,Mathematical technique,,Algebra and formula manipulation,,Execute,D2,Paragraph or micro-example,Atomic,false,,Inline paragraph or micro-example,false,false,,1,false,High,false,Rule-based taxonomy v2; corpus-level model review and spot checks,
P212-0515,M3,2026-07-19-PQ-2,2026-07-19,PQ-2,Practice Quiz,Problem-5.md,Problem lesson,5,Four Stars Orbiting at the Corners of a Square,212-M3-023,MTH212.M3.23,1,1,1,19,M3/2026-07-19-PQ-2/Lessons/Problem-5.md,/Users/jake/Developer/study/vault/212/M3/2026-07-19-PQ-2/Lessons/Problem-5.md,Newton's law of gravitation: $F=Gm_1m_2/r^2$,newton's law of gravitation: f=gm1m2/r^2,"Physics concept, law, or relation",,,Forces and Newtonian dynamics,Recall,D3,Short focused lesson,Atomic,false,,Short prerequisite lesson,true,false,,2,false,High,false,Rule-based taxonomy v2; corpus-level model review and spot checks,
P212-0516,M3,2026-07-19-PQ-2,2026-07-19,PQ-2,Practice Quiz,Problem-5.md,Problem lesson,5,Four Stars Orbiting at the Corners of a Square,212-M3-023,MTH212.M3.23,1,1,2,20,M3/2026-07-19-PQ-2/Lessons/Problem-5.md,/Users/jake/Developer/study/vault/212/M3/2026-07-19-PQ-2/Lessons/Problem-5.md,Uniform circular motion: $F_{\mathrm{net}}=mv^2/r$,uniform circular motion: fnet=mv^2/r,"Physics concept, law, or relation",,,Kinematics | Circular and rotational motion,Recall,D3,Short focused lesson,Atomic,false,,Short prerequisite lesson,true,false,,1,false,High,false,Rule-based taxonomy v2; focused corpus QA adjustment,Focused corpus QA adjustment applied
P212-0517,M3,2026-07-19-PQ-2,2026-07-19,PQ-2,Practice Quiz,Problem-5.md,Problem lesson,5,Four Stars Orbiting at the Corners of a Square,212-M3-023,MTH212.M3.23,1,1,3,21,M3/2026-07-19-PQ-2/Lessons/Problem-5.md,/Users/jake/Developer/study/vault/212/M3/2026-07-19-PQ-2/Lessons/Problem-5.md,Gravitational potential energy of a pair: $U_{ij}=-Gm_im_j/r_{ij}$,gravitational potential energy of a pair: uij=-gmimj/rij,"Physics concept, law, or relation",,,Energy and momentum,Recall,D1,Retrieval cue,Atomic,false,,Inline reminder,true,false,,1,false,High,false,Rule-based taxonomy v2; corpus-level model review and spot checks,
P212-0518,M3,2026-07-19-PQ-2,2026-07-19,PQ-2,Practice Quiz,Problem-5.md,Problem lesson,5,Four Stars Orbiting at the Corners of a Square,212-M3-023,MTH212.M3.23,1,1,4,22,M3/2026-07-19-PQ-2/Lessons/Problem-5.md,/Users/jake/Developer/study/vault/212/M3/2026-07-19-PQ-2/Lessons/Problem-5.md,A square's diagonal is $\sqrt{2}$ times its side,a square's diagonal is 2 times its side,Mathematical technique,,Numeracy and arithmetic | Geometry and trigonometry,,Recall,D1,Retrieval cue,Atomic,false,,Inline reminder,true,false,,1,false,High,false,Rule-based taxonomy v2; focused corpus QA adjustment,Focused corpus QA adjustment applied
P212-0519,M3,2026-07-20-Q-2,2026-07-20,Q-2,Quiz,Group-1-Center-of-Mass-and-Density.md,Group review,,Locate a System's Center of Mass,212-M3-024,MTH212.M3.24,1,1,1,20,M3/2026-07-20-Q-2/Lessons/Group-1-Center-of-Mass-and-Density.md,/Users/jake/Developer/study/vault/212/M3/2026-07-20-Q-2/Lessons/Group-1-Center-of-Mass-and-Density.md,Solve a linear equation.,solve a linear equation,Mathematical technique,,Algebra and formula manipulation,,Execute,D2,Paragraph or micro-example,Atomic,false,,Inline paragraph or micro-example,false,false,,1,false,High,false,Rule-based taxonomy v2; corpus-level model review and spot checks,
P212-0520,M3,2026-07-20-Q-2,2026-07-20,Q-2,Quiz,Group-1-Center-of-Mass-and-Density.md,Group review,,Locate a System's Center of Mass,212-M3-024,MTH212.M3.24,1,1,2,21,M3/2026-07-20-Q-2/Lessons/Group-1-Center-of-Mass-and-Density.md,/Users/jake/Developer/study/vault/212/M3/2026-07-20-Q-2/Lessons/Group-1-Center-of-Mass-and-Density.md,Evaluate basic polynomial integrals.,evaluate basic polynomial integrals,Mathematical technique,,Calculus,,Execute,D3,Short focused lesson,Atomic,false,,Short prerequisite lesson,false,false,,1,false,High,false,Rule-based taxonomy v2; focused corpus QA adjustment,Focused corpus QA adjustment applied
P212-0521,M3,2026-07-20-Q-2,2026-07-20,Q-2,Quiz,Group-1-Center-of-Mass-and-Density.md,Group review,,Locate a System's Center of Mass,212-M3-024,MTH212.M3.24,1,1,3,22,M3/2026-07-20-Q-2/Lessons/Group-1-Center-of-Mass-and-Density.md,/Users/jake/Developer/study/vault/212/M3/2026-07-20-Q-2/Lessons/Group-1-Center-of-Mass-and-Density.md,Find the center and volume of a uniform geometric object.,find the center and volume of a uniform geometric object,Mathematical technique,Model condition or reference choice,Geometry and trigonometry,,Execute,D2,Paragraph or micro-example,Compound,true,Uniform-object model,Inline paragraph or micro-example,false,false,,1,false,Medium,true,Rule-based taxonomy v2; focused corpus QA adjustment,Potentially compound prerequisite; consider splitting | Focused corpus QA adjustment applied
P212-0522,M3,2026-07-20-Q-2,2026-07-20,Q-2,Quiz,Group-1-Center-of-Mass-and-Density.md,Group review,,Locate a System's Center of Mass,212-M3-024,MTH212.M3.24,1,1,4,23,M3/2026-07-20-Q-2/Lessons/Group-1-Center-of-Mass-and-Density.md,/Users/jake/Developer/study/vault/212/M3/2026-07-20-Q-2/Lessons/Group-1-Center-of-Mass-and-Density.md,Compute a torque magnitude when a force is perpendicular to its lever arm.,compute a torque magnitude when a force is perpendicular to its lever arm,"Physics concept, law, or relation",Mathematical technique | Model condition or reference choice,Geometry and trigonometry,Forces and Newtonian dynamics | Torque and equilibrium,Execute,D3,Short focused lesson,Atomic,false,,Short prerequisite lesson,false,false,,1,false,Medium,true,Rule-based taxonomy v2; corpus-level model review and spot checks,
P212-0523,M3,2026-07-20-Q-2,2026-07-20,Q-2,Quiz,Group-2-Moment-of-Inertia.md,Group review,,Build the Moment of Inertia About a Chosen Axis,212-M3-025,MTH212.M3.25,1,1,1,21,M3/2026-07-20-Q-2/Lessons/Group-2-Moment-of-Inertia.md,/Users/jake/Developer/study/vault/212/M3/2026-07-20-Q-2/Lessons/Group-2-Moment-of-Inertia.md,Compute a center of mass and write $dm$ from a density.,compute a center of mass and write dm from a density,"Physics concept, law, or relation",,,Center of mass and density,Execute,D4,Full prerequisite lesson,Compound,false,,Full prerequisite lesson,true,false,,1,false,Medium,true,Rule-based taxonomy v2; focused corpus QA adjustment,Potentially compound prerequisite; consider splitting | High-depth prerequisite should route to dedicated remediation | Focused corpus QA adjustment applied
P212-0524,M3,2026-07-20-Q-2,2026-07-20,Q-2,Quiz,Group-2-Moment-of-Inertia.md,Group review,,Build the Moment of Inertia About a Chosen Axis,212-M3-025,MTH212.M3.25,1,1,2,22,M3/2026-07-20-Q-2/Lessons/Group-2-Moment-of-Inertia.md,/Users/jake/Developer/study/vault/212/M3/2026-07-20-Q-2/Lessons/Group-2-Moment-of-Inertia.md,Evaluate polynomial integrals.,evaluate polynomial integrals,Mathematical technique,,Calculus,,Execute,D3,Short focused lesson,Atomic,false,,Short prerequisite lesson,false,false,,1,false,High,false,Rule-based taxonomy v2; focused corpus QA adjustment,Focused corpus QA adjustment applied
P212-0525,M3,2026-07-20-Q-2,2026-07-20,Q-2,Quiz,Group-2-Moment-of-Inertia.md,Group review,,Build the Moment of Inertia About a Chosen Axis,212-M3-025,MTH212.M3.25,1,1,3,23,M3/2026-07-20-Q-2/Lessons/Group-2-Moment-of-Inertia.md,/Users/jake/Developer/study/vault/212/M3/2026-07-20-Q-2/Lessons/Group-2-Moment-of-Inertia.md,Identify the shortest perpendicular distance from a mass to a rotation axis.,identify the shortest perpendicular distance from a mass to a rotation axis,Representation and spatial literacy,"Mathematical technique | Physics concept, law, or relation | Model condition or reference choice",Geometry and trigonometry,Circular and rotational motion,Recognize,D2,Paragraph or micro-example,Atomic,true,"Reference axis, pivot, or origin",Inline paragraph or micro-example,false,false,,1,false,Medium,true,Rule-based taxonomy v2; corpus-level model review and spot checks,
P212-0526,M3,2026-07-20-Q-2,2026-07-20,Q-2,Quiz,Group-2-Moment-of-Inertia.md,Group review,,Build the Moment of Inertia About a Chosen Axis,212-M3-025,MTH212.M3.25,1,1,4,24,M3/2026-07-20-Q-2/Lessons/Group-2-Moment-of-Inertia.md,/Users/jake/Developer/study/vault/212/M3/2026-07-20-Q-2/Lessons/Group-2-Moment-of-Inertia.md,Use $K_{\mathrm{rot}}=\frac12I\omega^2$.,use krot=\frac12i\omega^2,"Physics concept, law, or relation",,,Circular and rotational motion,Execute,D2,Paragraph or micro-example,Atomic,false,,Inline paragraph or micro-example,true,false,,1,false,Medium,true,Rule-based taxonomy v2; corpus-level model review and spot checks,
P212-0527,M3,2026-07-20-Q-2,2026-07-20,Q-2,Quiz,Group-3-Torque-and-Rotational-Dynamics.md,Group review,,Turn Applied Forces into Angular Acceleration,212-M3-026,MTH212.M3.26,1,1,1,21,M3/2026-07-20-Q-2/Lessons/Group-3-Torque-and-Rotational-Dynamics.md,/Users/jake/Developer/study/vault/212/M3/2026-07-20-Q-2/Lessons/Group-3-Torque-and-Rotational-Dynamics.md,Resolve a force into perpendicular components.,resolve a force into perpendicular components,"Physics concept, law, or relation",Mathematical technique,Geometry and trigonometry | Vector mathematics,Forces and Newtonian dynamics,Execute,D3,Short focused lesson,Atomic,false,,Short prerequisite lesson,false,false,,1,false,High,false,Rule-based taxonomy v2; corpus-level model review and spot checks,
P212-0528,M3,2026-07-20-Q-2,2026-07-20,Q-2,Quiz,Group-3-Torque-and-Rotational-Dynamics.md,Group review,,Turn Applied Forces into Angular Acceleration,212-M3-026,MTH212.M3.26,1,1,2,22,M3/2026-07-20-Q-2/Lessons/Group-3-Torque-and-Rotational-Dynamics.md,/Users/jake/Developer/study/vault/212/M3/2026-07-20-Q-2/Lessons/Group-3-Torque-and-Rotational-Dynamics.md,Use the right-hand rule for a cross product.,use the right-hand rule for a cross product,Mathematical technique,Representation and spatial literacy,Vector mathematics,,Execute,D3,Short focused lesson,Atomic,false,,Short prerequisite lesson,false,false,,1,false,Medium,true,Rule-based taxonomy v2; corpus-level model review and spot checks,
P212-0529,M3,2026-07-20-Q-2,2026-07-20,Q-2,Quiz,Group-3-Torque-and-Rotational-Dynamics.md,Group review,,Turn Applied Forces into Angular Acceleration,212-M3-026,MTH212.M3.26,1,1,3,23,M3/2026-07-20-Q-2/Lessons/Group-3-Torque-and-Rotational-Dynamics.md,/Users/jake/Developer/study/vault/212/M3/2026-07-20-Q-2/Lessons/Group-3-Torque-and-Rotational-Dynamics.md,Calculate common moments of inertia about a stated axis.,calculate common moments of inertia about a stated axis,"Physics concept, law, or relation",Representation and spatial literacy | Model condition or reference choice,,Moment of inertia,Recall,D4,Full prerequisite lesson,Atomic,true,"Reference axis, pivot, or origin",Full prerequisite lesson,false,false,,1,false,Medium,true,Rule-based taxonomy v2; focused corpus QA adjustment,High-depth prerequisite should route to dedicated remediation | Focused corpus QA adjustment applied
P212-0530,M3,2026-07-20-Q-2,2026-07-20,Q-2,Quiz,Group-3-Torque-and-Rotational-Dynamics.md,Group review,,Turn Applied Forces into Angular Acceleration,212-M3-026,MTH212.M3.26,1,1,4,24,M3/2026-07-20-Q-2/Lessons/Group-3-Torque-and-Rotational-Dynamics.md,/Users/jake/Developer/study/vault/212/M3/2026-07-20-Q-2/Lessons/Group-3-Torque-and-Rotational-Dynamics.md,Distinguish a force from the torque that force produces.,distinguish a force from the torque that force produces,Semantic and physical interpretation,"Physics concept, law, or relation",,Forces and Newtonian dynamics | Torque and equilibrium,Interpret,D3,Short focused lesson,Atomic,false,,Short prerequisite lesson,false,false,,1,false,High,false,Rule-based taxonomy v2; corpus-level model review and spot checks,
P212-0531,M3,2026-07-20-Q-2,2026-07-20,Q-2,Quiz,Group-4-Equilibrium-and-Massive-Pulleys.md,Group review,,Solve Coupled Equilibrium and Massive-Pulley Systems,212-M3-027,MTH212.M3.27,1,1,1,21,M3/2026-07-20-Q-2/Lessons/Group-4-Equilibrium-and-Massive-Pulleys.md,/Users/jake/Developer/study/vault/212/M3/2026-07-20-Q-2/Lessons/Group-4-Equilibrium-and-Massive-Pulleys.md,Draw point and extended free-body diagrams.,draw point and extended free-body diagrams,Integrated modeling schema,"Physics concept, law, or relation",,Forces and Newtonian dynamics,Execute,D3,Short focused lesson,Atomic,false,,Short prerequisite lesson,false,false,,1,false,High,false,Rule-based taxonomy v2; corpus-level model review and spot checks,
P212-0532,M3,2026-07-20-Q-2,2026-07-20,Q-2,Quiz,Group-4-Equilibrium-and-Massive-Pulleys.md,Group review,,Solve Coupled Equilibrium and Massive-Pulley Systems,212-M3-027,MTH212.M3.27,1,1,2,22,M3/2026-07-20-Q-2/Lessons/Group-4-Equilibrium-and-Massive-Pulleys.md,/Users/jake/Developer/study/vault/212/M3/2026-07-20-Q-2/Lessons/Group-4-Equilibrium-and-Massive-Pulleys.md,Calculate signed torques about a chosen pivot.,calculate signed torques about a chosen pivot,"Physics concept, law, or relation",Representation and spatial literacy | Model condition or reference choice,,Torque and equilibrium,Recall,D3,Short focused lesson,Atomic,true,"Sign or direction convention | Reference axis, pivot, or origin",Short prerequisite lesson,false,false,,1,false,Medium,true,Rule-based taxonomy v2; focused corpus QA adjustment,Focused corpus QA adjustment applied
P212-0533,M3,2026-07-20-Q-2,2026-07-20,Q-2,Quiz,Group-4-Equilibrium-and-Massive-Pulleys.md,Group review,,Solve Coupled Equilibrium and Massive-Pulley Systems,212-M3-027,MTH212.M3.27,1,1,3,23,M3/2026-07-20-Q-2/Lessons/Group-4-Equilibrium-and-Massive-Pulleys.md,/Users/jake/Developer/study/vault/212/M3/2026-07-20-Q-2/Lessons/Group-4-Equilibrium-and-Massive-Pulleys.md,Use $\sum\vec F=m\vec a$ and $\sum\tau=I\alpha$.,use \sum f=m a and \sum\tau=i\alpha,Integrated modeling schema,"Mathematical technique | Physics concept, law, or relation",Vector mathematics,Circular and rotational motion | Torque and equilibrium,Integrate,D5,Multi-lesson prerequisite sequence,Compound,false,,Linked prerequisite sequence or split target lesson,true,false,,1,false,Medium,true,Rule-based taxonomy v2; focused corpus QA adjustment,Potentially compound prerequisite; consider splitting | High-depth prerequisite should route to dedicated remediation | Focused corpus QA adjustment applied
P212-0534,M3,2026-07-20-Q-2,2026-07-20,Q-2,Quiz,Group-4-Equilibrium-and-Massive-Pulleys.md,Group review,,Solve Coupled Equilibrium and Massive-Pulley Systems,212-M3-027,MTH212.M3.27,1,1,4,24,M3/2026-07-20-Q-2/Lessons/Group-4-Equilibrium-and-Massive-Pulleys.md,/Users/jake/Developer/study/vault/212/M3/2026-07-20-Q-2/Lessons/Group-4-Equilibrium-and-Massive-Pulleys.md,Use the no-slip relation $a=\alpha r$.,use the no-slip relation a=\alpha r,"Physics concept, law, or relation",Model condition or reference choice,,Circular and rotational motion | Rolling and angular momentum,Execute,D3,Short focused lesson,Atomic,true,No-slip constraint,Short prerequisite lesson,true,false,,1,false,Medium,true,Rule-based taxonomy v2; corpus-level model review and spot checks,
P212-0535,M3,2026-07-20-Q-2,2026-07-20,Q-2,Quiz,Group-5-Rolling-and-Angular-Momentum.md,Group review,,Connect Rolling Motion to Angular-Momentum Conservation,212-M3-028,MTH212.M3.28,1,1,1,25,M3/2026-07-20-Q-2/Lessons/Group-5-Rolling-and-Angular-Momentum.md,/Users/jake/Developer/study/vault/212/M3/2026-07-20-Q-2/Lessons/Group-5-Rolling-and-Angular-Momentum.md,"translational kinetic energy, $K_{\mathrm{trans}}=\frac12Mv^2$,","translational kinetic energy, ktrans=\frac12mv^2","Physics concept, law, or relation",,,Energy and momentum,Recall,D1,Retrieval cue,Atomic,false,,Inline reminder,true,false,,1,false,High,false,Rule-based taxonomy v2; corpus-level model review and spot checks,
P212-0536,M3,2026-07-20-Q-2,2026-07-20,Q-2,Quiz,Group-5-Rolling-and-Angular-Momentum.md,Group review,,Connect Rolling Motion to Angular-Momentum Conservation,212-M3-028,MTH212.M3.28,1,1,2,26,M3/2026-07-20-Q-2/Lessons/Group-5-Rolling-and-Angular-Momentum.md,/Users/jake/Developer/study/vault/212/M3/2026-07-20-Q-2/Lessons/Group-5-Rolling-and-Angular-Momentum.md,"rotational kinetic energy, $K_{\mathrm{rot}}=\frac12I\omega^2$,","rotational kinetic energy, krot=\frac12i\omega^2","Physics concept, law, or relation",,,Circular and rotational motion | Energy and momentum,Recall,D1,Retrieval cue,Atomic,false,,Inline reminder,true,false,,1,false,High,false,Rule-based taxonomy v2; corpus-level model review and spot checks,
P212-0537,M3,2026-07-20-Q-2,2026-07-20,Q-2,Quiz,Group-5-Rolling-and-Angular-Momentum.md,Group review,,Connect Rolling Motion to Angular-Momentum Conservation,212-M3-028,MTH212.M3.28,1,1,3,27,M3/2026-07-20-Q-2/Lessons/Group-5-Rolling-and-Angular-Momentum.md,/Users/jake/Developer/study/vault/212/M3/2026-07-20-Q-2/Lessons/Group-5-Rolling-and-Angular-Momentum.md,"gravitational potential energy, $U_g=Mgh$,","gravitational potential energy, ug=mgh","Physics concept, law, or relation",,,Energy and momentum,Recall,D1,Retrieval cue,Atomic,false,,Inline reminder,true,false,,1,false,High,false,Rule-based taxonomy v2; corpus-level model review and spot checks,
P212-0538,M3,2026-07-20-Q-2,2026-07-20,Q-2,Quiz,Group-5-Rolling-and-Angular-Momentum.md,Group review,,Connect Rolling Motion to Angular-Momentum Conservation,212-M3-028,MTH212.M3.28,1,1,4,28,M3/2026-07-20-Q-2/Lessons/Group-5-Rolling-and-Angular-Momentum.md,/Users/jake/Developer/study/vault/212/M3/2026-07-20-Q-2/Lessons/Group-5-Rolling-and-Angular-Momentum.md,"moment of inertia about a specified axis,",moment of inertia about a specified axis,"Physics concept, law, or relation",Representation and spatial literacy | Model condition or reference choice,,Moment of inertia,Recall,D4,Full prerequisite lesson,Atomic,true,"Reference axis, pivot, or origin",Full prerequisite lesson,false,false,,1,false,Medium,true,Rule-based taxonomy v2; corpus-level model review and spot checks,High-depth prerequisite should route to dedicated remediation
P212-0539,M3,2026-07-20-Q-2,2026-07-20,Q-2,Quiz,Group-5-Rolling-and-Angular-Momentum.md,Group review,,Connect Rolling Motion to Angular-Momentum Conservation,212-M3-028,MTH212.M3.28,1,1,5,29,M3/2026-07-20-Q-2/Lessons/Group-5-Rolling-and-Angular-Momentum.md,/Users/jake/Developer/study/vault/212/M3/2026-07-20-Q-2/Lessons/Group-5-Rolling-and-Angular-Momentum.md,"torque and the right-hand rule, and","torque and the right-hand rule, and","Physics concept, law, or relation",Mathematical technique | Representation and spatial literacy,Vector mathematics,Torque and equilibrium,Recall,D3,Short focused lesson,Compound,false,,Short prerequisite lesson,false,false,,1,false,Medium,true,Rule-based taxonomy v2; focused corpus QA adjustment,Potentially compound prerequisite; consider splitting | Focused corpus QA adjustment applied
P212-0540,M3,2026-07-20-Q-2,2026-07-20,Q-2,Quiz,Group-5-Rolling-and-Angular-Momentum.md,Group review,,Connect Rolling Motion to Angular-Momentum Conservation,212-M3-028,MTH212.M3.28,1,1,6,30,M3/2026-07-20-Q-2/Lessons/Group-5-Rolling-and-Angular-Momentum.md,/Users/jake/Developer/study/vault/212/M3/2026-07-20-Q-2/Lessons/Group-5-Rolling-and-Angular-Momentum.md,conservation laws as statements about a chosen system.,conservation laws as statements about a chosen system,Integrated modeling schema,"Physics concept, law, or relation | Model condition or reference choice",,Energy and momentum,Integrate,D5,Multi-lesson prerequisite sequence,Compound,true,System or isolation condition,Linked prerequisite sequence or split target lesson,false,false,,1,false,Medium,true,Rule-based taxonomy v2; focused corpus QA adjustment,Potentially compound prerequisite; consider splitting | High-depth prerequisite should route to dedicated remediation | Focused corpus QA adjustment applied
P212-0541,M3,2026-07-20-Q-2,2026-07-20,Q-2,Quiz,Problem-1.md,Problem lesson,1,Ranking Forces in a Massive-Pulley Atwood Machine,,,1,1,1,14,M3/2026-07-20-Q-2/Lessons/Problem-1.md,/Users/jake/Developer/study/vault/212/M3/2026-07-20-Q-2/Lessons/Problem-1.md,Identify weight $mg$ and string tension $T$ on a hanging block.,identify weight mg and string tension t on a hanging block,"Physics concept, law, or relation",,,Forces and Newtonian dynamics,Recognize,D1,Retrieval cue,Atomic,false,,Inline reminder,true,false,,1,false,High,false,Rule-based taxonomy v2; corpus-level model review and spot checks,
P212-0542,M3,2026-07-20-Q-2,2026-07-20,Q-2,Quiz,Problem-1.md,Problem lesson,1,Ranking Forces in a Massive-Pulley Atwood Machine,,,1,1,2,15,M3/2026-07-20-Q-2/Lessons/Problem-1.md,/Users/jake/Developer/study/vault/212/M3/2026-07-20-Q-2/Lessons/Problem-1.md,Use the direction of acceleration to determine the direction of net force.,use the direction of acceleration to determine the direction of net force,"Physics concept, law, or relation",,,Kinematics | Forces and Newtonian dynamics,Execute,D2,Paragraph or micro-example,Atomic,false,,Inline paragraph or micro-example,false,false,,1,false,Medium,true,Rule-based taxonomy v2; corpus-level model review and spot checks,
P212-0543,M3,2026-07-20-Q-2,2026-07-20,Q-2,Quiz,Problem-1.md,Problem lesson,1,Ranking Forces in a Massive-Pulley Atwood Machine,,,1,1,3,16,M3/2026-07-20-Q-2/Lessons/Problem-1.md,/Users/jake/Developer/study/vault/212/M3/2026-07-20-Q-2/Lessons/Problem-1.md,Recognize that an angularly accelerating pulley needs a nonzero net torque.,recognize that an angularly accelerating pulley needs a nonzero net torque,"Physics concept, law, or relation",Semantic and physical interpretation,,Torque and equilibrium,Recognize,D3,Short focused lesson,Atomic,false,,Short prerequisite lesson,false,false,,1,false,High,false,Rule-based taxonomy v2; corpus-level model review and spot checks,
P212-0544,M3,2026-07-20-Q-2,2026-07-20,Q-2,Quiz,Problem-2.md,Problem lesson,2,Comparing the Speeds of Rolling Objects,,,1,1,1,14,M3/2026-07-20-Q-2/Lessons/Problem-2.md,/Users/jake/Developer/study/vault/212/M3/2026-07-20-Q-2/Lessons/Problem-2.md,Conservation of mechanical energy when dissipative losses are negligible,conservation of mechanical energy when dissipative losses are negligible,"Physics concept, law, or relation",Model condition or reference choice,,Energy and momentum,Recall,D1,Retrieval cue,Atomic,true,Negligible-loss or frictionless model,Inline reminder,false,false,,2,false,High,false,Rule-based taxonomy v2; corpus-level model review and spot checks,
P212-0545,M3,2026-07-20-Q-2,2026-07-20,Q-2,Quiz,Problem-2.md,Problem lesson,2,Comparing the Speeds of Rolling Objects,,,1,1,2,15,M3/2026-07-20-Q-2/Lessons/Problem-2.md,/Users/jake/Developer/study/vault/212/M3/2026-07-20-Q-2/Lessons/Problem-2.md,"Translational kinetic energy, $K_{\mathrm{trans}}=\tfrac12mv^2$","translational kinetic energy, ktrans=\tfrac12mv^2","Physics concept, law, or relation",,,Energy and momentum,Recall,D1,Retrieval cue,Atomic,false,,Inline reminder,true,false,,1,false,High,false,Rule-based taxonomy v2; corpus-level model review and spot checks,
P212-0546,M3,2026-07-20-Q-2,2026-07-20,Q-2,Quiz,Problem-2.md,Problem lesson,2,Comparing the Speeds of Rolling Objects,,,1,1,3,16,M3/2026-07-20-Q-2/Lessons/Problem-2.md,/Users/jake/Developer/study/vault/212/M3/2026-07-20-Q-2/Lessons/Problem-2.md,"Rotational kinetic energy, $K_{\mathrm{rot}}=\tfrac12I\omega^2$","rotational kinetic energy, krot=\tfrac12i\omega^2","Physics concept, law, or relation",,,Circular and rotational motion | Energy and momentum,Recall,D1,Retrieval cue,Atomic,false,,Inline reminder,true,false,,1,false,High,false,Rule-based taxonomy v2; corpus-level model review and spot checks,
P212-0547,M3,2026-07-20-Q-2,2026-07-20,Q-2,Quiz,Problem-2.md,Problem lesson,2,Comparing the Speeds of Rolling Objects,,,1,1,4,17,M3/2026-07-20-Q-2/Lessons/Problem-2.md,/Users/jake/Developer/study/vault/212/M3/2026-07-20-Q-2/Lessons/Problem-2.md,"The rolling-without-slipping relation, $v=\omega R$","the rolling-without-slipping relation, v=\omega r","Physics concept, law, or relation",Model condition or reference choice,,Circular and rotational motion,Recall,D4,Full prerequisite lesson,Atomic,true,No-slip constraint,Full prerequisite lesson,true,false,,1,false,Medium,true,Rule-based taxonomy v2; focused corpus QA adjustment,High-depth prerequisite should route to dedicated remediation | Focused corpus QA adjustment applied
P212-0548,M3,2026-07-20-Q-2,2026-07-20,Q-2,Quiz,Problem-2.md,Problem lesson,2,Comparing the Speeds of Rolling Objects,,,1,1,5,18,M3/2026-07-20-Q-2/Lessons/Problem-2.md,/Users/jake/Developer/study/vault/212/M3/2026-07-20-Q-2/Lessons/Problem-2.md,"The moment-of-inertia form $I=kmR^2$, where $k$ depends on how mass is distributed","the moment-of-inertia form i=kmr^2, where k depends on how mass is distributed","Physics concept, law, or relation",,,Moment of inertia,Recall,D3,Short focused lesson,Atomic,false,,Short prerequisite lesson,true,false,,1,false,High,false,Rule-based taxonomy v2; focused corpus QA adjustment,Focused corpus QA adjustment applied
P212-0549,M3,2026-07-20-Q-2,2026-07-20,Q-2,Quiz,Problem-3.md,Problem lesson,3,Total Gravitational Potential Energy: Sum Every Pair Once,,,1,1,1,14,M3/2026-07-20-Q-2/Lessons/Problem-3.md,/Users/jake/Developer/study/vault/212/M3/2026-07-20-Q-2/Lessons/Problem-3.md,Use the two-body gravitational potential energy formula $U=-Gm_1m_2/d$.,use the two-body gravitational potential energy formula u=-gm1m2/d,"Physics concept, law, or relation",,,Energy and momentum,Execute,D2,Paragraph or micro-example,Atomic,false,,Inline paragraph or micro-example,true,false,,1,false,Medium,true,Rule-based taxonomy v2; corpus-level model review and spot checks,
P212-0550,M3,2026-07-20-Q-2,2026-07-20,Q-2,Quiz,Problem-3.md,Problem lesson,3,Total Gravitational Potential Energy: Sum Every Pair Once,,,1,1,2,15,M3/2026-07-20-Q-2/Lessons/Problem-3.md,/Users/jake/Developer/study/vault/212/M3/2026-07-20-Q-2/Lessons/Problem-3.md,Find distances between objects in a simple diagram.,find distances between objects in a simple diagram,Representation and spatial literacy,,,,Execute,D2,Paragraph or micro-example,Atomic,false,,Inline paragraph or micro-example,false,false,,1,false,High,false,Rule-based taxonomy v2; corpus-level model review and spot checks,
P212-0551,M3,2026-07-20-Q-2,2026-07-20,Q-2,Quiz,Problem-3.md,Problem lesson,3,Total Gravitational Potential Energy: Sum Every Pair Once,,,1,1,3,16,M3/2026-07-20-Q-2/Lessons/Problem-3.md,/Users/jake/Developer/study/vault/212/M3/2026-07-20-Q-2/Lessons/Problem-3.md,Compare negative quantities on a number line.,compare negative quantities on a number line,Semantic and physical interpretation,,,,Execute,D1,Retrieval cue,Atomic,false,,Inline reminder,false,false,,1,false,High,false,Rule-based taxonomy v2; corpus-level model review and spot checks,
P212-0552,M3,2026-07-20-Q-2,2026-07-20,Q-2,Quiz,Problem-4.md,Problem lesson,4,From Composite Center of Mass to Tangential Speed,,,1,1,1,14,M3/2026-07-20-Q-2/Lessons/Problem-4.md,/Users/jake/Developer/study/vault/212/M3/2026-07-20-Q-2/Lessons/Problem-4.md,Choose an origin and read one-dimensional positions from a diagram.,choose an origin and read one-dimensional positions from a diagram,Integrated modeling schema,Representation and spatial literacy | Model condition or reference choice,,,Decide,D2,Paragraph or micro-example,Compound,true,"Reference axis, pivot, or origin",Inline paragraph or micro-example,false,false,,1,false,Medium,true,Rule-based taxonomy v2; corpus-level model review and spot checks,Potentially compound prerequisite; consider splitting
P212-0553,M3,2026-07-20-Q-2,2026-07-20,Q-2,Quiz,Problem-4.md,Problem lesson,4,From Composite Center of Mass to Tangential Speed,,,1,1,2,15,M3/2026-07-20-Q-2/Lessons/Problem-4.md,/Users/jake/Developer/study/vault/212/M3/2026-07-20-Q-2/Lessons/Problem-4.md,Compute a weighted average.,compute a weighted average,Mathematical technique,,Numeracy and arithmetic | Ratios and proportional reasoning,,Execute,D2,Paragraph or micro-example,Atomic,false,,Inline paragraph or micro-example,false,false,,1,false,High,false,Rule-based taxonomy v2; corpus-level model review and spot checks,
P212-0554,M3,2026-07-20-Q-2,2026-07-20,Q-2,Quiz,Problem-4.md,Problem lesson,4,From Composite Center of Mass to Tangential Speed,,,1,1,3,16,M3/2026-07-20-Q-2/Lessons/Problem-4.md,/Users/jake/Developer/study/vault/212/M3/2026-07-20-Q-2/Lessons/Problem-4.md,Recognize that a uniform pole's center of mass is at its midpoint.,recognize that a uniform pole's center of mass is at its midpoint,"Physics concept, law, or relation",Mathematical technique | Semantic and physical interpretation | Model condition or reference choice,Geometry and trigonometry,Center of mass and density,Recognize,D2,Paragraph or micro-example,Atomic,true,Uniform-object model,Inline paragraph or micro-example,false,false,,1,false,Medium,true,Rule-based taxonomy v2; focused corpus QA adjustment,Focused corpus QA adjustment applied
P212-0555,M3,2026-07-20-Q-2,2026-07-20,Q-2,Quiz,Problem-4.md,Problem lesson,4,From Composite Center of Mass to Tangential Speed,,,1,1,4,17,M3/2026-07-20-Q-2/Lessons/Problem-4.md,/Users/jake/Developer/study/vault/212/M3/2026-07-20-Q-2/Lessons/Problem-4.md,Use the rigid-rotation relation $v=\omega r$.,use the rigid-rotation relation v=\omega r,"Physics concept, law, or relation",,,Circular and rotational motion,Execute,D2,Paragraph or micro-example,Atomic,false,,Inline paragraph or micro-example,true,false,,1,false,Medium,true,Rule-based taxonomy v2; corpus-level model review and spot checks,
P212-0556,M3,2026-07-20-Q-2,2026-07-20,Q-2,Quiz,Problem-5.md,Problem lesson,5,Solving Circular Binary-Star Systems from Their Separation,,,1,1,1,14,M3/2026-07-20-Q-2/Lessons/Problem-5.md,/Users/jake/Developer/study/vault/212/M3/2026-07-20-Q-2/Lessons/Problem-5.md,Compute a one-dimensional center of mass with $x_{\mathrm{cm}}=\sum m_ix_i/\sum m_i$.,compute a one-dimensional center of mass with xcm=\sum mixi/\sum mi,"Physics concept, law, or relation",,,Center of mass and density,Execute,D3,Short focused lesson,Atomic,false,,Short prerequisite lesson,true,false,,1,false,High,false,Rule-based taxonomy v2; focused corpus QA adjustment,Focused corpus QA adjustment applied
P212-0557,M3,2026-07-20-Q-2,2026-07-20,Q-2,Quiz,Problem-5.md,Problem lesson,5,Solving Circular Binary-Star Systems from Their Separation,,,1,1,2,15,M3/2026-07-20-Q-2/Lessons/Problem-5.md,/Users/jake/Developer/study/vault/212/M3/2026-07-20-Q-2/Lessons/Problem-5.md,Use Newton's gravitational force and the centripetal-acceleration form $a=\omega^2r$.,use newton's gravitational force and the centripetal-acceleration form a=\omega^2r,"Physics concept, law, or relation",,,Kinematics | Circular and rotational motion | Forces and Newtonian dynamics,Integrate,D5,Multi-lesson prerequisite sequence,Compound,false,,Linked prerequisite sequence or split target lesson,true,false,,1,false,Medium,true,Rule-based taxonomy v2; corpus-level model review and spot checks,Potentially compound prerequisite; consider splitting | High-depth prerequisite should route to dedicated remediation
P212-0558,M3,2026-07-20-Q-2,2026-07-20,Q-2,Quiz,Problem-5.md,Problem lesson,5,Solving Circular Binary-Star Systems from Their Separation,,,1,1,3,16,M3/2026-07-20-Q-2/Lessons/Problem-5.md,/Users/jake/Developer/study/vault/212/M3/2026-07-20-Q-2/Lessons/Problem-5.md,Convert between angular speed and period with $T=2\pi/\omega$.,convert between angular speed and period with t=2\pi/\omega,Measurement and computation,"Physics concept, law, or relation",,Kinematics | Circular and rotational motion,Execute,D2,Paragraph or micro-example,Atomic,false,,Inline paragraph or micro-example,true,false,,1,false,High,false,Rule-based taxonomy v2; corpus-level model review and spot checks,
P212-0559,M3,2026-07-20-Q-2,2026-07-20,Q-2,Quiz,Problem-5.md,Problem lesson,5,Solving Circular Binary-Star Systems from Their Separation,,,1,1,4,17,M3/2026-07-20-Q-2/Lessons/Problem-5.md,/Users/jake/Developer/study/vault/212/M3/2026-07-20-Q-2/Lessons/Problem-5.md,Use $U=-Gm_1m_2/r$ and $E=K+U$.,use u=-gm1m2/r and e=k+u,"Physics concept, law, or relation",,,Energy and momentum,Execute,D3,Short focused lesson,Compound,false,,Short prerequisite lesson,true,false,,1,false,Medium,true,Rule-based taxonomy v2; focused corpus QA adjustment,Potentially compound prerequisite; consider splitting | Focused corpus QA adjustment applied
P212-0560,M3,2026-07-20-Q-2,2026-07-20,Q-2,Quiz,Problem-5.md,Problem lesson,5,Solving Circular Binary-Star Systems from Their Separation,,,1,1,5,18,M3/2026-07-20-Q-2/Lessons/Problem-5.md,/Users/jake/Developer/study/vault/212/M3/2026-07-20-Q-2/Lessons/Problem-5.md,Substitute and simplify symbolic mass ratios.,substitute and simplify symbolic mass ratios,Mathematical technique,,Algebra and formula manipulation,,Execute,D2,Paragraph or micro-example,Atomic,false,,Inline paragraph or micro-example,false,false,,1,false,High,false,Rule-based taxonomy v2; focused corpus QA adjustment,Focused corpus QA adjustment applied
P212-0561,M4,2026-07-21-M4-1,2026-07-21,M4-1,Lecture,Problem-1.md,Problem lesson,1,Finding Maximum Speed From a Cosine Position Function,212-M4-001,MTH212.M4.01,1,1,1,20,M4/2026-07-21-M4-1/Lessons/Problem-1.md,/Users/jake/Developer/study/vault/212/M4/2026-07-21-M4-1/Lessons/Problem-1.md,Interpret velocity as the time derivative of position.,interpret velocity as the time derivative of position,Semantic and physical interpretation,"Mathematical technique | Physics concept, law, or relation",Calculus,Kinematics,Interpret,D3,Short focused lesson,Atomic,false,,Short prerequisite lesson,false,false,,1,false,Medium,true,Rule-based taxonomy v2; corpus-level model review and spot checks,
P212-0562,M4,2026-07-21-M4-1,2026-07-21,M4-1,Lecture,Problem-1.md,Problem lesson,1,Finding Maximum Speed From a Cosine Position Function,212-M4-001,MTH212.M4.01,1,1,2,21,M4/2026-07-21-M4-1/Lessons/Problem-1.md,/Users/jake/Developer/study/vault/212/M4/2026-07-21-M4-1/Lessons/Problem-1.md,Use $\frac{d}{dt}\cos(u)=-\sin(u)\frac{du}{dt}$.,use ddt\cos(u)=-\sin(u)dudt,Mathematical technique,,Geometry and trigonometry,,Execute,D3,Short focused lesson,Atomic,false,,Short prerequisite lesson,true,false,,1,false,Medium,true,Rule-based taxonomy v2; focused corpus QA adjustment,Focused corpus QA adjustment applied
P212-0563,M4,2026-07-21-M4-1,2026-07-21,M4-1,Lecture,Problem-1.md,Problem lesson,1,Finding Maximum Speed From a Cosine Position Function,212-M4-001,MTH212.M4.01,1,1,3,22,M4/2026-07-21-M4-1/Lessons/Problem-1.md,/Users/jake/Developer/study/vault/212/M4/2026-07-21-M4-1/Lessons/Problem-1.md,Know that $-1\leq\sin(\omega t)\leq1$.,know that -1\leq\sin(\omega t)\leq1,Mathematical technique,"Physics concept, law, or relation",Geometry and trigonometry,Circular and rotational motion,Recall,D2,Paragraph or micro-example,Atomic,false,,Inline paragraph or micro-example,true,false,,1,false,High,false,Rule-based taxonomy v2; focused corpus QA adjustment,Focused corpus QA adjustment applied
P212-0564,M4,2026-07-21-M4-1,2026-07-21,M4-1,Lecture,Problem-1.md,Problem lesson,1,Finding Maximum Speed From a Cosine Position Function,212-M4-001,MTH212.M4.01,1,1,4,23,M4/2026-07-21-M4-1/Lessons/Problem-1.md,/Users/jake/Developer/study/vault/212/M4/2026-07-21-M4-1/Lessons/Problem-1.md,Distinguish velocity from speed.,distinguish velocity from speed,Semantic and physical interpretation,"Physics concept, law, or relation",,Kinematics,Interpret,D2,Paragraph or micro-example,Atomic,false,,Inline paragraph or micro-example,false,false,,1,false,High,false,Rule-based taxonomy v2; corpus-level model review and spot checks,
P212-0565,M4,2026-07-21-M4-1,2026-07-21,M4-1,Lecture,Problem-2.md,Problem lesson,2,Reading Amplitude From a Position–Time Graph,212-M4-002,MTH212.M4.02,1,1,1,19,M4/2026-07-21-M4-1/Lessons/Problem-2.md,/Users/jake/Developer/study/vault/212/M4/2026-07-21-M4-1/Lessons/Problem-2.md,Read maximum and minimum values from a graph's vertical axis.,read maximum and minimum values from a graph's vertical axis,Representation and spatial literacy,Mathematical technique,Functions and graph reasoning,,Recognize,D2,Paragraph or micro-example,Atomic,false,,Inline paragraph or micro-example,false,false,,1,false,High,false,Rule-based taxonomy v2; corpus-level model review and spot checks,
P212-0566,M4,2026-07-21-M4-1,2026-07-21,M4-1,Lecture,Problem-2.md,Problem lesson,2,Reading Amplitude From a Position–Time Graph,212-M4-002,MTH212.M4.02,1,1,2,20,M4/2026-07-21-M4-1/Lessons/Problem-2.md,/Users/jake/Developer/study/vault/212/M4/2026-07-21-M4-1/Lessons/Problem-2.md,Interpret distance as a nonnegative quantity.,interpret distance as a nonnegative quantity,Semantic and physical interpretation,,,,Interpret,D2,Paragraph or micro-example,Atomic,false,,Inline paragraph or micro-example,false,false,,1,false,High,false,Rule-based taxonomy v2; corpus-level model review and spot checks,
P212-0567,M4,2026-07-21-M4-1,2026-07-21,M4-1,Lecture,Problem-2.md,Problem lesson,2,Reading Amplitude From a Position–Time Graph,212-M4-002,MTH212.M4.02,1,1,3,21,M4/2026-07-21-M4-1/Lessons/Problem-2.md,/Users/jake/Developer/study/vault/212/M4/2026-07-21-M4-1/Lessons/Problem-2.md,Distinguish the horizontal time axis from the vertical position axis.,distinguish the horizontal time axis from the vertical position axis,Semantic and physical interpretation,Representation and spatial literacy,,,Interpret,D2,Paragraph or micro-example,Atomic,false,,Inline paragraph or micro-example,false,false,,1,false,High,false,Rule-based taxonomy v2; corpus-level model review and spot checks,
P212-0568,M4,2026-07-21-M4-1,2026-07-21,M4-1,Lecture,Problem-3.md,Problem lesson,3,Reading an Oscillation Period From a Position-Time Graph,212-M4-003,MTH212.M4.03,1,1,1,20,M4/2026-07-21-M4-1/Lessons/Problem-3.md,/Users/jake/Developer/study/vault/212/M4/2026-07-21-M4-1/Lessons/Problem-3.md,Read coordinates from a position-time graph.,read coordinates from a position-time graph,Representation and spatial literacy,"Mathematical technique | Physics concept, law, or relation",Geometry and trigonometry | Functions and graph reasoning,Kinematics,Recognize,D2,Paragraph or micro-example,Atomic,false,,Inline paragraph or micro-example,false,false,,1,false,Medium,true,Rule-based taxonomy v2; corpus-level model review and spot checks,
P212-0569,M4,2026-07-21-M4-1,2026-07-21,M4-1,Lecture,Problem-3.md,Problem lesson,3,Reading an Oscillation Period From a Position-Time Graph,212-M4-003,MTH212.M4.03,1,1,2,21,M4/2026-07-21-M4-1/Lessons/Problem-3.md,/Users/jake/Developer/study/vault/212/M4/2026-07-21-M4-1/Lessons/Problem-3.md,Subtract two time coordinates.,subtract two time coordinates,Mathematical technique,,Numeracy and arithmetic | Geometry and trigonometry,,Execute,D2,Paragraph or micro-example,Atomic,false,,Inline paragraph or micro-example,false,false,,1,false,High,false,Rule-based taxonomy v2; corpus-level model review and spot checks,
P212-0570,M4,2026-07-21-M4-1,2026-07-21,M4-1,Lecture,Problem-3.md,Problem lesson,3,Reading an Oscillation Period From a Position-Time Graph,212-M4-003,MTH212.M4.03,1,1,3,22,M4/2026-07-21-M4-1/Lessons/Problem-3.md,/Users/jake/Developer/study/vault/212/M4/2026-07-21-M4-1/Lessons/Problem-3.md,"Recognize maxima, minima, and equilibrium crossings.","recognize maxima, minima, and equilibrium crossings","Physics concept, law, or relation",,,Forces and Newtonian dynamics,Recognize,D1,Retrieval cue,Atomic,false,,Inline reminder,false,false,,1,false,High,false,Rule-based taxonomy v2; focused corpus QA adjustment,Focused corpus QA adjustment applied
P212-0571,M4,2026-07-21-M4-1,2026-07-21,M4-1,Lecture,Problem-4.md,Problem lesson,4,Finding Frequency From a Position–Time Graph,212-M4-004,MTH212.M4.04,1,1,1,19,M4/2026-07-21-M4-1/Lessons/Problem-4.md,/Users/jake/Developer/study/vault/212/M4/2026-07-21-M4-1/Lessons/Problem-4.md,Read time coordinates from a graph's horizontal axis.,read time coordinates from a graph's horizontal axis,Representation and spatial literacy,Mathematical technique,Geometry and trigonometry | Functions and graph reasoning,,Recognize,D2,Paragraph or micro-example,Atomic,false,,Inline paragraph or micro-example,false,false,,1,false,High,false,Rule-based taxonomy v2; corpus-level model review and spot checks,
P212-0572,M4,2026-07-21-M4-1,2026-07-21,M4-1,Lecture,Problem-4.md,Problem lesson,4,Finding Frequency From a Position–Time Graph,212-M4-004,MTH212.M4.04,1,1,2,20,M4/2026-07-21-M4-1/Lessons/Problem-4.md,/Users/jake/Developer/study/vault/212/M4/2026-07-21-M4-1/Lessons/Problem-4.md,Subtract two time values.,subtract two time values,Mathematical technique,,Numeracy and arithmetic,,Execute,D2,Paragraph or micro-example,Atomic,false,,Inline paragraph or micro-example,false,false,,1,false,High,false,Rule-based taxonomy v2; corpus-level model review and spot checks,
P212-0573,M4,2026-07-21-M4-1,2026-07-21,M4-1,Lecture,Problem-4.md,Problem lesson,4,Finding Frequency From a Position–Time Graph,212-M4-004,MTH212.M4.04,1,1,3,21,M4/2026-07-21-M4-1/Lessons/Problem-4.md,/Users/jake/Developer/study/vault/212/M4/2026-07-21-M4-1/Lessons/Problem-4.md,Take the reciprocal of a positive number.,take the reciprocal of a positive number,Mathematical technique,,Numeracy and arithmetic,,Execute,D2,Paragraph or micro-example,Atomic,false,,Inline paragraph or micro-example,false,false,,1,false,High,false,Rule-based taxonomy v2; corpus-level model review and spot checks,
P212-0574,M4,2026-07-21-M4-1,2026-07-21,M4-1,Lecture,Problem-5.md,Problem lesson,5,Finding Angular Frequency From an Oscillation Graph,212-M4-005,MTH212.M4.05,1,1,1,20,M4/2026-07-21-M4-1/Lessons/Problem-5.md,/Users/jake/Developer/study/vault/212/M4/2026-07-21-M4-1/Lessons/Problem-5.md,Read time coordinates from a position-time graph.,read time coordinates from a position-time graph,Representation and spatial literacy,"Mathematical technique | Physics concept, law, or relation",Geometry and trigonometry | Functions and graph reasoning,Kinematics,Recognize,D2,Paragraph or micro-example,Atomic,false,,Inline paragraph or micro-example,false,false,,1,false,Medium,true,Rule-based taxonomy v2; corpus-level model review and spot checks,
P212-0575,M4,2026-07-21-M4-1,2026-07-21,M4-1,Lecture,Problem-5.md,Problem lesson,5,Finding Angular Frequency From an Oscillation Graph,212-M4-005,MTH212.M4.05,1,1,2,21,M4/2026-07-21-M4-1/Lessons/Problem-5.md,/Users/jake/Developer/study/vault/212/M4/2026-07-21-M4-1/Lessons/Problem-5.md,"Identify consecutive points at the same phase, such as two maxima.","identify consecutive points at the same phase, such as two maxima",Semantic and physical interpretation,,,,Recognize,D1,Retrieval cue,Atomic,false,,Inline reminder,false,false,,1,false,High,false,Rule-based taxonomy v2; corpus-level model review and spot checks,
P212-0576,M4,2026-07-21-M4-1,2026-07-21,M4-1,Lecture,Problem-5.md,Problem lesson,5,Finding Angular Frequency From an Oscillation Graph,212-M4-005,MTH212.M4.05,1,1,3,22,M4/2026-07-21-M4-1/Lessons/Problem-5.md,/Users/jake/Developer/study/vault/212/M4/2026-07-21-M4-1/Lessons/Problem-5.md,Know that one complete cycle corresponds to $2\pi$ radians.,know that one complete cycle corresponds to 2\pi radians,Model condition or reference choice,,,,Recall,D1,Retrieval cue,Atomic,true,Angle-unit or calculator-mode convention,Inline reminder,true,false,,1,false,High,false,Rule-based taxonomy v2; corpus-level model review and spot checks,
P212-0577,M4,2026-07-21-M4-1,2026-07-21,M4-1,Lecture,Problem-5.md,Problem lesson,5,Finding Angular Frequency From an Oscillation Graph,212-M4-005,MTH212.M4.05,1,1,4,23,M4/2026-07-21-M4-1/Lessons/Problem-5.md,/Users/jake/Developer/study/vault/212/M4/2026-07-21-M4-1/Lessons/Problem-5.md,Round a final calculated value to the precision of the measured data.,round a final calculated value to the precision of the measured data,Measurement and computation,,,,Execute,D2,Paragraph or micro-example,Atomic,false,,Inline paragraph or micro-example,false,false,,1,false,High,false,Rule-based taxonomy v2; corpus-level model review and spot checks,
P212-0578,M4,2026-07-21-M4-1,2026-07-21,M4-1,Lecture,Problem-6.md,Problem lesson,6,Finding Maximum SHM Speed From a Position-Time Graph,212-M4-006,MTH212.M4.06,1,1,1,19,M4/2026-07-21-M4-1/Lessons/Problem-6.md,/Users/jake/Developer/study/vault/212/M4/2026-07-21-M4-1/Lessons/Problem-6.md,Read coordinates and scale markings from a position-time graph.,read coordinates and scale markings from a position-time graph,Representation and spatial literacy,"Mathematical technique | Physics concept, law, or relation",Geometry and trigonometry | Functions and graph reasoning,Kinematics,Recognize,D2,Paragraph or micro-example,Atomic,false,,Inline paragraph or micro-example,false,false,,1,false,Medium,true,Rule-based taxonomy v2; corpus-level model review and spot checks,
P212-0579,M4,2026-07-21-M4-1,2026-07-21,M4-1,Lecture,Problem-6.md,Problem lesson,6,Finding Maximum SHM Speed From a Position-Time Graph,212-M4-006,MTH212.M4.06,1,1,2,20,M4/2026-07-21-M4-1/Lessons/Problem-6.md,/Users/jake/Developer/study/vault/212/M4/2026-07-21-M4-1/Lessons/Problem-6.md,Recognize amplitude as maximum displacement from equilibrium.,recognize amplitude as maximum displacement from equilibrium,"Physics concept, law, or relation",,,Forces and Newtonian dynamics | SHM and pendula,Recognize,D1,Retrieval cue,Atomic,false,,Inline reminder,false,false,,1,false,High,false,Rule-based taxonomy v2; focused corpus QA adjustment,Focused corpus QA adjustment applied
P212-0580,M4,2026-07-21-M4-1,2026-07-21,M4-1,Lecture,Problem-6.md,Problem lesson,6,Finding Maximum SHM Speed From a Position-Time Graph,212-M4-006,MTH212.M4.06,1,1,3,21,M4/2026-07-21-M4-1/Lessons/Problem-6.md,/Users/jake/Developer/study/vault/212/M4/2026-07-21-M4-1/Lessons/Problem-6.md,Recognize period as the time for one complete cycle.,recognize period as the time for one complete cycle,"Physics concept, law, or relation",,,Circular and rotational motion,Recognize,D1,Retrieval cue,Atomic,false,,Inline reminder,false,false,,1,false,High,false,Rule-based taxonomy v2; corpus-level model review and spot checks,
P212-0581,M4,2026-07-21-M4-1,2026-07-21,M4-1,Lecture,Problem-6.md,Problem lesson,6,Finding Maximum SHM Speed From a Position-Time Graph,212-M4-006,MTH212.M4.06,1,1,4,22,M4/2026-07-21-M4-1/Lessons/Problem-6.md,/Users/jake/Developer/study/vault/212/M4/2026-07-21-M4-1/Lessons/Problem-6.md,Use $\omega=2\pi/T$ and $v_{\max}=A\omega$ for simple harmonic motion.,use \omega=2\pi/t and v\max=a\omega for simple harmonic motion,"Physics concept, law, or relation",,,Kinematics | Circular and rotational motion | SHM and pendula,Execute,D3,Short focused lesson,Compound,false,,Short prerequisite lesson,true,false,,1,false,Medium,true,Rule-based taxonomy v2; focused corpus QA adjustment,Potentially compound prerequisite; consider splitting | Focused corpus QA adjustment applied
P212-0582,M4,2026-07-21-M4-1,2026-07-21,M4-1,Lecture,Problem-7.md,Problem lesson,7,Finding SHM Displacement From Release Data,212-M4-007,MTH212.M4.07,1,1,1,20,M4/2026-07-21-M4-1/Lessons/Problem-7.md,/Users/jake/Developer/study/vault/212/M4/2026-07-21-M4-1/Lessons/Problem-7.md,Distinguish a coordinate from displacement relative to equilibrium.,distinguish a coordinate from displacement relative to equilibrium,Semantic and physical interpretation,"Mathematical technique | Representation and spatial literacy | Physics concept, law, or relation",Geometry and trigonometry,Forces and Newtonian dynamics,Interpret,D2,Paragraph or micro-example,Atomic,false,,Inline paragraph or micro-example,false,false,,1,false,Medium,true,Rule-based taxonomy v2; focused corpus QA adjustment,Focused corpus QA adjustment applied
P212-0583,M4,2026-07-21-M4-1,2026-07-21,M4-1,Lecture,Problem-7.md,Problem lesson,7,Finding SHM Displacement From Release Data,212-M4-007,MTH212.M4.07,1,1,2,21,M4/2026-07-21-M4-1/Lessons/Problem-7.md,/Users/jake/Developer/study/vault/212/M4/2026-07-21-M4-1/Lessons/Problem-7.md,Use \(f=N/\Delta t\) and \(\omega=2\pi f\).,use \(f=n/\delta t\) and \(\omega=2\pi f\),"Physics concept, law, or relation",,,Circular and rotational motion,Execute,D3,Short focused lesson,Compound,false,,Short prerequisite lesson,true,false,,1,false,Medium,true,Rule-based taxonomy v2; focused corpus QA adjustment,Potentially compound prerequisite; consider splitting | Focused corpus QA adjustment applied
P212-0584,M4,2026-07-21-M4-1,2026-07-21,M4-1,Lecture,Problem-7.md,Problem lesson,7,Finding SHM Displacement From Release Data,212-M4-007,MTH212.M4.07,1,1,3,22,M4/2026-07-21-M4-1/Lessons/Problem-7.md,/Users/jake/Developer/study/vault/212/M4/2026-07-21-M4-1/Lessons/Problem-7.md,Evaluate cosine in radians with a calculator.,evaluate cosine in radians with a calculator,Measurement and computation,Mathematical technique | Model condition or reference choice,Geometry and trigonometry,,Execute,D2,Paragraph or micro-example,Atomic,true,Angle-unit or calculator-mode convention,Inline paragraph or micro-example,false,false,,1,false,Medium,true,Rule-based taxonomy v2; corpus-level model review and spot checks,
P212-0585,M4,2026-07-21-M4-1,2026-07-21,M4-1,Lecture,Problem-8.md,Problem lesson,8,Finding Instantaneous SHM Velocity From Cycle Data,212-M4-008,MTH212.M4.08,1,1,1,21,M4/2026-07-21-M4-1/Lessons/Problem-8.md,/Users/jake/Developer/study/vault/212/M4/2026-07-21-M4-1/Lessons/Problem-8.md,Measure displacement from the equilibrium position.,measure displacement from the equilibrium position,"Physics concept, law, or relation",,,Forces and Newtonian dynamics | SHM and pendula,Recall,D1,Retrieval cue,Atomic,false,,Inline reminder,false,false,,1,false,High,false,Rule-based taxonomy v2; focused corpus QA adjustment,Focused corpus QA adjustment applied
P212-0586,M4,2026-07-21-M4-1,2026-07-21,M4-1,Lecture,Problem-8.md,Problem lesson,8,Finding Instantaneous SHM Velocity From Cycle Data,212-M4-008,MTH212.M4.08,1,1,2,22,M4/2026-07-21-M4-1/Lessons/Problem-8.md,/Users/jake/Developer/study/vault/212/M4/2026-07-21-M4-1/Lessons/Problem-8.md,Compute a unit rate as quantity divided by elapsed time.,compute a unit rate as quantity divided by elapsed time,Measurement and computation,,,,Execute,D2,Paragraph or micro-example,Atomic,false,,Inline paragraph or micro-example,false,false,,1,false,High,false,Rule-based taxonomy v2; corpus-level model review and spot checks,
P212-0587,M4,2026-07-21-M4-1,2026-07-21,M4-1,Lecture,Problem-8.md,Problem lesson,8,Finding Instantaneous SHM Velocity From Cycle Data,212-M4-008,MTH212.M4.08,1,1,3,23,M4/2026-07-21-M4-1/Lessons/Problem-8.md,/Users/jake/Developer/study/vault/212/M4/2026-07-21-M4-1/Lessons/Problem-8.md,Use $\omega=2\pi f$.,use \omega=2\pi f,"Physics concept, law, or relation",,,Circular and rotational motion,Execute,D2,Paragraph or micro-example,Atomic,false,,Inline paragraph or micro-example,true,false,,1,false,Medium,true,Rule-based taxonomy v2; corpus-level model review and spot checks,
P212-0588,M4,2026-07-21-M4-1,2026-07-21,M4-1,Lecture,Problem-8.md,Problem lesson,8,Finding Instantaneous SHM Velocity From Cycle Data,212-M4-008,MTH212.M4.08,1,1,4,24,M4/2026-07-21-M4-1/Lessons/Problem-8.md,/Users/jake/Developer/study/vault/212/M4/2026-07-21-M4-1/Lessons/Problem-8.md,Differentiate $A\cos(\omega t)$ with the chain rule.,differentiate a\cos(\omega t) with the chain rule,Mathematical technique,"Physics concept, law, or relation",Geometry and trigonometry | Calculus,Circular and rotational motion,Execute,D3,Short focused lesson,Atomic,false,,Short prerequisite lesson,true,false,,1,false,High,false,Rule-based taxonomy v2; focused corpus QA adjustment,Focused corpus QA adjustment applied
P212-0589,M4,2026-07-21-M4-1,2026-07-21,M4-1,Lecture,Problem-8.md,Problem lesson,8,Finding Instantaneous SHM Velocity From Cycle Data,212-M4-008,MTH212.M4.08,1,1,5,25,M4/2026-07-21-M4-1/Lessons/Problem-8.md,/Users/jake/Developer/study/vault/212/M4/2026-07-21-M4-1/Lessons/Problem-8.md,Evaluate trigonometric functions in radian mode.,evaluate trigonometric functions in radian mode,Mathematical technique,Measurement and computation | Model condition or reference choice,Geometry and trigonometry,,Execute,D2,Paragraph or micro-example,Atomic,true,Angle-unit or calculator-mode convention,Inline paragraph or micro-example,false,false,,1,false,Medium,true,Rule-based taxonomy v2; corpus-level model review and spot checks,
P212-0590,M4,2026-07-21-M4-1,2026-07-21,M4-1,Lecture,Problem-9.md,Problem lesson,9,Finding Maximum Speed in a Spring Oscillation,212-M4-009,MTH212.M4.09,1,1,1,18,M4/2026-07-21-M4-1/Lessons/Problem-9.md,/Users/jake/Developer/study/vault/212/M4/2026-07-21-M4-1/Lessons/Problem-9.md,Spring potential energy: $U_s=\frac12kx^2$,spring potential energy: us=\frac12kx^2,"Physics concept, law, or relation",,,Energy and momentum | SHM and pendula,Recall,D1,Retrieval cue,Atomic,false,,Inline reminder,true,false,,1,false,High,false,Rule-based taxonomy v2; corpus-level model review and spot checks,
P212-0591,M4,2026-07-21-M4-1,2026-07-21,M4-1,Lecture,Problem-9.md,Problem lesson,9,Finding Maximum Speed in a Spring Oscillation,212-M4-009,MTH212.M4.09,1,1,2,19,M4/2026-07-21-M4-1/Lessons/Problem-9.md,/Users/jake/Developer/study/vault/212/M4/2026-07-21-M4-1/Lessons/Problem-9.md,Kinetic energy: $K=\frac12mv^2$,kinetic energy: k=\frac12mv^2,"Physics concept, law, or relation",,,Energy and momentum,Recall,D1,Retrieval cue,Atomic,false,,Inline reminder,true,false,,2,false,High,false,Rule-based taxonomy v2; corpus-level model review and spot checks,
P212-0592,M4,2026-07-21-M4-1,2026-07-21,M4-1,Lecture,Problem-9.md,Problem lesson,9,Finding Maximum Speed in a Spring Oscillation,212-M4-009,MTH212.M4.09,1,1,3,20,M4/2026-07-21-M4-1/Lessons/Problem-9.md,/Users/jake/Developer/study/vault/212/M4/2026-07-21-M4-1/Lessons/Problem-9.md,Conservation of mechanical energy on a frictionless surface,conservation of mechanical energy on a frictionless surface,"Physics concept, law, or relation",Model condition or reference choice,,Energy and momentum,Recall,D1,Retrieval cue,Atomic,true,Negligible-loss or frictionless model,Inline reminder,false,false,,1,false,High,false,Rule-based taxonomy v2; corpus-level model review and spot checks,
P212-0593,M4,2026-07-21-M4-1,2026-07-21,M4-1,Lecture,Problem-9.md,Problem lesson,9,Finding Maximum Speed in a Spring Oscillation,212-M4-009,MTH212.M4.09,1,1,4,21,M4/2026-07-21-M4-1/Lessons/Problem-9.md,/Users/jake/Developer/study/vault/212/M4/2026-07-21-M4-1/Lessons/Problem-9.md,Solving an equation by taking a square root,solving an equation by taking a square root,Mathematical technique,,Numeracy and arithmetic | Algebra and formula manipulation,,Execute,D2,Paragraph or micro-example,Atomic,false,,Inline paragraph or micro-example,false,false,,1,false,High,false,Rule-based taxonomy v2; corpus-level model review and spot checks,
P212-0594,M4,2026-07-22-M4-2,2026-07-22,M4-2,Lecture,pendulum-shm-small-angle-derivation.md,Supplemental lesson,,Why a Pendulum Becomes Simple Harmonic Motion,212-M4-030,MTH212.M4.30,1,1,1,20,M4/2026-07-22-M4-2/Lessons/pendulum-shm-small-angle-derivation.md,/Users/jake/Developer/study/vault/212/M4/2026-07-22-M4-2/Lessons/pendulum-shm-small-angle-derivation.md,"Use rotational dynamics in the form $\sum\tau=I\alpha$, with $\alpha=\ddot\theta$.","use rotational dynamics in the form \sum\tau=i\alpha, with \alpha=\ddot\theta","Physics concept, law, or relation",,,Circular and rotational motion | Torque and equilibrium,Execute,D4,Full prerequisite lesson,Compound,false,,Full prerequisite lesson,true,false,,1,false,Medium,true,Rule-based taxonomy v2; focused corpus QA adjustment,Potentially compound prerequisite; consider splitting | High-depth prerequisite should route to dedicated remediation | Focused corpus QA adjustment applied
P212-0595,M4,2026-07-22-M4-2,2026-07-22,M4-2,Lecture,pendulum-shm-small-angle-derivation.md,Supplemental lesson,,Why a Pendulum Becomes Simple Harmonic Motion,212-M4-030,MTH212.M4.30,1,1,2,21,M4/2026-07-22-M4-2/Lessons/pendulum-shm-small-angle-derivation.md,/Users/jake/Developer/study/vault/212/M4/2026-07-22-M4-2/Lessons/pendulum-shm-small-angle-derivation.md,Recognize $\ell$ as the distance from the pivot to the center of mass and $I$ as the moment of inertia about the pivot.,recognize \ell as the distance from the pivot to the center of mass and i as the moment of inertia about the pivot,Representation and spatial literacy,"Physics concept, law, or relation | Model condition or reference choice",,Center of mass and density | Moment of inertia | Torque and equilibrium,Recognize,D3,Short focused lesson,Atomic,true,"Reference axis, pivot, or origin",Short prerequisite lesson,true,false,,1,false,Medium,true,Rule-based taxonomy v2; focused corpus QA adjustment,Focused corpus QA adjustment applied
P212-0596,M4,2026-07-22-M4-2,2026-07-22,M4-2,Lecture,pendulum-shm-small-angle-derivation.md,Supplemental lesson,,Why a Pendulum Becomes Simple Harmonic Motion,212-M4-030,MTH212.M4.30,1,1,3,22,M4/2026-07-22-M4-2/Lessons/pendulum-shm-small-angle-derivation.md,/Users/jake/Developer/study/vault/212/M4/2026-07-22-M4-2/Lessons/pendulum-shm-small-angle-derivation.md,Recognize the SHM form $\ddot\theta+\omega^2\theta=0$ and use $T=2\pi/\omega$.,recognize the shm form \ddot\theta+\omega^2\theta=0 and use t=2\pi/\omega,"Physics concept, law, or relation",,,Circular and rotational motion | SHM and pendula,Recognize,D4,Full prerequisite lesson,Compound,false,,Full prerequisite lesson,true,false,,1,false,Medium,true,Rule-based taxonomy v2; focused corpus QA adjustment,Potentially compound prerequisite; consider splitting | High-depth prerequisite should route to dedicated remediation | Focused corpus QA adjustment applied
P212-0597,M4,2026-07-22-M4-2,2026-07-22,M4-2,Lecture,pendulum-shm-small-angle-derivation.md,Supplemental lesson,,Why a Pendulum Becomes Simple Harmonic Motion,212-M4-030,MTH212.M4.30,1,1,4,23,M4/2026-07-22-M4-2/Lessons/pendulum-shm-small-angle-derivation.md,/Users/jake/Developer/study/vault/212/M4/2026-07-22-M4-2/Lessons/pendulum-shm-small-angle-derivation.md,Evaluate sine when an angle is measured in radians.,evaluate sine when an angle is measured in radians,Mathematical technique,Model condition or reference choice,Geometry and trigonometry,,Execute,D2,Paragraph or micro-example,Atomic,true,Angle-unit or calculator-mode convention,Inline paragraph or micro-example,false,false,,1,false,High,false,Rule-based taxonomy v2; corpus-level model review and spot checks,
P212-0598,M4,2026-07-22-M4-2,2026-07-22,M4-2,Lecture,Problem-1.md,Problem lesson,1,Comparing Pendulum Periods When Bob Mass Changes,212-M4-010,MTH212.M4.10,1,1,1,20,M4/2026-07-22-M4-2/Lessons/Problem-1.md,/Users/jake/Developer/study/vault/212/M4/2026-07-22-M4-2/Lessons/Problem-1.md,Recognize the period $T$ as the time for one full oscillation.,recognize the period t as the time for one full oscillation,"Physics concept, law, or relation",,,Circular and rotational motion,Recognize,D1,Retrieval cue,Atomic,false,,Inline reminder,true,false,,1,false,High,false,Rule-based taxonomy v2; corpus-level model review and spot checks,
P212-0599,M4,2026-07-22-M4-2,2026-07-22,M4-2,Lecture,Problem-1.md,Problem lesson,1,Comparing Pendulum Periods When Bob Mass Changes,212-M4-010,MTH212.M4.10,1,1,2,21,M4/2026-07-22-M4-2/Lessons/Problem-1.md,/Users/jake/Developer/study/vault/212/M4/2026-07-22-M4-2/Lessons/Problem-1.md,Use the small-angle simple-pendulum formula $T=2\pi\sqrt{L/g}$.,use the small-angle simple-pendulum formula t=2\pil/g,"Physics concept, law, or relation",Mathematical technique | Model condition or reference choice,Geometry and trigonometry,SHM and pendula,Execute,D2,Paragraph or micro-example,Atomic,true,Small-angle approximation,Inline paragraph or micro-example,true,false,,1,false,Medium,true,Rule-based taxonomy v2; corpus-level model review and spot checks,
P212-0600,M4,2026-07-22-M4-2,2026-07-22,M4-2,Lecture,Problem-1.md,Problem lesson,1,Comparing Pendulum Periods When Bob Mass Changes,212-M4-010,MTH212.M4.10,1,1,3,22,M4/2026-07-22-M4-2/Lessons/Problem-1.md,/Users/jake/Developer/study/vault/212/M4/2026-07-22-M4-2/Lessons/Problem-1.md,Compare two formulas after identifying which quantities are the same and which differ.,compare two formulas after identifying which quantities are the same and which differ,Semantic and physical interpretation,,,,Execute,D1,Retrieval cue,Atomic,false,,Inline reminder,false,false,,1,false,High,false,Rule-based taxonomy v2; corpus-level model review and spot checks,
P212-0601,M4,2026-07-22-M4-2,2026-07-22,M4-2,Lecture,Problem-2.md,Problem lesson,2,Calculating the Frequency of a Simple Pendulum,212-M4-011,MTH212.M4.11,1,1,1,19,M4/2026-07-22-M4-2/Lessons/Problem-2.md,/Users/jake/Developer/study/vault/212/M4/2026-07-22-M4-2/Lessons/Problem-2.md,Evaluate a square root with a calculator.,evaluate a square root with a calculator,Measurement and computation,Mathematical technique,Numeracy and arithmetic,,Execute,D2,Paragraph or micro-example,Atomic,false,,Inline paragraph or micro-example,false,false,,2,false,High,false,Rule-based taxonomy v2; corpus-level model review and spot checks,
P212-0602,M4,2026-07-22-M4-2,2026-07-22,M4-2,Lecture,Problem-2.md,Problem lesson,2,Calculating the Frequency of a Simple Pendulum,212-M4-011,MTH212.M4.11,1,1,2,20,M4/2026-07-22-M4-2/Lessons/Problem-2.md,/Users/jake/Developer/study/vault/212/M4/2026-07-22-M4-2/Lessons/Problem-2.md,Use order of operations in a formula.,use order of operations in a formula,Mathematical technique,,Numeracy and arithmetic,,Execute,D2,Paragraph or micro-example,Atomic,false,,Inline paragraph or micro-example,false,false,,1,false,Medium,true,Rule-based taxonomy v2; focused corpus QA adjustment,Focused corpus QA adjustment applied
P212-0603,M4,2026-07-22-M4-2,2026-07-22,M4-2,Lecture,Problem-2.md,Problem lesson,2,Calculating the Frequency of a Simple Pendulum,212-M4-011,MTH212.M4.11,1,1,3,21,M4/2026-07-22-M4-2/Lessons/Problem-2.md,/Users/jake/Developer/study/vault/212/M4/2026-07-22-M4-2/Lessons/Problem-2.md,Recognize that \(1\ \mathrm{Hz}=1\ \mathrm{s^{-1}}\).,recognize that \(1\ hz=1\ s^-1\),Semantic and physical interpretation,,,,Recognize,D1,Retrieval cue,Atomic,false,,Inline reminder,true,false,,1,false,High,false,Rule-based taxonomy v2; corpus-level model review and spot checks,
P212-0604,M4,2026-07-22-M4-2,2026-07-22,M4-2,Lecture,Problem-3.md,Problem lesson,3,Period of a Uniform Rod as a Physical Pendulum,212-M4-012,MTH212.M4.12,1,1,1,20,M4/2026-07-22-M4-2/Lessons/Problem-3.md,/Users/jake/Developer/study/vault/212/M4/2026-07-22-M4-2/Lessons/Problem-3.md,Use the small-angle physical-pendulum period formula.,use the small-angle physical-pendulum period formula,"Physics concept, law, or relation",Mathematical technique | Model condition or reference choice,Geometry and trigonometry,Circular and rotational motion | SHM and pendula,Execute,D4,Full prerequisite lesson,Atomic,true,Small-angle approximation,Full prerequisite lesson,false,false,,2,false,Medium,true,Rule-based taxonomy v2; corpus-level model review and spot checks,High-depth prerequisite should route to dedicated remediation
P212-0605,M4,2026-07-22-M4-2,2026-07-22,M4-2,Lecture,Problem-3.md,Problem lesson,3,Period of a Uniform Rod as a Physical Pendulum,212-M4-012,MTH212.M4.12,1,1,2,21,M4/2026-07-22-M4-2/Lessons/Problem-3.md,/Users/jake/Developer/study/vault/212/M4/2026-07-22-M4-2/Lessons/Problem-3.md,Identify a rigid body's center of mass and moment of inertia about its pivot.,identify a rigid body's center of mass and moment of inertia about its pivot,Representation and spatial literacy,"Physics concept, law, or relation | Model condition or reference choice",,Center of mass and density | Moment of inertia | Torque and equilibrium,Recognize,D4,Full prerequisite lesson,Compound,true,"Reference axis, pivot, or origin",Full prerequisite lesson,false,false,,1,false,Medium,true,Rule-based taxonomy v2; focused corpus QA adjustment,Potentially compound prerequisite; consider splitting | High-depth prerequisite should route to dedicated remediation | Focused corpus QA adjustment applied
P212-0606,M4,2026-07-22-M4-2,2026-07-22,M4-2,Lecture,Problem-3.md,Problem lesson,3,Period of a Uniform Rod as a Physical Pendulum,212-M4-012,MTH212.M4.12,1,1,3,22,M4/2026-07-22-M4-2/Lessons/Problem-3.md,/Users/jake/Developer/study/vault/212/M4/2026-07-22-M4-2/Lessons/Problem-3.md,Simplify fractions and square roots.,simplify fractions and square roots,Mathematical technique,,Numeracy and arithmetic | Algebra and formula manipulation,,Execute,D2,Paragraph or micro-example,Atomic,false,,Inline paragraph or micro-example,false,false,,1,false,High,false,Rule-based taxonomy v2; corpus-level model review and spot checks,
P212-0607,M4,2026-07-22-M4-2,2026-07-22,M4-2,Lecture,Problem-3.md,Problem lesson,3,Period of a Uniform Rod as a Physical Pendulum,212-M4-012,MTH212.M4.12,1,1,4,23,M4/2026-07-22-M4-2/Lessons/Problem-3.md,/Users/jake/Developer/study/vault/212/M4/2026-07-22-M4-2/Lessons/Problem-3.md,Round a calculated result to the precision supported by measured givens.,round a calculated result to the precision supported by measured givens,Measurement and computation,,,,Execute,D2,Paragraph or micro-example,Atomic,false,,Inline paragraph or micro-example,false,false,,1,false,High,false,Rule-based taxonomy v2; corpus-level model review and spot checks,
P212-0608,M4,2026-07-22-M4-2,2026-07-22,M4-2,Lecture,Problem-4.md,Problem lesson,4,Finding the Period of a Uniform Rod About an Offset Pivot,212-M4-013,MTH212.M4.13,1,1,1,20,M4/2026-07-22-M4-2/Lessons/Problem-4.md,/Users/jake/Developer/study/vault/212/M4/2026-07-22-M4-2/Lessons/Problem-4.md,Locate the center of mass of a uniform rod at its midpoint.,locate the center of mass of a uniform rod at its midpoint,"Physics concept, law, or relation",Mathematical technique | Model condition or reference choice,Geometry and trigonometry,Center of mass and density,Recognize,D2,Paragraph or micro-example,Atomic,true,Uniform-object model,Inline paragraph or micro-example,false,false,,1,false,Medium,true,Rule-based taxonomy v2; corpus-level model review and spot checks,
P212-0609,M4,2026-07-22-M4-2,2026-07-22,M4-2,Lecture,Problem-4.md,Problem lesson,4,Finding the Period of a Uniform Rod About an Offset Pivot,212-M4-013,MTH212.M4.13,1,1,2,21,M4/2026-07-22-M4-2/Lessons/Problem-4.md,/Users/jake/Developer/study/vault/212/M4/2026-07-22-M4-2/Lessons/Problem-4.md,Subtract fractions using a common denominator.,subtract fractions using a common denominator,Mathematical technique,,Numeracy and arithmetic,,Execute,D2,Paragraph or micro-example,Atomic,false,,Inline paragraph or micro-example,false,false,,1,false,High,false,Rule-based taxonomy v2; corpus-level model review and spot checks,
P212-0610,M4,2026-07-22-M4-2,2026-07-22,M4-2,Lecture,Problem-4.md,Problem lesson,4,Finding the Period of a Uniform Rod About an Offset Pivot,212-M4-013,MTH212.M4.13,1,1,3,22,M4/2026-07-22-M4-2/Lessons/Problem-4.md,/Users/jake/Developer/study/vault/212/M4/2026-07-22-M4-2/Lessons/Problem-4.md,Use the parallel-axis theorem $I_p=I_{\mathrm{cm}}+md^2$.,use the parallel-axis theorem ip=icm+md^2,"Physics concept, law, or relation",Representation and spatial literacy,,Moment of inertia,Execute,D3,Short focused lesson,Atomic,false,,Short prerequisite lesson,true,false,,1,false,Medium,true,Rule-based taxonomy v2; corpus-level model review and spot checks,
P212-0611,M4,2026-07-22-M4-2,2026-07-22,M4-2,Lecture,Problem-4.md,Problem lesson,4,Finding the Period of a Uniform Rod About an Offset Pivot,212-M4-013,MTH212.M4.13,1,1,4,23,M4/2026-07-22-M4-2/Lessons/Problem-4.md,/Users/jake/Developer/study/vault/212/M4/2026-07-22-M4-2/Lessons/Problem-4.md,Use the small-angle physical-pendulum formula $T=2\pi\sqrt{I_p/(mgd)}$.,use the small-angle physical-pendulum formula t=2\piip/(mgd),"Physics concept, law, or relation",Mathematical technique | Model condition or reference choice,Geometry and trigonometry,SHM and pendula,Execute,D4,Full prerequisite lesson,Atomic,true,Small-angle approximation,Full prerequisite lesson,true,false,,1,false,Medium,true,Rule-based taxonomy v2; corpus-level model review and spot checks,High-depth prerequisite should route to dedicated remediation
P212-0612,M4,2026-07-22-M4-2,2026-07-22,M4-2,Lecture,Problem-5.md,Problem lesson,5,Period of a Rod-and-Point-Mass Pendulum,212-M4-014,MTH212.M4.14,1,1,1,20,M4/2026-07-22-M4-2/Lessons/Problem-5.md,/Users/jake/Developer/study/vault/212/M4/2026-07-22-M4-2/Lessons/Problem-5.md,Use the small-angle physical-pendulum period formula.,use the small-angle physical-pendulum period formula,"Physics concept, law, or relation",Mathematical technique | Model condition or reference choice,Geometry and trigonometry,Circular and rotational motion | SHM and pendula,Execute,D4,Full prerequisite lesson,Atomic,true,Small-angle approximation,Full prerequisite lesson,false,false,,2,false,Medium,true,Rule-based taxonomy v2; corpus-level model review and spot checks,High-depth prerequisite should route to dedicated remediation
P212-0613,M4,2026-07-22-M4-2,2026-07-22,M4-2,Lecture,Problem-5.md,Problem lesson,5,Period of a Rod-and-Point-Mass Pendulum,212-M4-014,MTH212.M4.14,1,1,2,21,M4/2026-07-22-M4-2/Lessons/Problem-5.md,/Users/jake/Developer/study/vault/212/M4/2026-07-22-M4-2/Lessons/Problem-5.md,Find moments of inertia about a specified pivot.,find moments of inertia about a specified pivot,"Physics concept, law, or relation",Representation and spatial literacy | Model condition or reference choice,,Moment of inertia | Torque and equilibrium,Execute,D4,Full prerequisite lesson,Atomic,true,"Reference axis, pivot, or origin",Full prerequisite lesson,false,false,,1,false,Medium,true,Rule-based taxonomy v2; focused corpus QA adjustment,High-depth prerequisite should route to dedicated remediation | Focused corpus QA adjustment applied
P212-0614,M4,2026-07-22-M4-2,2026-07-22,M4-2,Lecture,Problem-5.md,Problem lesson,5,Period of a Rod-and-Point-Mass Pendulum,212-M4-014,MTH212.M4.14,1,1,3,22,M4/2026-07-22-M4-2/Lessons/Problem-5.md,/Users/jake/Developer/study/vault/212/M4/2026-07-22-M4-2/Lessons/Problem-5.md,Locate each component's center of mass.,locate each component's center of mass,"Physics concept, law, or relation",Mathematical technique,Vector mathematics,Center of mass and density,Recognize,D3,Short focused lesson,Atomic,false,,Short prerequisite lesson,false,false,,1,false,High,false,Rule-based taxonomy v2; focused corpus QA adjustment,Focused corpus QA adjustment applied
P212-0615,M4,2026-07-22-M4-2,2026-07-22,M4-2,Lecture,Problem-5.md,Problem lesson,5,Period of a Rod-and-Point-Mass Pendulum,212-M4-014,MTH212.M4.14,1,1,4,23,M4/2026-07-22-M4-2/Lessons/Problem-5.md,/Users/jake/Developer/study/vault/212/M4/2026-07-22-M4-2/Lessons/Problem-5.md,Evaluate a multi-variable expression and round the final result.,evaluate a multi-variable expression and round the final result,Measurement and computation,Mathematical technique,Algebra and formula manipulation,,Execute,D2,Paragraph or micro-example,Compound,false,,Inline paragraph or micro-example,false,false,,1,false,Medium,true,Rule-based taxonomy v2; corpus-level model review and spot checks,Potentially compound prerequisite; consider splitting
P212-0616,M4,2026-07-22-M4-2,2026-07-22,M4-2,Lecture,Problem-6.md,Problem lesson,6,Finding the Period of a Rod–Disk Physical Pendulum,212-M4-015,MTH212.M4.15,1,1,1,21,M4/2026-07-22-M4-2/Lessons/Problem-6.md,/Users/jake/Developer/study/vault/212/M4/2026-07-22-M4-2/Lessons/Problem-6.md,Know that a moment of inertia is defined relative to a particular rotation axis.,know that a moment of inertia is defined relative to a particular rotation axis,"Physics concept, law, or relation",Representation and spatial literacy | Model condition or reference choice,,Circular and rotational motion | Moment of inertia,Recall,D3,Short focused lesson,Atomic,true,"Reference axis, pivot, or origin",Short prerequisite lesson,false,false,,1,false,Medium,true,Rule-based taxonomy v2; corpus-level model review and spot checks,
P212-0617,M4,2026-07-22-M4-2,2026-07-22,M4-2,Lecture,Problem-6.md,Problem lesson,6,Finding the Period of a Rod–Disk Physical Pendulum,212-M4-015,MTH212.M4.15,1,1,2,22,M4/2026-07-22-M4-2/Lessons/Problem-6.md,/Users/jake/Developer/study/vault/212/M4/2026-07-22-M4-2/Lessons/Problem-6.md,"Know $I_{\mathrm{rod,end}}=\frac13mL^2$ and $I_{\mathrm{disk,cm}}=\frac12mr^2$.","know irod,end=\frac13ml^2 and idisk,cm=\frac12mr^2","Physics concept, law, or relation",,,Moment of inertia,Recall,D3,Short focused lesson,Compound,false,,Short prerequisite lesson,true,false,,1,false,Medium,true,Rule-based taxonomy v2; focused corpus QA adjustment,Potentially compound prerequisite; consider splitting | Focused corpus QA adjustment applied
P212-0618,M4,2026-07-22-M4-2,2026-07-22,M4-2,Lecture,Problem-6.md,Problem lesson,6,Finding the Period of a Rod–Disk Physical Pendulum,212-M4-015,MTH212.M4.15,1,1,3,23,M4/2026-07-22-M4-2/Lessons/Problem-6.md,/Users/jake/Developer/study/vault/212/M4/2026-07-22-M4-2/Lessons/Problem-6.md,Substitute several quantities into a fraction containing a square root.,substitute several quantities into a fraction containing a square root,Mathematical technique,,Numeracy and arithmetic | Algebra and formula manipulation,,Execute,D2,Paragraph or micro-example,Atomic,false,,Inline paragraph or micro-example,false,false,,1,false,High,false,Rule-based taxonomy v2; corpus-level model review and spot checks,
P212-0619,M4,2026-07-23-HW-6,2026-07-23,HW-6,Homework,Problem-1.md,Problem lesson,1,Amplitude and the Period of a Spring Oscillator,212-M4-016,MTH212.M4.16,1,1,1,17,M4/2026-07-23-HW-6/Lessons/Problem-1.md,/Users/jake/Developer/study/vault/212/M4/2026-07-23-HW-6/Lessons/Problem-1.md,Recognize the period $T$ as the time for one complete oscillation.,recognize the period t as the time for one complete oscillation,"Physics concept, law, or relation",,,Circular and rotational motion,Recognize,D1,Retrieval cue,Atomic,false,,Inline reminder,true,false,,1,false,High,false,Rule-based taxonomy v2; corpus-level model review and spot checks,
P212-0620,M4,2026-07-23-HW-6,2026-07-23,HW-6,Homework,Problem-1.md,Problem lesson,1,Amplitude and the Period of a Spring Oscillator,212-M4-016,MTH212.M4.16,1,1,2,18,M4/2026-07-23-HW-6/Lessons/Problem-1.md,/Users/jake/Developer/study/vault/212/M4/2026-07-23-HW-6/Lessons/Problem-1.md,"Identify $m$ as the block's mass, $k$ as the spring constant, and $A$ as the amplitude.","identify m as the block's mass, k as the spring constant, and a as the amplitude","Physics concept, law, or relation",,,SHM and pendula,Recognize,D1,Retrieval cue,Atomic,false,,Inline reminder,true,false,,1,false,High,false,Rule-based taxonomy v2; corpus-level model review and spot checks,
P212-0621,M4,2026-07-23-HW-6,2026-07-23,HW-6,Homework,Problem-1.md,Problem lesson,1,Amplitude and the Period of a Spring Oscillator,212-M4-016,MTH212.M4.16,1,1,3,19,M4/2026-07-23-HW-6/Lessons/Problem-1.md,/Users/jake/Developer/study/vault/212/M4/2026-07-23-HW-6/Lessons/Problem-1.md,Read a formula to determine which quantities its result depends on.,read a formula to determine which quantities its result depends on,Semantic and physical interpretation,,,,Recognize,D2,Paragraph or micro-example,Atomic,false,,Inline paragraph or micro-example,false,false,,1,false,High,false,Rule-based taxonomy v2; corpus-level model review and spot checks,
P212-0622,M4,2026-07-23-HW-6,2026-07-23,HW-6,Homework,Problem-2.md,Problem lesson,2,Scaling Maximum Kinetic Energy with Amplitude,212-M4-017,MTH212.M4.17,1,1,1,19,M4/2026-07-23-HW-6/Lessons/Problem-2.md,/Users/jake/Developer/study/vault/212/M4/2026-07-23-HW-6/Lessons/Problem-2.md,The spring potential energy is $U_s=\frac12kx^2$.,the spring potential energy is us=\frac12kx^2,"Physics concept, law, or relation",,,Energy and momentum | SHM and pendula,Recall,D1,Retrieval cue,Atomic,false,,Inline reminder,true,false,,1,false,High,false,Rule-based taxonomy v2; corpus-level model review and spot checks,
P212-0623,M4,2026-07-23-HW-6,2026-07-23,HW-6,Homework,Problem-2.md,Problem lesson,2,Scaling Maximum Kinetic Energy with Amplitude,212-M4-017,MTH212.M4.17,1,1,2,20,M4/2026-07-23-HW-6/Lessons/Problem-2.md,/Users/jake/Developer/study/vault/212/M4/2026-07-23-HW-6/Lessons/Problem-2.md,Mechanical energy is conserved for an ideal block-spring system.,mechanical energy is conserved for an ideal block-spring system,"Physics concept, law, or relation",Model condition or reference choice,,Energy and momentum | SHM and pendula,Recall,D4,Full prerequisite lesson,Atomic,true,Idealized-object model,Full prerequisite lesson,false,false,,1,false,Medium,true,Rule-based taxonomy v2; focused corpus QA adjustment,High-depth prerequisite should route to dedicated remediation | Focused corpus QA adjustment applied
P212-0624,M4,2026-07-23-HW-6,2026-07-23,HW-6,Homework,Problem-2.md,Problem lesson,2,Scaling Maximum Kinetic Energy with Amplitude,212-M4-017,MTH212.M4.17,1,1,3,21,M4/2026-07-23-HW-6/Lessons/Problem-2.md,/Users/jake/Developer/study/vault/212/M4/2026-07-23-HW-6/Lessons/Problem-2.md,A scale factor raised to a power must be raised to that same power in a proportional formula.,a scale factor raised to a power must be raised to that same power in a proportional formula,Mathematical technique,,Algebra and formula manipulation | Ratios and proportional reasoning,,Recall,D2,Paragraph or micro-example,Atomic,false,,Inline paragraph or micro-example,false,false,,1,false,High,false,Rule-based taxonomy v2; corpus-level model review and spot checks,
P212-0625,M4,2026-07-23-HW-6,2026-07-23,HW-6,Homework,Problem-3.md,Problem lesson,3,Choosing an SHM Cosine Equation from a Position–Time Graph,212-M4-018,MTH212.M4.18,1,1,1,19,M4/2026-07-23-HW-6/Lessons/Problem-3.md,/Users/jake/Developer/study/vault/212/M4/2026-07-23-HW-6/Lessons/Problem-3.md,"Read maximum, minimum, and repeated landmarks from a graph.","read maximum, minimum, and repeated landmarks from a graph",Representation and spatial literacy,Mathematical technique,Functions and graph reasoning,,Recognize,D2,Paragraph or micro-example,Atomic,false,,Inline paragraph or micro-example,false,false,,1,false,High,false,Rule-based taxonomy v2; corpus-level model review and spot checks,
P212-0626,M4,2026-07-23-HW-6,2026-07-23,HW-6,Homework,Problem-3.md,Problem lesson,3,Choosing an SHM Cosine Equation from a Position–Time Graph,212-M4-018,MTH212.M4.18,1,1,2,20,M4/2026-07-23-HW-6/Lessons/Problem-3.md,/Users/jake/Developer/study/vault/212/M4/2026-07-23-HW-6/Lessons/Problem-3.md,Use the period relation $\omega=2\pi/T$.,use the period relation \omega=2\pi/t,"Physics concept, law, or relation",,,Circular and rotational motion,Execute,D2,Paragraph or micro-example,Atomic,false,,Inline paragraph or micro-example,true,false,,1,false,Medium,true,Rule-based taxonomy v2; corpus-level model review and spot checks,
P212-0627,M4,2026-07-23-HW-6,2026-07-23,HW-6,Homework,Problem-3.md,Problem lesson,3,Choosing an SHM Cosine Equation from a Position–Time Graph,212-M4-018,MTH212.M4.18,1,1,3,21,M4/2026-07-23-HW-6/Lessons/Problem-3.md,/Users/jake/Developer/study/vault/212/M4/2026-07-23-HW-6/Lessons/Problem-3.md,Know the cosine values at $\pm\pi/4$.,know the cosine values at \pm\pi/4,Mathematical technique,,Geometry and trigonometry,,Recall,D2,Paragraph or micro-example,Atomic,false,,Inline paragraph or micro-example,true,false,,1,false,High,false,Rule-based taxonomy v2; corpus-level model review and spot checks,
P212-0628,M4,2026-07-23-HW-6,2026-07-23,HW-6,Homework,Problem-3.md,Problem lesson,3,Choosing an SHM Cosine Equation from a Position–Time Graph,212-M4-018,MTH212.M4.18,1,1,4,22,M4/2026-07-23-HW-6/Lessons/Problem-3.md,/Users/jake/Developer/study/vault/212/M4/2026-07-23-HW-6/Lessons/Problem-3.md,Interpret a rising position graph as positive velocity and a falling graph as negative velocity.,interpret a rising position graph as positive velocity and a falling graph as negative velocity,Semantic and physical interpretation,"Mathematical technique | Representation and spatial literacy | Physics concept, law, or relation",Functions and graph reasoning,Kinematics,Interpret,D2,Paragraph or micro-example,Atomic,false,,Inline paragraph or micro-example,false,false,,1,false,Medium,true,Rule-based taxonomy v2; corpus-level model review and spot checks,
P212-0629,M4,2026-07-23-HW-6,2026-07-23,HW-6,Homework,Problem-4.md,Problem lesson,4,Maximum Kinetic Energy from an SHM Position–Time Graph,212-M4-019,MTH212.M4.19,1,1,1,20,M4/2026-07-23-HW-6/Lessons/Problem-4.md,/Users/jake/Developer/study/vault/212/M4/2026-07-23-HW-6/Lessons/Problem-4.md,Read coordinates and repeated features from a position–time graph.,read coordinates and repeated features from a position–time graph,Representation and spatial literacy,Mathematical technique,Geometry and trigonometry | Functions and graph reasoning,,Recognize,D2,Paragraph or micro-example,Atomic,false,,Inline paragraph or micro-example,false,false,,1,false,High,false,Rule-based taxonomy v2; corpus-level model review and spot checks,
P212-0630,M4,2026-07-23-HW-6,2026-07-23,HW-6,Homework,Problem-4.md,Problem lesson,4,Maximum Kinetic Energy from an SHM Position–Time Graph,212-M4-019,MTH212.M4.19,1,1,2,21,M4/2026-07-23-HW-6/Lessons/Problem-4.md,/Users/jake/Developer/study/vault/212/M4/2026-07-23-HW-6/Lessons/Problem-4.md,Use $K=\dfrac12 mv^2$.,use k=\dfrac12 mv^2,"Physics concept, law, or relation",,,Energy and momentum,Execute,D2,Paragraph or micro-example,Atomic,false,,Inline paragraph or micro-example,true,false,,1,false,Medium,true,Rule-based taxonomy v2; focused corpus QA adjustment,Focused corpus QA adjustment applied
P212-0631,M4,2026-07-23-HW-6,2026-07-23,HW-6,Homework,Problem-4.md,Problem lesson,4,Maximum Kinetic Energy from an SHM Position–Time Graph,212-M4-019,MTH212.M4.19,1,1,3,22,M4/2026-07-23-HW-6/Lessons/Problem-4.md,/Users/jake/Developer/study/vault/212/M4/2026-07-23-HW-6/Lessons/Problem-4.md,Square fractions and quantities with units.,square fractions and quantities with units,Mathematical technique,Measurement and computation,Numeracy and arithmetic,,Recall,D2,Paragraph or micro-example,Atomic,false,,Inline paragraph or micro-example,false,false,,1,false,High,false,Rule-based taxonomy v2; corpus-level model review and spot checks,
P212-0632,M4,2026-07-23-HW-6,2026-07-23,HW-6,Homework,Problem-5.md,Problem lesson,5,Ranking Acceleration Magnitudes from an SHM Position Graph,212-M4-020,MTH212.M4.20,1,1,1,20,M4/2026-07-23-HW-6/Lessons/Problem-5.md,/Users/jake/Developer/study/vault/212/M4/2026-07-23-HW-6/Lessons/Problem-5.md,Read a position value from a position-versus-time graph.,read a position value from a position-versus-time graph,Representation and spatial literacy,Mathematical technique,Functions and graph reasoning,,Recognize,D2,Paragraph or micro-example,Atomic,false,,Inline paragraph or micro-example,false,false,,1,false,High,false,Rule-based taxonomy v2; corpus-level model review and spot checks,
P212-0633,M4,2026-07-23-HW-6,2026-07-23,HW-6,Homework,Problem-5.md,Problem lesson,5,Ranking Acceleration Magnitudes from an SHM Position Graph,212-M4-020,MTH212.M4.20,1,1,2,21,M4/2026-07-23-HW-6/Lessons/Problem-5.md,/Users/jake/Developer/study/vault/212/M4/2026-07-23-HW-6/Lessons/Problem-5.md,Identify the equilibrium line $x=0$.,identify the equilibrium line x=0,"Physics concept, law, or relation",,,Forces and Newtonian dynamics,Recognize,D1,Retrieval cue,Atomic,false,,Inline reminder,true,false,,1,false,High,false,Rule-based taxonomy v2; focused corpus QA adjustment,Focused corpus QA adjustment applied
P212-0634,M4,2026-07-23-HW-6,2026-07-23,HW-6,Homework,Problem-5.md,Problem lesson,5,Ranking Acceleration Magnitudes from an SHM Position Graph,212-M4-020,MTH212.M4.20,1,1,3,22,M4/2026-07-23-HW-6/Lessons/Problem-5.md,/Users/jake/Developer/study/vault/212/M4/2026-07-23-HW-6/Lessons/Problem-5.md,Compare absolute values.,compare absolute values,Mathematical technique,,Numeracy and arithmetic,,Execute,D2,Paragraph or micro-example,Atomic,false,,Inline paragraph or micro-example,false,false,,1,false,High,false,Rule-based taxonomy v2; focused corpus QA adjustment,Focused corpus QA adjustment applied
P212-0635,M4,2026-07-23-HW-6,2026-07-23,HW-6,Homework,Problem-6.md,Problem lesson,6,Period of an Oscillator Before Its Mass Changes,212-M4-021,MTH212.M4.21,1,1,1,19,M4/2026-07-23-HW-6/Lessons/Problem-6.md,/Users/jake/Developer/study/vault/212/M4/2026-07-23-HW-6/Lessons/Problem-6.md,Interpret “before” and “after” in a physical sequence of events.,interpret “before” and “after” in a physical sequence of events,Semantic and physical interpretation,,,,Interpret,D2,Paragraph or micro-example,Atomic,false,,Inline paragraph or micro-example,false,false,,1,false,High,false,Rule-based taxonomy v2; corpus-level model review and spot checks,
P212-0636,M4,2026-07-23-HW-6,2026-07-23,HW-6,Homework,Problem-6.md,Problem lesson,6,Period of an Oscillator Before Its Mass Changes,212-M4-021,MTH212.M4.21,1,1,2,20,M4/2026-07-23-HW-6/Lessons/Problem-6.md,/Users/jake/Developer/study/vault/212/M4/2026-07-23-HW-6/Lessons/Problem-6.md,Know that period is the time required for one complete oscillation.,know that period is the time required for one complete oscillation,"Physics concept, law, or relation",,,Circular and rotational motion,Recall,D1,Retrieval cue,Atomic,false,,Inline reminder,false,false,,1,false,High,false,Rule-based taxonomy v2; corpus-level model review and spot checks,
P212-0637,M4,2026-07-23-HW-6,2026-07-23,HW-6,Homework,Problem-6.md,Problem lesson,6,Period of an Oscillator Before Its Mass Changes,212-M4-021,MTH212.M4.21,1,1,3,21,M4/2026-07-23-HW-6/Lessons/Problem-6.md,/Users/jake/Developer/study/vault/212/M4/2026-07-23-HW-6/Lessons/Problem-6.md,Simplify square roots of fractions.,simplify square roots of fractions,Mathematical technique,,Numeracy and arithmetic | Algebra and formula manipulation,,Execute,D2,Paragraph or micro-example,Atomic,false,,Inline paragraph or micro-example,false,false,,1,false,High,false,Rule-based taxonomy v2; corpus-level model review and spot checks,
P212-0638,M4,2026-07-23-HW-6,2026-07-23,HW-6,Homework,Problem-7.md,Problem lesson,7,Speed of a Spring Oscillator at a Given Position,212-M4-022,MTH212.M4.22,1,1,1,19,M4/2026-07-23-HW-6/Lessons/Problem-7.md,/Users/jake/Developer/study/vault/212/M4/2026-07-23-HW-6/Lessons/Problem-7.md,Use $U_s=\frac12kx^2$ for the potential energy of an ideal spring.,use us=\frac12kx^2 for the potential energy of an ideal spring,"Physics concept, law, or relation",Model condition or reference choice,,Energy and momentum | SHM and pendula,Execute,D2,Paragraph or micro-example,Atomic,true,Idealized-object model,Inline paragraph or micro-example,true,false,,1,false,Medium,true,Rule-based taxonomy v2; corpus-level model review and spot checks,
P212-0639,M4,2026-07-23-HW-6,2026-07-23,HW-6,Homework,Problem-7.md,Problem lesson,7,Speed of a Spring Oscillator at a Given Position,212-M4-022,MTH212.M4.22,1,1,2,20,M4/2026-07-23-HW-6/Lessons/Problem-7.md,/Users/jake/Developer/study/vault/212/M4/2026-07-23-HW-6/Lessons/Problem-7.md,Use $K=\frac12Mv^2$ for translational kinetic energy.,use k=\frac12mv^2 for translational kinetic energy,"Physics concept, law, or relation",,,Energy and momentum,Execute,D2,Paragraph or micro-example,Atomic,false,,Inline paragraph or micro-example,true,false,,1,false,Medium,true,Rule-based taxonomy v2; corpus-level model review and spot checks,
P212-0640,M4,2026-07-23-HW-6,2026-07-23,HW-6,Homework,Problem-7.md,Problem lesson,7,Speed of a Spring Oscillator at a Given Position,212-M4-022,MTH212.M4.22,1,1,3,21,M4/2026-07-23-HW-6/Lessons/Problem-7.md,/Users/jake/Developer/study/vault/212/M4/2026-07-23-HW-6/Lessons/Problem-7.md,Conserve mechanical energy when the surface is frictionless.,conserve mechanical energy when the surface is frictionless,"Physics concept, law, or relation",Model condition or reference choice,,Energy and momentum,Recall,D4,Full prerequisite lesson,Atomic,true,Negligible-loss or frictionless model,Full prerequisite lesson,false,false,,1,false,Medium,true,Rule-based taxonomy v2; focused corpus QA adjustment,High-depth prerequisite should route to dedicated remediation | Focused corpus QA adjustment applied
P212-0641,M4,2026-07-23-HW-6,2026-07-23,HW-6,Homework,Problem-7.md,Problem lesson,7,Speed of a Spring Oscillator at a Given Position,212-M4-022,MTH212.M4.22,1,1,4,22,M4/2026-07-23-HW-6/Lessons/Problem-7.md,/Users/jake/Developer/study/vault/212/M4/2026-07-23-HW-6/Lessons/Problem-7.md,Isolate a squared variable and take a square root.,isolate a squared variable and take a square root,Mathematical technique,,Numeracy and arithmetic | Algebra and formula manipulation,,Execute,D2,Paragraph or micro-example,Atomic,false,,Inline paragraph or micro-example,false,false,,2,false,High,false,Rule-based taxonomy v2; focused corpus QA adjustment,Focused corpus QA adjustment applied
P212-0642,M4,2026-07-23-HW-6,2026-07-23,HW-6,Homework,Problem-8.md,Problem lesson,8,Speed Immediately After a Mass Sticks to a Moving Block,212-M4-023,MTH212.M4.23,1,1,1,20,M4/2026-07-23-HW-6/Lessons/Problem-8.md,/Users/jake/Developer/study/vault/212/M4/2026-07-23-HW-6/Lessons/Problem-8.md,"Use one-dimensional momentum, $p_x=mv_x$.","use one-dimensional momentum, px=mvx","Physics concept, law, or relation",,,Energy and momentum,Execute,D2,Paragraph or micro-example,Atomic,false,,Inline paragraph or micro-example,true,false,,1,false,Medium,true,Rule-based taxonomy v2; corpus-level model review and spot checks,
P212-0643,M4,2026-07-23-HW-6,2026-07-23,HW-6,Homework,Problem-8.md,Problem lesson,8,Speed Immediately After a Mass Sticks to a Moving Block,212-M4-023,MTH212.M4.23,1,1,2,21,M4/2026-07-23-HW-6/Lessons/Problem-8.md,/Users/jake/Developer/study/vault/212/M4/2026-07-23-HW-6/Lessons/Problem-8.md,Add the momenta of every object in a chosen system.,add the momenta of every object in a chosen system,Integrated modeling schema,Mathematical technique | Model condition or reference choice,Numeracy and arithmetic,,Execute,D4,Full prerequisite lesson,Compound,true,System or isolation condition,Full prerequisite lesson,false,false,,1,false,Medium,true,Rule-based taxonomy v2; focused corpus QA adjustment,Potentially compound prerequisite; consider splitting | High-depth prerequisite should route to dedicated remediation | Focused corpus QA adjustment applied
P212-0644,M4,2026-07-23-HW-6,2026-07-23,HW-6,Homework,Problem-8.md,Problem lesson,8,Speed Immediately After a Mass Sticks to a Moving Block,212-M4-023,MTH212.M4.23,1,1,3,22,M4/2026-07-23-HW-6/Lessons/Problem-8.md,/Users/jake/Developer/study/vault/212/M4/2026-07-23-HW-6/Lessons/Problem-8.md,Solve a one-step symbolic equation.,solve a one-step symbolic equation,Mathematical technique,,Algebra and formula manipulation,,Execute,D2,Paragraph or micro-example,Atomic,false,,Inline paragraph or micro-example,false,false,,1,false,High,false,Rule-based taxonomy v2; corpus-level model review and spot checks,
P212-0645,M4,2026-07-23-HW-6,2026-07-23,HW-6,Homework,Problem-9.md,Problem lesson,9,Mechanical-Energy Change During a Sticking Collision,212-M4-024,MTH212.M4.24,1,1,1,19,M4/2026-07-23-HW-6/Lessons/Problem-9.md,/Users/jake/Developer/study/vault/212/M4/2026-07-23-HW-6/Lessons/Problem-9.md,Mechanical energy is the sum of kinetic and potential energy: $E=K+U$.,mechanical energy is the sum of kinetic and potential energy: e=k+u,"Physics concept, law, or relation",,,Energy and momentum,Recall,D1,Retrieval cue,Atomic,false,,Inline reminder,true,false,,1,false,High,false,Rule-based taxonomy v2; corpus-level model review and spot checks,
P212-0646,M4,2026-07-23-HW-6,2026-07-23,HW-6,Homework,Problem-9.md,Problem lesson,9,Mechanical-Energy Change During a Sticking Collision,212-M4-024,MTH212.M4.24,1,1,2,20,M4/2026-07-23-HW-6/Lessons/Problem-9.md,/Users/jake/Developer/study/vault/212/M4/2026-07-23-HW-6/Lessons/Problem-9.md,Translational kinetic energy is $K=\frac12 mv^2$.,translational kinetic energy is k=\frac12 mv^2,"Physics concept, law, or relation",,,Energy and momentum,Recall,D1,Retrieval cue,Atomic,false,,Inline reminder,true,false,,1,false,High,false,Rule-based taxonomy v2; corpus-level model review and spot checks,
P212-0647,M4,2026-07-23-HW-6,2026-07-23,HW-6,Homework,Problem-9.md,Problem lesson,9,Mechanical-Energy Change During a Sticking Collision,212-M4-024,MTH212.M4.24,1,1,3,21,M4/2026-07-23-HW-6/Lessons/Problem-9.md,/Users/jake/Developer/study/vault/212/M4/2026-07-23-HW-6/Lessons/Problem-9.md,Spring potential energy is $U_s=\frac12 kx^2$.,spring potential energy is us=\frac12 kx^2,"Physics concept, law, or relation",,,Energy and momentum | SHM and pendula,Recall,D1,Retrieval cue,Atomic,false,,Inline reminder,true,false,,1,false,High,false,Rule-based taxonomy v2; corpus-level model review and spot checks,
P212-0648,M4,2026-07-23-HW-6,2026-07-23,HW-6,Homework,Problem-9.md,Problem lesson,9,Mechanical-Energy Change During a Sticking Collision,212-M4-024,MTH212.M4.24,1,1,4,22,M4/2026-07-23-HW-6/Lessons/Problem-9.md,/Users/jake/Developer/study/vault/212/M4/2026-07-23-HW-6/Lessons/Problem-9.md,A change is final minus initial: $\Delta E=E_{\mathrm{after}}-E_{\mathrm{before}}$.,a change is final minus initial: \delta e=eafter-ebefore,Semantic and physical interpretation,,,,Recall,D1,Retrieval cue,Atomic,false,,Inline reminder,true,false,,1,false,High,false,Rule-based taxonomy v2; focused corpus QA adjustment,Focused corpus QA adjustment applied
P212-0649,M4,2026-07-23-HW-6,2026-07-23,HW-6,Homework,Problem-10.md,Problem lesson,10,Finding a New Spring-Oscillation Amplitude After an Energy Change,212-M4-025,MTH212.M4.25,1,1,1,19,M4/2026-07-23-HW-6/Lessons/Problem-10.md,/Users/jake/Developer/study/vault/212/M4/2026-07-23-HW-6/Lessons/Problem-10.md,Use the ideal spring oscillator relation $E=\frac12 kA^2$.,use the ideal spring oscillator relation e=\frac12 ka^2,"Physics concept, law, or relation",Model condition or reference choice,,SHM and pendula,Execute,D2,Paragraph or micro-example,Atomic,true,Idealized-object model,Inline paragraph or micro-example,true,false,,1,false,Medium,true,Rule-based taxonomy v2; corpus-level model review and spot checks,
P212-0650,M4,2026-07-23-HW-6,2026-07-23,HW-6,Homework,Problem-10.md,Problem lesson,10,Finding a New Spring-Oscillation Amplitude After an Energy Change,212-M4-025,MTH212.M4.25,1,1,2,20,M4/2026-07-23-HW-6/Lessons/Problem-10.md,/Users/jake/Developer/study/vault/212/M4/2026-07-23-HW-6/Lessons/Problem-10.md,Interpret $\Delta E$ as $E_{\mathrm{after}}-E_{\mathrm{before}}$.,interpret \delta e as eafter-ebefore,Semantic and physical interpretation,,,,Interpret,D2,Paragraph or micro-example,Atomic,false,,Inline paragraph or micro-example,true,false,,1,false,High,false,Rule-based taxonomy v2; corpus-level model review and spot checks,
P212-0651,M4,2026-07-23-HW-6,2026-07-23,HW-6,Homework,Problem-10.md,Problem lesson,10,Finding a New Spring-Oscillation Amplitude After an Energy Change,212-M4-025,MTH212.M4.25,1,1,3,21,M4/2026-07-23-HW-6/Lessons/Problem-10.md,/Users/jake/Developer/study/vault/212/M4/2026-07-23-HW-6/Lessons/Problem-10.md,Solve an equation for a squared variable and select a physically meaningful root.,solve an equation for a squared variable and select a physically meaningful root,Mathematical technique,Semantic and physical interpretation | Model condition or reference choice,Numeracy and arithmetic | Algebra and formula manipulation,,Execute,D2,Paragraph or micro-example,Compound,true,Physical-domain constraint,Inline paragraph or micro-example,false,false,,1,false,Medium,true,Rule-based taxonomy v2; corpus-level model review and spot checks,Potentially compound prerequisite; consider splitting
P212-0652,M4,2026-07-23-HW-6,2026-07-23,HW-6,Homework,Problem-11.md,Problem lesson,11,Period After Mass Sticks to a Spring Oscillator,212-M4-026,MTH212.M4.26,1,1,1,19,M4/2026-07-23-HW-6/Lessons/Problem-11.md,/Users/jake/Developer/study/vault/212/M4/2026-07-23-HW-6/Lessons/Problem-11.md,Know the period formula for an ideal horizontal mass-spring oscillator.,know the period formula for an ideal horizontal mass-spring oscillator,"Physics concept, law, or relation",Representation and spatial literacy | Model condition or reference choice,,Circular and rotational motion | SHM and pendula,Recall,D2,Paragraph or micro-example,Atomic,true,Idealized-object model,Inline paragraph or micro-example,false,false,,1,false,Medium,true,Rule-based taxonomy v2; focused corpus QA adjustment,Focused corpus QA adjustment applied
P212-0653,M4,2026-07-23-HW-6,2026-07-23,HW-6,Homework,Problem-11.md,Problem lesson,11,Period After Mass Sticks to a Spring Oscillator,212-M4-026,MTH212.M4.26,1,1,2,20,M4/2026-07-23-HW-6/Lessons/Problem-11.md,/Users/jake/Developer/study/vault/212/M4/2026-07-23-HW-6/Lessons/Problem-11.md,Interpret “sticks” to mean that the two masses move together afterward.,interpret “sticks” to mean that the two masses move together afterward,Semantic and physical interpretation,,,,Interpret,D2,Paragraph or micro-example,Atomic,false,,Inline paragraph or micro-example,false,false,,1,false,High,false,Rule-based taxonomy v2; corpus-level model review and spot checks,
P212-0654,M4,2026-07-23-HW-6,2026-07-23,HW-6,Homework,Problem-11.md,Problem lesson,11,Period After Mass Sticks to a Spring Oscillator,212-M4-026,MTH212.M4.26,1,1,3,21,M4/2026-07-23-HW-6/Lessons/Problem-11.md,/Users/jake/Developer/study/vault/212/M4/2026-07-23-HW-6/Lessons/Problem-11.md,Simplify sums inside square roots.,simplify sums inside square roots,Mathematical technique,,Numeracy and arithmetic | Algebra and formula manipulation,,Execute,D2,Paragraph or micro-example,Atomic,false,,Inline paragraph or micro-example,false,false,,1,false,High,false,Rule-based taxonomy v2; corpus-level model review and spot checks,
P212-0655,M4,2026-07-23-HW-6,2026-07-23,HW-6,Homework,Problem-12.md,Problem lesson,12,Period of an Ideal Simple Pendulum,212-M4-027,MTH212.M4.27,1,1,1,18,M4/2026-07-23-HW-6/Lessons/Problem-12.md,/Users/jake/Developer/study/vault/212/M4/2026-07-23-HW-6/Lessons/Problem-12.md,Substitute values into a formula.,substitute values into a formula,Mathematical technique,,Algebra and formula manipulation,,Execute,D2,Paragraph or micro-example,Atomic,false,,Inline paragraph or micro-example,false,false,,1,false,High,false,Rule-based taxonomy v2; corpus-level model review and spot checks,
P212-0656,M4,2026-07-23-HW-6,2026-07-23,HW-6,Homework,Problem-12.md,Problem lesson,12,Period of an Ideal Simple Pendulum,212-M4-027,MTH212.M4.27,1,1,2,19,M4/2026-07-23-HW-6/Lessons/Problem-12.md,/Users/jake/Developer/study/vault/212/M4/2026-07-23-HW-6/Lessons/Problem-12.md,Evaluate a square root.,evaluate a square root,Mathematical technique,,Numeracy and arithmetic,,Execute,D2,Paragraph or micro-example,Atomic,false,,Inline paragraph or micro-example,false,false,,1,false,High,false,Rule-based taxonomy v2; corpus-level model review and spot checks,
P212-0657,M4,2026-07-23-HW-6,2026-07-23,HW-6,Homework,Problem-12.md,Problem lesson,12,Period of an Ideal Simple Pendulum,212-M4-027,MTH212.M4.27,1,1,3,20,M4/2026-07-23-HW-6/Lessons/Problem-12.md,/Users/jake/Developer/study/vault/212/M4/2026-07-23-HW-6/Lessons/Problem-12.md,Recognize that $\sqrt{\mathrm{s}^2}=\mathrm{s}$.,recognize that s^2=s,Semantic and physical interpretation,,,,Recognize,D1,Retrieval cue,Atomic,false,,Inline reminder,true,false,,1,false,High,false,Rule-based taxonomy v2; corpus-level model review and spot checks,
P212-0658,M4,2026-07-23-HW-6,2026-07-23,HW-6,Homework,Problem-13.md,Problem lesson,13,Finding a Decay Constant from Period Counts,212-M4-028,MTH212.M4.28,1,1,1,19,M4/2026-07-23-HW-6/Lessons/Problem-13.md,/Users/jake/Developer/study/vault/212/M4/2026-07-23-HW-6/Lessons/Problem-13.md,Form the dimensionless ratio $A(t)/A_0$.,form the dimensionless ratio a(t)/a0,Mathematical technique,,Ratios and proportional reasoning,,Recall,D2,Paragraph or micro-example,Atomic,false,,Inline paragraph or micro-example,true,false,,1,false,High,false,Rule-based taxonomy v2; corpus-level model review and spot checks,
P212-0659,M4,2026-07-23-HW-6,2026-07-23,HW-6,Homework,Problem-13.md,Problem lesson,13,Finding a Decay Constant from Period Counts,212-M4-028,MTH212.M4.28,1,1,2,20,M4/2026-07-23-HW-6/Lessons/Problem-13.md,/Users/jake/Developer/study/vault/212/M4/2026-07-23-HW-6/Lessons/Problem-13.md,Use $\ln(e^x)=x$ and evaluate a natural logarithm.,use \ln(e^x)=x and evaluate a natural logarithm,Mathematical technique,Semantic and physical interpretation,,,Execute,D3,Short focused lesson,Atomic,false,,Short prerequisite lesson,true,false,,1,false,Medium,true,Rule-based taxonomy v2; focused corpus QA adjustment,Focused corpus QA adjustment applied
P212-0660,M4,2026-07-23-HW-6,2026-07-23,HW-6,Homework,Problem-13.md,Problem lesson,13,Finding a Decay Constant from Period Counts,212-M4-028,MTH212.M4.28,1,1,3,21,M4/2026-07-23-HW-6/Lessons/Problem-13.md,/Users/jake/Developer/study/vault/212/M4/2026-07-23-HW-6/Lessons/Problem-13.md,Compute a simple pendulum's period with $T=2\pi\sqrt{L/g}$.,compute a simple pendulum's period with t=2\pil/g,"Physics concept, law, or relation",,,Circular and rotational motion | SHM and pendula,Execute,D2,Paragraph or micro-example,Atomic,false,,Inline paragraph or micro-example,true,false,,1,false,High,false,Rule-based taxonomy v2; focused corpus QA adjustment,Focused corpus QA adjustment applied
P212-0661,M4,2026-07-23-HW-6,2026-07-23,HW-6,Homework,Problem-14.md,Problem lesson,14,Finding the Period of a Rod-and-Sphere Physical Pendulum,212-M4-029,MTH212.M4.29,1,1,1,19,M4/2026-07-23-HW-6/Lessons/Problem-14.md,/Users/jake/Developer/study/vault/212/M4/2026-07-23-HW-6/Lessons/Problem-14.md,Locate the center of mass of a uniform rod and a uniform sphere.,locate the center of mass of a uniform rod and a uniform sphere,"Physics concept, law, or relation",Model condition or reference choice,,Center of mass and density,Recognize,D3,Short focused lesson,Compound,true,Uniform-object model,Short prerequisite lesson,false,false,,1,false,Medium,true,Rule-based taxonomy v2; focused corpus QA adjustment,Potentially compound prerequisite; consider splitting | Focused corpus QA adjustment applied
P212-0662,M4,2026-07-23-HW-6,2026-07-23,HW-6,Homework,Problem-14.md,Problem lesson,14,Finding the Period of a Rod-and-Sphere Physical Pendulum,212-M4-029,MTH212.M4.29,1,1,2,20,M4/2026-07-23-HW-6/Lessons/Problem-14.md,/Users/jake/Developer/study/vault/212/M4/2026-07-23-HW-6/Lessons/Problem-14.md,Use $I_P=I_{\mathrm{cm}}+md^2$ to shift a moment of inertia to a parallel axis.,use ip=icm+md^2 to shift a moment of inertia to a parallel axis,"Physics concept, law, or relation",Representation and spatial literacy | Model condition or reference choice,,Moment of inertia,Execute,D4,Full prerequisite lesson,Atomic,true,"Reference axis, pivot, or origin",Full prerequisite lesson,true,false,,1,false,Medium,true,Rule-based taxonomy v2; focused corpus QA adjustment,High-depth prerequisite should route to dedicated remediation | Focused corpus QA adjustment applied
P212-0663,M4,2026-07-23-HW-6,2026-07-23,HW-6,Homework,Problem-14.md,Problem lesson,14,Finding the Period of a Rod-and-Sphere Physical Pendulum,212-M4-029,MTH212.M4.29,1,1,3,21,M4/2026-07-23-HW-6/Lessons/Problem-14.md,/Users/jake/Developer/study/vault/212/M4/2026-07-23-HW-6/Lessons/Problem-14.md,Evaluate a formula containing squares and a square root.,evaluate a formula containing squares and a square root,Mathematical technique,,Numeracy and arithmetic,,Execute,D2,Paragraph or micro-example,Atomic,false,,Inline paragraph or micro-example,false,false,,1,false,High,false,Rule-based taxonomy v2; corpus-level model review and spot checks,
P212-0664,M5,2026-07-23-M5-1,2026-07-23,M5-1,Lecture,Problem-1.md,Problem lesson,1,Reading Particle Motion From a Displacement-Time Graph,212-M5-001,MTH212.M5.01,1,1,1,20,M5/2026-07-23-M5-1/Lessons/Problem-1.md,/Users/jake/Developer/study/vault/212/M5/2026-07-23-M5-1/Lessons/Problem-1.md,Identify the horizontal and vertical axes of a graph.,identify the horizontal and vertical axes of a graph,Representation and spatial literacy,Mathematical technique,Functions and graph reasoning,,Recognize,D1,Retrieval cue,Atomic,false,,Inline reminder,false,false,,1,false,High,false,Rule-based taxonomy v2; focused corpus QA adjustment,Focused corpus QA adjustment applied
P212-0665,M5,2026-07-23-M5-1,2026-07-23,M5-1,Lecture,Problem-1.md,Problem lesson,1,Reading Particle Motion From a Displacement-Time Graph,212-M5-001,MTH212.M5.01,1,1,2,21,M5/2026-07-23-M5-1/Lessons/Problem-1.md,/Users/jake/Developer/study/vault/212/M5/2026-07-23-M5-1/Lessons/Problem-1.md,"Recognize positive, negative, and zero slope.","recognize positive, negative, and zero slope",Mathematical technique,,Functions and graph reasoning,,Recognize,D2,Paragraph or micro-example,Atomic,false,,Inline paragraph or micro-example,false,false,,1,false,High,false,Rule-based taxonomy v2; corpus-level model review and spot checks,
P212-0666,M5,2026-07-23-M5-1,2026-07-23,M5-1,Lecture,Problem-1.md,Problem lesson,1,Reading Particle Motion From a Displacement-Time Graph,212-M5-001,MTH212.M5.01,1,1,3,22,M5/2026-07-23-M5-1/Lessons/Problem-1.md,/Users/jake/Developer/study/vault/212/M5/2026-07-23-M5-1/Lessons/Problem-1.md,Distinguish a transverse particle's vertical motion from a wave's horizontal propagation.,distinguish a transverse particle's vertical motion from a wave's horizontal propagation,Semantic and physical interpretation,"Representation and spatial literacy | Physics concept, law, or relation",,Kinematics | Waves and sound,Interpret,D2,Paragraph or micro-example,Atomic,false,,Inline paragraph or micro-example,false,false,,1,false,Medium,true,Rule-based taxonomy v2; corpus-level model review and spot checks,
P212-0667,M5,2026-07-23-M5-1,2026-07-23,M5-1,Lecture,Problem-2.md,Problem lesson,2,Compare Frequencies on Identical Springs,212-M5-002,MTH212.M5.02,1,1,1,19,M5/2026-07-23-M5-1/Lessons/Problem-2.md,/Users/jake/Developer/study/vault/212/M5/2026-07-23-M5-1/Lessons/Problem-2.md,Identify which quantities are held constant in a comparison.,identify which quantities are held constant in a comparison,Model condition or reference choice,,,,Recognize,D1,Retrieval cue,Atomic,true,Fixed or constant quantity,Inline reminder,false,false,,1,false,High,false,Rule-based taxonomy v2; corpus-level model review and spot checks,
P212-0668,M5,2026-07-23-M5-1,2026-07-23,M5-1,Lecture,Problem-2.md,Problem lesson,2,Compare Frequencies on Identical Springs,212-M5-002,MTH212.M5.02,1,1,2,20,M5/2026-07-23-M5-1/Lessons/Problem-2.md,/Users/jake/Developer/study/vault/212/M5/2026-07-23-M5-1/Lessons/Problem-2.md,Interpret a variable in the denominator of a square root.,interpret a variable in the denominator of a square root,Semantic and physical interpretation,Mathematical technique,Numeracy and arithmetic | Algebra and formula manipulation,,Interpret,D2,Paragraph or micro-example,Atomic,false,,Inline paragraph or micro-example,false,false,,1,false,High,false,Rule-based taxonomy v2; corpus-level model review and spot checks,
P212-0669,M5,2026-07-23-M5-1,2026-07-23,M5-1,Lecture,Problem-2.md,Problem lesson,2,Compare Frequencies on Identical Springs,212-M5-002,MTH212.M5.02,1,1,3,21,M5/2026-07-23-M5-1/Lessons/Problem-2.md,/Users/jake/Developer/study/vault/212/M5/2026-07-23-M5-1/Lessons/Problem-2.md,Distinguish oscillation amplitude from frequency.,distinguish oscillation amplitude from frequency,Semantic and physical interpretation,"Physics concept, law, or relation",,SHM and pendula | Waves and sound,Interpret,D2,Paragraph or micro-example,Atomic,false,,Inline paragraph or micro-example,false,false,,1,false,High,false,Rule-based taxonomy v2; corpus-level model review and spot checks,
P212-0670,M5,2026-07-23-M5-1,2026-07-23,M5-1,Lecture,Problem-3.md,Problem lesson,3,Identifying the Restoring Force of a Hanging Spring,212-M5-003,MTH212.M5.03,1,1,1,20,M5/2026-07-23-M5-1/Lessons/Problem-3.md,/Users/jake/Developer/study/vault/212/M5/2026-07-23-M5-1/Lessons/Problem-3.md,Identify the equilibrium position of an oscillating object.,identify the equilibrium position of an oscillating object,"Physics concept, law, or relation",,,Forces and Newtonian dynamics | SHM and pendula,Recognize,D1,Retrieval cue,Atomic,false,,Inline reminder,false,false,,1,false,High,false,Rule-based taxonomy v2; corpus-level model review and spot checks,
P212-0671,M5,2026-07-23-M5-1,2026-07-23,M5-1,Lecture,Problem-3.md,Problem lesson,3,Identifying the Restoring Force of a Hanging Spring,212-M5-003,MTH212.M5.03,1,1,2,21,M5/2026-07-23-M5-1/Lessons/Problem-3.md,/Users/jake/Developer/study/vault/212/M5/2026-07-23-M5-1/Lessons/Problem-3.md,Add forces with signs that represent direction.,add forces with signs that represent direction,Mathematical technique,,Numeracy and arithmetic,,Execute,D2,Paragraph or micro-example,Atomic,false,,Inline paragraph or micro-example,false,false,,1,false,High,false,Rule-based taxonomy v2; corpus-level model review and spot checks,
P212-0672,M5,2026-07-23-M5-1,2026-07-23,M5-1,Lecture,Problem-3.md,Problem lesson,3,Identifying the Restoring Force of a Hanging Spring,212-M5-003,MTH212.M5.03,1,1,3,22,M5/2026-07-23-M5-1/Lessons/Problem-3.md,/Users/jake/Developer/study/vault/212/M5/2026-07-23-M5-1/Lessons/Problem-3.md,Recall that gravity near Earth's surface is approximately constant.,recall that gravity near earth's surface is approximately constant,Semantic and physical interpretation,,,,Recall,D1,Retrieval cue,Atomic,false,,Inline reminder,false,false,,1,false,High,false,Rule-based taxonomy v2; corpus-level model review and spot checks,
P212-0673,M5,2026-07-23-M5-1,2026-07-23,M5-1,Lecture,Problem-3.md,Problem lesson,3,Identifying the Restoring Force of a Hanging Spring,212-M5-003,MTH212.M5.03,1,1,4,23,M5/2026-07-23-M5-1/Lessons/Problem-3.md,/Users/jake/Developer/study/vault/212/M5/2026-07-23-M5-1/Lessons/Problem-3.md,Recall that an ideal spring's force changes with its stretch or compression.,recall that an ideal spring's force changes with its stretch or compression,"Physics concept, law, or relation",Model condition or reference choice,,Forces and Newtonian dynamics | SHM and pendula,Recall,D1,Retrieval cue,Atomic,true,Idealized-object model,Inline reminder,false,false,,1,false,High,false,Rule-based taxonomy v2; corpus-level model review and spot checks,
P212-0674,M5,2026-07-23-M5-1,2026-07-23,M5-1,Lecture,Problem-4.md,Problem lesson,4,Identifying the Restoring Force in a Transverse String Wave,212-M5-004,MTH212.M5.04,1,1,1,20,M5/2026-07-23-M5-1/Lessons/Problem-4.md,/Users/jake/Developer/study/vault/212/M5/2026-07-23-M5-1/Lessons/Problem-4.md,Treat a force as a vector with magnitude and direction.,treat a force as a vector with magnitude and direction,"Physics concept, law, or relation",Mathematical technique,Vector mathematics,Forces and Newtonian dynamics,Execute,D3,Short focused lesson,Atomic,false,,Short prerequisite lesson,false,false,,1,false,High,false,Rule-based taxonomy v2; corpus-level model review and spot checks,
P212-0675,M5,2026-07-23-M5-1,2026-07-23,M5-1,Lecture,Problem-4.md,Problem lesson,4,Identifying the Restoring Force in a Transverse String Wave,212-M5-004,MTH212.M5.04,1,1,2,21,M5/2026-07-23-M5-1/Lessons/Problem-4.md,/Users/jake/Developer/study/vault/212/M5/2026-07-23-M5-1/Lessons/Problem-4.md,Split a force into horizontal and vertical components.,split a force into horizontal and vertical components,"Physics concept, law, or relation",Mathematical technique | Representation and spatial literacy,Vector mathematics,Forces and Newtonian dynamics,Recall,D3,Short focused lesson,Atomic,false,,Short prerequisite lesson,false,false,,1,false,Medium,true,Rule-based taxonomy v2; corpus-level model review and spot checks,
P212-0676,M5,2026-07-23-M5-1,2026-07-23,M5-1,Lecture,Problem-4.md,Problem lesson,4,Identifying the Restoring Force in a Transverse String Wave,212-M5-004,MTH212.M5.04,1,1,3,22,M5/2026-07-23-M5-1/Lessons/Problem-4.md,/Users/jake/Developer/study/vault/212/M5/2026-07-23-M5-1/Lessons/Problem-4.md,Recognize that a restoring force points back toward equilibrium.,recognize that a restoring force points back toward equilibrium,Semantic and physical interpretation,"Physics concept, law, or relation",,Forces and Newtonian dynamics,Recognize,D1,Retrieval cue,Atomic,false,,Inline reminder,false,false,,1,false,High,false,Rule-based taxonomy v2; corpus-level model review and spot checks,
P212-0677,M5,2026-07-23-M5-1,2026-07-23,M5-1,Lecture,Problem-5.md,Problem lesson,5,Inferring Particle Motion From a Traveling-Wave Snapshot,212-M5-005,MTH212.M5.05,1,1,1,20,M5/2026-07-23-M5-1/Lessons/Problem-5.md,/Users/jake/Developer/study/vault/212/M5/2026-07-23-M5-1/Lessons/Problem-5.md,"Read whether a graph rises, falls, or is locally horizontal as $x$ increases.","read whether a graph rises, falls, or is locally horizontal as x increases",Representation and spatial literacy,Mathematical technique,Functions and graph reasoning,,Recognize,D2,Paragraph or micro-example,Atomic,false,,Inline paragraph or micro-example,true,false,,1,false,High,false,Rule-based taxonomy v2; corpus-level model review and spot checks,
P212-0678,M5,2026-07-23-M5-1,2026-07-23,M5-1,Lecture,Problem-5.md,Problem lesson,5,Inferring Particle Motion From a Traveling-Wave Snapshot,212-M5-005,MTH212.M5.05,1,1,2,21,M5/2026-07-23-M5-1/Lessons/Problem-5.md,/Users/jake/Developer/study/vault/212/M5/2026-07-23-M5-1/Lessons/Problem-5.md,Distinguish the motion of a wave pattern from the motion of a string particle.,distinguish the motion of a wave pattern from the motion of a string particle,Semantic and physical interpretation,"Physics concept, law, or relation",,Kinematics | Waves and sound,Interpret,D2,Paragraph or micro-example,Atomic,false,,Inline paragraph or micro-example,false,false,,1,false,High,false,Rule-based taxonomy v2; corpus-level model review and spot checks,
P212-0679,M5,2026-07-23-M5-1,2026-07-23,M5-1,Lecture,Problem-5.md,Problem lesson,5,Inferring Particle Motion From a Traveling-Wave Snapshot,212-M5-005,MTH212.M5.05,1,1,3,22,M5/2026-07-23-M5-1/Lessons/Problem-5.md,/Users/jake/Developer/study/vault/212/M5/2026-07-23-M5-1/Lessons/Problem-5.md,Interpret the sign of a velocity.,interpret the sign of a velocity,Semantic and physical interpretation,"Physics concept, law, or relation",,Kinematics,Interpret,D2,Paragraph or micro-example,Atomic,false,,Inline paragraph or micro-example,false,false,,1,false,High,false,Rule-based taxonomy v2; corpus-level model review and spot checks,
P212-0680,M5,2026-07-23-M5-1,2026-07-23,M5-1,Lecture,Problem-6.md,Problem lesson,6,Finding Where a Wave Particle Moves Fastest,212-M5-006,MTH212.M5.06,1,1,1,21,M5/2026-07-23-M5-1/Lessons/Problem-6.md,/Users/jake/Developer/study/vault/212/M5/2026-07-23-M5-1/Lessons/Problem-6.md,Interpret the sign and magnitude of a graph's local slope.,interpret the sign and magnitude of a graph's local slope,Semantic and physical interpretation,Mathematical technique | Representation and spatial literacy,Functions and graph reasoning,,Interpret,D2,Paragraph or micro-example,Atomic,false,,Inline paragraph or micro-example,false,false,,1,false,Medium,true,Rule-based taxonomy v2; corpus-level model review and spot checks,
P212-0681,M5,2026-07-23-M5-1,2026-07-23,M5-1,Lecture,Problem-6.md,Problem lesson,6,Finding Where a Wave Particle Moves Fastest,212-M5-006,MTH212.M5.06,1,1,2,22,M5/2026-07-23-M5-1/Lessons/Problem-6.md,/Users/jake/Developer/study/vault/212/M5/2026-07-23-M5-1/Lessons/Problem-6.md,Distinguish the motion of a wave pattern from the motion of a particle in the medium.,distinguish the motion of a wave pattern from the motion of a particle in the medium,Semantic and physical interpretation,"Physics concept, law, or relation",,Kinematics | Waves and sound,Interpret,D2,Paragraph or micro-example,Atomic,false,,Inline paragraph or micro-example,false,false,,1,false,High,false,Rule-based taxonomy v2; corpus-level model review and spot checks,
P212-0682,M5,2026-07-23-M5-1,2026-07-23,M5-1,Lecture,Problem-6.md,Problem lesson,6,Finding Where a Wave Particle Moves Fastest,212-M5-006,MTH212.M5.06,1,1,3,23,M5/2026-07-23-M5-1/Lessons/Problem-6.md,/Users/jake/Developer/study/vault/212/M5/2026-07-23-M5-1/Lessons/Problem-6.md,"Recognize crests, troughs, and equilibrium crossings on a wave snapshot.","recognize crests, troughs, and equilibrium crossings on a wave snapshot",Representation and spatial literacy,"Physics concept, law, or relation",,Forces and Newtonian dynamics | Waves and sound,Recognize,D1,Retrieval cue,Atomic,false,,Inline reminder,false,false,,1,false,High,false,Rule-based taxonomy v2; corpus-level model review and spot checks,
P212-0683,M5,2026-07-23-M5-1,2026-07-23,M5-1,Lecture,Problem-7.md,Problem lesson,7,Predicting Wave-Speed Changes From a Hanging Mass,212-M5-007,MTH212.M5.07,1,1,1,20,M5/2026-07-23-M5-1/Lessons/Problem-7.md,/Users/jake/Developer/study/vault/212/M5/2026-07-23-M5-1/Lessons/Problem-7.md,Use the wave-speed model $v=\sqrt{T/\mu}$ for a wave on a string.,use the wave-speed model v=t/\mu for a wave on a string,"Physics concept, law, or relation",,,Kinematics | Center of mass and density | Waves and sound,Execute,D2,Paragraph or micro-example,Atomic,false,,Inline paragraph or micro-example,true,false,,1,false,Medium,true,Rule-based taxonomy v2; corpus-level model review and spot checks,
P212-0684,M5,2026-07-23-M5-1,2026-07-23,M5-1,Lecture,Problem-7.md,Problem lesson,7,Predicting Wave-Speed Changes From a Hanging Mass,212-M5-007,MTH212.M5.07,1,1,2,21,M5/2026-07-23-M5-1/Lessons/Problem-7.md,/Users/jake/Developer/study/vault/212/M5/2026-07-23-M5-1/Lessons/Problem-7.md,"Recognize that a stationary hanging mass produces tension approximately equal to its weight, $T\approx Mg$.","recognize that a stationary hanging mass produces tension approximately equal to its weight, t\approx mg","Physics concept, law, or relation",Semantic and physical interpretation | Model condition or reference choice,,Forces and Newtonian dynamics,Recognize,D1,Retrieval cue,Atomic,true,Equilibrium or stationary condition,Inline reminder,true,false,,1,false,Medium,true,Rule-based taxonomy v2; corpus-level model review and spot checks,
P212-0685,M5,2026-07-23-M5-1,2026-07-23,M5-1,Lecture,Problem-7.md,Problem lesson,7,Predicting Wave-Speed Changes From a Hanging Mass,212-M5-007,MTH212.M5.07,1,1,3,22,M5/2026-07-23-M5-1/Lessons/Problem-7.md,/Users/jake/Developer/study/vault/212/M5/2026-07-23-M5-1/Lessons/Problem-7.md,Compare positive quantities using direct and square-root relationships.,compare positive quantities using direct and square-root relationships,Mathematical technique,,Numeracy and arithmetic,,Execute,D2,Paragraph or micro-example,Atomic,false,,Inline paragraph or micro-example,false,false,,1,false,High,false,Rule-based taxonomy v2; corpus-level model review and spot checks,
P212-0686,M5,2026-07-27-M5-2,2026-07-27,M5-2,Lecture,Problem-1.md,Problem lesson,1,Finding Wave Speed on a String With a Hanging Mass,212-M5-008,MTH212.M5.08,1,1,1,20,M5/2026-07-27-M5-2/Lessons/Problem-1.md,/Users/jake/Developer/study/vault/212/M5/2026-07-27-M5-2/Lessons/Problem-1.md,Compute a unit rate by dividing one measured quantity by another.,compute a unit rate by dividing one measured quantity by another,Measurement and computation,Mathematical technique,Numeracy and arithmetic,,Execute,D2,Paragraph or micro-example,Atomic,false,,Inline paragraph or micro-example,false,false,,1,false,High,false,Rule-based taxonomy v2; corpus-level model review and spot checks,
P212-0687,M5,2026-07-27-M5-2,2026-07-27,M5-2,Lecture,Problem-1.md,Problem lesson,1,Finding Wave Speed on a String With a Hanging Mass,212-M5-008,MTH212.M5.08,1,1,2,21,M5/2026-07-27-M5-2/Lessons/Problem-1.md,/Users/jake/Developer/study/vault/212/M5/2026-07-27-M5-2/Lessons/Problem-1.md,Use the weight relation $T\approx mg$ for a stationary hanging object.,use the weight relation t\approx mg for a stationary hanging object,"Physics concept, law, or relation",Model condition or reference choice,,Forces and Newtonian dynamics,Execute,D2,Paragraph or micro-example,Atomic,true,Equilibrium or stationary condition,Inline paragraph or micro-example,true,false,,1,false,Medium,true,Rule-based taxonomy v2; corpus-level model review and spot checks,
P212-0688,M5,2026-07-27-M5-2,2026-07-27,M5-2,Lecture,Problem-1.md,Problem lesson,1,Finding Wave Speed on a String With a Hanging Mass,212-M5-008,MTH212.M5.08,1,1,3,22,M5/2026-07-27-M5-2/Lessons/Problem-1.md,/Users/jake/Developer/study/vault/212/M5/2026-07-27-M5-2/Lessons/Problem-1.md,Substitute into a square-root formula and round to significant figures.,substitute into a square-root formula and round to significant figures,Measurement and computation,Mathematical technique,Numeracy and arithmetic | Algebra and formula manipulation,,Execute,D2,Paragraph or micro-example,Atomic,false,,Inline paragraph or micro-example,false,false,,1,false,High,false,Rule-based taxonomy v2; corpus-level model review and spot checks,
P212-0689,M5,2026-07-27-M5-2,2026-07-27,M5-2,Lecture,Problem-2.md,Problem lesson,2,Wave Speed in a Wire Tensioned by a Hanging Mass,212-M5-009,MTH212.M5.09,1,1,1,19,M5/2026-07-27-M5-2/Lessons/Problem-2.md,/Users/jake/Developer/study/vault/212/M5/2026-07-27-M5-2/Lessons/Problem-2.md,Use equilibrium to identify the tension supplied by a stationary hanging mass.,use equilibrium to identify the tension supplied by a stationary hanging mass,"Physics concept, law, or relation",Model condition or reference choice,,Forces and Newtonian dynamics,Execute,D2,Paragraph or micro-example,Atomic,true,Equilibrium or stationary condition,Inline paragraph or micro-example,false,false,,1,false,Medium,true,Rule-based taxonomy v2; corpus-level model review and spot checks,
P212-0690,M5,2026-07-27-M5-2,2026-07-27,M5-2,Lecture,Problem-2.md,Problem lesson,2,Wave Speed in a Wire Tensioned by a Hanging Mass,212-M5-009,MTH212.M5.09,1,1,2,20,M5/2026-07-27-M5-2/Lessons/Problem-2.md,/Users/jake/Developer/study/vault/212/M5/2026-07-27-M5-2/Lessons/Problem-2.md,Compute mass per unit length.,compute mass per unit length,Measurement and computation,,,,Execute,D2,Paragraph or micro-example,Atomic,false,,Inline paragraph or micro-example,false,false,,1,false,High,false,Rule-based taxonomy v2; corpus-level model review and spot checks,
P212-0691,M5,2026-07-27-M5-2,2026-07-27,M5-2,Lecture,Problem-2.md,Problem lesson,2,Wave Speed in a Wire Tensioned by a Hanging Mass,212-M5-009,MTH212.M5.09,1,1,3,21,M5/2026-07-27-M5-2/Lessons/Problem-2.md,/Users/jake/Developer/study/vault/212/M5/2026-07-27-M5-2/Lessons/Problem-2.md,Evaluate a quotient inside a square root.,evaluate a quotient inside a square root,Mathematical technique,,Numeracy and arithmetic | Algebra and formula manipulation,,Execute,D2,Paragraph or micro-example,Atomic,false,,Inline paragraph or micro-example,false,false,,1,false,High,false,Rule-based taxonomy v2; corpus-level model review and spot checks,
P212-0692,M5,2026-07-27-M5-2,2026-07-27,M5-2,Lecture,Problem-3.md,Problem lesson,3,Maximum Transverse Particle Speed on a Tensioned Wire,212-M5-010,MTH212.M5.10,1,1,1,19,M5/2026-07-27-M5-2/Lessons/Problem-3.md,/Users/jake/Developer/study/vault/212/M5/2026-07-27-M5-2/Lessons/Problem-3.md,Compute tension from a stationary hanging mass with $T=Mg$.,compute tension from a stationary hanging mass with t=mg,"Physics concept, law, or relation",Model condition or reference choice,,Forces and Newtonian dynamics,Execute,D1,Retrieval cue,Atomic,true,Equilibrium or stationary condition,Inline reminder,true,false,,1,false,High,false,Rule-based taxonomy v2; corpus-level model review and spot checks,
P212-0693,M5,2026-07-27-M5-2,2026-07-27,M5-2,Lecture,Problem-3.md,Problem lesson,3,Maximum Transverse Particle Speed on a Tensioned Wire,212-M5-010,MTH212.M5.10,1,1,2,20,M5/2026-07-27-M5-2/Lessons/Problem-3.md,/Users/jake/Developer/study/vault/212/M5/2026-07-27-M5-2/Lessons/Problem-3.md,Compute linear mass density with $\mu=m_w/L$.,compute linear mass density with \mu=mw/l,"Physics concept, law, or relation",,,Center of mass and density,Execute,D1,Retrieval cue,Atomic,false,,Inline reminder,true,false,,2,false,High,false,Rule-based taxonomy v2; corpus-level model review and spot checks,
P212-0694,M5,2026-07-27-M5-2,2026-07-27,M5-2,Lecture,Problem-3.md,Problem lesson,3,Maximum Transverse Particle Speed on a Tensioned Wire,212-M5-010,MTH212.M5.10,1,1,3,21,M5/2026-07-27-M5-2/Lessons/Problem-3.md,/Users/jake/Developer/study/vault/212/M5/2026-07-27-M5-2/Lessons/Problem-3.md,Use $v_{\mathrm{wave}}=\sqrt{T/\mu}$ for a transverse wave on a wire.,use vwave=t/\mu for a transverse wave on a wire,"Physics concept, law, or relation",,,Center of mass and density | Waves and sound,Execute,D2,Paragraph or micro-example,Atomic,false,,Inline paragraph or micro-example,true,false,,1,false,Medium,true,Rule-based taxonomy v2; corpus-level model review and spot checks,
P212-0695,M5,2026-07-27-M5-2,2026-07-27,M5-2,Lecture,Problem-3.md,Problem lesson,3,Maximum Transverse Particle Speed on a Tensioned Wire,212-M5-010,MTH212.M5.10,1,1,4,22,M5/2026-07-27-M5-2/Lessons/Problem-3.md,/Users/jake/Developer/study/vault/212/M5/2026-07-27-M5-2/Lessons/Problem-3.md,Relate frequency and wavelength with $f=v_{\mathrm{wave}}/\lambda$.,relate frequency and wavelength with f=vwave/\lambda,"Physics concept, law, or relation",,,Waves and sound,Recall,D1,Retrieval cue,Atomic,false,,Inline reminder,true,false,,1,false,High,false,Rule-based taxonomy v2; corpus-level model review and spot checks,
P212-0696,M5,2026-07-27-M5-2,2026-07-27,M5-2,Lecture,Problem-4.md,Problem lesson,4,Locate a Listener on a Circular Wavefront,212-M5-011,MTH212.M5.11,1,1,1,19,M5/2026-07-27-M5-2/Lessons/Problem-4.md,/Users/jake/Developer/study/vault/212/M5/2026-07-27-M5-2/Lessons/Problem-4.md,Find the midpoint of two coordinates on a number line.,find the midpoint of two coordinates on a number line,Mathematical technique,,Geometry and trigonometry,,Execute,D2,Paragraph or micro-example,Atomic,false,,Inline paragraph or micro-example,false,false,,1,false,High,false,Rule-based taxonomy v2; corpus-level model review and spot checks,
P212-0697,M5,2026-07-27-M5-2,2026-07-27,M5-2,Lecture,Problem-4.md,Problem lesson,4,Locate a Listener on a Circular Wavefront,212-M5-011,MTH212.M5.11,1,1,2,20,M5/2026-07-27-M5-2/Lessons/Problem-4.md,/Users/jake/Developer/study/vault/212/M5/2026-07-27-M5-2/Lessons/Problem-4.md,Use the Pythagorean theorem to find a missing leg.,use the pythagorean theorem to find a missing leg,Mathematical technique,,Geometry and trigonometry,,Execute,D2,Paragraph or micro-example,Atomic,false,,Inline paragraph or micro-example,false,false,,1,false,Medium,true,Rule-based taxonomy v2; corpus-level model review and spot checks,
P212-0698,M5,2026-07-27-M5-2,2026-07-27,M5-2,Lecture,Problem-4.md,Problem lesson,4,Locate a Listener on a Circular Wavefront,212-M5-011,MTH212.M5.11,1,1,3,21,M5/2026-07-27-M5-2/Lessons/Problem-4.md,/Users/jake/Developer/study/vault/212/M5/2026-07-27-M5-2/Lessons/Problem-4.md,Evaluate and round a square root.,evaluate and round a square root,Measurement and computation,Mathematical technique,Numeracy and arithmetic,,Execute,D2,Paragraph or micro-example,Atomic,false,,Inline paragraph or micro-example,false,false,,1,false,High,false,Rule-based taxonomy v2; corpus-level model review and spot checks,
P212-0699,M5,2026-07-27-M5-2,2026-07-27,M5-2,Lecture,Problem-5.md,Problem lesson,5,Ranking Index of Refraction From Wavelength,212-M5-012,MTH212.M5.12,1,1,1,20,M5/2026-07-27-M5-2/Lessons/Problem-5.md,/Users/jake/Developer/study/vault/212/M5/2026-07-27-M5-2/Lessons/Problem-5.md,Compare wavelengths by the spacing between repeating wave features.,compare wavelengths by the spacing between repeating wave features,"Physics concept, law, or relation",,,Waves and sound,Execute,D1,Retrieval cue,Atomic,false,,Inline reminder,false,false,,1,false,High,false,Rule-based taxonomy v2; corpus-level model review and spot checks,
P212-0700,M5,2026-07-27-M5-2,2026-07-27,M5-2,Lecture,Problem-5.md,Problem lesson,5,Ranking Index of Refraction From Wavelength,212-M5-012,MTH212.M5.12,1,1,2,21,M5/2026-07-27-M5-2/Lessons/Problem-5.md,/Users/jake/Developer/study/vault/212/M5/2026-07-27-M5-2/Lessons/Problem-5.md,"Use $v=f\lambda$ to relate wave speed, frequency, and wavelength.","use v=f\lambda to relate wave speed, frequency, and wavelength","Physics concept, law, or relation",,,Kinematics | Waves and sound,Execute,D2,Paragraph or micro-example,Compound,false,,Inline paragraph or micro-example,true,false,,3,false,Medium,true,Rule-based taxonomy v2; corpus-level model review and spot checks,Potentially compound prerequisite; consider splitting
P212-0701,M5,2026-07-27-M5-2,2026-07-27,M5-2,Lecture,Problem-5.md,Problem lesson,5,Ranking Index of Refraction From Wavelength,212-M5-012,MTH212.M5.12,1,1,3,22,M5/2026-07-27-M5-2/Lessons/Problem-5.md,/Users/jake/Developer/study/vault/212/M5/2026-07-27-M5-2/Lessons/Problem-5.md,Use $n=c/v$ to relate light speed in a medium to its index of refraction.,use n=c/v to relate light speed in a medium to its index of refraction,"Physics concept, law, or relation",,,Kinematics | Geometric optics,Execute,D2,Paragraph or micro-example,Atomic,false,,Inline paragraph or micro-example,true,false,,1,false,Medium,true,Rule-based taxonomy v2; corpus-level model review and spot checks,
P212-0702,M5,2026-07-27-M5-2,2026-07-27,M5-2,Lecture,Problem-6.md,Problem lesson,6,Counting Wavelengths Inside a Material,212-M5-013,MTH212.M5.13,1,1,1,20,M5/2026-07-27-M5-2/Lessons/Problem-6.md,/Users/jake/Developer/study/vault/212/M5/2026-07-27-M5-2/Lessons/Problem-6.md,Use the wave relation $v=f\lambda$.,use the wave relation v=f\lambda,"Physics concept, law, or relation",,,Waves and sound,Execute,D2,Paragraph or micro-example,Atomic,false,,Inline paragraph or micro-example,true,false,,3,false,Medium,true,Rule-based taxonomy v2; corpus-level model review and spot checks,
P212-0703,M5,2026-07-27-M5-2,2026-07-27,M5-2,Lecture,Problem-6.md,Problem lesson,6,Counting Wavelengths Inside a Material,212-M5-013,MTH212.M5.13,1,1,2,21,M5/2026-07-27-M5-2/Lessons/Problem-6.md,/Users/jake/Developer/study/vault/212/M5/2026-07-27-M5-2/Lessons/Problem-6.md,Convert metric units with conversion factors.,convert metric units with conversion factors,Measurement and computation,Mathematical technique,Algebra and formula manipulation,,Execute,D2,Paragraph or micro-example,Atomic,false,,Inline paragraph or micro-example,false,false,,1,false,High,false,Rule-based taxonomy v2; corpus-level model review and spot checks,
P212-0704,M5,2026-07-27-M5-2,2026-07-27,M5-2,Lecture,Problem-6.md,Problem lesson,6,Counting Wavelengths Inside a Material,212-M5-013,MTH212.M5.13,1,1,3,22,M5/2026-07-27-M5-2/Lessons/Problem-6.md,/Users/jake/Developer/study/vault/212/M5/2026-07-27-M5-2/Lessons/Problem-6.md,Interpret a ratio of two lengths as a dimensionless count.,interpret a ratio of two lengths as a dimensionless count,Semantic and physical interpretation,Mathematical technique,Ratios and proportional reasoning,,Interpret,D2,Paragraph or micro-example,Atomic,false,,Inline paragraph or micro-example,false,false,,1,false,High,false,Rule-based taxonomy v2; corpus-level model review and spot checks,
P212-0705,M5,2026-07-27-M5-2,2026-07-27,M5-2,Lecture,Problem-6.md,Problem lesson,6,Counting Wavelengths Inside a Material,212-M5-013,MTH212.M5.13,1,1,4,23,M5/2026-07-27-M5-2/Lessons/Problem-6.md,/Users/jake/Developer/study/vault/212/M5/2026-07-27-M5-2/Lessons/Problem-6.md,Round a result to the significant figures supported by the givens.,round a result to the significant figures supported by the givens,Measurement and computation,,,,Execute,D2,Paragraph or micro-example,Atomic,false,,Inline paragraph or micro-example,false,false,,1,false,High,false,Rule-based taxonomy v2; corpus-level model review and spot checks,
P212-0706,M5,2026-07-28-HW-7,2026-07-28,HW-7,Homework,Problem-1.md,Problem lesson,1,Changing Frequency on the Same Taut String,212-M5-014,MTH212.M5.14,1,1,1,19,M5/2026-07-28-HW-7/Lessons/Problem-1.md,/Users/jake/Developer/study/vault/212/M5/2026-07-28-HW-7/Lessons/Problem-1.md,Interpret frequency as cycles per second and wavelength as the length of one cycle.,interpret frequency as cycles per second and wavelength as the length of one cycle,Semantic and physical interpretation,"Physics concept, law, or relation",,Waves and sound,Interpret,D2,Paragraph or micro-example,Atomic,false,,Inline paragraph or micro-example,false,false,,1,false,High,false,Rule-based taxonomy v2; corpus-level model review and spot checks,
P212-0707,M5,2026-07-28-HW-7,2026-07-28,HW-7,Homework,Problem-1.md,Problem lesson,1,Changing Frequency on the Same Taut String,212-M5-014,MTH212.M5.14,1,1,2,20,M5/2026-07-28-HW-7/Lessons/Problem-1.md,/Users/jake/Developer/study/vault/212/M5/2026-07-28-HW-7/Lessons/Problem-1.md,Rearrange a multiplication equation and work with simple ratios.,rearrange a multiplication equation and work with simple ratios,Mathematical technique,"Physics concept, law, or relation",Algebra and formula manipulation,Energy and momentum,Recall,D2,Paragraph or micro-example,Atomic,false,,Inline paragraph or micro-example,false,false,,1,false,High,false,Rule-based taxonomy v2; corpus-level model review and spot checks,
P212-0708,M5,2026-07-28-HW-7,2026-07-28,HW-7,Homework,Problem-2.md,Problem lesson,2,Wave Speed on a String Supporting a Hanging Mass,212-M5-015,MTH212.M5.15,1,1,1,19,M5/2026-07-28-HW-7/Lessons/Problem-2.md,/Users/jake/Developer/study/vault/212/M5/2026-07-28-HW-7/Lessons/Problem-2.md,Recognize the weight of a mass $M$ as $Mg$.,recognize the weight of a mass m as mg,"Physics concept, law, or relation",,,Forces and Newtonian dynamics,Recognize,D1,Retrieval cue,Atomic,false,,Inline reminder,true,false,,1,false,High,false,Rule-based taxonomy v2; corpus-level model review and spot checks,
P212-0709,M5,2026-07-28-HW-7,2026-07-28,HW-7,Homework,Problem-2.md,Problem lesson,2,Wave Speed on a String Supporting a Hanging Mass,212-M5-015,MTH212.M5.15,1,1,2,20,M5/2026-07-28-HW-7/Lessons/Problem-2.md,/Users/jake/Developer/study/vault/212/M5/2026-07-28-HW-7/Lessons/Problem-2.md,Interpret linear mass density as mass per unit length.,interpret linear mass density as mass per unit length,Semantic and physical interpretation,"Measurement and computation | Physics concept, law, or relation",,Center of mass and density,Interpret,D2,Paragraph or micro-example,Atomic,false,,Inline paragraph or micro-example,false,false,,2,false,Medium,true,Rule-based taxonomy v2; corpus-level model review and spot checks,
P212-0710,M5,2026-07-28-HW-7,2026-07-28,HW-7,Homework,Problem-2.md,Problem lesson,2,Wave Speed on a String Supporting a Hanging Mass,212-M5-015,MTH212.M5.15,1,1,3,21,M5/2026-07-28-HW-7/Lessons/Problem-2.md,/Users/jake/Developer/study/vault/212/M5/2026-07-28-HW-7/Lessons/Problem-2.md,Simplify a fraction whose denominator is itself a fraction.,simplify a fraction whose denominator is itself a fraction,Mathematical technique,,Numeracy and arithmetic | Algebra and formula manipulation,,Execute,D2,Paragraph or micro-example,Atomic,false,,Inline paragraph or micro-example,false,false,,1,false,High,false,Rule-based taxonomy v2; corpus-level model review and spot checks,
P212-0711,M5,2026-07-28-HW-7,2026-07-28,HW-7,Homework,Problem-3.md,Problem lesson,3,Counting Wavelengths in a Refractive Medium,212-M5-016,MTH212.M5.16,1,1,1,19,M5/2026-07-28-HW-7/Lessons/Problem-3.md,/Users/jake/Developer/study/vault/212/M5/2026-07-28-HW-7/Lessons/Problem-3.md,Use the wave relation $v=f\lambda$.,use the wave relation v=f\lambda,"Physics concept, law, or relation",,,Waves and sound,Execute,D2,Paragraph or micro-example,Atomic,false,,Inline paragraph or micro-example,true,false,,3,false,Medium,true,Rule-based taxonomy v2; corpus-level model review and spot checks,
P212-0712,M5,2026-07-28-HW-7,2026-07-28,HW-7,Homework,Problem-3.md,Problem lesson,3,Counting Wavelengths in a Refractive Medium,212-M5-016,MTH212.M5.16,1,1,2,20,M5/2026-07-28-HW-7/Lessons/Problem-3.md,/Users/jake/Developer/study/vault/212/M5/2026-07-28-HW-7/Lessons/Problem-3.md,Use the refractive-index relation $n=c/v$.,use the refractive-index relation n=c/v,Semantic and physical interpretation,,,,Execute,D2,Paragraph or micro-example,Atomic,false,,Inline paragraph or micro-example,true,false,,1,false,Medium,true,Rule-based taxonomy v2; corpus-level model review and spot checks,
P212-0713,M5,2026-07-28-HW-7,2026-07-28,HW-7,Homework,Problem-3.md,Problem lesson,3,Counting Wavelengths in a Refractive Medium,212-M5-016,MTH212.M5.16,1,1,3,21,M5/2026-07-28-HW-7/Lessons/Problem-3.md,/Users/jake/Developer/study/vault/212/M5/2026-07-28-HW-7/Lessons/Problem-3.md,Factor a common symbolic multiplier from a difference.,factor a common symbolic multiplier from a difference,Mathematical technique,,Algebra and formula manipulation,,Recall,D2,Paragraph or micro-example,Atomic,false,,Inline paragraph or micro-example,false,false,,1,false,High,false,Rule-based taxonomy v2; corpus-level model review and spot checks,
P212-0714,M5,2026-07-28-HW-7,2026-07-28,HW-7,Homework,Problem-4.md,Problem lesson,4,Doppler Shift from a Moving Sound Source,212-M5-017,MTH212.M5.17,1,1,1,20,M5/2026-07-28-HW-7/Lessons/Problem-4.md,/Users/jake/Developer/study/vault/212/M5/2026-07-28-HW-7/Lessons/Problem-4.md,Use the wave relation $c=f\lambda$ for sound traveling at speed $c$.,use the wave relation c=f\lambda for sound traveling at speed c,"Physics concept, law, or relation",,,Kinematics | Waves and sound,Execute,D2,Paragraph or micro-example,Atomic,false,,Inline paragraph or micro-example,true,false,,1,false,Medium,true,Rule-based taxonomy v2; corpus-level model review and spot checks,
P212-0715,M5,2026-07-28-HW-7,2026-07-28,HW-7,Homework,Problem-4.md,Problem lesson,4,Doppler Shift from a Moving Sound Source,212-M5-017,MTH212.M5.17,1,1,2,21,M5/2026-07-28-HW-7/Lessons/Problem-4.md,/Users/jake/Developer/study/vault/212/M5/2026-07-28-HW-7/Lessons/Problem-4.md,Interpret frequency as the number of wave crests arriving per unit time.,interpret frequency as the number of wave crests arriving per unit time,Semantic and physical interpretation,"Measurement and computation | Physics concept, law, or relation",,Waves and sound,Interpret,D2,Paragraph or micro-example,Atomic,false,,Inline paragraph or micro-example,false,false,,1,false,Medium,true,Rule-based taxonomy v2; corpus-level model review and spot checks,
P212-0716,M5,2026-07-28-HW-7,2026-07-28,HW-7,Homework,Problem-4.md,Problem lesson,4,Doppler Shift from a Moving Sound Source,212-M5-017,MTH212.M5.17,1,1,3,22,M5/2026-07-28-HW-7/Lessons/Problem-4.md,/Users/jake/Developer/study/vault/212/M5/2026-07-28-HW-7/Lessons/Problem-4.md,Recognize that “toward” decreases a distance while “away” increases it.,recognize that “toward” decreases a distance while “away” increases it,Semantic and physical interpretation,,,,Recognize,D1,Retrieval cue,Atomic,false,,Inline reminder,false,false,,1,false,High,false,Rule-based taxonomy v2; corpus-level model review and spot checks,
P212-0717,M5,2026-07-28-HW-7,2026-07-28,HW-7,Homework,Problem-5.md,Problem lesson,5,Hearing an Echo as a Moving Observer,212-M5-018,MTH212.M5.18,1,1,1,19,M5/2026-07-28-HW-7/Lessons/Problem-5.md,/Users/jake/Developer/study/vault/212/M5/2026-07-28-HW-7/Lessons/Problem-5.md,Distinguish a wave's source from the observer who receives it.,distinguish a wave's source from the observer who receives it,Semantic and physical interpretation,"Physics concept, law, or relation",,Waves and sound,Interpret,D2,Paragraph or micro-example,Atomic,false,,Inline paragraph or micro-example,false,false,,1,false,High,false,Rule-based taxonomy v2; corpus-level model review and spot checks,
P212-0718,M5,2026-07-28-HW-7,2026-07-28,HW-7,Homework,Problem-5.md,Problem lesson,5,Hearing an Echo as a Moving Observer,212-M5-018,MTH212.M5.18,1,1,2,20,M5/2026-07-28-HW-7/Lessons/Problem-5.md,/Users/jake/Developer/study/vault/212/M5/2026-07-28-HW-7/Lessons/Problem-5.md,Interpret frequency as the number of wave crests received per second.,interpret frequency as the number of wave crests received per second,Semantic and physical interpretation,"Physics concept, law, or relation",,Waves and sound,Interpret,D2,Paragraph or micro-example,Atomic,false,,Inline paragraph or micro-example,false,false,,1,false,High,false,Rule-based taxonomy v2; corpus-level model review and spot checks,
P212-0719,M5,2026-07-28-HW-7,2026-07-28,HW-7,Homework,Problem-5.md,Problem lesson,5,Hearing an Echo as a Moving Observer,212-M5-018,MTH212.M5.18,1,1,3,21,M5/2026-07-28-HW-7/Lessons/Problem-5.md,/Users/jake/Developer/study/vault/212/M5/2026-07-28-HW-7/Lessons/Problem-5.md,Compare a positive factor with $1$.,compare a positive factor with 1,Mathematical technique,,Algebra and formula manipulation,,Execute,D2,Paragraph or micro-example,Atomic,false,,Inline paragraph or micro-example,true,false,,1,false,High,false,Rule-based taxonomy v2; corpus-level model review and spot checks,
P212-0720,M5,2026-07-28-HW-7,2026-07-28,HW-7,Homework,Problem-6.md,Problem lesson,6,Comparing Sound Levels for Spherical and Tube Spreading,212-M5-019,MTH212.M5.19,1,1,1,19,M5/2026-07-28-HW-7/Lessons/Problem-6.md,/Users/jake/Developer/study/vault/212/M5/2026-07-28-HW-7/Lessons/Problem-6.md,Use intensity as power per area: $I=P/A$.,use intensity as power per area: i=p/a,"Physics concept, law, or relation",Mathematical technique,Geometry and trigonometry,Waves and sound,Execute,D2,Paragraph or micro-example,Atomic,false,,Inline paragraph or micro-example,true,false,,1,false,Medium,true,Rule-based taxonomy v2; corpus-level model review and spot checks,
P212-0721,M5,2026-07-28-HW-7,2026-07-28,HW-7,Homework,Problem-6.md,Problem lesson,6,Comparing Sound Levels for Spherical and Tube Spreading,212-M5-019,MTH212.M5.19,1,1,2,20,M5/2026-07-28-HW-7/Lessons/Problem-6.md,/Users/jake/Developer/study/vault/212/M5/2026-07-28-HW-7/Lessons/Problem-6.md,Recall the areas $4\pi d^2$ for a sphere of radius $d$ and $\pi r^2$ for a circle of radius $r$.,recall the areas 4\pi d^2 for a sphere of radius d and \pi r^2 for a circle of radius r,Mathematical technique,,Geometry and trigonometry,,Recall,D2,Paragraph or micro-example,Atomic,false,,Inline paragraph or micro-example,true,false,,1,false,High,false,Rule-based taxonomy v2; corpus-level model review and spot checks,
P212-0722,M5,2026-07-28-HW-7,2026-07-28,HW-7,Homework,Problem-6.md,Problem lesson,6,Comparing Sound Levels for Spherical and Tube Spreading,212-M5-019,MTH212.M5.19,1,1,3,21,M5/2026-07-28-HW-7/Lessons/Problem-6.md,/Users/jake/Developer/study/vault/212/M5/2026-07-28-HW-7/Lessons/Problem-6.md,Use $\beta=(10\ \mathrm{dB})\log_{10}(I/I_0)$ and the power rule $\log_{10}(x^a)=a\log_{10}x$.,use \beta=(10\ db)\log10(i/i0) and the power rule \log10(x^a)=a\log10x,Mathematical technique,,Calculus,,Execute,D3,Short focused lesson,Compound,false,,Short prerequisite lesson,true,false,,1,false,Medium,true,Rule-based taxonomy v2; corpus-level model review and spot checks,Potentially compound prerequisite; consider splitting
P212-0723,M5,2026-07-28-HW-7,2026-07-28,HW-7,Homework,Problem-7.md,Problem lesson,7,Reading a Wave's Direction from Its Phase,212-M5-020,MTH212.M5.20,1,1,1,19,M5/2026-07-28-HW-7/Lessons/Problem-7.md,/Users/jake/Developer/study/vault/212/M5/2026-07-28-HW-7/Lessons/Problem-7.md,Solve a linear equation for $x$.,solve a linear equation for x,Mathematical technique,,Algebra and formula manipulation,,Execute,D2,Paragraph or micro-example,Atomic,false,,Inline paragraph or micro-example,true,false,,1,false,High,false,Rule-based taxonomy v2; corpus-level model review and spot checks,
P212-0724,M5,2026-07-28-HW-7,2026-07-28,HW-7,Homework,Problem-7.md,Problem lesson,7,Reading a Wave's Direction from Its Phase,212-M5-020,MTH212.M5.20,1,1,2,20,M5/2026-07-28-HW-7/Lessons/Problem-7.md,/Users/jake/Developer/study/vault/212/M5/2026-07-28-HW-7/Lessons/Problem-7.md,Interpret positive motion as travel toward increasing $x$ and negative motion as travel toward decreasing $x$.,interpret positive motion as travel toward increasing x and negative motion as travel toward decreasing x,Semantic and physical interpretation,"Physics concept, law, or relation",,Kinematics,Interpret,D2,Paragraph or micro-example,Atomic,false,,Inline paragraph or micro-example,true,false,,1,false,High,false,Rule-based taxonomy v2; corpus-level model review and spot checks,
P212-0725,M5,2026-07-28-HW-7,2026-07-28,HW-7,Homework,Problem-8.md,Problem lesson,8,Time for a Traveling Wave to Move One Wavelength,212-M5-021,MTH212.M5.21,1,1,1,20,M5/2026-07-28-HW-7/Lessons/Problem-8.md,/Users/jake/Developer/study/vault/212/M5/2026-07-28-HW-7/Lessons/Problem-8.md,Recognize coefficients in an expression of the form $A\sin(kx-\omega t+\phi)$.,recognize coefficients in an expression of the form a\sin(kx-\omega t+\phi),"Physics concept, law, or relation",Mathematical technique,Algebra and formula manipulation | Geometry and trigonometry,Circular and rotational motion,Recognize,D2,Paragraph or micro-example,Atomic,false,,Inline paragraph or micro-example,true,false,,1,false,High,false,Rule-based taxonomy v2; corpus-level model review and spot checks,
P212-0726,M5,2026-07-28-HW-7,2026-07-28,HW-7,Homework,Problem-8.md,Problem lesson,8,Time for a Traveling Wave to Move One Wavelength,212-M5-021,MTH212.M5.21,1,1,2,21,M5/2026-07-28-HW-7/Lessons/Problem-8.md,/Users/jake/Developer/study/vault/212/M5/2026-07-28-HW-7/Lessons/Problem-8.md,Know that sine and cosine complete one cycle after a phase change of $2\pi$ radians.,know that sine and cosine complete one cycle after a phase change of 2\pi radians,Mathematical technique,Model condition or reference choice,Geometry and trigonometry,,Recall,D2,Paragraph or micro-example,Atomic,true,Angle-unit or calculator-mode convention,Inline paragraph or micro-example,true,false,,1,false,High,false,Rule-based taxonomy v2; corpus-level model review and spot checks,
P212-0727,M5,2026-07-28-HW-7,2026-07-28,HW-7,Homework,Problem-8.md,Problem lesson,8,Time for a Traveling Wave to Move One Wavelength,212-M5-021,MTH212.M5.21,1,1,3,22,M5/2026-07-28-HW-7/Lessons/Problem-8.md,/Users/jake/Developer/study/vault/212/M5/2026-07-28-HW-7/Lessons/Problem-8.md,Simplify a quotient while keeping track of units.,simplify a quotient while keeping track of units,Mathematical technique,Measurement and computation,Algebra and formula manipulation,,Execute,D2,Paragraph or micro-example,Atomic,false,,Inline paragraph or micro-example,false,false,,1,false,High,false,Rule-based taxonomy v2; corpus-level model review and spot checks,
P212-0728,M5,2026-07-28-HW-7,2026-07-28,HW-7,Homework,Problem-9.md,Problem lesson,9,Finding the Maximum Speed of a String Element,212-M5-022,MTH212.M5.22,1,1,1,19,M5/2026-07-28-HW-7/Lessons/Problem-9.md,/Users/jake/Developer/study/vault/212/M5/2026-07-28-HW-7/Lessons/Problem-9.md,Differentiate sine and cosine with the chain rule.,differentiate sine and cosine with the chain rule,Mathematical technique,,Geometry and trigonometry | Calculus,,Execute,D3,Short focused lesson,Atomic,false,,Short prerequisite lesson,false,false,,1,false,High,false,Rule-based taxonomy v2; corpus-level model review and spot checks,
P212-0729,M5,2026-07-28-HW-7,2026-07-28,HW-7,Homework,Problem-9.md,Problem lesson,9,Finding the Maximum Speed of a String Element,212-M5-022,MTH212.M5.22,1,1,2,20,M5/2026-07-28-HW-7/Lessons/Problem-9.md,/Users/jake/Developer/study/vault/212/M5/2026-07-28-HW-7/Lessons/Problem-9.md,Use the bounds $|\sin \theta|\leq 1$ and $|\cos \theta|\leq 1$.,use the bounds |\sin \theta|\leq 1 and |\cos \theta|\leq 1,Mathematical technique,,Geometry and trigonometry,,Execute,D2,Paragraph or micro-example,Compound,false,,Inline paragraph or micro-example,true,false,,1,false,Medium,true,Rule-based taxonomy v2; corpus-level model review and spot checks,Potentially compound prerequisite; consider splitting
P212-0730,M5,2026-07-28-HW-7,2026-07-28,HW-7,Homework,Problem-9.md,Problem lesson,9,Finding the Maximum Speed of a String Element,212-M5-022,MTH212.M5.22,1,1,3,21,M5/2026-07-28-HW-7/Lessons/Problem-9.md,/Users/jake/Developer/study/vault/212/M5/2026-07-28-HW-7/Lessons/Problem-9.md,Read amplitude and angular frequency from a traveling-wave equation.,read amplitude and angular frequency from a traveling-wave equation,"Physics concept, law, or relation",Mathematical technique,Algebra and formula manipulation,SHM and pendula | Waves and sound,Recognize,D2,Paragraph or micro-example,Atomic,false,,Inline paragraph or micro-example,false,false,,1,false,High,false,Rule-based taxonomy v2; corpus-level model review and spot checks,
P212-0731,M5,2026-07-28-HW-7,2026-07-28,HW-7,Homework,Problem-10.md,Problem lesson,10,Finding Wave Speed from a Traveling-Wave Equation,212-M5-023,MTH212.M5.23,1,1,1,19,M5/2026-07-28-HW-7/Lessons/Problem-10.md,/Users/jake/Developer/study/vault/212/M5/2026-07-28-HW-7/Lessons/Problem-10.md,Identify the numerical coefficient of a variable in an expression.,identify the numerical coefficient of a variable in an expression,Mathematical technique,,Algebra and formula manipulation,,Recognize,D2,Paragraph or micro-example,Atomic,false,,Inline paragraph or micro-example,false,false,,1,false,High,false,Rule-based taxonomy v2; corpus-level model review and spot checks,
P212-0732,M5,2026-07-28-HW-7,2026-07-28,HW-7,Homework,Problem-10.md,Problem lesson,10,Finding Wave Speed from a Traveling-Wave Equation,212-M5-023,MTH212.M5.23,1,1,2,20,M5/2026-07-28-HW-7/Lessons/Problem-10.md,/Users/jake/Developer/study/vault/212/M5/2026-07-28-HW-7/Lessons/Problem-10.md,Divide positive decimals.,divide positive decimals,Mathematical technique,,Numeracy and arithmetic,,Execute,D2,Paragraph or micro-example,Atomic,false,,Inline paragraph or micro-example,false,false,,1,false,High,false,Rule-based taxonomy v2; corpus-level model review and spot checks,
P212-0733,M5,2026-07-28-M5-3,2026-07-28,M5-3,Lecture,Problem-1.md,Problem lesson,1,Finding Distance From Sound Intensity,212-M5-024,MTH212.M5.24,1,1,1,20,M5/2026-07-28-M5-3/Lessons/Problem-1.md,/Users/jake/Developer/study/vault/212/M5/2026-07-28-M5-3/Lessons/Problem-1.md,Substitute values into an equation while keeping subscripts paired.,substitute values into an equation while keeping subscripts paired,Mathematical technique,,Algebra and formula manipulation,,Execute,D2,Paragraph or micro-example,Atomic,false,,Inline paragraph or micro-example,false,false,,1,false,High,false,Rule-based taxonomy v2; corpus-level model review and spot checks,
P212-0734,M5,2026-07-28-M5-3,2026-07-28,M5-3,Lecture,Problem-1.md,Problem lesson,1,Finding Distance From Sound Intensity,212-M5-024,MTH212.M5.24,1,1,2,21,M5/2026-07-28-M5-3/Lessons/Problem-1.md,/Users/jake/Developer/study/vault/212/M5/2026-07-28-M5-3/Lessons/Problem-1.md,Isolate a squared variable and take a square root.,isolate a squared variable and take a square root,Mathematical technique,,Numeracy and arithmetic | Algebra and formula manipulation,,Execute,D2,Paragraph or micro-example,Atomic,false,,Inline paragraph or micro-example,false,false,,2,false,High,false,Rule-based taxonomy v2; corpus-level model review and spot checks,
P212-0735,M5,2026-07-28-M5-3,2026-07-28,M5-3,Lecture,Problem-1.md,Problem lesson,1,Finding Distance From Sound Intensity,212-M5-024,MTH212.M5.24,1,1,3,22,M5/2026-07-28-M5-3/Lessons/Problem-1.md,/Users/jake/Developer/study/vault/212/M5/2026-07-28-M5-3/Lessons/Problem-1.md,Round a calculated value to the significant figures supported by measured data.,round a calculated value to the significant figures supported by measured data,Measurement and computation,,,,Execute,D2,Paragraph or micro-example,Atomic,false,,Inline paragraph or micro-example,false,false,,1,false,High,false,Rule-based taxonomy v2; corpus-level model review and spot checks,
P212-0736,M5,2026-07-28-M5-3,2026-07-28,M5-3,Lecture,Problem-2.md,Problem lesson,2,Sound Intensity at a New Distance,212-M5-025,MTH212.M5.25,1,1,1,19,M5/2026-07-28-M5-3/Lessons/Problem-2.md,/Users/jake/Developer/study/vault/212/M5/2026-07-28-M5-3/Lessons/Problem-2.md,Square a whole number or fraction.,square a whole number or fraction,Mathematical technique,,Numeracy and arithmetic,,Recall,D2,Paragraph or micro-example,Atomic,false,,Inline paragraph or micro-example,false,false,,1,false,High,false,Rule-based taxonomy v2; corpus-level model review and spot checks,
P212-0737,M5,2026-07-28-M5-3,2026-07-28,M5-3,Lecture,Problem-2.md,Problem lesson,2,Sound Intensity at a New Distance,212-M5-025,MTH212.M5.25,1,1,2,20,M5/2026-07-28-M5-3/Lessons/Problem-2.md,/Users/jake/Developer/study/vault/212/M5/2026-07-28-M5-3/Lessons/Problem-2.md,Substitute values into a fraction and simplify.,substitute values into a fraction and simplify,Mathematical technique,,Numeracy and arithmetic | Algebra and formula manipulation,,Execute,D2,Paragraph or micro-example,Atomic,false,,Inline paragraph or micro-example,false,false,,1,false,High,false,Rule-based taxonomy v2; corpus-level model review and spot checks,
P212-0738,M5,2026-07-28-M5-3,2026-07-28,M5-3,Lecture,Problem-2.md,Problem lesson,2,Sound Intensity at a New Distance,212-M5-025,MTH212.M5.25,1,1,3,21,M5/2026-07-28-M5-3/Lessons/Problem-2.md,/Users/jake/Developer/study/vault/212/M5/2026-07-28-M5-3/Lessons/Problem-2.md,Recognize sound intensity units of $\mathrm{W/m^2}$.,recognize sound intensity units of w/m^2,"Physics concept, law, or relation",Measurement and computation,,Waves and sound,Recognize,D1,Retrieval cue,Atomic,false,,Inline reminder,true,false,,1,false,High,false,Rule-based taxonomy v2; corpus-level model review and spot checks,
P212-0739,M5,2026-07-28-M5-3,2026-07-28,M5-3,Lecture,Problem-3.md,Problem lesson,3,Scaling Sound Intensity With the Inverse-Square Law,212-M5-026,MTH212.M5.26,1,1,1,19,M5/2026-07-28-M5-3/Lessons/Problem-3.md,/Users/jake/Developer/study/vault/212/M5/2026-07-28-M5-3/Lessons/Problem-3.md,Form a ratio from two distances measured in the same units.,form a ratio from two distances measured in the same units,Mathematical technique,Measurement and computation,Ratios and proportional reasoning,,Recall,D2,Paragraph or micro-example,Atomic,false,,Inline paragraph or micro-example,false,false,,1,false,High,false,Rule-based taxonomy v2; corpus-level model review and spot checks,
P212-0740,M5,2026-07-28-M5-3,2026-07-28,M5-3,Lecture,Problem-3.md,Problem lesson,3,Scaling Sound Intensity With the Inverse-Square Law,212-M5-026,MTH212.M5.26,1,1,2,20,M5/2026-07-28-M5-3/Lessons/Problem-3.md,/Users/jake/Developer/study/vault/212/M5/2026-07-28-M5-3/Lessons/Problem-3.md,Square a fraction or decimal.,square a fraction or decimal,Mathematical technique,,Numeracy and arithmetic,,Recall,D2,Paragraph or micro-example,Atomic,false,,Inline paragraph or micro-example,false,false,,1,false,High,false,Rule-based taxonomy v2; corpus-level model review and spot checks,
P212-0741,M5,2026-07-28-M5-3,2026-07-28,M5-3,Lecture,Problem-3.md,Problem lesson,3,Scaling Sound Intensity With the Inverse-Square Law,212-M5-026,MTH212.M5.26,1,1,3,21,M5/2026-07-28-M5-3/Lessons/Problem-3.md,/Users/jake/Developer/study/vault/212/M5/2026-07-28-M5-3/Lessons/Problem-3.md,Interpret $\mathrm{W/m^2}$ as a unit of sound intensity.,interpret w/m^2 as a unit of sound intensity,Semantic and physical interpretation,"Measurement and computation | Physics concept, law, or relation",,Waves and sound,Interpret,D2,Paragraph or micro-example,Atomic,false,,Inline paragraph or micro-example,true,false,,1,false,Medium,true,Rule-based taxonomy v2; corpus-level model review and spot checks,
P212-0742,M5,2026-07-28-M5-3,2026-07-28,M5-3,Lecture,Problem-4.md,Problem lesson,4,Combining Equal Independent Sound Sources in Decibels,212-M5-027,MTH212.M5.27,1,1,1,19,M5/2026-07-28-M5-3/Lessons/Problem-4.md,/Users/jake/Developer/study/vault/212/M5/2026-07-28-M5-3/Lessons/Problem-4.md,Evaluate a base-$10$ logarithm with a calculator.,evaluate a base-10 logarithm with a calculator,Measurement and computation,,,,Execute,D3,Short focused lesson,Atomic,false,,Short prerequisite lesson,true,false,,1,false,High,false,Rule-based taxonomy v2; corpus-level model review and spot checks,
P212-0743,M5,2026-07-28-M5-3,2026-07-28,M5-3,Lecture,Problem-4.md,Problem lesson,4,Combining Equal Independent Sound Sources in Decibels,212-M5-027,MTH212.M5.27,1,1,2,20,M5/2026-07-28-M5-3/Lessons/Problem-4.md,/Users/jake/Developer/study/vault/212/M5/2026-07-28-M5-3/Lessons/Problem-4.md,Distinguish sound intensity $I$ from sound intensity level $\beta$ in decibels.,distinguish sound intensity i from sound intensity level \beta in decibels,Semantic and physical interpretation,"Physics concept, law, or relation",,Waves and sound,Interpret,D3,Short focused lesson,Atomic,false,,Short prerequisite lesson,true,false,,1,false,High,false,Rule-based taxonomy v2; corpus-level model review and spot checks,
P212-0744,M5,2026-07-28-M5-3,2026-07-28,M5-3,Lecture,Problem-4.md,Problem lesson,4,Combining Equal Independent Sound Sources in Decibels,212-M5-027,MTH212.M5.27,1,1,3,21,M5/2026-07-28-M5-3/Lessons/Problem-4.md,/Users/jake/Developer/study/vault/212/M5/2026-07-28-M5-3/Lessons/Problem-4.md,Add the intensities of independent sources.,add the intensities of independent sources,Mathematical technique,,Numeracy and arithmetic,,Execute,D2,Paragraph or micro-example,Atomic,false,,Inline paragraph or micro-example,false,false,,1,false,High,false,Rule-based taxonomy v2; corpus-level model review and spot checks,
P212-0745,M5,2026-07-28-M5-3,2026-07-28,M5-3,Lecture,Problem-5.md,Problem lesson,5,Doppler Shift for a Moving Observer,212-M5-028,MTH212.M5.28,1,1,1,20,M5/2026-07-28-M5-3/Lessons/Problem-5.md,/Users/jake/Developer/study/vault/212/M5/2026-07-28-M5-3/Lessons/Problem-5.md,Distinguish the source of a sound from the observer who hears it.,distinguish the source of a sound from the observer who hears it,Semantic and physical interpretation,"Physics concept, law, or relation",,Waves and sound,Interpret,D2,Paragraph or micro-example,Atomic,false,,Inline paragraph or micro-example,false,false,,1,false,High,false,Rule-based taxonomy v2; corpus-level model review and spot checks,
P212-0746,M5,2026-07-28-M5-3,2026-07-28,M5-3,Lecture,Problem-5.md,Problem lesson,5,Doppler Shift for a Moving Observer,212-M5-028,MTH212.M5.28,1,1,2,21,M5/2026-07-28-M5-3/Lessons/Problem-5.md,/Users/jake/Developer/study/vault/212/M5/2026-07-28-M5-3/Lessons/Problem-5.md,Substitute values into a fraction and evaluate parentheses first.,substitute values into a fraction and evaluate parentheses first,Mathematical technique,,Numeracy and arithmetic | Algebra and formula manipulation,,Execute,D2,Paragraph or micro-example,Atomic,false,,Inline paragraph or micro-example,false,false,,1,false,High,false,Rule-based taxonomy v2; corpus-level model review and spot checks,
P212-0747,M5,2026-07-28-M5-3,2026-07-28,M5-3,Lecture,Problem-5.md,Problem lesson,5,Doppler Shift for a Moving Observer,212-M5-028,MTH212.M5.28,1,1,3,22,M5/2026-07-28-M5-3/Lessons/Problem-5.md,/Users/jake/Developer/study/vault/212/M5/2026-07-28-M5-3/Lessons/Problem-5.md,Round a final measured result to the required significant figures.,round a final measured result to the required significant figures,Measurement and computation,,,,Execute,D2,Paragraph or micro-example,Atomic,false,,Inline paragraph or micro-example,false,false,,1,false,High,false,Rule-based taxonomy v2; corpus-level model review and spot checks,
P212-0748,M5,2026-07-28-M5-3,2026-07-28,M5-3,Lecture,Problem-6.md,Problem lesson,6,Choosing Source Motion for a Doppler Shift,212-M5-029,MTH212.M5.29,1,1,1,20,M5/2026-07-28-M5-3/Lessons/Problem-6.md,/Users/jake/Developer/study/vault/212/M5/2026-07-28-M5-3/Lessons/Problem-6.md,Compare two frequencies written in the same unit.,compare two frequencies written in the same unit,Measurement and computation,,,,Execute,D2,Paragraph or micro-example,Atomic,false,,Inline paragraph or micro-example,false,false,,1,false,High,false,Rule-based taxonomy v2; corpus-level model review and spot checks,
P212-0749,M5,2026-07-28-M5-3,2026-07-28,M5-3,Lecture,Problem-6.md,Problem lesson,6,Choosing Source Motion for a Doppler Shift,212-M5-029,MTH212.M5.29,1,1,2,21,M5/2026-07-28-M5-3/Lessons/Problem-6.md,/Users/jake/Developer/study/vault/212/M5/2026-07-28-M5-3/Lessons/Problem-6.md,Recognize that a higher frequency means a higher pitch and a lower frequency means a lower pitch.,recognize that a higher frequency means a higher pitch and a lower frequency means a lower pitch,Semantic and physical interpretation,"Physics concept, law, or relation",,Waves and sound,Recognize,D1,Retrieval cue,Atomic,false,,Inline reminder,false,false,,1,false,High,false,Rule-based taxonomy v2; corpus-level model review and spot checks,
P212-0750,M5,2026-07-28-M5-3,2026-07-28,M5-3,Lecture,Problem-6.md,Problem lesson,6,Choosing Source Motion for a Doppler Shift,212-M5-029,MTH212.M5.29,1,1,3,22,M5/2026-07-28-M5-3/Lessons/Problem-6.md,/Users/jake/Developer/study/vault/212/M5/2026-07-28-M5-3/Lessons/Problem-6.md,Recognize wavefront spacing as wavelength.,recognize wavefront spacing as wavelength,Representation and spatial literacy,"Physics concept, law, or relation",,Waves and sound,Recognize,D1,Retrieval cue,Atomic,false,,Inline reminder,false,false,,1,false,High,false,Rule-based taxonomy v2; corpus-level model review and spot checks,
P212-0751,M5,2026-07-28-M5-3,2026-07-28,M5-3,Lecture,Problem-7.md,Problem lesson,7,Solving for the Speed of a Receding Sound Source,212-M5-030,MTH212.M5.30,1,1,1,19,M5/2026-07-28-M5-3/Lessons/Problem-7.md,/Users/jake/Developer/study/vault/212/M5/2026-07-28-M5-3/Lessons/Problem-7.md,Distinguish source frequency $f_s$ from observed frequency $f'$.,distinguish source frequency fs from observed frequency f',Semantic and physical interpretation,"Physics concept, law, or relation",,Waves and sound,Interpret,D2,Paragraph or micro-example,Atomic,false,,Inline paragraph or micro-example,true,false,,1,false,High,false,Rule-based taxonomy v2; corpus-level model review and spot checks,
P212-0752,M5,2026-07-28-M5-3,2026-07-28,M5-3,Lecture,Problem-7.md,Problem lesson,7,Solving for the Speed of a Receding Sound Source,212-M5-030,MTH212.M5.30,1,1,2,20,M5/2026-07-28-M5-3/Lessons/Problem-7.md,/Users/jake/Developer/study/vault/212/M5/2026-07-28-M5-3/Lessons/Problem-7.md,Solve a proportion and isolate a variable.,solve a proportion and isolate a variable,Mathematical technique,,Algebra and formula manipulation | Ratios and proportional reasoning,,Execute,D2,Paragraph or micro-example,Atomic,false,,Inline paragraph or micro-example,false,false,,1,false,High,false,Rule-based taxonomy v2; corpus-level model review and spot checks,
P212-0753,M5,2026-07-28-M5-3,2026-07-28,M5-3,Lecture,Problem-7.md,Problem lesson,7,Solving for the Speed of a Receding Sound Source,212-M5-030,MTH212.M5.30,1,1,3,21,M5/2026-07-28-M5-3/Lessons/Problem-7.md,/Users/jake/Developer/study/vault/212/M5/2026-07-28-M5-3/Lessons/Problem-7.md,Form a unitless ratio from frequencies expressed in the same units.,form a unitless ratio from frequencies expressed in the same units,Mathematical technique,Measurement and computation,Ratios and proportional reasoning,,Recall,D2,Paragraph or micro-example,Atomic,false,,Inline paragraph or micro-example,false,false,,1,false,High,false,Rule-based taxonomy v2; corpus-level model review and spot checks,
P212-0754,M5,2026-07-28-M5-3,2026-07-28,M5-3,Lecture,Problem-7.md,Problem lesson,7,Solving for the Speed of a Receding Sound Source,212-M5-030,MTH212.M5.30,1,1,4,22,M5/2026-07-28-M5-3/Lessons/Problem-7.md,/Users/jake/Developer/study/vault/212/M5/2026-07-28-M5-3/Lessons/Problem-7.md,Round a calculated value to the significant figures of the measured givens.,round a calculated value to the significant figures of the measured givens,Measurement and computation,,,,Execute,D2,Paragraph or micro-example,Atomic,false,,Inline paragraph or micro-example,false,false,,1,false,High,false,Rule-based taxonomy v2; corpus-level model review and spot checks,
P212-0755,M5,2026-07-29-M5-4,2026-07-29,M5-4,Lecture,Problem-1.md,Problem lesson,1,Comparing Heard Frequencies for a Moving Sound Source,212-M5-031,MTH212.M5.31,1,1,1,19,M5/2026-07-29-M5-4/Lessons/Problem-1.md,/Users/jake/Developer/study/vault/212/M5/2026-07-29-M5-4/Lessons/Problem-1.md,Frequency determines pitch: a higher frequency means a higher pitch.,frequency determines pitch: a higher frequency means a higher pitch,Semantic and physical interpretation,"Physics concept, law, or relation",,Waves and sound,Recall,D1,Retrieval cue,Atomic,false,,Inline reminder,false,false,,1,false,High,false,Rule-based taxonomy v2; corpus-level model review and spot checks,
P212-0756,M5,2026-07-29-M5-4,2026-07-29,M5-4,Lecture,Problem-1.md,Problem lesson,1,Comparing Heard Frequencies for a Moving Sound Source,212-M5-031,MTH212.M5.31,1,1,2,20,M5/2026-07-29-M5-4/Lessons/Problem-1.md,/Users/jake/Developer/study/vault/212/M5/2026-07-29-M5-4/Lessons/Problem-1.md,"Sound travels as successive compressions, which can be pictured as wavefronts.","sound travels as successive compressions, which can be pictured as wavefronts","Physics concept, law, or relation",,,Waves and sound,Recall,D1,Retrieval cue,Atomic,false,,Inline reminder,false,false,,1,false,High,false,Rule-based taxonomy v2; corpus-level model review and spot checks,
P212-0757,M5,2026-07-29-M5-4,2026-07-29,M5-4,Lecture,Problem-1.md,Problem lesson,1,Comparing Heard Frequencies for a Moving Sound Source,212-M5-031,MTH212.M5.31,1,1,3,21,M5/2026-07-29-M5-4/Lessons/Problem-1.md,/Users/jake/Developer/study/vault/212/M5/2026-07-29-M5-4/Lessons/Problem-1.md,A sound source has an emitted frequency set by how often it produces wavefronts.,a sound source has an emitted frequency set by how often it produces wavefronts,"Physics concept, law, or relation",,,Waves and sound,Recall,D1,Retrieval cue,Atomic,false,,Inline reminder,false,false,,1,false,High,false,Rule-based taxonomy v2; corpus-level model review and spot checks,
P212-0758,M5,2026-07-29-M5-4,2026-07-29,M5-4,Lecture,Problem-2.md,Problem lesson,2,Fundamental Frequency of a Tensioned Wire,212-M5-032,MTH212.M5.32,1,1,1,19,M5/2026-07-29-M5-4/Lessons/Problem-2.md,/Users/jake/Developer/study/vault/212/M5/2026-07-29-M5-4/Lessons/Problem-2.md,Evaluate a square root with a calculator.,evaluate a square root with a calculator,Measurement and computation,Mathematical technique,Numeracy and arithmetic,,Execute,D2,Paragraph or micro-example,Atomic,false,,Inline paragraph or micro-example,false,false,,2,false,High,false,Rule-based taxonomy v2; corpus-level model review and spot checks,
P212-0759,M5,2026-07-29-M5-4,2026-07-29,M5-4,Lecture,Problem-2.md,Problem lesson,2,Fundamental Frequency of a Tensioned Wire,212-M5-032,MTH212.M5.32,1,1,2,20,M5/2026-07-29-M5-4/Lessons/Problem-2.md,/Users/jake/Developer/study/vault/212/M5/2026-07-29-M5-4/Lessons/Problem-2.md,Substitute values into a formula while keeping the denominator grouped.,substitute values into a formula while keeping the denominator grouped,Mathematical technique,,Algebra and formula manipulation,,Execute,D2,Paragraph or micro-example,Atomic,false,,Inline paragraph or micro-example,false,false,,1,false,High,false,Rule-based taxonomy v2; corpus-level model review and spot checks,
P212-0760,M5,2026-07-29-M5-4,2026-07-29,M5-4,Lecture,Problem-2.md,Problem lesson,2,Fundamental Frequency of a Tensioned Wire,212-M5-032,MTH212.M5.32,1,1,3,21,M5/2026-07-29-M5-4/Lessons/Problem-2.md,/Users/jake/Developer/study/vault/212/M5/2026-07-29-M5-4/Lessons/Problem-2.md,Recognize $\mathrm{Hz}=\mathrm{s}^{-1}$ and round a final result to the requested precision.,recognize hz=s^-1 and round a final result to the requested precision,Measurement and computation,,,,Recognize,D2,Paragraph or micro-example,Compound,false,,Inline paragraph or micro-example,true,false,,1,false,Medium,true,Rule-based taxonomy v2; corpus-level model review and spot checks,Potentially compound prerequisite; consider splitting
P212-0761,M5,2026-07-29-M5-4,2026-07-29,M5-4,Lecture,Problem-3.md,Problem lesson,3,Third-Harmonic Frequency of a Wire Tensioned by a Hanging Mass,212-M5-033,MTH212.M5.33,1,1,1,19,M5/2026-07-29-M5-4/Lessons/Problem-3.md,/Users/jake/Developer/study/vault/212/M5/2026-07-29-M5-4/Lessons/Problem-3.md,Use $T=Mg$ for the tension supplied by a stationary hanging mass.,use t=mg for the tension supplied by a stationary hanging mass,"Physics concept, law, or relation",Model condition or reference choice,,Forces and Newtonian dynamics,Execute,D2,Paragraph or micro-example,Atomic,true,Equilibrium or stationary condition,Inline paragraph or micro-example,true,false,,1,false,Medium,true,Rule-based taxonomy v2; corpus-level model review and spot checks,
P212-0762,M5,2026-07-29-M5-4,2026-07-29,M5-4,Lecture,Problem-3.md,Problem lesson,3,Third-Harmonic Frequency of a Wire Tensioned by a Hanging Mass,212-M5-033,MTH212.M5.33,1,1,2,20,M5/2026-07-29-M5-4/Lessons/Problem-3.md,/Users/jake/Developer/study/vault/212/M5/2026-07-29-M5-4/Lessons/Problem-3.md,Compute linear mass density with $\mu=m_w/L$.,compute linear mass density with \mu=mw/l,"Physics concept, law, or relation",,,Center of mass and density,Execute,D1,Retrieval cue,Atomic,false,,Inline reminder,true,false,,2,false,High,false,Rule-based taxonomy v2; corpus-level model review and spot checks,
P212-0763,M5,2026-07-29-M5-4,2026-07-29,M5-4,Lecture,Problem-3.md,Problem lesson,3,Third-Harmonic Frequency of a Wire Tensioned by a Hanging Mass,212-M5-033,MTH212.M5.33,1,1,3,21,M5/2026-07-29-M5-4/Lessons/Problem-3.md,/Users/jake/Developer/study/vault/212/M5/2026-07-29-M5-4/Lessons/Problem-3.md,Recognize that a wire fixed at both ends has $f_n=\dfrac{n}{2L}\sqrt{\dfrac{T}{\mu}}$.,recognize that a wire fixed at both ends has fn=n2lt\mu,"Physics concept, law, or relation",Semantic and physical interpretation | Model condition or reference choice,,Center of mass and density,Recognize,D1,Retrieval cue,Atomic,true,Boundary condition,Inline reminder,true,false,,1,false,Medium,true,Rule-based taxonomy v2; corpus-level model review and spot checks,
P212-0764,M5,2026-07-29-M5-4,2026-07-29,M5-4,Lecture,Problem-3.md,Problem lesson,3,Third-Harmonic Frequency of a Wire Tensioned by a Hanging Mass,212-M5-033,MTH212.M5.33,1,1,4,22,M5/2026-07-29-M5-4/Lessons/Problem-3.md,/Users/jake/Developer/study/vault/212/M5/2026-07-29-M5-4/Lessons/Problem-3.md,Round a calculated result to the significant figures allowed by the measured givens.,round a calculated result to the significant figures allowed by the measured givens,Measurement and computation,,,,Execute,D2,Paragraph or micro-example,Atomic,false,,Inline paragraph or micro-example,false,false,,1,false,High,false,Rule-based taxonomy v2; corpus-level model review and spot checks,
P212-0765,M5,2026-07-29-M5-4,2026-07-29,M5-4,Lecture,Problem-4.md,Problem lesson,4,Third Harmonic of an Open–Closed Pipe,212-M5-034,MTH212.M5.34,1,1,1,19,M5/2026-07-29-M5-4/Lessons/Problem-4.md,/Users/jake/Developer/study/vault/212/M5/2026-07-29-M5-4/Lessons/Problem-4.md,Distinguishing a displacement node from a displacement antinode,distinguishing a displacement node from a displacement antinode,"Physics concept, law, or relation",Representation and spatial literacy,,Waves and sound,Interpret,D1,Retrieval cue,Atomic,false,,Inline reminder,false,false,,1,false,High,false,Rule-based taxonomy v2; corpus-level model review and spot checks,
P212-0766,M5,2026-07-29-M5-4,2026-07-29,M5-4,Lecture,Problem-4.md,Problem lesson,4,Third Harmonic of an Open–Closed Pipe,212-M5-034,MTH212.M5.34,1,1,2,20,M5/2026-07-29-M5-4/Lessons/Problem-4.md,/Users/jake/Developer/study/vault/212/M5/2026-07-29-M5-4/Lessons/Problem-4.md,Using $v=f\lambda$,using v=f\lambda,Semantic and physical interpretation,,,,Execute,D1,Retrieval cue,Atomic,false,,Inline reminder,true,false,,1,false,High,false,Rule-based taxonomy v2; corpus-level model review and spot checks,
P212-0767,M5,2026-07-29-M5-4,2026-07-29,M5-4,Lecture,Problem-4.md,Problem lesson,4,Third Harmonic of an Open–Closed Pipe,212-M5-034,MTH212.M5.34,1,1,3,21,M5/2026-07-29-M5-4/Lessons/Problem-4.md,/Users/jake/Developer/study/vault/212/M5/2026-07-29-M5-4/Lessons/Problem-4.md,Substituting values with units into a formula,substituting values with units into a formula,Mathematical technique,Measurement and computation,Algebra and formula manipulation,,Execute,D2,Paragraph or micro-example,Atomic,false,,Inline paragraph or micro-example,false,false,,1,false,High,false,Rule-based taxonomy v2; corpus-level model review and spot checks,
P212-0768,M5,2026-07-29-M5-4,2026-07-29,M5-4,Lecture,Problem-4.md,Problem lesson,4,Third Harmonic of an Open–Closed Pipe,212-M5-034,MTH212.M5.34,1,1,4,22,M5/2026-07-29-M5-4/Lessons/Problem-4.md,/Users/jake/Developer/study/vault/212/M5/2026-07-29-M5-4/Lessons/Problem-4.md,Rounding to the significant figures set by measured data,rounding to the significant figures set by measured data,Measurement and computation,,,,Execute,D2,Paragraph or micro-example,Atomic,false,,Inline paragraph or micro-example,false,false,,1,false,High,false,Rule-based taxonomy v2; focused corpus QA adjustment,Focused corpus QA adjustment applied
P212-0769,M5,2026-07-29-M5-4,2026-07-29,M5-4,Lecture,Problem-5.md,Problem lesson,5,Fifth Harmonic of an Open–Closed Pipe,212-M5-035,MTH212.M5.35,1,1,1,19,M5/2026-07-29-M5-4/Lessons/Problem-5.md,/Users/jake/Developer/study/vault/212/M5/2026-07-29-M5-4/Lessons/Problem-5.md,Recognize displacement nodes and antinodes in a standing wave.,recognize displacement nodes and antinodes in a standing wave,"Physics concept, law, or relation",,,Waves and sound,Recognize,D1,Retrieval cue,Atomic,false,,Inline reminder,false,false,,1,false,High,false,Rule-based taxonomy v2; corpus-level model review and spot checks,
P212-0770,M5,2026-07-29-M5-4,2026-07-29,M5-4,Lecture,Problem-5.md,Problem lesson,5,Fifth Harmonic of an Open–Closed Pipe,212-M5-035,MTH212.M5.35,1,1,2,20,M5/2026-07-29-M5-4/Lessons/Problem-5.md,/Users/jake/Developer/study/vault/212/M5/2026-07-29-M5-4/Lessons/Problem-5.md,Use the wave-speed relation $v=f\lambda$.,use the wave-speed relation v=f\lambda,"Physics concept, law, or relation",,,Kinematics | Waves and sound,Execute,D2,Paragraph or micro-example,Atomic,false,,Inline paragraph or micro-example,true,false,,1,false,Medium,true,Rule-based taxonomy v2; corpus-level model review and spot checks,
P212-0771,M5,2026-07-29-M5-4,2026-07-29,M5-4,Lecture,Problem-5.md,Problem lesson,5,Fifth Harmonic of an Open–Closed Pipe,212-M5-035,MTH212.M5.35,1,1,3,21,M5/2026-07-29-M5-4/Lessons/Problem-5.md,/Users/jake/Developer/study/vault/212/M5/2026-07-29-M5-4/Lessons/Problem-5.md,Substitute measured quantities with units into a formula.,substitute measured quantities with units into a formula,Mathematical technique,Measurement and computation,Algebra and formula manipulation,,Execute,D2,Paragraph or micro-example,Atomic,false,,Inline paragraph or micro-example,false,false,,1,false,High,false,Rule-based taxonomy v2; corpus-level model review and spot checks,
P212-0772,M5,2026-07-29-M5-4,2026-07-29,M5-4,Lecture,Problem-5.md,Problem lesson,5,Fifth Harmonic of an Open–Closed Pipe,212-M5-035,MTH212.M5.35,1,1,4,22,M5/2026-07-29-M5-4/Lessons/Problem-5.md,/Users/jake/Developer/study/vault/212/M5/2026-07-29-M5-4/Lessons/Problem-5.md,Round a calculated result to the significant figures of the least precise given measurement.,round a calculated result to the significant figures of the least precise given measurement,Measurement and computation,,,,Execute,D2,Paragraph or micro-example,Atomic,false,,Inline paragraph or micro-example,false,false,,1,false,High,false,Rule-based taxonomy v2; corpus-level model review and spot checks,
P212-0773,M5,2026-07-30-M5-5,2026-07-30,M5-5,Lecture,Problem-1.md,Problem lesson,1,Largest Displacement When Two Pulses Overlap,212-M5-036,MTH212.M5.36,1,1,1,19,M5/2026-07-30-M5-5/Lessons/Problem-1.md,/Users/jake/Developer/study/vault/212/M5/2026-07-30-M5-5/Lessons/Problem-1.md,Read a vertical displacement from a graph.,read a vertical displacement from a graph,Representation and spatial literacy,Mathematical technique,Functions and graph reasoning,,Recognize,D2,Paragraph or micro-example,Atomic,false,,Inline paragraph or micro-example,false,false,,1,false,High,false,Rule-based taxonomy v2; corpus-level model review and spot checks,
P212-0774,M5,2026-07-30-M5-5,2026-07-30,M5-5,Lecture,Problem-1.md,Problem lesson,1,Largest Displacement When Two Pulses Overlap,212-M5-036,MTH212.M5.36,1,1,2,20,M5/2026-07-30-M5-5/Lessons/Problem-1.md,/Users/jake/Developer/study/vault/212/M5/2026-07-30-M5-5/Lessons/Problem-1.md,Treat upward displacement as positive and downward displacement as negative.,treat upward displacement as positive and downward displacement as negative,Representation and spatial literacy,,,,Execute,D1,Retrieval cue,Atomic,false,,Inline reminder,false,false,,1,false,High,false,Rule-based taxonomy v2; corpus-level model review and spot checks,
P212-0775,M5,2026-07-30-M5-5,2026-07-30,M5-5,Lecture,Problem-1.md,Problem lesson,1,Largest Displacement When Two Pulses Overlap,212-M5-036,MTH212.M5.36,1,1,3,21,M5/2026-07-30-M5-5/Lessons/Problem-1.md,/Users/jake/Developer/study/vault/212/M5/2026-07-30-M5-5/Lessons/Problem-1.md,Add signed decimals with the same units.,add signed decimals with the same units,Mathematical technique,Measurement and computation | Model condition or reference choice,Numeracy and arithmetic,,Execute,D2,Paragraph or micro-example,Atomic,true,Sign or direction convention,Inline paragraph or micro-example,false,false,,1,false,Medium,true,Rule-based taxonomy v2; corpus-level model review and spot checks,
P212-0776,M5,2026-07-30-M5-5,2026-07-30,M5-5,Lecture,Problem-2.md,Problem lesson,2,Finding Complete Constructive Interference in a Crest Diagram,212-M5-037,MTH212.M5.37,1,1,1,20,M5/2026-07-30-M5-5/Lessons/Problem-2.md,/Users/jake/Developer/study/vault/212/M5/2026-07-30-M5-5/Lessons/Problem-2.md,Recognize wave crests and troughs.,recognize wave crests and troughs,"Physics concept, law, or relation",,,Waves and sound,Recognize,D1,Retrieval cue,Atomic,false,,Inline reminder,false,false,,1,false,High,false,Rule-based taxonomy v2; corpus-level model review and spot checks,
P212-0777,M5,2026-07-30-M5-5,2026-07-30,M5-5,Lecture,Problem-2.md,Problem lesson,2,Finding Complete Constructive Interference in a Crest Diagram,212-M5-037,MTH212.M5.37,1,1,2,21,M5/2026-07-30-M5-5/Lessons/Problem-2.md,/Users/jake/Developer/study/vault/212/M5/2026-07-30-M5-5/Lessons/Problem-2.md,Know that waves with the same phase interfere constructively.,know that waves with the same phase interfere constructively,Semantic and physical interpretation,,,,Recall,D1,Retrieval cue,Atomic,false,,Inline reminder,false,false,,1,false,High,false,Rule-based taxonomy v2; corpus-level model review and spot checks,
P212-0778,M5,2026-07-30-M5-5,2026-07-30,M5-5,Lecture,Problem-3.md,Problem lesson,3,Classifying Interference from Completely Out-of-Phase Sources,212-M5-038,MTH212.M5.38,1,1,1,20,M5/2026-07-30-M5-5/Lessons/Problem-3.md,/Users/jake/Developer/study/vault/212/M5/2026-07-30-M5-5/Lessons/Problem-3.md,"Use $v=f\lambda$ to relate wave speed, frequency, and wavelength.","use v=f\lambda to relate wave speed, frequency, and wavelength","Physics concept, law, or relation",,,Kinematics | Waves and sound,Execute,D2,Paragraph or micro-example,Compound,false,,Inline paragraph or micro-example,true,false,,3,false,Medium,true,Rule-based taxonomy v2; corpus-level model review and spot checks,Potentially compound prerequisite; consider splitting
P212-0779,M5,2026-07-30-M5-5,2026-07-30,M5-5,Lecture,Problem-3.md,Problem lesson,3,Classifying Interference from Completely Out-of-Phase Sources,212-M5-038,MTH212.M5.38,1,1,2,21,M5/2026-07-30-M5-5/Lessons/Problem-3.md,/Users/jake/Developer/study/vault/212/M5/2026-07-30-M5-5/Lessons/Problem-3.md,Find straight-line distances with the Pythagorean theorem.,find straight-line distances with the pythagorean theorem,Mathematical technique,,Geometry and trigonometry,,Execute,D2,Paragraph or micro-example,Atomic,false,,Inline paragraph or micro-example,false,false,,1,false,High,false,Rule-based taxonomy v2; corpus-level model review and spot checks,
P212-0780,M5,2026-07-30-M5-5,2026-07-30,M5-5,Lecture,Problem-3.md,Problem lesson,3,Classifying Interference from Completely Out-of-Phase Sources,212-M5-038,MTH212.M5.38,1,1,3,22,M5/2026-07-30-M5-5/Lessons/Problem-3.md,/Users/jake/Developer/study/vault/212/M5/2026-07-30-M5-5/Lessons/Problem-3.md,"Recognize that a phase difference of $0$ modulo $2\pi$ is in phase, while $\pi$ modulo $2\pi$ is completely out of phase.","recognize that a phase difference of 0 modulo 2\pi is in phase, while \pi modulo 2\pi is completely out of phase","Physics concept, law, or relation",Semantic and physical interpretation,,Interference and diffraction,Recognize,D3,Short focused lesson,Atomic,false,,Short prerequisite lesson,true,false,,1,false,High,false,Rule-based taxonomy v2; corpus-level model review and spot checks,
P212-0781,M5,2026-07-30-M5-5,2026-07-30,M5-5,Lecture,Problem-4.md,Problem lesson,4,Combining Path and Starting Phase Differences,212-M5-039,MTH212.M5.39,1,1,1,20,M5/2026-07-30-M5-5/Lessons/Problem-4.md,/Users/jake/Developer/study/vault/212/M5/2026-07-30-M5-5/Lessons/Problem-4.md,Find the hypotenuse of a right triangle with the Pythagorean theorem.,find the hypotenuse of a right triangle with the pythagorean theorem,Mathematical technique,Representation and spatial literacy,Geometry and trigonometry,,Execute,D2,Paragraph or micro-example,Atomic,false,,Inline paragraph or micro-example,false,false,,1,false,High,false,Rule-based taxonomy v2; corpus-level model review and spot checks,
P212-0782,M5,2026-07-30-M5-5,2026-07-30,M5-5,Lecture,Problem-4.md,Problem lesson,4,Combining Path and Starting Phase Differences,212-M5-039,MTH212.M5.39,1,1,2,21,M5/2026-07-30-M5-5/Lessons/Problem-4.md,/Users/jake/Developer/study/vault/212/M5/2026-07-30-M5-5/Lessons/Problem-4.md,Use $\lambda=v/f$ and recognize that one cycle is $2\pi$ radians.,use \lambda=v/f and recognize that one cycle is 2\pi radians,Semantic and physical interpretation,Model condition or reference choice,,,Execute,D2,Paragraph or micro-example,Compound,true,Angle-unit or calculator-mode convention,Inline paragraph or micro-example,true,false,,1,false,Medium,true,Rule-based taxonomy v2; corpus-level model review and spot checks,Potentially compound prerequisite; consider splitting
P212-0783,M5,2026-07-30-M5-5,2026-07-30,M5-5,Lecture,Problem-4.md,Problem lesson,4,Combining Path and Starting Phase Differences,212-M5-039,MTH212.M5.39,1,1,3,22,M5/2026-07-30-M5-5/Lessons/Problem-4.md,/Users/jake/Developer/study/vault/212/M5/2026-07-30-M5-5/Lessons/Problem-4.md,Evaluate square roots while preserving extra calculator digits until the final answer.,evaluate square roots while preserving extra calculator digits until the final answer,Measurement and computation,Mathematical technique,Numeracy and arithmetic,,Execute,D2,Paragraph or micro-example,Atomic,false,,Inline paragraph or micro-example,false,false,,1,false,High,false,Rule-based taxonomy v2; corpus-level model review and spot checks,
P212-0784,M5,2026-07-30-M5-5,2026-07-30,M5-5,Lecture,Problem-5.md,Problem lesson,5,Finding the First Constructive-Interference Point,212-M5-040,MTH212.M5.40,1,1,1,20,M5/2026-07-30-M5-5/Lessons/Problem-5.md,/Users/jake/Developer/study/vault/212/M5/2026-07-30-M5-5/Lessons/Problem-5.md,Use the wave relation $v=f\lambda$.,use the wave relation v=f\lambda,"Physics concept, law, or relation",,,Waves and sound,Execute,D2,Paragraph or micro-example,Atomic,false,,Inline paragraph or micro-example,true,false,,3,false,Medium,true,Rule-based taxonomy v2; corpus-level model review and spot checks,
P212-0785,M5,2026-07-30-M5-5,2026-07-30,M5-5,Lecture,Problem-5.md,Problem lesson,5,Finding the First Constructive-Interference Point,212-M5-040,MTH212.M5.40,1,1,2,21,M5/2026-07-30-M5-5/Lessons/Problem-5.md,/Users/jake/Developer/study/vault/212/M5/2026-07-30-M5-5/Lessons/Problem-5.md,Find a distance in the coordinate plane with the Pythagorean theorem.,find a distance in the coordinate plane with the pythagorean theorem,Mathematical technique,Representation and spatial literacy,Geometry and trigonometry,,Execute,D2,Paragraph or micro-example,Atomic,false,,Inline paragraph or micro-example,false,false,,1,false,High,false,Rule-based taxonomy v2; corpus-level model review and spot checks,
P212-0786,M5,2026-07-30-M5-5,2026-07-30,M5-5,Lecture,Problem-5.md,Problem lesson,5,Finding the First Constructive-Interference Point,212-M5-040,MTH212.M5.40,1,1,3,22,M5/2026-07-30-M5-5/Lessons/Problem-5.md,/Users/jake/Developer/study/vault/212/M5/2026-07-30-M5-5/Lessons/Problem-5.md,"Solve a radical equation by isolating the square root, squaring, and checking the result.","solve a radical equation by isolating the square root, squaring, and checking the result",Mathematical technique,,Numeracy and arithmetic | Algebra and formula manipulation,,Execute,D3,Short focused lesson,Atomic,false,,Short prerequisite lesson,false,false,,1,false,High,false,Rule-based taxonomy v2; corpus-level model review and spot checks,
P212-0787,M5,2026-07-31-HW-8,2026-07-31,HW-8,Homework,Problem-1.md,Problem lesson,1,Finding the Fundamental Frequency from a Harmonic,212-M5-041,MTH212.M5.41,1,1,1,18,M5/2026-07-31-HW-8/Lessons/Problem-1.md,/Users/jake/Developer/study/vault/212/M5/2026-07-31-HW-8/Lessons/Problem-1.md,"Interpret frequency in hertz, where $1\ \mathrm{Hz}$ means one cycle per second.","interpret frequency in hertz, where 1\ hz means one cycle per second",Semantic and physical interpretation,"Measurement and computation | Physics concept, law, or relation",,Waves and sound,Interpret,D2,Paragraph or micro-example,Atomic,false,,Inline paragraph or micro-example,true,false,,1,false,Medium,true,Rule-based taxonomy v2; corpus-level model review and spot checks,
P212-0788,M5,2026-07-31-HW-8,2026-07-31,HW-8,Homework,Problem-1.md,Problem lesson,1,Finding the Fundamental Frequency from a Harmonic,212-M5-041,MTH212.M5.41,1,1,2,19,M5/2026-07-31-HW-8/Lessons/Problem-1.md,/Users/jake/Developer/study/vault/212/M5/2026-07-31-HW-8/Lessons/Problem-1.md,Multiply and divide positive numbers.,multiply and divide positive numbers,Mathematical technique,,Numeracy and arithmetic,,Execute,D2,Paragraph or micro-example,Compound,false,,Inline paragraph or micro-example,false,false,,1,false,Medium,true,Rule-based taxonomy v2; corpus-level model review and spot checks,Potentially compound prerequisite; consider splitting
P212-0789,M5,2026-07-31-HW-8,2026-07-31,HW-8,Homework,Problem-2.md,Problem lesson,2,Matching Fundamental Frequencies of Open and Closed Tubes,212-M5-042,MTH212.M5.42,1,1,1,20,M5/2026-07-31-HW-8/Lessons/Problem-2.md,/Users/jake/Developer/study/vault/212/M5/2026-07-31-HW-8/Lessons/Problem-2.md,"Use $v=f\lambda$ to relate wave speed, frequency, and wavelength.","use v=f\lambda to relate wave speed, frequency, and wavelength","Physics concept, law, or relation",,,Kinematics | Waves and sound,Execute,D2,Paragraph or micro-example,Compound,false,,Inline paragraph or micro-example,true,false,,3,false,Medium,true,Rule-based taxonomy v2; corpus-level model review and spot checks,Potentially compound prerequisite; consider splitting
P212-0790,M5,2026-07-31-HW-8,2026-07-31,HW-8,Homework,Problem-2.md,Problem lesson,2,Matching Fundamental Frequencies of Open and Closed Tubes,212-M5-042,MTH212.M5.42,1,1,2,21,M5/2026-07-31-HW-8/Lessons/Problem-2.md,/Users/jake/Developer/study/vault/212/M5/2026-07-31-HW-8/Lessons/Problem-2.md,Solve a one-step equation containing fractions.,solve a one-step equation containing fractions,Mathematical technique,,Numeracy and arithmetic | Algebra and formula manipulation,,Execute,D2,Paragraph or micro-example,Atomic,false,,Inline paragraph or micro-example,false,false,,1,false,High,false,Rule-based taxonomy v2; corpus-level model review and spot checks,
P212-0791,M5,2026-07-31-HW-8,2026-07-31,HW-8,Homework,Problem-3.md,Problem lesson,3,Finding Frequency from Adjacent Antinode Spacing,212-M5-043,MTH212.M5.43,1,1,1,19,M5/2026-07-31-HW-8/Lessons/Problem-3.md,/Users/jake/Developer/study/vault/212/M5/2026-07-31-HW-8/Lessons/Problem-3.md,Recognize wavelength $\lambda$ as the distance between repeating points on a wave.,recognize wavelength \lambda as the distance between repeating points on a wave,"Physics concept, law, or relation",,,Waves and sound,Recognize,D1,Retrieval cue,Atomic,false,,Inline reminder,true,false,,1,false,High,false,Rule-based taxonomy v2; corpus-level model review and spot checks,
P212-0792,M5,2026-07-31-HW-8,2026-07-31,HW-8,Homework,Problem-3.md,Problem lesson,3,Finding Frequency from Adjacent Antinode Spacing,212-M5-043,MTH212.M5.43,1,1,2,20,M5/2026-07-31-HW-8/Lessons/Problem-3.md,/Users/jake/Developer/study/vault/212/M5/2026-07-31-HW-8/Lessons/Problem-3.md,Use the wave-speed relation $v=f\lambda$ and solve it as $f=v/\lambda$.,use the wave-speed relation v=f\lambda and solve it as f=v/\lambda,"Physics concept, law, or relation",Mathematical technique,Algebra and formula manipulation,Kinematics | Waves and sound,Execute,D2,Paragraph or micro-example,Compound,false,,Inline paragraph or micro-example,true,false,,1,false,Medium,true,Rule-based taxonomy v2; corpus-level model review and spot checks,Potentially compound prerequisite; consider splitting
P212-0793,M5,2026-07-31-HW-8,2026-07-31,HW-8,Homework,Problem-3.md,Problem lesson,3,Finding Frequency from Adjacent Antinode Spacing,212-M5-043,MTH212.M5.43,1,1,3,21,M5/2026-07-31-HW-8/Lessons/Problem-3.md,/Users/jake/Developer/study/vault/212/M5/2026-07-31-HW-8/Lessons/Problem-3.md,Divide quantities whose length units match.,divide quantities whose length units match,Mathematical technique,Measurement and computation,Numeracy and arithmetic,,Execute,D2,Paragraph or micro-example,Atomic,false,,Inline paragraph or micro-example,false,false,,1,false,High,false,Rule-based taxonomy v2; corpus-level model review and spot checks,
P212-0794,M5,2026-07-31-HW-8,2026-07-31,HW-8,Homework,Problem-4.md,Problem lesson,4,Finding String Tension from a Harmonic Frequency,212-M5-044,MTH212.M5.44,1,1,1,19,M5/2026-07-31-HW-8/Lessons/Problem-4.md,/Users/jake/Developer/study/vault/212/M5/2026-07-31-HW-8/Lessons/Problem-4.md,Recognize that a string fixed at both ends has a node at each end.,recognize that a string fixed at both ends has a node at each end,Representation and spatial literacy,"Semantic and physical interpretation | Physics concept, law, or relation | Model condition or reference choice",,Waves and sound,Recognize,D1,Retrieval cue,Atomic,true,Boundary condition,Inline reminder,false,false,,1,false,Medium,true,Rule-based taxonomy v2; corpus-level model review and spot checks,
P212-0795,M5,2026-07-31-HW-8,2026-07-31,HW-8,Homework,Problem-4.md,Problem lesson,4,Finding String Tension from a Harmonic Frequency,212-M5-044,MTH212.M5.44,1,1,2,20,M5/2026-07-31-HW-8/Lessons/Problem-4.md,/Users/jake/Developer/study/vault/212/M5/2026-07-31-HW-8/Lessons/Problem-4.md,Use $v=f\lambda$ and $\mu=m/l$.,use v=f\lambda and \mu=m/l,"Physics concept, law, or relation",,,Center of mass and density,Execute,D2,Paragraph or micro-example,Compound,false,,Inline paragraph or micro-example,true,false,,1,false,Medium,true,Rule-based taxonomy v2; corpus-level model review and spot checks,Potentially compound prerequisite; consider splitting
P212-0796,M5,2026-07-31-HW-8,2026-07-31,HW-8,Homework,Problem-4.md,Problem lesson,4,Finding String Tension from a Harmonic Frequency,212-M5-044,MTH212.M5.44,1,1,3,21,M5/2026-07-31-HW-8/Lessons/Problem-4.md,/Users/jake/Developer/study/vault/212/M5/2026-07-31-HW-8/Lessons/Problem-4.md,Square a product or fraction.,square a product or fraction,Mathematical technique,,Numeracy and arithmetic,,Recall,D2,Paragraph or micro-example,Atomic,false,,Inline paragraph or micro-example,false,false,,1,false,High,false,Rule-based taxonomy v2; corpus-level model review and spot checks,
P212-0797,M5,2026-08-02-PQ-3,2026-08-02,PQ-3,Practice Quiz,Problem-1.md,Problem lesson,1,Deciding What Changes a Pendulum's Frequency — Version 1: Derivation First,212-M5-045,MTH212.M5.45,1,3,1,19,M5/2026-08-02-PQ-3/Lessons/Problem-1.md,/Users/jake/Developer/study/vault/212/M5/2026-08-02-PQ-3/Lessons/Problem-1.md,"Apply Newton's second law, $F=ma$.","apply newton's second law, f=ma","Physics concept, law, or relation",,,Forces and Newtonian dynamics,Execute,D3,Short focused lesson,Atomic,false,,Short prerequisite lesson,true,false,,2,true,High,true,Rule-based taxonomy v2; corpus-level model review and spot checks,File contains 3 authored prerequisite sections; all variants preserved
P212-0798,M5,2026-08-02-PQ-3,2026-08-02,PQ-3,Practice Quiz,Problem-1.md,Problem lesson,1,Deciding What Changes a Pendulum's Frequency — Version 1: Derivation First,212-M5-045,MTH212.M5.45,1,3,2,20,M5/2026-08-02-PQ-3/Lessons/Problem-1.md,/Users/jake/Developer/study/vault/212/M5/2026-08-02-PQ-3/Lessons/Problem-1.md,Recognize the SHM relation $a=-\omega^2x$.,recognize the shm relation a=-\omega^2x,"Physics concept, law, or relation",,,Circular and rotational motion | SHM and pendula,Recognize,D3,Short focused lesson,Atomic,false,,Short prerequisite lesson,true,false,,2,true,High,true,Rule-based taxonomy v2; corpus-level model review and spot checks,File contains 3 authored prerequisite sections; all variants preserved
P212-0799,M5,2026-08-02-PQ-3,2026-08-02,PQ-3,Practice Quiz,Problem-1.md,Problem lesson,1,Deciding What Changes a Pendulum's Frequency — Version 1: Derivation First,212-M5-045,MTH212.M5.45,1,3,3,21,M5/2026-08-02-PQ-3/Lessons/Problem-1.md,/Users/jake/Developer/study/vault/212/M5/2026-08-02-PQ-3/Lessons/Problem-1.md,Use $f=\omega/(2\pi)$.,use f=\omega/(2\pi),"Physics concept, law, or relation",,,Circular and rotational motion,Execute,D2,Paragraph or micro-example,Atomic,false,,Inline paragraph or micro-example,true,false,,2,true,Medium,true,Rule-based taxonomy v2; corpus-level model review and spot checks,File contains 3 authored prerequisite sections; all variants preserved
P212-0800,M5,2026-08-02-PQ-3,2026-08-02,PQ-3,Practice Quiz,Problem-1.md,Problem lesson,1,Deciding What Changes a Pendulum's Frequency — Version 1: Derivation First,212-M5-045,MTH212.M5.45,1,3,4,22,M5/2026-08-02-PQ-3/Lessons/Problem-1.md,/Users/jake/Developer/study/vault/212/M5/2026-08-02-PQ-3/Lessons/Problem-1.md,Use the small-angle approximation $\sin\theta\approx\theta$.,use the small-angle approximation \sin\theta\approx\theta,Mathematical technique,Model condition or reference choice,Geometry and trigonometry,,Execute,D3,Short focused lesson,Atomic,true,Small-angle approximation,Short prerequisite lesson,true,false,,2,true,Medium,true,Rule-based taxonomy v2; corpus-level model review and spot checks,File contains 3 authored prerequisite sections; all variants preserved
P212-0801,M5,2026-08-02-PQ-3,2026-08-02,PQ-3,Practice Quiz,Problem-1.md,Problem lesson,1,Deciding What Changes a Pendulum's Frequency — Version 1: Derivation First,212-M5-045,MTH212.M5.45,1,3,5,23,M5/2026-08-02-PQ-3/Lessons/Problem-1.md,/Users/jake/Developer/study/vault/212/M5/2026-08-02-PQ-3/Lessons/Problem-1.md,Compare quantities using a ratio.,compare quantities using a ratio,Mathematical technique,,Ratios and proportional reasoning,,Execute,D2,Paragraph or micro-example,Atomic,false,,Inline paragraph or micro-example,false,false,,3,true,High,true,Rule-based taxonomy v2; corpus-level model review and spot checks,File contains 3 authored prerequisite sections; all variants preserved
P212-0802,M5,2026-08-02-PQ-3,2026-08-02,PQ-3,Practice Quiz,Problem-1.md,Problem lesson,1,Deciding What Changes a Pendulum's Frequency — Version 1: Derivation First,212-M5-045,MTH212.M5.45,1,3,6,24,M5/2026-08-02-PQ-3/Lessons/Problem-1.md,/Users/jake/Developer/study/vault/212/M5/2026-08-02-PQ-3/Lessons/Problem-1.md,Simplify square roots.,simplify square roots,Mathematical technique,,Numeracy and arithmetic | Algebra and formula manipulation,,Execute,D2,Paragraph or micro-example,Atomic,false,,Inline paragraph or micro-example,false,false,,2,true,High,true,Rule-based taxonomy v2; corpus-level model review and spot checks,File contains 3 authored prerequisite sections; all variants preserved
P212-0803,M5,2026-08-02-PQ-3,2026-08-02,PQ-3,Practice Quiz,Problem-1.md,Problem lesson,1,Deciding What Changes a Pendulum's Frequency — Version 1: Derivation First,212-M5-045,MTH212.M5.45,2,3,1,480,M5/2026-08-02-PQ-3/Lessons/Problem-1.md,/Users/jake/Developer/study/vault/212/M5/2026-08-02-PQ-3/Lessons/Problem-1.md,Read which variables appear in a formula.,read which variables appear in a formula,Semantic and physical interpretation,,,,Recognize,D2,Paragraph or micro-example,Atomic,false,,Inline paragraph or micro-example,false,false,,1,false,High,true,Rule-based taxonomy v2; corpus-level model review and spot checks,File contains 3 authored prerequisite sections; all variants preserved
P212-0804,M5,2026-08-02-PQ-3,2026-08-02,PQ-3,Practice Quiz,Problem-1.md,Problem lesson,1,Deciding What Changes a Pendulum's Frequency — Version 1: Derivation First,212-M5-045,MTH212.M5.45,2,3,2,481,M5/2026-08-02-PQ-3/Lessons/Problem-1.md,/Users/jake/Developer/study/vault/212/M5/2026-08-02-PQ-3/Lessons/Problem-1.md,Compare quantities using a ratio.,compare quantities using a ratio,Mathematical technique,,Ratios and proportional reasoning,,Execute,D2,Paragraph or micro-example,Atomic,false,,Inline paragraph or micro-example,false,false,,3,true,High,true,Rule-based taxonomy v2; corpus-level model review and spot checks,File contains 3 authored prerequisite sections; all variants preserved
P212-0805,M5,2026-08-02-PQ-3,2026-08-02,PQ-3,Practice Quiz,Problem-1.md,Problem lesson,1,Deciding What Changes a Pendulum's Frequency — Version 1: Derivation First,212-M5-045,MTH212.M5.45,2,3,3,482,M5/2026-08-02-PQ-3/Lessons/Problem-1.md,/Users/jake/Developer/study/vault/212/M5/2026-08-02-PQ-3/Lessons/Problem-1.md,Simplify square roots such as $\sqrt{1/4}=1/2$.,simplify square roots such as 1/4=1/2,Mathematical technique,,Numeracy and arithmetic | Algebra and formula manipulation,,Execute,D2,Paragraph or micro-example,Atomic,false,,Inline paragraph or micro-example,true,false,,1,false,High,true,Rule-based taxonomy v2; corpus-level model review and spot checks,File contains 3 authored prerequisite sections; all variants preserved
P212-0806,M5,2026-08-02-PQ-3,2026-08-02,PQ-3,Practice Quiz,Problem-1.md,Problem lesson,1,Deciding What Changes a Pendulum's Frequency — Version 1: Derivation First,212-M5-045,MTH212.M5.45,3,3,1,720,M5/2026-08-02-PQ-3/Lessons/Problem-1.md,/Users/jake/Developer/study/vault/212/M5/2026-08-02-PQ-3/Lessons/Problem-1.md,"Apply Newton's second law, $F=ma$.","apply newton's second law, f=ma","Physics concept, law, or relation",,,Forces and Newtonian dynamics,Execute,D3,Short focused lesson,Atomic,false,,Short prerequisite lesson,true,false,,2,true,High,true,Rule-based taxonomy v2; corpus-level model review and spot checks,File contains 3 authored prerequisite sections; all variants preserved
P212-0807,M5,2026-08-02-PQ-3,2026-08-02,PQ-3,Practice Quiz,Problem-1.md,Problem lesson,1,Deciding What Changes a Pendulum's Frequency — Version 1: Derivation First,212-M5-045,MTH212.M5.45,3,3,2,721,M5/2026-08-02-PQ-3/Lessons/Problem-1.md,/Users/jake/Developer/study/vault/212/M5/2026-08-02-PQ-3/Lessons/Problem-1.md,Recognize the SHM relation $a=-\omega^2x$.,recognize the shm relation a=-\omega^2x,"Physics concept, law, or relation",,,Circular and rotational motion | SHM and pendula,Recognize,D3,Short focused lesson,Atomic,false,,Short prerequisite lesson,true,false,,2,true,High,true,Rule-based taxonomy v2; corpus-level model review and spot checks,File contains 3 authored prerequisite sections; all variants preserved
P212-0808,M5,2026-08-02-PQ-3,2026-08-02,PQ-3,Practice Quiz,Problem-1.md,Problem lesson,1,Deciding What Changes a Pendulum's Frequency — Version 1: Derivation First,212-M5-045,MTH212.M5.45,3,3,3,722,M5/2026-08-02-PQ-3/Lessons/Problem-1.md,/Users/jake/Developer/study/vault/212/M5/2026-08-02-PQ-3/Lessons/Problem-1.md,Use $f=\omega/(2\pi)$.,use f=\omega/(2\pi),"Physics concept, law, or relation",,,Circular and rotational motion,Execute,D2,Paragraph or micro-example,Atomic,false,,Inline paragraph or micro-example,true,false,,2,true,Medium,true,Rule-based taxonomy v2; corpus-level model review and spot checks,File contains 3 authored prerequisite sections; all variants preserved
P212-0809,M5,2026-08-02-PQ-3,2026-08-02,PQ-3,Practice Quiz,Problem-1.md,Problem lesson,1,Deciding What Changes a Pendulum's Frequency — Version 1: Derivation First,212-M5-045,MTH212.M5.45,3,3,4,723,M5/2026-08-02-PQ-3/Lessons/Problem-1.md,/Users/jake/Developer/study/vault/212/M5/2026-08-02-PQ-3/Lessons/Problem-1.md,Use the small-angle approximation $\sin\theta\approx\theta$.,use the small-angle approximation \sin\theta\approx\theta,Mathematical technique,Model condition or reference choice,Geometry and trigonometry,,Execute,D3,Short focused lesson,Atomic,true,Small-angle approximation,Short prerequisite lesson,true,false,,2,true,Medium,true,Rule-based taxonomy v2; corpus-level model review and spot checks,File contains 3 authored prerequisite sections; all variants preserved
P212-0810,M5,2026-08-02-PQ-3,2026-08-02,PQ-3,Practice Quiz,Problem-1.md,Problem lesson,1,Deciding What Changes a Pendulum's Frequency — Version 1: Derivation First,212-M5-045,MTH212.M5.45,3,3,5,724,M5/2026-08-02-PQ-3/Lessons/Problem-1.md,/Users/jake/Developer/study/vault/212/M5/2026-08-02-PQ-3/Lessons/Problem-1.md,Compare quantities using a ratio.,compare quantities using a ratio,Mathematical technique,,Ratios and proportional reasoning,,Execute,D2,Paragraph or micro-example,Atomic,false,,Inline paragraph or micro-example,false,false,,3,true,High,true,Rule-based taxonomy v2; corpus-level model review and spot checks,File contains 3 authored prerequisite sections; all variants preserved
P212-0811,M5,2026-08-02-PQ-3,2026-08-02,PQ-3,Practice Quiz,Problem-1.md,Problem lesson,1,Deciding What Changes a Pendulum's Frequency — Version 1: Derivation First,212-M5-045,MTH212.M5.45,3,3,6,725,M5/2026-08-02-PQ-3/Lessons/Problem-1.md,/Users/jake/Developer/study/vault/212/M5/2026-08-02-PQ-3/Lessons/Problem-1.md,Simplify square roots.,simplify square roots,Mathematical technique,,Numeracy and arithmetic | Algebra and formula manipulation,,Execute,D2,Paragraph or micro-example,Atomic,false,,Inline paragraph or micro-example,false,false,,2,true,High,true,Rule-based taxonomy v2; corpus-level model review and spot checks,File contains 3 authored prerequisite sections; all variants preserved
P212-0812,M5,2026-08-02-PQ-3,2026-08-02,PQ-3,Practice Quiz,Problem-2.md,Problem lesson,2,Convert an Intensity Ratio into a Decibel Change,212-M5-046,MTH212.M5.46,1,1,1,18,M5/2026-08-02-PQ-3/Lessons/Problem-2.md,/Users/jake/Developer/study/vault/212/M5/2026-08-02-PQ-3/Lessons/Problem-2.md,Distinguish wave intensity $I$ from intensity level $\beta$ in decibels.,distinguish wave intensity i from intensity level \beta in decibels,Semantic and physical interpretation,"Physics concept, law, or relation",,Waves and sound,Interpret,D3,Short focused lesson,Atomic,false,,Short prerequisite lesson,true,false,,1,false,High,false,Rule-based taxonomy v2; corpus-level model review and spot checks,
P212-0813,M5,2026-08-02-PQ-3,2026-08-02,PQ-3,Practice Quiz,Problem-2.md,Problem lesson,2,Convert an Intensity Ratio into a Decibel Change,212-M5-046,MTH212.M5.46,1,1,2,19,M5/2026-08-02-PQ-3/Lessons/Problem-2.md,/Users/jake/Developer/study/vault/212/M5/2026-08-02-PQ-3/Lessons/Problem-2.md,Evaluate a base-$10$ logarithm.,evaluate a base-10 logarithm,Semantic and physical interpretation,,,,Execute,D3,Short focused lesson,Atomic,false,,Short prerequisite lesson,true,false,,1,false,High,false,Rule-based taxonomy v2; corpus-level model review and spot checks,
P212-0814,M5,2026-08-02-PQ-3,2026-08-02,PQ-3,Practice Quiz,Problem-2.md,Problem lesson,2,Convert an Intensity Ratio into a Decibel Change,212-M5-046,MTH212.M5.46,1,1,3,20,M5/2026-08-02-PQ-3/Lessons/Problem-2.md,/Users/jake/Developer/study/vault/212/M5/2026-08-02-PQ-3/Lessons/Problem-2.md,Interpret phrases such as “doubles” as an intensity ratio.,interpret phrases such as “doubles” as an intensity ratio,Semantic and physical interpretation,"Mathematical technique | Physics concept, law, or relation",Ratios and proportional reasoning,Waves and sound,Interpret,D2,Paragraph or micro-example,Atomic,false,,Inline paragraph or micro-example,false,false,,1,false,Medium,true,Rule-based taxonomy v2; corpus-level model review and spot checks,
P212-0815,M5,2026-08-02-PQ-3,2026-08-02,PQ-3,Practice Quiz,Problem-3.md,Problem lesson,3,Classifying Two-Source Interference from Path and Starting Phase,212-M5-047,MTH212.M5.47,1,1,1,19,M5/2026-08-02-PQ-3/Lessons/Problem-3.md,/Users/jake/Developer/study/vault/212/M5/2026-08-02-PQ-3/Lessons/Problem-3.md,Find the distance between two points on a line.,find the distance between two points on a line,Semantic and physical interpretation,,,,Execute,D1,Retrieval cue,Atomic,false,,Inline reminder,false,false,,1,false,High,false,Rule-based taxonomy v2; corpus-level model review and spot checks,
P212-0816,M5,2026-08-02-PQ-3,2026-08-02,PQ-3,Practice Quiz,Problem-3.md,Problem lesson,3,Classifying Two-Source Interference from Path and Starting Phase,212-M5-047,MTH212.M5.47,1,1,2,20,M5/2026-08-02-PQ-3/Lessons/Problem-3.md,/Users/jake/Developer/study/vault/212/M5/2026-08-02-PQ-3/Lessons/Problem-3.md,Interpret one wavelength as one complete cycle.,interpret one wavelength as one complete cycle,Semantic and physical interpretation,"Physics concept, law, or relation",,Waves and sound,Interpret,D2,Paragraph or micro-example,Atomic,false,,Inline paragraph or micro-example,false,false,,1,false,High,false,Rule-based taxonomy v2; corpus-level model review and spot checks,
P212-0817,M5,2026-08-02-PQ-3,2026-08-02,PQ-3,Practice Quiz,Problem-3.md,Problem lesson,3,Classifying Two-Source Interference from Path and Starting Phase,212-M5-047,MTH212.M5.47,1,1,3,21,M5/2026-08-02-PQ-3/Lessons/Problem-3.md,/Users/jake/Developer/study/vault/212/M5/2026-08-02-PQ-3/Lessons/Problem-3.md,Recognize that one complete cycle is a phase change of $2\pi$.,recognize that one complete cycle is a phase change of 2\pi,Semantic and physical interpretation,,,,Recognize,D1,Retrieval cue,Atomic,false,,Inline reminder,true,false,,1,false,High,false,Rule-based taxonomy v2; corpus-level model review and spot checks,
P212-0818,M5,2026-08-02-PQ-3,2026-08-02,PQ-3,Practice Quiz,Problem-4.md,Problem lesson,4,Deriving Wave Speed on a Load-Bearing Wire,212-M5-048,MTH212.M5.48,1,1,1,26,M5/2026-08-02-PQ-3/Lessons/Problem-4.md,/Users/jake/Developer/study/vault/212/M5/2026-08-02-PQ-3/Lessons/Problem-4.md,Identify weight and tension forces.,identify weight and tension forces,"Physics concept, law, or relation",,,Forces and Newtonian dynamics,Recognize,D1,Retrieval cue,Atomic,false,,Inline reminder,false,false,,1,false,High,false,Rule-based taxonomy v2; corpus-level model review and spot checks,
P212-0819,M5,2026-08-02-PQ-3,2026-08-02,PQ-3,Practice Quiz,Problem-4.md,Problem lesson,4,Deriving Wave Speed on a Load-Bearing Wire,212-M5-048,MTH212.M5.48,1,1,2,27,M5/2026-08-02-PQ-3/Lessons/Problem-4.md,/Users/jake/Developer/study/vault/212/M5/2026-08-02-PQ-3/Lessons/Problem-4.md,Know that $a=0$ means velocity is not changing and $\alpha=0$ means angular velocity is not changing.,know that a=0 means velocity is not changing and \alpha=0 means angular velocity is not changing,Semantic and physical interpretation,"Physics concept, law, or relation",,Kinematics | Circular and rotational motion,Recall,D1,Retrieval cue,Atomic,false,,Inline reminder,true,false,,1,false,High,false,Rule-based taxonomy v2; corpus-level model review and spot checks,
P212-0820,M5,2026-08-02-PQ-3,2026-08-02,PQ-3,Practice Quiz,Problem-4.md,Problem lesson,4,Deriving Wave Speed on a Load-Bearing Wire,212-M5-048,MTH212.M5.48,1,1,3,28,M5/2026-08-02-PQ-3/Lessons/Problem-4.md,/Users/jake/Developer/study/vault/212/M5/2026-08-02-PQ-3/Lessons/Problem-4.md,Use $\tau=rF\sin\phi$ and place the center of mass of a uniform shelf at $L/2$.,use \tau=rf\sin\phi and place the center of mass of a uniform shelf at l/2,"Physics concept, law, or relation",Mathematical technique | Model condition or reference choice,Geometry and trigonometry,Center of mass and density | Torque and equilibrium,Execute,D2,Paragraph or micro-example,Compound,true,Uniform-object model,Inline paragraph or micro-example,true,false,,1,false,Medium,true,Rule-based taxonomy v2; corpus-level model review and spot checks,Potentially compound prerequisite; consider splitting
P212-0821,M5,2026-08-02-PQ-3,2026-08-02,PQ-3,Practice Quiz,Problem-4.md,Problem lesson,4,Deriving Wave Speed on a Load-Bearing Wire,212-M5-048,MTH212.M5.48,1,1,4,29,M5/2026-08-02-PQ-3/Lessons/Problem-4.md,/Users/jake/Developer/study/vault/212/M5/2026-08-02-PQ-3/Lessons/Problem-4.md,Use $\cos\theta=(\text{adjacent})/(\text{hypotenuse})$.,use \cos\theta=(adjacent)/(hypotenuse),Mathematical technique,,Geometry and trigonometry,,Execute,D2,Paragraph or micro-example,Atomic,false,,Inline paragraph or micro-example,true,false,,1,false,Medium,true,Rule-based taxonomy v2; corpus-level model review and spot checks,
P212-0822,M5,2026-08-02-PQ-3,2026-08-02,PQ-3,Practice Quiz,Problem-4.md,Problem lesson,4,Deriving Wave Speed on a Load-Bearing Wire,212-M5-048,MTH212.M5.48,1,1,5,30,M5/2026-08-02-PQ-3/Lessons/Problem-4.md,/Users/jake/Developer/study/vault/212/M5/2026-08-02-PQ-3/Lessons/Problem-4.md,Divide by a fraction by multiplying by its reciprocal.,divide by a fraction by multiplying by its reciprocal,Mathematical technique,,Numeracy and arithmetic,,Execute,D2,Paragraph or micro-example,Atomic,false,,Inline paragraph or micro-example,false,false,,1,false,High,false,Rule-based taxonomy v2; corpus-level model review and spot checks,
P212-0823,M5,2026-08-02-PQ-3,2026-08-02,PQ-3,Practice Quiz,Problem-4.md,Problem lesson,4,Deriving Wave Speed on a Load-Bearing Wire,212-M5-048,MTH212.M5.48,1,1,6,31,M5/2026-08-02-PQ-3/Lessons/Problem-4.md,/Users/jake/Developer/study/vault/212/M5/2026-08-02-PQ-3/Lessons/Problem-4.md,Recognize $\mu=(\text{mass})/(\text{length})$ and $v=\sqrt{T/\mu}$.,recognize \mu=(mass)/(length) and v=t/\mu,"Physics concept, law, or relation",,,Center of mass and density,Recognize,D1,Retrieval cue,Atomic,false,,Inline reminder,true,false,,1,false,High,false,Rule-based taxonomy v2; corpus-level model review and spot checks,
P212-0824,M5,2026-08-02-PQ-3,2026-08-02,PQ-3,Practice Quiz,Problem-5.md,Problem lesson,5,Extreme Doppler Frequencies from a Rotating Source,212-M5-049,MTH212.M5.49,1,1,1,19,M5/2026-08-02-PQ-3/Lessons/Problem-5.md,/Users/jake/Developer/study/vault/212/M5/2026-08-02-PQ-3/Lessons/Problem-5.md,Convert revolutions per minute to revolutions per second.,convert revolutions per minute to revolutions per second,Measurement and computation,,,,Execute,D2,Paragraph or micro-example,Atomic,false,,Inline paragraph or micro-example,false,false,,1,false,High,false,Rule-based taxonomy v2; corpus-level model review and spot checks,
P212-0825,M5,2026-08-02-PQ-3,2026-08-02,PQ-3,Practice Quiz,Problem-5.md,Problem lesson,5,Extreme Doppler Frequencies from a Rotating Source,212-M5-049,MTH212.M5.49,1,1,2,20,M5/2026-08-02-PQ-3/Lessons/Problem-5.md,/Users/jake/Developer/study/vault/212/M5/2026-08-02-PQ-3/Lessons/Problem-5.md,Use circumference $2\pi L$ to find tangential speed.,use circumference 2\pi l to find tangential speed,"Physics concept, law, or relation",Mathematical technique,Geometry and trigonometry,Kinematics | Circular and rotational motion,Execute,D2,Paragraph or micro-example,Atomic,false,,Inline paragraph or micro-example,true,false,,1,false,Medium,true,Rule-based taxonomy v2; corpus-level model review and spot checks,
P212-0826,M5,2026-08-02-PQ-3,2026-08-02,PQ-3,Practice Quiz,Problem-5.md,Problem lesson,5,Extreme Doppler Frequencies from a Rotating Source,212-M5-049,MTH212.M5.49,1,1,3,21,M5/2026-08-02-PQ-3/Lessons/Problem-5.md,/Users/jake/Developer/study/vault/212/M5/2026-08-02-PQ-3/Lessons/Problem-5.md,Evaluate a fraction and round a frequency in hertz.,evaluate a fraction and round a frequency in hertz,Measurement and computation,"Mathematical technique | Physics concept, law, or relation",Numeracy and arithmetic,Waves and sound,Execute,D2,Paragraph or micro-example,Atomic,false,,Inline paragraph or micro-example,false,false,,1,false,Medium,true,Rule-based taxonomy v2; corpus-level model review and spot checks,
P212-0827,M5,2026-08-03-Q-3,2026-08-03,Q-3,Quiz,fixed-free-end-reflection.md,Supplemental lesson,,Reflections at Fixed and Free Ends,212-M5-052,MTH212.M5.52,1,1,1,19,M5/2026-08-03-Q-3/Lessons/fixed-free-end-reflection.md,/Users/jake/Developer/study/vault/212/M5/2026-08-03-Q-3/Lessons/fixed-free-end-reflection.md,Read upward and downward displacement from equilibrium.,read upward and downward displacement from equilibrium,Representation and spatial literacy,"Physics concept, law, or relation",,Forces and Newtonian dynamics,Recognize,D1,Retrieval cue,Atomic,false,,Inline reminder,false,false,,1,false,High,false,Rule-based taxonomy v2; corpus-level model review and spot checks,
P212-0828,M5,2026-08-03-Q-3,2026-08-03,Q-3,Quiz,fixed-free-end-reflection.md,Supplemental lesson,,Reflections at Fixed and Free Ends,212-M5-052,MTH212.M5.52,1,1,2,20,M5/2026-08-03-Q-3/Lessons/fixed-free-end-reflection.md,/Users/jake/Developer/study/vault/212/M5/2026-08-03-Q-3/Lessons/fixed-free-end-reflection.md,Recognize that a reflected pulse travels back toward its source.,recognize that a reflected pulse travels back toward its source,Semantic and physical interpretation,,,,Recognize,D1,Retrieval cue,Atomic,false,,Inline reminder,false,false,,1,false,High,false,Rule-based taxonomy v2; corpus-level model review and spot checks,
P212-0829,M5,2026-08-03-Q-3,2026-08-03,Q-3,Quiz,fixed-free-end-reflection.md,Supplemental lesson,,Reflections at Fixed and Free Ends,212-M5-052,MTH212.M5.52,1,1,3,21,M5/2026-08-03-Q-3/Lessons/fixed-free-end-reflection.md,/Users/jake/Developer/study/vault/212/M5/2026-08-03-Q-3/Lessons/fixed-free-end-reflection.md,Interpret a phase shift of $\pi$ radians as an inversion.,interpret a phase shift of \pi radians as an inversion,Semantic and physical interpretation,Model condition or reference choice,,,Interpret,D2,Paragraph or micro-example,Atomic,true,Angle-unit or calculator-mode convention,Inline paragraph or micro-example,true,false,,1,false,High,false,Rule-based taxonomy v2; corpus-level model review and spot checks,
P212-0830,M5,2026-08-03-Q-3,2026-08-03,Q-3,Quiz,shm-speeding-up-or-slowing-down.md,Supplemental lesson,,Deciding Whether an SHM Oscillator Is Speeding Up or Slowing Down,212-M5-050,MTH212.M5.50,1,1,1,19,M5/2026-08-03-Q-3/Lessons/shm-speeding-up-or-slowing-down.md,/Users/jake/Developer/study/vault/212/M5/2026-08-03-Q-3/Lessons/shm-speeding-up-or-slowing-down.md,Interpret positive and negative directions on a one-dimensional axis.,interpret positive and negative directions on a one-dimensional axis,Semantic and physical interpretation,Representation and spatial literacy | Model condition or reference choice,,,Interpret,D2,Paragraph or micro-example,Atomic,true,Sign or direction convention,Inline paragraph or micro-example,false,false,,1,false,Medium,true,Rule-based taxonomy v2; corpus-level model review and spot checks,
P212-0831,M5,2026-08-03-Q-3,2026-08-03,Q-3,Quiz,shm-speeding-up-or-slowing-down.md,Supplemental lesson,,Deciding Whether an SHM Oscillator Is Speeding Up or Slowing Down,212-M5-050,MTH212.M5.50,1,1,2,20,M5/2026-08-03-Q-3/Lessons/shm-speeding-up-or-slowing-down.md,/Users/jake/Developer/study/vault/212/M5/2026-08-03-Q-3/Lessons/shm-speeding-up-or-slowing-down.md,Distinguish displacement $x$ from velocity $v$.,distinguish displacement x from velocity v,Semantic and physical interpretation,"Physics concept, law, or relation",,Kinematics,Interpret,D2,Paragraph or micro-example,Atomic,false,,Inline paragraph or micro-example,true,false,,1,false,High,false,Rule-based taxonomy v2; corpus-level model review and spot checks,
P212-0832,M5,2026-08-03-Q-3,2026-08-03,Q-3,Quiz,shm-speeding-up-or-slowing-down.md,Supplemental lesson,,Deciding Whether an SHM Oscillator Is Speeding Up or Slowing Down,212-M5-050,MTH212.M5.50,1,1,3,21,M5/2026-08-03-Q-3/Lessons/shm-speeding-up-or-slowing-down.md,/Users/jake/Developer/study/vault/212/M5/2026-08-03-Q-3/Lessons/shm-speeding-up-or-slowing-down.md,Know that $\omega^2$ is positive for a nonzero angular frequency.,know that \omega^2 is positive for a nonzero angular frequency,"Physics concept, law, or relation",,,Circular and rotational motion | Waves and sound,Recall,D1,Retrieval cue,Atomic,false,,Inline reminder,true,false,,1,false,High,false,Rule-based taxonomy v2; corpus-level model review and spot checks,
P212-0833,M5,2026-08-03-Q-3,2026-08-03,Q-3,Quiz,wave-power-intensity-scaling.md,Supplemental lesson,,Scaling Wave Power and Intensity with Frequency and Amplitude,212-M5-051,MTH212.M5.51,1,1,1,19,M5/2026-08-03-Q-3/Lessons/wave-power-intensity-scaling.md,/Users/jake/Developer/study/vault/212/M5/2026-08-03-Q-3/Lessons/wave-power-intensity-scaling.md,Form and simplify ratios.,form and simplify ratios,Mathematical technique,,Algebra and formula manipulation,,Execute,D2,Paragraph or micro-example,Atomic,false,,Inline paragraph or micro-example,false,false,,1,false,High,false,Rule-based taxonomy v2; corpus-level model review and spot checks,
P212-0834,M5,2026-08-03-Q-3,2026-08-03,Q-3,Quiz,wave-power-intensity-scaling.md,Supplemental lesson,,Scaling Wave Power and Intensity with Frequency and Amplitude,212-M5-051,MTH212.M5.51,1,1,2,20,M5/2026-08-03-Q-3/Lessons/wave-power-intensity-scaling.md,/Users/jake/Developer/study/vault/212/M5/2026-08-03-Q-3/Lessons/wave-power-intensity-scaling.md,Square a ratio and take a positive square root.,square a ratio and take a positive square root,Mathematical technique,,Numeracy and arithmetic | Ratios and proportional reasoning,,Execute,D2,Paragraph or micro-example,Compound,false,,Inline paragraph or micro-example,false,false,,1,false,Medium,true,Rule-based taxonomy v2; corpus-level model review and spot checks,Potentially compound prerequisite; consider splitting
P212-0835,M5,2026-08-03-Q-3,2026-08-03,Q-3,Quiz,wave-power-intensity-scaling.md,Supplemental lesson,,Scaling Wave Power and Intensity with Frequency and Amplitude,212-M5-051,MTH212.M5.51,1,1,3,21,M5/2026-08-03-Q-3/Lessons/wave-power-intensity-scaling.md,/Users/jake/Developer/study/vault/212/M5/2026-08-03-Q-3/Lessons/wave-power-intensity-scaling.md,Recognize frequency $f$ and wave amplitude $A$.,recognize frequency f and wave amplitude a,"Physics concept, law, or relation",,,SHM and pendula | Waves and sound,Recognize,D1,Retrieval cue,Atomic,false,,Inline reminder,true,false,,1,false,High,false,Rule-based taxonomy v2; corpus-level model review and spot checks,
P212-0836,M6,2026-08-05-M6-1,2026-08-05,M6-1,Lecture,Problem-1.md,Problem lesson,1,Screen Distance and Double-Slit Fringe Spacing,,,1,1,1,14,M6/2026-08-05-M6-1/Lessons/Problem-1.md,/Users/jake/Developer/study/vault/212/M6/2026-08-05-M6-1/Lessons/Problem-1.md,"Identify $\lambda$ as wavelength, $d$ as slit separation, and $L$ as the slit-to-screen distance.","identify \lambda as wavelength, d as slit separation, and l as the slit-to-screen distance","Physics concept, law, or relation",,,Waves and sound | Interference and diffraction,Recognize,D1,Retrieval cue,Atomic,false,,Inline reminder,true,false,,1,false,High,false,Rule-based taxonomy v2; corpus-level model review and spot checks,
P212-0837,M6,2026-08-05-M6-1,2026-08-05,M6-1,Lecture,Problem-1.md,Problem lesson,1,Screen Distance and Double-Slit Fringe Spacing,,,1,1,2,15,M6/2026-08-05-M6-1/Lessons/Problem-1.md,/Users/jake/Developer/study/vault/212/M6/2026-08-05-M6-1/Lessons/Problem-1.md,Read direct proportionality from a formula.,read direct proportionality from a formula,Semantic and physical interpretation,,,,Recognize,D2,Paragraph or micro-example,Atomic,false,,Inline paragraph or micro-example,false,false,,1,false,High,false,Rule-based taxonomy v2; corpus-level model review and spot checks,
P212-0838,M6,2026-08-05-M6-1,2026-08-05,M6-1,Lecture,Problem-1.md,Problem lesson,1,Screen Distance and Double-Slit Fringe Spacing,,,1,1,3,16,M6/2026-08-05-M6-1/Lessons/Problem-1.md,/Users/jake/Developer/study/vault/212/M6/2026-08-05-M6-1/Lessons/Problem-1.md,Compare two values by forming a ratio.,compare two values by forming a ratio,Mathematical technique,,Ratios and proportional reasoning,,Execute,D2,Paragraph or micro-example,Atomic,false,,Inline paragraph or micro-example,false,false,,1,false,High,false,Rule-based taxonomy v2; corpus-level model review and spot checks,
P212-0839,M6,2026-08-05-M6-1,2026-08-05,M6-1,Lecture,Problem-2.md,Problem lesson,2,How Screen Distance Changes Double-Slit Fringe Spacing,,,1,1,1,14,M6/2026-08-05-M6-1/Lessons/Problem-2.md,/Users/jake/Developer/study/vault/212/M6/2026-08-05-M6-1/Lessons/Problem-2.md,"Recognize direct proportionality: if $q\propto L$, multiplying $L$ by a factor multiplies $q$ by the same factor.","recognize direct proportionality: if q\propto l, multiplying l by a factor multiplies q by the same factor",Mathematical technique,Model condition or reference choice,Numeracy and arithmetic | Algebra and formula manipulation,,Recognize,D2,Paragraph or micro-example,Atomic,false,,Inline paragraph or micro-example,true,false,,1,false,High,false,Rule-based taxonomy v2; corpus-level model review and spot checks,
P212-0840,M6,2026-08-05-M6-1,2026-08-05,M6-1,Lecture,Problem-2.md,Problem lesson,2,How Screen Distance Changes Double-Slit Fringe Spacing,,,1,1,2,15,M6/2026-08-05-M6-1/Lessons/Problem-2.md,/Users/jake/Developer/study/vault/212/M6/2026-08-05-M6-1/Lessons/Problem-2.md,"Identify the wavelength $\lambda$, slit separation $d$, and slit-to-screen distance $L$ in a double-slit setup.","identify the wavelength \lambda, slit separation d, and slit-to-screen distance l in a double-slit setup","Physics concept, law, or relation",,,Waves and sound | Interference and diffraction,Recognize,D1,Retrieval cue,Atomic,false,,Inline reminder,true,false,,1,false,High,false,Rule-based taxonomy v2; corpus-level model review and spot checks,
P212-0841,M6,2026-08-05-M6-1,2026-08-05,M6-1,Lecture,Problem-3.md,Problem lesson,3,Reading Path Difference from a Double-Slit Pattern,,,1,1,1,14,M6/2026-08-05-M6-1/Lessons/Problem-3.md,/Users/jake/Developer/study/vault/212/M6/2026-08-05-M6-1/Lessons/Problem-3.md,Interpret $\lambda$ as one wavelength.,interpret \lambda as one wavelength,Semantic and physical interpretation,"Physics concept, law, or relation",,Waves and sound,Interpret,D2,Paragraph or micro-example,Atomic,false,,Inline paragraph or micro-example,true,false,,1,false,High,false,Rule-based taxonomy v2; corpus-level model review and spot checks,
P212-0842,M6,2026-08-05-M6-1,2026-08-05,M6-1,Lecture,Problem-3.md,Problem lesson,3,Reading Path Difference from a Double-Slit Pattern,,,1,1,2,15,M6/2026-08-05-M6-1/Lessons/Problem-3.md,/Users/jake/Developer/study/vault/212/M6/2026-08-05-M6-1/Lessons/Problem-3.md,Distinguish constructive interference (bright) from destructive interference (dark).,distinguish constructive interference (bright) from destructive interference (dark),Semantic and physical interpretation,"Physics concept, law, or relation",,Interference and diffraction,Interpret,D3,Short focused lesson,Atomic,false,,Short prerequisite lesson,false,false,,1,false,High,false,Rule-based taxonomy v2; corpus-level model review and spot checks,
P212-0843,M6,2026-08-05-M6-1,2026-08-05,M6-1,Lecture,Problem-3.md,Problem lesson,3,Reading Path Difference from a Double-Slit Pattern,,,1,1,3,16,M6/2026-08-05-M6-1/Lessons/Problem-3.md,/Users/jake/Developer/study/vault/212/M6/2026-08-05-M6-1/Lessons/Problem-3.md,Count equally spaced bands outward from a central reference band.,count equally spaced bands outward from a central reference band,Model condition or reference choice,,,,Recall,D1,Retrieval cue,Atomic,true,"Reference axis, pivot, or origin",Inline reminder,false,false,,1,false,High,false,Rule-based taxonomy v2; corpus-level model review and spot checks,
P212-0844,M6,2026-08-05-M6-1,2026-08-05,M6-1,Lecture,Problem-4.md,Problem lesson,4,Finding Wavelength From a Double-Slit Intensity Graph,,,1,1,1,14,M6/2026-08-05-M6-1/Lessons/Problem-4.md,/Users/jake/Developer/study/vault/212/M6/2026-08-05-M6-1/Lessons/Problem-4.md,Read horizontal coordinates and distances from a graph.,read horizontal coordinates and distances from a graph,Representation and spatial literacy,Mathematical technique,Geometry and trigonometry | Functions and graph reasoning,,Recognize,D2,Paragraph or micro-example,Atomic,false,,Inline paragraph or micro-example,false,false,,1,false,High,false,Rule-based taxonomy v2; corpus-level model review and spot checks,
P212-0845,M6,2026-08-05-M6-1,2026-08-05,M6-1,Lecture,Problem-4.md,Problem lesson,4,Finding Wavelength From a Double-Slit Intensity Graph,,,1,1,2,15,M6/2026-08-05-M6-1/Lessons/Problem-4.md,/Users/jake/Developer/study/vault/212/M6/2026-08-05-M6-1/Lessons/Problem-4.md,Convert centimeters and millimeters to meters.,convert centimeters and millimeters to meters,Measurement and computation,,,,Execute,D2,Paragraph or micro-example,Atomic,false,,Inline paragraph or micro-example,false,false,,1,false,High,false,Rule-based taxonomy v2; corpus-level model review and spot checks,
P212-0846,M6,2026-08-05-M6-1,2026-08-05,M6-1,Lecture,Problem-4.md,Problem lesson,4,Finding Wavelength From a Double-Slit Intensity Graph,,,1,1,3,16,M6/2026-08-05-M6-1/Lessons/Problem-4.md,/Users/jake/Developer/study/vault/212/M6/2026-08-05-M6-1/Lessons/Problem-4.md,Isolate a variable in a multiplication-and-division formula.,isolate a variable in a multiplication-and-division formula,Mathematical technique,,Algebra and formula manipulation,,Recall,D2,Paragraph or micro-example,Atomic,false,,Inline paragraph or micro-example,false,false,,1,false,High,false,Rule-based taxonomy v2; corpus-level model review and spot checks,
P212-0847,M6,2026-08-05-M6-1,2026-08-05,M6-1,Lecture,Problem-5.md,Problem lesson,5,Finding Wavelength from a Diffraction-Grating Pattern,,,1,1,1,14,M6/2026-08-05-M6-1/Lessons/Problem-5.md,/Users/jake/Developer/study/vault/212/M6/2026-08-05-M6-1/Lessons/Problem-5.md,Use right-triangle ratios and inverse tangent.,use right-triangle ratios and inverse tangent,Mathematical technique,Representation and spatial literacy,Geometry and trigonometry,,Execute,D3,Short focused lesson,Atomic,false,,Short prerequisite lesson,false,false,,1,false,Medium,true,Rule-based taxonomy v2; corpus-level model review and spot checks,
P212-0848,M6,2026-08-05-M6-1,2026-08-05,M6-1,Lecture,Problem-5.md,Problem lesson,5,Finding Wavelength from a Diffraction-Grating Pattern,,,1,1,2,15,M6/2026-08-05-M6-1/Lessons/Problem-5.md,/Users/jake/Developer/study/vault/212/M6/2026-08-05-M6-1/Lessons/Problem-5.md,"Convert among centimeters, meters, micrometers, and nanometers.","convert among centimeters, meters, micrometers, and nanometers",Measurement and computation,,,,Execute,D2,Paragraph or micro-example,Atomic,false,,Inline paragraph or micro-example,false,false,,1,false,High,false,Rule-based taxonomy v2; corpus-level model review and spot checks,
P212-0849,M6,2026-08-05-M6-1,2026-08-05,M6-1,Lecture,Problem-5.md,Problem lesson,5,Finding Wavelength from a Diffraction-Grating Pattern,,,1,1,3,16,M6/2026-08-05-M6-1/Lessons/Problem-5.md,/Users/jake/Developer/study/vault/212/M6/2026-08-05-M6-1/Lessons/Problem-5.md,"Recognize that the central maximum has order $m=0$, so the first, second, and third bright fringes have $m=1,2,3$.","recognize that the central maximum has order m=0, so the first, second, and third bright fringes have m=1,2,3","Physics concept, law, or relation",Semantic and physical interpretation | Model condition or reference choice,,Interference and diffraction,Recognize,D1,Retrieval cue,Atomic,true,Indexing or order convention,Inline reminder,true,false,,1,false,Medium,true,Rule-based taxonomy v2; corpus-level model review and spot checks,
P212-0850,M6,2026-08-06-M6-2,2026-08-06,M6-2,Lecture,Problem-1.md,Problem lesson,1,Finding Slit Width from Adjacent Single-Slit Minima,,,1,1,1,14,M6/2026-08-06-M6-2/Lessons/Problem-1.md,/Users/jake/Developer/study/vault/212/M6/2026-08-06-M6-2/Lessons/Problem-1.md,Rearranging a one-step formula,rearranging a one-step formula,Mathematical technique,,Algebra and formula manipulation,,Recall,D2,Paragraph or micro-example,Atomic,false,,Inline paragraph or micro-example,false,false,,2,false,High,false,Rule-based taxonomy v2; corpus-level model review and spot checks,
P212-0851,M6,2026-08-06-M6-2,2026-08-06,M6-2,Lecture,Problem-1.md,Problem lesson,1,Finding Slit Width from Adjacent Single-Slit Minima,,,1,1,2,15,M6/2026-08-06-M6-2/Lessons/Problem-1.md,/Users/jake/Developer/study/vault/212/M6/2026-08-06-M6-2/Lessons/Problem-1.md,"Converting among nanometers, millimeters, and meters","converting among nanometers, millimeters, and meters",Measurement and computation,,,,Execute,D2,Paragraph or micro-example,Atomic,false,,Inline paragraph or micro-example,false,false,,1,false,High,false,Rule-based taxonomy v2; corpus-level model review and spot checks,
P212-0852,M6,2026-08-06-M6-2,2026-08-06,M6-2,Lecture,Problem-1.md,Problem lesson,1,Finding Slit Width from Adjacent Single-Slit Minima,,,1,1,3,16,M6/2026-08-06-M6-2/Lessons/Problem-1.md,/Users/jake/Developer/study/vault/212/M6/2026-08-06-M6-2/Lessons/Problem-1.md,Subtracting two positions measured from the same origin,subtracting two positions measured from the same origin,Mathematical technique,Model condition or reference choice,Numeracy and arithmetic,,Execute,D2,Paragraph or micro-example,Atomic,true,"Reference axis, pivot, or origin",Inline paragraph or micro-example,false,false,,1,false,High,false,Rule-based taxonomy v2; corpus-level model review and spot checks,
P212-0853,M6,2026-08-06-M6-2,2026-08-06,M6-2,Lecture,Problem-2.md,Problem lesson,2,Finding Diffraction-Grating Line Density from Symmetric Fringes,,,1,1,1,14,M6/2026-08-06-M6-2/Lessons/Problem-2.md,/Users/jake/Developer/study/vault/212/M6/2026-08-06-M6-2/Lessons/Problem-2.md,Recognize opposite-order diffraction maxima as symmetric about the central maximum.,recognize opposite-order diffraction maxima as symmetric about the central maximum,"Physics concept, law, or relation",Mathematical technique | Model condition or reference choice,Geometry and trigonometry,Interference and diffraction,Recognize,D3,Short focused lesson,Atomic,true,Indexing or order convention,Short prerequisite lesson,false,false,,1,false,Medium,true,Rule-based taxonomy v2; corpus-level model review and spot checks,
P212-0854,M6,2026-08-06-M6-2,2026-08-06,M6-2,Lecture,Problem-2.md,Problem lesson,2,Finding Diffraction-Grating Line Density from Symmetric Fringes,,,1,1,2,15,M6/2026-08-06-M6-2/Lessons/Problem-2.md,/Users/jake/Developer/study/vault/212/M6/2026-08-06-M6-2/Lessons/Problem-2.md,"Use right-triangle trigonometry, especially $\tan\theta=y/L$.","use right-triangle trigonometry, especially \tan\theta=y/l",Mathematical technique,Representation and spatial literacy,Geometry and trigonometry,,Execute,D2,Paragraph or micro-example,Atomic,false,,Inline paragraph or micro-example,true,false,,1,false,Medium,true,Rule-based taxonomy v2; corpus-level model review and spot checks,
P212-0855,M6,2026-08-06-M6-2,2026-08-06,M6-2,Lecture,Problem-2.md,Problem lesson,2,Finding Diffraction-Grating Line Density from Symmetric Fringes,,,1,1,3,16,M6/2026-08-06-M6-2/Lessons/Problem-2.md,/Users/jake/Developer/study/vault/212/M6/2026-08-06-M6-2/Lessons/Problem-2.md,Use the diffraction-grating maximum condition $d\sin\theta=m\lambda$.,use the diffraction-grating maximum condition d\sin\theta=m\lambda,"Physics concept, law, or relation",Mathematical technique,Geometry and trigonometry,Interference and diffraction,Execute,D3,Short focused lesson,Atomic,false,,Short prerequisite lesson,true,false,,2,false,Medium,true,Rule-based taxonomy v2; corpus-level model review and spot checks,
P212-0856,M6,2026-08-06-M6-2,2026-08-06,M6-2,Lecture,Problem-2.md,Problem lesson,2,Finding Diffraction-Grating Line Density from Symmetric Fringes,,,1,1,4,17,M6/2026-08-06-M6-2/Lessons/Problem-2.md,/Users/jake/Developer/study/vault/212/M6/2026-08-06-M6-2/Lessons/Problem-2.md,"Convert among nanometers, meters, and millimeters.","convert among nanometers, meters, and millimeters",Measurement and computation,,,,Execute,D2,Paragraph or micro-example,Atomic,false,,Inline paragraph or micro-example,false,false,,1,false,High,false,Rule-based taxonomy v2; corpus-level model review and spot checks,
P212-0857,M6,2026-08-06-M6-2,2026-08-06,M6-2,Lecture,Problem-3.md,Problem lesson,3,Counting Visible Diffraction-Grating Maxima on a Finite Screen,,,1,1,1,15,M6/2026-08-06-M6-2/Lessons/Problem-3.md,/Users/jake/Developer/study/vault/212/M6/2026-08-06-M6-2/Lessons/Problem-3.md,Converting micrometers and nanometers to a common unit,converting micrometers and nanometers to a common unit,Measurement and computation,,,,Execute,D2,Paragraph or micro-example,Atomic,false,,Inline paragraph or micro-example,false,false,,1,false,High,false,Rule-based taxonomy v2; corpus-level model review and spot checks,
P212-0858,M6,2026-08-06-M6-2,2026-08-06,M6-2,Lecture,Problem-3.md,Problem lesson,3,Counting Visible Diffraction-Grating Maxima on a Finite Screen,,,1,1,2,16,M6/2026-08-06-M6-2/Lessons/Problem-3.md,/Users/jake/Developer/study/vault/212/M6/2026-08-06-M6-2/Lessons/Problem-3.md,Using tangent in a right triangle and evaluating inverse tangent,using tangent in a right triangle and evaluating inverse tangent,Mathematical technique,Representation and spatial literacy,Geometry and trigonometry,,Execute,D3,Short focused lesson,Compound,false,,Short prerequisite lesson,false,false,,1,false,Medium,true,Rule-based taxonomy v2; corpus-level model review and spot checks,Potentially compound prerequisite; consider splitting
P212-0859,M6,2026-08-06-M6-2,2026-08-06,M6-2,Lecture,Problem-3.md,Problem lesson,3,Counting Visible Diffraction-Grating Maxima on a Finite Screen,,,1,1,3,17,M6/2026-08-06-M6-2/Lessons/Problem-3.md,/Users/jake/Developer/study/vault/212/M6/2026-08-06-M6-2/Lessons/Problem-3.md,Using the diffraction-grating condition $d\sin\theta_m=m\lambda$,using the diffraction-grating condition d\sin\thetam=m\lambda,"Physics concept, law, or relation",Mathematical technique,Geometry and trigonometry,Interference and diffraction,Execute,D3,Short focused lesson,Atomic,false,,Short prerequisite lesson,true,false,,1,false,High,false,Rule-based taxonomy v2; corpus-level model review and spot checks,
P212-0860,M6,2026-08-06-M6-2,2026-08-06,M6-2,Lecture,Problem-3.md,Problem lesson,3,Counting Visible Diffraction-Grating Maxima on a Finite Screen,,,1,1,4,18,M6/2026-08-06-M6-2/Lessons/Problem-3.md,/Users/jake/Developer/study/vault/212/M6/2026-08-06-M6-2/Lessons/Problem-3.md,Identifying the greatest integer that does not exceed a positive bound,identifying the greatest integer that does not exceed a positive bound,Semantic and physical interpretation,,,,Recognize,D1,Retrieval cue,Atomic,false,,Inline reminder,false,false,,1,false,High,false,Rule-based taxonomy v2; corpus-level model review and spot checks,
P212-0861,M6,2026-08-06-M6-2,2026-08-06,M6-2,Lecture,Problem-4.md,Problem lesson,4,Finding Screen Distance from a Single-Slit Diffraction Graph,,,1,1,1,14,M6/2026-08-06-M6-2/Lessons/Problem-4.md,/Users/jake/Developer/study/vault/212/M6/2026-08-06-M6-2/Lessons/Problem-4.md,Reading horizontal coordinates from a graph,reading horizontal coordinates from a graph,Mathematical technique,Representation and spatial literacy,Geometry and trigonometry | Functions and graph reasoning,,Recognize,D2,Paragraph or micro-example,Atomic,false,,Inline paragraph or micro-example,false,false,,1,false,High,false,Rule-based taxonomy v2; corpus-level model review and spot checks,
P212-0862,M6,2026-08-06-M6-2,2026-08-06,M6-2,Lecture,Problem-4.md,Problem lesson,4,Finding Screen Distance from a Single-Slit Diffraction Graph,,,1,1,2,15,M6/2026-08-06-M6-2/Lessons/Problem-4.md,/Users/jake/Developer/study/vault/212/M6/2026-08-06-M6-2/Lessons/Problem-4.md,Subtracting two positions to find a distance,subtracting two positions to find a distance,Mathematical technique,,Numeracy and arithmetic,,Execute,D2,Paragraph or micro-example,Atomic,false,,Inline paragraph or micro-example,false,false,,1,false,High,false,Rule-based taxonomy v2; corpus-level model review and spot checks,
P212-0863,M6,2026-08-06-M6-2,2026-08-06,M6-2,Lecture,Problem-4.md,Problem lesson,4,Finding Screen Distance from a Single-Slit Diffraction Graph,,,1,1,3,16,M6/2026-08-06-M6-2/Lessons/Problem-4.md,/Users/jake/Developer/study/vault/212/M6/2026-08-06-M6-2/Lessons/Problem-4.md,"Converting nanometers, millimeters, and centimeters to meters","converting nanometers, millimeters, and centimeters to meters",Measurement and computation,,,,Execute,D2,Paragraph or micro-example,Atomic,false,,Inline paragraph or micro-example,false,false,,1,false,High,false,Rule-based taxonomy v2; corpus-level model review and spot checks,
P212-0864,M6,2026-08-06-M6-2,2026-08-06,M6-2,Lecture,Problem-4.md,Problem lesson,4,Finding Screen Distance from a Single-Slit Diffraction Graph,,,1,1,4,17,M6/2026-08-06-M6-2/Lessons/Problem-4.md,/Users/jake/Developer/study/vault/212/M6/2026-08-06-M6-2/Lessons/Problem-4.md,Rearranging a one-step formula,rearranging a one-step formula,Mathematical technique,,Algebra and formula manipulation,,Recall,D2,Paragraph or micro-example,Atomic,false,,Inline paragraph or micro-example,false,false,,2,false,High,false,Rule-based taxonomy v2; corpus-level model review and spot checks,
P212-0865,M6,2026-08-06-M6-2,2026-08-06,M6-2,Lecture,Problem-5.md,Problem lesson,5,Estimating Secondary Bright Fringes in Single-Slit Diffraction,,,1,1,1,14,M6/2026-08-06-M6-2/Lessons/Problem-5.md,/Users/jake/Developer/study/vault/212/M6/2026-08-06-M6-2/Lessons/Problem-5.md,Use the small-angle location of the $m$th single-slit dark minimum: $y_m\approx m\lambda L/a$.,use the small-angle location of the mth single-slit dark minimum: ym\approx m\lambda l/a,"Physics concept, law, or relation",Mathematical technique | Model condition or reference choice,Geometry and trigonometry,Interference and diffraction,Execute,D2,Paragraph or micro-example,Atomic,true,Small-angle approximation,Inline paragraph or micro-example,true,false,,1,false,Medium,true,Rule-based taxonomy v2; corpus-level model review and spot checks,
P212-0866,M6,2026-08-06-M6-2,2026-08-06,M6-2,Lecture,Problem-5.md,Problem lesson,5,Estimating Secondary Bright Fringes in Single-Slit Diffraction,,,1,1,2,15,M6/2026-08-06-M6-2/Lessons/Problem-5.md,/Users/jake/Developer/study/vault/212/M6/2026-08-06-M6-2/Lessons/Problem-5.md,Convert nanometers and millimeters to meters: $1\ \mathrm{nm}=10^{-9}\ \mathrm{m}$ and $1\ \mathrm{mm}=10^{-3}\ \mathrm{m}$.,convert nanometers and millimeters to meters: 1\ nm=10^-9\ m and 1\ mm=10^-3\ m,Measurement and computation,,,,Execute,D2,Paragraph or micro-example,Atomic,false,,Inline paragraph or micro-example,true,false,,1,false,High,false,Rule-based taxonomy v2; corpus-level model review and spot checks,
P212-0867,M6,2026-08-06-M6-2,2026-08-06,M6-2,Lecture,Problem-5.md,Problem lesson,5,Estimating Secondary Bright Fringes in Single-Slit Diffraction,,,1,1,3,16,M6/2026-08-06-M6-2/Lessons/Problem-5.md,/Users/jake/Developer/study/vault/212/M6/2026-08-06-M6-2/Lessons/Problem-5.md,Find the midpoint of two positions by averaging them.,find the midpoint of two positions by averaging them,Mathematical technique,,Geometry and trigonometry,,Execute,D2,Paragraph or micro-example,Atomic,false,,Inline paragraph or micro-example,false,false,,1,false,High,false,Rule-based taxonomy v2; corpus-level model review and spot checks,
P212-0868,M6,2026-08-06-M6-2,2026-08-06,M6-2,Lecture,Problem-5.md,Problem lesson,5,Estimating Secondary Bright Fringes in Single-Slit Diffraction,,,1,1,4,17,M6/2026-08-06-M6-2/Lessons/Problem-5.md,/Users/jake/Developer/study/vault/212/M6/2026-08-06-M6-2/Lessons/Problem-5.md,Round a calculated measurement to a requested number of significant figures.,round a calculated measurement to a requested number of significant figures,Measurement and computation,,,,Execute,D2,Paragraph or micro-example,Atomic,false,,Inline paragraph or micro-example,false,false,,1,false,High,false,Rule-based taxonomy v2; corpus-level model review and spot checks,
P212-0869,M6,2026-08-09-HW-9,2026-08-09,HW-9,Homework,Problem-1.md,Problem lesson,1,Choosing a Slit Width for Clear Single-Slit Diffraction,,,1,1,1,14,M6/2026-08-09-HW-9/Lessons/Problem-1.md,/Users/jake/Developer/study/vault/212/M6/2026-08-09-HW-9/Lessons/Problem-1.md,Recognize that $0\leq \sin\theta\leq 1$ for angles from $0^\circ$ to $90^\circ$.,recognize that 0\leq \sin\theta\leq 1 for angles from 0^\circ to 90^\circ,Mathematical technique,Semantic and physical interpretation,Geometry and trigonometry,,Recognize,D2,Paragraph or micro-example,Atomic,false,,Inline paragraph or micro-example,true,false,,1,false,High,false,Rule-based taxonomy v2; corpus-level model review and spot checks,
P212-0870,M6,2026-08-09-HW-9,2026-08-09,HW-9,Homework,Problem-1.md,Problem lesson,1,Choosing a Slit Width for Clear Single-Slit Diffraction,,,1,1,2,15,M6/2026-08-09-HW-9/Lessons/Problem-1.md,/Users/jake/Developer/study/vault/212/M6/2026-08-09-HW-9/Lessons/Problem-1.md,Use the single-slit minimum condition $a\sin\theta=m\lambda$.,use the single-slit minimum condition a\sin\theta=m\lambda,"Physics concept, law, or relation",Mathematical technique,Geometry and trigonometry,Interference and diffraction,Execute,D2,Paragraph or micro-example,Atomic,false,,Inline paragraph or micro-example,true,false,,1,false,Medium,true,Rule-based taxonomy v2; corpus-level model review and spot checks,
P212-0871,M6,2026-08-09-HW-9,2026-08-09,HW-9,Homework,Problem-1.md,Problem lesson,1,Choosing a Slit Width for Clear Single-Slit Diffraction,,,1,1,3,16,M6/2026-08-09-HW-9/Lessons/Problem-1.md,/Users/jake/Developer/study/vault/212/M6/2026-08-09-HW-9/Lessons/Problem-1.md,Evaluate a simple inverse sine in degrees.,evaluate a simple inverse sine in degrees,Mathematical technique,Model condition or reference choice,Geometry and trigonometry,,Execute,D3,Short focused lesson,Atomic,true,Angle-unit or calculator-mode convention,Short prerequisite lesson,false,false,,1,false,High,false,Rule-based taxonomy v2; corpus-level model review and spot checks,
P212-0872,M6,2026-08-09-HW-9,2026-08-09,HW-9,Homework,Problem-2.md,Problem lesson,2,Finding Slit Width from the Central Diffraction Maximum,,,1,1,1,14,M6/2026-08-09-HW-9/Lessons/Problem-2.md,/Users/jake/Developer/study/vault/212/M6/2026-08-09-HW-9/Lessons/Problem-2.md,The first-minimum condition for a single slit: $a\sin\theta_1=\lambda$,the first-minimum condition for a single slit: a\sin\theta1=\lambda,"Physics concept, law, or relation",Mathematical technique,Geometry and trigonometry,Interference and diffraction,Recall,D3,Short focused lesson,Atomic,false,,Short prerequisite lesson,true,false,,1,false,High,false,Rule-based taxonomy v2; corpus-level model review and spot checks,
P212-0873,M6,2026-08-09-HW-9,2026-08-09,HW-9,Homework,Problem-2.md,Problem lesson,2,Finding Slit Width from the Central Diffraction Maximum,,,1,1,2,15,M6/2026-08-09-HW-9/Lessons/Problem-2.md,/Users/jake/Developer/study/vault/212/M6/2026-08-09-HW-9/Lessons/Problem-2.md,The small-angle screen relation: $y_1\approx L\sin\theta_1$,the small-angle screen relation: y1\approx l\sin\theta1,Mathematical technique,Model condition or reference choice,Geometry and trigonometry,,Recall,D2,Paragraph or micro-example,Atomic,true,Small-angle approximation,Inline paragraph or micro-example,true,false,,1,false,High,false,Rule-based taxonomy v2; corpus-level model review and spot checks,
P212-0874,M6,2026-08-09-HW-9,2026-08-09,HW-9,Homework,Problem-2.md,Problem lesson,2,Finding Slit Width from the Central Diffraction Maximum,,,1,1,3,16,M6/2026-08-09-HW-9/Lessons/Problem-2.md,/Users/jake/Developer/study/vault/212/M6/2026-08-09-HW-9/Lessons/Problem-2.md,Converting a percentage to a decimal,converting a percentage to a decimal,Measurement and computation,Mathematical technique,Numeracy and arithmetic | Ratios and proportional reasoning,,Execute,D2,Paragraph or micro-example,Atomic,false,,Inline paragraph or micro-example,false,false,,1,false,High,false,Rule-based taxonomy v2; corpus-level model review and spot checks,
P212-0875,M6,2026-08-09-HW-9,2026-08-09,HW-9,Homework,Problem-2.md,Problem lesson,2,Finding Slit Width from the Central Diffraction Maximum,,,1,1,4,17,M6/2026-08-09-HW-9/Lessons/Problem-2.md,/Users/jake/Developer/study/vault/212/M6/2026-08-09-HW-9/Lessons/Problem-2.md,Solving a formula for a variable in the denominator,solving a formula for a variable in the denominator,Mathematical technique,,Algebra and formula manipulation,,Execute,D2,Paragraph or micro-example,Atomic,false,,Inline paragraph or micro-example,false,false,,1,false,High,false,Rule-based taxonomy v2; corpus-level model review and spot checks,
P212-0876,M6,2026-08-09-HW-9,2026-08-09,HW-9,Homework,Problem-3.md,Problem lesson,3,Comparing Same-Side Single-Slit Minima,,,1,1,1,15,M6/2026-08-09-HW-9/Lessons/Problem-3.md,/Users/jake/Developer/study/vault/212/M6/2026-08-09-HW-9/Lessons/Problem-3.md,"Convert nanometers, micrometers, meters, and centimeters.","convert nanometers, micrometers, meters, and centimeters",Measurement and computation,,,,Execute,D2,Paragraph or micro-example,Atomic,false,,Inline paragraph or micro-example,false,false,,1,false,High,false,Rule-based taxonomy v2; corpus-level model review and spot checks,
P212-0877,M6,2026-08-09-HW-9,2026-08-09,HW-9,Homework,Problem-3.md,Problem lesson,3,Comparing Same-Side Single-Slit Minima,,,1,1,2,16,M6/2026-08-09-HW-9/Lessons/Problem-3.md,/Users/jake/Developer/study/vault/212/M6/2026-08-09-HW-9/Lessons/Problem-3.md,Use the small-angle approximation $\sin\theta\approx\tan\theta\approx\theta$.,use the small-angle approximation \sin\theta\approx\tan\theta\approx\theta,Mathematical technique,Model condition or reference choice,Geometry and trigonometry,,Execute,D3,Short focused lesson,Atomic,true,Small-angle approximation,Short prerequisite lesson,true,false,,1,false,Medium,true,Rule-based taxonomy v2; corpus-level model review and spot checks,
P212-0878,M6,2026-08-09-HW-9,2026-08-09,HW-9,Homework,Problem-3.md,Problem lesson,3,Comparing Same-Side Single-Slit Minima,,,1,1,3,17,M6/2026-08-09-HW-9/Lessons/Problem-3.md,/Users/jake/Developer/study/vault/212/M6/2026-08-09-HW-9/Lessons/Problem-3.md,Take the positive distance between two positions with an absolute difference.,take the positive distance between two positions with an absolute difference,Semantic and physical interpretation,,,,Execute,D1,Retrieval cue,Atomic,false,,Inline reminder,false,false,,1,false,High,false,Rule-based taxonomy v2; corpus-level model review and spot checks,
P212-0879,M6,2026-08-09-HW-9,2026-08-09,HW-9,Homework,Problem-4.md,Problem lesson,4,Predicting Changes in Double-Slit Fringe Spacing,,,1,1,1,15,M6/2026-08-09-HW-9/Lessons/Problem-4.md,/Users/jake/Developer/study/vault/212/M6/2026-08-09-HW-9/Lessons/Problem-4.md,"Recognize the double-slit bright-maximum relation $y_m\approx m\lambda L/d$ in the far-screen, small-angle approximation.","recognize the double-slit bright-maximum relation ym\approx m\lambda l/d in the far-screen, small-angle approximation","Physics concept, law, or relation",Mathematical technique | Model condition or reference choice,Geometry and trigonometry,Interference and diffraction,Recognize,D3,Short focused lesson,Atomic,true,Small-angle approximation,Short prerequisite lesson,true,false,,1,false,Medium,true,Rule-based taxonomy v2; corpus-level model review and spot checks,
P212-0880,M6,2026-08-09-HW-9,2026-08-09,HW-9,Homework,Problem-4.md,Problem lesson,4,Predicting Changes in Double-Slit Fringe Spacing,,,1,1,2,16,M6/2026-08-09-HW-9/Lessons/Problem-4.md,/Users/jake/Developer/study/vault/212/M6/2026-08-09-HW-9/Lessons/Problem-4.md,Use the wave relation $v=f\lambda$ and treat $v$ as constant when the medium does not change.,use the wave relation v=f\lambda and treat v as constant when the medium does not change,"Physics concept, law, or relation",Model condition or reference choice,,Waves and sound,Execute,D2,Paragraph or micro-example,Compound,true,Fixed or constant quantity,Inline paragraph or micro-example,true,false,,1,false,Medium,true,Rule-based taxonomy v2; corpus-level model review and spot checks,Potentially compound prerequisite; consider splitting
P212-0881,M6,2026-08-09-HW-9,2026-08-09,HW-9,Homework,Problem-4.md,Problem lesson,4,Predicting Changes in Double-Slit Fringe Spacing,,,1,1,3,17,M6/2026-08-09-HW-9/Lessons/Problem-4.md,/Users/jake/Developer/study/vault/212/M6/2026-08-09-HW-9/Lessons/Problem-4.md,Compare quantities with multiplicative factors such as “twice” or “one-half.”,compare quantities with multiplicative factors such as “twice” or “one-half.”,Mathematical technique,,Algebra and formula manipulation,,Execute,D2,Paragraph or micro-example,Atomic,false,,Inline paragraph or micro-example,false,false,,1,false,High,false,Rule-based taxonomy v2; corpus-level model review and spot checks,
P212-0882,M6,2026-08-09-HW-9,2026-08-09,HW-9,Homework,Problem-5.md,Problem lesson,5,Fitting More Double-Slit Fringes on a Fixed Screen,,,1,1,1,14,M6/2026-08-09-HW-9/Lessons/Problem-5.md,/Users/jake/Developer/study/vault/212/M6/2026-08-09-HW-9/Lessons/Problem-5.md,Recognize direct and inverse dependence in a formula.,recognize direct and inverse dependence in a formula,Mathematical technique,,Ratios and proportional reasoning,,Recognize,D2,Paragraph or micro-example,Atomic,false,,Inline paragraph or micro-example,false,false,,1,false,High,false,Rule-based taxonomy v2; corpus-level model review and spot checks,
P212-0883,M6,2026-08-09-HW-9,2026-08-09,HW-9,Homework,Problem-5.md,Problem lesson,5,Fitting More Double-Slit Fringes on a Fixed Screen,,,1,1,2,15,M6/2026-08-09-HW-9/Lessons/Problem-5.md,/Users/jake/Developer/study/vault/212/M6/2026-08-09-HW-9/Lessons/Problem-5.md,Use the wave relation $c=f\lambda$ in a fixed medium.,use the wave relation c=f\lambda in a fixed medium,"Physics concept, law, or relation",Model condition or reference choice,,Waves and sound,Execute,D2,Paragraph or micro-example,Atomic,true,Fixed or constant quantity,Inline paragraph or micro-example,true,false,,1,false,Medium,true,Rule-based taxonomy v2; corpus-level model review and spot checks,
P212-0884,M6,2026-08-09-HW-9,2026-08-09,HW-9,Homework,Problem-5.md,Problem lesson,5,Fitting More Double-Slit Fringes on a Fixed Screen,,,1,1,3,16,M6/2026-08-09-HW-9/Lessons/Problem-5.md,/Users/jake/Developer/study/vault/212/M6/2026-08-09-HW-9/Lessons/Problem-5.md,Know the small-angle double-slit fringe-spacing relation $\Delta y\approx \lambda L/d$.,know the small-angle double-slit fringe-spacing relation \delta y\approx \lambda l/d,"Physics concept, law, or relation",Mathematical technique | Model condition or reference choice,Geometry and trigonometry,Interference and diffraction,Recall,D2,Paragraph or micro-example,Atomic,true,Small-angle approximation,Inline paragraph or micro-example,true,false,,1,false,Medium,true,Rule-based taxonomy v2; corpus-level model review and spot checks,
P212-0885,M6,2026-08-09-HW-9,2026-08-09,HW-9,Homework,Problem-6.md,Problem lesson,6,Changing Slit Separation at a Fixed Fringe Angle,,,1,1,1,14,M6/2026-08-09-HW-9/Lessons/Problem-6.md,/Users/jake/Developer/study/vault/212/M6/2026-08-09-HW-9/Lessons/Problem-6.md,Distinguish constructive (bright) interference from destructive (dark) interference.,distinguish constructive (bright) interference from destructive (dark) interference,Semantic and physical interpretation,"Physics concept, law, or relation",,Interference and diffraction,Interpret,D2,Paragraph or micro-example,Atomic,false,,Inline paragraph or micro-example,false,false,,1,false,High,false,Rule-based taxonomy v2; corpus-level model review and spot checks,
P212-0886,M6,2026-08-09-HW-9,2026-08-09,HW-9,Homework,Problem-6.md,Problem lesson,6,Changing Slit Separation at a Fixed Fringe Angle,,,1,1,2,15,M6/2026-08-09-HW-9/Lessons/Problem-6.md,/Users/jake/Developer/study/vault/212/M6/2026-08-09-HW-9/Lessons/Problem-6.md,Simplify fractions and solve a proportion.,simplify fractions and solve a proportion,Mathematical technique,,Numeracy and arithmetic | Algebra and formula manipulation | Ratios and proportional reasoning,,Execute,D2,Paragraph or micro-example,Atomic,false,,Inline paragraph or micro-example,false,false,,1,false,High,false,Rule-based taxonomy v2; corpus-level model review and spot checks,
P212-0887,M6,2026-08-09-HW-9,2026-08-09,HW-9,Homework,Problem-6.md,Problem lesson,6,Changing Slit Separation at a Fixed Fringe Angle,,,1,1,3,16,M6/2026-08-09-HW-9/Lessons/Problem-6.md,/Users/jake/Developer/study/vault/212/M6/2026-08-09-HW-9/Lessons/Problem-6.md,Recognize that the same angle gives the same value of $\sin\theta$.,recognize that the same angle gives the same value of \sin\theta,Mathematical technique,Semantic and physical interpretation,Geometry and trigonometry,,Recognize,D2,Paragraph or micro-example,Atomic,false,,Inline paragraph or micro-example,true,false,,1,false,High,false,Rule-based taxonomy v2; corpus-level model review and spot checks,
P212-0888,M6,2026-08-09-HW-9,2026-08-09,HW-9,Homework,Problem-7.md,Problem lesson,7,Exact Diffraction-Grating Positions on a Screen,,,1,1,1,14,M6/2026-08-09-HW-9/Lessons/Problem-7.md,/Users/jake/Developer/study/vault/212/M6/2026-08-09-HW-9/Lessons/Problem-7.md,Use the diffraction-grating maximum condition $d\sin\theta=m\lambda$.,use the diffraction-grating maximum condition d\sin\theta=m\lambda,"Physics concept, law, or relation",Mathematical technique,Geometry and trigonometry,Interference and diffraction,Execute,D3,Short focused lesson,Atomic,false,,Short prerequisite lesson,true,false,,2,false,Medium,true,Rule-based taxonomy v2; corpus-level model review and spot checks,
P212-0889,M6,2026-08-09-HW-9,2026-08-09,HW-9,Homework,Problem-7.md,Problem lesson,7,Exact Diffraction-Grating Positions on a Screen,,,1,1,2,15,M6/2026-08-09-HW-9/Lessons/Problem-7.md,/Users/jake/Developer/study/vault/212/M6/2026-08-09-HW-9/Lessons/Problem-7.md,Recognize sine and tangent as right-triangle side ratios.,recognize sine and tangent as right-triangle side ratios,Representation and spatial literacy,Mathematical technique,Geometry and trigonometry,,Recognize,D2,Paragraph or micro-example,Atomic,false,,Inline paragraph or micro-example,false,false,,1,false,High,false,Rule-based taxonomy v2; corpus-level model review and spot checks,
P212-0890,M6,2026-08-09-HW-9,2026-08-09,HW-9,Homework,Problem-7.md,Problem lesson,7,Exact Diffraction-Grating Positions on a Screen,,,1,1,3,16,M6/2026-08-09-HW-9/Lessons/Problem-7.md,/Users/jake/Developer/study/vault/212/M6/2026-08-09-HW-9/Lessons/Problem-7.md,Find a missing side with the Pythagorean theorem.,find a missing side with the pythagorean theorem,Mathematical technique,,Geometry and trigonometry,,Execute,D2,Paragraph or micro-example,Atomic,false,,Inline paragraph or micro-example,false,false,,1,false,High,false,Rule-based taxonomy v2; corpus-level model review and spot checks,
P212-0891,M7,2026-08-12-HW-10,2026-08-12,HW-10,Homework,Problem-1.md,Problem lesson,1,Auditing Qualitative Optics Claims,,,1,1,1,14,M7/2026-08-12-HW-10/Lessons/Problem-1.md,/Users/jake/Developer/study/vault/212/M7/2026-08-12-HW-10/Lessons/Problem-1.md,Distinguish a light ray from the backward extension of a ray.,distinguish a light ray from the backward extension of a ray,Semantic and physical interpretation,"Representation and spatial literacy | Physics concept, law, or relation",,Geometric optics,Interpret,D3,Short focused lesson,Atomic,false,,Short prerequisite lesson,false,false,,1,false,Medium,true,Rule-based taxonomy v2; corpus-level model review and spot checks,
P212-0892,M7,2026-08-12-HW-10,2026-08-12,HW-10,Homework,Problem-1.md,Problem lesson,1,Auditing Qualitative Optics Claims,,,1,1,2,15,M7/2026-08-12-HW-10/Lessons/Problem-1.md,/Users/jake/Developer/study/vault/212/M7/2026-08-12-HW-10/Lessons/Problem-1.md,Identify the normal as the line perpendicular to an optical surface.,identify the normal as the line perpendicular to an optical surface,Representation and spatial literacy,"Mathematical technique | Physics concept, law, or relation",Geometry and trigonometry,Geometric optics,Recognize,D2,Paragraph or micro-example,Atomic,false,,Inline paragraph or micro-example,false,false,,1,false,Medium,true,Rule-based taxonomy v2; corpus-level model review and spot checks,
P212-0893,M7,2026-08-12-HW-10,2026-08-12,HW-10,Homework,Problem-1.md,Problem lesson,1,Auditing Qualitative Optics Claims,,,1,1,3,16,M7/2026-08-12-HW-10/Lessons/Problem-1.md,/Users/jake/Developer/study/vault/212/M7/2026-08-12-HW-10/Lessons/Problem-1.md,Solve a simple reciprocal equation and interpret the sign and magnitude of a ratio.,solve a simple reciprocal equation and interpret the sign and magnitude of a ratio,Semantic and physical interpretation,Mathematical technique,Numeracy and arithmetic | Algebra and formula manipulation | Ratios and proportional reasoning,,Execute,D2,Paragraph or micro-example,Compound,false,,Inline paragraph or micro-example,false,false,,1,false,Medium,true,Rule-based taxonomy v2; corpus-level model review and spot checks,Potentially compound prerequisite; consider splitting
P212-0894,M7,2026-08-12-HW-10,2026-08-12,HW-10,Homework,Problem-2.md,Problem lesson,2,Identifying a Material from Refraction,,,1,1,1,14,M7/2026-08-12-HW-10/Lessons/Problem-2.md,/Users/jake/Developer/study/vault/212/M7/2026-08-12-HW-10/Lessons/Problem-2.md,Evaluate sine in degree mode.,evaluate sine in degree mode,Mathematical technique,Measurement and computation | Model condition or reference choice,Geometry and trigonometry,,Execute,D2,Paragraph or micro-example,Atomic,true,Angle-unit or calculator-mode convention,Inline paragraph or micro-example,false,false,,1,false,Medium,true,Rule-based taxonomy v2; corpus-level model review and spot checks,
P212-0895,M7,2026-08-12-HW-10,2026-08-12,HW-10,Homework,Problem-2.md,Problem lesson,2,Identifying a Material from Refraction,,,1,1,2,15,M7/2026-08-12-HW-10/Lessons/Problem-2.md,/Users/jake/Developer/study/vault/212/M7/2026-08-12-HW-10/Lessons/Problem-2.md,Rearrange an equation to isolate one variable.,rearrange an equation to isolate one variable,Mathematical technique,,Algebra and formula manipulation,,Recall,D2,Paragraph or micro-example,Atomic,false,,Inline paragraph or micro-example,false,false,,1,false,High,false,Rule-based taxonomy v2; corpus-level model review and spot checks,
P212-0896,M7,2026-08-12-HW-10,2026-08-12,HW-10,Homework,Problem-2.md,Problem lesson,2,Identifying a Material from Refraction,,,1,1,3,16,M7/2026-08-12-HW-10/Lessons/Problem-2.md,/Users/jake/Developer/study/vault/212/M7/2026-08-12-HW-10/Lessons/Problem-2.md,Identify the normal as the line perpendicular to an interface.,identify the normal as the line perpendicular to an interface,Representation and spatial literacy,Mathematical technique,Geometry and trigonometry,,Recognize,D2,Paragraph or micro-example,Atomic,false,,Inline paragraph or micro-example,false,false,,1,false,High,false,Rule-based taxonomy v2; corpus-level model review and spot checks,
P212-0897,M7,2026-08-12-HW-10,2026-08-12,HW-10,Homework,Problem-3.md,Problem lesson,3,Choosing a Refracted Ray at a Boundary,,,1,1,1,13,M7/2026-08-12-HW-10/Lessons/Problem-3.md,/Users/jake/Developer/study/vault/212/M7/2026-08-12-HW-10/Lessons/Problem-3.md,Interpret a ray's arrow as its direction of travel.,interpret a ray's arrow as its direction of travel,Semantic and physical interpretation,"Representation and spatial literacy | Physics concept, law, or relation",,Geometric optics,Interpret,D2,Paragraph or micro-example,Atomic,false,,Inline paragraph or micro-example,false,false,,1,false,Medium,true,Rule-based taxonomy v2; corpus-level model review and spot checks,
P212-0898,M7,2026-08-12-HW-10,2026-08-12,HW-10,Homework,Problem-3.md,Problem lesson,3,Choosing a Refracted Ray at a Boundary,,,1,1,2,14,M7/2026-08-12-HW-10/Lessons/Problem-3.md,/Users/jake/Developer/study/vault/212/M7/2026-08-12-HW-10/Lessons/Problem-3.md,Recognize perpendicular lines and compare angle sizes.,recognize perpendicular lines and compare angle sizes,Mathematical technique,,Geometry and trigonometry,,Recognize,D2,Paragraph or micro-example,Compound,false,,Inline paragraph or micro-example,false,false,,1,false,Medium,true,Rule-based taxonomy v2; corpus-level model review and spot checks,Potentially compound prerequisite; consider splitting
P212-0899,M7,2026-08-12-HW-10,2026-08-12,HW-10,Homework,Problem-4.md,Problem lesson,4,Classifying a Plane-Mirror Image,,,1,1,1,13,M7/2026-08-12-HW-10/Lessons/Problem-4.md,/Users/jake/Developer/study/vault/212/M7/2026-08-12-HW-10/Lessons/Problem-4.md,Distinguish a physical light ray from the backward extension of a ray.,distinguish a physical light ray from the backward extension of a ray,Semantic and physical interpretation,"Representation and spatial literacy | Physics concept, law, or relation",,Geometric optics,Interpret,D3,Short focused lesson,Atomic,false,,Short prerequisite lesson,false,false,,1,false,Medium,true,Rule-based taxonomy v2; corpus-level model review and spot checks,
P212-0900,M7,2026-08-12-HW-10,2026-08-12,HW-10,Homework,Problem-4.md,Problem lesson,4,Classifying a Plane-Mirror Image,,,1,1,2,14,M7/2026-08-12-HW-10/Lessons/Problem-4.md,/Users/jake/Developer/study/vault/212/M7/2026-08-12-HW-10/Lessons/Problem-4.md,Measure the shortest distance from a point to a flat surface along a perpendicular line.,measure the shortest distance from a point to a flat surface along a perpendicular line,Mathematical technique,,Geometry and trigonometry,,Recall,D2,Paragraph or micro-example,Atomic,false,,Inline paragraph or micro-example,false,false,,1,false,High,false,Rule-based taxonomy v2; corpus-level model review and spot checks,
P212-0901,M7,2026-08-12-HW-10,2026-08-12,HW-10,Homework,Problem-5.md,Problem lesson,5,Reading Thin-Lens Magnification to Identify the Image and Lens,,,1,1,1,14,M7/2026-08-12-HW-10/Lessons/Problem-5.md,/Users/jake/Developer/study/vault/212/M7/2026-08-12-HW-10/Lessons/Problem-5.md,Use the real-object sign convention $d_o>0$.,use the real-object sign convention do>0,Model condition or reference choice,,,,Execute,D2,Paragraph or micro-example,Atomic,true,Sign or direction convention,Inline paragraph or micro-example,true,false,,1,false,Medium,true,Rule-based taxonomy v2; corpus-level model review and spot checks,
P212-0902,M7,2026-08-12-HW-10,2026-08-12,HW-10,Homework,Problem-5.md,Problem lesson,5,Reading Thin-Lens Magnification to Identify the Image and Lens,,,1,1,2,15,M7/2026-08-12-HW-10/Lessons/Problem-5.md,/Users/jake/Developer/study/vault/212/M7/2026-08-12-HW-10/Lessons/Problem-5.md,"Recognize that a real image forms on the opposite side of a lens from the object, while a virtual image appears on the object's side.","recognize that a real image forms on the opposite side of a lens from the object, while a virtual image appears on the object's side","Physics concept, law, or relation",Mathematical technique | Semantic and physical interpretation,Geometry and trigonometry,Geometric optics,Recognize,D3,Short focused lesson,Atomic,false,,Short prerequisite lesson,false,false,,1,false,Medium,true,Rule-based taxonomy v2; corpus-level model review and spot checks,
P212-0903,M7,2026-08-12-HW-10,2026-08-12,HW-10,Homework,Problem-5.md,Problem lesson,5,Reading Thin-Lens Magnification to Identify the Image and Lens,,,1,1,3,16,M7/2026-08-12-HW-10/Lessons/Problem-5.md,/Users/jake/Developer/study/vault/212/M7/2026-08-12-HW-10/Lessons/Problem-5.md,Compare a positive number with $1$.,compare a positive number with 1,Mathematical technique,,Numeracy and arithmetic,,Execute,D2,Paragraph or micro-example,Atomic,false,,Inline paragraph or micro-example,true,false,,1,false,High,false,Rule-based taxonomy v2; corpus-level model review and spot checks,
P212-0904,M7,2026-08-12-HW-10,2026-08-12,HW-10,Homework,Problem-6.md,Problem lesson,6,Inferring Lens Type from a Magnified Image,,,1,1,1,14,M7/2026-08-12-HW-10/Lessons/Problem-6.md,/Users/jake/Developer/study/vault/212/M7/2026-08-12-HW-10/Lessons/Problem-6.md,Use the real-object convention $d_o>0$.,use the real-object convention do>0,Model condition or reference choice,,,,Execute,D2,Paragraph or micro-example,Atomic,true,Sign or direction convention,Inline paragraph or micro-example,true,false,,1,false,Medium,true,Rule-based taxonomy v2; corpus-level model review and spot checks,
P212-0905,M7,2026-08-12-HW-10,2026-08-12,HW-10,Homework,Problem-6.md,Problem lesson,6,Inferring Lens Type from a Magnified Image,,,1,1,2,15,M7/2026-08-12-HW-10/Lessons/Problem-6.md,/Users/jake/Developer/study/vault/212/M7/2026-08-12-HW-10/Lessons/Problem-6.md,Recognize $f>0$ as a converging lens and $f<0$ as a diverging lens.,recognize f>0 as a converging lens and f<0 as a diverging lens,"Physics concept, law, or relation",,,Geometric optics,Recognize,D1,Retrieval cue,Atomic,false,,Inline reminder,true,false,,1,false,High,false,Rule-based taxonomy v2; corpus-level model review and spot checks,
P212-0906,M7,2026-08-12-HW-10,2026-08-12,HW-10,Homework,Problem-6.md,Problem lesson,6,Inferring Lens Type from a Magnified Image,,,1,1,3,16,M7/2026-08-12-HW-10/Lessons/Problem-6.md,/Users/jake/Developer/study/vault/212/M7/2026-08-12-HW-10/Lessons/Problem-6.md,Use $m=-d_i/d_o$ and interpret the sign and magnitude of $m$ separately.,use m=-di/do and interpret the sign and magnitude of m separately,Semantic and physical interpretation,,,,Execute,D2,Paragraph or micro-example,Compound,false,,Inline paragraph or micro-example,true,false,,1,false,Medium,true,Rule-based taxonomy v2; corpus-level model review and spot checks,Potentially compound prerequisite; consider splitting
P212-0907,M7,2026-08-12-HW-10,2026-08-12,HW-10,Homework,Problem-7.md,Problem lesson,7,Tracing a Parallel Ray Through a Converging Lens,,,1,1,1,15,M7/2026-08-12-HW-10/Lessons/Problem-7.md,/Users/jake/Developer/study/vault/212/M7/2026-08-12-HW-10/Lessons/Problem-7.md,Identify the optical axis and the two focal points of a thin lens.,identify the optical axis and the two focal points of a thin lens,Representation and spatial literacy,"Physics concept, law, or relation",,Geometric optics,Recognize,D1,Retrieval cue,Atomic,false,,Inline reminder,false,false,,1,false,High,false,Rule-based taxonomy v2; corpus-level model review and spot checks,
P212-0908,M7,2026-08-12-HW-10,2026-08-12,HW-10,Homework,Problem-7.md,Problem lesson,7,Tracing a Parallel Ray Through a Converging Lens,,,1,1,2,16,M7/2026-08-12-HW-10/Lessons/Problem-7.md,/Users/jake/Developer/study/vault/212/M7/2026-08-12-HW-10/Lessons/Problem-7.md,Follow a ray's arrow to distinguish the incident side from the outgoing side.,follow a ray's arrow to distinguish the incident side from the outgoing side,Representation and spatial literacy,"Semantic and physical interpretation | Physics concept, law, or relation",,Geometric optics,Recognize,D2,Paragraph or micro-example,Atomic,false,,Inline paragraph or micro-example,false,false,,1,false,Medium,true,Rule-based taxonomy v2; corpus-level model review and spot checks,
P212-0909,M7,2026-08-12-HW-10,2026-08-12,HW-10,Homework,Problem-7.md,Problem lesson,7,Tracing a Parallel Ray Through a Converging Lens,,,1,1,3,17,M7/2026-08-12-HW-10/Lessons/Problem-7.md,/Users/jake/Developer/study/vault/212/M7/2026-08-12-HW-10/Lessons/Problem-7.md,Recognize the symbol for a converging lens.,recognize the symbol for a converging lens,"Physics concept, law, or relation",,,Geometric optics,Recognize,D1,Retrieval cue,Atomic,false,,Inline reminder,false,false,,1,false,High,false,Rule-based taxonomy v2; corpus-level model review and spot checks,
P212-0910,M7,2026-08-12-HW-10,2026-08-12,HW-10,Homework,Problem-8.md,Problem lesson,8,Classifying Images Formed by Thin Lenses,,,1,1,1,15,M7/2026-08-12-HW-10/Lessons/Problem-8.md,/Users/jake/Developer/study/vault/212/M7/2026-08-12-HW-10/Lessons/Problem-8.md,Recognize a converging lens and a diverging lens.,recognize a converging lens and a diverging lens,"Physics concept, law, or relation",,,Geometric optics,Recognize,D1,Retrieval cue,Atomic,false,,Inline reminder,false,false,,1,false,High,false,Rule-based taxonomy v2; corpus-level model review and spot checks,
P212-0911,M7,2026-08-12-HW-10,2026-08-12,HW-10,Homework,Problem-8.md,Problem lesson,8,Classifying Images Formed by Thin Lenses,,,1,1,2,16,M7/2026-08-12-HW-10/Lessons/Problem-8.md,/Users/jake/Developer/study/vault/212/M7/2026-08-12-HW-10/Lessons/Problem-8.md,Read the real-object distance $s$ relative to the positive focal-length magnitude $f$.,read the real-object distance s relative to the positive focal-length magnitude f,"Physics concept, law, or relation",Model condition or reference choice,,Geometric optics,Recognize,D2,Paragraph or micro-example,Atomic,true,Sign or direction convention,Inline paragraph or micro-example,true,false,,1,false,High,false,Rule-based taxonomy v2; focused corpus QA adjustment,Focused corpus QA adjustment applied
P212-0912,M7,2026-08-12-HW-10,2026-08-12,HW-10,Homework,Problem-8.md,Problem lesson,8,Classifying Images Formed by Thin Lenses,,,1,1,3,17,M7/2026-08-12-HW-10/Lessons/Problem-8.md,/Users/jake/Developer/study/vault/212/M7/2026-08-12-HW-10/Lessons/Problem-8.md,"Recall that a real image is formed where outgoing rays actually meet, while a virtual image is formed where their backward extensions meet.","recall that a real image is formed where outgoing rays actually meet, while a virtual image is formed where their backward extensions meet","Physics concept, law, or relation",Semantic and physical interpretation,,Geometric optics,Recall,D3,Short focused lesson,Atomic,false,,Short prerequisite lesson,false,false,,1,false,High,false,Rule-based taxonomy v2; corpus-level model review and spot checks,
P212-0913,M7,2026-08-12-HW-10,2026-08-12,HW-10,Homework,Problem-9.md,Problem lesson,9,Why Convex-Mirror Images Are Always Virtual,,,1,1,1,15,M7/2026-08-12-HW-10/Lessons/Problem-9.md,/Users/jake/Developer/study/vault/212/M7/2026-08-12-HW-10/Lessons/Problem-9.md,Distinguish a real object in front of a mirror from an image behind it.,distinguish a real object in front of a mirror from an image behind it,Semantic and physical interpretation,"Physics concept, law, or relation",,Geometric optics,Interpret,D2,Paragraph or micro-example,Atomic,false,,Inline paragraph or micro-example,false,false,,1,false,High,false,Rule-based taxonomy v2; corpus-level model review and spot checks,
P212-0914,M7,2026-08-12-HW-10,2026-08-12,HW-10,Homework,Problem-9.md,Problem lesson,9,Why Convex-Mirror Images Are Always Virtual,,,1,1,2,16,M7/2026-08-12-HW-10/Lessons/Problem-9.md,/Users/jake/Developer/study/vault/212/M7/2026-08-12-HW-10/Lessons/Problem-9.md,Recognize the principal axis and focal point of a spherical mirror.,recognize the principal axis and focal point of a spherical mirror,Representation and spatial literacy,"Physics concept, law, or relation",,Geometric optics,Recognize,D1,Retrieval cue,Atomic,false,,Inline reminder,false,false,,1,false,High,false,Rule-based taxonomy v2; corpus-level model review and spot checks,
P212-0915,M7,2026-08-12-HW-10,2026-08-12,HW-10,Homework,Problem-9.md,Problem lesson,9,Why Convex-Mirror Images Are Always Virtual,,,1,1,3,17,M7/2026-08-12-HW-10/Lessons/Problem-9.md,/Users/jake/Developer/study/vault/212/M7/2026-08-12-HW-10/Lessons/Problem-9.md,"Know that light follows the reflected rays, not their backward extensions.","know that light follows the reflected rays, not their backward extensions",Semantic and physical interpretation,,,,Recall,D1,Retrieval cue,Atomic,false,,Inline reminder,false,false,,1,false,High,false,Rule-based taxonomy v2; corpus-level model review and spot checks,
P212-0916,M7,2026-08-12-HW-10,2026-08-12,HW-10,Homework,Problem-10.md,Problem lesson,10,Classifying a Lens from a Ray Diagram,,,1,1,1,13,M7/2026-08-12-HW-10/Lessons/Problem-10.md,/Users/jake/Developer/study/vault/212/M7/2026-08-12-HW-10/Lessons/Problem-10.md,Identify the principal axis and the focal points of a thin lens.,identify the principal axis and the focal points of a thin lens,Representation and spatial literacy,"Physics concept, law, or relation",,Geometric optics,Recognize,D1,Retrieval cue,Atomic,false,,Inline reminder,false,false,,1,false,High,false,Rule-based taxonomy v2; corpus-level model review and spot checks,
P212-0917,M7,2026-08-12-HW-10,2026-08-12,HW-10,Homework,Problem-10.md,Problem lesson,10,Classifying a Lens from a Ray Diagram,,,1,1,2,14,M7/2026-08-12-HW-10/Lessons/Problem-10.md,/Users/jake/Developer/study/vault/212/M7/2026-08-12-HW-10/Lessons/Problem-10.md,Follow a ray in its direction of travel through a diagram.,follow a ray in its direction of travel through a diagram,Representation and spatial literacy,"Physics concept, law, or relation",,Geometric optics,Recognize,D2,Paragraph or micro-example,Atomic,false,,Inline paragraph or micro-example,false,false,,1,false,High,false,Rule-based taxonomy v2; corpus-level model review and spot checks,
P212-0918,M7,2026-08-12-HW-10,2026-08-12,HW-10,Homework,Problem-10.md,Problem lesson,10,Classifying a Lens from a Ray Diagram,,,1,1,3,15,M7/2026-08-12-HW-10/Lessons/Problem-10.md,/Users/jake/Developer/study/vault/212/M7/2026-08-12-HW-10/Lessons/Problem-10.md,Distinguish a drawn light ray from a backward extension used to locate a virtual image.,distinguish a drawn light ray from a backward extension used to locate a virtual image,Semantic and physical interpretation,"Representation and spatial literacy | Physics concept, law, or relation",,Geometric optics,Interpret,D3,Short focused lesson,Atomic,false,,Short prerequisite lesson,false,false,,1,false,Medium,true,Rule-based taxonomy v2; corpus-level model review and spot checks,
P212-0919,M7,2026-08-12-HW-10,2026-08-12,HW-10,Homework,Problem-11.md,Problem lesson,11,Solving the Thin-Lens Equation for Image Distance,,,1,1,1,15,M7/2026-08-12-HW-10/Lessons/Problem-11.md,/Users/jake/Developer/study/vault/212/M7/2026-08-12-HW-10/Lessons/Problem-11.md,"Recognize $d_0$ as the object distance, $d_1$ as the image distance, and $f_1$ as the signed focal length of Lens 1.","recognize d0 as the object distance, d1 as the image distance, and f1 as the signed focal length of lens 1","Physics concept, law, or relation",Model condition or reference choice,,Geometric optics,Recognize,D1,Retrieval cue,Atomic,true,Sign or direction convention,Inline reminder,true,false,,1,false,High,false,Rule-based taxonomy v2; corpus-level model review and spot checks,
P212-0920,M7,2026-08-12-HW-10,2026-08-12,HW-10,Homework,Problem-11.md,Problem lesson,11,Solving the Thin-Lens Equation for Image Distance,,,1,1,2,16,M7/2026-08-12-HW-10/Lessons/Problem-11.md,/Users/jake/Developer/study/vault/212/M7/2026-08-12-HW-10/Lessons/Problem-11.md,Rearrange an equation by applying the same operation to both sides.,rearrange an equation by applying the same operation to both sides,Mathematical technique,,Algebra and formula manipulation,,Execute,D2,Paragraph or micro-example,Atomic,false,,Inline paragraph or micro-example,false,false,,1,false,High,false,Rule-based taxonomy v2; corpus-level model review and spot checks,
P212-0921,M7,2026-08-12-HW-10,2026-08-12,HW-10,Homework,Problem-11.md,Problem lesson,11,Solving the Thin-Lens Equation for Image Distance,,,1,1,3,17,M7/2026-08-12-HW-10/Lessons/Problem-11.md,/Users/jake/Developer/study/vault/212/M7/2026-08-12-HW-10/Lessons/Problem-11.md,Subtract fractions with unlike denominators and take the reciprocal of a nonzero fraction.,subtract fractions with unlike denominators and take the reciprocal of a nonzero fraction,Mathematical technique,,Numeracy and arithmetic,,Execute,D2,Paragraph or micro-example,Compound,false,,Inline paragraph or micro-example,false,false,,1,false,Medium,true,Rule-based taxonomy v2; corpus-level model review and spot checks,Potentially compound prerequisite; consider splitting
