topic-id,topic-code,topic-number,topic-name,unit,module,lesson-path,source-path,layer,nearest-integer-layer,course-map-index
47,MML.1.1.1,1.1.1,Special Sets,1. Set Theory,1.1. Introduction to Set Theory,1. Set Theory/1.1. Introduction to Set Theory/Lessons/1.1.1. Special Sets.md,1. Set Theory/1.1. Introduction to Set Theory/Source/1.1.1. Special Sets,33,33,1
1976,MML.1.1.2,1.1.2,Equivalent Sets,1. Set Theory,1.1. Introduction to Set Theory,1. Set Theory/1.1. Introduction to Set Theory/Lessons/1.1.2. Equivalent Sets.md,1. Set Theory/1.1. Introduction to Set Theory/Source/1.1.2. Equivalent Sets,34,34,2
46,MML.1.1.3,1.1.3,The Constructive Definition of a Set,1. Set Theory,1.1. Introduction to Set Theory,1. Set Theory/1.1. Introduction to Set Theory/Lessons/1.1.3. The Constructive Definition of a Set.md,1. Set Theory/1.1. Introduction to Set Theory/Source/1.1.3. The Constructive Definition of a Set,48,48,3
4425,MML.1.1.4,1.1.4,The Conditional Definition of a Set,1. Set Theory,1.1. Introduction to Set Theory,1. Set Theory/1.1. Introduction to Set Theory/Lessons/1.1.4. The Conditional Definition of a Set.md,1. Set Theory/1.1. Introduction to Set Theory/Source/1.1.4. The Conditional Definition of a Set,59,59,4
4393,MML.1.1.5,1.1.5,Describing Sets Using Set-Builder Notation,1. Set Theory,1.1. Introduction to Set Theory,1. Set Theory/1.1. Introduction to Set Theory/Lessons/1.1.5. Describing Sets Using Set-Builder Notation.md,1. Set Theory/1.1. Introduction to Set Theory/Source/1.1.5. Describing Sets Using Set-Builder Notation,60,60,5
4392,MML.1.1.6,1.1.6,Describing Planar Regions Using Set-Builder Notation,1. Set Theory,1.1. Introduction to Set Theory,1. Set Theory/1.1. Introduction to Set Theory/Lessons/1.1.6. Describing Planar Regions Using Set-Builder Notation.md,1. Set Theory/1.1. Introduction to Set Theory/Source/1.1.6. Describing Planar Regions Using Set-Builder Notation,65,65,6
948,MML.1.1.7,1.1.7,Indicator Functions,1. Set Theory,1.1. Introduction to Set Theory,1. Set Theory/1.1. Introduction to Set Theory/Lessons/1.1.7. Indicator Functions.md,1. Set Theory/1.1. Introduction to Set Theory/Source/1.1.7. Indicator Functions,61,61,7
3218,MML.1.1.8,1.1.8,Indicator Functions for Predicates,1. Set Theory,1.1. Introduction to Set Theory,1. Set Theory/1.1. Introduction to Set Theory/Lessons/1.1.8. Indicator Functions for Predicates.md,1. Set Theory/1.1. Introduction to Set Theory/Source/1.1.8. Indicator Functions for Predicates,62,62,8
2828,MML.1.2.1,1.2.1,The Difference of Sets,1. Set Theory,1.2. Set Operations,1. Set Theory/1.2. Set Operations/Lessons/1.2.1. The Difference of Sets.md,1. Set Theory/1.2. Set Operations/Source/1.2.1. The Difference of Sets,45,45,9
2829,MML.1.2.2,1.2.2,Set Complements,1. Set Theory,1.2. Set Operations,1. Set Theory/1.2. Set Operations/Lessons/1.2.2. Set Complements.md,1. Set Theory/1.2. Set Operations/Source/1.2.2. Set Complements,23,23,10
49,MML.1.2.3,1.2.3,The Cartesian Product,1. Set Theory,1.2. Set Operations,1. Set Theory/1.2. Set Operations/Lessons/1.2.3. The Cartesian Product.md,1. Set Theory/1.2. Set Operations/Source/1.2.3. The Cartesian Product,63,63,11
4387,MML.1.2.4,1.2.4,Visualizing Cartesian Products,1. Set Theory,1.2. Set Operations,1. Set Theory/1.2. Set Operations/Lessons/1.2.4. Visualizing Cartesian Products.md,1. Set Theory/1.2. Set Operations/Source/1.2.4. Visualizing Cartesian Products,64,64,12
55,MML.1.2.5,1.2.5,Indexed Sets,1. Set Theory,1.2. Set Operations,1. Set Theory/1.2. Set Operations/Lessons/1.2.5. Indexed Sets.md,1. Set Theory/1.2. Set Operations/Source/1.2.5. Indexed Sets,61,61,13
3334,MML.1.2.6,1.2.6,Sets and Functions,1. Set Theory,1.2. Set Operations,1. Set Theory/1.2. Set Operations/Lessons/1.2.6. Sets and Functions.md,1. Set Theory/1.2. Set Operations/Source/1.2.6. Sets and Functions,61,61,14
50,MML.1.3.1,1.3.1,Subsets,1. Set Theory,1.3. Properties of Sets,1. Set Theory/1.3. Properties of Sets/Lessons/1.3.1. Subsets.md,1. Set Theory/1.3. Properties of Sets/Source/1.3.1. Subsets,60,60,15
48,MML.1.3.2,1.3.2,Cardinality of Finite Sets,1. Set Theory,1.3. Properties of Sets,1. Set Theory/1.3. Properties of Sets/Lessons/1.3.2. Cardinality of Finite Sets.md,1. Set Theory/1.3. Properties of Sets/Source/1.3.2. Cardinality of Finite Sets,61,61,16
4386,MML.1.3.3,1.3.3,Infinite Sets,1. Set Theory,1.3. Properties of Sets,1. Set Theory/1.3. Properties of Sets/Lessons/1.3.3. Infinite Sets.md,1. Set Theory/1.3. Properties of Sets/Source/1.3.3. Infinite Sets,62,62,17
1930,MML.1.3.4,1.3.4,Interior and Boundary Points,1. Set Theory,1.3. Properties of Sets,1. Set Theory/1.3. Properties of Sets/Lessons/1.3.4. Interior and Boundary Points.md,1. Set Theory/1.3. Properties of Sets/Source/1.3.4. Interior and Boundary Points,66,66,18
4063,MML.1.3.5,1.3.5,Interiors and Boundaries of Sets,1. Set Theory,1.3. Properties of Sets,1. Set Theory/1.3. Properties of Sets/Lessons/1.3.5. Interiors and Boundaries of Sets.md,1. Set Theory/1.3. Properties of Sets/Source/1.3.5. Interiors and Boundaries of Sets,67,67,19
4097,MML.1.3.6,1.3.6,Open and Closed Sets,1. Set Theory,1.3. Properties of Sets,1. Set Theory/1.3. Properties of Sets/Lessons/1.3.6. Open and Closed Sets.md,1. Set Theory/1.3. Properties of Sets/Source/1.3.6. Open and Closed Sets,68,68,20
2789,MML.1.3.7,1.3.7,Disjoint Sets,1. Set Theory,1.3. Properties of Sets,1. Set Theory/1.3. Properties of Sets/Lessons/1.3.7. Disjoint Sets.md,1. Set Theory/1.3. Properties of Sets/Source/1.3.7. Disjoint Sets,66,66,21
4396,MML.1.3.8,1.3.8,The Maximum and Minimum of a Set,1. Set Theory,1.3. Properties of Sets,1. Set Theory/1.3. Properties of Sets/Lessons/1.3.8. The Maximum and Minimum of a Set.md,1. Set Theory/1.3. Properties of Sets/Source/1.3.8. The Maximum and Minimum of a Set,60,60,22
3036,MML.1.3.9,1.3.9,Supremum and Infimum,1. Set Theory,1.3. Properties of Sets,1. Set Theory/1.3. Properties of Sets/Lessons/1.3.9. Supremum and Infimum.md,1. Set Theory/1.3. Properties of Sets/Source/1.3.9. Supremum and Infimum,61,61,23
6819,MML.1.3.10,1.3.10,Argmax and Argmin Notation,1. Set Theory,1.3. Properties of Sets,1. Set Theory/1.3. Properties of Sets/Lessons/1.3.10. Argmax and Argmin Notation.md,1. Set Theory/1.3. Properties of Sets/Source/1.3.10. Argmax and Argmin Notation,61,61,24
6824,MML.1.3.11,1.3.11,Finding Argmax and Argmin From Tables and Graphs,1. Set Theory,1.3. Properties of Sets,1. Set Theory/1.3. Properties of Sets/Lessons/1.3.11. Finding Argmax and Argmin From Tables and Graphs.md,1. Set Theory/1.3. Properties of Sets/Source/1.3.11. Finding Argmax and Argmin From Tables and Graphs,62,62,25
58,MML.2.1.1,2.1.1,Statements and Predicates,2. Logic,2.1. Logical Statements,2. Logic/2.1. Logical Statements/Lessons/2.1.1. Statements and Predicates.md,2. Logic/2.1. Logical Statements/Source/2.1.1. Statements and Predicates,34,34,26
60,MML.2.1.2,2.1.2,"The ""And"" and ""Or"" Connectives",2. Logic,2.1. Logical Statements,2. Logic/2.1. Logical Statements/Lessons/2.1.2. The -And- and -Or- Connectives.md,2. Logic/2.1. Logical Statements/Source/2.1.2. The -And- and -Or- Connectives,35,35,27
4252,MML.2.1.3,2.1.3,Truth Tables,2. Logic,2.1. Logical Statements,2. Logic/2.1. Logical Statements/Lessons/2.1.3. Truth Tables.md,2. Logic/2.1. Logical Statements/Source/2.1.3. Truth Tables,36,36,28
2790,MML.2.1.4,2.1.4,"The ""Not"" Connective",2. Logic,2.1. Logical Statements,2. Logic/2.1. Logical Statements/Lessons/2.1.4. The -Not- Connective.md,2. Logic/2.1. Logical Statements/Source/2.1.4. The -Not- Connective,37,37,29
2821,MML.2.1.5,2.1.5,Logical Equivalence,2. Logic,2.1. Logical Statements,2. Logic/2.1. Logical Statements/Lessons/2.1.5. Logical Equivalence.md,2. Logic/2.1. Logical Statements/Source/2.1.5. Logical Equivalence,38,38,30
2830,MML.2.1.6,2.1.6,Logical Associative and Commutative Laws,2. Logic,2.1. Logical Statements,2. Logic/2.1. Logical Statements/Lessons/2.1.6. Logical Associative and Commutative Laws.md,2. Logic/2.1. Logical Statements/Source/2.1.6. Logical Associative and Commutative Laws,39,39,31
2822,MML.2.1.7,2.1.7,The Distributive Laws,2. Logic,2.1. Logical Statements,2. Logic/2.1. Logical Statements/Lessons/2.1.7. The Distributive Laws.md,2. Logic/2.1. Logical Statements/Source/2.1.7. The Distributive Laws,39,39,32
2823,MML.2.1.8,2.1.8,The Absorption Laws,2. Logic,2.1. Logical Statements,2. Logic/2.1. Logical Statements/Lessons/2.1.8. The Absorption Laws.md,2. Logic/2.1. Logical Statements/Source/2.1.8. The Absorption Laws,40,40,33
230,MML.2.1.9,2.1.9,De Morgan's Laws for Logic,2. Logic,2.1. Logical Statements,2. Logic/2.1. Logical Statements/Lessons/2.1.9. De Morgan's Laws for Logic.md,2. Logic/2.1. Logical Statements/Source/2.1.9. De Morgan's Laws for Logic,39,39,34
250,MML.2.2.1,2.2.1,Conditional Statements,2. Logic,2.2. Implications and Biconditionals,2. Logic/2.2. Implications and Biconditionals/Lessons/2.2.1. Conditional Statements.md,2. Logic/2.2. Implications and Biconditionals/Source/2.2.1. Conditional Statements,39,39,35
247,MML.2.2.2,2.2.2,Logical Equivalence with Conditional Statements,2. Logic,2.2. Implications and Biconditionals,2. Logic/2.2. Implications and Biconditionals/Lessons/2.2.2. Logical Equivalence with Conditional Statements.md,2. Logic/2.2. Implications and Biconditionals/Source/2.2.2. Logical Equivalence with Conditional Statements,41,41,36
248,MML.2.2.3,2.2.3,Biconditional Statements,2. Logic,2.2. Implications and Biconditionals,2. Logic/2.2. Implications and Biconditionals/Lessons/2.2.3. Biconditional Statements.md,2. Logic/2.2. Implications and Biconditionals/Source/2.2.3. Biconditional Statements,42,42,37
4254,MML.2.2.4,2.2.4,Truth Sets of Predicates,2. Logic,2.2. Implications and Biconditionals,2. Logic/2.2. Implications and Biconditionals/Lessons/2.2.4. Truth Sets of Predicates.md,2. Logic/2.2. Implications and Biconditionals/Source/2.2.4. Truth Sets of Predicates,66,66,38
4255,MML.2.2.5,2.2.5,"The ""And"" and ""Or"" Connectives With Predicates",2. Logic,2.2. Implications and Biconditionals,2. Logic/2.2. Implications and Biconditionals/Lessons/2.2.5. The -And- and -Or- Connectives With Predicates.md,2. Logic/2.2. Implications and Biconditionals/Source/2.2.5. The -And- and -Or- Connectives With Predicates,67,67,39
4256,MML.2.2.6,2.2.6,"The ""Not"" Connective With Predicates",2. Logic,2.2. Implications and Biconditionals,2. Logic/2.2. Implications and Biconditionals/Lessons/2.2.6. The -Not- Connective With Predicates.md,2. Logic/2.2. Implications and Biconditionals/Source/2.2.6. The -Not- Connective With Predicates,67,67,40
4302,MML.2.2.7,2.2.7,Simplifying Predicate Expressions Using De Morgan's Laws,2. Logic,2.2. Implications and Biconditionals,2. Logic/2.2. Implications and Biconditionals/Lessons/2.2.7. Simplifying Predicate Expressions Using De Morgan's Laws.md,2. Logic/2.2. Implications and Biconditionals/Source/2.2.7. Simplifying Predicate Expressions Using De Morgan's Laws,68,68,41
4257,MML.2.2.8,2.2.8,Conditional Statements With Predicates,2. Logic,2.2. Implications and Biconditionals,2. Logic/2.2. Implications and Biconditionals/Lessons/2.2.8. Conditional Statements With Predicates.md,2. Logic/2.2. Implications and Biconditionals/Source/2.2.8. Conditional Statements With Predicates,68,68,42
3778,MML.2.3.1,2.3.1,Boolean Functions,2. Logic,2.3. Introduction to Boolean Algebra,2. Logic/2.3. Introduction to Boolean Algebra/Lessons/2.3.1. Boolean Functions.md,2. Logic/2.3. Introduction to Boolean Algebra/Source/2.3.1. Boolean Functions,62,62,43
3779,MML.2.3.2,2.3.2,Boolean Functions And Logical Operations,2. Logic,2.3. Introduction to Boolean Algebra,2. Logic/2.3. Introduction to Boolean Algebra/Lessons/2.3.2. Boolean Functions And Logical Operations.md,2. Logic/2.3. Introduction to Boolean Algebra/Source/2.3.2. Boolean Functions And Logical Operations,63,63,44
1376,MML.3.1.1,3.1.1,The Vector Equation of a Line,3. Vectors and Matrices,3.1. Vector Geometry,3. Vectors and Matrices/3.1. Vector Geometry/Lessons/3.1.1. The Vector Equation of a Line.md,3. Vectors and Matrices/3.1. Vector Geometry/Source/3.1.1. The Vector Equation of a Line,61,61,45
1920,MML.3.1.2,3.1.2,The Parametric Equations of a Line,3. Vectors and Matrices,3.1. Vector Geometry,3. Vectors and Matrices/3.1. Vector Geometry/Lessons/3.1.2. The Parametric Equations of a Line.md,3. Vectors and Matrices/3.1. Vector Geometry/Source/3.1.2. The Parametric Equations of a Line,62,62,46
1799,MML.3.1.3,3.1.3,The Cartesian Equation of a Line,3. Vectors and Matrices,3.1. Vector Geometry,3. Vectors and Matrices/3.1. Vector Geometry/Lessons/3.1.3. The Cartesian Equation of a Line.md,3. Vectors and Matrices/3.1. Vector Geometry/Source/3.1.3. The Cartesian Equation of a Line,63,63,47
1805,MML.3.1.4,3.1.4,The Vector Equation of a Plane,3. Vectors and Matrices,3.1. Vector Geometry,3. Vectors and Matrices/3.1. Vector Geometry/Lessons/3.1.4. The Vector Equation of a Plane.md,3. Vectors and Matrices/3.1. Vector Geometry/Source/3.1.4. The Vector Equation of a Plane,64,64,48
1807,MML.3.1.5,3.1.5,The Cartesian Equation of a Plane,3. Vectors and Matrices,3.1. Vector Geometry,3. Vectors and Matrices/3.1. Vector Geometry/Lessons/3.1.5. The Cartesian Equation of a Plane.md,3. Vectors and Matrices/3.1. Vector Geometry/Source/3.1.5. The Cartesian Equation of a Plane,65,65,49
1806,MML.3.1.6,3.1.6,The Parametric Equations of a Plane,3. Vectors and Matrices,3.1. Vector Geometry,3. Vectors and Matrices/3.1. Vector Geometry/Lessons/3.1.6. The Parametric Equations of a Plane.md,3. Vectors and Matrices/3.1. Vector Geometry/Source/3.1.6. The Parametric Equations of a Plane,64,64,50
2539,MML.3.1.7,3.1.7,The Intersection of Two Planes,3. Vectors and Matrices,3.1. Vector Geometry,3. Vectors and Matrices/3.1. Vector Geometry/Lessons/3.1.7. The Intersection of Two Planes.md,3. Vectors and Matrices/3.1. Vector Geometry/Source/3.1.7. The Intersection of Two Planes,66,66,51
1810,MML.3.1.8,3.1.8,The Shortest Distance Between a Plane and a Point,3. Vectors and Matrices,3.1. Vector Geometry,3. Vectors and Matrices/3.1. Vector Geometry/Lessons/3.1.8. The Shortest Distance Between a Plane and a Point.md,3. Vectors and Matrices/3.1. Vector Geometry/Source/3.1.8. The Shortest Distance Between a Plane and a Point,66,66,52
1808,MML.3.1.9,3.1.9,The Intersection Between a Line and a Plane,3. Vectors and Matrices,3.1. Vector Geometry,3. Vectors and Matrices/3.1. Vector Geometry/Lessons/3.1.9. The Intersection Between a Line and a Plane.md,3. Vectors and Matrices/3.1. Vector Geometry/Source/3.1.9. The Intersection Between a Line and a Plane,66,66,53
1769,MML.3.2.1,3.2.1,The Determinant of an NxN Matrix,3. Vectors and Matrices,3.2. Determinants,3. Vectors and Matrices/3.2. Determinants/Lessons/3.2.1. The Determinant of an NxN Matrix.md,3. Vectors and Matrices/3.2. Determinants/Source/3.2.1. The Determinant of an NxN Matrix,63,63,54
1770,MML.3.2.2,3.2.2,Finding Determinants Using Laplace Expansions,3. Vectors and Matrices,3.2. Determinants,3. Vectors and Matrices/3.2. Determinants/Lessons/3.2.2. Finding Determinants Using Laplace Expansions.md,3. Vectors and Matrices/3.2. Determinants/Source/3.2.2. Finding Determinants Using Laplace Expansions,64,64,55
1771,MML.3.2.3,3.2.3,Basic Properties of Determinants,3. Vectors and Matrices,3.2. Determinants,3. Vectors and Matrices/3.2. Determinants/Lessons/3.2.3. Basic Properties of Determinants.md,3. Vectors and Matrices/3.2. Determinants/Source/3.2.3. Basic Properties of Determinants,65,65,56
1774,MML.3.2.4,3.2.4,Further Properties of Determinants,3. Vectors and Matrices,3.2. Determinants,3. Vectors and Matrices/3.2. Determinants/Lessons/3.2.4. Further Properties of Determinants.md,3. Vectors and Matrices/3.2. Determinants/Source/3.2.4. Further Properties of Determinants,68,68,57
1772,MML.3.2.5,3.2.5,Row and Column Operations on Determinants,3. Vectors and Matrices,3.2. Determinants,3. Vectors and Matrices/3.2. Determinants/Lessons/3.2.5. Row and Column Operations on Determinants.md,3. Vectors and Matrices/3.2. Determinants/Source/3.2.5. Row and Column Operations on Determinants,66,66,58
2201,MML.3.2.6,3.2.6,Conditions When a Determinant Equals Zero,3. Vectors and Matrices,3.2. Determinants,3. Vectors and Matrices/3.2. Determinants/Lessons/3.2.6. Conditions When a Determinant Equals Zero.md,3. Vectors and Matrices/3.2. Determinants/Source/3.2.6. Conditions When a Determinant Equals Zero,67,67,59
148,MML.3.3.1,3.3.1,Systems of Equations as Augmented Matrices,3. Vectors and Matrices,3.3. Gaussian Elimination,3. Vectors and Matrices/3.3. Gaussian Elimination/Lessons/3.3.1. Systems of Equations as Augmented Matrices.md,3. Vectors and Matrices/3.3. Gaussian Elimination/Source/3.3.1. Systems of Equations as Augmented Matrices,36,36,60
2083,MML.3.3.2,3.3.2,Row Echelon Form,3. Vectors and Matrices,3.3. Gaussian Elimination,3. Vectors and Matrices/3.3. Gaussian Elimination/Lessons/3.3.2. Row Echelon Form.md,3. Vectors and Matrices/3.3. Gaussian Elimination/Source/3.3.2. Row Echelon Form,37,37,61
1047,MML.3.3.3,3.3.3,Solving Systems of Equations Using Back Substitution,3. Vectors and Matrices,3.3. Gaussian Elimination,3. Vectors and Matrices/3.3. Gaussian Elimination/Lessons/3.3.3. Solving Systems of Equations Using Back Substitution.md,3. Vectors and Matrices/3.3. Gaussian Elimination/Source/3.3.3. Solving Systems of Equations Using Back Substitution,57,57,62
149,MML.3.3.4,3.3.4,Elementary Row Operations,3. Vectors and Matrices,3.3. Gaussian Elimination,3. Vectors and Matrices/3.3. Gaussian Elimination/Lessons/3.3.4. Elementary Row Operations.md,3. Vectors and Matrices/3.3. Gaussian Elimination/Source/3.3.4. Elementary Row Operations,37,37,63
3029,MML.3.3.5,3.3.5,Creating Rows or Columns Containing Zeros Using Gaussian Elimination,3. Vectors and Matrices,3.3. Gaussian Elimination,3. Vectors and Matrices/3.3. Gaussian Elimination/Lessons/3.3.5. Creating Rows or Columns Containing Zeros Using Gaussian Elimination.md,3. Vectors and Matrices/3.3. Gaussian Elimination/Source/3.3.5. Creating Rows or Columns Containing Zeros Using Gaussian Elimination,38,38,64
151,MML.3.3.6,3.3.6,Solving 2x2 Systems of Equations Using Gaussian Elimination,3. Vectors and Matrices,3.3. Gaussian Elimination,3. Vectors and Matrices/3.3. Gaussian Elimination/Lessons/3.3.6. Solving 2x2 Systems of Equations Using Gaussian Elimination.md,3. Vectors and Matrices/3.3. Gaussian Elimination/Source/3.3.6. Solving 2x2 Systems of Equations Using Gaussian Elimination,58,58,65
1373,MML.3.3.7,3.3.7,Solving 2x2 Singular Systems of Equations Using Gaussian Elimination,3. Vectors and Matrices,3.3. Gaussian Elimination,3. Vectors and Matrices/3.3. Gaussian Elimination/Lessons/3.3.7. Solving 2x2 Singular Systems of Equations Using Gaussian Elimination.md,3. Vectors and Matrices/3.3. Gaussian Elimination/Source/3.3.7. Solving 2x2 Singular Systems of Equations Using Gaussian Elimination,59,59,66
1048,MML.3.3.8,3.3.8,Solving 3x3 Systems of Equations Using Gaussian Elimination,3. Vectors and Matrices,3.3. Gaussian Elimination,3. Vectors and Matrices/3.3. Gaussian Elimination/Lessons/3.3.8. Solving 3x3 Systems of Equations Using Gaussian Elimination.md,3. Vectors and Matrices/3.3. Gaussian Elimination/Source/3.3.8. Solving 3x3 Systems of Equations Using Gaussian Elimination,59,59,67
1904,MML.3.3.9,3.3.9,Identifying the Pivot Columns of a Matrix,3. Vectors and Matrices,3.3. Gaussian Elimination,3. Vectors and Matrices/3.3. Gaussian Elimination/Lessons/3.3.9. Identifying the Pivot Columns of a Matrix.md,3. Vectors and Matrices/3.3. Gaussian Elimination/Source/3.3.9. Identifying the Pivot Columns of a Matrix,60,60,68
1374,MML.3.3.10,3.3.10,Solving 3x3 Singular Systems of Equations Using Gaussian Elimination,3. Vectors and Matrices,3.3. Gaussian Elimination,3. Vectors and Matrices/3.3. Gaussian Elimination/Lessons/3.3.10. Solving 3x3 Singular Systems of Equations Using Gaussian Elimination.md,3. Vectors and Matrices/3.3. Gaussian Elimination/Source/3.3.10. Solving 3x3 Singular Systems of Equations Using Gaussian Elimination,65,65,69
1049,MML.3.3.11,3.3.11,Reduced Row Echelon Form,3. Vectors and Matrices,3.3. Gaussian Elimination,3. Vectors and Matrices/3.3. Gaussian Elimination/Lessons/3.3.11. Reduced Row Echelon Form.md,3. Vectors and Matrices/3.3. Gaussian Elimination/Source/3.3.11. Reduced Row Echelon Form,66,66,70
1733,MML.3.3.12,3.3.12,Gaussian Elimination For NxM Systems of Equations,3. Vectors and Matrices,3.3. Gaussian Elimination,3. Vectors and Matrices/3.3. Gaussian Elimination/Lessons/3.3.12. Gaussian Elimination For NxM Systems of Equations.md,3. Vectors and Matrices/3.3. Gaussian Elimination/Source/3.3.12. Gaussian Elimination For NxM Systems of Equations,67,67,71
1728,MML.3.4.1,3.4.1,Finding the Inverse of a 2x2 Matrix Using Row Operations,3. Vectors and Matrices,3.4. The Inverse of a Matrix,3. Vectors and Matrices/3.4. The Inverse of a Matrix/Lessons/3.4.1. Finding the Inverse of a 2x2 Matrix Using Row Operations.md,3. Vectors and Matrices/3.4. The Inverse of a Matrix/Source/3.4.1. Finding the Inverse of a 2x2 Matrix Using Row Operations,67,67,72
1732,MML.3.4.2,3.4.2,Finding the Inverse of a 3x3 Matrix Using Row Operations,3. Vectors and Matrices,3.4. The Inverse of a Matrix,3. Vectors and Matrices/3.4. The Inverse of a Matrix/Lessons/3.4.2. Finding the Inverse of a 3x3 Matrix Using Row Operations.md,3. Vectors and Matrices/3.4. The Inverse of a Matrix/Source/3.4.2. Finding the Inverse of a 3x3 Matrix Using Row Operations,68,68,73
42,MML.3.4.3,3.4.3,Matrices With Easy-to-Find Inverses,3. Vectors and Matrices,3.4. The Inverse of a Matrix,3. Vectors and Matrices/3.4. The Inverse of a Matrix/Lessons/3.4.3. Matrices With Easy-to-Find Inverses.md,3. Vectors and Matrices/3.4. The Inverse of a Matrix/Source/3.4.3. Matrices With Easy-to-Find Inverses,62,62,74
1730,MML.3.4.4,3.4.4,The Invertible Matrix Theorem in Terms of 2x2 Systems of Equations,3. Vectors and Matrices,3.4. The Inverse of a Matrix,3. Vectors and Matrices/3.4. The Inverse of a Matrix/Lessons/3.4.4. The Invertible Matrix Theorem in Terms of 2x2 Systems of Equations.md,3. Vectors and Matrices/3.4. The Inverse of a Matrix/Source/3.4.4. The Invertible Matrix Theorem in Terms of 2x2 Systems of Equations,64,64,75
1777,MML.3.4.5,3.4.5,Triangular Matrices,3. Vectors and Matrices,3.4. The Inverse of a Matrix,3. Vectors and Matrices/3.4. The Inverse of a Matrix/Lessons/3.4.5. Triangular Matrices.md,3. Vectors and Matrices/3.4. The Inverse of a Matrix/Source/3.4.5. Triangular Matrices,34,34,76
3387,MML.3.5.1,3.5.1,Affine Transformations,3. Vectors and Matrices,3.5. Affine Transformations,3. Vectors and Matrices/3.5. Affine Transformations/Lessons/3.5.1. Affine Transformations.md,3. Vectors and Matrices/3.5. Affine Transformations/Source/3.5.1. Affine Transformations,62,62,77
3706,MML.3.5.2,3.5.2,The Image of an Affine Transformation,3. Vectors and Matrices,3.5. Affine Transformations,3. Vectors and Matrices/3.5. Affine Transformations/Lessons/3.5.2. The Image of an Affine Transformation.md,3. Vectors and Matrices/3.5. Affine Transformations/Source/3.5.2. The Image of an Affine Transformation,65,65,78
3707,MML.3.5.3,3.5.3,The Inverse of an Affine Transformation,3. Vectors and Matrices,3.5. Affine Transformations,3. Vectors and Matrices/3.5. Affine Transformations/Lessons/3.5.3. The Inverse of an Affine Transformation.md,3. Vectors and Matrices/3.5. Affine Transformations/Source/3.5.3. The Inverse of an Affine Transformation,66,66,79
1849,MML.4.1.1,4.1.1,Vectors in N-Dimensional Euclidean Space,4. Vector Spaces,4.1. Vectors in N-Dimensional Space,4. Vector Spaces/4.1. Vectors in N-Dimensional Space/Lessons/4.1.1. Vectors in N-Dimensional Euclidean Space.md,4. Vector Spaces/4.1. Vectors in N-Dimensional Space/Source/4.1.1. Vectors in N-Dimensional Euclidean Space,60,60,80
1851,MML.4.1.2,4.1.2,Linear Combinations of Vectors in N-Dimensional Euclidean Space,4. Vector Spaces,4.1. Vectors in N-Dimensional Space,4. Vector Spaces/4.1. Vectors in N-Dimensional Space/Lessons/4.1.2. Linear Combinations of Vectors in N-Dimensional Euclidean Space.md,4. Vector Spaces/4.1. Vectors in N-Dimensional Space/Source/4.1.2. Linear Combinations of Vectors in N-Dimensional Euclidean Space,66,66,81
1852,MML.4.1.3,4.1.3,Linear Span of Vectors in N-Dimensional Euclidean Space,4. Vector Spaces,4.1. Vectors in N-Dimensional Space,4. Vector Spaces/4.1. Vectors in N-Dimensional Space/Lessons/4.1.3. Linear Span of Vectors in N-Dimensional Euclidean Space.md,4. Vector Spaces/4.1. Vectors in N-Dimensional Space/Source/4.1.3. Linear Span of Vectors in N-Dimensional Euclidean Space,68,68,82
1861,MML.4.1.4,4.1.4,Linear Dependence and Independence,4. Vector Spaces,4.1. Vectors in N-Dimensional Space,4. Vector Spaces/4.1. Vectors in N-Dimensional Space/Lessons/4.1.4. Linear Dependence and Independence.md,4. Vector Spaces/4.1. Vectors in N-Dimensional Space/Source/4.1.4. Linear Dependence and Independence,69,69,83
5916,MML.4.1.5,4.1.5,The Hadamard Product,4. Vector Spaces,4.1. Vectors in N-Dimensional Space,4. Vector Spaces/4.1. Vectors in N-Dimensional Space/Lessons/4.1.5. The Hadamard Product.md,4. Vector Spaces/4.1. Vectors in N-Dimensional Space/Source/4.1.5. The Hadamard Product,63,63,84
1853,MML.4.2.1,4.2.1,Subspaces of N-Dimensional Space,4. Vector Spaces,4.2. Subspaces of N-Dimensional Space,4. Vector Spaces/4.2. Subspaces of N-Dimensional Space/Lessons/4.2.1. Subspaces of N-Dimensional Space.md,4. Vector Spaces/4.2. Subspaces of N-Dimensional Space/Source/4.2.1. Subspaces of N-Dimensional Space,67,67,85
4077,MML.4.2.2,4.2.2,Subspaces of N-Dimensional Space: Geometric Interpretation,4. Vector Spaces,4.2. Subspaces of N-Dimensional Space,4. Vector Spaces/4.2. Subspaces of N-Dimensional Space/Lessons/4.2.2. Subspaces of N-Dimensional Space- Geometric Interpretation.md,4. Vector Spaces/4.2. Subspaces of N-Dimensional Space/Source/4.2.2. Subspaces of N-Dimensional Space- Geometric Interpretation,68,68,86
1850,MML.4.2.3,4.2.3,The Column Space of a Matrix,4. Vector Spaces,4.2. Subspaces of N-Dimensional Space,4. Vector Spaces/4.2. Subspaces of N-Dimensional Space/Lessons/4.2.3. The Column Space of a Matrix.md,4. Vector Spaces/4.2. Subspaces of N-Dimensional Space/Source/4.2.3. The Column Space of a Matrix,69,69,87
1854,MML.4.2.4,4.2.4,The Null Space of a Matrix,4. Vector Spaces,4.2. Subspaces of N-Dimensional Space,4. Vector Spaces/4.2. Subspaces of N-Dimensional Space/Lessons/4.2.4. The Null Space of a Matrix.md,4. Vector Spaces/4.2. Subspaces of N-Dimensional Space/Source/4.2.4. The Null Space of a Matrix,69,69,88
1855,MML.4.3.1,4.3.1,Finding a Basis of a Span,4. Vector Spaces,4.3. Bases of N-Dimensional Space,4. Vector Spaces/4.3. Bases of N-Dimensional Space/Lessons/4.3.1. Finding a Basis of a Span.md,4. Vector Spaces/4.3. Bases of N-Dimensional Space/Source/4.3.1. Finding a Basis of a Span,70,70,89
2623,MML.4.3.2,4.3.2,Finding a Basis of the Column Space of a Matrix,4. Vector Spaces,4.3. Bases of N-Dimensional Space,4. Vector Spaces/4.3. Bases of N-Dimensional Space/Lessons/4.3.2. Finding a Basis of the Column Space of a Matrix.md,4. Vector Spaces/4.3. Bases of N-Dimensional Space/Source/4.3.2. Finding a Basis of the Column Space of a Matrix,71,71,90
1856,MML.4.3.3,4.3.3,Finding a Basis of the Null Space of a Matrix,4. Vector Spaces,4.3. Bases of N-Dimensional Space,4. Vector Spaces/4.3. Bases of N-Dimensional Space/Lessons/4.3.3. Finding a Basis of the Null Space of a Matrix.md,4. Vector Spaces/4.3. Bases of N-Dimensional Space/Source/4.3.3. Finding a Basis of the Null Space of a Matrix,71,71,91
1864,MML.4.3.4,4.3.4,Expressing the Coordinates of a Vector in a Given Basis,4. Vector Spaces,4.3. Bases of N-Dimensional Space,4. Vector Spaces/4.3. Bases of N-Dimensional Space/Lessons/4.3.4. Expressing the Coordinates of a Vector in a Given Basis.md,4. Vector Spaces/4.3. Bases of N-Dimensional Space/Source/4.3.4. Expressing the Coordinates of a Vector in a Given Basis,71,71,92
1865,MML.4.3.5,4.3.5,Writing Vectors in Different Bases,4. Vector Spaces,4.3. Bases of N-Dimensional Space,4. Vector Spaces/4.3. Bases of N-Dimensional Space/Lessons/4.3.5. Writing Vectors in Different Bases.md,4. Vector Spaces/4.3. Bases of N-Dimensional Space/Source/4.3.5. Writing Vectors in Different Bases,72,72,93
1928,MML.4.3.6,4.3.6,The Change-of-Coordinates Matrix,4. Vector Spaces,4.3. Bases of N-Dimensional Space,4. Vector Spaces/4.3. Bases of N-Dimensional Space/Lessons/4.3.6. The Change-of-Coordinates Matrix.md,4. Vector Spaces/4.3. Bases of N-Dimensional Space/Source/4.3.6. The Change-of-Coordinates Matrix,73,73,94
1910,MML.4.3.7,4.3.7,Changing a Basis Using the Change-of-Coordinates Matrix,4. Vector Spaces,4.3. Bases of N-Dimensional Space,4. Vector Spaces/4.3. Bases of N-Dimensional Space/Lessons/4.3.7. Changing a Basis Using the Change-of-Coordinates Matrix.md,4. Vector Spaces/4.3. Bases of N-Dimensional Space/Source/4.3.7. Changing a Basis Using the Change-of-Coordinates Matrix,74,74,95
1866,MML.4.4.1,4.4.1,The Dimension of a Span,4. Vector Spaces,4.4. Dimension and Rank in N-Dimensional Space,4. Vector Spaces/4.4. Dimension and Rank in N-Dimensional Space/Lessons/4.4.1. The Dimension of a Span.md,4. Vector Spaces/4.4. Dimension and Rank in N-Dimensional Space/Source/4.4.1. The Dimension of a Span,71,71,96
1867,MML.4.4.2,4.4.2,The Rank of a Matrix,4. Vector Spaces,4.4. Dimension and Rank in N-Dimensional Space,4. Vector Spaces/4.4. Dimension and Rank in N-Dimensional Space/Lessons/4.4.2. The Rank of a Matrix.md,4. Vector Spaces/4.4. Dimension and Rank in N-Dimensional Space/Source/4.4.2. The Rank of a Matrix,72,72,97
1868,MML.4.4.3,4.4.3,The Dimension of the Null Space of a Matrix,4. Vector Spaces,4.4. Dimension and Rank in N-Dimensional Space,4. Vector Spaces/4.4. Dimension and Rank in N-Dimensional Space/Lessons/4.4.3. The Dimension of the Null Space of a Matrix.md,4. Vector Spaces/4.4. Dimension and Rank in N-Dimensional Space/Source/4.4.3. The Dimension of the Null Space of a Matrix,73,73,98
1869,MML.4.4.4,4.4.4,"The Invertible Matrix Theorem in Terms of Dimension, Rank and Nullity",4. Vector Spaces,4.4. Dimension and Rank in N-Dimensional Space,"4. Vector Spaces/4.4. Dimension and Rank in N-Dimensional Space/Lessons/4.4.4. The Invertible Matrix Theorem in Terms of Dimension, Rank and Nullity.md","4. Vector Spaces/4.4. Dimension and Rank in N-Dimensional Space/Source/4.4.4. The Invertible Matrix Theorem in Terms of Dimension, Rank and Nullity",74,74,99
3836,MML.4.4.5,4.4.5,The Rank-Nullity Theorem,4. Vector Spaces,4.4. Dimension and Rank in N-Dimensional Space,4. Vector Spaces/4.4. Dimension and Rank in N-Dimensional Space/Lessons/4.4.5. The Rank-Nullity Theorem.md,4. Vector Spaces/4.4. Dimension and Rank in N-Dimensional Space/Source/4.4.5. The Rank-Nullity Theorem,75,75,100
1375,MML.5.1.1,5.1.1,The Eigenvalues and Eigenvectors of a 2x2 Matrix,5. Diagonalization of Matrices,5.1. Eigenvectors and Eigenvalues,5. Diagonalization of Matrices/5.1. Eigenvectors and Eigenvalues/Lessons/5.1.1. The Eigenvalues and Eigenvectors of a 2x2 Matrix.md,5. Diagonalization of Matrices/5.1. Eigenvectors and Eigenvalues/Source/5.1.1. The Eigenvalues and Eigenvectors of a 2x2 Matrix,64,64,101
990,MML.5.1.2,5.1.2,Calculating the Eigenvalues of a 2x2 Matrix,5. Diagonalization of Matrices,5.1. Eigenvectors and Eigenvalues,5. Diagonalization of Matrices/5.1. Eigenvectors and Eigenvalues/Lessons/5.1.2. Calculating the Eigenvalues of a 2x2 Matrix.md,5. Diagonalization of Matrices/5.1. Eigenvectors and Eigenvalues/Source/5.1.2. Calculating the Eigenvalues of a 2x2 Matrix,75,75,102
991,MML.5.1.3,5.1.3,Calculating the Eigenvectors of a 2x2 Matrix,5. Diagonalization of Matrices,5.1. Eigenvectors and Eigenvalues,5. Diagonalization of Matrices/5.1. Eigenvectors and Eigenvalues/Lessons/5.1.3. Calculating the Eigenvectors of a 2x2 Matrix.md,5. Diagonalization of Matrices/5.1. Eigenvectors and Eigenvalues/Source/5.1.3. Calculating the Eigenvectors of a 2x2 Matrix,76,76,103
1964,MML.5.1.4,5.1.4,The Characteristic Equation of a Matrix,5. Diagonalization of Matrices,5.1. Eigenvectors and Eigenvalues,5. Diagonalization of Matrices/5.1. Eigenvectors and Eigenvalues/Lessons/5.1.4. The Characteristic Equation of a Matrix.md,5. Diagonalization of Matrices/5.1. Eigenvectors and Eigenvalues/Source/5.1.4. The Characteristic Equation of a Matrix,76,76,104
1977,MML.5.1.5,5.1.5,Calculating the Eigenvectors of a 3x3 Matrix With Distinct Eigenvalues,5. Diagonalization of Matrices,5.1. Eigenvectors and Eigenvalues,5. Diagonalization of Matrices/5.1. Eigenvectors and Eigenvalues/Lessons/5.1.5. Calculating the Eigenvectors of a 3x3 Matrix With Distinct Eigenvalues.md,5. Diagonalization of Matrices/5.1. Eigenvectors and Eigenvalues/Source/5.1.5. Calculating the Eigenvectors of a 3x3 Matrix With Distinct Eigenvalues,77,77,105
1965,MML.5.1.6,5.1.6,Calculating the Eigenvectors of a 3x3 Matrix in the General Case,5. Diagonalization of Matrices,5.1. Eigenvectors and Eigenvalues,5. Diagonalization of Matrices/5.1. Eigenvectors and Eigenvalues/Lessons/5.1.6. Calculating the Eigenvectors of a 3x3 Matrix in the General Case.md,5. Diagonalization of Matrices/5.1. Eigenvectors and Eigenvalues/Source/5.1.6. Calculating the Eigenvectors of a 3x3 Matrix in the General Case,78,78,106
1968,MML.5.2.1,5.2.1,Diagonalizing a 2x2 Matrix,5. Diagonalization of Matrices,5.2. Diagonalization,5. Diagonalization of Matrices/5.2. Diagonalization/Lessons/5.2.1. Diagonalizing a 2x2 Matrix.md,5. Diagonalization of Matrices/5.2. Diagonalization/Source/5.2.1. Diagonalizing a 2x2 Matrix,77,77,107
1969,MML.5.2.2,5.2.2,Properties of Diagonalization,5. Diagonalization of Matrices,5.2. Diagonalization,5. Diagonalization of Matrices/5.2. Diagonalization/Lessons/5.2.2. Properties of Diagonalization.md,5. Diagonalization of Matrices/5.2. Diagonalization/Source/5.2.2. Properties of Diagonalization,78,78,108
1970,MML.5.2.3,5.2.3,Diagonalizing a 3x3 Matrix With Distinct Eigenvalues,5. Diagonalization of Matrices,5.2. Diagonalization,5. Diagonalization of Matrices/5.2. Diagonalization/Lessons/5.2.3. Diagonalizing a 3x3 Matrix With Distinct Eigenvalues.md,5. Diagonalization of Matrices/5.2. Diagonalization/Source/5.2.3. Diagonalizing a 3x3 Matrix With Distinct Eigenvalues,78,78,109
1971,MML.5.2.4,5.2.4,Diagonalizing a 3x3 Matrix in the General Case,5. Diagonalization of Matrices,5.2. Diagonalization,5. Diagonalization of Matrices/5.2. Diagonalization/Lessons/5.2.4. Diagonalizing a 3x3 Matrix in the General Case.md,5. Diagonalization of Matrices/5.2. Diagonalization/Source/5.2.4. Diagonalizing a 3x3 Matrix in the General Case,79,79,110
3118,MML.5.2.5,5.2.5,Symmetric Matrices,5. Diagonalization of Matrices,5.2. Diagonalization,5. Diagonalization of Matrices/5.2. Diagonalization/Lessons/5.2.5. Symmetric Matrices.md,5. Diagonalization of Matrices/5.2. Diagonalization/Source/5.2.5. Symmetric Matrices,65,65,111
3335,MML.5.2.6,5.2.6,Diagonalization of 2x2 Symmetric Matrices,5. Diagonalization of Matrices,5.2. Diagonalization,5. Diagonalization of Matrices/5.2. Diagonalization/Lessons/5.2.6. Diagonalization of 2x2 Symmetric Matrices.md,5. Diagonalization of Matrices/5.2. Diagonalization/Source/5.2.6. Diagonalization of 2x2 Symmetric Matrices,79,79,112
3119,MML.5.2.7,5.2.7,Diagonalization of 3x3 Symmetric Matrices,5. Diagonalization of Matrices,5.2. Diagonalization,5. Diagonalization of Matrices/5.2. Diagonalization/Lessons/5.2.7. Diagonalization of 3x3 Symmetric Matrices.md,5. Diagonalization of Matrices/5.2. Diagonalization/Source/5.2.7. Diagonalization of 3x3 Symmetric Matrices,80,80,113
2094,MML.6.1.1,6.1.1,The Dot Product in N-Dimensional Euclidean Space,6. Orthogonality & Projections,6.1. Inner Products,6. Orthogonality & Projections/6.1. Inner Products/Lessons/6.1.1. The Dot Product in N-Dimensional Euclidean Space.md,6. Orthogonality & Projections/6.1. Inner Products/Source/6.1.1. The Dot Product in N-Dimensional Euclidean Space,67,67,114
2095,MML.6.1.2,6.1.2,The Norm of a Vector in N-Dimensional Euclidean Space,6. Orthogonality & Projections,6.1. Inner Products,6. Orthogonality & Projections/6.1. Inner Products/Lessons/6.1.2. The Norm of a Vector in N-Dimensional Euclidean Space.md,6. Orthogonality & Projections/6.1. Inner Products/Source/6.1.2. The Norm of a Vector in N-Dimensional Euclidean Space,68,68,115
2915,MML.6.1.3,6.1.3,"Euclidean, Manhattan, and Minkowski Distance",6. Orthogonality & Projections,6.1. Inner Products,"6. Orthogonality & Projections/6.1. Inner Products/Lessons/6.1.3. Euclidean, Manhattan, and Minkowski Distance.md","6. Orthogonality & Projections/6.1. Inner Products/Source/6.1.3. Euclidean, Manhattan, and Minkowski Distance",69,69,116
1906,MML.6.1.4,6.1.4,Introduction to Abstract Vector Spaces,6. Orthogonality & Projections,6.1. Inner Products,6. Orthogonality & Projections/6.1. Inner Products/Lessons/6.1.4. Introduction to Abstract Vector Spaces.md,6. Orthogonality & Projections/6.1. Inner Products/Source/6.1.4. Introduction to Abstract Vector Spaces,67,67,117
3835,MML.6.1.5,6.1.5,Defining Abstract Vector Spaces,6. Orthogonality & Projections,6.1. Inner Products,6. Orthogonality & Projections/6.1. Inner Products/Lessons/6.1.5. Defining Abstract Vector Spaces.md,6. Orthogonality & Projections/6.1. Inner Products/Source/6.1.5. Defining Abstract Vector Spaces,68,68,118
2096,MML.6.1.6,6.1.6,Inner Product Spaces,6. Orthogonality & Projections,6.1. Inner Products,6. Orthogonality & Projections/6.1. Inner Products/Lessons/6.1.6. Inner Product Spaces.md,6. Orthogonality & Projections/6.1. Inner Products/Source/6.1.6. Inner Product Spaces,73,73,119
2099,MML.6.2.1,6.2.1,Orthogonal Vectors in Euclidean Spaces,6. Orthogonality & Projections,6.2. Orthogonality,6. Orthogonality & Projections/6.2. Orthogonality/Lessons/6.2.1. Orthogonal Vectors in Euclidean Spaces.md,6. Orthogonality & Projections/6.2. Orthogonality/Source/6.2.1. Orthogonal Vectors in Euclidean Spaces,68,68,120
2101,MML.6.2.2,6.2.2,The Cauchy-Schwarz Inequality and the Angle Between Two Vectors,6. Orthogonality & Projections,6.2. Orthogonality,6. Orthogonality & Projections/6.2. Orthogonality/Lessons/6.2.2. The Cauchy-Schwarz Inequality and the Angle Between Two Vectors.md,6. Orthogonality & Projections/6.2. Orthogonality/Source/6.2.2. The Cauchy-Schwarz Inequality and the Angle Between Two Vectors,69,69,121
2102,MML.6.2.3,6.2.3,Orthogonal Complements,6. Orthogonality & Projections,6.2. Orthogonality,6. Orthogonality & Projections/6.2. Orthogonality/Lessons/6.2.3. Orthogonal Complements.md,6. Orthogonality & Projections/6.2. Orthogonality/Source/6.2.3. Orthogonal Complements,71,71,122
2103,MML.6.2.4,6.2.4,Orthogonal Sets in Euclidean Spaces,6. Orthogonality & Projections,6.2. Orthogonality,6. Orthogonality & Projections/6.2. Orthogonality/Lessons/6.2.4. Orthogonal Sets in Euclidean Spaces.md,6. Orthogonality & Projections/6.2. Orthogonality/Source/6.2.4. Orthogonal Sets in Euclidean Spaces,72,72,123
2105,MML.6.2.5,6.2.5,Orthogonal Matrices,6. Orthogonality & Projections,6.2. Orthogonality,6. Orthogonality & Projections/6.2. Orthogonality/Lessons/6.2.5. Orthogonal Matrices.md,6. Orthogonality & Projections/6.2. Orthogonality/Source/6.2.5. Orthogonal Matrices,77,77,124
4319,MML.6.2.6,6.2.6,Orthogonal Linear Transformations,6. Orthogonality & Projections,6.2. Orthogonality,6. Orthogonality & Projections/6.2. Orthogonality/Lessons/6.2.6. Orthogonal Linear Transformations.md,6. Orthogonality & Projections/6.2. Orthogonality/Source/6.2.6. Orthogonal Linear Transformations,78,78,125
2122,MML.6.3.1,6.3.1,Projecting Vectors Onto One-Dimensional Subspaces,6. Orthogonality & Projections,6.3. Orthogonal Projections,6. Orthogonality & Projections/6.3. Orthogonal Projections/Lessons/6.3.1. Projecting Vectors Onto One-Dimensional Subspaces.md,6. Orthogonality & Projections/6.3. Orthogonal Projections/Source/6.3.1. Projecting Vectors Onto One-Dimensional Subspaces,72,72,126
2825,MML.6.3.2,6.3.2,The Components of a Vector with Respect to an Orthogonal or Orthonormal Basis,6. Orthogonality & Projections,6.3. Orthogonal Projections,6. Orthogonality & Projections/6.3. Orthogonal Projections/Lessons/6.3.2. The Components of a Vector with Respect to an Orthogonal or Orthonormal Basis.md,6. Orthogonality & Projections/6.3. Orthogonal Projections/Source/6.3.2. The Components of a Vector with Respect to an Orthogonal or Orthonormal Basis,73,73,127
2123,MML.6.3.3,6.3.3,Projecting Vectors Onto Subspaces in Euclidean Spaces (Orthogonal Bases),6. Orthogonality & Projections,6.3. Orthogonal Projections,6. Orthogonality & Projections/6.3. Orthogonal Projections/Lessons/6.3.3. Projecting Vectors Onto Subspaces in Euclidean Spaces (Orthogonal Bases).md,6. Orthogonality & Projections/6.3. Orthogonal Projections/Source/6.3.3. Projecting Vectors Onto Subspaces in Euclidean Spaces (Orthogonal Bases),74,74,128
2124,MML.6.3.4,6.3.4,Projecting Vectors Onto Subspaces in Euclidean Spaces (Arbitrary Bases),6. Orthogonality & Projections,6.3. Orthogonal Projections,6. Orthogonality & Projections/6.3. Orthogonal Projections/Lessons/6.3.4. Projecting Vectors Onto Subspaces in Euclidean Spaces (Arbitrary Bases).md,6. Orthogonality & Projections/6.3. Orthogonal Projections/Source/6.3.4. Projecting Vectors Onto Subspaces in Euclidean Spaces (Arbitrary Bases),75,75,129
3818,MML.6.3.5,6.3.5,Projecting Vectors Onto Subspaces in Euclidean Spaces (Arbitrary Bases): Applications,6. Orthogonality & Projections,6.3. Orthogonal Projections,6. Orthogonality & Projections/6.3. Orthogonal Projections/Lessons/6.3.5. Projecting Vectors Onto Subspaces in Euclidean Spaces (Arbitrary Bases)- Applications.md,6. Orthogonality & Projections/6.3. Orthogonal Projections/Source/6.3.5. Projecting Vectors Onto Subspaces in Euclidean Spaces (Arbitrary Bases)- Applications,76,76,130
2127,MML.6.3.6,6.3.6,The Gram-Schmidt Process for Two Vectors,6. Orthogonality & Projections,6.3. Orthogonal Projections,6. Orthogonality & Projections/6.3. Orthogonal Projections/Lessons/6.3.6. The Gram-Schmidt Process for Two Vectors.md,6. Orthogonality & Projections/6.3. Orthogonal Projections/Source/6.3.6. The Gram-Schmidt Process for Two Vectors,73,73,131
3121,MML.7.1.1,7.1.1,Bilinear Forms,7. Singular Value Decomposition,7.1. Quadratic Forms,7. Singular Value Decomposition/7.1. Quadratic Forms/Lessons/7.1.1. Bilinear Forms.md,7. Singular Value Decomposition/7.1. Quadratic Forms/Source/7.1.1. Bilinear Forms,65,65,132
3123,MML.7.1.2,7.1.2,Quadratic Forms,7. Singular Value Decomposition,7.1. Quadratic Forms,7. Singular Value Decomposition/7.1. Quadratic Forms/Lessons/7.1.2. Quadratic Forms.md,7. Singular Value Decomposition/7.1. Quadratic Forms/Source/7.1.2. Quadratic Forms,66,66,133
3122,MML.7.1.3,7.1.3,Change of Variables in Quadratic Forms,7. Singular Value Decomposition,7.1. Quadratic Forms,7. Singular Value Decomposition/7.1. Quadratic Forms/Lessons/7.1.3. Change of Variables in Quadratic Forms.md,7. Singular Value Decomposition/7.1. Quadratic Forms/Source/7.1.3. Change of Variables in Quadratic Forms,75,75,134
3127,MML.7.1.4,7.1.4,Positive-Definite and Negative-Definite Quadratic Forms,7. Singular Value Decomposition,7.1. Quadratic Forms,7. Singular Value Decomposition/7.1. Quadratic Forms/Lessons/7.1.4. Positive-Definite and Negative-Definite Quadratic Forms.md,7. Singular Value Decomposition/7.1. Quadratic Forms/Source/7.1.4. Positive-Definite and Negative-Definite Quadratic Forms,77,77,135
3171,MML.7.1.5,7.1.5,Constrained Optimization of Quadratic Forms,7. Singular Value Decomposition,7.1. Quadratic Forms,7. Singular Value Decomposition/7.1. Quadratic Forms/Lessons/7.1.5. Constrained Optimization of Quadratic Forms.md,7. Singular Value Decomposition/7.1. Quadratic Forms/Source/7.1.5. Constrained Optimization of Quadratic Forms,77,77,136
4238,MML.7.1.6,7.1.6,Constrained Optimization of Quadratic Forms: Determining Where Extrema are Attained,7. Singular Value Decomposition,7.1. Quadratic Forms,7. Singular Value Decomposition/7.1. Quadratic Forms/Lessons/7.1.6. Constrained Optimization of Quadratic Forms- Determining Where Extrema are Attained.md,7. Singular Value Decomposition/7.1. Quadratic Forms/Source/7.1.6. Constrained Optimization of Quadratic Forms- Determining Where Extrema are Attained,81,81,137
3131,MML.7.2.1,7.2.1,The Singular Values of a Matrix,7. Singular Value Decomposition,7.2. Singular Value Decomposition,7. Singular Value Decomposition/7.2. Singular Value Decomposition/Lessons/7.2.1. The Singular Values of a Matrix.md,7. Singular Value Decomposition/7.2. Singular Value Decomposition/Source/7.2.1. The Singular Values of a Matrix,82,82,138
3819,MML.7.2.2,7.2.2,Computing the Singular Values of a Matrix,7. Singular Value Decomposition,7.2. Singular Value Decomposition,7. Singular Value Decomposition/7.2. Singular Value Decomposition/Lessons/7.2.2. Computing the Singular Values of a Matrix.md,7. Singular Value Decomposition/7.2. Singular Value Decomposition/Source/7.2.2. Computing the Singular Values of a Matrix,83,83,139
3132,MML.7.2.3,7.2.3,Singular Value Decomposition of 2x2 Matrices,7. Singular Value Decomposition,7.2. Singular Value Decomposition,7. Singular Value Decomposition/7.2. Singular Value Decomposition/Lessons/7.2.3. Singular Value Decomposition of 2x2 Matrices.md,7. Singular Value Decomposition/7.2. Singular Value Decomposition/Source/7.2.3. Singular Value Decomposition of 2x2 Matrices,84,84,140
3278,MML.7.2.4,7.2.4,Singular Value Decomposition of 2x2 Matrices With Zero or Repeated Eigenvalues,7. Singular Value Decomposition,7.2. Singular Value Decomposition,7. Singular Value Decomposition/7.2. Singular Value Decomposition/Lessons/7.2.4. Singular Value Decomposition of 2x2 Matrices With Zero or Repeated Eigenvalues.md,7. Singular Value Decomposition/7.2. Singular Value Decomposition/Source/7.2.4. Singular Value Decomposition of 2x2 Matrices With Zero or Repeated Eigenvalues,85,85,141
3133,MML.7.2.5,7.2.5,Singular Value Decomposition of Larger Matrices,7. Singular Value Decomposition,7.2. Singular Value Decomposition,7. Singular Value Decomposition/7.2. Singular Value Decomposition/Lessons/7.2.5. Singular Value Decomposition of Larger Matrices.md,7. Singular Value Decomposition/7.2. Singular Value Decomposition/Source/7.2.5. Singular Value Decomposition of Larger Matrices,86,86,142
3134,MML.7.2.6,7.2.6,Singular Value Decomposition and the Pseudoinverse Matrix,7. Singular Value Decomposition,7.2. Singular Value Decomposition,7. Singular Value Decomposition/7.2. Singular Value Decomposition/Lessons/7.2.6. Singular Value Decomposition and the Pseudoinverse Matrix.md,7. Singular Value Decomposition/7.2. Singular Value Decomposition/Source/7.2.6. Singular Value Decomposition and the Pseudoinverse Matrix,87,87,143
2166,MML.8.1.1,8.1.1,The Least-Squares Solution of a Linear System (Without Collinearity),8. Applications of Linear Algebra,8.1. Linear Least-Squares Problems,8. Applications of Linear Algebra/8.1. Linear Least-Squares Problems/Lessons/8.1.1. The Least-Squares Solution of a Linear System (Without Collinearity).md,8. Applications of Linear Algebra/8.1. Linear Least-Squares Problems/Source/8.1.1. The Least-Squares Solution of a Linear System (Without Collinearity),77,77,144
2167,MML.8.1.2,8.1.2,The Least-Squares Solution of a Linear System (With Collinearity),8. Applications of Linear Algebra,8.1. Linear Least-Squares Problems,8. Applications of Linear Algebra/8.1. Linear Least-Squares Problems/Lessons/8.1.2. The Least-Squares Solution of a Linear System (With Collinearity).md,8. Applications of Linear Algebra/8.1. Linear Least-Squares Problems/Source/8.1.2. The Least-Squares Solution of a Linear System (With Collinearity),78,78,145
2169,MML.8.2.1,8.2.1,Linear Regression With Matrices,8. Applications of Linear Algebra,8.2. Linear Regression,8. Applications of Linear Algebra/8.2. Linear Regression/Lessons/8.2.1. Linear Regression With Matrices.md,8. Applications of Linear Algebra/8.2. Linear Regression/Source/8.2.1. Linear Regression With Matrices,78,78,146
2170,MML.8.2.2,8.2.2,Polynomial Regression With Matrices,8. Applications of Linear Algebra,8.2. Linear Regression,8. Applications of Linear Algebra/8.2. Linear Regression/Lessons/8.2.2. Polynomial Regression With Matrices.md,8. Applications of Linear Algebra/8.2. Linear Regression/Source/8.2.2. Polynomial Regression With Matrices,79,79,147
2171,MML.8.2.3,8.2.3,Multiple Linear Regression With Matrices,8. Applications of Linear Algebra,8.2. Linear Regression,8. Applications of Linear Algebra/8.2. Linear Regression/Lessons/8.2.3. Multiple Linear Regression With Matrices.md,8. Applications of Linear Algebra/8.2. Linear Regression/Source/8.2.3. Multiple Linear Regression With Matrices,79,79,148
3775,MML.8.3.1,8.3.1,Introduction to Principal Component Analysis,8. Applications of Linear Algebra,8.3. Principal Component Analysis,8. Applications of Linear Algebra/8.3. Principal Component Analysis/Lessons/8.3.1. Introduction to Principal Component Analysis.md,8. Applications of Linear Algebra/8.3. Principal Component Analysis/Source/8.3.1. Introduction to Principal Component Analysis,80,80,149
3945,MML.8.3.2,8.3.2,Computing Principal Components,8. Applications of Linear Algebra,8.3. Principal Component Analysis,8. Applications of Linear Algebra/8.3. Principal Component Analysis/Lessons/8.3.2. Computing Principal Components.md,8. Applications of Linear Algebra/8.3. Principal Component Analysis/Source/8.3.2. Computing Principal Components,81,81,150
3946,MML.8.3.3,8.3.3,The Connection Between PCA and SVD,8. Applications of Linear Algebra,8.3. Principal Component Analysis,8. Applications of Linear Algebra/8.3. Principal Component Analysis/Lessons/8.3.3. The Connection Between PCA and SVD.md,8. Applications of Linear Algebra/8.3. Principal Component Analysis/Source/8.3.3. The Connection Between PCA and SVD,87,87,151
5289,MML.8.3.4,8.3.4,Feature Extraction Using PCA,8. Applications of Linear Algebra,8.3. Principal Component Analysis,8. Applications of Linear Algebra/8.3. Principal Component Analysis/Lessons/8.3.4. Feature Extraction Using PCA.md,8. Applications of Linear Algebra/8.3. Principal Component Analysis/Source/8.3.4. Feature Extraction Using PCA,88,88,152
1896,MML.9.1.1,9.1.1,Ellipsoids,9. Multivariable Calculus,9.1. Quadric Surfaces and Cylinders,9. Multivariable Calculus/9.1. Quadric Surfaces and Cylinders/Lessons/9.1.1. Ellipsoids.md,9. Multivariable Calculus/9.1. Quadric Surfaces and Cylinders/Source/9.1.1. Ellipsoids,70,70,153
1892,MML.9.1.2,9.1.2,Hyperboloids,9. Multivariable Calculus,9.1. Quadric Surfaces and Cylinders,9. Multivariable Calculus/9.1. Quadric Surfaces and Cylinders/Lessons/9.1.2. Hyperboloids.md,9. Multivariable Calculus/9.1. Quadric Surfaces and Cylinders/Source/9.1.2. Hyperboloids,71,71,154
1893,MML.9.1.3,9.1.3,Paraboloids,9. Multivariable Calculus,9.1. Quadric Surfaces and Cylinders,9. Multivariable Calculus/9.1. Quadric Surfaces and Cylinders/Lessons/9.1.3. Paraboloids.md,9. Multivariable Calculus/9.1. Quadric Surfaces and Cylinders/Source/9.1.3. Paraboloids,71,71,155
1894,MML.9.1.4,9.1.4,Elliptic Cones,9. Multivariable Calculus,9.1. Quadric Surfaces and Cylinders,9. Multivariable Calculus/9.1. Quadric Surfaces and Cylinders/Lessons/9.1.4. Elliptic Cones.md,9. Multivariable Calculus/9.1. Quadric Surfaces and Cylinders/Source/9.1.4. Elliptic Cones,71,71,156
1895,MML.9.1.5,9.1.5,Cylinders,9. Multivariable Calculus,9.1. Quadric Surfaces and Cylinders,9. Multivariable Calculus/9.1. Quadric Surfaces and Cylinders/Lessons/9.1.5. Cylinders.md,9. Multivariable Calculus/9.1. Quadric Surfaces and Cylinders/Source/9.1.5. Cylinders,71,71,157
4208,MML.9.1.6,9.1.6,Intersections of Lines and Planes With Surfaces,9. Multivariable Calculus,9.1. Quadric Surfaces and Cylinders,9. Multivariable Calculus/9.1. Quadric Surfaces and Cylinders/Lessons/9.1.6. Intersections of Lines and Planes With Surfaces.md,9. Multivariable Calculus/9.1. Quadric Surfaces and Cylinders/Source/9.1.6. Intersections of Lines and Planes With Surfaces,72,72,158
1898,MML.9.1.7,9.1.7,Identifying Quadric Surfaces,9. Multivariable Calculus,9.1. Quadric Surfaces and Cylinders,9. Multivariable Calculus/9.1. Quadric Surfaces and Cylinders/Lessons/9.1.7. Identifying Quadric Surfaces.md,9. Multivariable Calculus/9.1. Quadric Surfaces and Cylinders/Source/9.1.7. Identifying Quadric Surfaces,72,72,159
1899,MML.9.2.1,9.2.1,The Domain of a Multivariable Function,9. Multivariable Calculus,9.2. Partial Derivatives,9. Multivariable Calculus/9.2. Partial Derivatives/Lessons/9.2.1. The Domain of a Multivariable Function.md,9. Multivariable Calculus/9.2. Partial Derivatives/Source/9.2.1. The Domain of a Multivariable Function,69,69,160
1900,MML.9.2.2,9.2.2,Level Curves,9. Multivariable Calculus,9.2. Partial Derivatives,9. Multivariable Calculus/9.2. Partial Derivatives/Lessons/9.2.2. Level Curves.md,9. Multivariable Calculus/9.2. Partial Derivatives/Source/9.2.2. Level Curves,70,70,161
1978,MML.9.2.3,9.2.3,Level Surfaces,9. Multivariable Calculus,9.2. Partial Derivatives,9. Multivariable Calculus/9.2. Partial Derivatives/Lessons/9.2.3. Level Surfaces.md,9. Multivariable Calculus/9.2. Partial Derivatives/Source/9.2.3. Level Surfaces,73,73,162
1931,MML.9.2.4,9.2.4,Limits and Continuity of Multivariable Functions,9. Multivariable Calculus,9.2. Partial Derivatives,9. Multivariable Calculus/9.2. Partial Derivatives/Lessons/9.2.4. Limits and Continuity of Multivariable Functions.md,9. Multivariable Calculus/9.2. Partial Derivatives/Source/9.2.4. Limits and Continuity of Multivariable Functions,70,70,163
1929,MML.9.2.5,9.2.5,Introduction to Partial Derivatives,9. Multivariable Calculus,9.2. Partial Derivatives,9. Multivariable Calculus/9.2. Partial Derivatives/Lessons/9.2.5. Introduction to Partial Derivatives.md,9. Multivariable Calculus/9.2. Partial Derivatives/Source/9.2.5. Introduction to Partial Derivatives,71,71,164
4096,MML.9.2.6,9.2.6,Computing Partial Derivatives Using the Rules of Differentiation,9. Multivariable Calculus,9.2. Partial Derivatives,9. Multivariable Calculus/9.2. Partial Derivatives/Lessons/9.2.6. Computing Partial Derivatives Using the Rules of Differentiation.md,9. Multivariable Calculus/9.2. Partial Derivatives/Source/9.2.6. Computing Partial Derivatives Using the Rules of Differentiation,72,72,165
1955,MML.9.2.7,9.2.7,Geometric Interpretations of Partial Derivatives,9. Multivariable Calculus,9.2. Partial Derivatives,9. Multivariable Calculus/9.2. Partial Derivatives/Lessons/9.2.7. Geometric Interpretations of Partial Derivatives.md,9. Multivariable Calculus/9.2. Partial Derivatives/Source/9.2.7. Geometric Interpretations of Partial Derivatives,73,73,166
1932,MML.9.2.8,9.2.8,Partial Differentiability of Multivariable Functions,9. Multivariable Calculus,9.2. Partial Derivatives,9. Multivariable Calculus/9.2. Partial Derivatives/Lessons/9.2.8. Partial Differentiability of Multivariable Functions.md,9. Multivariable Calculus/9.2. Partial Derivatives/Source/9.2.8. Partial Differentiability of Multivariable Functions,73,73,167
1933,MML.9.2.9,9.2.9,Higher-Order Partial Derivatives,9. Multivariable Calculus,9.2. Partial Derivatives,9. Multivariable Calculus/9.2. Partial Derivatives/Lessons/9.2.9. Higher-Order Partial Derivatives.md,9. Multivariable Calculus/9.2. Partial Derivatives/Source/9.2.9. Higher-Order Partial Derivatives,73,73,168
1957,MML.9.2.10,9.2.10,Equality of Mixed Partial Derivatives,9. Multivariable Calculus,9.2. Partial Derivatives,9. Multivariable Calculus/9.2. Partial Derivatives/Lessons/9.2.10. Equality of Mixed Partial Derivatives.md,9. Multivariable Calculus/9.2. Partial Derivatives/Source/9.2.10. Equality of Mixed Partial Derivatives,74,74,169
1980,MML.9.2.11,9.2.11,Tangent Planes to Surfaces,9. Multivariable Calculus,9.2. Partial Derivatives,9. Multivariable Calculus/9.2. Partial Derivatives/Lessons/9.2.11. Tangent Planes to Surfaces.md,9. Multivariable Calculus/9.2. Partial Derivatives/Source/9.2.11. Tangent Planes to Surfaces,73,73,170
1937,MML.9.2.12,9.2.12,Linearization of Multivariable Functions,9. Multivariable Calculus,9.2. Partial Derivatives,9. Multivariable Calculus/9.2. Partial Derivatives/Lessons/9.2.12. Linearization of Multivariable Functions.md,9. Multivariable Calculus/9.2. Partial Derivatives/Source/9.2.12. Linearization of Multivariable Functions,75,75,171
3173,MML.9.2.13,9.2.13,The Multivariable Chain Rule,9. Multivariable Calculus,9.2. Partial Derivatives,9. Multivariable Calculus/9.2. Partial Derivatives/Lessons/9.2.13. The Multivariable Chain Rule.md,9. Multivariable Calculus/9.2. Partial Derivatives/Source/9.2.13. The Multivariable Chain Rule,73,73,172
1737,MML.9.3.1,9.3.1,The Domain of a Vector-Valued Function,9. Multivariable Calculus,9.3. Vector-Valued Functions,9. Multivariable Calculus/9.3. Vector-Valued Functions/Lessons/9.3.1. The Domain of a Vector-Valued Function.md,9. Multivariable Calculus/9.3. Vector-Valued Functions/Source/9.3.1. The Domain of a Vector-Valued Function,62,62,173
1792,MML.9.3.2,9.3.2,Tangent Vectors and Tangent Lines to Curves,9. Multivariable Calculus,9.3. Vector-Valued Functions,9. Multivariable Calculus/9.3. Vector-Valued Functions/Lessons/9.3.2. Tangent Vectors and Tangent Lines to Curves.md,9. Multivariable Calculus/9.3. Vector-Valued Functions/Source/9.3.2. Tangent Vectors and Tangent Lines to Curves,66,66,174
1934,MML.9.3.3,9.3.3,The Gradient Vector,9. Multivariable Calculus,9.3. Vector-Valued Functions,9. Multivariable Calculus/9.3. Vector-Valued Functions/Lessons/9.3.3. The Gradient Vector.md,9. Multivariable Calculus/9.3. Vector-Valued Functions/Source/9.3.3. The Gradient Vector,74,74,175
1939,MML.9.3.4,9.3.4,The Gradient as a Normal Vector,9. Multivariable Calculus,9.3. Vector-Valued Functions,9. Multivariable Calculus/9.3. Vector-Valued Functions/Lessons/9.3.4. The Gradient as a Normal Vector.md,9. Multivariable Calculus/9.3. Vector-Valued Functions/Source/9.3.4. The Gradient as a Normal Vector,75,75,176
1938,MML.9.3.5,9.3.5,Directional Derivatives,9. Multivariable Calculus,9.3. Vector-Valued Functions,9. Multivariable Calculus/9.3. Vector-Valued Functions/Lessons/9.3.5. Directional Derivatives.md,9. Multivariable Calculus/9.3. Vector-Valued Functions/Source/9.3.5. Directional Derivatives,75,75,177
1936,MML.9.3.6,9.3.6,The Multivariable Chain Rule in Vector Form,9. Multivariable Calculus,9.3. Vector-Valued Functions,9. Multivariable Calculus/9.3. Vector-Valued Functions/Lessons/9.3.6. The Multivariable Chain Rule in Vector Form.md,9. Multivariable Calculus/9.3. Vector-Valued Functions/Source/9.3.6. The Multivariable Chain Rule in Vector Form,75,75,178
5527,MML.9.3.7,9.3.7,Gradients With Respect to a Variable Subset,9. Multivariable Calculus,9.3. Vector-Valued Functions,9. Multivariable Calculus/9.3. Vector-Valued Functions/Lessons/9.3.7. Gradients With Respect to a Variable Subset.md,9. Multivariable Calculus/9.3. Vector-Valued Functions/Source/9.3.7. Gradients With Respect to a Variable Subset,78,78,179
1999,MML.9.4.1,9.4.1,The Jacobian,9. Multivariable Calculus,9.4. Differentiation,9. Multivariable Calculus/9.4. Differentiation/Lessons/9.4.1. The Jacobian.md,9. Multivariable Calculus/9.4. Differentiation/Source/9.4.1. The Jacobian,73,73,180
4149,MML.9.4.2,9.4.2,The Inverse Function Theorem,9. Multivariable Calculus,9.4. Differentiation,9. Multivariable Calculus/9.4. Differentiation/Lessons/9.4.2. The Inverse Function Theorem.md,9. Multivariable Calculus/9.4. Differentiation/Source/9.4.2. The Inverse Function Theorem,74,74,181
2058,MML.9.4.3,9.4.3,The Jacobian of a Three-Dimensional Transformation,9. Multivariable Calculus,9.4. Differentiation,9. Multivariable Calculus/9.4. Differentiation/Lessons/9.4.3. The Jacobian of a Three-Dimensional Transformation.md,9. Multivariable Calculus/9.4. Differentiation/Source/9.4.3. The Jacobian of a Three-Dimensional Transformation,75,75,182
4169,MML.9.4.4,9.4.4,The Derivative of a Multivariable Function,9. Multivariable Calculus,9.4. Differentiation,9. Multivariable Calculus/9.4. Differentiation/Lessons/9.4.4. The Derivative of a Multivariable Function.md,9. Multivariable Calculus/9.4. Differentiation/Source/9.4.4. The Derivative of a Multivariable Function,76,76,183
2824,MML.9.4.5,9.4.5,The Second Derivative of a Multivariable Function,9. Multivariable Calculus,9.4. Differentiation,9. Multivariable Calculus/9.4. Differentiation/Lessons/9.4.5. The Second Derivative of a Multivariable Function.md,9. Multivariable Calculus/9.4. Differentiation/Source/9.4.5. The Second Derivative of a Multivariable Function,77,77,184
4171,MML.9.4.6,9.4.6,Second-Degree Taylor Polynomials of Multivariable Functions,9. Multivariable Calculus,9.4. Differentiation,9. Multivariable Calculus/9.4. Differentiation/Lessons/9.4.6. Second-Degree Taylor Polynomials of Multivariable Functions.md,9. Multivariable Calculus/9.4. Differentiation/Source/9.4.6. Second-Degree Taylor Polynomials of Multivariable Functions,78,78,185
5845,MML.9.5.1,9.5.1,Total and Tensor Derivatives,9. Multivariable Calculus,9.5. Matrix Calculus,9. Multivariable Calculus/9.5. Matrix Calculus/Lessons/9.5.1. Total and Tensor Derivatives.md,9. Multivariable Calculus/9.5. Matrix Calculus/Source/9.5.1. Total and Tensor Derivatives,77,77,186
5868,MML.9.5.2,9.5.2,The Chain Rule for Total Derivatives,9. Multivariable Calculus,9.5. Matrix Calculus,9. Multivariable Calculus/9.5. Matrix Calculus/Lessons/9.5.2. The Chain Rule for Total Derivatives.md,9. Multivariable Calculus/9.5. Matrix Calculus/Source/9.5.2. The Chain Rule for Total Derivatives,78,78,187
5536,MML.9.5.3,9.5.3,Vector Gradients,9. Multivariable Calculus,9.5. Matrix Calculus,9. Multivariable Calculus/9.5. Matrix Calculus/Lessons/9.5.3. Vector Gradients.md,9. Multivariable Calculus/9.5. Matrix Calculus/Source/9.5.3. Vector Gradients,79,79,188
6007,MML.9.5.4,9.5.4,Further Vector Gradients,9. Multivariable Calculus,9.5. Matrix Calculus,9. Multivariable Calculus/9.5. Matrix Calculus/Lessons/9.5.4. Further Vector Gradients.md,9. Multivariable Calculus/9.5. Matrix Calculus/Source/9.5.4. Further Vector Gradients,80,80,189
5869,MML.9.5.5,9.5.5,Matrix Gradients,9. Multivariable Calculus,9.5. Matrix Calculus,9. Multivariable Calculus/9.5. Matrix Calculus/Lessons/9.5.5. Matrix Gradients.md,9. Multivariable Calculus/9.5. Matrix Calculus/Source/9.5.5. Matrix Gradients,81,81,190
3697,MML.9.6.1,9.6.1,Partitions of Intervals,9. Multivariable Calculus,9.6. Approximating Volumes With Riemann Sums,9. Multivariable Calculus/9.6. Approximating Volumes With Riemann Sums/Lessons/9.6.1. Partitions of Intervals.md,9. Multivariable Calculus/9.6. Approximating Volumes With Riemann Sums/Source/9.6.1. Partitions of Intervals,45,45,191
3698,MML.9.6.2,9.6.2,Calculating Double Summations Over Partitions,9. Multivariable Calculus,9.6. Approximating Volumes With Riemann Sums,9. Multivariable Calculus/9.6. Approximating Volumes With Riemann Sums/Lessons/9.6.2. Calculating Double Summations Over Partitions.md,9. Multivariable Calculus/9.6. Approximating Volumes With Riemann Sums/Source/9.6.2. Calculating Double Summations Over Partitions,65,65,192
2613,MML.9.6.3,9.6.3,Approximating Volumes Using Lower Riemann Sums,9. Multivariable Calculus,9.6. Approximating Volumes With Riemann Sums,9. Multivariable Calculus/9.6. Approximating Volumes With Riemann Sums/Lessons/9.6.3. Approximating Volumes Using Lower Riemann Sums.md,9. Multivariable Calculus/9.6. Approximating Volumes With Riemann Sums/Source/9.6.3. Approximating Volumes Using Lower Riemann Sums,70,70,193
2614,MML.9.6.4,9.6.4,Approximating Volumes Using Upper Riemann Sums,9. Multivariable Calculus,9.6. Approximating Volumes With Riemann Sums,9. Multivariable Calculus/9.6. Approximating Volumes With Riemann Sums/Lessons/9.6.4. Approximating Volumes Using Upper Riemann Sums.md,9. Multivariable Calculus/9.6. Approximating Volumes With Riemann Sums/Source/9.6.4. Approximating Volumes Using Upper Riemann Sums,70,70,194
2615,MML.9.6.5,9.6.5,Lower Riemann Sums Over General Rectangular Partitions,9. Multivariable Calculus,9.6. Approximating Volumes With Riemann Sums,9. Multivariable Calculus/9.6. Approximating Volumes With Riemann Sums/Lessons/9.6.5. Lower Riemann Sums Over General Rectangular Partitions.md,9. Multivariable Calculus/9.6. Approximating Volumes With Riemann Sums/Source/9.6.5. Lower Riemann Sums Over General Rectangular Partitions,71,71,195
3696,MML.9.6.6,9.6.6,Upper Riemann Sums Over General Rectangular Partitions,9. Multivariable Calculus,9.6. Approximating Volumes With Riemann Sums,9. Multivariable Calculus/9.6. Approximating Volumes With Riemann Sums/Lessons/9.6.6. Upper Riemann Sums Over General Rectangular Partitions.md,9. Multivariable Calculus/9.6. Approximating Volumes With Riemann Sums/Source/9.6.6. Upper Riemann Sums Over General Rectangular Partitions,71,71,196
1990,MML.9.6.7,9.6.7,Defining Double Integrals Using Lower and Upper Riemann Sums,9. Multivariable Calculus,9.6. Approximating Volumes With Riemann Sums,9. Multivariable Calculus/9.6. Approximating Volumes With Riemann Sums/Lessons/9.6.7. Defining Double Integrals Using Lower and Upper Riemann Sums.md,9. Multivariable Calculus/9.6. Approximating Volumes With Riemann Sums/Source/9.6.7. Defining Double Integrals Using Lower and Upper Riemann Sums,72,72,197
1992,MML.9.7.1,9.7.1,Double Integrals Over Rectangular Domains,9. Multivariable Calculus,9.7. Double Integrals,9. Multivariable Calculus/9.7. Double Integrals/Lessons/9.7.1. Double Integrals Over Rectangular Domains.md,9. Multivariable Calculus/9.7. Double Integrals/Source/9.7.1. Double Integrals Over Rectangular Domains,71,71,198
2616,MML.9.7.2,9.7.2,Double Integrals Over Non-Rectangular Domains,9. Multivariable Calculus,9.7. Double Integrals,9. Multivariable Calculus/9.7. Double Integrals/Lessons/9.7.2. Double Integrals Over Non-Rectangular Domains.md,9. Multivariable Calculus/9.7. Double Integrals/Source/9.7.2. Double Integrals Over Non-Rectangular Domains,72,72,199
2000,MML.9.7.3,9.7.3,Properties of Double Integrals,9. Multivariable Calculus,9.7. Double Integrals,9. Multivariable Calculus/9.7. Double Integrals/Lessons/9.7.3. Properties of Double Integrals.md,9. Multivariable Calculus/9.7. Double Integrals/Source/9.7.3. Properties of Double Integrals,73,73,200
1979,MML.9.7.4,9.7.4,Type I and II Regions in Two-Dimensional Space,9. Multivariable Calculus,9.7. Double Integrals,9. Multivariable Calculus/9.7. Double Integrals/Lessons/9.7.4. Type I and II Regions in Two-Dimensional Space.md,9. Multivariable Calculus/9.7. Double Integrals/Source/9.7.4. Type I and II Regions in Two-Dimensional Space,66,66,201
2151,MML.9.7.5,9.7.5,Double Integrals Over Type I Regions,9. Multivariable Calculus,9.7. Double Integrals,9. Multivariable Calculus/9.7. Double Integrals/Lessons/9.7.5. Double Integrals Over Type I Regions.md,9. Multivariable Calculus/9.7. Double Integrals/Source/9.7.5. Double Integrals Over Type I Regions,74,74,202
2152,MML.9.7.6,9.7.6,Double Integrals Over Type II Regions,9. Multivariable Calculus,9.7. Double Integrals,9. Multivariable Calculus/9.7. Double Integrals/Lessons/9.7.6. Double Integrals Over Type II Regions.md,9. Multivariable Calculus/9.7. Double Integrals/Source/9.7.6. Double Integrals Over Type II Regions,75,75,203
1945,MML.9.8.1,9.8.1,Global vs. Local Extrema and Critical Points of Multivariable Functions,9. Multivariable Calculus,9.8. Optimization,9. Multivariable Calculus/9.8. Optimization/Lessons/9.8.1. Global vs. Local Extrema and Critical Points of Multivariable Functions.md,9. Multivariable Calculus/9.8. Optimization/Source/9.8.1. Global vs. Local Extrema and Critical Points of Multivariable Functions,79,79,204
1944,MML.9.8.2,9.8.2,The Second Partial Derivatives Test,9. Multivariable Calculus,9.8. Optimization,9. Multivariable Calculus/9.8. Optimization/Lessons/9.8.2. The Second Partial Derivatives Test.md,9. Multivariable Calculus/9.8. Optimization/Source/9.8.2. The Second Partial Derivatives Test,80,80,205
1947,MML.9.8.3,9.8.3,Calculating Global Extrema of Multivariable Functions,9. Multivariable Calculus,9.8. Optimization,9. Multivariable Calculus/9.8. Optimization/Lessons/9.8.3. Calculating Global Extrema of Multivariable Functions.md,9. Multivariable Calculus/9.8. Optimization/Source/9.8.3. Calculating Global Extrema of Multivariable Functions,81,81,206
1948,MML.9.8.4,9.8.4,Lagrange Multipliers With One Constraint,9. Multivariable Calculus,9.8. Optimization,9. Multivariable Calculus/9.8. Optimization/Lessons/9.8.4. Lagrange Multipliers With One Constraint.md,9. Multivariable Calculus/9.8. Optimization/Source/9.8.4. Lagrange Multipliers With One Constraint,80,80,207
3380,MML.9.8.5,9.8.5,Lagrange Multipliers With Multiple Constraints,9. Multivariable Calculus,9.8. Optimization,9. Multivariable Calculus/9.8. Optimization/Lessons/9.8.5. Lagrange Multipliers With Multiple Constraints.md,9. Multivariable Calculus/9.8. Optimization/Source/9.8.5. Lagrange Multipliers With Multiple Constraints,81,81,208
4164,MML.9.8.6,9.8.6,Optimizing Multivariable Functions Using Lagrange Multipliers,9. Multivariable Calculus,9.8. Optimization,9. Multivariable Calculus/9.8. Optimization/Lessons/9.8.6. Optimizing Multivariable Functions Using Lagrange Multipliers.md,9. Multivariable Calculus/9.8. Optimization/Source/9.8.6. Optimizing Multivariable Functions Using Lagrange Multipliers,81,81,209
971,MML.10.1.1,10.1.1,Extending the Law of Total Probability,10. Probability & Random Variables,10.1. Probability,10. Probability & Random Variables/10.1. Probability/Lessons/10.1.1. Extending the Law of Total Probability.md,10. Probability & Random Variables/10.1. Probability/Source/10.1.1. Extending the Law of Total Probability,42,42,210
3272,MML.10.1.2,10.1.2,Bayes' Theorem,10. Probability & Random Variables,10.1. Probability,10. Probability & Random Variables/10.1. Probability/Lessons/10.1.2. Bayes' Theorem.md,10. Probability & Random Variables/10.1. Probability/Source/10.1.2. Bayes' Theorem,42,42,211
3286,MML.10.1.3,10.1.3,Extending Bayes' Theorem,10. Probability & Random Variables,10.1. Probability,10. Probability & Random Variables/10.1. Probability/Lessons/10.1.3. Extending Bayes' Theorem.md,10. Probability & Random Variables/10.1. Probability/Source/10.1.3. Extending Bayes' Theorem,43,43,212
1347,MML.10.2.1,10.2.1,Probability Density Functions of Continuous Random Variables,10. Probability & Random Variables,10.2. Random Variables,10. Probability & Random Variables/10.2. Random Variables/Lessons/10.2.1. Probability Density Functions of Continuous Random Variables.md,10. Probability & Random Variables/10.2. Random Variables/Source/10.2.1. Probability Density Functions of Continuous Random Variables,69,69,213
4043,MML.10.2.2,10.2.2,Calculating Probabilities With Continuous Random Variables,10. Probability & Random Variables,10.2. Random Variables,10. Probability & Random Variables/10.2. Random Variables/Lessons/10.2.2. Calculating Probabilities With Continuous Random Variables.md,10. Probability & Random Variables/10.2. Random Variables/Source/10.2.2. Calculating Probabilities With Continuous Random Variables,71,71,214
4100,MML.10.2.3,10.2.3,Continuous Random Variables Over Infinite Domains,10. Probability & Random Variables,10.2. Random Variables,10. Probability & Random Variables/10.2. Random Variables/Lessons/10.2.3. Continuous Random Variables Over Infinite Domains.md,10. Probability & Random Variables/10.2. Random Variables/Source/10.2.3. Continuous Random Variables Over Infinite Domains,72,72,215
2163,MML.10.2.4,10.2.4,Cumulative Distribution Functions for Continuous Random Variables,10. Probability & Random Variables,10.2. Random Variables,10. Probability & Random Variables/10.2. Random Variables/Lessons/10.2.4. Cumulative Distribution Functions for Continuous Random Variables.md,10. Probability & Random Variables/10.2. Random Variables/Source/10.2.4. Cumulative Distribution Functions for Continuous Random Variables,73,73,216
2994,MML.10.2.5,10.2.5,Approximating Discrete Random Variables as Continuous,10. Probability & Random Variables,10.2. Random Variables,10. Probability & Random Variables/10.2. Random Variables/Lessons/10.2.5. Approximating Discrete Random Variables as Continuous.md,10. Probability & Random Variables/10.2. Random Variables/Source/10.2.5. Approximating Discrete Random Variables as Continuous,73,73,217
3867,MML.10.2.6,10.2.6,Simulating Random Observations,10. Probability & Random Variables,10.2. Random Variables,10. Probability & Random Variables/10.2. Random Variables/Lessons/10.2.6. Simulating Random Observations.md,10. Probability & Random Variables/10.2. Random Variables/Source/10.2.6. Simulating Random Observations,74,74,218
3631,MML.10.3.1,10.3.1,One-to-One Transformations of Discrete Random Variables,10. Probability & Random Variables,10.3. Transformations of Random Variables,10. Probability & Random Variables/10.3. Transformations of Random Variables/Lessons/10.3.1. One-to-One Transformations of Discrete Random Variables.md,10. Probability & Random Variables/10.3. Transformations of Random Variables/Source/10.3.1. One-to-One Transformations of Discrete Random Variables,46,46,219
3647,MML.10.3.2,10.3.2,Many-to-One Transformations of Discrete Random Variables,10. Probability & Random Variables,10.3. Transformations of Random Variables,10. Probability & Random Variables/10.3. Transformations of Random Variables/Lessons/10.3.2. Many-to-One Transformations of Discrete Random Variables.md,10. Probability & Random Variables/10.3. Transformations of Random Variables/Source/10.3.2. Many-to-One Transformations of Discrete Random Variables,47,47,220
3055,MML.10.3.3,10.3.3,The Distribution Function Method,10. Probability & Random Variables,10.3. Transformations of Random Variables,10. Probability & Random Variables/10.3. Transformations of Random Variables/Lessons/10.3.3. The Distribution Function Method.md,10. Probability & Random Variables/10.3. Transformations of Random Variables/Source/10.3.3. The Distribution Function Method,74,74,221
3056,MML.10.3.4,10.3.4,The Change-of-Variables Method for Continuous Random Variables,10. Probability & Random Variables,10.3. Transformations of Random Variables,10. Probability & Random Variables/10.3. Transformations of Random Variables/Lessons/10.3.4. The Change-of-Variables Method for Continuous Random Variables.md,10. Probability & Random Variables/10.3. Transformations of Random Variables/Source/10.3.4. The Change-of-Variables Method for Continuous Random Variables,75,75,222
3637,MML.10.3.5,10.3.5,The Distribution Function Method With Many-to-One Transformations,10. Probability & Random Variables,10.3. Transformations of Random Variables,10. Probability & Random Variables/10.3. Transformations of Random Variables/Lessons/10.3.5. The Distribution Function Method With Many-to-One Transformations.md,10. Probability & Random Variables/10.3. Transformations of Random Variables/Source/10.3.5. The Distribution Function Method With Many-to-One Transformations,75,75,223
730,MML.10.4.1,10.4.1,Expected Values of Discrete Random Variables,10. Probability & Random Variables,10.4. Expectation,10. Probability & Random Variables/10.4. Expectation/Lessons/10.4.1. Expected Values of Discrete Random Variables.md,10. Probability & Random Variables/10.4. Expectation/Source/10.4.1. Expected Values of Discrete Random Variables,46,46,224
2836,MML.10.4.2,10.4.2,Properties of Expectation for Discrete Random Variables,10. Probability & Random Variables,10.4. Expectation,10. Probability & Random Variables/10.4. Expectation/Lessons/10.4.2. Properties of Expectation for Discrete Random Variables.md,10. Probability & Random Variables/10.4. Expectation/Source/10.4.2. Properties of Expectation for Discrete Random Variables,47,47,225
3642,MML.10.4.3,10.4.3,Moments of Discrete Random Variables,10. Probability & Random Variables,10.4. Expectation,10. Probability & Random Variables/10.4. Expectation/Lessons/10.4.3. Moments of Discrete Random Variables.md,10. Probability & Random Variables/10.4. Expectation/Source/10.4.3. Moments of Discrete Random Variables,48,48,226
1388,MML.10.4.4,10.4.4,Variance of Discrete Random Variables,10. Probability & Random Variables,10.4. Expectation,10. Probability & Random Variables/10.4. Expectation/Lessons/10.4.4. Variance of Discrete Random Variables.md,10. Probability & Random Variables/10.4. Expectation/Source/10.4.4. Variance of Discrete Random Variables,49,49,227
3028,MML.10.4.5,10.4.5,Properties of Variance for Discrete Random Variables,10. Probability & Random Variables,10.4. Expectation,10. Probability & Random Variables/10.4. Expectation/Lessons/10.4.5. Properties of Variance for Discrete Random Variables.md,10. Probability & Random Variables/10.4. Expectation/Source/10.4.5. Properties of Variance for Discrete Random Variables,50,50,228
4012,MML.10.4.6,10.4.6,Expected Values of Continuous Random Variables,10. Probability & Random Variables,10.4. Expectation,10. Probability & Random Variables/10.4. Expectation/Lessons/10.4.6. Expected Values of Continuous Random Variables.md,10. Probability & Random Variables/10.4. Expectation/Source/10.4.6. Expected Values of Continuous Random Variables,73,73,229
2987,MML.10.4.7,10.4.7,Moments of Continuous Random Variables,10. Probability & Random Variables,10.4. Expectation,10. Probability & Random Variables/10.4. Expectation/Lessons/10.4.7. Moments of Continuous Random Variables.md,10. Probability & Random Variables/10.4. Expectation/Source/10.4.7. Moments of Continuous Random Variables,74,74,230
2988,MML.10.4.8,10.4.8,Variance of Continuous Random Variables,10. Probability & Random Variables,10.4. Expectation,10. Probability & Random Variables/10.4. Expectation/Lessons/10.4.8. Variance of Continuous Random Variables.md,10. Probability & Random Variables/10.4. Expectation/Source/10.4.8. Variance of Continuous Random Variables,75,75,231
1335,MML.10.4.9,10.4.9,The Rule of the Lazy Statistician,10. Probability & Random Variables,10.4. Expectation,10. Probability & Random Variables/10.4. Expectation/Lessons/10.4.9. The Rule of the Lazy Statistician.md,10. Probability & Random Variables/10.4. Expectation/Source/10.4.9. The Rule of the Lazy Statistician,74,74,232
5997,MML.10.4.10,10.4.10,The Law of Total Expectation for Discrete Random Variables,10. Probability & Random Variables,10.4. Expectation,10. Probability & Random Variables/10.4. Expectation/Lessons/10.4.10. The Law of Total Expectation for Discrete Random Variables.md,10. Probability & Random Variables/10.4. Expectation/Source/10.4.10. The Law of Total Expectation for Discrete Random Variables,69,69,233
3071,MML.10.5.1,10.5.1,The Bernoulli Distribution,10. Probability & Random Variables,10.5. Discrete Probability Distributions,10. Probability & Random Variables/10.5. Discrete Probability Distributions/Lessons/10.5.1. The Bernoulli Distribution.md,10. Probability & Random Variables/10.5. Discrete Probability Distributions/Source/10.5.1. The Bernoulli Distribution,46,46,234
1395,MML.10.5.2,10.5.2,Modeling With the Binomial Distribution,10. Probability & Random Variables,10.5. Discrete Probability Distributions,10. Probability & Random Variables/10.5. Discrete Probability Distributions/Lessons/10.5.2. Modeling With the Binomial Distribution.md,10. Probability & Random Variables/10.5. Discrete Probability Distributions/Source/10.5.2. Modeling With the Binomial Distribution,47,47,235
3270,MML.10.5.3,10.5.3,The CDF of the Binomial Distribution,10. Probability & Random Variables,10.5. Discrete Probability Distributions,10. Probability & Random Variables/10.5. Discrete Probability Distributions/Lessons/10.5.3. The CDF of the Binomial Distribution.md,10. Probability & Random Variables/10.5. Discrete Probability Distributions/Source/10.5.3. The CDF of the Binomial Distribution,47,47,236
2149,MML.10.5.4,10.5.4,Mean and Variance of the Binomial Distribution,10. Probability & Random Variables,10.5. Discrete Probability Distributions,10. Probability & Random Variables/10.5. Discrete Probability Distributions/Lessons/10.5.4. Mean and Variance of the Binomial Distribution.md,10. Probability & Random Variables/10.5. Discrete Probability Distributions/Source/10.5.4. Mean and Variance of the Binomial Distribution,50,50,237
3010,MML.10.5.5,10.5.5,The Discrete Uniform Distribution,10. Probability & Random Variables,10.5. Discrete Probability Distributions,10. Probability & Random Variables/10.5. Discrete Probability Distributions/Lessons/10.5.5. The Discrete Uniform Distribution.md,10. Probability & Random Variables/10.5. Discrete Probability Distributions/Source/10.5.5. The Discrete Uniform Distribution,63,63,238
3269,MML.10.5.6,10.5.6,Modeling With Discrete Uniform Distributions,10. Probability & Random Variables,10.5. Discrete Probability Distributions,10. Probability & Random Variables/10.5. Discrete Probability Distributions/Lessons/10.5.6. Modeling With Discrete Uniform Distributions.md,10. Probability & Random Variables/10.5. Discrete Probability Distributions/Source/10.5.6. Modeling With Discrete Uniform Distributions,64,64,239
3402,MML.10.5.7,10.5.7,Mean and Variance of the Discrete Uniform Distribution,10. Probability & Random Variables,10.5. Discrete Probability Distributions,10. Probability & Random Variables/10.5. Discrete Probability Distributions/Lessons/10.5.7. Mean and Variance of the Discrete Uniform Distribution.md,10. Probability & Random Variables/10.5. Discrete Probability Distributions/Source/10.5.7. Mean and Variance of the Discrete Uniform Distribution,65,65,240
3282,MML.10.5.8,10.5.8,The Poisson Distribution,10. Probability & Random Variables,10.5. Discrete Probability Distributions,10. Probability & Random Variables/10.5. Discrete Probability Distributions/Lessons/10.5.8. The Poisson Distribution.md,10. Probability & Random Variables/10.5. Discrete Probability Distributions/Source/10.5.8. The Poisson Distribution,46,46,241
2838,MML.10.5.9,10.5.9,Modeling With the Poisson Distribution,10. Probability & Random Variables,10.5. Discrete Probability Distributions,10. Probability & Random Variables/10.5. Discrete Probability Distributions/Lessons/10.5.9. Modeling With the Poisson Distribution.md,10. Probability & Random Variables/10.5. Discrete Probability Distributions/Source/10.5.9. Modeling With the Poisson Distribution,47,47,242
3274,MML.10.5.10,10.5.10,The CDF of the Poisson Distribution,10. Probability & Random Variables,10.5. Discrete Probability Distributions,10. Probability & Random Variables/10.5. Discrete Probability Distributions/Lessons/10.5.10. The CDF of the Poisson Distribution.md,10. Probability & Random Variables/10.5. Discrete Probability Distributions/Source/10.5.10. The CDF of the Poisson Distribution,57,57,243
791,MML.10.6.1,10.6.1,The Continuous Uniform Distribution,10. Probability & Random Variables,10.6. Continuous Probability Distributions,10. Probability & Random Variables/10.6. Continuous Probability Distributions/Lessons/10.6.1. The Continuous Uniform Distribution.md,10. Probability & Random Variables/10.6. Continuous Probability Distributions/Source/10.6.1. The Continuous Uniform Distribution,73,73,244
3277,MML.10.6.2,10.6.2,Mean and Variance of the Continuous Uniform Distribution,10. Probability & Random Variables,10.6. Continuous Probability Distributions,10. Probability & Random Variables/10.6. Continuous Probability Distributions/Lessons/10.6.2. Mean and Variance of the Continuous Uniform Distribution.md,10. Probability & Random Variables/10.6. Continuous Probability Distributions/Source/10.6.2. Mean and Variance of the Continuous Uniform Distribution,76,76,245
2990,MML.10.6.3,10.6.3,Modeling With Continuous Uniform Distributions,10. Probability & Random Variables,10.6. Continuous Probability Distributions,10. Probability & Random Variables/10.6. Continuous Probability Distributions/Lessons/10.6.3. Modeling With Continuous Uniform Distributions.md,10. Probability & Random Variables/10.6. Continuous Probability Distributions/Source/10.6.3. Modeling With Continuous Uniform Distributions,77,77,246
3289,MML.10.6.4,10.6.4,The Gamma Function,10. Probability & Random Variables,10.6. Continuous Probability Distributions,10. Probability & Random Variables/10.6. Continuous Probability Distributions/Lessons/10.6.4. The Gamma Function.md,10. Probability & Random Variables/10.6. Continuous Probability Distributions/Source/10.6.4. The Gamma Function,72,72,247
3023,MML.10.6.5,10.6.5,The Chi-Square Distribution,10. Probability & Random Variables,10.6. Continuous Probability Distributions,10. Probability & Random Variables/10.6. Continuous Probability Distributions/Lessons/10.6.5. The Chi-Square Distribution.md,10. Probability & Random Variables/10.6. Continuous Probability Distributions/Source/10.6.5. The Chi-Square Distribution,73,73,248
3069,MML.10.6.6,10.6.6,The Student's T-Distribution,10. Probability & Random Variables,10.6. Continuous Probability Distributions,10. Probability & Random Variables/10.6. Continuous Probability Distributions/Lessons/10.6.6. The Student's T-Distribution.md,10. Probability & Random Variables/10.6. Continuous Probability Distributions/Source/10.6.6. The Student's T-Distribution,84,84,249
3074,MML.10.6.7,10.6.7,The Exponential Distribution,10. Probability & Random Variables,10.6. Continuous Probability Distributions,10. Probability & Random Variables/10.6. Continuous Probability Distributions/Lessons/10.6.7. The Exponential Distribution.md,10. Probability & Random Variables/10.6. Continuous Probability Distributions/Source/10.6.7. The Exponential Distribution,73,73,250
1983,MML.11.1.1,11.1.1,Double Summations,11. Combining Random Variables,11.1. Distributions of Two Discrete Random Variables,11. Combining Random Variables/11.1. Distributions of Two Discrete Random Variables/Lessons/11.1.1. Double Summations.md,11. Combining Random Variables/11.1. Distributions of Two Discrete Random Variables/Source/11.1.1. Double Summations,45,45,251
3001,MML.11.1.2,11.1.2,Joint Distributions for Discrete Random Variables,11. Combining Random Variables,11.1. Distributions of Two Discrete Random Variables,11. Combining Random Variables/11.1. Distributions of Two Discrete Random Variables/Lessons/11.1.2. Joint Distributions for Discrete Random Variables.md,11. Combining Random Variables/11.1. Distributions of Two Discrete Random Variables/Source/11.1.2. Joint Distributions for Discrete Random Variables,64,64,252
3002,MML.11.1.3,11.1.3,Marginal Distributions for Discrete Random Variables,11. Combining Random Variables,11.1. Distributions of Two Discrete Random Variables,11. Combining Random Variables/11.1. Distributions of Two Discrete Random Variables/Lessons/11.1.3. Marginal Distributions for Discrete Random Variables.md,11. Combining Random Variables/11.1. Distributions of Two Discrete Random Variables/Source/11.1.3. Marginal Distributions for Discrete Random Variables,65,65,253
3048,MML.11.1.4,11.1.4,Independence of Discrete Random Variables,11. Combining Random Variables,11.1. Distributions of Two Discrete Random Variables,11. Combining Random Variables/11.1. Distributions of Two Discrete Random Variables/Lessons/11.1.4. Independence of Discrete Random Variables.md,11. Combining Random Variables/11.1. Distributions of Two Discrete Random Variables/Source/11.1.4. Independence of Discrete Random Variables,66,66,254
3003,MML.11.1.5,11.1.5,Conditional Distributions for Discrete Random Variables,11. Combining Random Variables,11.1. Distributions of Two Discrete Random Variables,11. Combining Random Variables/11.1. Distributions of Two Discrete Random Variables/Lessons/11.1.5. Conditional Distributions for Discrete Random Variables.md,11. Combining Random Variables/11.1. Distributions of Two Discrete Random Variables/Source/11.1.5. Conditional Distributions for Discrete Random Variables,67,67,255
3004,MML.11.1.6,11.1.6,The Joint CDF of Two Discrete Random Variables,11. Combining Random Variables,11.1. Distributions of Two Discrete Random Variables,11. Combining Random Variables/11.1. Distributions of Two Discrete Random Variables/Lessons/11.1.6. The Joint CDF of Two Discrete Random Variables.md,11. Combining Random Variables/11.1. Distributions of Two Discrete Random Variables/Source/11.1.6. The Joint CDF of Two Discrete Random Variables,65,65,256
3052,MML.11.2.1,11.2.1,Joint Distributions for Continuous Random Variables,11. Combining Random Variables,11.2. Distributions of Two Continuous Random Variables,11. Combining Random Variables/11.2. Distributions of Two Continuous Random Variables/Lessons/11.2.1. Joint Distributions for Continuous Random Variables.md,11. Combining Random Variables/11.2. Distributions of Two Continuous Random Variables/Source/11.2.1. Joint Distributions for Continuous Random Variables,76,76,257
3636,MML.11.2.2,11.2.2,Marginal Distributions for Continuous Random Variables,11. Combining Random Variables,11.2. Distributions of Two Continuous Random Variables,11. Combining Random Variables/11.2. Distributions of Two Continuous Random Variables/Lessons/11.2.2. Marginal Distributions for Continuous Random Variables.md,11. Combining Random Variables/11.2. Distributions of Two Continuous Random Variables/Source/11.2.2. Marginal Distributions for Continuous Random Variables,77,77,258
3863,MML.11.2.3,11.2.3,Independence of Continuous Random Variables,11. Combining Random Variables,11.2. Distributions of Two Continuous Random Variables,11. Combining Random Variables/11.2. Distributions of Two Continuous Random Variables/Lessons/11.2.3. Independence of Continuous Random Variables.md,11. Combining Random Variables/11.2. Distributions of Two Continuous Random Variables/Source/11.2.3. Independence of Continuous Random Variables,78,78,259
3022,MML.11.2.4,11.2.4,Conditional Distributions for Continuous Random Variables,11. Combining Random Variables,11.2. Distributions of Two Continuous Random Variables,11. Combining Random Variables/11.2. Distributions of Two Continuous Random Variables/Lessons/11.2.4. Conditional Distributions for Continuous Random Variables.md,11. Combining Random Variables/11.2. Distributions of Two Continuous Random Variables/Source/11.2.4. Conditional Distributions for Continuous Random Variables,79,79,260
3640,MML.11.2.5,11.2.5,The Joint CDF of Two Continuous Random Variables,11. Combining Random Variables,11.2. Distributions of Two Continuous Random Variables,11. Combining Random Variables/11.2. Distributions of Two Continuous Random Variables/Lessons/11.2.5. The Joint CDF of Two Continuous Random Variables.md,11. Combining Random Variables/11.2. Distributions of Two Continuous Random Variables/Source/11.2.5. The Joint CDF of Two Continuous Random Variables,79,79,261
3866,MML.11.2.6,11.2.6,Properties of the Joint CDF of Two Continuous Random Variables,11. Combining Random Variables,11.2. Distributions of Two Continuous Random Variables,11. Combining Random Variables/11.2. Distributions of Two Continuous Random Variables/Lessons/11.2.6. Properties of the Joint CDF of Two Continuous Random Variables.md,11. Combining Random Variables/11.2. Distributions of Two Continuous Random Variables/Source/11.2.6. Properties of the Joint CDF of Two Continuous Random Variables,80,80,262
3292,MML.11.3.1,11.3.1,Expected Values of Sums and Products of Random Variables,11. Combining Random Variables,11.3. Expectation for Joint Distributions,11. Combining Random Variables/11.3. Expectation for Joint Distributions/Lessons/11.3.1. Expected Values of Sums and Products of Random Variables.md,11. Combining Random Variables/11.3. Expectation for Joint Distributions/Source/11.3.1. Expected Values of Sums and Products of Random Variables,67,67,263
3062,MML.11.3.2,11.3.2,Variance of Sums of Independent Random Variables,11. Combining Random Variables,11.3. Expectation for Joint Distributions,11. Combining Random Variables/11.3. Expectation for Joint Distributions/Lessons/11.3.2. Variance of Sums of Independent Random Variables.md,11. Combining Random Variables/11.3. Expectation for Joint Distributions/Source/11.3.2. Variance of Sums of Independent Random Variables,67,67,264
3856,MML.11.3.3,11.3.3,Computing Expected Values From Joint Distributions,11. Combining Random Variables,11.3. Expectation for Joint Distributions,11. Combining Random Variables/11.3. Expectation for Joint Distributions/Lessons/11.3.3. Computing Expected Values From Joint Distributions.md,11. Combining Random Variables/11.3. Expectation for Joint Distributions/Source/11.3.3. Computing Expected Values From Joint Distributions,78,78,265
3053,MML.11.3.4,11.3.4,Conditional Expectation for Discrete Random Variables,11. Combining Random Variables,11.3. Expectation for Joint Distributions,11. Combining Random Variables/11.3. Expectation for Joint Distributions/Lessons/11.3.4. Conditional Expectation for Discrete Random Variables.md,11. Combining Random Variables/11.3. Expectation for Joint Distributions/Source/11.3.4. Conditional Expectation for Discrete Random Variables,68,68,266
3926,MML.11.3.5,11.3.5,Conditional Variance for Discrete Random Variables,11. Combining Random Variables,11.3. Expectation for Joint Distributions,11. Combining Random Variables/11.3. Expectation for Joint Distributions/Lessons/11.3.5. Conditional Variance for Discrete Random Variables.md,11. Combining Random Variables/11.3. Expectation for Joint Distributions/Source/11.3.5. Conditional Variance for Discrete Random Variables,69,69,267
3057,MML.11.3.6,11.3.6,Conditional Expectation for Continuous Random Variables,11. Combining Random Variables,11.3. Expectation for Joint Distributions,11. Combining Random Variables/11.3. Expectation for Joint Distributions/Lessons/11.3.6. Conditional Expectation for Continuous Random Variables.md,11. Combining Random Variables/11.3. Expectation for Joint Distributions/Source/11.3.6. Conditional Expectation for Continuous Random Variables,80,80,268
3929,MML.11.3.7,11.3.7,Conditional Variance for Continuous Random Variables,11. Combining Random Variables,11.3. Expectation for Joint Distributions,11. Combining Random Variables/11.3. Expectation for Joint Distributions/Lessons/11.3.7. Conditional Variance for Continuous Random Variables.md,11. Combining Random Variables/11.3. Expectation for Joint Distributions/Source/11.3.7. Conditional Variance for Continuous Random Variables,81,81,269
3061,MML.11.3.8,11.3.8,The Rule of the Lazy Statistician for Two Random Variables,11. Combining Random Variables,11.3. Expectation for Joint Distributions,11. Combining Random Variables/11.3. Expectation for Joint Distributions/Lessons/11.3.8. The Rule of the Lazy Statistician for Two Random Variables.md,11. Combining Random Variables/11.3. Expectation for Joint Distributions/Source/11.3.8. The Rule of the Lazy Statistician for Two Random Variables,77,77,270
3049,MML.11.4.1,11.4.1,The Covariance of Two Random Variables,11. Combining Random Variables,11.4. Covariance of Random Variables,11. Combining Random Variables/11.4. Covariance of Random Variables/Lessons/11.4.1. The Covariance of Two Random Variables.md,11. Combining Random Variables/11.4. Covariance of Random Variables/Source/11.4.1. The Covariance of Two Random Variables,79,79,271
3940,MML.11.4.2,11.4.2,Variance of Sums of Random Variables,11. Combining Random Variables,11.4. Covariance of Random Variables,11. Combining Random Variables/11.4. Covariance of Random Variables/Lessons/11.4.2. Variance of Sums of Random Variables.md,11. Combining Random Variables/11.4. Covariance of Random Variables/Source/11.4.2. Variance of Sums of Random Variables,80,80,272
3050,MML.11.4.3,11.4.3,The Correlation Coefficient for Two Random Variables,11. Combining Random Variables,11.4. Covariance of Random Variables,11. Combining Random Variables/11.4. Covariance of Random Variables/Lessons/11.4.3. The Correlation Coefficient for Two Random Variables.md,11. Combining Random Variables/11.4. Covariance of Random Variables/Source/11.4.3. The Correlation Coefficient for Two Random Variables,80,80,273
3939,MML.11.4.4,11.4.4,The Covariance Matrix,11. Combining Random Variables,11.4. Covariance of Random Variables,11. Combining Random Variables/11.4. Covariance of Random Variables/Lessons/11.4.4. The Covariance Matrix.md,11. Combining Random Variables/11.4. Covariance of Random Variables/Source/11.4.4. The Covariance Matrix,81,81,274
1633,MML.11.5.1,11.5.1,Normal Approximations of Binomial Distributions,11. Combining Random Variables,11.5. Normally Distributed Random Variables,11. Combining Random Variables/11.5. Normally Distributed Random Variables/Lessons/11.5.1. Normal Approximations of Binomial Distributions.md,11. Combining Random Variables/11.5. Normally Distributed Random Variables/Source/11.5.1. Normal Approximations of Binomial Distributions,74,74,275
3009,MML.11.5.2,11.5.2,Combining Two Normally Distributed Random Variables,11. Combining Random Variables,11.5. Normally Distributed Random Variables,11. Combining Random Variables/11.5. Normally Distributed Random Variables/Lessons/11.5.2. Combining Two Normally Distributed Random Variables.md,11. Combining Random Variables/11.5. Normally Distributed Random Variables/Source/11.5.2. Combining Two Normally Distributed Random Variables,79,79,276
3638,MML.11.5.3,11.5.3,Combining Multiple Normally Distributed Random Variables,11. Combining Random Variables,11.5. Normally Distributed Random Variables,11. Combining Random Variables/11.5. Normally Distributed Random Variables/Lessons/11.5.3. Combining Multiple Normally Distributed Random Variables.md,11. Combining Random Variables/11.5. Normally Distributed Random Variables/Source/11.5.3. Combining Multiple Normally Distributed Random Variables,80,80,277
3859,MML.11.5.4,11.5.4,I.I.D Normal Random Variables,11. Combining Random Variables,11.5. Normally Distributed Random Variables,11. Combining Random Variables/11.5. Normally Distributed Random Variables/Lessons/11.5.4. I.I.D Normal Random Variables.md,11. Combining Random Variables/11.5. Normally Distributed Random Variables/Source/11.5.4. I.I.D Normal Random Variables,81,81,278
918,MML.11.5.5,11.5.5,The Bivariate Normal Distribution,11. Combining Random Variables,11.5. Normally Distributed Random Variables,11. Combining Random Variables/11.5. Normally Distributed Random Variables/Lessons/11.5.5. The Bivariate Normal Distribution.md,11. Combining Random Variables/11.5. Normally Distributed Random Variables/Source/11.5.5. The Bivariate Normal Distribution,82,82,279
2980,MML.12.1.1,12.1.1,The Sample Mean,12. Parametric Inference,12.1. Point Estimation,12. Parametric Inference/12.1. Point Estimation/Lessons/12.1.1. The Sample Mean.md,12. Parametric Inference/12.1. Point Estimation/Source/12.1.1. The Sample Mean,68,68,280
3864,MML.12.1.2,12.1.2,Sampling Distributions,12. Parametric Inference,12.1. Point Estimation,12. Parametric Inference/12.1. Point Estimation/Lessons/12.1.2. Sampling Distributions.md,12. Parametric Inference/12.1. Point Estimation/Source/12.1.2. Sampling Distributions,69,69,281
3013,MML.12.1.3,12.1.3,Variance of Sample Means,12. Parametric Inference,12.1. Point Estimation,12. Parametric Inference/12.1. Point Estimation/Lessons/12.1.3. Variance of Sample Means.md,12. Parametric Inference/12.1. Point Estimation/Source/12.1.3. Variance of Sample Means,70,70,282
3820,MML.12.1.4,12.1.4,The Sample Variance,12. Parametric Inference,12.1. Point Estimation,12. Parametric Inference/12.1. Point Estimation/Lessons/12.1.4. The Sample Variance.md,12. Parametric Inference/12.1. Point Estimation/Source/12.1.4. The Sample Variance,71,71,283
3067,MML.12.1.5,12.1.5,Sample Means From Normal Populations,12. Parametric Inference,12.1. Point Estimation,12. Parametric Inference/12.1. Point Estimation/Lessons/12.1.5. Sample Means From Normal Populations.md,12. Parametric Inference/12.1. Point Estimation/Source/12.1.5. Sample Means From Normal Populations,82,82,284
359,MML.12.1.6,12.1.6,The Central Limit Theorem,12. Parametric Inference,12.1. Point Estimation,12. Parametric Inference/12.1. Point Estimation/Lessons/12.1.6. The Central Limit Theorem.md,12. Parametric Inference/12.1. Point Estimation/Source/12.1.6. The Central Limit Theorem,83,83,285
3137,MML.12.1.7,12.1.7,Sampling Proportions From Finite Populations,12. Parametric Inference,12.1. Point Estimation,12. Parametric Inference/12.1. Point Estimation/Lessons/12.1.7. Sampling Proportions From Finite Populations.md,12. Parametric Inference/12.1. Point Estimation/Source/12.1.7. Sampling Proportions From Finite Populations,70,70,286
3932,MML.12.1.8,12.1.8,Point Estimates of Population Proportions,12. Parametric Inference,12.1. Point Estimation,12. Parametric Inference/12.1. Point Estimation/Lessons/12.1.8. Point Estimates of Population Proportions.md,12. Parametric Inference/12.1. Point Estimation/Source/12.1.8. Point Estimates of Population Proportions,84,84,287
3138,MML.12.1.9,12.1.9,The Sample Covariance Matrix,12. Parametric Inference,12.1. Point Estimation,12. Parametric Inference/12.1. Point Estimation/Lessons/12.1.9. The Sample Covariance Matrix.md,12. Parametric Inference/12.1. Point Estimation/Source/12.1.9. The Sample Covariance Matrix,72,72,288
3081,MML.12.2.1,12.2.1,Product Notation,12. Parametric Inference,12.2. Maximum Likelihood,12. Parametric Inference/12.2. Maximum Likelihood/Lessons/12.2.1. Product Notation.md,12. Parametric Inference/12.2. Maximum Likelihood/Source/12.2.1. Product Notation,44,44,289
294,MML.12.2.2,12.2.2,Logarithmic Differentiation,12. Parametric Inference,12.2. Maximum Likelihood,12. Parametric Inference/12.2. Maximum Likelihood/Lessons/12.2.2. Logarithmic Differentiation.md,12. Parametric Inference/12.2. Maximum Likelihood/Source/12.2.2. Logarithmic Differentiation,63,63,290
3603,MML.12.2.3,12.2.3,Likelihood Functions for Discrete Probability Distributions,12. Parametric Inference,12.2. Maximum Likelihood,12. Parametric Inference/12.2. Maximum Likelihood/Lessons/12.2.3. Likelihood Functions for Discrete Probability Distributions.md,12. Parametric Inference/12.2. Maximum Likelihood/Source/12.2.3. Likelihood Functions for Discrete Probability Distributions,70,70,291
4124,MML.12.2.4,12.2.4,Log-Likelihood Functions for Discrete Probability Distributions,12. Parametric Inference,12.2. Maximum Likelihood,12. Parametric Inference/12.2. Maximum Likelihood/Lessons/12.2.4. Log-Likelihood Functions for Discrete Probability Distributions.md,12. Parametric Inference/12.2. Maximum Likelihood/Source/12.2.4. Log-Likelihood Functions for Discrete Probability Distributions,71,71,292
4123,MML.12.2.5,12.2.5,Likelihood Functions for Continuous Probability Distributions,12. Parametric Inference,12.2. Maximum Likelihood,12. Parametric Inference/12.2. Maximum Likelihood/Lessons/12.2.5. Likelihood Functions for Continuous Probability Distributions.md,12. Parametric Inference/12.2. Maximum Likelihood/Source/12.2.5. Likelihood Functions for Continuous Probability Distributions,74,74,293
4125,MML.12.2.6,12.2.6,Log-Likelihood Functions for Continuous Probability Distributions,12. Parametric Inference,12.2. Maximum Likelihood,12. Parametric Inference/12.2. Maximum Likelihood/Lessons/12.2.6. Log-Likelihood Functions for Continuous Probability Distributions.md,12. Parametric Inference/12.2. Maximum Likelihood/Source/12.2.6. Log-Likelihood Functions for Continuous Probability Distributions,75,75,294
3077,MML.12.2.7,12.2.7,Maximum Likelihood Estimation,12. Parametric Inference,12.2. Maximum Likelihood,12. Parametric Inference/12.2. Maximum Likelihood/Lessons/12.2.7. Maximum Likelihood Estimation.md,12. Parametric Inference/12.2. Maximum Likelihood/Source/12.2.7. Maximum Likelihood Estimation,76,76,295
260,MML.12.3.1,12.3.1,Confidence Intervals for One Mean: Known Population Variance,12. Parametric Inference,12.3. Confidence Intervals,12. Parametric Inference/12.3. Confidence Intervals/Lessons/12.3.1. Confidence Intervals for One Mean- Known Population Variance.md,12. Parametric Inference/12.3. Confidence Intervals/Source/12.3.1. Confidence Intervals for One Mean- Known Population Variance,84,84,296
3855,MML.12.3.2,12.3.2,Confidence Intervals for One Mean: Unknown Population Variance,12. Parametric Inference,12.3. Confidence Intervals,12. Parametric Inference/12.3. Confidence Intervals/Lessons/12.3.2. Confidence Intervals for One Mean- Unknown Population Variance.md,12. Parametric Inference/12.3. Confidence Intervals/Source/12.3.2. Confidence Intervals for One Mean- Unknown Population Variance,85,85,297
3300,MML.12.3.3,12.3.3,Confidence Intervals for One Proportion,12. Parametric Inference,12.3. Confidence Intervals,12. Parametric Inference/12.3. Confidence Intervals/Lessons/12.3.3. Confidence Intervals for One Proportion.md,12. Parametric Inference/12.3. Confidence Intervals/Source/12.3.3. Confidence Intervals for One Proportion,85,85,298
3298,MML.12.3.4,12.3.4,Confidence Intervals for Two Means: Known and Unequal Population Variances,12. Parametric Inference,12.3. Confidence Intervals,12. Parametric Inference/12.3. Confidence Intervals/Lessons/12.3.4. Confidence Intervals for Two Means- Known and Unequal Population Variances.md,12. Parametric Inference/12.3. Confidence Intervals/Source/12.3.4. Confidence Intervals for Two Means- Known and Unequal Population Variances,85,85,299
3322,MML.12.3.5,12.3.5,Confidence Intervals for Linear Regression Slope Parameters,12. Parametric Inference,12.3. Confidence Intervals,12. Parametric Inference/12.3. Confidence Intervals/Lessons/12.3.5. Confidence Intervals for Linear Regression Slope Parameters.md,12. Parametric Inference/12.3. Confidence Intervals/Source/12.3.5. Confidence Intervals for Linear Regression Slope Parameters,86,86,300
4116,MML.12.3.6,12.3.6,Confidence Intervals for Linear Regression Intercept Parameters,12. Parametric Inference,12.3. Confidence Intervals,12. Parametric Inference/12.3. Confidence Intervals/Lessons/12.3.6. Confidence Intervals for Linear Regression Intercept Parameters.md,12. Parametric Inference/12.3. Confidence Intervals/Source/12.3.6. Confidence Intervals for Linear Regression Intercept Parameters,86,86,301
