topic-id,step-id,question-id,question-type,answer-cardinality,quiz-block-format,quiz-block-type,quiz-answer-labels,quiz-updated-courses,quiz-status,quiz-answer-source,quiz-answer-rule
46,65303,180743,multiple-choice,single,obsidian-quiz-blocks,radio,b,LAL;MOP;MML;PS1,converted-and-verified,manual,label
46,65303,180739,multiple-choice,single,obsidian-quiz-blocks,radio,a,LAL;MOP;MML;PS1,converted-and-verified,manual,label
46,65303,180740,multiple-choice,single,obsidian-quiz-blocks,radio,d,LAL;MOP;MML;PS1,converted-and-verified,manual,label
46,65309,180745,multiple-choice,single,obsidian-quiz-blocks,radio,d,LAL;MOP;MML;PS1,converted-and-verified,manual,label
46,65309,183519,multiple-choice,single,obsidian-quiz-blocks,radio,d,LAL;MOP;MML;PS1,converted-and-verified,manual,label
46,65309,181701,multiple-choice,single,obsidian-quiz-blocks,radio,a,LAL;MOP;MML;PS1,converted-and-verified,manual,label
46,65313,181703,multiple-choice,single,obsidian-quiz-blocks,radio,e,LAL;MOP;MML;PS1,converted-and-verified,manual,label
46,65313,181567,multiple-choice,single,obsidian-quiz-blocks,radio,b,LAL;MOP;MML;PS1,converted-and-verified,manual,label
47,63831,80299,multiple-choice,single,obsidian-quiz-blocks,radio,e,LAL;MOP;MML;PS1,converted-and-verified,manual,label
47,63831,80234,multiple-choice,single,obsidian-quiz-blocks,radio,a,LAL;MOP;MML;PS1,converted-and-verified,manual,label
47,63831,181441,multiple-choice,single,obsidian-quiz-blocks,radio,a,LAL;MOP;MML;PS1,converted-and-verified,manual,label
47,63836,181542,multiple-choice,single,obsidian-quiz-blocks,radio,d,LAL;MOP;MML;PS1,converted-and-verified,manual,label
47,63836,37384,multiple-choice,single,obsidian-quiz-blocks,radio,b,LAL;MOP;MML;PS1,converted-and-verified,manual,label
47,63836,80336,multiple-choice,single,obsidian-quiz-blocks,radio,a,LAL;MOP;MML;PS1,converted-and-verified,manual,label
47,63840,36229,multiple-choice,single,obsidian-quiz-blocks,radio,c,LAL;MOP;MML;PS1,converted-and-verified,manual,label
47,63840,36228,multiple-choice,single,obsidian-quiz-blocks,radio,a,LAL;MOP;MML;PS1,converted-and-verified,manual,label
47,63840,36218,multiple-choice,single,obsidian-quiz-blocks,radio,b,LAL;MOP;MML;PS1,converted-and-verified,manual,label
48,65852,36925,multiple-choice,single,obsidian-quiz-blocks,radio,d,LAL;MOP;MML;PS1,converted-and-verified,manual,label
48,65852,181473,free-response,single,,,,,,,
48,65852,181471,free-response,single,,,,,,,
48,65856,181469,free-response,single,,,,,,,
48,65856,181587,free-response,single,,,,,,,
48,65856,181589,free-response,single,,,,,,,
48,65860,181457,free-response,single,,,,,,,
48,65860,181563,free-response,single,,,,,,,
48,65863,181579,free-response,single,,,,,,,
48,65863,181454,free-response,single,,,,,,,
49,152909,181287,multiple-choice,single,obsidian-quiz-blocks,radio,c,LAL;MML;MOP;PS1,converted-and-verified,image-id,answer-image-id-1
49,152909,181293,multiple-choice,single,obsidian-quiz-blocks,radio,a,LAL;MML;MOP;PS1,converted-and-verified,manual,label
49,152912,1257,multiple-choice,single,obsidian-quiz-blocks,radio,c,LAL;MML;MOP;PS1,converted-and-verified,manual,label
49,152912,1262,multiple-choice,single,obsidian-quiz-blocks,radio,d,LAL;MML;MOP;PS1,converted-and-verified,manual,label
49,152916,1268,multiple-choice,single,obsidian-quiz-blocks,radio,a,LAL;MML;MOP;PS1,converted-and-verified,manual,label
49,152916,1264,multiple-choice,single,obsidian-quiz-blocks,radio,b,LAL;MML;MOP;PS1,converted-and-verified,manual,label
49,152921,181295,multiple-choice,single,obsidian-quiz-blocks,radio,e,LAL;MML;MOP;PS1,converted-and-verified,manual,label
49,152921,181294,multiple-choice,single,obsidian-quiz-blocks,radio,d,LAL;MML;MOP;PS1,converted-and-verified,manual,label
50,152759,228,multiple-choice,single,obsidian-quiz-blocks,radio,e,LAL;MOP;MML;PS1,converted-and-verified,manual,label
50,152759,37263,multiple-choice,single,obsidian-quiz-blocks,radio,e,LAL;MOP;MML;PS1,converted-and-verified,manual,label
50,152759,37255,multiple-choice,single,obsidian-quiz-blocks,radio,c,LAL;MOP;MML;PS1,converted-and-verified,manual,label
50,152764,1190,multiple-choice,single,obsidian-quiz-blocks,radio,e,LAL;MOP;MML;PS1,converted-and-verified,manual,label
50,152764,1192,multiple-choice,single,obsidian-quiz-blocks,radio,d,LAL;MOP;MML;PS1,converted-and-verified,manual,label
50,152768,229,multiple-choice,single,obsidian-quiz-blocks,radio,c,LAL;MOP;MML;PS1,converted-and-verified,manual,label
50,152768,498,multiple-choice,single,obsidian-quiz-blocks,radio,c,LAL;MOP;MML;PS1,converted-and-verified,manual,label
50,152772,1210,multiple-choice,single,obsidian-quiz-blocks,radio,a,LAL;MOP;MML;PS1,converted-and-verified,manual,label
50,152772,1211,multiple-choice,single,obsidian-quiz-blocks,radio,d,LAL;MOP;MML;PS1,converted-and-verified,manual,label
51,153367,1193,multiple-choice,single,obsidian-quiz-blocks,radio,c,MOP,converted-and-verified,manual,label
51,153367,1205,multiple-choice,single,obsidian-quiz-blocks,radio,c,MOP,converted-and-verified,manual,label
51,153367,1194,multiple-choice,single,obsidian-quiz-blocks,radio,a,MOP,converted-and-verified,manual,label
51,153372,1195,multiple-choice,single,obsidian-quiz-blocks,radio,c,MOP,converted-and-verified,manual,label
51,153372,1198,multiple-choice,single,obsidian-quiz-blocks,radio,a,MOP,converted-and-verified,manual,label
51,153372,80937,multiple-choice,single,obsidian-quiz-blocks,radio,e,MOP,converted-and-verified,manual,label
51,153376,105138,multiple-choice,single,obsidian-quiz-blocks,radio,b,MOP,converted-and-verified,manual,label
51,153376,105150,multiple-choice,single,obsidian-quiz-blocks,radio,a,MOP,converted-and-verified,manual,label
51,153379,105125,multiple-choice,single,obsidian-quiz-blocks,radio,c,MOP,converted-and-verified,manual,label
51,153379,104930,multiple-choice,single,obsidian-quiz-blocks,radio,b,MOP,converted-and-verified,manual,label
55,70626,172662,multiple-choice,single,obsidian-quiz-blocks,radio,a,LAL;MOP;MML;PS1,converted-and-verified,manual,label
55,70626,172665,multiple-choice,single,obsidian-quiz-blocks,radio,e,LAL;MOP;MML;PS1,converted-and-verified,manual,label
55,70626,172667,multiple-choice,single,obsidian-quiz-blocks,radio,c,LAL;MOP;MML;PS1,converted-and-verified,manual,label
55,70632,172671,multiple-choice,single,obsidian-quiz-blocks,radio,e,LAL;MOP;MML;PS1,converted-and-verified,manual,label
55,70632,172672,multiple-choice,single,obsidian-quiz-blocks,radio,b,LAL;MOP;MML;PS1,converted-and-verified,manual,label
55,70632,184613,multiple-choice,single,obsidian-quiz-blocks,radio,c,LAL;MOP;MML;PS1,converted-and-verified,manual,label
55,70636,172673,multiple-choice,single,obsidian-quiz-blocks,radio,c,LAL;MOP;MML;PS1,converted-and-verified,manual,label
55,70636,172674,multiple-choice,single,obsidian-quiz-blocks,radio,c,LAL;MOP;MML;PS1,converted-and-verified,manual,label
55,70636,184659,multiple-choice,single,obsidian-quiz-blocks,radio,b,LAL;MOP;MML;PS1,converted-and-verified,manual,label
58,64629,80909,multiple-choice,single,obsidian-quiz-blocks,radio,d,LAL;MOP;MML;PS1,converted-and-verified,manual,label
58,64629,80997,multiple-choice,single,obsidian-quiz-blocks,radio,d,LAL;MOP;MML;PS1,converted-and-verified,manual,label
58,64632,80906,multiple-choice,single,obsidian-quiz-blocks,radio,c,LAL;MOP;MML;PS1,converted-and-verified,manual,label
58,64632,80907,multiple-choice,single,obsidian-quiz-blocks,radio,b,LAL;MOP;MML;PS1,converted-and-verified,manual,label
58,64632,170847,multiple-choice,single,obsidian-quiz-blocks,radio,c,LAL;MOP;MML;PS1,converted-and-verified,manual,label
58,64636,170844,multiple-choice,single,obsidian-quiz-blocks,radio,a,LAL;MOP;MML;PS1,converted-and-verified,manual,label
58,64636,170843,multiple-choice,single,obsidian-quiz-blocks,radio,e,LAL;MOP;MML;PS1,converted-and-verified,manual,label
58,64640,171482,multiple-choice,single,obsidian-quiz-blocks,radio,d,LAL;MOP;MML;PS1,converted-and-verified,manual,label
58,64640,171486,multiple-choice,single,obsidian-quiz-blocks,radio,a,LAL;MOP;MML;PS1,converted-and-verified,manual,label
60,153495,81003,multiple-choice,single,obsidian-quiz-blocks,radio,c,MOP;MML,converted-and-verified,manual,label
60,153495,175528,select-list,multi,obsidian-quiz-blocks,radio,a,MOP;MML,converted-and-verified,manual,label
60,153498,170852,multiple-choice,single,obsidian-quiz-blocks,radio,c,MOP;MML,converted-and-verified,manual,label
60,153498,170853,multiple-choice,single,obsidian-quiz-blocks,radio,e,MOP;MML,converted-and-verified,manual,label
60,153503,181713,select-list,multi,obsidian-quiz-blocks,radio,a,MOP;MML,converted-and-verified,manual,label
60,153503,175911,select-list,multi,obsidian-quiz-blocks,radio,a,MOP;MML,converted-and-verified,manual,label
60,153506,181714,select-list,multi,obsidian-quiz-blocks,radio,a,MOP;MML,converted-and-verified,manual,label
60,153506,178152,select-list,multi,obsidian-quiz-blocks,radio,a,MOP;MML,converted-and-verified,manual,label
148,17170,71713,multiple-choice,single,obsidian-quiz-blocks,radio,b,DSM;LAL;MML;PS1,converted-and-verified,manual,label
148,17170,1069,multiple-choice,single,obsidian-quiz-blocks,radio,e,DSM;LAL;MML;PS1,converted-and-verified,manual,label
148,17171,20361,multiple-choice,single,obsidian-quiz-blocks,radio,b,DSM;LAL;MML;PS1,converted-and-verified,manual,label
148,17171,1051,multiple-choice,single,obsidian-quiz-blocks,radio,b,DSM;LAL;MML;PS1,converted-and-verified,manual,label
148,17173,71724,multiple-choice,single,obsidian-quiz-blocks,radio,e,DSM;LAL;MML;PS1,converted-and-verified,manual,label
148,17173,20223,multiple-choice,single,obsidian-quiz-blocks,radio,b,DSM;LAL;MML;PS1,converted-and-verified,manual,label
148,17174,71730,multiple-choice,single,obsidian-quiz-blocks,radio,c,DSM;LAL;MML;PS1,converted-and-verified,manual,label
148,17174,1074,multiple-choice,single,obsidian-quiz-blocks,radio,d,DSM;LAL;MML;PS1,converted-and-verified,manual,label
230,154013,171015,multiple-choice,single,obsidian-quiz-blocks,radio,,MML;MOP,needs-answer,,
230,154013,171018,multiple-choice,single,obsidian-quiz-blocks,radio,,MML;MOP,needs-answer,,
230,154016,171017,multiple-choice,single,obsidian-quiz-blocks,radio,,MML;MOP,needs-answer,,
230,154016,171016,multiple-choice,single,obsidian-quiz-blocks,radio,,MML;MOP,needs-answer,,
230,154019,81866,multiple-choice,single,obsidian-quiz-blocks,radio,,MML;MOP,needs-answer,,
230,154019,82022,multiple-choice,single,obsidian-quiz-blocks,radio,,MML;MOP,needs-answer,,
230,154019,81865,multiple-choice,single,obsidian-quiz-blocks,radio,,MML;MOP,needs-answer,,
240,25821,1272,multiple-choice,single,obsidian-quiz-blocks,radio,,MOP,needs-answer,,
240,25821,1271,multiple-choice,single,obsidian-quiz-blocks,radio,,MOP,needs-answer,,
240,25822,80345,multiple-choice,single,obsidian-quiz-blocks,radio,,MOP,needs-answer,,
240,25822,80346,multiple-choice,single,obsidian-quiz-blocks,radio,,MOP,needs-answer,,
240,25823,1275,multiple-choice,single,obsidian-quiz-blocks,radio,,MOP,needs-answer,,
240,25823,1274,multiple-choice,single,obsidian-quiz-blocks,radio,,MOP,needs-answer,,
247,139681,182458,multiple-choice,single,obsidian-quiz-blocks,radio,,MML;MOP,needs-answer,,
247,139681,182455,multiple-choice,single,obsidian-quiz-blocks,radio,,MML;MOP,needs-answer,,
247,139684,182595,multiple-choice,single,obsidian-quiz-blocks,radio,,MML;MOP,needs-answer,,
247,139684,182591,multiple-choice,single,obsidian-quiz-blocks,radio,,MML;MOP,needs-answer,,
247,139687,182469,multiple-choice,single,obsidian-quiz-blocks,radio,,MML;MOP,needs-answer,,
247,139687,182470,multiple-choice,single,obsidian-quiz-blocks,radio,,MML;MOP,needs-answer,,
247,139690,1470,multiple-choice,single,obsidian-quiz-blocks,radio,,MML;MOP,needs-answer,,
247,139690,81891,multiple-choice,single,obsidian-quiz-blocks,radio,,MML;MOP,needs-answer,,
247,139690,82455,multiple-choice,single,obsidian-quiz-blocks,radio,,MML;MOP,needs-answer,,
248,180139,182478,select-list,single,,,,,,,
248,180139,182475,select-list,multi,,,,,,,
248,180142,182480,select-list,multi,,,,,,,
248,180142,182565,select-list,multi,,,,,,,
248,180142,182581,select-list,multi,,,,,,,
248,180146,1471,multiple-choice,single,obsidian-quiz-blocks,radio,,MML;MOP,needs-answer,,
248,180146,107159,multiple-choice,single,obsidian-quiz-blocks,radio,,MML;MOP,needs-answer,,
248,180149,83226,multiple-choice,single,obsidian-quiz-blocks,radio,,MML;MOP,needs-answer,,
248,180149,1479,multiple-choice,single,obsidian-quiz-blocks,radio,,MML;MOP,needs-answer,,
249,158239,216079,select-list,multi,,,,,,,
249,158239,216553,select-list,multi,,,,,,,
249,158243,216676,select-list,multi,,,,,,,
249,158243,216081,select-list,multi,,,,,,,
249,158247,218543,select-list,multi,,,,,,,
249,158247,218616,select-list,multi,,,,,,,
249,158250,107592,multiple-choice,single,obsidian-quiz-blocks,radio,,MOP,needs-answer,,
249,158250,107601,multiple-choice,single,obsidian-quiz-blocks,radio,,MOP,needs-answer,,
249,158250,85917,multiple-choice,single,obsidian-quiz-blocks,radio,,MOP,needs-answer,,
250,154036,182371,select-list,single,,,,,,,
250,154036,182370,select-list,multi,,,,,,,
250,154039,182390,select-list,multi,,,,,,,
250,154039,182659,select-list,multi,,,,,,,
250,154039,182679,select-list,multi,,,,,,,
250,154044,81884,multiple-choice,single,obsidian-quiz-blocks,radio,,MML;MOP,needs-answer,,
250,154044,82070,multiple-choice,single,obsidian-quiz-blocks,radio,,MML;MOP,needs-answer,,
251,154122,183851,multiple-choice,single,obsidian-quiz-blocks,radio,,MOP,needs-answer,,
251,154122,183927,select-list,multi,,,,,,,
251,154122,183837,select-list,multi,,,,,,,
251,154126,183978,multiple-choice,single,obsidian-quiz-blocks,radio,,MOP,needs-answer,,
251,154126,183844,multiple-choice,single,obsidian-quiz-blocks,radio,,MOP,needs-answer,,
251,154126,183982,multiple-choice,single,obsidian-quiz-blocks,radio,,MOP,needs-answer,,
251,154130,1496,multiple-choice,single,obsidian-quiz-blocks,radio,,MOP,needs-answer,,
251,154130,1499,multiple-choice,single,obsidian-quiz-blocks,radio,,MOP,needs-answer,,
251,154130,1518,multiple-choice,single,obsidian-quiz-blocks,radio,,MOP,needs-answer,,
251,154135,183969,select-list,multi,,,,,,,
251,154135,183856,select-list,multi,,,,,,,
252,143403,171331,multiple-choice,single,obsidian-quiz-blocks,radio,,MOP,needs-answer,,
252,143403,82626,multiple-choice,single,obsidian-quiz-blocks,radio,,MOP,needs-answer,,
252,143406,171330,multiple-choice,single,obsidian-quiz-blocks,radio,,MOP,needs-answer,,
252,143406,81982,multiple-choice,single,obsidian-quiz-blocks,radio,,MOP,needs-answer,,
252,143409,171332,multiple-choice,single,obsidian-quiz-blocks,radio,,MOP,needs-answer,,
252,143409,81985,multiple-choice,single,obsidian-quiz-blocks,radio,,MOP,needs-answer,,
252,143413,171334,multiple-choice,single,obsidian-quiz-blocks,radio,,MOP,needs-answer,,
252,143413,81987,multiple-choice,single,obsidian-quiz-blocks,radio,,MOP,needs-answer,,
253,182437,184244,select-list,multi,,,,,,,
253,182437,184083,select-list,multi,,,,,,,
253,182440,225339,select-list,multi,,,,,,,
253,182440,225340,select-list,multi,,,,,,,
253,182445,225341,select-list,multi,,,,,,,
253,182445,225343,select-list,multi,,,,,,,
254,182696,185058,select-list,single,,,,,,,
254,182696,185059,select-list,single,,,,,,,
254,182699,222215,select-list,multi,,,,,,,
254,182699,222344,select-list,multi,,,,,,,
254,182702,185289,select-list,multi,,,,,,,
254,182702,222137,select-list,single,,,,,,,
290,156960,181720,free-response,single,,,,,,,
290,156960,181980,free-response,single,,,,,,,
290,156963,41856,multiple-choice,single,obsidian-quiz-blocks,radio,d,DEQ;MOP;PS2,converted-and-verified,manual,label
290,156963,182107,multiple-choice,single,obsidian-quiz-blocks,radio,d,DEQ;MOP;PS2,converted-and-verified,manual,label
290,156967,181940,free-response,single,,,,,,,
290,156967,181981,free-response,single,,,,,,,
290,156970,41796,multiple-choice,single,obsidian-quiz-blocks,radio,c,DEQ;MOP;PS2,converted-and-verified,manual,label
290,156970,41793,multiple-choice,single,obsidian-quiz-blocks,radio,e,DEQ;MOP;PS2,converted-and-verified,manual,label
642,181048,170320,select-list,multi,,,,,,,
642,181048,182624,select-list,multi,,,,,,,
642,181052,170316,multiple-choice,single,obsidian-quiz-blocks,radio,,MOP,needs-answer,,
642,181052,182716,multiple-choice,single,obsidian-quiz-blocks,radio,,MOP,needs-answer,,
642,181057,182573,select-list,multi,,,,,,,
642,181057,182614,select-list,multi,,,,,,,
642,181057,182690,select-list,multi,,,,,,,
646,179448,182539,select-list,multi,,,,,,,
646,179448,182456,select-list,multi,,,,,,,
646,179451,184243,select-list,multi,,,,,,,
646,179451,182639,select-list,multi,,,,,,,
646,179454,182462,select-list,multi,,,,,,,
646,179454,182464,select-list,multi,,,,,,,
686,2351,10094,multiple-choice,single,obsidian-quiz-blocks,radio,,CA2;CBC;DSM,needs-answer,,
686,2351,5321,multiple-choice,single,obsidian-quiz-blocks,radio,,CA2;CBC;DSM,needs-answer,,
686,2354,40417,multiple-choice,single,obsidian-quiz-blocks,radio,,CA2;CBC;DSM,needs-answer,,
686,2354,40415,multiple-choice,single,obsidian-quiz-blocks,radio,,CA2;CBC;DSM,needs-answer,,
691,2342,10017,multiple-choice,single,obsidian-quiz-blocks,radio,,CA2;CBC;DSM,needs-answer,,
691,2342,14056,multiple-choice,single,obsidian-quiz-blocks,radio,,CA2;CBC;DSM,needs-answer,,
691,2345,14059,multiple-choice,single,obsidian-quiz-blocks,radio,,CA2;CBC;DSM,needs-answer,,
691,2345,9982,multiple-choice,single,obsidian-quiz-blocks,radio,,CA2;CBC;DSM,needs-answer,,
691,2348,67204,multiple-choice,single,obsidian-quiz-blocks,radio,,CA2;CBC;DSM,needs-answer,,
691,2348,67203,multiple-choice,single,obsidian-quiz-blocks,radio,,CA2;CBC;DSM,needs-answer,,
695,415049,253715,free-response,single,,,,,,,
695,415049,13656,multiple-choice,single,obsidian-quiz-blocks,radio,,DSM,needs-answer,,
695,415052,13680,multiple-choice,single,obsidian-quiz-blocks,radio,,DSM,needs-answer,,
695,415052,33546,free-response,single,,,,,,,
695,415055,33547,multiple-choice,single,obsidian-quiz-blocks,radio,,DSM,needs-answer,,
695,415055,33548,free-response,single,,,,,,,
712,181634,183920,select-list,multi,,,,,,,
712,181634,183919,select-list,multi,,,,,,,
712,181637,183958,select-list,multi,,,,,,,
712,181637,182727,select-list,multi,,,,,,,
712,181643,183827,select-list,multi,,,,,,,
712,181643,183887,select-list,multi,,,,,,,
712,181646,183882,select-list,single,,,,,,,
712,181646,183885,select-list,single,,,,,,,
730,22376,5774,multiple-choice,single,obsidian-quiz-blocks,radio,d,MF3;PAS;DSM;MML;PS1,converted-and-verified,manual,label
730,22376,83624,multiple-choice,single,obsidian-quiz-blocks,radio,b,MF3;PAS;DSM;MML;PS1,converted-and-verified,manual,label
730,22377,5778,multiple-choice,single,obsidian-quiz-blocks,radio,c,MF3;PAS;DSM;MML;PS1,converted-and-verified,manual,label
730,22377,5497,multiple-choice,single,obsidian-quiz-blocks,radio,c,MF3;PAS;DSM;MML;PS1,converted-and-verified,manual,label
730,27376,42728,multiple-choice,single,obsidian-quiz-blocks,radio,c,MF3;PAS;DSM;MML;PS1,converted-and-verified,manual,label
730,27376,42729,multiple-choice,single,obsidian-quiz-blocks,radio,e,MF3;PAS;DSM;MML;PS1,converted-and-verified,manual,label
730,27386,83642,multiple-choice,single,obsidian-quiz-blocks,radio,c,MF3;PAS;DSM;MML;PS1,converted-and-verified,manual,label
730,27386,42731,multiple-choice,single,obsidian-quiz-blocks,radio,e,MF3;PAS;DSM;MML;PS1,converted-and-verified,manual,label
773,29251,88578,multiple-choice,single,obsidian-quiz-blocks,radio,,DSM;MF3;PAS;PS1,needs-answer,,
773,29251,88980,multiple-choice,single,obsidian-quiz-blocks,radio,,DSM;MF3;PAS;PS1,needs-answer,,
773,29254,88579,multiple-choice,single,obsidian-quiz-blocks,radio,,DSM;MF3;PAS;PS1,needs-answer,,
773,29254,88831,multiple-choice,single,obsidian-quiz-blocks,radio,,DSM;MF3;PAS;PS1,needs-answer,,
773,29257,88581,multiple-choice,single,obsidian-quiz-blocks,radio,,DSM;MF3;PAS;PS1,needs-answer,,
773,29257,89054,multiple-choice,single,obsidian-quiz-blocks,radio,,DSM;MF3;PAS;PS1,needs-answer,,
781,149849,182529,select-list,multi,,,,,,,
781,149849,182632,select-list,multi,,,,,,,
781,149852,182635,select-list,multi,,,,,,,
781,149852,182548,select-list,multi,,,,,,,
786,22044,6568,multiple-choice,single,obsidian-quiz-blocks,radio,,DSM,needs-answer,,
786,22044,71182,multiple-choice,single,obsidian-quiz-blocks,radio,,DSM,needs-answer,,
786,22046,6699,multiple-choice,single,obsidian-quiz-blocks,radio,,DSM,needs-answer,,
786,22046,6569,multiple-choice,single,obsidian-quiz-blocks,radio,,DSM,needs-answer,,
786,22049,6703,multiple-choice,single,obsidian-quiz-blocks,radio,,DSM,needs-answer,,
786,22049,6570,multiple-choice,single,obsidian-quiz-blocks,radio,,DSM,needs-answer,,
787,22045,6571,multiple-choice,single,obsidian-quiz-blocks,radio,,DSM,needs-answer,,
787,22045,71183,multiple-choice,single,obsidian-quiz-blocks,radio,,DSM,needs-answer,,
787,22047,6708,multiple-choice,single,obsidian-quiz-blocks,radio,,DSM,needs-answer,,
787,22047,6572,multiple-choice,single,obsidian-quiz-blocks,radio,,DSM,needs-answer,,
787,22050,16119,multiple-choice,single,obsidian-quiz-blocks,radio,,DSM,needs-answer,,
787,22050,6573,multiple-choice,single,obsidian-quiz-blocks,radio,,DSM,needs-answer,,
789,22051,6590,multiple-choice,single,obsidian-quiz-blocks,radio,,DSM,needs-answer,,
789,22051,71184,multiple-choice,single,obsidian-quiz-blocks,radio,,DSM,needs-answer,,
789,22052,71185,multiple-choice,single,obsidian-quiz-blocks,radio,,DSM,needs-answer,,
789,22052,6591,multiple-choice,single,obsidian-quiz-blocks,radio,,DSM,needs-answer,,
789,22053,15637,multiple-choice,single,obsidian-quiz-blocks,radio,,DSM,needs-answer,,
789,22053,6720,multiple-choice,single,obsidian-quiz-blocks,radio,,DSM,needs-answer,,
927,182507,182339,select-list,multi,,,,,,,
927,182507,182340,select-list,multi,,,,,,,
927,182510,183401,select-list,multi,,,,,,,
927,182510,183786,select-list,multi,,,,,,,
927,182513,182348,select-list,multi,,,,,,,
927,182513,183407,select-list,multi,,,,,,,
948,46178,172706,multiple-choice,single,obsidian-quiz-blocks,radio,,MML;MOP,needs-answer,,
948,46178,172710,multiple-choice,single,obsidian-quiz-blocks,radio,c,MML;MOP,converted-and-verified,image-id,answer-image-id-1
948,46181,172722,multiple-choice,single,obsidian-quiz-blocks,radio,,MML;MOP,needs-answer,,
948,46181,172721,multiple-choice,single,obsidian-quiz-blocks,radio,,MML;MOP,needs-answer,,
948,46181,172723,multiple-choice,single,obsidian-quiz-blocks,radio,,MML;MOP,needs-answer,,
950,415570,240658,select-list,multi,,,,,,,
950,415570,240660,select-list,multi,,,,,,,
950,415574,240663,multiple-choice,single,obsidian-quiz-blocks,radio,,DSM,needs-answer,,
950,415574,240676,multiple-choice,single,obsidian-quiz-blocks,radio,,DSM,needs-answer,,
950,415579,241765,multiple-choice,single,obsidian-quiz-blocks,radio,,DSM,needs-answer,,
950,415579,256648,multiple-choice,single,obsidian-quiz-blocks,radio,,DSM,needs-answer,,
951,238483,241782,multiple-choice,single,obsidian-quiz-blocks,radio,,DSM,needs-answer,,
951,238483,257168,multiple-choice,single,obsidian-quiz-blocks,radio,,DSM,needs-answer,,
951,238488,241807,free-response,single,,,,,,,
951,238488,241817,free-response,single,,,,,,,
951,238492,241820,free-response,single,,,,,,,
951,238492,241824,multiple-choice,single,obsidian-quiz-blocks,radio,,DSM,needs-answer,,
954,415681,241834,free-response,single,,,,,,,
954,415681,256898,free-response,single,,,,,,,
954,415685,241843,free-response,single,,,,,,,
954,415685,256851,free-response,single,,,,,,,
954,415688,257148,free-response,single,,,,,,,
954,415688,241846,free-response,single,,,,,,,
954,415692,258745,free-response,multi,,,,,,,
954,415692,258811,select-list,multi,,,,,,,
971,38127,143528,multiple-choice,single,obsidian-quiz-blocks,radio,,DSM;MML;PAS;PS1,needs-answer,,
971,38127,143743,multiple-choice,single,obsidian-quiz-blocks,radio,,DSM;MML;PAS;PS1,needs-answer,,
971,38130,143529,multiple-choice,single,obsidian-quiz-blocks,radio,,DSM;MML;PAS;PS1,needs-answer,,
971,38130,143583,multiple-choice,single,obsidian-quiz-blocks,radio,,DSM;MML;PAS;PS1,needs-answer,,
971,38132,143530,multiple-choice,single,obsidian-quiz-blocks,radio,,DSM;MML;PAS;PS1,needs-answer,,
971,38132,144038,multiple-choice,single,obsidian-quiz-blocks,radio,,DSM;MML;PAS;PS1,needs-answer,,
981,2304,13859,multiple-choice,single,obsidian-quiz-blocks,radio,e,CA2;CBC;DSM,converted-and-verified,manual,label
981,2304,49531,multiple-choice,single,obsidian-quiz-blocks,radio,d,CA2;CBC;DSM,converted-and-verified,manual,label
981,2307,49600,multiple-choice,single,obsidian-quiz-blocks,radio,e,CA2;CBC;DSM,converted-and-verified,manual,label
981,2307,49601,multiple-choice,single,obsidian-quiz-blocks,radio,d,CA2;CBC;DSM,converted-and-verified,manual,label
981,2309,49542,multiple-choice,single,obsidian-quiz-blocks,radio,e,CA2;CBC;DSM,converted-and-verified,manual,label
981,2309,49594,multiple-choice,single,obsidian-quiz-blocks,radio,b,CA2;CBC;DSM,converted-and-verified,manual,label
981,2311,49629,multiple-choice,single,obsidian-quiz-blocks,radio,e,CA2;CBC;DSM,converted-and-verified,manual,label
981,2311,49544,multiple-choice,single,obsidian-quiz-blocks,radio,e,CA2;CBC;DSM,converted-and-verified,manual,label
982,2314,49640,multiple-choice,single,obsidian-quiz-blocks,radio,,CA2;CBC;DSM,needs-answer,,
982,2314,49639,multiple-choice,single,obsidian-quiz-blocks,radio,,CA2;CBC;DSM,needs-answer,,
982,2316,49643,multiple-choice,single,obsidian-quiz-blocks,radio,,CA2;CBC;DSM,needs-answer,,
982,2316,49641,multiple-choice,single,obsidian-quiz-blocks,radio,,CA2;CBC;DSM,needs-answer,,
982,2318,49646,multiple-choice,single,obsidian-quiz-blocks,radio,,CA2;CBC;DSM,needs-answer,,
982,2318,49648,multiple-choice,single,obsidian-quiz-blocks,radio,,CA2;CBC;DSM,needs-answer,,
982,2322,49691,multiple-choice,single,obsidian-quiz-blocks,radio,,CA2;CBC;DSM,needs-answer,,
982,2322,49693,multiple-choice,single,obsidian-quiz-blocks,radio,,CA2;CBC;DSM,needs-answer,,
1020,2360,14092,multiple-choice,single,obsidian-quiz-blocks,radio,,CA2;CBC;DSM,needs-answer,,
1020,2360,13581,multiple-choice,single,obsidian-quiz-blocks,radio,,CA2;CBC;DSM,needs-answer,,
1020,2363,50484,multiple-choice,single,obsidian-quiz-blocks,radio,,CA2;CBC;DSM,needs-answer,,
1020,2363,50495,multiple-choice,single,obsidian-quiz-blocks,radio,,CA2;CBC;DSM,needs-answer,,
1020,2365,5365,multiple-choice,single,obsidian-quiz-blocks,radio,,CA2;CBC;DSM,needs-answer,,
1020,2365,13580,multiple-choice,single,obsidian-quiz-blocks,radio,,CA2;CBC;DSM,needs-answer,,
1020,15387,40404,multiple-choice,single,obsidian-quiz-blocks,radio,,CA2;CBC;DSM,needs-answer,,
1020,15387,67228,multiple-choice,single,obsidian-quiz-blocks,radio,,CA2;CBC;DSM,needs-answer,,
1047,17180,20451,multiple-choice,single,obsidian-quiz-blocks,radio,,DSM;LAL;MML;PS1,needs-answer,,
1047,17180,20418,multiple-choice,single,obsidian-quiz-blocks,radio,,DSM;LAL;MML;PS1,needs-answer,,
1047,17181,10205,multiple-choice,single,obsidian-quiz-blocks,radio,,DSM;LAL;MML;PS1,needs-answer,,
1047,17181,20422,multiple-choice,single,obsidian-quiz-blocks,radio,,DSM;LAL;MML;PS1,needs-answer,,
1047,17182,10204,multiple-choice,single,obsidian-quiz-blocks,radio,,DSM;LAL;MML;PS1,needs-answer,,
1047,17182,10202,multiple-choice,single,obsidian-quiz-blocks,radio,,DSM;LAL;MML;PS1,needs-answer,,
1189,415338,13517,multiple-choice,single,obsidian-quiz-blocks,radio,,DSM,needs-answer,,
1189,415338,253268,free-response,single,,,,,,,
1189,415338,88073,multiple-choice,single,obsidian-quiz-blocks,radio,,DSM,needs-answer,,
1189,415342,253269,free-response,single,,,,,,,
1189,415342,253919,multiple-choice,single,obsidian-quiz-blocks,radio,,DSM,needs-answer,,
1189,415342,253996,free-response,single,,,,,,,
1189,415346,253944,free-response,single,,,,,,,
1189,415346,88159,multiple-choice,single,obsidian-quiz-blocks,radio,,DSM,needs-answer,,
1189,415346,254030,multiple-choice,single,obsidian-quiz-blocks,radio,,DSM,needs-answer,,
1191,415380,254529,free-response,multi,,,,,,,
1191,415380,13797,multiple-choice,single,obsidian-quiz-blocks,radio,,DSM,needs-answer,,
1191,415380,253727,free-response,multi,,,,,,,
1191,415384,13857,multiple-choice,single,obsidian-quiz-blocks,radio,,DSM,needs-answer,,
1191,415384,254570,free-response,multi,,,,,,,
1191,415384,253728,free-response,multi,,,,,,,
1192,415125,13968,multiple-choice,single,obsidian-quiz-blocks,radio,,DSM,needs-answer,,
1192,415125,253881,free-response,single,,,,,,,
1192,415128,13963,multiple-choice,single,obsidian-quiz-blocks,radio,,DSM,needs-answer,,
1192,415128,253886,free-response,single,,,,,,,
1260,415443,241931,multiple-choice,single,obsidian-quiz-blocks,radio,a,DSM,converted-and-verified,image-id,answer-image-id-1
1260,415443,257383,multiple-choice,single,obsidian-quiz-blocks,radio,c,DSM,converted-and-verified,image-id,answer-image-id-1
1260,415448,256954,multiple-choice,single,obsidian-quiz-blocks,radio,e,DSM,converted-and-verified,image-id,answer-image-id-1
1260,415448,241932,multiple-choice,single,obsidian-quiz-blocks,radio,b,DSM,converted-and-verified,image-id,answer-image-id-1
1284,416756,258679,select-list,multi,,,,,,,
1284,416756,246801,select-list,multi,,,,,,,
1284,416760,257814,free-response,single,,,,,,,
1284,416760,246842,multiple-choice,single,obsidian-quiz-blocks,radio,d,DSM,converted-and-verified,image-id,answer-image-id-1
1284,416764,246910,free-response,single,,,,,,,
1284,416764,259009,free-response,single,,,,,,,
1290,27298,83453,multiple-choice,single,obsidian-quiz-blocks,radio,,DSM;MF3,needs-answer,,
1290,27298,83451,multiple-choice,single,obsidian-quiz-blocks,radio,,DSM;MF3,needs-answer,,
1290,27299,83456,multiple-choice,single,obsidian-quiz-blocks,radio,,DSM;MF3,needs-answer,,
1290,27299,83448,multiple-choice,single,obsidian-quiz-blocks,radio,,DSM;MF3,needs-answer,,
1290,27300,83449,multiple-choice,single,obsidian-quiz-blocks,radio,,DSM;MF3,needs-answer,,
1290,27300,83458,multiple-choice,single,obsidian-quiz-blocks,radio,,DSM;MF3,needs-answer,,
1290,27301,83450,multiple-choice,single,obsidian-quiz-blocks,radio,,DSM;MF3,needs-answer,,
1290,27301,83457,multiple-choice,single,obsidian-quiz-blocks,radio,,DSM;MF3,needs-answer,,
1296,416847,258158,multiple-choice,single,obsidian-quiz-blocks,radio,,DSM,needs-answer,,
1296,416847,258178,multiple-choice,single,obsidian-quiz-blocks,radio,,DSM,needs-answer,,
1296,416851,258207,multiple-choice,single,obsidian-quiz-blocks,radio,,DSM,needs-answer,,
1296,416851,258230,multiple-choice,single,obsidian-quiz-blocks,radio,,DSM,needs-answer,,
1296,416855,258645,multiple-choice,single,obsidian-quiz-blocks,radio,e,DSM,converted-and-verified,image-id,answer-image-id-1
1296,416855,258650,multiple-choice,single,obsidian-quiz-blocks,radio,d,DSM,converted-and-verified,image-id,answer-image-id-1
1341,22348,42644,multiple-choice,single,obsidian-quiz-blocks,radio,,DSM;PAS,needs-answer,,
1341,22348,42725,multiple-choice,single,obsidian-quiz-blocks,radio,,DSM;PAS,needs-answer,,
1341,22349,42632,multiple-choice,single,obsidian-quiz-blocks,radio,,DSM;PAS,needs-answer,,
1341,22349,20248,multiple-choice,single,obsidian-quiz-blocks,radio,,DSM;PAS,needs-answer,,
1341,22350,42646,multiple-choice,single,obsidian-quiz-blocks,radio,,DSM;PAS,needs-answer,,
1341,22350,42720,multiple-choice,single,obsidian-quiz-blocks,radio,,DSM;PAS,needs-answer,,
1342,22357,42698,multiple-choice,single,obsidian-quiz-blocks,radio,,DSM;PAS,needs-answer,,
1342,22357,42654,multiple-choice,single,obsidian-quiz-blocks,radio,,DSM;PAS,needs-answer,,
1342,22358,42655,multiple-choice,single,obsidian-quiz-blocks,radio,,DSM;PAS,needs-answer,,
1342,22358,42656,multiple-choice,single,obsidian-quiz-blocks,radio,,DSM;PAS,needs-answer,,
1342,22359,43038,multiple-choice,single,obsidian-quiz-blocks,radio,,DSM;PAS,needs-answer,,
1342,22359,42689,multiple-choice,single,obsidian-quiz-blocks,radio,,DSM;PAS,needs-answer,,
1342,22360,42701,multiple-choice,single,obsidian-quiz-blocks,radio,,DSM;PAS,needs-answer,,
1342,22360,42700,multiple-choice,single,obsidian-quiz-blocks,radio,,DSM;PAS,needs-answer,,
1343,22362,42805,multiple-choice,single,obsidian-quiz-blocks,radio,,DSM;PAS,needs-answer,,
1343,22362,42793,multiple-choice,single,obsidian-quiz-blocks,radio,,DSM;PAS,needs-answer,,
1343,22363,42738,multiple-choice,single,obsidian-quiz-blocks,radio,,DSM;PAS,needs-answer,,
1343,22363,42795,multiple-choice,single,obsidian-quiz-blocks,radio,,DSM;PAS,needs-answer,,
1343,22364,42804,multiple-choice,single,obsidian-quiz-blocks,radio,,DSM;PAS,needs-answer,,
1343,22364,43024,multiple-choice,single,obsidian-quiz-blocks,radio,,DSM;PAS,needs-answer,,
1343,28355,5589,multiple-choice,single,obsidian-quiz-blocks,radio,,DSM;PAS,needs-answer,,
1343,28355,87152,multiple-choice,single,obsidian-quiz-blocks,radio,,DSM;PAS,needs-answer,,
1344,22367,43035,multiple-choice,single,obsidian-quiz-blocks,radio,,DSM,needs-answer,,
1344,22367,43050,multiple-choice,single,obsidian-quiz-blocks,radio,,DSM,needs-answer,,
1344,22368,43055,multiple-choice,single,obsidian-quiz-blocks,radio,,DSM,needs-answer,,
1344,22368,43052,multiple-choice,single,obsidian-quiz-blocks,radio,,DSM,needs-answer,,
1344,22369,43934,multiple-choice,single,obsidian-quiz-blocks,radio,,DSM,needs-answer,,
1344,22369,43059,multiple-choice,single,obsidian-quiz-blocks,radio,,DSM,needs-answer,,
1388,27395,83711,multiple-choice,single,obsidian-quiz-blocks,radio,b,DSM;MML;PAS;PS1,converted-and-verified,manual,label
1388,27395,83666,multiple-choice,single,obsidian-quiz-blocks,radio,c,DSM;MML;PAS;PS1,converted-and-verified,manual,label
1388,27397,83713,multiple-choice,single,obsidian-quiz-blocks,radio,e,DSM;MML;PAS;PS1,converted-and-verified,manual,label
1388,27397,83714,multiple-choice,single,obsidian-quiz-blocks,radio,c,DSM;MML;PAS;PS1,converted-and-verified,manual,label
1388,27501,83821,multiple-choice,single,obsidian-quiz-blocks,radio,a,DSM;MML;PAS;PS1,converted-and-verified,manual,label
1388,27501,83820,multiple-choice,single,obsidian-quiz-blocks,radio,c,DSM;MML;PAS;PS1,converted-and-verified,manual,label
1388,27502,83858,multiple-choice,single,obsidian-quiz-blocks,radio,a,DSM;MML;PAS;PS1,converted-and-verified,manual,label
1388,27502,83859,multiple-choice,single,obsidian-quiz-blocks,radio,d,DSM;MML;PAS;PS1,converted-and-verified,manual,label
1392,416210,243217,free-response,multi,,,,,,,
1392,416210,257951,free-response,multi,,,,,,,
1392,416214,258175,free-response,multi,,,,,,,
1392,416214,243231,free-response,multi,,,,,,,
1392,416218,243268,free-response,multi,,,,,,,
1392,416218,243269,free-response,multi,,,,,,,
1393,416891,259460,multiple-choice,single,obsidian-quiz-blocks,radio,,DSM,needs-answer,,
1393,416891,257946,multiple-choice,single,obsidian-quiz-blocks,radio,,DSM,needs-answer,,
1393,416894,258717,select-list,multi,,,,,,,
1393,416894,257916,select-list,multi,,,,,,,
1395,27400,84052,multiple-choice,single,obsidian-quiz-blocks,radio,d,DSM;MF3;MML;PAS,converted-and-verified,manual,label
1395,27400,84050,multiple-choice,single,obsidian-quiz-blocks,radio,c,DSM;MF3;MML;PAS,converted-and-verified,manual,label
1395,27401,84152,multiple-choice,single,obsidian-quiz-blocks,radio,e,DSM;MF3;MML;PAS,converted-and-verified,manual,label
1395,27401,84149,multiple-choice,single,obsidian-quiz-blocks,radio,b,DSM;MF3;MML;PAS,converted-and-verified,manual,label
1395,27403,84036,multiple-choice,single,obsidian-quiz-blocks,radio,c,DSM;MF3;MML;PAS,converted-and-verified,manual,label
1395,27403,84043,multiple-choice,single,obsidian-quiz-blocks,radio,e,DSM;MF3;MML;PAS,converted-and-verified,manual,label
1395,27600,84157,multiple-choice,single,obsidian-quiz-blocks,radio,e,DSM;MF3;MML;PAS,converted-and-verified,manual,label
1395,27600,84153,multiple-choice,single,obsidian-quiz-blocks,radio,d,DSM;MF3;MML;PAS,converted-and-verified,manual,label
1402,416908,259302,multiple-choice,single,obsidian-quiz-blocks,radio,,DSM,needs-answer,,
1402,416908,250778,multiple-choice,single,obsidian-quiz-blocks,radio,,DSM,needs-answer,,
1402,416911,259202,select-list,single,,,,,,,
1402,416911,250788,select-list,single,,,,,,,
1407,22252,21704,multiple-choice,single,obsidian-quiz-blocks,radio,,DSM,needs-answer,,
1407,22252,84820,multiple-choice,single,obsidian-quiz-blocks,radio,,DSM,needs-answer,,
1407,22253,21355,multiple-choice,single,obsidian-quiz-blocks,radio,,DSM,needs-answer,,
1407,22253,21750,multiple-choice,single,obsidian-quiz-blocks,radio,,DSM,needs-answer,,
1407,22255,84815,multiple-choice,single,obsidian-quiz-blocks,radio,,DSM,needs-answer,,
1407,22255,21358,multiple-choice,single,obsidian-quiz-blocks,radio,,DSM,needs-answer,,
1409,22257,21691,multiple-choice,single,obsidian-quiz-blocks,radio,,DSM,needs-answer,,
1409,22257,21699,multiple-choice,single,obsidian-quiz-blocks,radio,,DSM,needs-answer,,
1409,22258,21362,multiple-choice,single,obsidian-quiz-blocks,radio,,DSM,needs-answer,,
1409,22258,21689,multiple-choice,single,obsidian-quiz-blocks,radio,,DSM,needs-answer,,
1416,416043,250800,select-list,multi,,,,,,,
1416,416043,259583,select-list,multi,,,,,,,
1416,416046,259388,select-list,multi,,,,,,,
1416,416046,250851,select-list,multi,,,,,,,
1673,413889,243173,free-response,multi,,,,,,,
1673,413889,256929,free-response,multi,,,,,,,
1673,413892,256964,multiple-choice,single,obsidian-quiz-blocks,radio,a,DSM,converted-and-verified,image-id,answer-image-id-1
1673,413892,243174,multiple-choice,single,obsidian-quiz-blocks,radio,b,DSM,converted-and-verified,image-id,answer-image-id-1
1673,413896,243213,free-response,multi,,,,,,,
1673,413896,243214,multiple-choice,single,obsidian-quiz-blocks,radio,d,DSM,converted-and-verified,image-id,answer-image-id-1
1684,415789,243089,multiple-choice,single,obsidian-quiz-blocks,radio,,DSM,needs-answer,,
1684,415789,243090,multiple-choice,single,obsidian-quiz-blocks,radio,,DSM,needs-answer,,
1684,415792,257926,select-list,multi,,,,,,,
1684,415792,243106,select-list,multi,,,,,,,
1684,415795,250175,select-list,multi,,,,,,,
1684,415795,250217,select-list,multi,,,,,,,
1695,416713,244378,multiple-choice,single,obsidian-quiz-blocks,radio,,DSM,needs-answer,,
1695,416713,258653,multiple-choice,single,obsidian-quiz-blocks,radio,,DSM,needs-answer,,
1695,416717,244392,multiple-choice,single,obsidian-quiz-blocks,radio,,DSM,needs-answer,,
1695,416717,258791,multiple-choice,single,obsidian-quiz-blocks,radio,,DSM,needs-answer,,
1702,416605,258146,multiple-choice,single,obsidian-quiz-blocks,radio,,DSM,needs-answer,,
1702,416605,243285,multiple-choice,single,obsidian-quiz-blocks,radio,,DSM,needs-answer,,
1702,416609,243293,multiple-choice,single,obsidian-quiz-blocks,radio,,DSM,needs-answer,,
1702,416609,258183,multiple-choice,single,obsidian-quiz-blocks,radio,,DSM,needs-answer,,
1702,416613,243286,free-response,multi,,,,,,,
1702,416613,257793,free-response,multi,,,,,,,
1714,417373,259292,multiple-choice,single,obsidian-quiz-blocks,radio,,DSM,needs-answer,,
1714,417373,259415,multiple-choice,single,obsidian-quiz-blocks,radio,,DSM,needs-answer,,
1714,417378,259224,free-response,single,,,,,,,
1714,417378,259235,multiple-choice,single,obsidian-quiz-blocks,radio,,DSM,needs-answer,,
1714,417382,259227,free-response,single,,,,,,,
1714,417382,259226,multiple-choice,single,obsidian-quiz-blocks,radio,,DSM,needs-answer,,
1714,417386,259231,free-response,single,,,,,,,
1714,417386,259230,multiple-choice,single,obsidian-quiz-blocks,radio,,DSM,needs-answer,,
1915,238413,253048,multiple-choice,single,obsidian-quiz-blocks,radio,,DSM,needs-answer,,
1915,238413,253265,free-response,single,,,,,,,
1915,238417,253200,multiple-choice,single,obsidian-quiz-blocks,radio,,DSM,needs-answer,,
1915,238417,253266,free-response,single,,,,,,,
1915,238420,253201,multiple-choice,single,obsidian-quiz-blocks,radio,,DSM,needs-answer,,
1915,238420,253148,multiple-choice,single,obsidian-quiz-blocks,radio,,DSM,needs-answer,,
1916,35971,128540,multiple-choice,single,obsidian-quiz-blocks,radio,,DSM,needs-answer,,
1916,35971,128789,multiple-choice,single,obsidian-quiz-blocks,radio,,DSM,needs-answer,,
1916,35972,128544,multiple-choice,single,obsidian-quiz-blocks,radio,,DSM,needs-answer,,
1916,35972,128543,multiple-choice,single,obsidian-quiz-blocks,radio,,DSM,needs-answer,,
1916,35973,128542,multiple-choice,single,obsidian-quiz-blocks,radio,,DSM,needs-answer,,
1916,35973,128803,multiple-choice,single,obsidian-quiz-blocks,radio,,DSM,needs-answer,,
1976,65157,180825,multiple-choice,single,obsidian-quiz-blocks,radio,e,LAL;MML;MOP;PS1,converted-and-verified,manual,label
1976,65157,180812,multiple-choice,single,obsidian-quiz-blocks,radio,c,LAL;MML;MOP;PS1,converted-and-verified,manual,label
1976,65160,180814,multiple-choice,single,obsidian-quiz-blocks,radio,c,LAL;MML;MOP;PS1,converted-and-verified,manual,label
1976,65160,180823,multiple-choice,single,obsidian-quiz-blocks,radio,a,LAL;MML;MOP;PS1,converted-and-verified,manual,label
1976,65160,183543,multiple-choice,single,obsidian-quiz-blocks,radio,b,LAL;MML;MOP;PS1,converted-and-verified,manual,label
1976,65165,183537,multiple-choice,single,obsidian-quiz-blocks,radio,d,LAL;MML;MOP;PS1,converted-and-verified,manual,label
1976,65165,183583,multiple-choice,single,obsidian-quiz-blocks,radio,c,LAL;MML;MOP;PS1,converted-and-verified,manual,label
1976,65165,183590,multiple-choice,single,obsidian-quiz-blocks,radio,b,LAL;MML;MOP;PS1,converted-and-verified,manual,label
1989,449956,252990,multiple-choice,single,obsidian-quiz-blocks,radio,e,DEQ;DSM,converted-and-verified,manual,label
1989,449956,253351,multiple-choice,single,obsidian-quiz-blocks,radio,b,DEQ;DSM,converted-and-verified,manual,label
1989,449962,253143,multiple-choice,single,obsidian-quiz-blocks,radio,a,DEQ;DSM,converted-and-verified,manual,label
1989,449962,253043,multiple-choice,single,obsidian-quiz-blocks,radio,c,DEQ;DSM,converted-and-verified,manual,label
1989,449965,253359,select-list,multi,,,,,,,
1989,449965,253360,select-list,multi,,,,,,,
2007,35967,128539,multiple-choice,single,obsidian-quiz-blocks,radio,,DSM,needs-answer,,
2007,35967,128707,multiple-choice,single,obsidian-quiz-blocks,radio,,DSM,needs-answer,,
2007,35968,128545,multiple-choice,single,obsidian-quiz-blocks,radio,,DSM,needs-answer,,
2007,35968,128546,multiple-choice,single,obsidian-quiz-blocks,radio,,DSM,needs-answer,,
2007,35969,128541,multiple-choice,single,obsidian-quiz-blocks,radio,,DSM,needs-answer,,
2007,35969,128712,multiple-choice,single,obsidian-quiz-blocks,radio,,DSM,needs-answer,,
2008,35979,128690,multiple-choice,single,obsidian-quiz-blocks,radio,,DSM,needs-answer,,
2008,35979,128547,multiple-choice,single,obsidian-quiz-blocks,radio,,DSM,needs-answer,,
2008,35980,128549,multiple-choice,single,obsidian-quiz-blocks,radio,,DSM,needs-answer,,
2008,35980,128548,multiple-choice,single,obsidian-quiz-blocks,radio,,DSM,needs-answer,,
2008,35981,128550,multiple-choice,single,obsidian-quiz-blocks,radio,,DSM,needs-answer,,
2008,35981,128870,multiple-choice,single,obsidian-quiz-blocks,radio,,DSM,needs-answer,,
2008,35982,128551,multiple-choice,single,obsidian-quiz-blocks,radio,,DSM,needs-answer,,
2008,35982,128552,multiple-choice,single,obsidian-quiz-blocks,radio,,DSM,needs-answer,,
2009,35996,128566,multiple-choice,single,obsidian-quiz-blocks,radio,,DSM,needs-answer,,
2009,35996,128567,multiple-choice,single,obsidian-quiz-blocks,radio,,DSM,needs-answer,,
2009,35997,128568,multiple-choice,single,obsidian-quiz-blocks,radio,,DSM,needs-answer,,
2009,35997,128569,multiple-choice,single,obsidian-quiz-blocks,radio,,DSM,needs-answer,,
2009,35998,128571,multiple-choice,single,obsidian-quiz-blocks,radio,,DSM,needs-answer,,
2009,35998,128573,multiple-choice,single,obsidian-quiz-blocks,radio,,DSM,needs-answer,,
2011,35991,128556,multiple-choice,single,obsidian-quiz-blocks,radio,,DSM,needs-answer,,
2011,35991,128557,multiple-choice,single,obsidian-quiz-blocks,radio,,DSM,needs-answer,,
2011,35992,128558,multiple-choice,single,obsidian-quiz-blocks,radio,,DSM,needs-answer,,
2011,35992,128562,multiple-choice,single,obsidian-quiz-blocks,radio,,DSM,needs-answer,,
2011,35994,128654,multiple-choice,single,obsidian-quiz-blocks,radio,,DSM,needs-answer,,
2011,35994,128655,multiple-choice,single,obsidian-quiz-blocks,radio,,DSM,needs-answer,,
2024,27371,83618,multiple-choice,single,obsidian-quiz-blocks,radio,,DSM;MF3,needs-answer,,
2024,27371,83619,multiple-choice,single,obsidian-quiz-blocks,radio,,DSM;MF3,needs-answer,,
2024,27373,83623,multiple-choice,single,obsidian-quiz-blocks,radio,,DSM;MF3,needs-answer,,
2024,27373,83622,multiple-choice,single,obsidian-quiz-blocks,radio,,DSM;MF3,needs-answer,,
2024,27374,83621,multiple-choice,single,obsidian-quiz-blocks,radio,,DSM;MF3,needs-answer,,
2024,27374,83620,multiple-choice,single,obsidian-quiz-blocks,radio,,DSM;MF3,needs-answer,,
2024,27499,83804,multiple-choice,single,obsidian-quiz-blocks,radio,,DSM;MF3,needs-answer,,
2024,27499,83803,multiple-choice,single,obsidian-quiz-blocks,radio,,DSM;MF3,needs-answer,,
2083,17176,42026,multiple-choice,single,obsidian-quiz-blocks,radio,c,DSM;LAL;MML;PS1,converted-and-verified,manual,label
2083,17176,42006,multiple-choice,single,obsidian-quiz-blocks,radio,d,DSM;LAL;MML;PS1,converted-and-verified,manual,label
2083,17177,42369,multiple-choice,single,obsidian-quiz-blocks,radio,e,DSM;LAL;MML;PS1,converted-and-verified,manual,label
2083,17177,42024,multiple-choice,single,obsidian-quiz-blocks,radio,b,DSM;LAL;MML;PS1,converted-and-verified,manual,label
2083,17178,42008,multiple-choice,single,obsidian-quiz-blocks,radio,d,DSM;LAL;MML;PS1,converted-and-verified,manual,label
2083,17178,42370,multiple-choice,single,obsidian-quiz-blocks,radio,e,DSM;LAL;MML;PS1,converted-and-verified,manual,label
2083,23025,42362,multiple-choice,single,obsidian-quiz-blocks,radio,d,DSM;LAL;MML;PS1,converted-and-verified,manual,label
2083,23025,42363,multiple-choice,single,obsidian-quiz-blocks,radio,b,DSM;LAL;MML;PS1,converted-and-verified,manual,label
2149,27405,84490,multiple-choice,single,obsidian-quiz-blocks,radio,,DSM;MML;PAS,needs-answer,,
2149,27405,84488,multiple-choice,single,obsidian-quiz-blocks,radio,,DSM;MML;PAS,needs-answer,,
2149,27406,84494,multiple-choice,single,obsidian-quiz-blocks,radio,,DSM;MML;PAS,needs-answer,,
2149,27406,84492,multiple-choice,single,obsidian-quiz-blocks,radio,,DSM;MML;PAS,needs-answer,,
2149,27407,84497,multiple-choice,single,obsidian-quiz-blocks,radio,,DSM;MML;PAS,needs-answer,,
2149,27407,84496,multiple-choice,single,obsidian-quiz-blocks,radio,,DSM;MML;PAS,needs-answer,,
2622,137140,214236,multiple-choice,single,obsidian-quiz-blocks,radio,,MOP,needs-answer,,
2622,137140,214134,multiple-choice,single,obsidian-quiz-blocks,radio,,MOP,needs-answer,,
2622,137143,214171,multiple-choice,single,obsidian-quiz-blocks,radio,,MOP,needs-answer,,
2622,137143,214176,multiple-choice,single,obsidian-quiz-blocks,radio,,MOP,needs-answer,,
2622,137146,214156,multiple-choice,single,obsidian-quiz-blocks,radio,,MOP,needs-answer,,
2622,137146,76035,multiple-choice,single,obsidian-quiz-blocks,radio,,MOP,needs-answer,,
2627,181863,80017,multiple-choice,single,obsidian-quiz-blocks,radio,,MOP,needs-answer,,
2627,181863,80016,multiple-choice,single,obsidian-quiz-blocks,radio,,MOP,needs-answer,,
2627,181866,80018,multiple-choice,single,obsidian-quiz-blocks,radio,,MOP,needs-answer,,
2627,181866,104964,multiple-choice,single,obsidian-quiz-blocks,radio,,MOP,needs-answer,,
2627,181869,80020,multiple-choice,single,obsidian-quiz-blocks,radio,,MOP,needs-answer,,
2627,181869,80021,multiple-choice,single,obsidian-quiz-blocks,radio,,MOP,needs-answer,,
2627,181874,77378,multiple-choice,single,obsidian-quiz-blocks,radio,,MOP,needs-answer,,
2627,181874,76236,multiple-choice,single,obsidian-quiz-blocks,radio,,MOP,needs-answer,,
2641,137422,113652,multiple-choice,single,obsidian-quiz-blocks,radio,,MOP,needs-answer,,
2641,137422,76952,multiple-choice,single,obsidian-quiz-blocks,radio,,MOP,needs-answer,,
2641,137425,211777,multiple-choice,single,obsidian-quiz-blocks,radio,,MOP,needs-answer,,
2641,137425,76784,multiple-choice,single,obsidian-quiz-blocks,radio,,MOP,needs-answer,,
2641,137428,76830,multiple-choice,single,obsidian-quiz-blocks,radio,,MOP,needs-answer,,
2641,137428,76966,multiple-choice,single,obsidian-quiz-blocks,radio,,MOP,needs-answer,,
2642,452756,86217,multiple-choice,single,obsidian-quiz-blocks,radio,,MOP,needs-answer,,
2642,452756,76892,multiple-choice,single,obsidian-quiz-blocks,radio,,MOP,needs-answer,,
2642,452760,76893,multiple-choice,single,obsidian-quiz-blocks,radio,,MOP,needs-answer,,
2642,452760,86233,multiple-choice,single,obsidian-quiz-blocks,radio,,MOP,needs-answer,,
2642,452764,81257,multiple-choice,single,obsidian-quiz-blocks,radio,,MOP,needs-answer,,
2642,452764,81662,multiple-choice,single,obsidian-quiz-blocks,radio,,MOP,needs-answer,,
2654,27775,84705,multiple-choice,single,obsidian-quiz-blocks,radio,,DSM,needs-answer,,
2654,27775,84704,multiple-choice,single,obsidian-quiz-blocks,radio,,DSM,needs-answer,,
2654,27776,84709,multiple-choice,single,obsidian-quiz-blocks,radio,,DSM,needs-answer,,
2654,27776,84706,multiple-choice,single,obsidian-quiz-blocks,radio,,DSM,needs-answer,,
2654,27777,84707,multiple-choice,single,obsidian-quiz-blocks,radio,,DSM,needs-answer,,
2654,27777,84708,multiple-choice,single,obsidian-quiz-blocks,radio,,DSM,needs-answer,,
2654,27853,85169,multiple-choice,single,obsidian-quiz-blocks,radio,,DSM,needs-answer,,
2654,27853,85168,multiple-choice,single,obsidian-quiz-blocks,radio,,DSM,needs-answer,,
2655,156897,78598,multiple-choice,single,obsidian-quiz-blocks,radio,,MOP,needs-answer,,
2655,156897,78264,multiple-choice,single,obsidian-quiz-blocks,radio,,MOP,needs-answer,,
2655,156900,78270,multiple-choice,single,obsidian-quiz-blocks,radio,,MOP,needs-answer,,
2655,156900,78605,multiple-choice,single,obsidian-quiz-blocks,radio,,MOP,needs-answer,,
2655,156904,78273,multiple-choice,single,obsidian-quiz-blocks,radio,,MOP,needs-answer,,
2655,156904,78616,multiple-choice,single,obsidian-quiz-blocks,radio,,MOP,needs-answer,,
2655,156907,212211,select-list,multi,,,,,,,
2655,156907,78272,multiple-choice,single,obsidian-quiz-blocks,radio,,MOP,needs-answer,,
2673,129883,211990,select-list,multi,,,,,,,
2673,129883,211991,select-list,multi,,,,,,,
2673,129888,79653,multiple-choice,single,obsidian-quiz-blocks,radio,,MOP,needs-answer,,
2673,129888,79655,multiple-choice,single,obsidian-quiz-blocks,radio,,MOP,needs-answer,,
2673,129892,211993,select-list,single,,,,,,,
2673,129892,212950,select-list,single,,,,,,,
2673,129896,213290,multiple-choice,single,obsidian-quiz-blocks,radio,,MOP,needs-answer,,
2673,129896,212904,multiple-choice,single,obsidian-quiz-blocks,radio,,MOP,needs-answer,,
2674,154616,211995,select-list,multi,,,,,,,
2674,154616,213086,select-list,multi,,,,,,,
2674,154620,213022,free-response,single,,,,,,,
2674,154620,213034,multiple-choice,single,obsidian-quiz-blocks,radio,,MOP,needs-answer,,
2674,154623,213047,multiple-choice,single,obsidian-quiz-blocks,radio,,MOP,needs-answer,,
2674,154623,76793,multiple-choice,single,obsidian-quiz-blocks,radio,,MOP,needs-answer,,
2674,154628,213169,multiple-choice,single,obsidian-quiz-blocks,radio,,MOP,needs-answer,,
2674,154628,213082,multiple-choice,single,obsidian-quiz-blocks,radio,,MOP,needs-answer,,
2675,154649,212055,select-list,multi,,,,,,,
2675,154649,77158,multiple-choice,single,obsidian-quiz-blocks,radio,,MOP,needs-answer,,
2675,154653,212054,select-list,multi,,,,,,,
2675,154653,212053,select-list,multi,,,,,,,
2675,154657,86318,multiple-choice,single,obsidian-quiz-blocks,radio,,MOP,needs-answer,,
2675,154657,77147,multiple-choice,single,obsidian-quiz-blocks,radio,,MOP,needs-answer,,
2676,23986,79642,multiple-choice,single,obsidian-quiz-blocks,radio,,MOP,needs-answer,,
2676,23986,79627,multiple-choice,single,obsidian-quiz-blocks,radio,,MOP,needs-answer,,
2676,25398,77116,multiple-choice,single,obsidian-quiz-blocks,radio,,MOP,needs-answer,,
2676,25398,77108,multiple-choice,single,obsidian-quiz-blocks,radio,,MOP,needs-answer,,
2676,32667,98404,multiple-choice,single,obsidian-quiz-blocks,radio,,MOP,needs-answer,,
2676,32667,98471,multiple-choice,single,obsidian-quiz-blocks,radio,,MOP,needs-answer,,
2677,23950,76861,multiple-choice,single,obsidian-quiz-blocks,radio,,MOP,needs-answer,,
2677,23950,77432,multiple-choice,single,obsidian-quiz-blocks,radio,,MOP,needs-answer,,
2677,24976,77436,multiple-choice,single,obsidian-quiz-blocks,radio,,MOP,needs-answer,,
2677,24976,78470,multiple-choice,single,obsidian-quiz-blocks,radio,,MOP,needs-answer,,
2678,25450,80086,multiple-choice,single,obsidian-quiz-blocks,radio,,MOP,needs-answer,,
2678,25450,80090,multiple-choice,single,obsidian-quiz-blocks,radio,,MOP,needs-answer,,
2678,25452,77467,multiple-choice,single,obsidian-quiz-blocks,radio,,MOP,needs-answer,,
2678,25452,76212,multiple-choice,single,obsidian-quiz-blocks,radio,,MOP,needs-answer,,
2678,25651,80091,multiple-choice,single,obsidian-quiz-blocks,radio,,MOP,needs-answer,,
2678,25651,80095,multiple-choice,single,obsidian-quiz-blocks,radio,,MOP,needs-answer,,
2678,25652,80098,multiple-choice,single,obsidian-quiz-blocks,radio,,MOP,needs-answer,,
2678,25652,80096,multiple-choice,single,obsidian-quiz-blocks,radio,,MOP,needs-answer,,
2679,473753,82109,multiple-choice,single,obsidian-quiz-blocks,radio,,MOP,needs-answer,,
2679,473753,82107,multiple-choice,single,obsidian-quiz-blocks,radio,,MOP,needs-answer,,
2679,473756,76261,multiple-choice,single,obsidian-quiz-blocks,radio,,MOP,needs-answer,,
2679,473756,76219,multiple-choice,single,obsidian-quiz-blocks,radio,,MOP,needs-answer,,
2679,473759,76259,multiple-choice,single,obsidian-quiz-blocks,radio,,MOP,needs-answer,,
2679,473759,76216,multiple-choice,single,obsidian-quiz-blocks,radio,,MOP,needs-answer,,
2679,473762,76250,multiple-choice,single,obsidian-quiz-blocks,radio,,MOP,needs-answer,,
2679,473762,76248,multiple-choice,single,obsidian-quiz-blocks,radio,,MOP,needs-answer,,
2689,23954,77081,multiple-choice,single,obsidian-quiz-blocks,radio,,MOP,needs-answer,,
2689,23954,77080,multiple-choice,single,obsidian-quiz-blocks,radio,,MOP,needs-answer,,
2689,23955,77088,multiple-choice,single,obsidian-quiz-blocks,radio,,MOP,needs-answer,,
2689,23955,76915,multiple-choice,single,obsidian-quiz-blocks,radio,,MOP,needs-answer,,
2726,27193,83358,multiple-choice,single,obsidian-quiz-blocks,radio,,DSM,needs-answer,,
2726,27193,83159,multiple-choice,single,obsidian-quiz-blocks,radio,,DSM,needs-answer,,
2726,27194,83368,multiple-choice,single,obsidian-quiz-blocks,radio,,DSM,needs-answer,,
2726,27194,83160,multiple-choice,single,obsidian-quiz-blocks,radio,,DSM,needs-answer,,
2726,27195,83162,multiple-choice,single,obsidian-quiz-blocks,radio,,DSM,needs-answer,,
2726,27195,83385,multiple-choice,single,obsidian-quiz-blocks,radio,,DSM,needs-answer,,
2727,27705,84710,multiple-choice,single,obsidian-quiz-blocks,radio,,DSM,needs-answer,,
2727,27705,84711,multiple-choice,single,obsidian-quiz-blocks,radio,,DSM,needs-answer,,
2727,27706,84720,multiple-choice,single,obsidian-quiz-blocks,radio,,DSM,needs-answer,,
2727,27706,84914,multiple-choice,single,obsidian-quiz-blocks,radio,,DSM,needs-answer,,
2727,27707,84723,multiple-choice,single,obsidian-quiz-blocks,radio,,DSM,needs-answer,,
2727,27707,84929,multiple-choice,single,obsidian-quiz-blocks,radio,,DSM,needs-answer,,
2735,133690,213361,select-list,multi,,,,,,,
2735,133690,213217,select-list,multi,,,,,,,
2735,133693,213381,free-response,single,,,,,,,
2735,133693,213213,free-response,single,,,,,,,
2735,133696,213242,free-response,single,,,,,,,
2735,133696,213236,free-response,single,,,,,,,
2735,133699,213346,free-response,single,,,,,,,
2735,133699,213239,free-response,single,,,,,,,
2736,24952,78210,multiple-choice,single,obsidian-quiz-blocks,radio,,DSM,needs-answer,,
2736,24952,78145,multiple-choice,single,obsidian-quiz-blocks,radio,,DSM,needs-answer,,
2736,24953,78215,multiple-choice,single,obsidian-quiz-blocks,radio,,DSM,needs-answer,,
2736,24953,77961,multiple-choice,single,obsidian-quiz-blocks,radio,,DSM,needs-answer,,
2737,137327,78147,multiple-choice,single,obsidian-quiz-blocks,radio,,MOP,needs-answer,,
2737,137327,78148,multiple-choice,single,obsidian-quiz-blocks,radio,,MOP,needs-answer,,
2737,137331,78152,multiple-choice,single,obsidian-quiz-blocks,radio,,MOP,needs-answer,,
2737,137331,132398,multiple-choice,single,obsidian-quiz-blocks,radio,,MOP,needs-answer,,
2737,137335,132422,multiple-choice,single,obsidian-quiz-blocks,radio,,MOP,needs-answer,,
2737,137335,78154,multiple-choice,single,obsidian-quiz-blocks,radio,,MOP,needs-answer,,
2737,137338,213326,free-response,multi,,,,,,,
2737,137338,214208,free-response,multi,,,,,,,
2745,25229,78815,multiple-choice,single,obsidian-quiz-blocks,radio,,DSM,needs-answer,,
2745,25229,79245,multiple-choice,single,obsidian-quiz-blocks,radio,,DSM,needs-answer,,
2745,25230,79251,multiple-choice,single,obsidian-quiz-blocks,radio,,DSM,needs-answer,,
2745,25230,79255,multiple-choice,single,obsidian-quiz-blocks,radio,,DSM,needs-answer,,
2754,417403,257643,free-response,single,,,,,,,
2754,417403,244604,free-response,single,,,,,,,
2754,417406,244574,free-response,single,,,,,,,
2754,417406,258321,free-response,single,,,,,,,
2754,417411,257669,select-list,single,,,,,,,
2754,417411,244615,select-list,single,,,,,,,
2754,417416,244619,multiple-choice,single,obsidian-quiz-blocks,radio,b,DSM,converted-and-verified,image-id,answer-image-id-1
2754,417416,257649,multiple-choice,single,obsidian-quiz-blocks,radio,b,DSM,converted-and-verified,image-id,answer-image-id-1
2756,416651,258338,free-response,single,,,,,,,
2756,416651,258375,free-response,single,,,,,,,
2756,416655,259438,select-list,multi,,,,,,,
2756,416655,259627,select-list,multi,,,,,,,
2756,416659,259441,select-list,multi,,,,,,,
2756,416659,262062,select-list,multi,,,,,,,
2757,415975,258034,free-response,multi,,,,,,,
2757,415975,257984,free-response,multi,,,,,,,
2757,415979,243163,multiple-choice,single,obsidian-quiz-blocks,radio,b,DSM,converted-and-verified,image-id,answer-image-id-1
2757,415979,257925,multiple-choice,single,obsidian-quiz-blocks,radio,a,DSM,converted-and-verified,image-id,answer-image-id-1
2757,415984,243164,free-response,single,,,,,,,
2757,415984,258292,free-response,single,,,,,,,
2757,415988,243166,free-response,multi,,,,,,,
2757,415988,258225,multiple-choice,single,obsidian-quiz-blocks,radio,b,DSM,converted-and-verified,image-id,answer-image-id-1
2761,418095,259430,free-response,single,,,,,,,
2761,418095,259577,free-response,single,,,,,,,
2761,418099,259645,multiple-choice,single,obsidian-quiz-blocks,radio,,DSM,needs-answer,,
2761,418099,259644,multiple-choice,single,obsidian-quiz-blocks,radio,,DSM,needs-answer,,
2761,418102,259421,select-list,multi,,,,,,,
2761,418102,262095,select-list,multi,,,,,,,
2786,127417,76785,multiple-choice,single,obsidian-quiz-blocks,radio,,MOP,needs-answer,,
2786,127417,76943,multiple-choice,single,obsidian-quiz-blocks,radio,,MOP,needs-answer,,
2786,127420,76810,multiple-choice,single,obsidian-quiz-blocks,radio,,MOP,needs-answer,,
2786,127420,76950,multiple-choice,single,obsidian-quiz-blocks,radio,,MOP,needs-answer,,
2786,127424,212004,select-list,multi,,,,,,,
2786,127424,213323,select-list,multi,,,,,,,
2787,145573,171897,multiple-choice,single,obsidian-quiz-blocks,radio,,MOP,needs-answer,,
2787,145573,171846,multiple-choice,single,obsidian-quiz-blocks,radio,,MOP,needs-answer,,
2787,145577,171841,multiple-choice,single,obsidian-quiz-blocks,radio,,MOP,needs-answer,,
2787,145577,171845,multiple-choice,single,obsidian-quiz-blocks,radio,,MOP,needs-answer,,
2787,145582,171898,multiple-choice,single,obsidian-quiz-blocks,radio,,MOP,needs-answer,,
2787,145582,171851,multiple-choice,single,obsidian-quiz-blocks,radio,,MOP,needs-answer,,
2787,145586,171849,multiple-choice,single,obsidian-quiz-blocks,radio,,MOP,needs-answer,,
2787,145586,171850,multiple-choice,single,obsidian-quiz-blocks,radio,,MOP,needs-answer,,
2788,26657,81868,multiple-choice,single,obsidian-quiz-blocks,radio,,MOP,needs-answer,,
2788,26657,81867,multiple-choice,single,obsidian-quiz-blocks,radio,,MOP,needs-answer,,
2788,26658,81869,multiple-choice,single,obsidian-quiz-blocks,radio,,MOP,needs-answer,,
2788,26658,81870,multiple-choice,single,obsidian-quiz-blocks,radio,,MOP,needs-answer,,
2789,157020,172541,multiple-choice,single,obsidian-quiz-blocks,radio,,MML;MOP,needs-answer,,
2789,157020,172542,multiple-choice,single,obsidian-quiz-blocks,radio,,MML;MOP,needs-answer,,
2789,157024,172558,multiple-choice,single,obsidian-quiz-blocks,radio,,MML;MOP,needs-answer,,
2789,157024,172559,multiple-choice,single,obsidian-quiz-blocks,radio,,MML;MOP,needs-answer,,
2789,157028,172649,multiple-choice,single,obsidian-quiz-blocks,radio,,MML;MOP,needs-answer,,
2789,157028,174441,multiple-choice,single,obsidian-quiz-blocks,radio,,MML;MOP,needs-answer,,
2790,120074,171106,multiple-choice,single,obsidian-quiz-blocks,radio,,MML;MOP,needs-answer,,
2790,120074,171107,multiple-choice,single,obsidian-quiz-blocks,radio,,MML;MOP,needs-answer,,
2790,120077,80933,multiple-choice,single,obsidian-quiz-blocks,radio,,MML;MOP,needs-answer,,
2790,120077,81398,multiple-choice,single,obsidian-quiz-blocks,radio,,MML;MOP,needs-answer,,
2790,120080,182285,select-list,multi,,,,,,,
2790,120080,182375,select-list,multi,,,,,,,
2790,120084,80934,multiple-choice,single,obsidian-quiz-blocks,radio,,MML;MOP,needs-answer,,
2790,120084,81362,multiple-choice,single,obsidian-quiz-blocks,radio,,MML;MOP,needs-answer,,
2791,145836,183384,select-list,multi,,,,,,,
2791,145836,183385,select-list,multi,,,,,,,
2791,145839,171862,multiple-choice,single,obsidian-quiz-blocks,radio,,MOP,needs-answer,,
2791,145839,171899,multiple-choice,single,obsidian-quiz-blocks,radio,,MOP,needs-answer,,
2791,145843,171863,multiple-choice,single,obsidian-quiz-blocks,radio,,MOP,needs-answer,,
2791,145843,171900,multiple-choice,single,obsidian-quiz-blocks,radio,,MOP,needs-answer,,
2792,145949,171901,multiple-choice,single,obsidian-quiz-blocks,radio,,MOP,needs-answer,,
2792,145949,171903,multiple-choice,single,obsidian-quiz-blocks,radio,,MOP,needs-answer,,
2792,145955,171957,multiple-choice,single,obsidian-quiz-blocks,radio,,MOP,needs-answer,,
2792,145955,171961,multiple-choice,single,obsidian-quiz-blocks,radio,,MOP,needs-answer,,
2792,145959,171904,multiple-choice,single,obsidian-quiz-blocks,radio,,MOP,needs-answer,,
2792,145959,183874,multiple-choice,single,obsidian-quiz-blocks,radio,,MOP,needs-answer,,
2793,144951,172375,multiple-choice,single,obsidian-quiz-blocks,radio,,MOP,needs-answer,,
2793,144951,172504,multiple-choice,single,obsidian-quiz-blocks,radio,,MOP,needs-answer,,
2793,144954,172295,multiple-choice,single,obsidian-quiz-blocks,radio,,MOP,needs-answer,,
2793,144954,172296,multiple-choice,single,obsidian-quiz-blocks,radio,,MOP,needs-answer,,
2793,144958,172312,multiple-choice,single,obsidian-quiz-blocks,radio,,MOP,needs-answer,,
2793,144958,172313,multiple-choice,single,obsidian-quiz-blocks,radio,,MOP,needs-answer,,
2793,144963,172517,multiple-choice,single,obsidian-quiz-blocks,radio,,MOP,needs-answer,,
2793,144963,183434,multiple-choice,single,obsidian-quiz-blocks,radio,,MOP,needs-answer,,
2795,595025,184094,select-list,multi,,,,,,,
2795,595025,184109,select-list,multi,,,,,,,
2795,595028,225300,select-list,multi,,,,,,,
2795,595028,184418,select-list,multi,,,,,,,
2795,595032,337920,select-list,single,,,,,,,
2795,595032,225301,select-list,multi,,,,,,,
2795,595036,338363,select-list,multi,,,,,,,
2795,595036,184413,select-list,multi,,,,,,,
2798,69041,172013,multiple-choice,single,obsidian-quiz-blocks,radio,,MOP,needs-answer,,
2798,69041,172014,multiple-choice,single,obsidian-quiz-blocks,radio,,MOP,needs-answer,,
2798,69044,172009,multiple-choice,single,obsidian-quiz-blocks,radio,,MOP,needs-answer,,
2798,69044,183711,multiple-choice,single,obsidian-quiz-blocks,radio,,MOP,needs-answer,,
2798,69047,172138,multiple-choice,single,obsidian-quiz-blocks,radio,,MOP,needs-answer,,
2798,69047,172161,multiple-choice,single,obsidian-quiz-blocks,radio,,MOP,needs-answer,,
2799,180852,184347,select-list,multi,,,,,,,
2799,180852,184348,select-list,multi,,,,,,,
2799,180856,184258,select-list,multi,,,,,,,
2799,180856,184594,select-list,multi,,,,,,,
2799,180859,184346,select-list,multi,,,,,,,
2799,180859,184356,select-list,multi,,,,,,,
2801,180559,184005,select-list,multi,,,,,,,
2801,180559,184163,select-list,multi,,,,,,,
2801,180565,184004,select-list,multi,,,,,,,
2801,180565,184231,select-list,multi,,,,,,,
2801,180568,170245,select-list,single,,,,,,,
2801,180568,184269,select-list,single,,,,,,,
2801,180571,170211,select-list,single,,,,,,,
2801,180571,170299,select-list,single,,,,,,,
2806,180524,223228,select-list,multi,,,,,,,
2806,180524,184763,select-list,multi,,,,,,,
2806,180530,223268,select-list,multi,,,,,,,
2806,180530,223218,select-list,multi,,,,,,,
2806,180535,221599,select-list,multi,,,,,,,
2806,180535,221675,select-list,multi,,,,,,,
2807,180789,184524,select-list,multi,,,,,,,
2807,180789,184525,select-list,multi,,,,,,,
2807,180792,184534,select-list,multi,,,,,,,
2807,180792,184766,select-list,multi,,,,,,,
2807,180795,184230,select-list,multi,,,,,,,
2807,180795,184773,select-list,multi,,,,,,,
2808,177451,184360,select-list,multi,,,,,,,
2808,177451,184365,select-list,multi,,,,,,,
2808,177454,184452,select-list,multi,,,,,,,
2808,177454,184453,select-list,multi,,,,,,,
2808,177458,184455,select-list,multi,,,,,,,
2808,177458,184456,select-list,multi,,,,,,,
2809,26969,82564,multiple-choice,single,obsidian-quiz-blocks,radio,,MOP,needs-answer,,
2809,26969,82766,multiple-choice,single,obsidian-quiz-blocks,radio,,MOP,needs-answer,,
2809,26970,82559,multiple-choice,single,obsidian-quiz-blocks,radio,,MOP,needs-answer,,
2809,26970,82760,multiple-choice,single,obsidian-quiz-blocks,radio,,MOP,needs-answer,,
2809,26971,82768,multiple-choice,single,obsidian-quiz-blocks,radio,,MOP,needs-answer,,
2809,26971,82566,multiple-choice,single,obsidian-quiz-blocks,radio,,MOP,needs-answer,,
2815,146272,80084,multiple-choice,single,obsidian-quiz-blocks,radio,,MOP,needs-answer,,
2815,146272,80085,multiple-choice,single,obsidian-quiz-blocks,radio,,MOP,needs-answer,,
2815,146276,80088,multiple-choice,single,obsidian-quiz-blocks,radio,,MOP,needs-answer,,
2815,146276,80089,multiple-choice,single,obsidian-quiz-blocks,radio,,MOP,needs-answer,,
2815,146279,215022,select-list,multi,,,,,,,
2815,146279,215076,select-list,multi,,,,,,,
2817,152202,212665,multiple-choice,single,obsidian-quiz-blocks,radio,,MOP,needs-answer,,
2817,152202,212666,multiple-choice,single,obsidian-quiz-blocks,radio,,MOP,needs-answer,,
2817,152206,212995,multiple-choice,single,obsidian-quiz-blocks,radio,,MOP,needs-answer,,
2817,152206,212999,multiple-choice,single,obsidian-quiz-blocks,radio,,MOP,needs-answer,,
2817,152211,213129,multiple-choice,single,obsidian-quiz-blocks,radio,,MOP,needs-answer,,
2817,152211,213142,multiple-choice,single,obsidian-quiz-blocks,radio,,MOP,needs-answer,,
2817,152216,80412,multiple-choice,single,obsidian-quiz-blocks,radio,,MOP,needs-answer,,
2817,152216,212686,multiple-choice,single,obsidian-quiz-blocks,radio,,MOP,needs-answer,,
2821,120202,182341,select-list,multi,,,,,,,
2821,120202,182430,select-list,multi,,,,,,,
2821,120205,182344,select-list,multi,,,,,,,
2821,120205,182571,select-list,multi,,,,,,,
2821,120208,81053,multiple-choice,single,obsidian-quiz-blocks,radio,,MML;MOP,needs-answer,,
2821,120208,81351,multiple-choice,single,obsidian-quiz-blocks,radio,,MML;MOP,needs-answer,,
2822,26061,81055,multiple-choice,single,obsidian-quiz-blocks,radio,,MML;MOP,needs-answer,,
2822,26061,81595,multiple-choice,single,obsidian-quiz-blocks,radio,,MML;MOP,needs-answer,,
2822,26062,81079,multiple-choice,single,obsidian-quiz-blocks,radio,,MML;MOP,needs-answer,,
2822,26062,81611,multiple-choice,single,obsidian-quiz-blocks,radio,,MML;MOP,needs-answer,,
2822,26194,81610,multiple-choice,single,obsidian-quiz-blocks,radio,,MML;MOP,needs-answer,,
2822,26194,81078,multiple-choice,single,obsidian-quiz-blocks,radio,,MML;MOP,needs-answer,,
2822,26195,81070,multiple-choice,single,obsidian-quiz-blocks,radio,,MML;MOP,needs-answer,,
2822,26195,81619,multiple-choice,single,obsidian-quiz-blocks,radio,,MML;MOP,needs-answer,,
2823,26063,81081,multiple-choice,single,obsidian-quiz-blocks,radio,,MML;MOP,needs-answer,,
2823,26063,81276,multiple-choice,single,obsidian-quiz-blocks,radio,,MML;MOP,needs-answer,,
2823,26064,81082,multiple-choice,single,obsidian-quiz-blocks,radio,,MML;MOP,needs-answer,,
2823,26064,81277,multiple-choice,single,obsidian-quiz-blocks,radio,,MML;MOP,needs-answer,,
2828,26359,80871,multiple-choice,single,obsidian-quiz-blocks,radio,,LAL;MML;MOP;PS1,needs-answer,,
2828,26359,36189,multiple-choice,single,obsidian-quiz-blocks,radio,,LAL;MML;MOP;PS1,needs-answer,,
2828,26360,80875,multiple-choice,single,obsidian-quiz-blocks,radio,,LAL;MML;MOP;PS1,needs-answer,,
2828,26360,36195,multiple-choice,single,obsidian-quiz-blocks,radio,,LAL;MML;MOP;PS1,needs-answer,,
2828,26372,81446,multiple-choice,single,obsidian-quiz-blocks,radio,,LAL;MML;MOP;PS1,needs-answer,,
2828,26372,81445,multiple-choice,single,obsidian-quiz-blocks,radio,,LAL;MML;MOP;PS1,needs-answer,,
2829,26366,81447,multiple-choice,single,obsidian-quiz-blocks,radio,,LAL;MML;MOP;PS1,needs-answer,,
2829,26366,81449,multiple-choice,single,obsidian-quiz-blocks,radio,,LAL;MML;MOP;PS1,needs-answer,,
2829,26368,1232,multiple-choice,single,obsidian-quiz-blocks,radio,,LAL;MML;MOP;PS1,needs-answer,,
2829,26368,1236,multiple-choice,single,obsidian-quiz-blocks,radio,,LAL;MML;MOP;PS1,needs-answer,,
2829,26369,1233,multiple-choice,single,obsidian-quiz-blocks,radio,,LAL;MML;MOP;PS1,needs-answer,,
2829,26369,1228,multiple-choice,single,obsidian-quiz-blocks,radio,,LAL;MML;MOP;PS1,needs-answer,,
2830,153692,82719,multiple-choice,single,obsidian-quiz-blocks,radio,,MML;MOP,needs-answer,,
2830,153692,82720,multiple-choice,single,obsidian-quiz-blocks,radio,,MML;MOP,needs-answer,,
2830,153695,1466,multiple-choice,single,obsidian-quiz-blocks,radio,,MML;MOP,needs-answer,,
2830,153695,82648,multiple-choice,single,obsidian-quiz-blocks,radio,,MML;MOP,needs-answer,,
2830,153700,82724,multiple-choice,single,obsidian-quiz-blocks,radio,,MML;MOP,needs-answer,,
2830,153700,82723,multiple-choice,single,obsidian-quiz-blocks,radio,,MML;MOP,needs-answer,,
2830,153703,1468,multiple-choice,single,obsidian-quiz-blocks,radio,,MML;MOP,needs-answer,,
2830,153703,82649,multiple-choice,single,obsidian-quiz-blocks,radio,,MML;MOP,needs-answer,,
2836,27503,83866,multiple-choice,single,obsidian-quiz-blocks,radio,,DSM;MML;PAS;PS1,needs-answer,,
2836,27503,83867,multiple-choice,single,obsidian-quiz-blocks,radio,,DSM;MML;PAS;PS1,needs-answer,,
2836,27504,84102,multiple-choice,single,obsidian-quiz-blocks,radio,,DSM;MML;PAS;PS1,needs-answer,,
2836,27504,108922,multiple-choice,single,obsidian-quiz-blocks,radio,,DSM;MML;PAS;PS1,needs-answer,,
2836,34021,83869,multiple-choice,single,obsidian-quiz-blocks,radio,,DSM;MML;PAS;PS1,needs-answer,,
2836,34021,108537,multiple-choice,single,obsidian-quiz-blocks,radio,,DSM;MML;PAS;PS1,needs-answer,,
2838,27837,85202,multiple-choice,single,obsidian-quiz-blocks,radio,,DSM;MML;PAS,needs-answer,,
2838,27837,85149,multiple-choice,single,obsidian-quiz-blocks,radio,,DSM;MML;PAS,needs-answer,,
2838,27839,85151,multiple-choice,single,obsidian-quiz-blocks,radio,,DSM;MML;PAS,needs-answer,,
2838,27839,85150,multiple-choice,single,obsidian-quiz-blocks,radio,,DSM;MML;PAS,needs-answer,,
2838,27840,85252,multiple-choice,single,obsidian-quiz-blocks,radio,,DSM;MML;PAS,needs-answer,,
2838,27840,85251,multiple-choice,single,obsidian-quiz-blocks,radio,,DSM;MML;PAS,needs-answer,,
2838,27841,85254,multiple-choice,single,obsidian-quiz-blocks,radio,,DSM;MML;PAS,needs-answer,,
2838,27841,85253,multiple-choice,single,obsidian-quiz-blocks,radio,,DSM;MML;PAS,needs-answer,,
2839,27844,85270,multiple-choice,single,obsidian-quiz-blocks,radio,,DSM;MF3;PAS,needs-answer,,
2839,27844,85155,multiple-choice,single,obsidian-quiz-blocks,radio,,DSM;MF3;PAS,needs-answer,,
2839,27845,85272,multiple-choice,single,obsidian-quiz-blocks,radio,,DSM;MF3;PAS,needs-answer,,
2839,27845,85271,multiple-choice,single,obsidian-quiz-blocks,radio,,DSM;MF3;PAS,needs-answer,,
2839,27846,85277,multiple-choice,single,obsidian-quiz-blocks,radio,,DSM;MF3;PAS,needs-answer,,
2839,27846,85276,multiple-choice,single,obsidian-quiz-blocks,radio,,DSM;MF3;PAS,needs-answer,,
2839,27847,85283,multiple-choice,single,obsidian-quiz-blocks,radio,,DSM;MF3;PAS,needs-answer,,
2839,27847,85282,multiple-choice,single,obsidian-quiz-blocks,radio,,DSM;MF3;PAS,needs-answer,,
2840,27842,85426,multiple-choice,single,obsidian-quiz-blocks,radio,,DSM;PAS,needs-answer,,
2840,27842,85458,multiple-choice,single,obsidian-quiz-blocks,radio,,DSM;PAS,needs-answer,,
2840,27843,85429,multiple-choice,single,obsidian-quiz-blocks,radio,,DSM;PAS,needs-answer,,
2840,27843,85428,multiple-choice,single,obsidian-quiz-blocks,radio,,DSM;PAS,needs-answer,,
2852,28307,86873,multiple-choice,single,obsidian-quiz-blocks,radio,,DSM,needs-answer,,
2852,28307,86878,multiple-choice,single,obsidian-quiz-blocks,radio,,DSM,needs-answer,,
2852,28310,86876,multiple-choice,single,obsidian-quiz-blocks,radio,,DSM,needs-answer,,
2852,28310,86881,multiple-choice,single,obsidian-quiz-blocks,radio,,DSM,needs-answer,,
2852,28311,86877,multiple-choice,single,obsidian-quiz-blocks,radio,,DSM,needs-answer,,
2852,28311,87408,multiple-choice,single,obsidian-quiz-blocks,radio,,DSM,needs-answer,,
2852,28312,86874,multiple-choice,single,obsidian-quiz-blocks,radio,,DSM,needs-answer,,
2852,28312,86879,multiple-choice,single,obsidian-quiz-blocks,radio,,DSM,needs-answer,,
2852,28314,86875,multiple-choice,single,obsidian-quiz-blocks,radio,,DSM,needs-answer,,
2852,28314,86880,multiple-choice,single,obsidian-quiz-blocks,radio,,DSM,needs-answer,,
2869,414169,257238,free-response,single,,,,,,,
2869,414169,233778,free-response,single,,,,,,,
2869,414174,257296,select-list,multi,,,,,,,
2869,414174,257225,select-list,multi,,,,,,,
2869,414177,257226,select-list,multi,,,,,,,
2869,414177,257355,select-list,multi,,,,,,,
2877,414132,115397,multiple-choice,single,obsidian-quiz-blocks,radio,,DSM,needs-answer,,
2877,414132,258053,multiple-choice,single,obsidian-quiz-blocks,radio,,DSM,needs-answer,,
2877,414135,253402,select-list,multi,,,,,,,
2877,414135,258106,select-list,multi,,,,,,,
2877,414138,258204,select-list,multi,,,,,,,
2877,414138,253404,select-list,multi,,,,,,,
2877,414144,253340,multiple-choice,single,obsidian-quiz-blocks,radio,,DSM,needs-answer,,
2877,414144,115398,multiple-choice,single,obsidian-quiz-blocks,radio,,DSM,needs-answer,,
2888,36675,135596,multiple-choice,single,obsidian-quiz-blocks,radio,,DSM,needs-answer,,
2888,36675,135601,multiple-choice,single,obsidian-quiz-blocks,radio,,DSM,needs-answer,,
2888,36677,135676,multiple-choice,single,obsidian-quiz-blocks,radio,,DSM,needs-answer,,
2888,36677,135677,multiple-choice,single,obsidian-quiz-blocks,radio,,DSM,needs-answer,,
2888,36680,135602,multiple-choice,single,obsidian-quiz-blocks,radio,,DSM,needs-answer,,
2888,36680,135603,multiple-choice,single,obsidian-quiz-blocks,radio,,DSM,needs-answer,,
2889,421362,135559,multiple-choice,single,obsidian-quiz-blocks,radio,,DSM,needs-answer,,
2889,421362,135558,multiple-choice,single,obsidian-quiz-blocks,radio,,DSM,needs-answer,,
2889,421366,135907,multiple-choice,single,obsidian-quiz-blocks,radio,,DSM,needs-answer,,
2889,421366,135560,multiple-choice,single,obsidian-quiz-blocks,radio,,DSM,needs-answer,,
2889,421369,135563,multiple-choice,single,obsidian-quiz-blocks,radio,,DSM,needs-answer,,
2889,421369,135562,multiple-choice,single,obsidian-quiz-blocks,radio,,DSM,needs-answer,,
2891,418129,135498,multiple-choice,single,obsidian-quiz-blocks,radio,,DSM,needs-answer,,
2891,418129,135500,multiple-choice,single,obsidian-quiz-blocks,radio,,DSM,needs-answer,,
2891,418132,135505,multiple-choice,single,obsidian-quiz-blocks,radio,,DSM,needs-answer,,
2891,418132,135504,multiple-choice,single,obsidian-quiz-blocks,radio,,DSM,needs-answer,,
2893,417952,249736,select-list,single,,,,,,,
2893,417952,259490,select-list,single,,,,,,,
2893,417955,259341,select-list,multi,,,,,,,
2893,417955,249953,select-list,multi,,,,,,,
2895,416120,251060,select-list,multi,,,,,,,
2895,416120,262345,select-list,multi,,,,,,,
2895,416123,259648,select-list,multi,,,,,,,
2895,416123,259665,select-list,multi,,,,,,,
2899,443277,259318,select-list,multi,,,,,,,
2899,443277,262780,select-list,multi,,,,,,,
2899,443280,259321,select-list,multi,,,,,,,
2899,443280,262731,select-list,multi,,,,,,,
2984,418313,135492,multiple-choice,single,obsidian-quiz-blocks,radio,,DSM,needs-answer,,
2984,418313,135493,multiple-choice,single,obsidian-quiz-blocks,radio,,DSM,needs-answer,,
2984,418317,135494,multiple-choice,single,obsidian-quiz-blocks,radio,,DSM,needs-answer,,
2984,418317,135495,multiple-choice,single,obsidian-quiz-blocks,radio,,DSM,needs-answer,,
2984,418320,135496,multiple-choice,single,obsidian-quiz-blocks,radio,,DSM,needs-answer,,
2984,418320,135497,multiple-choice,single,obsidian-quiz-blocks,radio,,DSM,needs-answer,,
2986,417578,89698,multiple-choice,single,obsidian-quiz-blocks,radio,,DSM,needs-answer,,
2986,417578,89701,multiple-choice,single,obsidian-quiz-blocks,radio,,DSM,needs-answer,,
2986,417582,89702,multiple-choice,single,obsidian-quiz-blocks,radio,,DSM,needs-answer,,
2986,417582,89703,multiple-choice,single,obsidian-quiz-blocks,radio,c,DSM,converted-and-verified,image-id,answer-image-id-1
2986,417586,89696,multiple-choice,single,obsidian-quiz-blocks,radio,,DSM,needs-answer,,
2986,417586,262819,select-list,multi,,,,,,,
2991,221228,112732,multiple-choice,single,obsidian-quiz-blocks,radio,,DSM;PAS,needs-answer,,
2991,221228,138328,multiple-choice,single,obsidian-quiz-blocks,radio,,DSM;PAS,needs-answer,,
2991,221231,138288,multiple-choice,single,obsidian-quiz-blocks,radio,,DSM;PAS,needs-answer,,
2991,221231,138337,multiple-choice,single,obsidian-quiz-blocks,radio,,DSM;PAS,needs-answer,,
2992,34530,112743,multiple-choice,single,obsidian-quiz-blocks,radio,,DSM;PAS,needs-answer,,
2992,34530,112744,multiple-choice,single,obsidian-quiz-blocks,radio,,DSM;PAS,needs-answer,,
2992,34534,112745,multiple-choice,single,obsidian-quiz-blocks,radio,,DSM;PAS,needs-answer,,
2992,34534,112746,multiple-choice,single,obsidian-quiz-blocks,radio,,DSM;PAS,needs-answer,,
2992,34539,112749,multiple-choice,single,obsidian-quiz-blocks,radio,,DSM;PAS,needs-answer,,
2992,34539,112750,multiple-choice,single,obsidian-quiz-blocks,radio,,DSM;PAS,needs-answer,,
2992,34542,112751,multiple-choice,single,obsidian-quiz-blocks,radio,,DSM;PAS,needs-answer,,
2992,34542,112752,multiple-choice,single,obsidian-quiz-blocks,radio,,DSM;PAS,needs-answer,,
3010,31515,95989,multiple-choice,single,obsidian-quiz-blocks,radio,,DSM;MML;PAS,needs-answer,,
3010,31515,95988,multiple-choice,single,obsidian-quiz-blocks,radio,,DSM;MML;PAS,needs-answer,,
3010,31516,95991,multiple-choice,single,obsidian-quiz-blocks,radio,,DSM;MML;PAS,needs-answer,,
3010,31516,96835,multiple-choice,single,obsidian-quiz-blocks,radio,,DSM;MML;PAS,needs-answer,,
3010,31817,95992,multiple-choice,single,obsidian-quiz-blocks,radio,,DSM;MML;PAS,needs-answer,,
3010,31817,95990,multiple-choice,single,obsidian-quiz-blocks,radio,,DSM;MML;PAS,needs-answer,,
3027,181735,90711,multiple-choice,single,obsidian-quiz-blocks,radio,,MOP,needs-answer,,
3027,181735,105240,multiple-choice,single,obsidian-quiz-blocks,radio,,MOP,needs-answer,,
3027,181738,90712,multiple-choice,single,obsidian-quiz-blocks,radio,,MOP,needs-answer,,
3027,181738,90846,multiple-choice,single,obsidian-quiz-blocks,radio,,MOP,needs-answer,,
3027,181742,90962,multiple-choice,single,obsidian-quiz-blocks,radio,,MOP,needs-answer,,
3027,181742,90713,multiple-choice,single,obsidian-quiz-blocks,radio,,MOP,needs-answer,,
3028,33959,108934,multiple-choice,single,obsidian-quiz-blocks,radio,,DSM;MML;PAS;PS1,needs-answer,,
3028,33959,108935,multiple-choice,single,obsidian-quiz-blocks,radio,,DSM;MML;PAS;PS1,needs-answer,,
3028,33961,108936,multiple-choice,single,obsidian-quiz-blocks,radio,,DSM;MML;PAS;PS1,needs-answer,,
3028,33961,108945,multiple-choice,single,obsidian-quiz-blocks,radio,,DSM;MML;PAS;PS1,needs-answer,,
3028,33963,108940,multiple-choice,single,obsidian-quiz-blocks,radio,,DSM;MML;PAS;PS1,needs-answer,,
3028,33963,108946,multiple-choice,single,obsidian-quiz-blocks,radio,,DSM;MML;PAS;PS1,needs-answer,,
3032,417903,258854,multiple-choice,single,obsidian-quiz-blocks,radio,,DSM,needs-answer,,
3032,417903,258855,multiple-choice,single,obsidian-quiz-blocks,radio,,DSM,needs-answer,,
3032,417906,259180,free-response,single,,,,,,,
3032,417906,258910,free-response,single,,,,,,,
3032,417910,258927,multiple-choice,single,obsidian-quiz-blocks,radio,,DSM,needs-answer,,
3032,417910,258957,multiple-choice,single,obsidian-quiz-blocks,radio,,DSM,needs-answer,,
3032,417913,259264,free-response,single,,,,,,,
3032,417913,258965,free-response,single,,,,,,,
3071,31937,97045,multiple-choice,single,obsidian-quiz-blocks,radio,,DSM;MML;PAS,needs-answer,,
3071,31937,97204,multiple-choice,single,obsidian-quiz-blocks,radio,,DSM;MML;PAS,needs-answer,,
3071,31938,97046,multiple-choice,single,obsidian-quiz-blocks,radio,,DSM;MML;PAS,needs-answer,,
3071,31938,97194,multiple-choice,single,obsidian-quiz-blocks,radio,,DSM;MML;PAS,needs-answer,,
3071,31939,97047,multiple-choice,single,obsidian-quiz-blocks,radio,,DSM;MML;PAS,needs-answer,,
3071,31939,97190,multiple-choice,single,obsidian-quiz-blocks,radio,,DSM;MML;PAS,needs-answer,,
3071,31940,97048,multiple-choice,single,obsidian-quiz-blocks,radio,,DSM;MML;PAS,needs-answer,,
3071,31940,97150,multiple-choice,single,obsidian-quiz-blocks,radio,,DSM;MML;PAS,needs-answer,,
3072,31784,96692,multiple-choice,single,obsidian-quiz-blocks,radio,,DSM;PAS,needs-answer,,
3072,31784,97531,multiple-choice,single,obsidian-quiz-blocks,radio,,DSM;PAS,needs-answer,,
3072,31785,97551,multiple-choice,single,obsidian-quiz-blocks,radio,,DSM;PAS,needs-answer,,
3072,31785,96693,multiple-choice,single,obsidian-quiz-blocks,radio,,DSM;PAS,needs-answer,,
3072,31786,96694,multiple-choice,single,obsidian-quiz-blocks,radio,,DSM;PAS,needs-answer,,
3072,31786,97552,multiple-choice,single,obsidian-quiz-blocks,radio,,DSM;PAS,needs-answer,,
3072,31787,96695,multiple-choice,single,obsidian-quiz-blocks,radio,,DSM;PAS,needs-answer,,
3072,31787,97555,multiple-choice,single,obsidian-quiz-blocks,radio,,DSM;PAS,needs-answer,,
3073,414335,256330,free-response,multi,,,,,,,
3073,414335,256676,multiple-choice,single,obsidian-quiz-blocks,radio,a,DSM,converted-and-verified,manual,label
3073,414338,256760,free-response,multi,,,,,,,
3073,414338,256332,free-response,single,,,,,,,
3073,414341,256786,free-response,multi,,,,,,,
3073,414341,256354,free-response,single,,,,,,,
3080,162162,221900,select-list,multi,,,,,,,
3080,162162,221899,select-list,multi,,,,,,,
3080,162166,221911,select-list,multi,,,,,,,
3080,162166,221873,select-list,multi,,,,,,,
3080,162169,221882,multiple-choice,single,obsidian-quiz-blocks,radio,,MOP,needs-answer,,
3080,162169,221922,multiple-choice,single,obsidian-quiz-blocks,radio,,MOP,needs-answer,,
3082,30434,93743,multiple-choice,single,obsidian-quiz-blocks,radio,,MOP,needs-answer,,
3082,30434,92271,multiple-choice,single,obsidian-quiz-blocks,radio,,MOP,needs-answer,,
3082,30435,93800,multiple-choice,single,obsidian-quiz-blocks,radio,,MOP,needs-answer,,
3082,30435,92276,multiple-choice,single,obsidian-quiz-blocks,radio,,MOP,needs-answer,,
3082,30437,93880,multiple-choice,single,obsidian-quiz-blocks,radio,,MOP,needs-answer,,
3082,30437,92562,multiple-choice,single,obsidian-quiz-blocks,radio,,MOP,needs-answer,,
3082,30446,92564,multiple-choice,single,obsidian-quiz-blocks,radio,,MOP,needs-answer,,
3082,30446,92567,multiple-choice,single,obsidian-quiz-blocks,radio,,MOP,needs-answer,,
3083,30483,92907,multiple-choice,single,obsidian-quiz-blocks,radio,,DSM,needs-answer,,
3083,30483,92911,multiple-choice,single,obsidian-quiz-blocks,radio,,DSM,needs-answer,,
3083,30484,92915,multiple-choice,single,obsidian-quiz-blocks,radio,,DSM,needs-answer,,
3083,30484,92914,multiple-choice,single,obsidian-quiz-blocks,radio,,DSM,needs-answer,,
3083,30486,92923,multiple-choice,single,obsidian-quiz-blocks,radio,,DSM,needs-answer,,
3083,30486,93928,multiple-choice,single,obsidian-quiz-blocks,radio,,DSM,needs-answer,,
3118,30550,93583,multiple-choice,single,obsidian-quiz-blocks,radio,,DSM;LAL;MML;PS1,needs-answer,,
3118,30550,93994,multiple-choice,single,obsidian-quiz-blocks,radio,,DSM;LAL;MML;PS1,needs-answer,,
3118,31546,96046,multiple-choice,single,obsidian-quiz-blocks,radio,,DSM;LAL;MML;PS1,needs-answer,,
3118,31546,96595,multiple-choice,single,obsidian-quiz-blocks,radio,,DSM;LAL;MML;PS1,needs-answer,,
3136,36662,135568,multiple-choice,single,obsidian-quiz-blocks,radio,,DSM,needs-answer,,
3136,36662,135569,multiple-choice,single,obsidian-quiz-blocks,radio,,DSM,needs-answer,,
3136,36664,135581,multiple-choice,single,obsidian-quiz-blocks,radio,,DSM,needs-answer,,
3136,36664,135584,multiple-choice,single,obsidian-quiz-blocks,radio,,DSM,needs-answer,,
3136,36665,136144,multiple-choice,single,obsidian-quiz-blocks,radio,,DSM,needs-answer,,
3136,36665,135592,multiple-choice,single,obsidian-quiz-blocks,radio,,DSM,needs-answer,,
3140,31523,96008,multiple-choice,single,obsidian-quiz-blocks,radio,,DSM,needs-answer,,
3140,31523,97230,multiple-choice,single,obsidian-quiz-blocks,radio,,DSM,needs-answer,,
3140,36030,128804,multiple-choice,single,obsidian-quiz-blocks,radio,,DSM,needs-answer,,
3140,36030,128805,multiple-choice,single,obsidian-quiz-blocks,radio,,DSM,needs-answer,,
3140,36034,128806,multiple-choice,single,obsidian-quiz-blocks,radio,,DSM,needs-answer,,
3140,36034,129004,multiple-choice,single,obsidian-quiz-blocks,radio,,DSM,needs-answer,,
3269,32014,97231,multiple-choice,single,obsidian-quiz-blocks,radio,,DSM;MML;PAS,needs-answer,,
3269,32014,97691,multiple-choice,single,obsidian-quiz-blocks,radio,,DSM;MML;PAS,needs-answer,,
3269,32093,97569,multiple-choice,single,obsidian-quiz-blocks,radio,,DSM;MML;PAS,needs-answer,,
3269,32093,97745,multiple-choice,single,obsidian-quiz-blocks,radio,,DSM;MML;PAS,needs-answer,,
3272,22340,5477,multiple-choice,single,obsidian-quiz-blocks,radio,e,DSM;MML;PAS;PS1,converted-and-verified,manual,label
3272,22340,104863,multiple-choice,single,obsidian-quiz-blocks,radio,b,DSM;MML;PAS;PS1,converted-and-verified,manual,label
3272,22341,5476,multiple-choice,single,obsidian-quiz-blocks,radio,e,DSM;MML;PAS;PS1,converted-and-verified,manual,label
3272,22341,106368,multiple-choice,single,obsidian-quiz-blocks,radio,c,DSM;MML;PAS;PS1,converted-and-verified,manual,label
3272,33290,104792,multiple-choice,single,obsidian-quiz-blocks,radio,c,DSM;MML;PAS;PS1,converted-and-verified,manual,label
3272,33290,105978,multiple-choice,single,obsidian-quiz-blocks,radio,a,DSM;MML;PAS;PS1,converted-and-verified,manual,label
3272,33311,104793,multiple-choice,single,obsidian-quiz-blocks,radio,c,DSM;MML;PAS;PS1,converted-and-verified,manual,label
3272,33311,106160,multiple-choice,single,obsidian-quiz-blocks,radio,a,DSM;MML;PAS;PS1,converted-and-verified,manual,label
3280,221752,97747,multiple-choice,single,obsidian-quiz-blocks,radio,,DSM;PAS,needs-answer,,
3280,221752,97567,multiple-choice,single,obsidian-quiz-blocks,radio,,DSM;PAS,needs-answer,,
3280,221755,97984,multiple-choice,single,obsidian-quiz-blocks,radio,,DSM;PAS,needs-answer,,
3280,221755,97237,multiple-choice,single,obsidian-quiz-blocks,radio,,DSM;PAS,needs-answer,,
3280,221759,98075,multiple-choice,single,obsidian-quiz-blocks,radio,,DSM;PAS,needs-answer,,
3280,221759,97238,multiple-choice,single,obsidian-quiz-blocks,radio,,DSM;PAS,needs-answer,,
3280,221762,97239,multiple-choice,single,obsidian-quiz-blocks,radio,,DSM;PAS,needs-answer,,
3280,221762,98084,multiple-choice,single,obsidian-quiz-blocks,radio,,DSM;PAS,needs-answer,,
3281,451153,97463,multiple-choice,single,obsidian-quiz-blocks,radio,,DSM;MF3;PAS,needs-answer,,
3281,451153,96728,multiple-choice,single,obsidian-quiz-blocks,radio,,DSM;MF3;PAS,needs-answer,,
3281,451156,96735,multiple-choice,single,obsidian-quiz-blocks,radio,,DSM;MF3;PAS,needs-answer,,
3281,451156,96737,multiple-choice,single,obsidian-quiz-blocks,radio,,DSM;MF3;PAS,needs-answer,,
3281,451159,97516,multiple-choice,single,obsidian-quiz-blocks,radio,,DSM;MF3;PAS,needs-answer,,
3281,451159,96729,multiple-choice,single,obsidian-quiz-blocks,radio,,DSM;MF3;PAS,needs-answer,,
3281,451162,96730,multiple-choice,single,obsidian-quiz-blocks,radio,,DSM;MF3;PAS,needs-answer,,
3281,451162,97527,multiple-choice,single,obsidian-quiz-blocks,radio,,DSM;MF3;PAS,needs-answer,,
3282,31518,96846,multiple-choice,single,obsidian-quiz-blocks,radio,,DSM;MML;PAS,needs-answer,,
3282,31518,95993,multiple-choice,single,obsidian-quiz-blocks,radio,,DSM;MML;PAS,needs-answer,,
3282,31519,96880,multiple-choice,single,obsidian-quiz-blocks,radio,,DSM;MML;PAS,needs-answer,,
3282,31519,95994,multiple-choice,single,obsidian-quiz-blocks,radio,,DSM;MML;PAS,needs-answer,,
3282,31520,95995,multiple-choice,single,obsidian-quiz-blocks,radio,,DSM;MML;PAS,needs-answer,,
3282,31520,96892,multiple-choice,single,obsidian-quiz-blocks,radio,,DSM;MML;PAS,needs-answer,,
3282,31521,95996,multiple-choice,single,obsidian-quiz-blocks,radio,,DSM;MML;PAS,needs-answer,,
3282,31521,96901,multiple-choice,single,obsidian-quiz-blocks,radio,,DSM;MML;PAS,needs-answer,,
3284,31788,96696,multiple-choice,single,obsidian-quiz-blocks,radio,,DSM;MF3;PAS,needs-answer,,
3284,31788,97124,multiple-choice,single,obsidian-quiz-blocks,radio,,DSM;MF3;PAS,needs-answer,,
3284,31789,96697,multiple-choice,single,obsidian-quiz-blocks,radio,,DSM;MF3;PAS,needs-answer,,
3284,31789,97145,multiple-choice,single,obsidian-quiz-blocks,radio,,DSM;MF3;PAS,needs-answer,,
3284,31790,96698,multiple-choice,single,obsidian-quiz-blocks,radio,,DSM;MF3;PAS,needs-answer,,
3284,31790,97156,multiple-choice,single,obsidian-quiz-blocks,radio,,DSM;MF3;PAS,needs-answer,,
3284,31791,97181,multiple-choice,single,obsidian-quiz-blocks,radio,,DSM;MF3;PAS,needs-answer,,
3284,31791,96699,multiple-choice,single,obsidian-quiz-blocks,radio,,DSM;MF3;PAS,needs-answer,,
3285,32023,97240,multiple-choice,single,obsidian-quiz-blocks,radio,,DSM;PAS,needs-answer,,
3285,32023,98320,multiple-choice,single,obsidian-quiz-blocks,radio,,DSM;PAS,needs-answer,,
3285,32024,98149,multiple-choice,single,obsidian-quiz-blocks,radio,,DSM;PAS,needs-answer,,
3285,32024,98439,multiple-choice,single,obsidian-quiz-blocks,radio,,DSM;PAS,needs-answer,,
3285,32137,97729,multiple-choice,single,obsidian-quiz-blocks,radio,,DSM;PAS,needs-answer,,
3285,32137,98310,multiple-choice,single,obsidian-quiz-blocks,radio,,DSM;PAS,needs-answer,,
3286,33287,147126,multiple-choice,single,obsidian-quiz-blocks,radio,,DSM;MML;PAS;PS1,needs-answer,,
3286,33287,147132,multiple-choice,single,obsidian-quiz-blocks,radio,,DSM;MML;PAS;PS1,needs-answer,,
3286,33288,147235,multiple-choice,single,obsidian-quiz-blocks,radio,,DSM;MML;PAS;PS1,needs-answer,,
3286,33288,148674,multiple-choice,single,obsidian-quiz-blocks,radio,,DSM;MML;PAS;PS1,needs-answer,,
3286,39256,104789,multiple-choice,single,obsidian-quiz-blocks,radio,,DSM;MML;PAS;PS1,needs-answer,,
3286,39256,148673,multiple-choice,single,obsidian-quiz-blocks,radio,,DSM;MML;PAS;PS1,needs-answer,,
3334,31535,96747,multiple-choice,single,obsidian-quiz-blocks,radio,b,LAL;MML;MOP;PS1,converted-and-verified,manual,label
3334,31535,96038,multiple-choice,single,obsidian-quiz-blocks,radio,e,LAL;MML;MOP;PS1,converted-and-verified,manual,label
3334,31536,96758,multiple-choice,single,obsidian-quiz-blocks,radio,e,LAL;MML;MOP;PS1,converted-and-verified,manual,label
3334,31536,96040,multiple-choice,single,obsidian-quiz-blocks,radio,a,LAL;MML;MOP;PS1,converted-and-verified,manual,label
3334,31537,96042,multiple-choice,single,obsidian-quiz-blocks,radio,b,LAL;MML;MOP;PS1,converted-and-verified,manual,label
3334,31537,96043,multiple-choice,single,obsidian-quiz-blocks,radio,c,LAL;MML;MOP;PS1,converted-and-verified,manual,label
3334,31579,96037,multiple-choice,single,obsidian-quiz-blocks,radio,c,LAL;MML;MOP;PS1,converted-and-verified,manual,label
3334,31579,96123,multiple-choice,single,obsidian-quiz-blocks,radio,c,LAL;MML;MOP;PS1,converted-and-verified,manual,label
3362,34713,115027,multiple-choice,single,obsidian-quiz-blocks,radio,,DSM,needs-answer,,
3362,34713,115051,multiple-choice,single,obsidian-quiz-blocks,radio,,DSM,needs-answer,,
3362,34715,115045,multiple-choice,single,obsidian-quiz-blocks,radio,,DSM,needs-answer,,
3362,34715,135341,multiple-choice,single,obsidian-quiz-blocks,radio,,DSM,needs-answer,,
3363,34703,115014,multiple-choice,single,obsidian-quiz-blocks,radio,,DSM,needs-answer,,
3363,34703,115016,multiple-choice,single,obsidian-quiz-blocks,radio,,DSM,needs-answer,,
3363,34704,115023,multiple-choice,single,obsidian-quiz-blocks,radio,,DSM,needs-answer,,
3363,34704,115024,multiple-choice,single,obsidian-quiz-blocks,radio,,DSM,needs-answer,,
3363,34707,115021,multiple-choice,single,obsidian-quiz-blocks,radio,,DSM,needs-answer,,
3363,34707,115022,multiple-choice,single,obsidian-quiz-blocks,radio,,DSM,needs-answer,,
3402,32015,97232,multiple-choice,single,obsidian-quiz-blocks,radio,,DSM;MML;PAS,needs-answer,,
3402,32015,97649,multiple-choice,single,obsidian-quiz-blocks,radio,,DSM;MML;PAS,needs-answer,,
3402,32016,97234,multiple-choice,single,obsidian-quiz-blocks,radio,,DSM;MML;PAS,needs-answer,,
3402,32016,97682,multiple-choice,single,obsidian-quiz-blocks,radio,,DSM;MML;PAS,needs-answer,,
3411,153998,184099,select-list,multi,,,,,,,
3411,153998,184111,select-list,multi,,,,,,,
3411,154003,184123,select-list,multi,,,,,,,
3411,154003,184127,select-list,multi,,,,,,,
3411,154006,183999,select-list,multi,,,,,,,
3411,154006,183998,select-list,multi,,,,,,,
3411,154009,184002,select-list,multi,,,,,,,
3411,154009,184003,select-list,multi,,,,,,,
3412,162329,185000,select-list,multi,,,,,,,
3412,162329,185001,select-list,multi,,,,,,,
3412,162332,184824,select-list,multi,,,,,,,
3412,162332,184793,select-list,multi,,,,,,,
3412,162335,184792,select-list,multi,,,,,,,
3412,162335,221837,select-list,multi,,,,,,,
3414,179677,184794,select-list,multi,,,,,,,
3414,179677,221449,select-list,multi,,,,,,,
3414,179681,221463,select-list,multi,,,,,,,
3414,179681,184825,select-list,multi,,,,,,,
3414,179685,221649,select-list,multi,,,,,,,
3414,179685,221487,select-list,multi,,,,,,,
3414,179688,215099,select-list,multi,,,,,,,
3414,179688,221514,select-list,multi,,,,,,,
3421,182674,216695,select-list,multi,,,,,,,
3421,182674,216708,select-list,multi,,,,,,,
3421,182677,216578,select-list,multi,,,,,,,
3421,182677,216579,select-list,multi,,,,,,,
3421,182680,217174,select-list,multi,,,,,,,
3421,182680,217177,select-list,multi,,,,,,,
3422,182663,216795,select-list,multi,,,,,,,
3422,182663,216799,select-list,multi,,,,,,,
3422,182666,216809,select-list,multi,,,,,,,
3422,182666,216813,select-list,multi,,,,,,,
3422,182669,217011,select-list,multi,,,,,,,
3422,182669,216814,select-list,multi,,,,,,,
3424,146474,181593,multiple-choice,single,obsidian-quiz-blocks,radio,b,MOP,converted-and-verified,manual,label
3424,146474,181535,select-list,multi,,,,,,,
3424,146478,181537,select-list,multi,,,,,,,
3424,146478,181677,select-list,multi,,,,,,,
3424,146481,182651,select-list,multi,,,,,,,
3424,146481,181594,select-list,multi,,,,,,,
3425,146414,182734,multiple-choice,single,obsidian-quiz-blocks,radio,,MOP,needs-answer,,
3425,146414,182621,multiple-choice,single,obsidian-quiz-blocks,radio,,MOP,needs-answer,,
3425,146419,182798,select-list,multi,,,,,,,
3425,146419,182806,select-list,multi,,,,,,,
3425,146423,182276,select-list,multi,,,,,,,
3425,146423,182275,select-list,multi,,,,,,,
3426,147146,182629,select-list,multi,,,,,,,
3426,147146,182793,select-list,multi,,,,,,,
3426,147149,183611,select-list,multi,,,,,,,
3426,147149,182346,select-list,multi,,,,,,,
3426,147153,182809,select-list,multi,,,,,,,
3426,147153,182728,select-list,multi,,,,,,,
3428,182407,182634,multiple-choice,single,obsidian-quiz-blocks,radio,,MOP,needs-answer,,
3428,182407,182631,multiple-choice,single,obsidian-quiz-blocks,radio,,MOP,needs-answer,,
3428,182411,182558,select-list,multi,,,,,,,
3428,182411,182560,select-list,multi,,,,,,,
3428,182415,182562,select-list,single,,,,,,,
3428,182415,182563,select-list,single,,,,,,,
3526,179502,221562,select-list,multi,,,,,,,
3526,179502,221668,select-list,multi,,,,,,,
3526,179505,221532,select-list,multi,,,,,,,
3526,179505,221628,select-list,multi,,,,,,,
3526,179508,221534,select-list,multi,,,,,,,
3526,179508,221648,select-list,multi,,,,,,,
3631,34379,111030,multiple-choice,single,obsidian-quiz-blocks,radio,,DSM;MML;PAS;PS1,needs-answer,,
3631,34379,111031,multiple-choice,single,obsidian-quiz-blocks,radio,,DSM;MML;PAS;PS1,needs-answer,,
3631,34384,111033,multiple-choice,single,obsidian-quiz-blocks,radio,,DSM;MML;PAS;PS1,needs-answer,,
3631,34384,111518,multiple-choice,single,obsidian-quiz-blocks,radio,,DSM;MML;PAS;PS1,needs-answer,,
3642,27507,84126,multiple-choice,single,obsidian-quiz-blocks,radio,,DSM;MML;PAS;PS1,needs-answer,,
3642,27507,84133,multiple-choice,single,obsidian-quiz-blocks,radio,,DSM;MML;PAS;PS1,needs-answer,,
3642,33947,108925,multiple-choice,single,obsidian-quiz-blocks,radio,,DSM;MML;PAS;PS1,needs-answer,,
3642,33947,110001,multiple-choice,single,obsidian-quiz-blocks,radio,,DSM;MML;PAS;PS1,needs-answer,,
3642,38212,143750,multiple-choice,single,obsidian-quiz-blocks,radio,,DSM;MML;PAS;PS1,needs-answer,,
3642,38212,143751,multiple-choice,single,obsidian-quiz-blocks,radio,,DSM;MML;PAS;PS1,needs-answer,,
3647,34229,110183,multiple-choice,single,obsidian-quiz-blocks,radio,,DSM;MML;PAS;PS1,needs-answer,,
3647,34229,110185,multiple-choice,single,obsidian-quiz-blocks,radio,,DSM;MML;PAS;PS1,needs-answer,,
3647,34387,111039,multiple-choice,single,obsidian-quiz-blocks,radio,,DSM;MML;PAS;PS1,needs-answer,,
3647,34387,111301,multiple-choice,single,obsidian-quiz-blocks,radio,,DSM;MML;PAS;PS1,needs-answer,,
3647,34390,111036,multiple-choice,single,obsidian-quiz-blocks,radio,,DSM;MML;PAS;PS1,needs-answer,,
3647,34390,111314,multiple-choice,single,obsidian-quiz-blocks,radio,,DSM;MML;PAS;PS1,needs-answer,,
3722,31524,97259,multiple-choice,single,obsidian-quiz-blocks,radio,,DSM,needs-answer,,
3722,31524,97247,multiple-choice,single,obsidian-quiz-blocks,radio,,DSM,needs-answer,,
3722,31525,128812,multiple-choice,single,obsidian-quiz-blocks,radio,,DSM,needs-answer,,
3722,31525,97330,multiple-choice,single,obsidian-quiz-blocks,radio,,DSM,needs-answer,,
3723,36041,128871,multiple-choice,single,obsidian-quiz-blocks,radio,,DSM,needs-answer,,
3723,36041,128872,multiple-choice,single,obsidian-quiz-blocks,radio,,DSM,needs-answer,,
3723,36042,128876,multiple-choice,single,obsidian-quiz-blocks,radio,,DSM,needs-answer,,
3723,36042,128875,multiple-choice,single,obsidian-quiz-blocks,radio,,DSM,needs-answer,,
3723,36047,128878,multiple-choice,single,obsidian-quiz-blocks,radio,,DSM,needs-answer,,
3723,36047,128892,multiple-choice,single,obsidian-quiz-blocks,radio,,DSM,needs-answer,,
3726,418211,253570,select-list,single,,,,,,,
3726,418211,253977,select-list,single,,,,,,,
3726,418214,253264,select-list,single,,,,,,,
3726,418214,253220,select-list,single,,,,,,,
3726,418217,254522,free-response,multi,,,,,,,
3726,418217,253322,free-response,multi,,,,,,,
3760,34719,115073,multiple-choice,single,obsidian-quiz-blocks,radio,,DSM,needs-answer,,
3760,34719,115075,multiple-choice,single,obsidian-quiz-blocks,radio,,DSM,needs-answer,,
3760,34720,115155,multiple-choice,single,obsidian-quiz-blocks,radio,,DSM,needs-answer,,
3760,34720,115159,multiple-choice,single,obsidian-quiz-blocks,radio,,DSM,needs-answer,,
3760,34724,115080,multiple-choice,single,obsidian-quiz-blocks,radio,,DSM,needs-answer,,
3760,34724,115081,multiple-choice,single,obsidian-quiz-blocks,radio,,DSM,needs-answer,,
3778,237240,225077,select-list,multi,,,,,,,
3778,237240,226012,select-list,multi,,,,,,,
3778,237243,224971,select-list,multi,,,,,,,
3778,237243,255071,select-list,multi,,,,,,,
3778,237247,250148,select-list,single,,,,,,,
3778,237247,254996,select-list,single,,,,,,,
3778,237250,255022,multiple-choice,single,obsidian-quiz-blocks,radio,,DSM;MML,needs-answer,,
3778,237250,225078,multiple-choice,single,obsidian-quiz-blocks,radio,,DSM;MML,needs-answer,,
3779,413915,255013,select-list,multi,,,,,,,
3779,413915,255048,select-list,multi,,,,,,,
3779,413919,255059,select-list,multi,,,,,,,
3779,413919,255066,select-list,multi,,,,,,,
3779,413924,225097,multiple-choice,single,obsidian-quiz-blocks,radio,,DSM;MML,needs-answer,,
3779,413924,225091,multiple-choice,single,obsidian-quiz-blocks,radio,,DSM;MML,needs-answer,,
3779,413927,255779,select-list,multi,,,,,,,
3779,413927,225098,select-list,multi,,,,,,,
3780,413941,225179,multiple-choice,single,obsidian-quiz-blocks,radio,,DSM,needs-answer,,
3780,413941,255892,multiple-choice,single,obsidian-quiz-blocks,radio,,DSM,needs-answer,,
3780,413945,255732,select-list,multi,,,,,,,
3780,413945,225229,select-list,multi,,,,,,,
3780,413948,225239,select-list,multi,,,,,,,
3780,413948,225240,select-list,multi,,,,,,,
3781,414065,255041,multiple-choice,single,obsidian-quiz-blocks,radio,,DSM,needs-answer,,
3781,414065,255937,multiple-choice,single,obsidian-quiz-blocks,radio,,DSM,needs-answer,,
3781,414069,255968,select-list,multi,,,,,,,
3781,414069,255826,select-list,multi,,,,,,,
3781,414072,255062,select-list,multi,,,,,,,
3781,414072,255070,select-list,multi,,,,,,,
3782,414358,255818,multiple-choice,single,obsidian-quiz-blocks,radio,,DSM,needs-answer,,
3782,414358,225292,multiple-choice,single,obsidian-quiz-blocks,radio,,DSM,needs-answer,,
3782,414362,225293,multiple-choice,single,obsidian-quiz-blocks,radio,,DSM,needs-answer,,
3782,414362,225294,multiple-choice,single,obsidian-quiz-blocks,radio,,DSM,needs-answer,,
3782,414365,255971,multiple-choice,single,obsidian-quiz-blocks,radio,,DSM,needs-answer,,
3782,414365,225255,multiple-choice,single,obsidian-quiz-blocks,radio,,DSM,needs-answer,,
3782,414368,250151,select-list,multi,,,,,,,
3782,414368,250152,select-list,multi,,,,,,,
3783,414418,255802,select-list,multi,,,,,,,
3783,414418,225446,select-list,multi,,,,,,,
3783,414421,255843,multiple-choice,single,obsidian-quiz-blocks,radio,,DSM,needs-answer,,
3783,414421,225429,multiple-choice,single,obsidian-quiz-blocks,radio,,DSM,needs-answer,,
3783,414424,256016,multiple-choice,single,obsidian-quiz-blocks,radio,,DSM,needs-answer,,
3783,414424,225443,multiple-choice,single,obsidian-quiz-blocks,radio,,DSM,needs-answer,,
3785,414454,225653,multiple-choice,single,obsidian-quiz-blocks,radio,,DSM,needs-answer,,
3785,414454,255885,multiple-choice,single,obsidian-quiz-blocks,radio,,DSM,needs-answer,,
3785,414457,225654,select-list,multi,,,,,,,
3785,414457,255927,select-list,multi,,,,,,,
3785,414461,225588,select-list,multi,,,,,,,
3785,414461,225589,multiple-choice,single,obsidian-quiz-blocks,radio,,DSM,needs-answer,,
3785,414464,225652,multiple-choice,single,obsidian-quiz-blocks,radio,,DSM,needs-answer,,
3785,414464,256004,multiple-choice,single,obsidian-quiz-blocks,radio,,DSM,needs-answer,,
3786,417060,255753,select-list,multi,,,,,,,
3786,417060,255757,select-list,multi,,,,,,,
3786,417064,225660,select-list,multi,,,,,,,
3786,417064,225700,multiple-choice,single,obsidian-quiz-blocks,radio,,DSM,needs-answer,,
3786,417067,255865,multiple-choice,single,obsidian-quiz-blocks,radio,,DSM,needs-answer,,
3786,417067,225713,multiple-choice,single,obsidian-quiz-blocks,radio,,DSM,needs-answer,,
3787,414525,255790,multiple-choice,single,obsidian-quiz-blocks,radio,,DSM,needs-answer,,
3787,414525,225738,multiple-choice,single,obsidian-quiz-blocks,radio,,DSM,needs-answer,,
3787,414529,255799,select-list,multi,,,,,,,
3787,414529,225782,select-list,multi,,,,,,,
3787,414532,225835,multiple-choice,single,obsidian-quiz-blocks,radio,,DSM,needs-answer,,
3787,414532,255945,multiple-choice,single,obsidian-quiz-blocks,radio,,DSM,needs-answer,,
3788,414599,225946,multiple-choice,single,obsidian-quiz-blocks,radio,,DSM,needs-answer,,
3788,414599,256275,multiple-choice,single,obsidian-quiz-blocks,radio,,DSM,needs-answer,,
3788,414603,225878,multiple-choice,single,obsidian-quiz-blocks,radio,,DSM,needs-answer,,
3788,414603,225879,multiple-choice,single,obsidian-quiz-blocks,radio,,DSM,needs-answer,,
3788,414608,225947,multiple-choice,single,obsidian-quiz-blocks,radio,,DSM,needs-answer,,
3788,414608,256726,multiple-choice,single,obsidian-quiz-blocks,radio,,DSM,needs-answer,,
3789,417596,226137,multiple-choice,single,obsidian-quiz-blocks,radio,,DSM,needs-answer,,
3789,417596,256720,multiple-choice,single,obsidian-quiz-blocks,radio,,DSM,needs-answer,,
3789,417599,256702,multiple-choice,single,obsidian-quiz-blocks,radio,a,DSM,converted-and-verified,image-id,answer-image-id-1
3789,417599,256686,multiple-choice,single,obsidian-quiz-blocks,radio,a,DSM,converted-and-verified,image-id,answer-image-id-1
3789,417602,256759,multiple-choice,single,obsidian-quiz-blocks,radio,,DSM,needs-answer,,
3789,417602,226139,multiple-choice,single,obsidian-quiz-blocks,radio,,DSM,needs-answer,,
3790,414727,226999,multiple-choice,single,obsidian-quiz-blocks,radio,d,DSM,converted-and-verified,image-id,answer-image-id-1
3790,414727,256746,multiple-choice,single,obsidian-quiz-blocks,radio,b,DSM,converted-and-verified,image-id,answer-image-id-1
3790,414730,256748,multiple-choice,single,obsidian-quiz-blocks,radio,e,DSM,converted-and-verified,image-id,answer-image-id-1
3790,414730,227305,multiple-choice,single,obsidian-quiz-blocks,radio,b,DSM,converted-and-verified,image-id,answer-image-id-1
3791,414744,226161,multiple-choice,single,obsidian-quiz-blocks,radio,,DSM,needs-answer,,
3791,414744,226166,multiple-choice,single,obsidian-quiz-blocks,radio,,DSM,needs-answer,,
3791,414747,257710,multiple-choice,single,obsidian-quiz-blocks,radio,e,DSM,converted-and-verified,image-id,answer-image-id-1
3791,414747,226170,multiple-choice,single,obsidian-quiz-blocks,radio,a,DSM,converted-and-verified,image-id,answer-image-id-1
3791,414751,257758,multiple-choice,single,obsidian-quiz-blocks,radio,,DSM,needs-answer,,
3791,414751,226184,multiple-choice,single,obsidian-quiz-blocks,radio,,DSM,needs-answer,,
3793,414710,257243,free-response,multi,,,,,,,
3793,414710,227400,free-response,multi,,,,,,,
3793,414714,227402,select-list,multi,,,,,,,
3793,414714,257307,select-list,multi,,,,,,,
3793,414717,228879,select-list,multi,,,,,,,
3793,414717,258247,select-list,multi,,,,,,,
3795,418784,238343,select-list,multi,,,,,,,
3795,418784,258803,select-list,multi,,,,,,,
3795,418787,238346,multiple-choice,single,obsidian-quiz-blocks,radio,a,DSM,converted-and-verified,image-id,answer-image-id-1
3795,418787,258902,multiple-choice,single,obsidian-quiz-blocks,radio,e,DSM,converted-and-verified,image-id,answer-image-id-1
3795,418791,238352,multiple-choice,single,obsidian-quiz-blocks,radio,,DSM,needs-answer,,
3795,418791,258968,multiple-choice,single,obsidian-quiz-blocks,radio,,DSM,needs-answer,,
3796,418662,238697,select-list,multi,,,,,,,
3796,418662,238495,select-list,multi,,,,,,,
3796,418665,258891,multiple-choice,single,obsidian-quiz-blocks,radio,e,DSM,converted-and-verified,image-id,answer-image-id-1
3796,418665,238745,multiple-choice,single,obsidian-quiz-blocks,radio,b,DSM,converted-and-verified,image-id,answer-image-id-1
3796,418669,258845,multiple-choice,single,obsidian-quiz-blocks,radio,,DSM,needs-answer,,
3796,418669,259044,multiple-choice,single,obsidian-quiz-blocks,radio,,DSM,needs-answer,,
3797,414819,257520,select-list,multi,,,,,,,
3797,414819,235810,select-list,multi,,,,,,,
3797,414823,235792,select-list,multi,,,,,,,
3797,414823,257690,select-list,multi,,,,,,,
3797,414826,257761,multiple-choice,single,obsidian-quiz-blocks,radio,c,DSM,converted-and-verified,image-id,answer-image-id-1
3797,414826,235815,multiple-choice,single,obsidian-quiz-blocks,radio,d,DSM,converted-and-verified,image-id,answer-image-id-1
3798,415553,236003,select-list,multi,,,,,,,
3798,415553,257902,select-list,multi,,,,,,,
3798,415556,258044,multiple-choice,single,obsidian-quiz-blocks,radio,b,DSM,converted-and-verified,image-id,answer-image-id-1
3798,415556,236065,multiple-choice,single,obsidian-quiz-blocks,radio,b,DSM,converted-and-verified,image-id,answer-image-id-1
3798,415560,236067,multiple-choice,single,obsidian-quiz-blocks,radio,,DSM,needs-answer,,
3798,415560,257276,multiple-choice,single,obsidian-quiz-blocks,radio,,DSM,needs-answer,,
3798,415564,258667,select-list,multi,,,,,,,
3798,415564,236129,select-list,multi,,,,,,,
3799,415614,237414,select-list,multi,,,,,,,
3799,415614,237468,select-list,multi,,,,,,,
3799,415617,257774,multiple-choice,single,obsidian-quiz-blocks,radio,e,DSM,converted-and-verified,image-id,answer-image-id-1
3799,415617,237409,multiple-choice,single,obsidian-quiz-blocks,radio,b,DSM,converted-and-verified,image-id,answer-image-id-1
3799,415620,257337,select-list,multi,,,,,,,
3799,415620,257824,select-list,multi,,,,,,,
3800,418453,258112,select-list,multi,,,,,,,
3800,418453,237685,select-list,multi,,,,,,,
3800,418458,258643,multiple-choice,single,obsidian-quiz-blocks,radio,,DSM,needs-answer,,
3800,418458,258278,multiple-choice,single,obsidian-quiz-blocks,radio,,DSM,needs-answer,,
3800,418463,258878,multiple-choice,single,obsidian-quiz-blocks,radio,,DSM,needs-answer,,
3800,418463,237756,multiple-choice,single,obsidian-quiz-blocks,radio,,DSM,needs-answer,,
3802,417618,259053,select-list,multi,,,,,,,
3802,417618,238153,select-list,multi,,,,,,,
3802,417621,238157,multiple-choice,single,obsidian-quiz-blocks,radio,b,DSM,converted-and-verified,image-id,answer-image-id-1
3802,417621,262565,multiple-choice,single,obsidian-quiz-blocks,radio,e,DSM,converted-and-verified,image-id,answer-image-id-1
3802,417625,238164,multiple-choice,single,obsidian-quiz-blocks,radio,b,DSM,converted-and-verified,image-id,answer-image-id-1
3802,417625,257533,multiple-choice,single,obsidian-quiz-blocks,radio,d,DSM,converted-and-verified,image-id,answer-image-id-1
3803,419878,239247,select-list,multi,,,,,,,
3803,419878,239245,select-list,multi,,,,,,,
3803,419881,258871,select-list,multi,,,,,,,
3803,419881,239294,select-list,multi,,,,,,,
3803,419886,258942,select-list,multi,,,,,,,
3803,419886,240402,select-list,multi,,,,,,,
3805,419910,258356,select-list,multi,,,,,,,
3805,419910,258354,select-list,multi,,,,,,,
3805,419913,259020,select-list,multi,,,,,,,
3805,419913,259033,select-list,multi,,,,,,,
3805,419918,259546,select-list,multi,,,,,,,
3805,419918,258364,select-list,multi,,,,,,,
3807,417006,258660,select-list,multi,,,,,,,
3807,417006,258655,select-list,multi,,,,,,,
3807,417009,259147,select-list,multi,,,,,,,
3807,417009,258663,select-list,multi,,,,,,,
3807,417013,259203,select-list,multi,,,,,,,
3807,417013,258668,select-list,multi,,,,,,,
3814,421718,259030,multiple-choice,single,obsidian-quiz-blocks,radio,,DSM,needs-answer,,
3814,421718,238187,multiple-choice,single,obsidian-quiz-blocks,radio,,DSM,needs-answer,,
3814,421721,257708,multiple-choice,single,obsidian-quiz-blocks,radio,,DSM,needs-answer,,
3814,421721,259247,multiple-choice,single,obsidian-quiz-blocks,radio,,DSM,needs-answer,,
4252,119965,182366,select-list,multi,,,,,,,
4252,119965,182279,select-list,multi,,,,,,,
4252,119969,182284,select-list,multi,,,,,,,
4252,119969,182402,select-list,multi,,,,,,,
4252,119973,170775,multiple-choice,single,obsidian-quiz-blocks,radio,,MML;MOP,needs-answer,,
4252,119973,170777,multiple-choice,single,obsidian-quiz-blocks,radio,,MML;MOP,needs-answer,,
4254,153522,171531,multiple-choice,single,obsidian-quiz-blocks,radio,,MML;MOP,needs-answer,,
4254,153522,174395,multiple-choice,single,obsidian-quiz-blocks,radio,,MML;MOP,needs-answer,,
4254,153526,174456,multiple-choice,single,obsidian-quiz-blocks,radio,,MML;MOP,needs-answer,,
4254,153526,171535,multiple-choice,single,obsidian-quiz-blocks,radio,,MML;MOP,needs-answer,,
4254,153529,171545,multiple-choice,single,obsidian-quiz-blocks,radio,,MML;MOP,needs-answer,,
4254,153529,171536,multiple-choice,single,obsidian-quiz-blocks,radio,c,MML;MOP,converted-and-verified,image-id,answer-image-id-1
4255,120116,170727,multiple-choice,single,obsidian-quiz-blocks,radio,,MML;MOP,needs-answer,,
4255,120116,170725,multiple-choice,single,obsidian-quiz-blocks,radio,,MML;MOP,needs-answer,,
4255,120119,170741,multiple-choice,single,obsidian-quiz-blocks,radio,,MML;MOP,needs-answer,,
4255,120119,170743,multiple-choice,single,obsidian-quiz-blocks,radio,,MML;MOP,needs-answer,,
4255,120124,171558,multiple-choice,single,obsidian-quiz-blocks,radio,,MML;MOP,needs-answer,,
4255,120124,171560,multiple-choice,single,obsidian-quiz-blocks,radio,,MML;MOP,needs-answer,,
4255,120129,171072,multiple-choice,single,obsidian-quiz-blocks,radio,,MML;MOP,needs-answer,,
4255,120129,171037,multiple-choice,single,obsidian-quiz-blocks,radio,,MML;MOP,needs-answer,,
4256,62557,171684,multiple-choice,single,obsidian-quiz-blocks,radio,,MML;MOP,needs-answer,,
4256,62557,171683,multiple-choice,single,obsidian-quiz-blocks,radio,,MML;MOP,needs-answer,,
4256,62560,176045,multiple-choice,single,obsidian-quiz-blocks,radio,,MML;MOP,needs-answer,,
4256,62560,175315,multiple-choice,single,obsidian-quiz-blocks,radio,,MML;MOP,needs-answer,,
4256,62564,171685,multiple-choice,single,obsidian-quiz-blocks,radio,,MML;MOP,needs-answer,,
4256,62564,171686,multiple-choice,single,obsidian-quiz-blocks,radio,,MML;MOP,needs-answer,,
4257,144907,171783,multiple-choice,single,obsidian-quiz-blocks,radio,,MML;MOP,needs-answer,,
4257,144907,171785,multiple-choice,single,obsidian-quiz-blocks,radio,,MML;MOP,needs-answer,,
4257,144912,171839,multiple-choice,single,obsidian-quiz-blocks,radio,,MML;MOP,needs-answer,,
4257,144912,171840,multiple-choice,single,obsidian-quiz-blocks,radio,e,MML;MOP,converted-and-verified,image-id,answer-image-id-1
4257,144916,171780,multiple-choice,single,obsidian-quiz-blocks,radio,,MML;MOP,needs-answer,,
4257,144916,171781,multiple-choice,single,obsidian-quiz-blocks,radio,,MML;MOP,needs-answer,,
4258,67806,183403,select-list,multi,,,,,,,
4258,67806,183405,select-list,multi,,,,,,,
4258,67809,177768,select-list,multi,,,,,,,
4258,67809,183636,select-list,multi,,,,,,,
4258,67812,183703,multiple-choice,single,obsidian-quiz-blocks,radio,,MOP,needs-answer,,
4258,67812,183708,multiple-choice,single,obsidian-quiz-blocks,radio,,MOP,needs-answer,,
4302,143821,170806,multiple-choice,single,obsidian-quiz-blocks,radio,,MML;MOP,needs-answer,,
4302,143821,170804,multiple-choice,single,obsidian-quiz-blocks,radio,,MML;MOP,needs-answer,,
4302,143824,175325,select-list,multi,,,,,,,
4302,143824,175328,select-list,multi,,,,,,,
4302,143827,175329,select-list,multi,,,,,,,
4302,143827,175331,select-list,multi,,,,,,,
4303,155644,175319,multiple-choice,single,obsidian-quiz-blocks,radio,,MOP,needs-answer,,
4303,155644,176277,multiple-choice,single,obsidian-quiz-blocks,radio,,MOP,needs-answer,,
4303,155647,175416,select-list,single,,,,,,,
4303,155647,182260,select-list,single,,,,,,,
4303,155652,175337,multiple-choice,single,obsidian-quiz-blocks,radio,,MOP,needs-answer,,
4303,155652,176303,multiple-choice,single,obsidian-quiz-blocks,radio,,MOP,needs-answer,,
4303,155655,175417,select-list,single,,,,,,,
4303,155655,182431,select-list,single,,,,,,,
4305,155962,175322,multiple-choice,single,obsidian-quiz-blocks,radio,,MOP,needs-answer,,
4305,155962,182154,multiple-choice,single,obsidian-quiz-blocks,radio,,MOP,needs-answer,,
4305,155965,175874,select-list,single,,,,,,,
4305,155965,175418,select-list,single,,,,,,,
4305,155970,175482,multiple-choice,single,obsidian-quiz-blocks,radio,,MOP,needs-answer,,
4305,155970,175876,multiple-choice,single,obsidian-quiz-blocks,radio,,MOP,needs-answer,,
4305,155973,175486,select-list,single,,,,,,,
4305,155973,175884,select-list,single,,,,,,,
4306,156144,175479,multiple-choice,single,obsidian-quiz-blocks,radio,,MOP,needs-answer,,
4306,156144,175478,multiple-choice,single,obsidian-quiz-blocks,radio,,MOP,needs-answer,,
4306,156147,175510,select-list,single,,,,,,,
4306,156147,175514,select-list,single,,,,,,,
4306,156151,176040,select-list,multi,,,,,,,
4306,156151,176043,select-list,multi,,,,,,,
4306,156154,175898,select-list,multi,,,,,,,
4306,156154,176044,select-list,multi,,,,,,,
4327,153467,177365,select-list,single,,,,,,,
4327,153467,184095,select-list,single,,,,,,,
4327,153472,177342,multiple-choice,single,obsidian-quiz-blocks,radio,,MOP,needs-answer,,
4327,153472,184096,select-list,single,,,,,,,
4327,153477,177348,multiple-choice,single,obsidian-quiz-blocks,radio,,MOP,needs-answer,,
4327,153477,177350,multiple-choice,single,obsidian-quiz-blocks,radio,,MOP,needs-answer,,
4342,154339,181433,multiple-choice,single,obsidian-quiz-blocks,radio,,MOP,needs-answer,,
4342,154339,179369,multiple-choice,single,obsidian-quiz-blocks,radio,,MOP,needs-answer,,
4342,154343,179527,free-response,single,,,,,,,
4342,154343,179555,free-response,single,,,,,,,
4342,154349,178358,select-list,multi,,,,,,,
4342,154349,180100,select-list,multi,,,,,,,
4343,185842,183344,select-list,multi,,,,,,,
4343,185842,183389,select-list,multi,,,,,,,
4343,185845,183479,free-response,single,,,,,,,
4343,185845,183544,free-response,single,,,,,,,
4343,185848,183546,select-list,multi,,,,,,,
4343,185848,183541,select-list,multi,,,,,,,
4343,185851,183400,select-list,multi,,,,,,,
4343,185851,183478,select-list,multi,,,,,,,
4344,156334,182084,free-response,single,,,,,,,
4344,156334,182083,free-response,single,,,,,,,
4344,156337,182082,free-response,single,,,,,,,
4344,156337,182092,free-response,single,,,,,,,
4344,156343,182094,select-list,multi,,,,,,,
4344,156343,182098,select-list,multi,,,,,,,
4376,179551,178527,select-list,multi,,,,,,,
4376,179551,182067,select-list,multi,,,,,,,
4376,179554,181952,select-list,multi,,,,,,,
4376,179554,182343,select-list,multi,,,,,,,
4376,179559,181964,select-list,multi,,,,,,,
4376,179559,182157,select-list,multi,,,,,,,
4386,152953,181722,multiple-choice,single,obsidian-quiz-blocks,radio,,LAL;MML;MOP;PS1,needs-answer,,
4386,152953,181536,multiple-choice,single,obsidian-quiz-blocks,radio,,LAL;MML;MOP;PS1,needs-answer,,
4386,152956,181597,multiple-choice,single,obsidian-quiz-blocks,radio,,LAL;MML;MOP;PS1,needs-answer,,
4386,152956,181668,multiple-choice,single,obsidian-quiz-blocks,radio,,LAL;MML;MOP;PS1,needs-answer,,
4386,152959,181646,multiple-choice,single,obsidian-quiz-blocks,radio,,LAL;MML;MOP;PS1,needs-answer,,
4386,152959,181599,multiple-choice,single,obsidian-quiz-blocks,radio,,LAL;MML;MOP;PS1,needs-answer,,
4387,153384,181949,multiple-choice,single,obsidian-quiz-blocks,radio,d,LAL;MOP;MML;PS1,converted-and-verified,image-id,answer-image-id-1
4387,153384,181987,multiple-choice,single,obsidian-quiz-blocks,radio,e,LAL;MOP;MML;PS1,converted-and-verified,image-id,answer-image-id-1
4387,153388,181304,multiple-choice,single,obsidian-quiz-blocks,radio,b,LAL;MOP;MML;PS1,converted-and-verified,image-id,answer-image-id-1
4387,153388,181303,multiple-choice,single,obsidian-quiz-blocks,radio,a,LAL;MOP;MML;PS1,converted-and-verified,image-id,answer-image-id-1
4387,153393,181984,multiple-choice,single,obsidian-quiz-blocks,radio,d,LAL;MOP;MML;PS1,converted-and-verified,image-id,answer-image-id-1
4387,153393,172685,multiple-choice,single,obsidian-quiz-blocks,radio,c,LAL;MOP;MML;PS1,converted-and-verified,image-id,answer-image-id-1
4387,153396,172690,multiple-choice,single,obsidian-quiz-blocks,radio,b,LAL;MOP;MML;PS1,converted-and-verified,manual,label
4387,153396,174338,multiple-choice,single,obsidian-quiz-blocks,radio,d,LAL;MOP;MML;PS1,converted-and-verified,manual,label
4392,87318,181442,select-list,multi,,,,,,,
4392,87318,181129,select-list,multi,,,,,,,
4392,87321,181269,select-list,multi,,,,,,,
4392,87321,181983,select-list,multi,,,,,,,
4392,87324,181678,select-list,multi,,,,,,,
4392,87324,181600,select-list,multi,,,,,,,
4392,87327,181172,select-list,multi,,,,,,,
4392,87327,181610,free-response,multi,,,,,,,
4393,67910,183327,select-list,multi,,,,,,,
4393,67910,183764,select-list,multi,,,,,,,
4393,67913,183783,select-list,multi,,,,,,,
4393,67913,183328,select-list,multi,,,,,,,
4393,67917,183325,select-list,multi,,,,,,,
4393,67917,183695,select-list,multi,,,,,,,
4393,67920,181608,free-response,multi,,,,,,,
4393,67920,181695,free-response,multi,,,,,,,
4394,146284,182064,multiple-choice,single,obsidian-quiz-blocks,radio,,MOP,needs-answer,,
4394,146284,182065,multiple-choice,single,obsidian-quiz-blocks,radio,,MOP,needs-answer,,
4394,146289,182057,select-list,multi,,,,,,,
4394,146289,182058,select-list,multi,,,,,,,
4394,146295,182087,select-list,multi,,,,,,,
4394,146295,182089,select-list,multi,,,,,,,
4396,157010,181716,free-response,multi,,,,,,,
4396,157010,181717,free-response,multi,,,,,,,
4396,157013,181732,select-list,multi,,,,,,,
4396,157013,181731,select-list,multi,,,,,,,
4396,157016,181726,select-list,multi,,,,,,,
4396,157016,181727,select-list,multi,,,,,,,
4399,180328,182161,select-list,multi,,,,,,,
4399,180328,182163,select-list,multi,,,,,,,
4399,180332,182166,select-list,multi,,,,,,,
4399,180332,182587,select-list,multi,,,,,,,
4399,180337,182171,select-list,multi,,,,,,,
4399,180337,182173,select-list,multi,,,,,,,
4422,154106,183270,select-list,multi,,,,,,,
4422,154106,183343,select-list,multi,,,,,,,
4422,154110,183491,select-list,multi,,,,,,,
4422,154110,183495,multiple-choice,single,obsidian-quiz-blocks,radio,,MOP,needs-answer,,
4422,154114,183350,select-list,multi,,,,,,,
4422,154114,183528,select-list,multi,,,,,,,
4422,154118,183353,multiple-choice,single,obsidian-quiz-blocks,radio,,MOP,needs-answer,,
4422,154118,171412,multiple-choice,single,obsidian-quiz-blocks,radio,,MOP,needs-answer,,
4423,69343,183797,select-list,multi,,,,,,,
4423,69343,183474,select-list,multi,,,,,,,
4423,69346,183475,select-list,multi,,,,,,,
4423,69346,172805,multiple-choice,single,obsidian-quiz-blocks,radio,,MOP,needs-answer,,
4423,69350,183476,select-list,multi,,,,,,,
4423,69350,183725,multiple-choice,single,obsidian-quiz-blocks,radio,,MOP,needs-answer,,
4424,155247,182556,select-list,multi,,,,,,,
4424,155247,182760,select-list,multi,,,,,,,
4424,155253,182467,select-list,multi,,,,,,,
4424,155253,182460,select-list,multi,,,,,,,
4425,152794,181568,multiple-choice,single,obsidian-quiz-blocks,radio,b,LAL;MML;MOP;PS1,converted-and-verified,manual,label
4425,152794,180758,multiple-choice,single,obsidian-quiz-blocks,radio,c,LAL;MML;MOP;PS1,converted-and-verified,manual,label
4425,152798,181184,multiple-choice,single,obsidian-quiz-blocks,radio,e,LAL;MML;MOP;PS1,converted-and-verified,manual,label
4425,152798,180761,multiple-choice,single,obsidian-quiz-blocks,radio,d,LAL;MML;MOP;PS1,converted-and-verified,manual,label
4425,152802,181117,multiple-choice,single,obsidian-quiz-blocks,radio,e,LAL;MML;MOP;PS1,converted-and-verified,manual,label
4425,152802,181118,multiple-choice,single,obsidian-quiz-blocks,radio,e,LAL;MML;MOP;PS1,converted-and-verified,manual,label
4425,152805,181143,multiple-choice,single,obsidian-quiz-blocks,radio,d,LAL;MML;MOP;PS1,converted-and-verified,manual,label
4425,152805,181185,multiple-choice,single,obsidian-quiz-blocks,radio,,LAL;MML;MOP;PS1,needs-answer,,
4426,182638,222182,select-list,multi,,,,,,,
4426,182638,222135,select-list,single,,,,,,,
4426,182643,222194,select-list,multi,,,,,,,
4426,182643,222168,select-list,single,,,,,,,
4426,182647,223304,select-list,multi,,,,,,,
4426,182647,222123,select-list,single,,,,,,,
4427,181112,222212,select-list,multi,,,,,,,
4427,181112,222167,select-list,multi,,,,,,,
4427,181116,222480,select-list,multi,,,,,,,
4427,181116,222179,select-list,single,,,,,,,
4427,181120,213015,select-list,single,,,,,,,
4427,181120,222193,select-list,multi,,,,,,,
4429,180609,184025,select-list,multi,,,,,,,
4429,180609,184015,select-list,multi,,,,,,,
4429,180615,184429,select-list,multi,,,,,,,
4429,180615,225563,select-list,multi,,,,,,,
4429,180618,225566,select-list,multi,,,,,,,
4429,180618,225575,select-list,multi,,,,,,,
4430,172499,184098,multiple-choice,single,obsidian-quiz-blocks,radio,,MOP,needs-answer,,
4430,172499,177368,multiple-choice,single,obsidian-quiz-blocks,radio,,MOP,needs-answer,,
4430,172503,177371,multiple-choice,single,obsidian-quiz-blocks,radio,,MOP,needs-answer,,
4430,172503,223755,multiple-choice,single,obsidian-quiz-blocks,radio,,MOP,needs-answer,,
4430,172507,177373,multiple-choice,single,obsidian-quiz-blocks,radio,,MOP,needs-answer,,
4430,172507,223705,select-list,multi,,,,,,,
4432,180691,184089,select-list,multi,,,,,,,
4432,180691,193912,select-list,multi,,,,,,,
4432,180694,170331,select-list,single,,,,,,,
4432,180694,184641,select-list,single,,,,,,,
4432,180697,170483,select-list,single,,,,,,,
4432,180697,184608,select-list,single,,,,,,,
4433,160286,184521,select-list,single,,,,,,,
4433,160286,184520,multiple-choice,single,obsidian-quiz-blocks,radio,,MOP,needs-answer,,
4433,160290,184522,select-list,single,,,,,,,
4433,160290,92248,multiple-choice,single,obsidian-quiz-blocks,radio,,MOP,needs-answer,,
4433,160294,184523,select-list,single,,,,,,,
4433,160294,93654,multiple-choice,single,obsidian-quiz-blocks,radio,,MOP,needs-answer,,
4435,162392,184532,select-list,single,,,,,,,
4435,162392,184754,select-list,multi,,,,,,,
4435,162395,184540,select-list,multi,,,,,,,
4435,162395,184537,select-list,multi,,,,,,,
4435,162399,221761,select-list,multi,,,,,,,
4435,162399,221753,select-list,multi,,,,,,,
4437,180838,184246,select-list,multi,,,,,,,
4437,180838,184795,select-list,multi,,,,,,,
4437,180841,184806,select-list,multi,,,,,,,
4437,180841,184237,select-list,multi,,,,,,,
4437,180844,184528,select-list,multi,,,,,,,
4437,180844,184531,select-list,multi,,,,,,,
4437,180847,184457,select-list,multi,,,,,,,
4437,180847,184458,select-list,multi,,,,,,,
4818,154719,213215,select-list,multi,,,,,,,
4818,154719,213214,multiple-choice,single,obsidian-quiz-blocks,radio,d,MOP,converted-and-verified,manual,label
4818,154723,213408,free-response,single,,,,,,,
4818,154723,213216,free-response,single,,,,,,,
4818,154727,213219,free-response,multi,,,,,,,
4818,154727,213511,free-response,multi,,,,,,,
4819,152712,213421,select-list,multi,,,,,,,
4819,152712,213423,select-list,multi,,,,,,,
4819,152716,212081,multiple-choice,single,obsidian-quiz-blocks,radio,,MOP,needs-answer,,
4819,152716,213001,multiple-choice,single,obsidian-quiz-blocks,radio,,MOP,needs-answer,,
4819,152719,212079,free-response,multi,,,,,,,
4819,152719,213117,free-response,multi,,,,,,,
4820,156628,212153,free-response,multi,,,,,,,
4820,156628,212135,select-list,multi,,,,,,,
4820,156633,212205,multiple-choice,single,obsidian-quiz-blocks,radio,,MOP,needs-answer,,
4820,156633,212207,multiple-choice,single,obsidian-quiz-blocks,radio,a,MOP,converted-and-verified,image-id,answer-image-id-1
4820,156636,212208,select-list,multi,,,,,,,
4820,156636,212209,multiple-choice,single,obsidian-quiz-blocks,radio,,MOP,needs-answer,,
4821,156738,213433,select-list,multi,,,,,,,
4821,156738,213298,select-list,multi,,,,,,,
4821,156744,213372,select-list,multi,,,,,,,
4821,156744,213371,select-list,multi,,,,,,,
4821,156749,213311,multiple-choice,single,obsidian-quiz-blocks,radio,,MOP,needs-answer,,
4821,156749,213491,multiple-choice,single,obsidian-quiz-blocks,radio,,MOP,needs-answer,,
4821,156753,213321,select-list,multi,,,,,,,
4821,156753,213341,multiple-choice,single,obsidian-quiz-blocks,radio,,MOP,needs-answer,,
4822,136769,213431,select-list,multi,,,,,,,
4822,136769,213430,select-list,multi,,,,,,,
4822,136773,214436,multiple-choice,single,obsidian-quiz-blocks,radio,,MOP,needs-answer,,
4822,136773,214318,multiple-choice,single,obsidian-quiz-blocks,radio,,MOP,needs-answer,,
4822,136777,213448,select-list,multi,,,,,,,
4822,136777,213440,multiple-choice,single,obsidian-quiz-blocks,radio,,MOP,needs-answer,,
4822,136780,213455,select-list,multi,,,,,,,
4822,136780,213457,multiple-choice,single,obsidian-quiz-blocks,radio,,MOP,needs-answer,,
4823,136821,214135,free-response,multi,,,,,,,
4823,136821,214141,free-response,multi,,,,,,,
4823,136824,214379,free-response,multi,,,,,,,
4823,136824,214137,free-response,multi,,,,,,,
4823,136827,214206,free-response,multi,,,,,,,
4823,136827,214205,free-response,multi,,,,,,,
4823,136830,214143,free-response,single,,,,,,,
4823,136830,214370,free-response,single,,,,,,,
4824,162464,221419,multiple-choice,single,obsidian-quiz-blocks,radio,,MOP,needs-answer,,
4824,162464,221424,multiple-choice,single,obsidian-quiz-blocks,radio,,MOP,needs-answer,,
4824,162468,214128,multiple-choice,single,obsidian-quiz-blocks,radio,,MOP,needs-answer,,
4824,162468,214129,multiple-choice,single,obsidian-quiz-blocks,radio,,MOP,needs-answer,,
4825,153315,213916,select-list,multi,,,,,,,
4825,153315,216751,select-list,multi,,,,,,,
4825,153319,213987,select-list,multi,,,,,,,
4825,153319,214030,select-list,multi,,,,,,,
4825,153322,214031,multiple-choice,single,obsidian-quiz-blocks,radio,,MOP,needs-answer,,
4825,153322,214032,multiple-choice,single,obsidian-quiz-blocks,radio,,MOP,needs-answer,,
4826,152221,80414,multiple-choice,single,obsidian-quiz-blocks,radio,,MOP,needs-answer,,
4826,152221,212640,multiple-choice,single,obsidian-quiz-blocks,radio,,MOP,needs-answer,,
4826,152224,212958,multiple-choice,single,obsidian-quiz-blocks,radio,,MOP,needs-answer,,
4826,152224,80860,multiple-choice,single,obsidian-quiz-blocks,radio,,MOP,needs-answer,,
4826,152227,212303,select-list,multi,,,,,,,
4826,152227,212308,select-list,multi,,,,,,,
4832,156158,212612,free-response,multi,,,,,,,
4832,156158,212616,select-list,multi,,,,,,,
4832,156161,212689,multiple-choice,single,obsidian-quiz-blocks,radio,,MOP,needs-answer,,
4832,156161,212690,select-list,multi,,,,,,,
4832,156164,216504,multiple-choice,single,obsidian-quiz-blocks,radio,,MOP,needs-answer,,
4832,156164,212891,free-response,multi,,,,,,,
4837,156614,213010,free-response,multi,,,,,,,
4837,156614,213011,multiple-choice,single,obsidian-quiz-blocks,radio,b,MOP,converted-and-verified,image-id,answer-image-id-1
4837,156618,212112,multiple-choice,single,obsidian-quiz-blocks,radio,e,MOP,converted-and-verified,manual,label
4837,156618,212115,multiple-choice,single,obsidian-quiz-blocks,radio,b,MOP,converted-and-verified,image-id,answer-image-id-1
4837,156623,212120,multiple-choice,single,obsidian-quiz-blocks,radio,b,MOP,converted-and-verified,manual,label
4837,156623,212122,multiple-choice,single,obsidian-quiz-blocks,radio,a,MOP,converted-and-verified,image-id,answer-image-id-1
4839,138851,78146,multiple-choice,single,obsidian-quiz-blocks,radio,,MOP,needs-answer,,
4839,138851,213460,free-response,single,,,,,,,
4839,138857,213469,free-response,multi,,,,,,,
4839,138857,78169,multiple-choice,single,obsidian-quiz-blocks,radio,,MOP,needs-answer,,
4839,138861,213415,multiple-choice,single,obsidian-quiz-blocks,radio,,MOP,needs-answer,,
4839,138861,213606,free-response,single,,,,,,,
4839,138865,212061,free-response,multi,,,,,,,
4839,138865,78184,multiple-choice,single,obsidian-quiz-blocks,radio,,MOP,needs-answer,,
4860,153277,181596,select-list,multi,,,,,,,
4860,153277,182273,select-list,multi,,,,,,,
4860,153281,181647,select-list,multi,,,,,,,
4860,153281,181595,select-list,multi,,,,,,,
4860,153284,181621,select-list,multi,,,,,,,
4860,153284,181655,select-list,multi,,,,,,,
4860,153288,181539,select-list,multi,,,,,,,
4860,153288,181622,select-list,multi,,,,,,,
4922,181149,221778,select-list,single,,,,,,,
4922,181149,221782,select-list,single,,,,,,,
4922,181152,185005,select-list,multi,,,,,,,
4922,181152,221583,select-list,multi,,,,,,,
4922,181155,221472,select-list,multi,,,,,,,
4922,181155,221637,select-list,multi,,,,,,,
4923,162832,221575,select-list,single,,,,,,,
4923,162832,221607,select-list,single,,,,,,,
4923,162835,221486,select-list,multi,,,,,,,
4923,162835,221567,select-list,multi,,,,,,,
4923,162838,221968,select-list,multi,,,,,,,
4923,162838,185063,select-list,multi,,,,,,,
4924,181081,221633,select-list,multi,,,,,,,
4924,181081,221680,select-list,multi,,,,,,,
4924,181084,221683,select-list,multi,,,,,,,
4924,181084,222037,select-list,multi,,,,,,,
4924,181088,221635,select-list,single,,,,,,,
4924,181088,221695,select-list,single,,,,,,,
4924,181092,221936,select-list,multi,,,,,,,
4924,181092,221951,select-list,multi,,,,,,,
4925,177416,225414,select-list,multi,,,,,,,
4925,177416,225428,select-list,multi,,,,,,,
4925,177419,184682,select-list,multi,,,,,,,
4925,177419,184685,select-list,multi,,,,,,,
4925,177422,221757,select-list,multi,,,,,,,
4925,177422,221678,select-list,multi,,,,,,,
4927,162533,221732,select-list,multi,,,,,,,
4927,162533,185003,select-list,multi,,,,,,,
4927,162536,184821,select-list,multi,,,,,,,
4927,162536,185010,select-list,multi,,,,,,,
4927,162539,184797,select-list,multi,,,,,,,
4927,162539,185014,select-list,multi,,,,,,,
4928,160299,184723,select-list,single,,,,,,,
4928,160299,184725,select-list,single,,,,,,,
4928,160303,184722,select-list,multi,,,,,,,
4928,160303,92246,multiple-choice,single,obsidian-quiz-blocks,radio,e,MOP,converted-and-verified,manual,label
4928,160306,184726,select-list,single,,,,,,,
4928,160306,184727,select-list,single,,,,,,,
4941,184110,223638,select-list,multi,,,,,,,
4941,184110,223637,select-list,multi,,,,,,,
4941,184114,225200,select-list,multi,,,,,,,
4941,184114,223636,select-list,multi,,,,,,,
4941,184118,224686,select-list,multi,,,,,,,
4941,184118,223731,select-list,multi,,,,,,,
4941,184121,224893,select-list,multi,,,,,,,
4941,184121,224434,select-list,multi,,,,,,,
4942,184152,224345,select-list,multi,,,,,,,
4942,184152,224516,select-list,multi,,,,,,,
4942,184155,224258,select-list,single,,,,,,,
4942,184155,224570,select-list,single,,,,,,,
5374,414386,253414,multiple-choice,single,obsidian-quiz-blocks,radio,,DSM,needs-answer,,
5374,414386,253413,free-response,multi,,,,,,,
5374,414389,253411,multiple-choice,single,obsidian-quiz-blocks,radio,,DSM,needs-answer,,
5374,414389,253412,free-response,multi,,,,,,,
5374,414392,253410,free-response,single,,,,,,,
5374,414392,253409,multiple-choice,single,obsidian-quiz-blocks,radio,,DSM,needs-answer,,
5374,414395,253901,free-response,single,,,,,,,
5374,414395,253147,multiple-choice,single,obsidian-quiz-blocks,radio,,DSM,needs-answer,,
5375,224200,253598,multiple-choice,single,obsidian-quiz-blocks,radio,,DSM,needs-answer,,
5375,224200,253581,free-response,multi,,,,,,,
5375,224204,253602,multiple-choice,single,obsidian-quiz-blocks,radio,,DSM,needs-answer,,
5375,224204,253601,free-response,multi,,,,,,,
5375,224207,253657,free-response,single,,,,,,,
5375,224207,253653,free-response,single,,,,,,,
5396,414019,255861,multiple-choice,single,obsidian-quiz-blocks,radio,,DSM,needs-answer,,
5396,414019,225231,multiple-choice,single,obsidian-quiz-blocks,radio,,DSM,needs-answer,,
5396,414023,255960,select-list,multi,,,,,,,
5396,414023,225233,select-list,multi,,,,,,,
5396,414026,256230,select-list,multi,,,,,,,
5396,414026,225234,select-list,multi,,,,,,,
5396,414030,225237,select-list,multi,,,,,,,
5396,414030,225235,select-list,multi,,,,,,,
5397,414248,256800,multiple-choice,single,obsidian-quiz-blocks,radio,,DSM,needs-answer,,
5397,414248,255744,multiple-choice,single,obsidian-quiz-blocks,radio,,DSM,needs-answer,,
5397,414252,256578,select-list,multi,,,,,,,
5397,414252,255745,select-list,multi,,,,,,,
5397,414255,256643,select-list,multi,,,,,,,
5397,414255,255746,select-list,multi,,,,,,,
5397,414259,255748,select-list,multi,,,,,,,
5397,414259,255749,select-list,multi,,,,,,,
5398,414622,256492,multiple-choice,single,obsidian-quiz-blocks,radio,,DSM,needs-answer,,
5398,414622,225949,multiple-choice,single,obsidian-quiz-blocks,radio,,DSM,needs-answer,,
5398,414625,256042,select-list,multi,,,,,,,
5398,414625,225948,select-list,multi,,,,,,,
5398,414628,225954,select-list,multi,,,,,,,
5398,414628,225956,select-list,multi,,,,,,,
5412,415208,256368,free-response,multi,,,,,,,
5412,415208,256375,free-response,multi,,,,,,,
5412,415212,256734,free-response,multi,,,,,,,
5412,415212,256819,free-response,multi,,,,,,,
5414,419489,235950,multiple-choice,single,obsidian-quiz-blocks,radio,,DSM,needs-answer,,
5414,419489,257745,multiple-choice,single,obsidian-quiz-blocks,radio,,DSM,needs-answer,,
5414,419492,235998,multiple-choice,single,obsidian-quiz-blocks,radio,,DSM,needs-answer,,
5414,419492,257786,multiple-choice,single,obsidian-quiz-blocks,radio,,DSM,needs-answer,,
5414,419496,257859,select-list,multi,,,,,,,
5414,419496,235956,select-list,multi,,,,,,,
5415,415992,258263,free-response,multi,,,,,,,
5415,415992,243167,multiple-choice,single,obsidian-quiz-blocks,radio,c,DSM,converted-and-verified,image-id,answer-image-id-1
5415,415996,243168,free-response,multi,,,,,,,
5415,415996,258096,free-response,multi,,,,,,,
5415,415999,258300,multiple-choice,single,obsidian-quiz-blocks,radio,b,DSM,converted-and-verified,image-id,answer-image-id-1
5415,415999,258287,multiple-choice,single,obsidian-quiz-blocks,radio,d,DSM,converted-and-verified,image-id,answer-image-id-1
5420,420720,258782,multiple-choice,single,obsidian-quiz-blocks,radio,d,DSM,converted-and-verified,image-id,answer-image-id-1
5420,420720,238162,multiple-choice,single,obsidian-quiz-blocks,radio,c,DSM,converted-and-verified,image-id,answer-image-id-1
5420,420723,259073,multiple-choice,single,obsidian-quiz-blocks,radio,b,DSM,converted-and-verified,image-id,answer-image-id-1
5420,420723,238163,multiple-choice,single,obsidian-quiz-blocks,radio,,DSM,needs-answer,,
5420,420727,238186,select-list,single,,,,,,,
5420,420727,259198,select-list,single,,,,,,,
5431,415644,256891,multiple-choice,single,obsidian-quiz-blocks,radio,,DSM,needs-answer,,
5431,415644,256902,multiple-choice,single,obsidian-quiz-blocks,radio,,DSM,needs-answer,,
5431,415648,257009,free-response,single,,,,,,,
5431,415648,257010,free-response,single,,,,,,,
5432,417554,259162,select-list,multi,,,,,,,
5432,417554,262091,select-list,multi,,,,,,,
5432,417557,259197,multiple-choice,single,obsidian-quiz-blocks,radio,,DSM,needs-answer,,
5432,417557,259157,multiple-choice,single,obsidian-quiz-blocks,radio,,DSM,needs-answer,,
5432,417560,259164,multiple-choice,single,obsidian-quiz-blocks,radio,,DSM,needs-answer,,
5432,417560,259301,select-list,multi,,,,,,,
5551,416924,259246,multiple-choice,single,obsidian-quiz-blocks,radio,,DSM,needs-answer,,
5551,416924,259254,multiple-choice,single,obsidian-quiz-blocks,radio,c,DSM,converted-and-verified,image-id,answer-image-id-1
5551,416927,262067,select-list,multi,,,,,,,
5551,416927,259257,select-list,multi,,,,,,,
5639,416027,241933,multiple-choice,single,obsidian-quiz-blocks,radio,b,DSM,converted-and-verified,image-id,answer-image-id-1
5639,416027,241934,free-response,single,,,,,,,
5639,416031,256932,free-response,single,,,,,,,
5639,416031,244618,free-response,single,,,,,,,
